{"type":"FeatureCollection","features":[{"type":"Feature","properties":{"kind":"porto","nome":"Porto de Paranaguá (d. Pedro Ii)","municipio":"Paranaguá","tipo":"porto graneleiro","cap_t":null},"geometry":{"type":"Point","coordinates":[-48.5148,-25.5021]}},{"type":"Feature","properties":{"kind":"armazem_conab","nome":"A B Comercio de Insumos Ltda","municipio":"Santa Terezinha de Itaipu","tipo":"Bateria de Silos","cap_t":21410},"geometry":{"type":"Point","coordinates":[-54.407,-25.453]}},{"type":"Feature","properties":{"kind":"armazem_conab","nome":"Lar Cooperativa Agroindustrial","municipio":"São Miguel do Iguaçu","tipo":"Graneleiro","cap_t":21640},"geometry":{"type":"Point","coordinates":[-54.362,-25.4268]}},{"type":"Feature","properties":{"kind":"armazem_conab","nome":"Lar Cooperativa Agroindustrial","municipio":"São Miguel do Iguaçu","tipo":"Graneleiro","cap_t":5510},"geometry":{"type":"Point","coordinates":[-54.362,-25.4264]}},{"type":"Feature","properties":{"kind":"armazem_conab","nome":"A B Comercio de Insumos Ltda","municipio":"Santa Helena","tipo":"Graneleiro","cap_t":4380},"geometry":{"type":"Point","coordinates":[-54.336,-24.8723]}},{"type":"Feature","properties":{"kind":"armazem_conab","nome":"Lar Cooperativa Agroindustrial","municipio":"São Miguel do Iguaçu","tipo":"Convencional","cap_t":11500},"geometry":{"type":"Point","coordinates":[-54.271,-25.3939]}},{"type":"Feature","properties":{"kind":"armazem_conab","nome":"Lar Cooperativa Agroindustrial","municipio":"Missal","tipo":"Graneleiro","cap_t":27580},"geometry":{"type":"Point","coordinates":[-54.232,-25.0999]}},{"type":"Feature","properties":{"kind":"armazem_conab","nome":"Ab Comercio de Insumos Ltda","municipio":"São Miguel do Iguaçu","tipo":"Bateria de Silos","cap_t":11790},"geometry":{"type":"Point","coordinates":[-54.204,-25.394]}},{"type":"Feature","properties":{"kind":"armazem_conab","nome":"Lar Cooperativa Agroindustrial","municipio":"Medianeira","tipo":"Graneleiro","cap_t":11830},"geometry":{"type":"Point","coordinates":[-54.099,-25.281]}},{"type":"Feature","properties":{"kind":"armazem_conab","nome":"Ivanir Martelli","municipio":"Medianeira","tipo":"Bateria de Silos","cap_t":5260},"geometry":{"type":"Point","coordinates":[-54.088,-25.3116]}},{"type":"Feature","properties":{"kind":"armazem_conab","nome":"Lar Cooperativa Agroindustrial","municipio":"Matelândia","tipo":"Bateria de Silos","cap_t":11840},"geometry":{"type":"Point","coordinates":[-53.951,-25.188]}},{"type":"Feature","properties":{"kind":"armazem_conab","nome":"Coagro Cooperativa Agroindustrial","municipio":"Capanema","tipo":"Bateria de Silos","cap_t":2600},"geometry":{"type":"Point","coordinates":[-53.878,-25.6134]}},{"type":"Feature","properties":{"kind":"armazem_conab","nome":"Cerealista Tasca Ltda.","municipio":"Céu Azul","tipo":"Bateria de Silos","cap_t":13610},"geometry":{"type":"Point","coordinates":[-53.821,-25.1258]}},{"type":"Feature","properties":{"kind":"armazem_conab","nome":"Coagro Cooperativa Agroindustrial","municipio":"Capanema","tipo":"Bateria de Silos","cap_t":4090},"geometry":{"type":"Point","coordinates":[-53.802,-25.6554]}},{"type":"Feature","properties":{"kind":"armazem_conab","nome":"Coagro Cooperativa Agroindustrial","municipio":"Capanema","tipo":"Silo","cap_t":2820},"geometry":{"type":"Point","coordinates":[-53.802,-25.6539]}},{"type":"Feature","properties":{"kind":"armazem_conab","nome":"R. Boaro e Cia Ltda","municipio":"Capanema","tipo":"Bateria de Silos","cap_t":2440},"geometry":{"type":"Point","coordinates":[-53.786,-25.688]}},{"type":"Feature","properties":{"kind":"armazem_conab","nome":"R. Boaro e Cia Ltda","municipio":"Capanema","tipo":"Silo","cap_t":1900},"geometry":{"type":"Point","coordinates":[-53.786,-25.688]}},{"type":"Feature","properties":{"kind":"armazem_conab","nome":"Copacol - Coop Agroindustrial Consolata","municipio":"Planalto","tipo":"Bateria de Silos","cap_t":11920},"geometry":{"type":"Point","coordinates":[-53.772,-25.7093]}},{"type":"Feature","properties":{"kind":"armazem_conab","nome":"Comércio de Defensivos Codecruz Ltda","municipio":"Pranchita","tipo":"Bateria de Silos","cap_t":16590},"geometry":{"type":"Point","coordinates":[-53.731,-26.0316]}},{"type":"Feature","properties":{"kind":"armazem_conab","nome":"Talita Industria de Farinhas Ltda","municipio":"Santo Antônio do Sudoeste","tipo":"Bateria de Silos","cap_t":5520},"geometry":{"type":"Point","coordinates":[-53.725,-26.0555]}},{"type":"Feature","properties":{"kind":"armazem_conab","nome":"Coagro Cooperativa Agroindustrial","municipio":"Bela Vista da Caroba","tipo":"Graneleiro","cap_t":1880},"geometry":{"type":"Point","coordinates":[-53.666,-25.8734]}},{"type":"Feature","properties":{"kind":"armazem_conab","nome":"Coagro Cooperativa Agroindustrial","municipio":"Bela Vista da Caroba","tipo":"Bateria de Silos","cap_t":8440},"geometry":{"type":"Point","coordinates":[-53.665,-25.87368]}},{"type":"Feature","properties":{"kind":"armazem_conab","nome":"Irmãos Sirtoli Ltda","municipio":"Planalto","tipo":"Convencional","cap_t":420},"geometry":{"type":"Point","coordinates":[-53.662,-25.7762]}},{"type":"Feature","properties":{"kind":"armazem_conab","nome":"Insuagro Insumos Agricolas Ltda","municipio":"Realeza","tipo":"Bateria de Silos","cap_t":9770},"geometry":{"type":"Point","coordinates":[-53.544,-25.7308]}},{"type":"Feature","properties":{"kind":"armazem_conab","nome":"Irineu Sanchez de Almeida","municipio":"Querência do Norte","tipo":"Graneleiro","cap_t":570},"geometry":{"type":"Point","coordinates":[-53.494,-23.0931]}},{"type":"Feature","properties":{"kind":"armazem_conab","nome":"Bocchi Agronegocios & Cia Ltda","municipio":"Santa Izabel do Oeste","tipo":"Bateria de Silos","cap_t":24330},"geometry":{"type":"Point","coordinates":[-53.492,-25.8093]}},{"type":"Feature","properties":{"kind":"armazem_conab","nome":"Bocchi Agronegocios & Cia Ltda","municipio":"Santa Izabel do Oeste","tipo":"Convencional","cap_t":16820},"geometry":{"type":"Point","coordinates":[-53.492,-25.8085]}},{"type":"Feature","properties":{"kind":"armazem_conab","nome":"Cooperativa de Comerc.e Reforma Agraria Avante Ltda","municipio":"Querência do Norte","tipo":"Convencional","cap_t":830},"geometry":{"type":"Point","coordinates":[-53.285,-23.0542]}},{"type":"Feature","properties":{"kind":"armazem_conab","nome":"Coasul Cooperativa Agroindustrial","municipio":"Dois Vizinhos","tipo":"Bateria de Silos","cap_t":30620},"geometry":{"type":"Point","coordinates":[-53.086,-25.73005]}},{"type":"Feature","properties":{"kind":"armazem_conab","nome":"Goioarroz Com e Benef de Arroz Ltda","municipio":"Goioerê","tipo":"Bateria de Silos","cap_t":3000},"geometry":{"type":"Point","coordinates":[-53.042,-24.1889]}},{"type":"Feature","properties":{"kind":"armazem_conab","nome":"Feclops-fecularia Lopes Ltda","municipio":"Nova Londrina","tipo":"Convencional","cap_t":2180},"geometry":{"type":"Point","coordinates":[-53.009,-22.7492]}},{"type":"Feature","properties":{"kind":"armazem_conab","nome":"Luleana Alimentos Eirelli","municipio":"Planaltina do Paraná","tipo":"Convencional","cap_t":3940},"geometry":{"type":"Point","coordinates":[-52.931,-23.0195]}},{"type":"Feature","properties":{"kind":"armazem_conab","nome":"Coasul Cooperativa Agroindustrial","municipio":"São João","tipo":"Graneleiro","cap_t":33350},"geometry":{"type":"Point","coordinates":[-52.728,-25.83579]}},{"type":"Feature","properties":{"kind":"armazem_conab","nome":"Yoki Alimentos S/a","municipio":"Paranavaí","tipo":"Convencional","cap_t":910},"geometry":{"type":"Point","coordinates":[-52.616,-23.0853]}},{"type":"Feature","properties":{"kind":"armazem_conab","nome":"Coamo Agroindustrial Cooperativa","municipio":"Mamborê","tipo":"Graneleiro","cap_t":32000},"geometry":{"type":"Point","coordinates":[-52.529,-24.32295]}},{"type":"Feature","properties":{"kind":"armazem_conab","nome":"Francisco Soares Rorato","municipio":"Roncador","tipo":"Convencional","cap_t":1350},"geometry":{"type":"Point","coordinates":[-52.365,-24.5846]}},{"type":"Feature","properties":{"kind":"armazem_conab","nome":"Rodolpho Luiz Werneck Botelho","municipio":"Candói","tipo":"Bateria de Silos","cap_t":5890},"geometry":{"type":"Point","coordinates":[-51.846,-25.39305]}},{"type":"Feature","properties":{"kind":"armazem_conab","nome":"Belagricola Comercio e Representacoes de Produtos Agricolas S.a.","municipio":"Lupionópolis","tipo":"Bateria de Silos","cap_t":11210},"geometry":{"type":"Point","coordinates":[-51.659,-22.78488]}},{"type":"Feature","properties":{"kind":"armazem_conab","nome":"Deodoro Araujo Marcondes","municipio":"Guarapuava","tipo":"Bateria de Silos","cap_t":4080},"geometry":{"type":"Point","coordinates":[-51.566,-25.24713]}},{"type":"Feature","properties":{"kind":"armazem_conab","nome":"G. Otto & Cia Ltda","municipio":"Cruz Machado","tipo":"Silo","cap_t":1650},"geometry":{"type":"Point","coordinates":[-51.352,-26.01588]}},{"type":"Feature","properties":{"kind":"armazem_conab","nome":"Cocari - Cooperativa Agropecuaria e Industrial","municipio":"Marilândia do Sul","tipo":"Graneleiro","cap_t":12560},"geometry":{"type":"Point","coordinates":[-51.225,-23.8967]}},{"type":"Feature","properties":{"kind":"armazem_conab","nome":"João Ivo Schmulek","municipio":"Prudentópolis","tipo":"Silo","cap_t":680},"geometry":{"type":"Point","coordinates":[-50.929,-25.3521]}},{"type":"Feature","properties":{"kind":"armazem_conab","nome":"Joao Alberto Piedade Pucci","municipio":"Ortigueira","tipo":"Bateria de Silos","cap_t":2290},"geometry":{"type":"Point","coordinates":[-50.754,-24.2001]}},{"type":"Feature","properties":{"kind":"armazem_conab","nome":"Belagricola Comercio e Representacoes de Produtos Agricolas S.a.","municipio":"Imbituva","tipo":"Bateria de Silos","cap_t":35540},"geometry":{"type":"Point","coordinates":[-50.674,-25.1802]}},{"type":"Feature","properties":{"kind":"armazem_conab","nome":"Ind. Com. de Madeiras Jocler Ltda","municipio":"Imbituva","tipo":"Bateria de Silos","cap_t":7280},"geometry":{"type":"Point","coordinates":[-50.597,-25.1974]}},{"type":"Feature","properties":{"kind":"armazem_conab","nome":"Cerealista Agro Blum Ltda","municipio":"Ipiranga","tipo":"Bateria de Silos","cap_t":3910},"geometry":{"type":"Point","coordinates":[-50.588,-25.0256]}},{"type":"Feature","properties":{"kind":"armazem_conab","nome":"Sitio Alvorada Com. e Benef. de Cereais Ltda","municipio":"Imbituva","tipo":"Graneleiro","cap_t":4390},"geometry":{"type":"Point","coordinates":[-50.539,-25.1577]}},{"type":"Feature","properties":{"kind":"armazem_conab","nome":"Frisia Cooperativa Agroindustrial","municipio":"Tibagi","tipo":"Bateria de Silos","cap_t":1090},"geometry":{"type":"Point","coordinates":[-50.418,-24.5068]}},{"type":"Feature","properties":{"kind":"armazem_conab","nome":"Hiroyuki Yasuda","municipio":"Tibagi","tipo":"Bateria de Silos","cap_t":1210},"geometry":{"type":"Point","coordinates":[-50.397,-24.9127]}},{"type":"Feature","properties":{"kind":"armazem_conab","nome":"Belagricola Comercio e Representacoes de Produtos Agricolas S.a.","municipio":"Teixeira Soares","tipo":"Bateria de Silos","cap_t":35600},"geometry":{"type":"Point","coordinates":[-50.377,-25.344]}},{"type":"Feature","properties":{"kind":"armazem_conab","nome":"Douglas Fanchin Taques Fonseca","municipio":"Tibagi","tipo":"Convencional","cap_t":1700},"geometry":{"type":"Point","coordinates":[-50.374,-24.644]}},{"type":"Feature","properties":{"kind":"armazem_conab","nome":"Douglas Fanchin Taques Fonseca","municipio":"Tibagi","tipo":"Bateria de Silos","cap_t":8560},"geometry":{"type":"Point","coordinates":[-50.374,-24.644]}},{"type":"Feature","properties":{"kind":"armazem_conab","nome":"Cooperativa Agricola Mista de Ponta Grossa","municipio":"Ponta Grossa","tipo":"Bateria de Silos","cap_t":11660},"geometry":{"type":"Point","coordinates":[-50.141,-25.147]}},{"type":"Feature","properties":{"kind":"armazem_conab","nome":"Companhia Nacional de Abastecimento Conab","municipio":"Ponta Grossa","tipo":"Graneleiro","cap_t":75000},"geometry":{"type":"Point","coordinates":[-50.062,-25.22128]}},{"type":"Feature","properties":{"kind":"armazem_conab","nome":"I M Dib & Cia Ltda","municipio":"Sengés","tipo":"Bateria de Silos","cap_t":5330},"geometry":{"type":"Point","coordinates":[-49.507,-24.11491]}},{"type":"Feature","properties":{"kind":"armazem_conab","nome":"Lar Cooperativa Agroindustrial","municipio":"Foz do Iguaçu","tipo":"Bateria de Silos","cap_t":4680},"geometry":{"type":"Point","coordinates":[-54.5228,-25.4972]}},{"type":"Feature","properties":{"kind":"armazem_conab","nome":"Lar Cooperativa Agroindustrial","municipio":"Foz do Iguaçu","tipo":"Graneleiro","cap_t":3920},"geometry":{"type":"Point","coordinates":[-54.5221,-25.4973]}},{"type":"Feature","properties":{"kind":"armazem_conab","nome":"Cereais Iguacu Ltda","municipio":"Foz do Iguaçu","tipo":"Convencional","cap_t":540},"geometry":{"type":"Point","coordinates":[-54.5212,-25.4973]}},{"type":"Feature","properties":{"kind":"armazem_conab","nome":"Transli Armazens Gerais e Logistica Ltda","municipio":"Foz do Iguaçu","tipo":"Convencional","cap_t":5270},"geometry":{"type":"Point","coordinates":[-54.4969,-25.4832]}},{"type":"Feature","properties":{"kind":"armazem_conab","nome":"Lar Cooperativa Agroindustrial","municipio":"Santa Terezinha de Itaipu","tipo":"Bateria de Silos","cap_t":38470},"geometry":{"type":"Point","coordinates":[-54.4214,-25.4377]}},{"type":"Feature","properties":{"kind":"armazem_conab","nome":"Flavio Maia Cardoso","municipio":"Santa Terezinha de Itaipu","tipo":"Bateria de Silos","cap_t":5270},"geometry":{"type":"Point","coordinates":[-54.4212,-25.4022]}},{"type":"Feature","properties":{"kind":"armazem_conab","nome":"Disam Distribuidora de Insumos Agricolas Sul America Ltda","municipio":"Santa Terezinha de Itaipu","tipo":"Bateria de Silos","cap_t":16140},"geometry":{"type":"Point","coordinates":[-54.4203,-25.4325]}},{"type":"Feature","properties":{"kind":"armazem_conab","nome":"Moinho Itaipu S/a","municipio":"Santa Terezinha de Itaipu","tipo":"Bateria de Silos","cap_t":12470},"geometry":{"type":"Point","coordinates":[-54.4079,-25.4506]}},{"type":"Feature","properties":{"kind":"armazem_conab","nome":"Moinho Itaipu S/a","municipio":"Santa Terezinha de Itaipu","tipo":"Graneleiro","cap_t":14310},"geometry":{"type":"Point","coordinates":[-54.4077,-25.4518]}},{"type":"Feature","properties":{"kind":"armazem_conab","nome":"Lar Cooperativa Agroindustrial","municipio":"São Miguel do Iguaçu","tipo":"Bateria de Silos","cap_t":12160},"geometry":{"type":"Point","coordinates":[-54.3617,-25.4271]}},{"type":"Feature","properties":{"kind":"armazem_conab","nome":"Lar Cooperativa Agroindustrial","municipio":"São Miguel do Iguaçu","tipo":"Graneleiro","cap_t":51410},"geometry":{"type":"Point","coordinates":[-54.3611,-25.4273]}},{"type":"Feature","properties":{"kind":"armazem_conab","nome":"Lar Cooperativa Agroindustrial","municipio":"Santa Helena","tipo":"Bateria de Silos","cap_t":16390},"geometry":{"type":"Point","coordinates":[-54.3446,-24.8719]}},{"type":"Feature","properties":{"kind":"armazem_conab","nome":"Lar Cooperativa Agroindustrial","municipio":"Santa Helena","tipo":"Graneleiro","cap_t":11160},"geometry":{"type":"Point","coordinates":[-54.3434,-24.8722]}},{"type":"Feature","properties":{"kind":"armazem_conab","nome":"Lar Cooperativa Agroindustrial","municipio":"Santa Helena","tipo":"Graneleiro","cap_t":29150},"geometry":{"type":"Point","coordinates":[-54.3431,-24.8719]}},{"type":"Feature","properties":{"kind":"armazem_conab","nome":"A B Comercio de Insumos Ltda","municipio":"São Miguel do Iguaçu","tipo":"Bateria de Silos","cap_t":5410},"geometry":{"type":"Point","coordinates":[-54.3395,-25.3412]}},{"type":"Feature","properties":{"kind":"armazem_conab","nome":"A B Comercio de Insumos Ltda","municipio":"São Miguel do Iguaçu","tipo":"Graneleiro","cap_t":1090},"geometry":{"type":"Point","coordinates":[-54.3394,-25.3409]}},{"type":"Feature","properties":{"kind":"armazem_conab","nome":"A B Comercio de Insumos Ltda","municipio":"Santa Helena","tipo":"Bateria de Silos","cap_t":13840},"geometry":{"type":"Point","coordinates":[-54.3362,-24.8729]}},{"type":"Feature","properties":{"kind":"armazem_conab","nome":"Lar Cooperativa Agroindustrial","municipio":"Itaipulândia","tipo":"Bateria de Silos","cap_t":7670},"geometry":{"type":"Point","coordinates":[-54.3207,-25.1352]}},{"type":"Feature","properties":{"kind":"armazem_conab","nome":"Cooperativa Agroindustrial Copagril","municipio":"Santa Helena","tipo":"Bateria de Silos","cap_t":3470},"geometry":{"type":"Point","coordinates":[-54.3096,-24.7997]}},{"type":"Feature","properties":{"kind":"armazem_conab","nome":"Disam Distribuidora de Insumos Agricolas Sul America Ltda","municipio":"Santa Helena","tipo":"Bateria de Silos","cap_t":10650},"geometry":{"type":"Point","coordinates":[-54.3063,-24.9284]}},{"type":"Feature","properties":{"kind":"armazem_conab","nome":"I. Riedi & Cia. Ltda.","municipio":"Santa Helena","tipo":"Bateria de Silos","cap_t":6900},"geometry":{"type":"Point","coordinates":[-54.2904,-24.973]}},{"type":"Feature","properties":{"kind":"armazem_conab","nome":"Lar Cooperativa Agroindustrial","municipio":"São Miguel do Iguaçu","tipo":"Bateria de Silos","cap_t":12030},"geometry":{"type":"Point","coordinates":[-54.2892,-25.2634]}},{"type":"Feature","properties":{"kind":"armazem_conab","nome":"Everesti Industria de Alimentos Ltda","municipio":"Itaipulândia","tipo":"Bateria de Silos","cap_t":2950},"geometry":{"type":"Point","coordinates":[-54.2822,-25.1539]}},{"type":"Feature","properties":{"kind":"armazem_conab","nome":"I. Riedi & Cia. Ltda.","municipio":"Itaipulândia","tipo":"Graneleiro","cap_t":15640},"geometry":{"type":"Point","coordinates":[-54.2818,-25.1531]}},{"type":"Feature","properties":{"kind":"armazem_conab","nome":"Disam Distribuidora de Insumos Agricolas Sul America Ltda","municipio":"São Miguel do Iguaçu","tipo":"Bateria de Silos","cap_t":36820},"geometry":{"type":"Point","coordinates":[-54.2797,-25.37]}},{"type":"Feature","properties":{"kind":"armazem_conab","nome":"Flávio Ernesto Andreolla","municipio":"Santa Helena","tipo":"Bateria de Silos","cap_t":2710},"geometry":{"type":"Point","coordinates":[-54.2759,-24.9214]}},{"type":"Feature","properties":{"kind":"armazem_conab","nome":"Agricola Horizonte Ltda","municipio":"Marechal Cândido Rondon","tipo":"Bateria de Silos","cap_t":3520},"geometry":{"type":"Point","coordinates":[-54.27581,-24.54191]}},{"type":"Feature","properties":{"kind":"armazem_conab","nome":"Lar Cooperativa Agroindustrial","municipio":"São Miguel do Iguaçu","tipo":"Bateria de Silos","cap_t":5740},"geometry":{"type":"Point","coordinates":[-54.2746,-25.3947]}},{"type":"Feature","properties":{"kind":"armazem_conab","nome":"Lar Cooperativa Agroindustrial","municipio":"São Miguel do Iguaçu","tipo":"Graneleiro","cap_t":3150},"geometry":{"type":"Point","coordinates":[-54.2741,-25.3946]}},{"type":"Feature","properties":{"kind":"armazem_conab","nome":"Lar Cooperativa Agroindustrial","municipio":"São Miguel do Iguaçu","tipo":"Graneleiro","cap_t":50880},"geometry":{"type":"Point","coordinates":[-54.2735,-25.3952]}},{"type":"Feature","properties":{"kind":"armazem_conab","nome":"Lar Cooperativa Agroindustrial","municipio":"São Miguel do Iguaçu","tipo":"Bateria de Silos","cap_t":1190},"geometry":{"type":"Point","coordinates":[-54.2723,-25.3943]}},{"type":"Feature","properties":{"kind":"armazem_conab","nome":"Disam Distribuidora de Insumos Agricolas Sul America Ltda","municipio":"Missal","tipo":"Bateria de Silos","cap_t":12190},"geometry":{"type":"Point","coordinates":[-54.2719,-25.0857]}},{"type":"Feature","properties":{"kind":"armazem_conab","nome":"Cooperativa Agroindustrial Copagril","municipio":"Guaíra","tipo":"Bateria de Silos","cap_t":5370},"geometry":{"type":"Point","coordinates":[-54.26117,-24.25585]}},{"type":"Feature","properties":{"kind":"armazem_conab","nome":"A B Comercio de Insumos Ltda","municipio":"Missal","tipo":"Bateria de Silos","cap_t":7070},"geometry":{"type":"Point","coordinates":[-54.2556,-25.0884]}},{"type":"Feature","properties":{"kind":"armazem_conab","nome":"Jorge Foellmer Rambo","municipio":"Entre Rios do Oeste","tipo":"Bateria de Silos","cap_t":16230},"geometry":{"type":"Point","coordinates":[-54.25127,-24.71362]}},{"type":"Feature","properties":{"kind":"armazem_conab","nome":"R Grasel e Cia Ltda","municipio":"Entre Rios do Oeste","tipo":"Bateria de Silos","cap_t":9620},"geometry":{"type":"Point","coordinates":[-54.24758,-24.71083]}},{"type":"Feature","properties":{"kind":"armazem_conab","nome":"R Grasel e Cia Ltda","municipio":"Entre Rios do Oeste","tipo":"Silo","cap_t":16010},"geometry":{"type":"Point","coordinates":[-54.24746,-24.71185]}},{"type":"Feature","properties":{"kind":"armazem_conab","nome":"I. Riedi & Cia. Ltda.","municipio":"São Miguel do Iguaçu","tipo":"Graneleiro","cap_t":12650},"geometry":{"type":"Point","coordinates":[-54.2466,-25.363]}},{"type":"Feature","properties":{"kind":"armazem_conab","nome":"I. Riedi & Cia. Ltda.","municipio":"São Miguel do Iguaçu","tipo":"Bateria de Silos","cap_t":16720},"geometry":{"type":"Point","coordinates":[-54.2462,-25.3628]}},{"type":"Feature","properties":{"kind":"armazem_conab","nome":"Arnildo Rieger","municipio":"Pato Bragado","tipo":"Bateria de Silos","cap_t":640},"geometry":{"type":"Point","coordinates":[-54.24407,-24.59818]}},{"type":"Feature","properties":{"kind":"armazem_conab","nome":"Cooperativa Agroindustrial Copagril","municipio":"Guaíra","tipo":"Graneleiro","cap_t":25000},"geometry":{"type":"Point","coordinates":[-54.24143,-24.09177]}},{"type":"Feature","properties":{"kind":"armazem_conab","nome":"Cooperativa Agroindustrial Copagril","municipio":"Guaíra","tipo":"Graneleiro","cap_t":12930},"geometry":{"type":"Point","coordinates":[-54.24123,-24.09215]}},{"type":"Feature","properties":{"kind":"armazem_conab","nome":"Cooperativa Agroindustrial Copagril","municipio":"Entre Rios do Oeste","tipo":"Graneleiro","cap_t":14980},"geometry":{"type":"Point","coordinates":[-54.24071,-24.70882]}},{"type":"Feature","properties":{"kind":"armazem_conab","nome":"Cooperativa Agroindustrial Copagril","municipio":"Entre Rios do Oeste","tipo":"Graneleiro","cap_t":20224},"geometry":{"type":"Point","coordinates":[-54.24065,-24.70844]}},{"type":"Feature","properties":{"kind":"armazem_conab","nome":"Lar Cooperativa Agroindustrial","municipio":"Entre Rios do Oeste","tipo":"Bateria de Silos","cap_t":30790},"geometry":{"type":"Point","coordinates":[-54.24016,-24.71147]}},{"type":"Feature","properties":{"kind":"armazem_conab","nome":"C.vale - Cooperativa Agroindustrial","municipio":"Guaíra","tipo":"Graneleiro","cap_t":25770},"geometry":{"type":"Point","coordinates":[-54.23966,-24.09034]}},{"type":"Feature","properties":{"kind":"armazem_conab","nome":"Integrada Cooperativa Agroindustrial","municipio":"Guaíra","tipo":"Graneleiro","cap_t":18000},"geometry":{"type":"Point","coordinates":[-54.23716,-24.09921]}},{"type":"Feature","properties":{"kind":"armazem_conab","nome":"Lar Cooperativa Agroindustrial","municipio":"São Miguel do Iguaçu","tipo":"Silo","cap_t":2700},"geometry":{"type":"Point","coordinates":[-54.2356,-25.3549]}},{"type":"Feature","properties":{"kind":"armazem_conab","nome":"A B Comercio de Insumos Ltda","municipio":"Entre Rios do Oeste","tipo":"Bateria de Silos","cap_t":7230},"geometry":{"type":"Point","coordinates":[-54.2348,-24.70975]}},{"type":"Feature","properties":{"kind":"armazem_conab","nome":"Lar Cooperativa Agroindustrial","municipio":"São Miguel do Iguaçu","tipo":"Graneleiro","cap_t":27030},"geometry":{"type":"Point","coordinates":[-54.2344,-25.3557]}},{"type":"Feature","properties":{"kind":"armazem_conab","nome":"Lar Cooperativa Agroindustrial","municipio":"Missal","tipo":"Bateria de Silos","cap_t":3960},"geometry":{"type":"Point","coordinates":[-54.2319,-25.0994]}},{"type":"Feature","properties":{"kind":"armazem_conab","nome":"Lar Cooperativa Agroindustrial","municipio":"Santa Helena","tipo":"Bateria de Silos","cap_t":17060},"geometry":{"type":"Point","coordinates":[-54.2297,-24.9994]}},{"type":"Feature","properties":{"kind":"armazem_conab","nome":"Adalberto Boff Cardoso","municipio":"Itaipulândia","tipo":"Bateria de Silos","cap_t":3340},"geometry":{"type":"Point","coordinates":[-54.2222,-25.2166]}},{"type":"Feature","properties":{"kind":"armazem_conab","nome":"Adalberto Boff Cardoso","municipio":"Itaipulândia","tipo":"Graneleiro","cap_t":1930},"geometry":{"type":"Point","coordinates":[-54.2219,-25.2166]}},{"type":"Feature","properties":{"kind":"armazem_conab","nome":"Disam Distribuidora de Insumos Agricolas Sul America Ltda","municipio":"São Miguel do Iguaçu","tipo":"Graneleiro","cap_t":1650},"geometry":{"type":"Point","coordinates":[-54.2073,-25.399]}},{"type":"Feature","properties":{"kind":"armazem_conab","nome":"Disam Distribuidora de Insumos Agricolas Sul America Ltda","municipio":"São Miguel do Iguaçu","tipo":"Bateria de Silos","cap_t":4010},"geometry":{"type":"Point","coordinates":[-54.2073,-25.3987]}},{"type":"Feature","properties":{"kind":"armazem_conab","nome":"Ab Comercio de Insumos Ltda","municipio":"São Miguel do Iguaçu","tipo":"Graneleiro","cap_t":2430},"geometry":{"type":"Point","coordinates":[-54.2041,-25.3937]}},{"type":"Feature","properties":{"kind":"armazem_conab","nome":"I. Riedi & Cia. Ltda.","municipio":"Guaíra","tipo":"Bateria de Silos","cap_t":19920},"geometry":{"type":"Point","coordinates":[-54.20378,-24.19847]}},{"type":"Feature","properties":{"kind":"armazem_conab","nome":"Agricola Horizonte Ltda","municipio":"Marechal Cândido Rondon","tipo":"Bateria de Silos","cap_t":5270},"geometry":{"type":"Point","coordinates":[-54.20191,-24.57301]}},{"type":"Feature","properties":{"kind":"armazem_conab","nome":"Cooperativa Agroindustrial Copagril","municipio":"Marechal Cândido Rondon","tipo":"Bateria de Silos","cap_t":3840},"geometry":{"type":"Point","coordinates":[-54.1703,-24.64464]}},{"type":"Feature","properties":{"kind":"armazem_conab","nome":"Cooperativa Agroindustrial Copagril","municipio":"Marechal Cândido Rondon","tipo":"Bateria de Silos","cap_t":22030},"geometry":{"type":"Point","coordinates":[-54.16976,-24.64473]}},{"type":"Feature","properties":{"kind":"armazem_conab","nome":"José Takara Martorelli","municipio":"Terra Roxa","tipo":"Bateria de Silos","cap_t":960},"geometry":{"type":"Point","coordinates":[-54.16336,-24.24722]}},{"type":"Feature","properties":{"kind":"armazem_conab","nome":"Friella Agroindustrial Ltda","municipio":"Medianeira","tipo":"Bateria de Silos","cap_t":5740},"geometry":{"type":"Point","coordinates":[-54.1617,-25.3176]}},{"type":"Feature","properties":{"kind":"armazem_conab","nome":"Integrada Cooperativa Agroindustrial","municipio":"Guaíra","tipo":"Bateria de Silos","cap_t":14090},"geometry":{"type":"Point","coordinates":[-54.16023,-24.31471]}},{"type":"Feature","properties":{"kind":"armazem_conab","nome":"Cooperativa Agroindustrial Copagril","municipio":"Mercedes","tipo":"Bateria de Silos","cap_t":4070},"geometry":{"type":"Point","coordinates":[-54.15995,-24.46352]}},{"type":"Feature","properties":{"kind":"armazem_conab","nome":"Cooperativa Agroindustrial Copagril","municipio":"Mercedes","tipo":"Silo","cap_t":6200},"geometry":{"type":"Point","coordinates":[-54.15936,-24.46379]}},{"type":"Feature","properties":{"kind":"armazem_conab","nome":"Agricola Horizonte Ltda","municipio":"Mercedes","tipo":"Bateria de Silos","cap_t":3670},"geometry":{"type":"Point","coordinates":[-54.15088,-24.46507]}},{"type":"Feature","properties":{"kind":"armazem_conab","nome":"Cooperativa Agroindustrial Copagril","municipio":"Guaíra","tipo":"Bateria de Silos","cap_t":14600},"geometry":{"type":"Point","coordinates":[-54.15037,-24.29963]}},{"type":"Feature","properties":{"kind":"armazem_conab","nome":"C.vale - Cooperativa Agroindustrial","municipio":"Terra Roxa","tipo":"Bateria de Silos","cap_t":2550},"geometry":{"type":"Point","coordinates":[-54.14047,-24.32684]}},{"type":"Feature","properties":{"kind":"armazem_conab","nome":"Integrada Cooperativa Agroindustrial","municipio":"Mercedes","tipo":"Bateria de Silos","cap_t":9210},"geometry":{"type":"Point","coordinates":[-54.14025,-24.47089]}},{"type":"Feature","properties":{"kind":"armazem_conab","nome":"Jackson Marcos Lucimo e Outros","municipio":"Mercedes","tipo":"Bateria de Silos","cap_t":12360},"geometry":{"type":"Point","coordinates":[-54.13789,-24.47485]}},{"type":"Feature","properties":{"kind":"armazem_conab","nome":"Ilário Edgar Bomm","municipio":"Terra Roxa","tipo":"Bateria de Silos","cap_t":8040},"geometry":{"type":"Point","coordinates":[-54.13782,-24.22042]}},{"type":"Feature","properties":{"kind":"armazem_conab","nome":"Lar Cooperativa Agroindustrial","municipio":"Diamante D'Oeste","tipo":"Bateria de Silos","cap_t":3140},"geometry":{"type":"Point","coordinates":[-54.10938,-24.94261]}},{"type":"Feature","properties":{"kind":"armazem_conab","nome":"C.vale - Cooperativa Agroindustrial","municipio":"Terra Roxa","tipo":"Graneleiro","cap_t":6380},"geometry":{"type":"Point","coordinates":[-54.10572,-24.16636]}},{"type":"Feature","properties":{"kind":"armazem_conab","nome":"C.vale - Cooperativa Agroindustrial","municipio":"Terra Roxa","tipo":"Bateria de Silos","cap_t":11250},"geometry":{"type":"Point","coordinates":[-54.1051,-24.16705]}},{"type":"Feature","properties":{"kind":"armazem_conab","nome":"C.vale - Cooperativa Agroindustrial","municipio":"Terra Roxa","tipo":"Graneleiro","cap_t":5520},"geometry":{"type":"Point","coordinates":[-54.1049,-24.16681]}},{"type":"Feature","properties":{"kind":"armazem_conab","nome":"Heriton Siqueira Fanhani","municipio":"Terra Roxa","tipo":"Convencional","cap_t":1760},"geometry":{"type":"Point","coordinates":[-54.10203,-24.1552]}},{"type":"Feature","properties":{"kind":"armazem_conab","nome":"Heriton Siqueira Fanhani","municipio":"Terra Roxa","tipo":"Graneleiro","cap_t":5590},"geometry":{"type":"Point","coordinates":[-54.10181,-24.15554]}},{"type":"Feature","properties":{"kind":"armazem_conab","nome":"I. Riedi & Cia. Ltda.","municipio":"Terra Roxa","tipo":"Bateria de Silos","cap_t":8040},"geometry":{"type":"Point","coordinates":[-54.10125,-24.1621]}},{"type":"Feature","properties":{"kind":"armazem_conab","nome":"Hiper Graos Comercio de Alimentos Ltda","municipio":"Diamante D'Oeste","tipo":"Silo","cap_t":1400},"geometry":{"type":"Point","coordinates":[-54.10065,-24.94204]}},{"type":"Feature","properties":{"kind":"armazem_conab","nome":"Lar Cooperativa Agroindustrial","municipio":"Medianeira","tipo":"Graneleiro","cap_t":27880},"geometry":{"type":"Point","coordinates":[-54.0991,-25.2807]}},{"type":"Feature","properties":{"kind":"armazem_conab","nome":"Lar Cooperativa Agroindustrial","municipio":"Medianeira","tipo":"Bateria de Silos","cap_t":17060},"geometry":{"type":"Point","coordinates":[-54.0989,-25.2813]}},{"type":"Feature","properties":{"kind":"armazem_conab","nome":"I. Riedi & Cia. Ltda.","municipio":"Medianeira","tipo":"Bateria de Silos","cap_t":5400},"geometry":{"type":"Point","coordinates":[-54.0924,-25.3057]}},{"type":"Feature","properties":{"kind":"armazem_conab","nome":"Nei Luis Basso","municipio":"Terra Roxa","tipo":"Bateria de Silos","cap_t":3490},"geometry":{"type":"Point","coordinates":[-54.08562,-24.35344]}},{"type":"Feature","properties":{"kind":"armazem_conab","nome":"Shb Comercio e Industria de Alimentos S.a.","municipio":"Medianeira","tipo":"Graneleiro","cap_t":9370},"geometry":{"type":"Point","coordinates":[-54.0767,-25.3007]}},{"type":"Feature","properties":{"kind":"armazem_conab","nome":"Shb Comercio e Industria de Alimentos S.a.","municipio":"Medianeira","tipo":"Graneleiro","cap_t":9370},"geometry":{"type":"Point","coordinates":[-54.0766,-25.2998]}},{"type":"Feature","properties":{"kind":"armazem_conab","nome":"Cooperativa Agroindustrial Copagril","municipio":"São José das Palmeiras","tipo":"Bateria de Silos","cap_t":4620},"geometry":{"type":"Point","coordinates":[-54.07107,-24.83248]}},{"type":"Feature","properties":{"kind":"armazem_conab","nome":"C.vale - Cooperativa Agroindustrial","municipio":"Terra Roxa","tipo":"Bateria de Silos","cap_t":22750},"geometry":{"type":"Point","coordinates":[-54.07004,-24.21705]}},{"type":"Feature","properties":{"kind":"armazem_conab","nome":"Lar Cooperativa Agroindustrial","municipio":"Serranópolis do Iguaçu","tipo":"Bateria de Silos","cap_t":19540},"geometry":{"type":"Point","coordinates":[-54.0562,-25.3904]}},{"type":"Feature","properties":{"kind":"armazem_conab","nome":"Lar Cooperativa Agroindustrial","municipio":"Serranópolis do Iguaçu","tipo":"Bateria de Silos","cap_t":2090},"geometry":{"type":"Point","coordinates":[-54.0557,-25.3902]}},{"type":"Feature","properties":{"kind":"armazem_conab","nome":"Agricola Horizonte Ltda","municipio":"Marechal Cândido Rondon","tipo":"Bateria de Silos","cap_t":7810},"geometry":{"type":"Point","coordinates":[-54.05047,-24.56592]}},{"type":"Feature","properties":{"kind":"armazem_conab","nome":"Cooperativa Agroindustrial Copagril","municipio":"Marechal Cândido Rondon","tipo":"Graneleiro","cap_t":20910},"geometry":{"type":"Point","coordinates":[-54.05043,-24.5452]}},{"type":"Feature","properties":{"kind":"armazem_conab","nome":"Cooperativa Agroindustrial Copagril","municipio":"Marechal Cândido Rondon","tipo":"Graneleiro","cap_t":20440},"geometry":{"type":"Point","coordinates":[-54.05043,-24.5452]}},{"type":"Feature","properties":{"kind":"armazem_conab","nome":"Cooperativa Agroindustrial Copagril","municipio":"Marechal Cândido Rondon","tipo":"Graneleiro","cap_t":31080},"geometry":{"type":"Point","coordinates":[-54.05043,-24.5452]}},{"type":"Feature","properties":{"kind":"armazem_conab","nome":"Cooperativa Agroindustrial Copagril","municipio":"Marechal Cândido Rondon","tipo":"Graneleiro","cap_t":25940},"geometry":{"type":"Point","coordinates":[-54.05039,-24.54521]}},{"type":"Feature","properties":{"kind":"armazem_conab","nome":"Cooperativa Agroindustrial Copagril","municipio":"Marechal Cândido Rondon","tipo":"Bateria de Silos","cap_t":1920},"geometry":{"type":"Point","coordinates":[-54.04975,-24.54061]}},{"type":"Feature","properties":{"kind":"armazem_conab","nome":"Cooperativa Agroindustrial Copagril","municipio":"Marechal Cândido Rondon","tipo":"Graneleiro","cap_t":13820},"geometry":{"type":"Point","coordinates":[-54.04937,-24.54055]}},{"type":"Feature","properties":{"kind":"armazem_conab","nome":"Agricola Horizonte Ltda","municipio":"Marechal Cândido Rondon","tipo":"Bateria de Silos","cap_t":10750},"geometry":{"type":"Point","coordinates":[-54.04924,-24.56584]}},{"type":"Feature","properties":{"kind":"armazem_conab","nome":"Agricola Horizonte Ltda","municipio":"Marechal Cândido Rondon","tipo":"Convencional","cap_t":1940},"geometry":{"type":"Point","coordinates":[-54.04896,-24.56477]}},{"type":"Feature","properties":{"kind":"armazem_conab","nome":"Agricola Horizonte Ltda","municipio":"Marechal Cândido Rondon","tipo":"Bateria de Silos","cap_t":38010},"geometry":{"type":"Point","coordinates":[-54.04819,-24.56569]}},{"type":"Feature","properties":{"kind":"armazem_conab","nome":"A B Comercio de Insumos Ltda","municipio":"Serranópolis do Iguaçu","tipo":"Bateria de Silos","cap_t":8210},"geometry":{"type":"Point","coordinates":[-54.0462,-25.402]}},{"type":"Feature","properties":{"kind":"armazem_conab","nome":"Cooperativa Agroindustrial Copagril","municipio":"Marechal Cândido Rondon","tipo":"Graneleiro","cap_t":30110},"geometry":{"type":"Point","coordinates":[-54.03435,-24.57274]}},{"type":"Feature","properties":{"kind":"armazem_conab","nome":"Cooperativa Agroindustrial Copagril","municipio":"Marechal Cândido Rondon","tipo":"Graneleiro","cap_t":32099},"geometry":{"type":"Point","coordinates":[-54.03435,-24.57272]}},{"type":"Feature","properties":{"kind":"armazem_conab","nome":"Cooperativa Agroindustrial Copagril","municipio":"Marechal Cândido Rondon","tipo":"Bateria de Silos","cap_t":3540},"geometry":{"type":"Point","coordinates":[-54.03351,-24.57263]}},{"type":"Feature","properties":{"kind":"armazem_conab","nome":"I. Riedi & Cia. Ltda.","municipio":"Terra Roxa","tipo":"Bateria de Silos","cap_t":3410},"geometry":{"type":"Point","coordinates":[-54.01712,-24.37215]}},{"type":"Feature","properties":{"kind":"armazem_conab","nome":"I. Riedi & Cia. Ltda.","municipio":"Terra Roxa","tipo":"Graneleiro","cap_t":5400},"geometry":{"type":"Point","coordinates":[-54.0165,-24.37189]}},{"type":"Feature","properties":{"kind":"armazem_conab","nome":"C.vale - Cooperativa Agroindustrial","municipio":"Terra Roxa","tipo":"Graneleiro","cap_t":32110},"geometry":{"type":"Point","coordinates":[-54.00972,-24.3649]}},{"type":"Feature","properties":{"kind":"armazem_conab","nome":"C.vale - Cooperativa Agroindustrial","municipio":"Terra Roxa","tipo":"Silo","cap_t":5910},"geometry":{"type":"Point","coordinates":[-54.00967,-24.36449]}},{"type":"Feature","properties":{"kind":"armazem_conab","nome":"Fabricio Pereira Anzelli","municipio":"Ramilândia","tipo":"Bateria de Silos","cap_t":1360},"geometry":{"type":"Point","coordinates":[-53.9918,-25.1191]}},{"type":"Feature","properties":{"kind":"armazem_conab","nome":"C.vale - Cooperativa Agroindustrial","municipio":"Terra Roxa","tipo":"Convencional","cap_t":3208},"geometry":{"type":"Point","coordinates":[-53.98717,-24.19795]}},{"type":"Feature","properties":{"kind":"armazem_conab","nome":"Fecularia Subida Industria e Comércio Ltda","municipio":"Nova Santa Rosa","tipo":"Convencional","cap_t":2130},"geometry":{"type":"Point","coordinates":[-53.97808,-24.4281]}},{"type":"Feature","properties":{"kind":"armazem_conab","nome":"Coopavel Cooperativa Agroindustrial","municipio":"Vera Cruz do Oeste","tipo":"Bateria de Silos","cap_t":5690},"geometry":{"type":"Point","coordinates":[-53.9737,-24.9839]}},{"type":"Feature","properties":{"kind":"armazem_conab","nome":"Nutrigranos Comercial Ltda","municipio":"Matelândia","tipo":"Convencional","cap_t":1420},"geometry":{"type":"Point","coordinates":[-53.9733,-25.2422]}},{"type":"Feature","properties":{"kind":"armazem_conab","nome":"Jose Carlos Pennacchi e Outros","municipio":"Vera Cruz do Oeste","tipo":"Bateria de Silos","cap_t":9550},"geometry":{"type":"Point","coordinates":[-53.9716,-25.061]}},{"type":"Feature","properties":{"kind":"armazem_conab","nome":"I. Riedi & Cia. Ltda.","municipio":"Nova Santa Rosa","tipo":"Silo","cap_t":1860},"geometry":{"type":"Point","coordinates":[-53.95833,-24.46582]}},{"type":"Feature","properties":{"kind":"armazem_conab","nome":"Ilario Ecco e Outros","municipio":"Palotina","tipo":"Bateria de Silos","cap_t":33750},"geometry":{"type":"Point","coordinates":[-53.95794,-24.20236]}},{"type":"Feature","properties":{"kind":"armazem_conab","nome":"Coamo Agroindustrial Cooperativa","municipio":"Nova Santa Rosa","tipo":"Graneleiro","cap_t":17000},"geometry":{"type":"Point","coordinates":[-53.95667,-24.45658]}},{"type":"Feature","properties":{"kind":"armazem_conab","nome":"Coamo Agroindustrial Cooperativa","municipio":"Nova Santa Rosa","tipo":"Graneleiro","cap_t":10000},"geometry":{"type":"Point","coordinates":[-53.95631,-24.45641]}},{"type":"Feature","properties":{"kind":"armazem_conab","nome":"Lar Cooperativa Agroindustrial","municipio":"São Pedro do Iguaçu","tipo":"Bateria de Silos","cap_t":6680},"geometry":{"type":"Point","coordinates":[-53.94744,-24.87881]}},{"type":"Feature","properties":{"kind":"armazem_conab","nome":"Coamo Agroindustrial Cooperativa","municipio":"Toledo","tipo":"Bateria de Silos","cap_t":16160},"geometry":{"type":"Point","coordinates":[-53.94186,-24.61156]}},{"type":"Feature","properties":{"kind":"armazem_conab","nome":"C.vale - Cooperativa Agroindustrial","municipio":"Nova Santa Rosa","tipo":"Bateria de Silos","cap_t":12250},"geometry":{"type":"Point","coordinates":[-53.92678,-24.39154]}},{"type":"Feature","properties":{"kind":"armazem_conab","nome":"C.vale - Cooperativa Agroindustrial","municipio":"Nova Santa Rosa","tipo":"Graneleiro","cap_t":3600},"geometry":{"type":"Point","coordinates":[-53.92656,-24.39183]}},{"type":"Feature","properties":{"kind":"armazem_conab","nome":"C.vale - Cooperativa Agroindustrial","municipio":"Nova Santa Rosa","tipo":"Bateria de Silos","cap_t":1150},"geometry":{"type":"Point","coordinates":[-53.92628,-24.39159]}},{"type":"Feature","properties":{"kind":"armazem_conab","nome":"C.vale - Cooperativa Agroindustrial","municipio":"Palotina","tipo":"Bateria de Silos","cap_t":7810},"geometry":{"type":"Point","coordinates":[-53.91687,-24.18874]}},{"type":"Feature","properties":{"kind":"armazem_conab","nome":"C.vale - Cooperativa Agroindustrial","municipio":"Palotina","tipo":"Graneleiro","cap_t":4340},"geometry":{"type":"Point","coordinates":[-53.91686,-24.1887]}},{"type":"Feature","properties":{"kind":"armazem_conab","nome":"I. Riedi & Cia. Ltda.","municipio":"Céu Azul","tipo":"Graneleiro","cap_t":9000},"geometry":{"type":"Point","coordinates":[-53.9138,-25.1763]}},{"type":"Feature","properties":{"kind":"armazem_conab","nome":"Anelio Valentim Rotta","municipio":"Céu Azul","tipo":"Bateria de Silos","cap_t":580},"geometry":{"type":"Point","coordinates":[-53.9133,-25.1761]}},{"type":"Feature","properties":{"kind":"armazem_conab","nome":"Coamo Agroindustrial Cooperativa","municipio":"Toledo","tipo":"Graneleiro","cap_t":7960},"geometry":{"type":"Point","coordinates":[-53.91223,-24.68049]}},{"type":"Feature","properties":{"kind":"armazem_conab","nome":"Coamo Agroindustrial Cooperativa","municipio":"Toledo","tipo":"Bateria de Silos","cap_t":20260},"geometry":{"type":"Point","coordinates":[-53.91189,-24.68083]}},{"type":"Feature","properties":{"kind":"armazem_conab","nome":"Gozzi Agricola Ltda","municipio":"Ouro Verde do Oeste","tipo":"Bateria de Silos","cap_t":8520},"geometry":{"type":"Point","coordinates":[-53.90942,-24.77784]}},{"type":"Feature","properties":{"kind":"armazem_conab","nome":"Aleoeste Beneficiadora de Grãos Ltda","municipio":"Vera Cruz do Oeste","tipo":"Graneleiro","cap_t":6000},"geometry":{"type":"Point","coordinates":[-53.8978,-25.0377]}},{"type":"Feature","properties":{"kind":"armazem_conab","nome":"Coamo Agroindustrial Cooperativa","municipio":"Ouro Verde do Oeste","tipo":"Graneleiro","cap_t":16400},"geometry":{"type":"Point","coordinates":[-53.89416,-24.77692]}},{"type":"Feature","properties":{"kind":"armazem_conab","nome":"Agricola Horizonte Ltda","municipio":"Toledo","tipo":"Bateria de Silos","cap_t":2090},"geometry":{"type":"Point","coordinates":[-53.89334,-24.56497]}},{"type":"Feature","properties":{"kind":"armazem_conab","nome":"Cooatol Comercio de Insumos Agropecuarios Ltda.","municipio":"Toledo","tipo":"Graneleiro","cap_t":6000},"geometry":{"type":"Point","coordinates":[-53.89179,-24.62659]}},{"type":"Feature","properties":{"kind":"armazem_conab","nome":"Gozzi Agricola Ltda","municipio":"Ouro Verde do Oeste","tipo":"Bateria de Silos","cap_t":7810},"geometry":{"type":"Point","coordinates":[-53.88671,-24.85615]}},{"type":"Feature","properties":{"kind":"armazem_conab","nome":"Coagro Cooperativa Agroindustrial","municipio":"Capanema","tipo":"Bateria de Silos","cap_t":12090},"geometry":{"type":"Point","coordinates":[-53.8764,-25.6123]}},{"type":"Feature","properties":{"kind":"armazem_conab","nome":"Coopavel Cooperativa Agroindustrial","municipio":"Vera Cruz do Oeste","tipo":"Bateria de Silos","cap_t":7220},"geometry":{"type":"Point","coordinates":[-53.8751,-25.0658]}},{"type":"Feature","properties":{"kind":"armazem_conab","nome":"Antonio Marcos Galli e Outros","municipio":"Palotina","tipo":"Bateria de Silos","cap_t":23520},"geometry":{"type":"Point","coordinates":[-53.87357,-24.28318]}},{"type":"Feature","properties":{"kind":"armazem_conab","nome":"Algomix Agroindustrial Ltda","municipio":"Ouro Verde do Oeste","tipo":"Bateria de Silos","cap_t":2400},"geometry":{"type":"Point","coordinates":[-53.87316,-24.78246]}},{"type":"Feature","properties":{"kind":"armazem_conab","nome":"Moacir José Alba","municipio":"Palotina","tipo":"Bateria de Silos","cap_t":5400},"geometry":{"type":"Point","coordinates":[-53.87125,-24.29675]}},{"type":"Feature","properties":{"kind":"armazem_conab","nome":"C.vale - Cooperativa Agroindustrial","municipio":"Francisco Alves","tipo":"Bateria de Silos","cap_t":23610},"geometry":{"type":"Point","coordinates":[-53.86172,-24.1438]}},{"type":"Feature","properties":{"kind":"armazem_conab","nome":"Altemiro Albino","municipio":"Céu Azul","tipo":"Bateria de Silos","cap_t":6270},"geometry":{"type":"Point","coordinates":[-53.8609,-25.1646]}},{"type":"Feature","properties":{"kind":"armazem_conab","nome":"Altemiro Albino","municipio":"Céu Azul","tipo":"Bateria de Silos","cap_t":570},"geometry":{"type":"Point","coordinates":[-53.86013,-25.1647]}},{"type":"Feature","properties":{"kind":"armazem_conab","nome":"C.vale - Cooperativa Agroindustrial","municipio":"Palotina","tipo":"Bateria de Silos","cap_t":82800},"geometry":{"type":"Point","coordinates":[-53.85776,-24.33695]}},{"type":"Feature","properties":{"kind":"armazem_conab","nome":"I. Riedi & Cia. Ltda.","municipio":"Maripá","tipo":"Silo","cap_t":2010},"geometry":{"type":"Point","coordinates":[-53.85599,-24.41962]}},{"type":"Feature","properties":{"kind":"armazem_conab","nome":"I. Riedi & Cia. Ltda.","municipio":"São Pedro do Iguaçu","tipo":"Bateria de Silos","cap_t":8340},"geometry":{"type":"Point","coordinates":[-53.85535,-24.94678]}},{"type":"Feature","properties":{"kind":"armazem_conab","nome":"I. Riedi & Cia. Ltda.","municipio":"São Pedro do Iguaçu","tipo":"Graneleiro","cap_t":3660},"geometry":{"type":"Point","coordinates":[-53.85411,-24.94414]}},{"type":"Feature","properties":{"kind":"armazem_conab","nome":"Amafil-ind e Com de Alimentos Ltda","municipio":"Altônia","tipo":"Convencional","cap_t":1520},"geometry":{"type":"Point","coordinates":[-53.85345,-23.92449]}},{"type":"Feature","properties":{"kind":"armazem_conab","nome":"Amafil-ind e Com de Alimentos Ltda","municipio":"Altônia","tipo":"Convencional","cap_t":1590},"geometry":{"type":"Point","coordinates":[-53.85317,-23.92467]}},{"type":"Feature","properties":{"kind":"armazem_conab","nome":"Coamo Agroindustrial Cooperativa","municipio":"São Pedro do Iguaçu","tipo":"Bateria de Silos","cap_t":10090},"geometry":{"type":"Point","coordinates":[-53.85305,-24.94467]}},{"type":"Feature","properties":{"kind":"armazem_conab","nome":"Amafil-ind e Com de Alimentos Ltda","municipio":"Altônia","tipo":"Convencional","cap_t":4730},"geometry":{"type":"Point","coordinates":[-53.85268,-23.92361]}},{"type":"Feature","properties":{"kind":"armazem_conab","nome":"Diego Danilo Borin","municipio":"Francisco Alves","tipo":"Bateria de Silos","cap_t":20620},"geometry":{"type":"Point","coordinates":[-53.85237,-24.12639]}},{"type":"Feature","properties":{"kind":"armazem_conab","nome":"Coamo Agroindustrial Cooperativa","municipio":"São Pedro do Iguaçu","tipo":"Graneleiro","cap_t":28640},"geometry":{"type":"Point","coordinates":[-53.85109,-24.94206]}},{"type":"Feature","properties":{"kind":"armazem_conab","nome":"Copacol - Coop Agroindustrial Consolata","municipio":"Capanema","tipo":"Bateria de Silos","cap_t":6270},"geometry":{"type":"Point","coordinates":[-53.8505,-25.6296]}},{"type":"Feature","properties":{"kind":"armazem_conab","nome":"Coamo Agroindustrial Cooperativa","municipio":"São Pedro do Iguaçu","tipo":"Bateria de Silos","cap_t":3570},"geometry":{"type":"Point","coordinates":[-53.85004,-24.94229]}},{"type":"Feature","properties":{"kind":"armazem_conab","nome":"Contiagro Com Ind e Repres Ltda","municipio":"Palotina","tipo":"Graneleiro","cap_t":4760},"geometry":{"type":"Point","coordinates":[-53.84379,-24.2921]}},{"type":"Feature","properties":{"kind":"armazem_conab","nome":"Lar Cooperativa Agroindustrial","municipio":"Céu Azul","tipo":"Graneleiro","cap_t":9530},"geometry":{"type":"Point","coordinates":[-53.8432,-25.14347]}},{"type":"Feature","properties":{"kind":"armazem_conab","nome":"Lar Cooperativa Agroindustrial","municipio":"Céu Azul","tipo":"Graneleiro","cap_t":34490},"geometry":{"type":"Point","coordinates":[-53.8423,-25.1453]}},{"type":"Feature","properties":{"kind":"armazem_conab","nome":"Lar Cooperativa Agroindustrial","municipio":"Céu Azul","tipo":"Graneleiro","cap_t":14240},"geometry":{"type":"Point","coordinates":[-53.842,-25.1463]}},{"type":"Feature","properties":{"kind":"armazem_conab","nome":"Lar Cooperativa Agroindustrial","municipio":"Céu Azul","tipo":"Graneleiro","cap_t":16320},"geometry":{"type":"Point","coordinates":[-53.8417,-25.1455]}},{"type":"Feature","properties":{"kind":"armazem_conab","nome":"Lar Cooperativa Agroindustrial","municipio":"Céu Azul","tipo":"Convencional","cap_t":3350},"geometry":{"type":"Point","coordinates":[-53.8414,-25.1459]}},{"type":"Feature","properties":{"kind":"armazem_conab","nome":"Mocca-moinho Colonial Ceu Azul Ltda","municipio":"Céu Azul","tipo":"Bateria de Silos","cap_t":2190},"geometry":{"type":"Point","coordinates":[-53.8408,-25.1465]}},{"type":"Feature","properties":{"kind":"armazem_conab","nome":"C.vale - Cooperativa Agroindustrial","municipio":"Maripá","tipo":"Graneleiro","cap_t":6960},"geometry":{"type":"Point","coordinates":[-53.8383,-24.42167]}},{"type":"Feature","properties":{"kind":"armazem_conab","nome":"C.vale - Cooperativa Agroindustrial","municipio":"Maripá","tipo":"Graneleiro","cap_t":2980},"geometry":{"type":"Point","coordinates":[-53.83829,-24.4211]}},{"type":"Feature","properties":{"kind":"armazem_conab","nome":"C.vale - Cooperativa Agroindustrial","municipio":"Maripá","tipo":"Silo","cap_t":5920},"geometry":{"type":"Point","coordinates":[-53.8358,-24.42108]}},{"type":"Feature","properties":{"kind":"armazem_conab","nome":"Cotriguaçu Cooperativa Central","municipio":"Palotina","tipo":"Bateria de Silos","cap_t":17500},"geometry":{"type":"Point","coordinates":[-53.83447,-24.3061]}},{"type":"Feature","properties":{"kind":"armazem_conab","nome":"Industria Agro Comercial Cassava S/a","municipio":"Maripá","tipo":"Convencional","cap_t":1940},"geometry":{"type":"Point","coordinates":[-53.83441,-24.45095]}},{"type":"Feature","properties":{"kind":"armazem_conab","nome":"Industria Agro Comercial Cassava S/a","municipio":"Maripá","tipo":"Convencional","cap_t":5040},"geometry":{"type":"Point","coordinates":[-53.8344,-24.45095]}},{"type":"Feature","properties":{"kind":"armazem_conab","nome":"Cotriguaçu Cooperativa Central","municipio":"Palotina","tipo":"Bateria de Silos","cap_t":25000},"geometry":{"type":"Point","coordinates":[-53.8344,-24.3063]}},{"type":"Feature","properties":{"kind":"armazem_conab","nome":"I. Riedi & Cia. Ltda.","municipio":"Palotina","tipo":"Bateria de Silos","cap_t":9700},"geometry":{"type":"Point","coordinates":[-53.83372,-24.27953]}},{"type":"Feature","properties":{"kind":"armazem_conab","nome":"I. Riedi & Cia. Ltda.","municipio":"Palotina","tipo":"Graneleiro","cap_t":6000},"geometry":{"type":"Point","coordinates":[-53.83347,-24.28011]}},{"type":"Feature","properties":{"kind":"armazem_conab","nome":"C.vale - Cooperativa Agroindustrial","municipio":"Palotina","tipo":"Graneleiro","cap_t":45000},"geometry":{"type":"Point","coordinates":[-53.8305,-24.2783]}},{"type":"Feature","properties":{"kind":"armazem_conab","nome":"C.vale - Cooperativa Agroindustrial","municipio":"Palotina","tipo":"Graneleiro","cap_t":21020},"geometry":{"type":"Point","coordinates":[-53.82997,-24.27823]}},{"type":"Feature","properties":{"kind":"armazem_conab","nome":"C.vale - Cooperativa Agroindustrial","municipio":"Palotina","tipo":"Graneleiro","cap_t":26830},"geometry":{"type":"Point","coordinates":[-53.82914,-24.2779]}},{"type":"Feature","properties":{"kind":"armazem_conab","nome":"Refare Ltda","municipio":"Céu Azul","tipo":"Bateria de Silos","cap_t":570},"geometry":{"type":"Point","coordinates":[-53.8269,-25.1355]}},{"type":"Feature","properties":{"kind":"armazem_conab","nome":"Refare Ltda","municipio":"Céu Azul","tipo":"Bateria de Silos","cap_t":6500},"geometry":{"type":"Point","coordinates":[-53.8268,-25.1359]}},{"type":"Feature","properties":{"kind":"armazem_conab","nome":"Ademir Anttonio Riedi","municipio":"Ouro Verde do Oeste","tipo":"Bateria de Silos","cap_t":17230},"geometry":{"type":"Point","coordinates":[-53.82665,-24.85288]}},{"type":"Feature","properties":{"kind":"armazem_conab","nome":"Lar Cooperativa Agroindustrial","municipio":"Céu Azul","tipo":"Graneleiro","cap_t":5180},"geometry":{"type":"Point","coordinates":[-53.8236,-25.1268]}},{"type":"Feature","properties":{"kind":"armazem_conab","nome":"Lar Cooperativa Agroindustrial","municipio":"Céu Azul","tipo":"Bateria de Silos","cap_t":11370},"geometry":{"type":"Point","coordinates":[-53.8235,-25.1266]}},{"type":"Feature","properties":{"kind":"armazem_conab","nome":"Coopavel Cooperativa Agroindustrial","municipio":"Céu Azul","tipo":"Graneleiro","cap_t":29830},"geometry":{"type":"Point","coordinates":[-53.8178,-25.12201]}},{"type":"Feature","properties":{"kind":"armazem_conab","nome":"Andre Luiz Lazzari","municipio":"Palotina","tipo":"Bateria de Silos","cap_t":3110},"geometry":{"type":"Point","coordinates":[-53.81541,-24.28371]}},{"type":"Feature","properties":{"kind":"armazem_conab","nome":"Brf S.a.","municipio":"Toledo","tipo":"Bateria de Silos","cap_t":38150},"geometry":{"type":"Point","coordinates":[-53.80849,-24.57447]}},{"type":"Feature","properties":{"kind":"armazem_conab","nome":"Coamo Agroindustrial Cooperativa","municipio":"Toledo","tipo":"Graneleiro","cap_t":18480},"geometry":{"type":"Point","coordinates":[-53.80719,-24.57429]}},{"type":"Feature","properties":{"kind":"armazem_conab","nome":"Coamo Agroindustrial Cooperativa","municipio":"Toledo","tipo":"Bateria de Silos","cap_t":4670},"geometry":{"type":"Point","coordinates":[-53.80687,-24.57413]}},{"type":"Feature","properties":{"kind":"armazem_conab","nome":"Coagro Cooperativa Agroindustrial","municipio":"Capanema","tipo":"Graneleiro","cap_t":6200},"geometry":{"type":"Point","coordinates":[-53.8033,-25.6554]}},{"type":"Feature","properties":{"kind":"armazem_conab","nome":"Cooperativa da Agricultura Familiar Integrada de Capanema","municipio":"Capanema","tipo":"Convencional","cap_t":180},"geometry":{"type":"Point","coordinates":[-53.8033,-25.6507]}},{"type":"Feature","properties":{"kind":"armazem_conab","nome":"Cataratas do Iguaçu Produtos Organicos Ltda","municipio":"Capanema","tipo":"Convencional","cap_t":3270},"geometry":{"type":"Point","coordinates":[-53.7999,-25.6822]}},{"type":"Feature","properties":{"kind":"armazem_conab","nome":"Cataratas do Iguaçu Produtos Organicos Ltda","municipio":"Capanema","tipo":"Bateria de Silos","cap_t":2250},"geometry":{"type":"Point","coordinates":[-53.7999,-25.6822]}},{"type":"Feature","properties":{"kind":"armazem_conab","nome":"Primato Cooperativa Agroindustrial","municipio":"Toledo","tipo":"Bateria de Silos","cap_t":47700},"geometry":{"type":"Point","coordinates":[-53.79882,-24.67643]}},{"type":"Feature","properties":{"kind":"armazem_conab","nome":"Coopavel Cooperativa Agroindustrial","municipio":"Corbélia","tipo":"Graneleiro","cap_t":60000},"geometry":{"type":"Point","coordinates":[-53.79874,-24.67391]}},{"type":"Feature","properties":{"kind":"armazem_conab","nome":"Coagru Cooperativa Agroindustrial Uniao","municipio":"Campina da Lagoa","tipo":"Graneleiro","cap_t":20000},"geometry":{"type":"Point","coordinates":[-53.79833,-24.57612]}},{"type":"Feature","properties":{"kind":"armazem_conab","nome":"Coagru Cooperativa Agroindustrial Uniao","municipio":"Campina da Lagoa","tipo":"Bateria de Silos","cap_t":19550},"geometry":{"type":"Point","coordinates":[-53.79786,-24.57628]}},{"type":"Feature","properties":{"kind":"armazem_conab","nome":"I. Riedi & Cia. Ltda.","municipio":"Palotina","tipo":"Bateria de Silos","cap_t":26210},"geometry":{"type":"Point","coordinates":[-53.79657,-24.28599]}},{"type":"Feature","properties":{"kind":"armazem_conab","nome":"C.vale - Cooperativa Agroindustrial","municipio":"Maripá","tipo":"Graneleiro","cap_t":40580},"geometry":{"type":"Point","coordinates":[-53.79206,-24.48222]}},{"type":"Feature","properties":{"kind":"armazem_conab","nome":"Darci Curioletti e Outra","municipio":"Palotina","tipo":"Bateria de Silos","cap_t":21000},"geometry":{"type":"Point","coordinates":[-53.79117,-24.28692]}},{"type":"Feature","properties":{"kind":"armazem_conab","nome":"Rafael Marioto","municipio":"Céu Azul","tipo":"Graneleiro","cap_t":1930},"geometry":{"type":"Point","coordinates":[-53.7888,-25.1073]}},{"type":"Feature","properties":{"kind":"armazem_conab","nome":"Rafael Marioto","municipio":"Céu Azul","tipo":"Silo","cap_t":240},"geometry":{"type":"Point","coordinates":[-53.7887,-25.1071]}},{"type":"Feature","properties":{"kind":"armazem_conab","nome":"R. Boaro e Cia Ltda","municipio":"Capanema","tipo":"Graneleiro","cap_t":2020},"geometry":{"type":"Point","coordinates":[-53.7865,-25.6883]}},{"type":"Feature","properties":{"kind":"armazem_conab","nome":"Jose Pasqual Netto","municipio":"Maripá","tipo":"Bateria de Silos","cap_t":2480},"geometry":{"type":"Point","coordinates":[-53.78168,-24.51103]}},{"type":"Feature","properties":{"kind":"armazem_conab","nome":"Ibrahim Faiad","municipio":"Céu Azul","tipo":"Bateria de Silos","cap_t":7400},"geometry":{"type":"Point","coordinates":[-53.7805,-25.0294]}},{"type":"Feature","properties":{"kind":"armazem_conab","nome":"União Nativa Insumos Agrícolas Ltda","municipio":"Pérola d'Oeste","tipo":"Bateria de Silos","cap_t":2900},"geometry":{"type":"Point","coordinates":[-53.7776,-25.8849]}},{"type":"Feature","properties":{"kind":"armazem_conab","nome":"Sipal Industria e Comercio Ltda","municipio":"Planalto","tipo":"Bateria de Silos","cap_t":1350},"geometry":{"type":"Point","coordinates":[-53.7706,-25.7051]}},{"type":"Feature","properties":{"kind":"armazem_conab","nome":"Coagro Cooperativa Agroindustrial","municipio":"Planalto","tipo":"Graneleiro","cap_t":16020},"geometry":{"type":"Point","coordinates":[-53.7646,-25.7187]}},{"type":"Feature","properties":{"kind":"armazem_conab","nome":"Coamo Agroindustrial Cooperativa","municipio":"Toledo","tipo":"Graneleiro","cap_t":28040},"geometry":{"type":"Point","coordinates":[-53.76238,-24.72363]}},{"type":"Feature","properties":{"kind":"armazem_conab","nome":"Cooatol Comercio de Insumos Agropecuarios Ltda.","municipio":"São Pedro do Iguaçu","tipo":"Bateria de Silos","cap_t":4460},"geometry":{"type":"Point","coordinates":[-53.76228,-24.95639]}},{"type":"Feature","properties":{"kind":"armazem_conab","nome":"Coamo Agroindustrial Cooperativa","municipio":"Toledo","tipo":"Graneleiro","cap_t":28320},"geometry":{"type":"Point","coordinates":[-53.7617,-24.72327]}},{"type":"Feature","properties":{"kind":"armazem_conab","nome":"Coamo Agroindustrial Cooperativa","municipio":"Toledo","tipo":"Graneleiro","cap_t":28850},"geometry":{"type":"Point","coordinates":[-53.76169,-24.72383]}},{"type":"Feature","properties":{"kind":"armazem_conab","nome":"Coamo Agroindustrial Cooperativa","municipio":"Toledo","tipo":"Graneleiro","cap_t":30040},"geometry":{"type":"Point","coordinates":[-53.76169,-24.72355]}},{"type":"Feature","properties":{"kind":"armazem_conab","nome":"Copacol - Coop Agroindustrial Consolata.","municipio":"Pérola d'Oeste","tipo":"Bateria de Silos","cap_t":3300},"geometry":{"type":"Point","coordinates":[-53.7602,-25.8897]}},{"type":"Feature","properties":{"kind":"armazem_conab","nome":"Gilberto Luiz Zanchi","municipio":"Capanema","tipo":"Silo","cap_t":300},"geometry":{"type":"Point","coordinates":[-53.7582,-25.6044]}},{"type":"Feature","properties":{"kind":"armazem_conab","nome":"Copacol - Coop Agroindustrial Consolata.","municipio":"Pranchita","tipo":"Bateria de Silos","cap_t":3510},"geometry":{"type":"Point","coordinates":[-53.7487,-25.8246]}},{"type":"Feature","properties":{"kind":"armazem_conab","nome":"C.vale - Cooperativa Agroindustrial","municipio":"Maripá","tipo":"Bateria de Silos","cap_t":11850},"geometry":{"type":"Point","coordinates":[-53.74614,-24.52997]}},{"type":"Feature","properties":{"kind":"armazem_conab","nome":"C.vale - Cooperativa Agroindustrial","municipio":"Maripá","tipo":"Graneleiro","cap_t":6230},"geometry":{"type":"Point","coordinates":[-53.74552,-24.53011]}},{"type":"Feature","properties":{"kind":"armazem_conab","nome":"C.vale - Cooperativa Agroindustrial","municipio":"Maripá","tipo":"Graneleiro","cap_t":1470},"geometry":{"type":"Point","coordinates":[-53.7448,-24.53181]}},{"type":"Feature","properties":{"kind":"armazem_conab","nome":"Vilmar Francisco Dalbô","municipio":"Pranchita","tipo":"Graneleiro","cap_t":1380},"geometry":{"type":"Point","coordinates":[-53.7444,-26.0133]}},{"type":"Feature","properties":{"kind":"armazem_conab","nome":"Coagro Cooperativa Agroindustrial","municipio":"Pranchita","tipo":"Bateria de Silos","cap_t":5440},"geometry":{"type":"Point","coordinates":[-53.7409,-26.0181]}},{"type":"Feature","properties":{"kind":"armazem_conab","nome":"Coagro Cooperativa Agroindustrial","municipio":"Pranchita","tipo":"Graneleiro","cap_t":6780},"geometry":{"type":"Point","coordinates":[-53.7404,-26.0174]}},{"type":"Feature","properties":{"kind":"armazem_conab","nome":"Comercial Agricola Ccpran Ltda -me","municipio":"Pranchita","tipo":"Silo","cap_t":2810},"geometry":{"type":"Point","coordinates":[-53.7383,-26.01456]}},{"type":"Feature","properties":{"kind":"armazem_conab","nome":"Peron Ferrari Sa","municipio":"Pranchita","tipo":"Graneleiro","cap_t":6540},"geometry":{"type":"Point","coordinates":[-53.7375,-26.0273]}},{"type":"Feature","properties":{"kind":"armazem_conab","nome":"Paulo Roberto Formentini","municipio":"Palotina","tipo":"Graneleiro","cap_t":1800},"geometry":{"type":"Point","coordinates":[-53.73692,-24.32914]}},{"type":"Feature","properties":{"kind":"armazem_conab","nome":"I. Riedi & Cia. Ltda.","municipio":"Maripá","tipo":"Bateria de Silos","cap_t":12160},"geometry":{"type":"Point","coordinates":[-53.7363,-24.5464]}},{"type":"Feature","properties":{"kind":"armazem_conab","nome":"I. Riedi & Cia. Ltda.","municipio":"Maripá","tipo":"Graneleiro","cap_t":20530},"geometry":{"type":"Point","coordinates":[-53.73624,-24.54667]}},{"type":"Feature","properties":{"kind":"armazem_conab","nome":"I. Riedi & Cia. Ltda.","municipio":"Maripá","tipo":"Bateria de Silos","cap_t":2330},"geometry":{"type":"Point","coordinates":[-53.73537,-24.54647]}},{"type":"Feature","properties":{"kind":"armazem_conab","nome":"Brf S.a.","municipio":"Toledo","tipo":"Graneleiro","cap_t":42000},"geometry":{"type":"Point","coordinates":[-53.73481,-24.75372]}},{"type":"Feature","properties":{"kind":"armazem_conab","nome":"Brf S.a.","municipio":"Toledo","tipo":"Graneleiro","cap_t":8300},"geometry":{"type":"Point","coordinates":[-53.73441,-24.75228]}},{"type":"Feature","properties":{"kind":"armazem_conab","nome":"Coagro Cooperativa Agroindustrial","municipio":"Pérola d'Oeste","tipo":"Bateria de Silos","cap_t":8550},"geometry":{"type":"Point","coordinates":[-53.7344,-25.8117]}},{"type":"Feature","properties":{"kind":"armazem_conab","nome":"Brf S.a.","municipio":"Toledo","tipo":"Bateria de Silos","cap_t":24000},"geometry":{"type":"Point","coordinates":[-53.73425,-24.75423]}},{"type":"Feature","properties":{"kind":"armazem_conab","nome":"Brf S.a.","municipio":"Toledo","tipo":"Graneleiro","cap_t":8300},"geometry":{"type":"Point","coordinates":[-53.73405,-24.75226]}},{"type":"Feature","properties":{"kind":"armazem_conab","nome":"Brf S.a.","municipio":"Toledo","tipo":"Graneleiro","cap_t":8300},"geometry":{"type":"Point","coordinates":[-53.73387,-24.75223]}},{"type":"Feature","properties":{"kind":"armazem_conab","nome":"Brf S.a.","municipio":"Toledo","tipo":"Graneleiro","cap_t":8300},"geometry":{"type":"Point","coordinates":[-53.73372,-24.75224]}},{"type":"Feature","properties":{"kind":"armazem_conab","nome":"Coagro Cooperativa Agroindustrial","municipio":"Pérola d'Oeste","tipo":"Graneleiro","cap_t":5700},"geometry":{"type":"Point","coordinates":[-53.7337,-25.8124]}},{"type":"Feature","properties":{"kind":"armazem_conab","nome":"Brf S.a.","municipio":"Toledo","tipo":"Graneleiro","cap_t":54000},"geometry":{"type":"Point","coordinates":[-53.73292,-24.75216]}},{"type":"Feature","properties":{"kind":"armazem_conab","nome":"Brf S.a.","municipio":"Toledo","tipo":"Bateria de Silos","cap_t":30000},"geometry":{"type":"Point","coordinates":[-53.73275,-24.75413]}},{"type":"Feature","properties":{"kind":"armazem_conab","nome":"Copacol - Coop Agroindustrial Consolata.","municipio":"Pranchita","tipo":"Bateria de Silos","cap_t":14630},"geometry":{"type":"Point","coordinates":[-53.7326,-26.0139]}},{"type":"Feature","properties":{"kind":"armazem_conab","nome":"Amafil-ind e Com de Alimentos Ltda","municipio":"Alto Paraíso","tipo":"Convencional","cap_t":5180},"geometry":{"type":"Point","coordinates":[-53.7323,-23.4598]}},{"type":"Feature","properties":{"kind":"armazem_conab","nome":"Amafil-ind e Com de Alimentos Ltda","municipio":"Alto Paraíso","tipo":"Convencional","cap_t":3320},"geometry":{"type":"Point","coordinates":[-53.73144,-23.46019]}},{"type":"Feature","properties":{"kind":"armazem_conab","nome":"Peron Ferrari Sa","municipio":"Santo Antônio do Sudoeste","tipo":"Silo","cap_t":1510},"geometry":{"type":"Point","coordinates":[-53.7314,-26.0703]}},{"type":"Feature","properties":{"kind":"armazem_conab","nome":"Peron Ferrari Sa","municipio":"Santo Antônio do Sudoeste","tipo":"Graneleiro","cap_t":19260},"geometry":{"type":"Point","coordinates":[-53.7313,-26.0709]}},{"type":"Feature","properties":{"kind":"armazem_conab","nome":"Cocamar Cooperativa Agroindustrial","municipio":"Iporã","tipo":"Bateria de Silos","cap_t":35260},"geometry":{"type":"Point","coordinates":[-53.72875,-24.02275]}},{"type":"Feature","properties":{"kind":"armazem_conab","nome":"Ilario Minato e Clarice Lorini Minato","municipio":"Pranchita","tipo":"Silo","cap_t":660},"geometry":{"type":"Point","coordinates":[-53.7254,-25.9579]}},{"type":"Feature","properties":{"kind":"armazem_conab","nome":"Cerealista Rech Ltda","municipio":"Pranchita","tipo":"Bateria de Silos","cap_t":4260},"geometry":{"type":"Point","coordinates":[-53.7226,-25.9436]}},{"type":"Feature","properties":{"kind":"armazem_conab","nome":"Avicola Carminatti Ltda","municipio":"Santo Antônio do Sudoeste","tipo":"Bateria de Silos","cap_t":5760},"geometry":{"type":"Point","coordinates":[-53.71971,-26.07352]}},{"type":"Feature","properties":{"kind":"armazem_conab","nome":"Aldir Luiz Muller","municipio":"Maripá","tipo":"Bateria de Silos","cap_t":2200},"geometry":{"type":"Point","coordinates":[-53.71951,-24.55651]}},{"type":"Feature","properties":{"kind":"armazem_conab","nome":"Feghera e Silva Comercio de Cereais Ltda","municipio":"Santo Antônio do Sudoeste","tipo":"Bateria de Silos","cap_t":4640},"geometry":{"type":"Point","coordinates":[-53.7189,-26.05967]}},{"type":"Feature","properties":{"kind":"armazem_conab","nome":"Feghera e Silva Comercio de Cereais Ltda","municipio":"Santo Antônio do Sudoeste","tipo":"Bateria de Silos","cap_t":4380},"geometry":{"type":"Point","coordinates":[-53.7183,-26.0594]}},{"type":"Feature","properties":{"kind":"armazem_conab","nome":"Coagro Cooperativa Agroindustrial","municipio":"Santo Antônio do Sudoeste","tipo":"Silo","cap_t":2690},"geometry":{"type":"Point","coordinates":[-53.7174,-26.0645]}},{"type":"Feature","properties":{"kind":"armazem_conab","nome":"Agropecuaria 3 D","municipio":"Palotina","tipo":"Bateria de Silos","cap_t":6878},"geometry":{"type":"Point","coordinates":[-53.70016,-24.33514]}},{"type":"Feature","properties":{"kind":"armazem_conab","nome":"I. Riedi & Cia. Ltda.","municipio":"Céu Azul","tipo":"Graneleiro","cap_t":3340},"geometry":{"type":"Point","coordinates":[-53.6988,-25.0771]}},{"type":"Feature","properties":{"kind":"armazem_conab","nome":"Cooatol Comercio de Insumos Agropecuarios Ltda.","municipio":"Toledo","tipo":"Graneleiro","cap_t":1810},"geometry":{"type":"Point","coordinates":[-53.69863,-24.75609]}},{"type":"Feature","properties":{"kind":"armazem_conab","nome":"Cooatol Comercio de Insumos Agropecuarios Ltda.","municipio":"Toledo","tipo":"Bateria de Silos","cap_t":910},"geometry":{"type":"Point","coordinates":[-53.69811,-24.75609]}},{"type":"Feature","properties":{"kind":"armazem_conab","nome":"Cooatol Comercio de Insumos Agropecuarios Ltda.","municipio":"Toledo","tipo":"Bateria de Silos","cap_t":6430},"geometry":{"type":"Point","coordinates":[-53.69808,-24.75636]}},{"type":"Feature","properties":{"kind":"armazem_conab","nome":"Cooatol Comercio de Insumos Agropecuarios Ltda.","municipio":"Toledo","tipo":"Graneleiro","cap_t":8250},"geometry":{"type":"Point","coordinates":[-53.69774,-24.75712]}},{"type":"Feature","properties":{"kind":"armazem_conab","nome":"Kaefer Agro Industrial Ltda","municipio":"Toledo","tipo":"Bateria de Silos","cap_t":12690},"geometry":{"type":"Point","coordinates":[-53.69696,-24.76037]}},{"type":"Feature","properties":{"kind":"armazem_conab","nome":"Cobrazem Agroindustrial Ltda","municipio":"Toledo","tipo":"Graneleiro","cap_t":23320},"geometry":{"type":"Point","coordinates":[-53.69493,-24.71156]}},{"type":"Feature","properties":{"kind":"armazem_conab","nome":"Comercio de Cereais Grancame Ltda","municipio":"Pérola d'Oeste","tipo":"Bateria de Silos","cap_t":4870},"geometry":{"type":"Point","coordinates":[-53.69434,-25.82406]}},{"type":"Feature","properties":{"kind":"armazem_conab","nome":"Cobrazem Agroindustrial Ltda","municipio":"Toledo","tipo":"Bateria de Silos","cap_t":12190},"geometry":{"type":"Point","coordinates":[-53.69398,-24.71081]}},{"type":"Feature","properties":{"kind":"armazem_conab","nome":"Alberto Zana Portela","municipio":"Assis Chateaubriand","tipo":"Bateria de Silos","cap_t":3140},"geometry":{"type":"Point","coordinates":[-53.69256,-24.32772]}},{"type":"Feature","properties":{"kind":"armazem_conab","nome":"Comercial Rosane Ltda. - Me","municipio":"Planalto","tipo":"Bateria de Silos","cap_t":510},"geometry":{"type":"Point","coordinates":[-53.6908,-25.6902]}},{"type":"Feature","properties":{"kind":"armazem_conab","nome":"C.vale - Cooperativa Agroindustrial","municipio":"Assis Chateaubriand","tipo":"Bateria de Silos","cap_t":8110},"geometry":{"type":"Point","coordinates":[-53.68651,-24.32621]}},{"type":"Feature","properties":{"kind":"armazem_conab","nome":"C.vale - Cooperativa Agroindustrial","municipio":"Assis Chateaubriand","tipo":"Graneleiro","cap_t":6710},"geometry":{"type":"Point","coordinates":[-53.68635,-24.32647]}},{"type":"Feature","properties":{"kind":"armazem_conab","nome":"Coamo Agroindustrial Cooperativa","municipio":"Toledo","tipo":"Bateria de Silos","cap_t":51170},"geometry":{"type":"Point","coordinates":[-53.68402,-24.72594]}},{"type":"Feature","properties":{"kind":"armazem_conab","nome":"Ataide Pedroso Dias","municipio":"Assis Chateaubriand","tipo":"Bateria de Silos","cap_t":1260},"geometry":{"type":"Point","coordinates":[-53.68014,-24.43037]}},{"type":"Feature","properties":{"kind":"armazem_conab","nome":"I. Riedi & Cia. Ltda.","municipio":"Toledo","tipo":"Bateria de Silos","cap_t":10460},"geometry":{"type":"Point","coordinates":[-53.67844,-24.72817]}},{"type":"Feature","properties":{"kind":"armazem_conab","nome":"Coagro Cooperativa Agroindustrial","municipio":"Santo Antônio do Sudoeste","tipo":"Bateria de Silos","cap_t":11790},"geometry":{"type":"Point","coordinates":[-53.6778,-26.11759]}},{"type":"Feature","properties":{"kind":"armazem_conab","nome":"Norio Hirano","municipio":"Assis Chateaubriand","tipo":"Bateria de Silos","cap_t":1840},"geometry":{"type":"Point","coordinates":[-53.67456,-24.33266]}},{"type":"Feature","properties":{"kind":"armazem_conab","nome":"Diacomo Gamaliel Meneghel e Outros","municipio":"Cascavel","tipo":"Graneleiro","cap_t":4170},"geometry":{"type":"Point","coordinates":[-53.67277,-24.91243]}},{"type":"Feature","properties":{"kind":"armazem_conab","nome":"Diacomo Gamaliel Meneghel e Outros","municipio":"Cascavel","tipo":"Bateria de Silos","cap_t":2750},"geometry":{"type":"Point","coordinates":[-53.67268,-24.91272]}},{"type":"Feature","properties":{"kind":"armazem_conab","nome":"Alimentos Lopes Ltda","municipio":"Icaraíma","tipo":"Convencional","cap_t":4050},"geometry":{"type":"Point","coordinates":[-53.6702,-23.37384]}},{"type":"Feature","properties":{"kind":"armazem_conab","nome":"Adriano Marcos Vivian","municipio":"Cascavel","tipo":"Bateria de Silos","cap_t":1260},"geometry":{"type":"Point","coordinates":[-53.66958,-24.8114]}},{"type":"Feature","properties":{"kind":"armazem_conab","nome":"Granvital Industria e Comercia de Alimentos Ltda","municipio":"Cascavel","tipo":"Silo","cap_t":1770},"geometry":{"type":"Point","coordinates":[-53.66893,-24.81102]}},{"type":"Feature","properties":{"kind":"armazem_conab","nome":"I. Riedi & Cia. Ltda.","municipio":"Assis Chateaubriand","tipo":"Bateria de Silos","cap_t":5660},"geometry":{"type":"Point","coordinates":[-53.66394,-24.41783]}},{"type":"Feature","properties":{"kind":"armazem_conab","nome":"Nelson Franco Ferreira","municipio":"Assis Chateaubriand","tipo":"Bateria de Silos","cap_t":5680},"geometry":{"type":"Point","coordinates":[-53.65635,-24.36046]}},{"type":"Feature","properties":{"kind":"armazem_conab","nome":"Floriano Martin Filho","municipio":"Assis Chateaubriand","tipo":"Bateria de Silos","cap_t":1210},"geometry":{"type":"Point","coordinates":[-53.65622,-24.53496]}},{"type":"Feature","properties":{"kind":"armazem_conab","nome":"Coopavel Cooperativa Agroindustrial","municipio":"Cascavel","tipo":"Bateria de Silos","cap_t":4790},"geometry":{"type":"Point","coordinates":[-53.65608,-24.8213]}},{"type":"Feature","properties":{"kind":"armazem_conab","nome":"José da Silva Franco","municipio":"Assis Chateaubriand","tipo":"Bateria de Silos","cap_t":1360},"geometry":{"type":"Point","coordinates":[-53.65489,-23.40111]}},{"type":"Feature","properties":{"kind":"armazem_conab","nome":"C.vale - Cooperativa Agroindustrial","municipio":"Assis Chateaubriand","tipo":"Bateria de Silos","cap_t":21100},"geometry":{"type":"Point","coordinates":[-53.64899,-24.41103]}},{"type":"Feature","properties":{"kind":"armazem_conab","nome":"C.vale - Cooperativa Agroindustrial","municipio":"Assis Chateaubriand","tipo":"Graneleiro","cap_t":6580},"geometry":{"type":"Point","coordinates":[-53.64871,-24.41124]}},{"type":"Feature","properties":{"kind":"armazem_conab","nome":"Luiz Bernardi","municipio":"Santo Antônio do Sudoeste","tipo":"Bateria de Silos","cap_t":1920},"geometry":{"type":"Point","coordinates":[-53.6441,-26.1127]}},{"type":"Feature","properties":{"kind":"armazem_conab","nome":"I. Riedi & Cia. Ltda.","municipio":"Cascavel","tipo":"Bateria de Silos","cap_t":3730},"geometry":{"type":"Point","coordinates":[-53.63453,-25.83642]}},{"type":"Feature","properties":{"kind":"armazem_conab","nome":"Almir José Bassani","municipio":"Querência do Norte","tipo":"Bateria de Silos","cap_t":8350},"geometry":{"type":"Point","coordinates":[-53.6343,-23.2205]}},{"type":"Feature","properties":{"kind":"armazem_conab","nome":"Coopavel Cooperativa Agroindustrial","municipio":"Santa Tereza do Oeste","tipo":"Bateria de Silos","cap_t":6880},"geometry":{"type":"Point","coordinates":[-53.63084,-25.05052]}},{"type":"Feature","properties":{"kind":"armazem_conab","nome":"Innovar Agronegocios Ltda. - Epp","municipio":"Santa Tereza do Oeste","tipo":"Bateria de Silos","cap_t":3390},"geometry":{"type":"Point","coordinates":[-53.62616,-25.0284]}},{"type":"Feature","properties":{"kind":"armazem_conab","nome":"Agricola Bogdan Ltda","municipio":"Toledo","tipo":"Bateria de Silos","cap_t":22890},"geometry":{"type":"Point","coordinates":[-53.62545,-24.77952]}},{"type":"Feature","properties":{"kind":"armazem_conab","nome":"Edo Pagnoncelli Peixoto","municipio":"Santa Tereza do Oeste","tipo":"Bateria de Silos","cap_t":3930},"geometry":{"type":"Point","coordinates":[-53.61786,-24.95048]}},{"type":"Feature","properties":{"kind":"armazem_conab","nome":"Coamo Agroindustrial Cooperativa","municipio":"Assis Chateaubriand","tipo":"Graneleiro","cap_t":28470},"geometry":{"type":"Point","coordinates":[-53.61689,-24.6224]}},{"type":"Feature","properties":{"kind":"armazem_conab","nome":"Coamo Agroindustrial Cooperativa","municipio":"Assis Chateaubriand","tipo":"Bateria de Silos","cap_t":2890},"geometry":{"type":"Point","coordinates":[-53.61676,-24.62336]}},{"type":"Feature","properties":{"kind":"armazem_conab","nome":"Coamo Agroindustrial Cooperativa","municipio":"Assis Chateaubriand","tipo":"Bateria de Silos","cap_t":16430},"geometry":{"type":"Point","coordinates":[-53.61629,-24.62251]}},{"type":"Feature","properties":{"kind":"armazem_conab","nome":"Alto Vale Importação, Exportação e Cerealista Ltda","municipio":"Barracão","tipo":"Convencional","cap_t":3220},"geometry":{"type":"Point","coordinates":[-53.61628,-26.25935]}},{"type":"Feature","properties":{"kind":"armazem_conab","nome":"Kleber Hudson Canassa","municipio":"Querência do Norte","tipo":"Graneleiro","cap_t":1820},"geometry":{"type":"Point","coordinates":[-53.6145,-23.1958]}},{"type":"Feature","properties":{"kind":"armazem_conab","nome":"Everton Destro e Outros","municipio":"Cascavel","tipo":"Bateria de Silos","cap_t":4490},"geometry":{"type":"Point","coordinates":[-53.61449,-24.85046]}},{"type":"Feature","properties":{"kind":"armazem_conab","nome":"Euzebio Reginatto","municipio":"Querência do Norte","tipo":"Silo","cap_t":1350},"geometry":{"type":"Point","coordinates":[-53.6088,-23.0492]}},{"type":"Feature","properties":{"kind":"armazem_conab","nome":"I. Riedi & Cia. Ltda.","municipio":"Assis Chateaubriand","tipo":"Bateria de Silos","cap_t":11370},"geometry":{"type":"Point","coordinates":[-53.60839,-24.58751]}},{"type":"Feature","properties":{"kind":"armazem_conab","nome":"Coopavel Cooperativa Agroindustrial","municipio":"Capitão Leônidas Marques","tipo":"Graneleiro","cap_t":29990},"geometry":{"type":"Point","coordinates":[-53.60395,-25.47055]}},{"type":"Feature","properties":{"kind":"armazem_conab","nome":"C.vale - Cooperativa Agroindustrial","municipio":"Assis Chateaubriand","tipo":"Bateria de Silos","cap_t":24490},"geometry":{"type":"Point","coordinates":[-53.60089,-24.56287]}},{"type":"Feature","properties":{"kind":"armazem_conab","nome":"Moinho de Trigo União Ltda","municipio":"Santa Tereza do Oeste","tipo":"Bateria de Silos","cap_t":1670},"geometry":{"type":"Point","coordinates":[-53.60056,-25.04345]}},{"type":"Feature","properties":{"kind":"armazem_conab","nome":"Erivaldo Jose Ferreira","municipio":"Querência do Norte","tipo":"Silo","cap_t":710},"geometry":{"type":"Point","coordinates":[-53.5988,-23.1322]}},{"type":"Feature","properties":{"kind":"armazem_conab","nome":"Itasa Alimentos Ltda","municipio":"Santa Tereza do Oeste","tipo":"Bateria de Silos","cap_t":3470},"geometry":{"type":"Point","coordinates":[-53.59619,-25.03983]}},{"type":"Feature","properties":{"kind":"armazem_conab","nome":"Angelo Custodio Romero Eugenio","municipio":"Cascavel","tipo":"Bateria de Silos","cap_t":5530},"geometry":{"type":"Point","coordinates":[-53.59561,-24.88149]}},{"type":"Feature","properties":{"kind":"armazem_conab","nome":"Agricola Confiagro Ltda","municipio":"Santa Tereza do Oeste","tipo":"Bateria de Silos","cap_t":3020},"geometry":{"type":"Point","coordinates":[-53.59551,-25.03844]}},{"type":"Feature","properties":{"kind":"armazem_conab","nome":"Vitaplan Agronegócios Ltda","municipio":"Capitão Leônidas Marques","tipo":"Bateria de Silos","cap_t":8850},"geometry":{"type":"Point","coordinates":[-53.59491,-25.47284]}},{"type":"Feature","properties":{"kind":"armazem_conab","nome":"Claúdia Festugato Cunha","municipio":"Santa Tereza do Oeste","tipo":"Bateria de Silos","cap_t":5530},"geometry":{"type":"Point","coordinates":[-53.58734,-25.03449]}},{"type":"Feature","properties":{"kind":"armazem_conab","nome":"Infasa Industria de Farinhas S.a.","municipio":"Santa Tereza do Oeste","tipo":"Bateria de Silos","cap_t":36270},"geometry":{"type":"Point","coordinates":[-53.58335,-25.13868]}},{"type":"Feature","properties":{"kind":"armazem_conab","nome":"Famig Agropecuaria Ltda","municipio":"Cascavel","tipo":"Bateria de Silos","cap_t":2610},"geometry":{"type":"Point","coordinates":[-53.57555,-24.92455]}},{"type":"Feature","properties":{"kind":"armazem_conab","nome":"Famig Agropecuaria Ltda","municipio":"Cascavel","tipo":"Graneleiro","cap_t":720},"geometry":{"type":"Point","coordinates":[-53.57536,-24.92436]}},{"type":"Feature","properties":{"kind":"armazem_conab","nome":"Claire Terezinha Dall Oglio","municipio":"Santa Tereza do Oeste","tipo":"Graneleiro","cap_t":2760},"geometry":{"type":"Point","coordinates":[-53.57484,-25.02781]}},{"type":"Feature","properties":{"kind":"armazem_conab","nome":"Dsi - Dutch Starches International do Brasil Amidos Ltda","municipio":"Assis Chateaubriand","tipo":"Silo","cap_t":1180},"geometry":{"type":"Point","coordinates":[-53.57466,-24.38572]}},{"type":"Feature","properties":{"kind":"armazem_conab","nome":"Dsi - Dutch Starches International do Brasil Amidos Ltda","municipio":"Assis Chateaubriand","tipo":"Convencional","cap_t":3720},"geometry":{"type":"Point","coordinates":[-53.57456,-24.38623]}},{"type":"Feature","properties":{"kind":"armazem_conab","nome":"Cerealista Lotici Ltda Me","municipio":"Santa Lúcia","tipo":"Bateria de Silos","cap_t":10260},"geometry":{"type":"Point","coordinates":[-53.57299,-25.40851]}},{"type":"Feature","properties":{"kind":"armazem_conab","nome":"Coamo Agroindustrial Cooperativa","municipio":"Nova Santa Rosa","tipo":"Bateria de Silos","cap_t":15890},"geometry":{"type":"Point","coordinates":[-53.57202,-24.27212]}},{"type":"Feature","properties":{"kind":"armazem_conab","nome":"Edson Sotoriba Reginato","municipio":"Querência do Norte","tipo":"Silo","cap_t":710},"geometry":{"type":"Point","coordinates":[-53.5699,-23.0694]}},{"type":"Feature","properties":{"kind":"armazem_conab","nome":"I. Riedi & Cia. Ltda.","municipio":"Toledo","tipo":"Silo","cap_t":1890},"geometry":{"type":"Point","coordinates":[-53.56861,-24.73011]}},{"type":"Feature","properties":{"kind":"armazem_conab","nome":"Coopavel Cooperativa Agroindustrial","municipio":"Lindoeste","tipo":"Silo","cap_t":5950},"geometry":{"type":"Point","coordinates":[-53.56569,-25.27784]}},{"type":"Feature","properties":{"kind":"armazem_conab","nome":"Orivaldo Pereira","municipio":"Querência do Norte","tipo":"Silo","cap_t":1400},"geometry":{"type":"Point","coordinates":[-53.5625,-23.0834]}},{"type":"Feature","properties":{"kind":"armazem_conab","nome":"Copacol Coop Agroindustrial Consolata","municipio":"Tupãssi","tipo":"Bateria de Silos","cap_t":20080},"geometry":{"type":"Point","coordinates":[-53.55702,-24.64995]}},{"type":"Feature","properties":{"kind":"armazem_conab","nome":"Fistarol e Cia Ltda","municipio":"Realeza","tipo":"Bateria de Silos","cap_t":11770},"geometry":{"type":"Point","coordinates":[-53.5548,-25.6696]}},{"type":"Feature","properties":{"kind":"armazem_conab","nome":"Jacy Miguel Escanagata","municipio":"Cascavel","tipo":"Graneleiro","cap_t":3210},"geometry":{"type":"Point","coordinates":[-53.54808,-24.93639]}},{"type":"Feature","properties":{"kind":"armazem_conab","nome":"Jacy Miguel Escanagata","municipio":"Cascavel","tipo":"Silo","cap_t":1450},"geometry":{"type":"Point","coordinates":[-53.54806,-24.93659]}},{"type":"Feature","properties":{"kind":"armazem_conab","nome":"C.vale - Cooperativa Agroindustrial","municipio":"Assis Chateaubriand","tipo":"Convencional","cap_t":5060},"geometry":{"type":"Point","coordinates":[-53.54795,-24.26306]}},{"type":"Feature","properties":{"kind":"armazem_conab","nome":"Insuagro Insumos Agricolas Ltda","municipio":"Realeza","tipo":"Graneleiro","cap_t":26000},"geometry":{"type":"Point","coordinates":[-53.5478,-25.7745]}},{"type":"Feature","properties":{"kind":"armazem_conab","nome":"C. Vale Cooperativa Agroindustrial","municipio":"Assis Chateaubriand","tipo":"Graneleiro","cap_t":24030},"geometry":{"type":"Point","coordinates":[-53.54146,-24.40013]}},{"type":"Feature","properties":{"kind":"armazem_conab","nome":"Coamo Agroindustrial Cooperativa","municipio":"Brasilândia do Sul","tipo":"Bateria de Silos","cap_t":34880},"geometry":{"type":"Point","coordinates":[-53.54057,-24.2086]}},{"type":"Feature","properties":{"kind":"armazem_conab","nome":"Coamo Agroindustrial Cooperativa","municipio":"Brasilândia do Sul","tipo":"Bateria de Silos","cap_t":9560},"geometry":{"type":"Point","coordinates":[-53.53958,-24.20934]}},{"type":"Feature","properties":{"kind":"armazem_conab","nome":"Agropar - Cooperativa Agroindustrial do Medio Oeste do Parana","municipio":"Brasilândia do Sul","tipo":"Bateria de Silos","cap_t":7860},"geometry":{"type":"Point","coordinates":[-53.5377,-24.20591]}},{"type":"Feature","properties":{"kind":"armazem_conab","nome":"C.vale - Cooperativa Agroindustrial","municipio":"Assis Chateaubriand","tipo":"Convencional","cap_t":5460},"geometry":{"type":"Point","coordinates":[-53.53739,-24.39552]}},{"type":"Feature","properties":{"kind":"armazem_conab","nome":"Dors Imp e Exp de Alimentos Ltda","municipio":"Realeza","tipo":"Convencional","cap_t":1350},"geometry":{"type":"Point","coordinates":[-53.5372,-25.7746]}},{"type":"Feature","properties":{"kind":"armazem_conab","nome":"C.vale - Cooperativa Agroindustrial","municipio":"Assis Chateaubriand","tipo":"Graneleiro","cap_t":45220},"geometry":{"type":"Point","coordinates":[-53.53649,-24.39515]}},{"type":"Feature","properties":{"kind":"armazem_conab","nome":"C.vale - Cooperativa Agroindustrial","municipio":"Assis Chateaubriand","tipo":"Graneleiro","cap_t":32010},"geometry":{"type":"Point","coordinates":[-53.53596,-24.39511]}},{"type":"Feature","properties":{"kind":"armazem_conab","nome":"C.vale - Cooperativa Agroindustrial","municipio":"Assis Chateaubriand","tipo":"Silo","cap_t":5920},"geometry":{"type":"Point","coordinates":[-53.53548,-24.3955]}},{"type":"Feature","properties":{"kind":"armazem_conab","nome":"Agricola Andreis Ltda","municipio":"Cascavel","tipo":"Graneleiro","cap_t":9000},"geometry":{"type":"Point","coordinates":[-53.53517,-24.99508]}},{"type":"Feature","properties":{"kind":"armazem_conab","nome":"C.vale - Cooperativa Agroindustrial","municipio":"Brasilândia do Sul","tipo":"Bateria de Silos","cap_t":23080},"geometry":{"type":"Point","coordinates":[-53.53443,-24.18954]}},{"type":"Feature","properties":{"kind":"armazem_conab","nome":"Agropar - Cooperativa Agroindustrial do Medio Oeste do Parana","municipio":"Assis Chateaubriand","tipo":"Bateria de Silos","cap_t":15800},"geometry":{"type":"Point","coordinates":[-53.53217,-24.42523]}},{"type":"Feature","properties":{"kind":"armazem_conab","nome":"Com e Exp de Fertilizantes Coral Ltda","municipio":"Cascavel","tipo":"Convencional","cap_t":610},"geometry":{"type":"Point","coordinates":[-53.53215,-25.01114]}},{"type":"Feature","properties":{"kind":"armazem_conab","nome":"Com e Exp de Fertilizantes Coral Ltda","municipio":"Cascavel","tipo":"Graneleiro","cap_t":1520},"geometry":{"type":"Point","coordinates":[-53.53215,-25.01114]}},{"type":"Feature","properties":{"kind":"armazem_conab","nome":"Com e Exp de Fertilizantes Coral Ltda","municipio":"Cascavel","tipo":"Convencional","cap_t":2140},"geometry":{"type":"Point","coordinates":[-53.53215,-25.01114]}},{"type":"Feature","properties":{"kind":"armazem_conab","nome":"I. Riedi & Cia. Ltda.","municipio":"Assis Chateaubriand","tipo":"Bateria de Silos","cap_t":16220},"geometry":{"type":"Point","coordinates":[-53.53139,-24.41328]}},{"type":"Feature","properties":{"kind":"armazem_conab","nome":"Siloti & Cia Ltda","municipio":"Assis Chateaubriand","tipo":"Bateria de Silos","cap_t":28580},"geometry":{"type":"Point","coordinates":[-53.53097,-24.41727]}},{"type":"Feature","properties":{"kind":"armazem_conab","nome":"I. Riedi & Cia. Ltda.","municipio":"Cascavel","tipo":"Silo","cap_t":4010},"geometry":{"type":"Point","coordinates":[-53.52989,-25.00924]}},{"type":"Feature","properties":{"kind":"armazem_conab","nome":"Siloti & Cia Ltda","municipio":"Assis Chateaubriand","tipo":"Convencional","cap_t":1240},"geometry":{"type":"Point","coordinates":[-53.52654,-24.40987]}},{"type":"Feature","properties":{"kind":"armazem_conab","nome":"Coamo Agroindustrial Cooperativa","municipio":"Tupãssi","tipo":"Bateria de Silos","cap_t":25350},"geometry":{"type":"Point","coordinates":[-53.52552,-24.73831]}},{"type":"Feature","properties":{"kind":"armazem_conab","nome":"Paulo Benvenutti","municipio":"Querência do Norte","tipo":"Silo","cap_t":1290},"geometry":{"type":"Point","coordinates":[-53.5254,-23.0979]}},{"type":"Feature","properties":{"kind":"armazem_conab","nome":"Coopavel Cooperativa Agroindustrial","municipio":"Realeza","tipo":"Graneleiro","cap_t":33060},"geometry":{"type":"Point","coordinates":[-53.5239,-25.7748]}},{"type":"Feature","properties":{"kind":"armazem_conab","nome":"Agropar - Cooperativa Agroindustrial do Medio Oeste do Parana","municipio":"Assis Chateaubriand","tipo":"Bateria de Silos","cap_t":26950},"geometry":{"type":"Point","coordinates":[-53.52005,-24.39499]}},{"type":"Feature","properties":{"kind":"armazem_conab","nome":"Agropar - Cooperativa Agroindustrial do Medio Oeste do Parana","municipio":"Assis Chateaubriand","tipo":"Graneleiro","cap_t":13430},"geometry":{"type":"Point","coordinates":[-53.51907,-24.3949]}},{"type":"Feature","properties":{"kind":"armazem_conab","nome":"Cobrazem Agroindustrial Ltda","municipio":"Cascavel","tipo":"Graneleiro","cap_t":13780},"geometry":{"type":"Point","coordinates":[-53.51837,-24.99605]}},{"type":"Feature","properties":{"kind":"armazem_conab","nome":"Cobrazem Agroindustrial Ltda","municipio":"Cascavel","tipo":"Graneleiro","cap_t":7030},"geometry":{"type":"Point","coordinates":[-53.51837,-24.99605]}},{"type":"Feature","properties":{"kind":"armazem_conab","nome":"Agricola Andreis Ltda","municipio":"Cascavel","tipo":"Graneleiro","cap_t":720},"geometry":{"type":"Point","coordinates":[-53.51796,-24.99527]}},{"type":"Feature","properties":{"kind":"armazem_conab","nome":"Agricola Andreis Ltda","municipio":"Cascavel","tipo":"Graneleiro","cap_t":1650},"geometry":{"type":"Point","coordinates":[-53.51763,-24.99553]}},{"type":"Feature","properties":{"kind":"armazem_conab","nome":"Valdinei Antonio Pesini","municipio":"Querência do Norte","tipo":"Silo","cap_t":550},"geometry":{"type":"Point","coordinates":[-53.5166,-23.1253]}},{"type":"Feature","properties":{"kind":"armazem_conab","nome":"Cobrazem Agroindustrial Ltda","municipio":"Tupãssi","tipo":"Graneleiro","cap_t":11420},"geometry":{"type":"Point","coordinates":[-53.51138,-24.5774]}},{"type":"Feature","properties":{"kind":"armazem_conab","nome":"Mauro José Jordão","municipio":"Assis Chateaubriand","tipo":"Bateria de Silos","cap_t":2650},"geometry":{"type":"Point","coordinates":[-53.51038,-24.44327]}},{"type":"Feature","properties":{"kind":"armazem_conab","nome":"Ind e Com de Feculas Juriti Ltda","municipio":"Querência do Norte","tipo":"Convencional","cap_t":2700},"geometry":{"type":"Point","coordinates":[-53.5096,-23.0897]}},{"type":"Feature","properties":{"kind":"armazem_conab","nome":"Sementes Condor Ltda","municipio":"Cascavel","tipo":"Graneleiro","cap_t":7840},"geometry":{"type":"Point","coordinates":[-53.50944,-24.98789]}},{"type":"Feature","properties":{"kind":"armazem_conab","nome":"Sementes Condor Ltda","municipio":"Cascavel","tipo":"Convencional","cap_t":6120},"geometry":{"type":"Point","coordinates":[-53.50943,-24.98772]}},{"type":"Feature","properties":{"kind":"armazem_conab","nome":"Siloti & Cia Ltda","municipio":"Assis Chateaubriand","tipo":"Convencional","cap_t":640},"geometry":{"type":"Point","coordinates":[-53.50408,-24.40689]}},{"type":"Feature","properties":{"kind":"armazem_conab","nome":"Tresbomm Comércio e Exportação de Grãos Ltda.","municipio":"Palotina","tipo":"Bateria de Silos","cap_t":5480},"geometry":{"type":"Point","coordinates":[-53.50389,-24.13442]}},{"type":"Feature","properties":{"kind":"armazem_conab","nome":"Coamo Agroindustrial Cooperativa","municipio":"Tupãssi","tipo":"Bateria de Silos","cap_t":31450},"geometry":{"type":"Point","coordinates":[-53.50124,-24.58843]}},{"type":"Feature","properties":{"kind":"armazem_conab","nome":"Coamo Agroindustrial Cooperativa","municipio":"Tupãssi","tipo":"Bateria de Silos","cap_t":2640},"geometry":{"type":"Point","coordinates":[-53.50118,-24.5878]}},{"type":"Feature","properties":{"kind":"armazem_conab","nome":"C.vale - Cooperativa Agroindustrial","municipio":"Assis Chateaubriand","tipo":"Silo","cap_t":5840},"geometry":{"type":"Point","coordinates":[-53.50077,-24.27171]}},{"type":"Feature","properties":{"kind":"armazem_conab","nome":"Coamo Agroindustrial Cooperativa","municipio":"Tupãssi","tipo":"Graneleiro","cap_t":18240},"geometry":{"type":"Point","coordinates":[-53.5007,-24.58841]}},{"type":"Feature","properties":{"kind":"armazem_conab","nome":"C.vale - Cooperativa Agroindustrial","municipio":"Assis Chateaubriand","tipo":"Graneleiro","cap_t":2980},"geometry":{"type":"Point","coordinates":[-53.50059,-24.27176]}},{"type":"Feature","properties":{"kind":"armazem_conab","nome":"C.vale - Cooperativa Agroindustrial","municipio":"Assis Chateaubriand","tipo":"Silo","cap_t":4050},"geometry":{"type":"Point","coordinates":[-53.50028,-24.27184]}},{"type":"Feature","properties":{"kind":"armazem_conab","nome":"Plantar Com Insumos Ltda","municipio":"Cascavel","tipo":"Bateria de Silos","cap_t":11160},"geometry":{"type":"Point","coordinates":[-53.49667,-24.91138]}},{"type":"Feature","properties":{"kind":"armazem_conab","nome":"Plantar Com Insumos Ltda","municipio":"Cascavel","tipo":"Bateria de Silos","cap_t":5530},"geometry":{"type":"Point","coordinates":[-53.49661,-24.91139]}},{"type":"Feature","properties":{"kind":"armazem_conab","nome":"Plantar Com Insumos Ltda","municipio":"Cascavel","tipo":"Bateria de Silos","cap_t":1130},"geometry":{"type":"Point","coordinates":[-53.49652,-24.91246]}},{"type":"Feature","properties":{"kind":"armazem_conab","nome":"Plantar Com Insumos Ltda","municipio":"Cascavel","tipo":"Convencional","cap_t":2530},"geometry":{"type":"Point","coordinates":[-53.49645,-24.91248]}},{"type":"Feature","properties":{"kind":"armazem_conab","nome":"Ind Alimentos Tradicao Ltda","municipio":"Cascavel","tipo":"Bateria de Silos","cap_t":33540},"geometry":{"type":"Point","coordinates":[-53.49629,-24.98195]}},{"type":"Feature","properties":{"kind":"armazem_conab","nome":"I. Riedi & Cia. Ltda.","municipio":"Palotina","tipo":"Graneleiro","cap_t":5000},"geometry":{"type":"Point","coordinates":[-53.49583,-24.16477]}},{"type":"Feature","properties":{"kind":"armazem_conab","nome":"Ind Alimentos Tradicao Ltda","municipio":"Cascavel","tipo":"Graneleiro","cap_t":5590},"geometry":{"type":"Point","coordinates":[-53.49578,-24.98014]}},{"type":"Feature","properties":{"kind":"armazem_conab","nome":"Plantar Com Insumos Ltda","municipio":"Cascavel","tipo":"Convencional","cap_t":3280},"geometry":{"type":"Point","coordinates":[-53.49544,-24.91217]}},{"type":"Feature","properties":{"kind":"armazem_conab","nome":"C.vale - Cooperativa Agroindustrial","municipio":"Palotina","tipo":"Graneleiro","cap_t":37730},"geometry":{"type":"Point","coordinates":[-53.49473,-24.16417]}},{"type":"Feature","properties":{"kind":"armazem_conab","nome":"Irineu Sanchez de Almeida","municipio":"Querência do Norte","tipo":"Silo","cap_t":1180},"geometry":{"type":"Point","coordinates":[-53.4943,-23.093]}},{"type":"Feature","properties":{"kind":"armazem_conab","nome":"Bocchi Agronegocios & Cia Ltda","municipio":"Santa Izabel do Oeste","tipo":"Convencional","cap_t":1620},"geometry":{"type":"Point","coordinates":[-53.4924,-25.8094]}},{"type":"Feature","properties":{"kind":"armazem_conab","nome":"Bocchi Agronegocios & Cia Ltda","municipio":"Santa Izabel do Oeste","tipo":"Bateria de Silos","cap_t":4430},"geometry":{"type":"Point","coordinates":[-53.4911,-25.8093]}},{"type":"Feature","properties":{"kind":"armazem_conab","nome":"Bocchi Agronegocios & Cia Ltda","municipio":"Santa Izabel do Oeste","tipo":"Graneleiro","cap_t":10260},"geometry":{"type":"Point","coordinates":[-53.4888,-25.8126]}},{"type":"Feature","properties":{"kind":"armazem_conab","nome":"Cocamar Cooperativa Agroindustrial","municipio":"Querência do Norte","tipo":"Bateria de Silos","cap_t":8100},"geometry":{"type":"Point","coordinates":[-53.4884,-23.0957]}},{"type":"Feature","properties":{"kind":"armazem_conab","nome":"I. Riedi & Cia. Ltda.","municipio":"Cascavel","tipo":"Graneleiro","cap_t":8880},"geometry":{"type":"Point","coordinates":[-53.48741,-24.98182]}},{"type":"Feature","properties":{"kind":"armazem_conab","nome":"Siloti & Cia Ltda","municipio":"Brasilândia do Sul","tipo":"Bateria de Silos","cap_t":15800},"geometry":{"type":"Point","coordinates":[-53.48724,-24.07673]}},{"type":"Feature","properties":{"kind":"armazem_conab","nome":"I. Riedi & Cia. Ltda.","municipio":"Cascavel","tipo":"Bateria de Silos","cap_t":32600},"geometry":{"type":"Point","coordinates":[-53.48695,-24.98238]}},{"type":"Feature","properties":{"kind":"armazem_conab","nome":"Coopavel Cooperativa Agroindustrial","municipio":"Cascavel","tipo":"Bateria de Silos","cap_t":11680},"geometry":{"type":"Point","coordinates":[-53.48555,-25.09793]}},{"type":"Feature","properties":{"kind":"armazem_conab","nome":"I. Riedi & Cia. Ltda.","municipio":"Cascavel","tipo":"Graneleiro","cap_t":17600},"geometry":{"type":"Point","coordinates":[-53.48538,-24.98248]}},{"type":"Feature","properties":{"kind":"armazem_conab","nome":"Cooperativa de Comerc.e Reforma Agraria Avante Ltda","municipio":"Querência do Norte","tipo":"Bateria de Silos","cap_t":11920},"geometry":{"type":"Point","coordinates":[-53.4829,-23.1052]}},{"type":"Feature","properties":{"kind":"armazem_conab","nome":"Copagra-cooperativa Agroindustrial do Noroeste Par","municipio":"Querência do Norte","tipo":"Convencional","cap_t":3830},"geometry":{"type":"Point","coordinates":[-53.4826,-23.0941]}},{"type":"Feature","properties":{"kind":"armazem_conab","nome":"Cooperativa de Comerc.e Reforma Agraria Avante Ltda","municipio":"Querência do Norte","tipo":"Bateria de Silos","cap_t":2760},"geometry":{"type":"Point","coordinates":[-53.4821,-23.0938]}},{"type":"Feature","properties":{"kind":"armazem_conab","nome":"Copagra-cooperativa Agroindustrial do Noroeste Par","municipio":"Querência do Norte","tipo":"Bateria de Silos","cap_t":5400},"geometry":{"type":"Point","coordinates":[-53.4821,-23.0938]}},{"type":"Feature","properties":{"kind":"armazem_conab","nome":"M. Dalle Laste & Cia Ltda","municipio":"Ampére","tipo":"Silo","cap_t":440},"geometry":{"type":"Point","coordinates":[-53.4817,-25.9278]}},{"type":"Feature","properties":{"kind":"armazem_conab","nome":"Copagra-cooperativa Agroindustrial do Noroeste Par","municipio":"Querência do Norte","tipo":"Bateria de Silos","cap_t":3310},"geometry":{"type":"Point","coordinates":[-53.4808,-23.0942]}},{"type":"Feature","properties":{"kind":"armazem_conab","nome":"Copagra-cooperativa Agroindustrial do Noroeste Par","municipio":"Querência do Norte","tipo":"Convencional","cap_t":1420},"geometry":{"type":"Point","coordinates":[-53.4802,-23.0941]}},{"type":"Feature","properties":{"kind":"armazem_conab","nome":"Carminatti Cereais Ltda","municipio":"Pinhal de São Bento","tipo":"Graneleiro","cap_t":2380},"geometry":{"type":"Point","coordinates":[-53.4786,-26.03597]}},{"type":"Feature","properties":{"kind":"armazem_conab","nome":"Carminatti Cereais Ltda","municipio":"Pinhal de São Bento","tipo":"Silo","cap_t":2330},"geometry":{"type":"Point","coordinates":[-53.47833,-26.03593]}},{"type":"Feature","properties":{"kind":"armazem_conab","nome":"Plantar Com Insumos Ltda","municipio":"Cascavel","tipo":"Bateria de Silos","cap_t":5530},"geometry":{"type":"Point","coordinates":[-53.47768,-25.06825]}},{"type":"Feature","properties":{"kind":"armazem_conab","nome":"José Edvaldo Ferrari","municipio":"Querência do Norte","tipo":"Bateria de Silos","cap_t":4370},"geometry":{"type":"Point","coordinates":[-53.4762,-23.0861]}},{"type":"Feature","properties":{"kind":"armazem_conab","nome":"Zigomar Luiz Salvati","municipio":"Cascavel","tipo":"Bateria de Silos","cap_t":970},"geometry":{"type":"Point","coordinates":[-53.4748,-24.80964]}},{"type":"Feature","properties":{"kind":"armazem_conab","nome":"Erlindo Aita","municipio":"Querência do Norte","tipo":"Bateria de Silos","cap_t":2350},"geometry":{"type":"Point","coordinates":[-53.4735,-23.0857]}},{"type":"Feature","properties":{"kind":"armazem_conab","nome":"Gino Aita e Outros","municipio":"Querência do Norte","tipo":"Bateria de Silos","cap_t":2350},"geometry":{"type":"Point","coordinates":[-53.4728,-23.0868]}},{"type":"Feature","properties":{"kind":"armazem_conab","nome":"Ind Alimentos Tradicao Ltda","municipio":"Cascavel","tipo":"Bateria de Silos","cap_t":3400},"geometry":{"type":"Point","coordinates":[-53.47062,-24.98475]}},{"type":"Feature","properties":{"kind":"armazem_conab","nome":"Coopavel Cooperativa Agroindustrial","municipio":"Cascavel","tipo":"Graneleiro","cap_t":20760},"geometry":{"type":"Point","coordinates":[-53.46886,-24.98446]}},{"type":"Feature","properties":{"kind":"armazem_conab","nome":"Coopavel Cooperativa Agroindustrial","municipio":"Santa Izabel do Oeste","tipo":"Silo","cap_t":2580},"geometry":{"type":"Point","coordinates":[-53.4688,-25.8278]}},{"type":"Feature","properties":{"kind":"armazem_conab","nome":"Coopavel Cooperativa Agroindustrial","municipio":"Cascavel","tipo":"Graneleiro","cap_t":31800},"geometry":{"type":"Point","coordinates":[-53.46879,-24.98403]}},{"type":"Feature","properties":{"kind":"armazem_conab","nome":"L Dalle Laste e Cia Ltda","municipio":"Ampére","tipo":"Silo","cap_t":1180},"geometry":{"type":"Point","coordinates":[-53.4687,-25.9151]}},{"type":"Feature","properties":{"kind":"armazem_conab","nome":"Coopavel Cooperativa Agroindustrial","municipio":"Cascavel","tipo":"Graneleiro","cap_t":29920},"geometry":{"type":"Point","coordinates":[-53.46775,-24.98442]}},{"type":"Feature","properties":{"kind":"armazem_conab","nome":"Coopavel Cooperativa Agroindustrial","municipio":"Santa Izabel do Oeste","tipo":"Bateria de Silos","cap_t":17500},"geometry":{"type":"Point","coordinates":[-53.46743,-25.82659]}},{"type":"Feature","properties":{"kind":"armazem_conab","nome":"Coopavel Cooperativa Agroindustrial","municipio":"Cascavel","tipo":"Convencional","cap_t":12460},"geometry":{"type":"Point","coordinates":[-53.46742,-24.98504]}},{"type":"Feature","properties":{"kind":"armazem_conab","nome":"Copacol- Coop Agroindustrial Consolata","municipio":"Tupãssi","tipo":"Bateria de Silos","cap_t":7340},"geometry":{"type":"Point","coordinates":[-53.46728,-24.64531]}},{"type":"Feature","properties":{"kind":"armazem_conab","nome":"Copacol- Coop Agroindustrial Consolata","municipio":"Tupãssi","tipo":"Graneleiro","cap_t":10120},"geometry":{"type":"Point","coordinates":[-53.46673,-24.64542]}},{"type":"Feature","properties":{"kind":"armazem_conab","nome":"Gino Aita e Outros","municipio":"Santa Cruz de Monte Castelo","tipo":"Silo","cap_t":1950},"geometry":{"type":"Point","coordinates":[-53.4666,-23.1868]}},{"type":"Feature","properties":{"kind":"armazem_conab","nome":"Cooatol Comercio de Insumos Agropecuarios Ltda.","municipio":"Cascavel","tipo":"Graneleiro","cap_t":10390},"geometry":{"type":"Point","coordinates":[-53.46574,-24.98363]}},{"type":"Feature","properties":{"kind":"armazem_conab","nome":"Cooatol Comercio de Insumos Agropecuarios Ltda.","municipio":"Cascavel","tipo":"Graneleiro","cap_t":8570},"geometry":{"type":"Point","coordinates":[-53.46504,-24.98345]}},{"type":"Feature","properties":{"kind":"armazem_conab","nome":"Coopavel Cooperativa Agroindustrial","municipio":"Cascavel","tipo":"Bateria de Silos","cap_t":14440},"geometry":{"type":"Point","coordinates":[-53.46495,-24.82062]}},{"type":"Feature","properties":{"kind":"armazem_conab","nome":"Sementes Stocker Ltda","municipio":"Cascavel","tipo":"Bateria de Silos","cap_t":5690},"geometry":{"type":"Point","coordinates":[-53.46414,-24.91648]}},{"type":"Feature","properties":{"kind":"armazem_conab","nome":"I. Riedi & Cia. Ltda.","municipio":"Cascavel","tipo":"Silo","cap_t":2040},"geometry":{"type":"Point","coordinates":[-53.46387,-24.82783]}},{"type":"Feature","properties":{"kind":"armazem_conab","nome":"Laurie Davies","municipio":"Santa Cruz de Monte Castelo","tipo":"Silo","cap_t":740},"geometry":{"type":"Point","coordinates":[-53.4625,-23.1616]}},{"type":"Feature","properties":{"kind":"armazem_conab","nome":"Disam Distribuidora de Insumos Agricolas Sul America Ltda","municipio":"Cascavel","tipo":"Graneleiro","cap_t":6520},"geometry":{"type":"Point","coordinates":[-53.46192,-24.98042]}},{"type":"Feature","properties":{"kind":"armazem_conab","nome":"Moinho Regio Alimentos S/a","municipio":"Cascavel","tipo":"Bateria de Silos","cap_t":17690},"geometry":{"type":"Point","coordinates":[-53.46108,-24.98142]}},{"type":"Feature","properties":{"kind":"armazem_conab","nome":"Moinho Regio Alimentos S/a","municipio":"Cascavel","tipo":"Graneleiro","cap_t":13570},"geometry":{"type":"Point","coordinates":[-53.46074,-24.98064]}},{"type":"Feature","properties":{"kind":"armazem_conab","nome":"Moinho Regio Alimentos S/a","municipio":"Cascavel","tipo":"Graneleiro","cap_t":12550},"geometry":{"type":"Point","coordinates":[-53.46073,-24.98087]}},{"type":"Feature","properties":{"kind":"armazem_conab","nome":"Maria Lupatini","municipio":"Cascavel","tipo":"Bateria de Silos","cap_t":2650},"geometry":{"type":"Point","coordinates":[-53.45845,-24.91393]}},{"type":"Feature","properties":{"kind":"armazem_conab","nome":"Grao Fertil Com Imp e Exp Ltda","municipio":"Cascavel","tipo":"Convencional","cap_t":2300},"geometry":{"type":"Point","coordinates":[-53.45842,-24.92536]}},{"type":"Feature","properties":{"kind":"armazem_conab","nome":"Grao Fertil Com Imp e Exp Ltda","municipio":"Cascavel","tipo":"Bateria de Silos","cap_t":12170},"geometry":{"type":"Point","coordinates":[-53.45792,-24.92572]}},{"type":"Feature","properties":{"kind":"armazem_conab","nome":"Fistarol e Cia Ltda","municipio":"Ampére","tipo":"Bateria de Silos","cap_t":18660},"geometry":{"type":"Point","coordinates":[-53.4557,-25.8991]}},{"type":"Feature","properties":{"kind":"armazem_conab","nome":"Cocamar Cooperativa Agroindustrial","municipio":"Santa Cruz de Monte Castelo","tipo":"Bateria de Silos","cap_t":25780},"geometry":{"type":"Point","coordinates":[-53.44765,-23.09584]}},{"type":"Feature","properties":{"kind":"armazem_conab","nome":"Marcos Favoretto","municipio":"Santa Cruz de Monte Castelo","tipo":"Bateria de Silos","cap_t":10790},"geometry":{"type":"Point","coordinates":[-53.4475,-23.0958]}},{"type":"Feature","properties":{"kind":"armazem_conab","nome":"Coasul Cooperativa Agroindustrial","municipio":"Ampére","tipo":"Silo","cap_t":5650},"geometry":{"type":"Point","coordinates":[-53.4378,-25.9062]}},{"type":"Feature","properties":{"kind":"armazem_conab","nome":"Coacig Agroindustrial Cooperativa","municipio":"Cafelândia","tipo":"Convencional","cap_t":790},"geometry":{"type":"Point","coordinates":[-53.43294,-24.75331]}},{"type":"Feature","properties":{"kind":"armazem_conab","nome":"Coacig Agroindustrial Cooperativa","municipio":"Cafelândia","tipo":"Bateria de Silos","cap_t":3570},"geometry":{"type":"Point","coordinates":[-53.43252,-24.75311]}},{"type":"Feature","properties":{"kind":"armazem_conab","nome":"Adyr Dazzi & Outros","municipio":"Palotina","tipo":"Bateria de Silos","cap_t":21730},"geometry":{"type":"Point","coordinates":[-53.42512,-24.21544]}},{"type":"Feature","properties":{"kind":"armazem_conab","nome":"Copacol - Coop Agroindustrial Consolata","municipio":"Jesuítas","tipo":"Bateria de Silos","cap_t":7940},"geometry":{"type":"Point","coordinates":[-53.4198,-24.48832]}},{"type":"Feature","properties":{"kind":"armazem_conab","nome":"Dip Frangos S.a.","municipio":"Cascavel","tipo":"Graneleiro","cap_t":41570},"geometry":{"type":"Point","coordinates":[-53.41249,-24.9619]}},{"type":"Feature","properties":{"kind":"armazem_conab","nome":"Agronegócio Chiafre Ltda","municipio":"Boa Vista da Aparecida","tipo":"Convencional","cap_t":2700},"geometry":{"type":"Point","coordinates":[-53.40625,-25.44896]}},{"type":"Feature","properties":{"kind":"armazem_conab","nome":"Coopavel Cooperativa Agroindustrial","municipio":"Boa Vista da Aparecida","tipo":"Graneleiro","cap_t":1620},"geometry":{"type":"Point","coordinates":[-53.40546,-25.44852]}},{"type":"Feature","properties":{"kind":"armazem_conab","nome":"Paiquerê Agroindustrial Ltda","municipio":"Alto Piquiri","tipo":"Bateria de Silos","cap_t":1620},"geometry":{"type":"Point","coordinates":[-53.40118,-24.0424]}},{"type":"Feature","properties":{"kind":"armazem_conab","nome":"Jose Carlos Pennacchi e Outros","municipio":"Cascavel","tipo":"Bateria de Silos","cap_t":12670},"geometry":{"type":"Point","coordinates":[-53.39933,-24.94716]}},{"type":"Feature","properties":{"kind":"armazem_conab","nome":"Globoaves Sao Paulo Agroavicola Ltda","municipio":"Cascavel","tipo":"Graneleiro","cap_t":12170},"geometry":{"type":"Point","coordinates":[-53.39917,-24.94825]}},{"type":"Feature","properties":{"kind":"armazem_conab","nome":"Globoaves Sao Paulo Agroavicola Ltda","municipio":"Cascavel","tipo":"Silo","cap_t":4130},"geometry":{"type":"Point","coordinates":[-53.39891,-24.94871]}},{"type":"Feature","properties":{"kind":"armazem_conab","nome":"Copacol - Coop Agroindustrial Consolata.","municipio":"Cascavel","tipo":"Bateria de Silos","cap_t":9040},"geometry":{"type":"Point","coordinates":[-53.3973,-24.8031]}},{"type":"Feature","properties":{"kind":"armazem_conab","nome":"Coasul Cooperativa Agroindustrial","municipio":"Salto do Lontra","tipo":"Convencional","cap_t":6450},"geometry":{"type":"Point","coordinates":[-53.3956,-25.77334]}},{"type":"Feature","properties":{"kind":"armazem_conab","nome":"Coamo Agroindustrial Cooperativa","municipio":"Alto Piquiri","tipo":"Bateria de Silos","cap_t":24410},"geometry":{"type":"Point","coordinates":[-53.39501,-24.08124]}},{"type":"Feature","properties":{"kind":"armazem_conab","nome":"Coopavel Cooperativa Agroindustrial","municipio":"Cascavel","tipo":"Bateria de Silos","cap_t":15820},"geometry":{"type":"Point","coordinates":[-53.38649,-24.9761]}},{"type":"Feature","properties":{"kind":"armazem_conab","nome":"Copacol- Coop Agroindustrial Consolata","municipio":"Jesuítas","tipo":"Bateria de Silos","cap_t":3470},"geometry":{"type":"Point","coordinates":[-53.38545,-24.38731]}},{"type":"Feature","properties":{"kind":"armazem_conab","nome":"Copacol- Coop Agroindustrial Consolata","municipio":"Jesuítas","tipo":"Bateria de Silos","cap_t":23510},"geometry":{"type":"Point","coordinates":[-53.38445,-24.38734]}},{"type":"Feature","properties":{"kind":"armazem_conab","nome":"Copacol- Coop Agroindustrial Consolata","municipio":"Jesuítas","tipo":"Graneleiro","cap_t":15770},"geometry":{"type":"Point","coordinates":[-53.38411,-24.38822]}},{"type":"Feature","properties":{"kind":"armazem_conab","nome":"Coopavel Cooperativa Agroindustrial","municipio":"Cascavel","tipo":"Bateria de Silos","cap_t":10330},"geometry":{"type":"Point","coordinates":[-53.38208,-24.97253]}},{"type":"Feature","properties":{"kind":"armazem_conab","nome":"Copacol- Coop Agroindustrial Consolata","municipio":"Jesuítas","tipo":"Graneleiro","cap_t":35860},"geometry":{"type":"Point","coordinates":[-53.38183,-24.36924]}},{"type":"Feature","properties":{"kind":"armazem_conab","nome":"Coopavel Cooperativa Agroindustrial","municipio":"Cascavel","tipo":"Graneleiro","cap_t":11010},"geometry":{"type":"Point","coordinates":[-53.38178,-24.97203]}},{"type":"Feature","properties":{"kind":"armazem_conab","nome":"Copacol- Coop Agroindustrial Consolata","municipio":"Cafelândia","tipo":"Bateria de Silos","cap_t":23850},"geometry":{"type":"Point","coordinates":[-53.38172,-24.6968]}},{"type":"Feature","properties":{"kind":"armazem_conab","nome":"Copacol- Coop Agroindustrial Consolata","municipio":"Jesuítas","tipo":"Graneleiro","cap_t":35860},"geometry":{"type":"Point","coordinates":[-53.38163,-24.36868]}},{"type":"Feature","properties":{"kind":"armazem_conab","nome":"Vilson Albiero","municipio":"Cascavel","tipo":"Bateria de Silos","cap_t":4550},"geometry":{"type":"Point","coordinates":[-53.38162,-24.90685]}},{"type":"Feature","properties":{"kind":"armazem_conab","nome":"Copacol- Coop Agroindustrial Consolata","municipio":"Jesuítas","tipo":"Graneleiro","cap_t":35860},"geometry":{"type":"Point","coordinates":[-53.38144,-24.36813]}},{"type":"Feature","properties":{"kind":"armazem_conab","nome":"Copacol- Coop Agroindustrial Consolata","municipio":"Cafelândia","tipo":"Bateria de Silos","cap_t":11740},"geometry":{"type":"Point","coordinates":[-53.38111,-24.69784]}},{"type":"Feature","properties":{"kind":"armazem_conab","nome":"Coopavel Cooperativa Agroindustrial","municipio":"Cascavel","tipo":"Bateria de Silos","cap_t":1840},"geometry":{"type":"Point","coordinates":[-53.38073,-24.97102]}},{"type":"Feature","properties":{"kind":"armazem_conab","nome":"Coopavel Cooperativa Agroindustrial","municipio":"Cascavel","tipo":"Convencional","cap_t":14130},"geometry":{"type":"Point","coordinates":[-53.38019,-24.97282]}},{"type":"Feature","properties":{"kind":"armazem_conab","nome":"Copacol- Coop Agroindustrial Consolata","municipio":"Nova Aurora","tipo":"Bateria de Silos","cap_t":5200},"geometry":{"type":"Point","coordinates":[-53.37804,-24.56981]}},{"type":"Feature","properties":{"kind":"armazem_conab","nome":"Copacol- Coop Agroindustrial Consolata","municipio":"Nova Aurora","tipo":"Bateria de Silos","cap_t":5100},"geometry":{"type":"Point","coordinates":[-53.37792,-24.56867]}},{"type":"Feature","properties":{"kind":"armazem_conab","nome":"José da Silva Martins","municipio":"Alto Piquiri","tipo":"Bateria de Silos","cap_t":6870},"geometry":{"type":"Point","coordinates":[-53.3682,-24.13726]}},{"type":"Feature","properties":{"kind":"armazem_conab","nome":"Kleber Hudson Canassa","municipio":"Querência do Norte","tipo":"Bateria de Silos","cap_t":2350},"geometry":{"type":"Point","coordinates":[-53.36525,-23.11455]}},{"type":"Feature","properties":{"kind":"armazem_conab","nome":"Copacol- Coop Agroindustrial Consolata","municipio":"Iracema do Oeste","tipo":"Bateria de Silos","cap_t":7570},"geometry":{"type":"Point","coordinates":[-53.36156,-24.42796]}},{"type":"Feature","properties":{"kind":"armazem_conab","nome":"I. Riedi & Cia. Ltda.","municipio":"Iracema do Oeste","tipo":"Bateria de Silos","cap_t":9630},"geometry":{"type":"Point","coordinates":[-53.35885,-24.43285]}},{"type":"Feature","properties":{"kind":"armazem_conab","nome":"José Jaime Zarpelon e Outros","municipio":"Iracema do Oeste","tipo":"Bateria de Silos","cap_t":2520},"geometry":{"type":"Point","coordinates":[-53.35728,-24.39769]}},{"type":"Feature","properties":{"kind":"armazem_conab","nome":"C.vale - Cooperativa Agroindustrial","municipio":"Umuarama","tipo":"Bateria de Silos","cap_t":11230},"geometry":{"type":"Point","coordinates":[-53.35535,-23.83424]}},{"type":"Feature","properties":{"kind":"armazem_conab","nome":"Fistarol e Cia Ltda","municipio":"Nova Prata do Iguaçu","tipo":"Bateria de Silos","cap_t":9760},"geometry":{"type":"Point","coordinates":[-53.35338,-25.61467]}},{"type":"Feature","properties":{"kind":"armazem_conab","nome":"Coasul Cooperativa Agroindustrial","municipio":"Nova Prata do Iguaçu","tipo":"Graneleiro","cap_t":6080},"geometry":{"type":"Point","coordinates":[-53.34484,-25.6262]}},{"type":"Feature","properties":{"kind":"armazem_conab","nome":"Coasul Cooperativa Agroindustrial","municipio":"Nova Prata do Iguaçu","tipo":"Bateria de Silos","cap_t":16040},"geometry":{"type":"Point","coordinates":[-53.34434,-25.6259]}},{"type":"Feature","properties":{"kind":"armazem_conab","nome":"Gilmar Goes","municipio":"Alto Piquiri","tipo":"Bateria de Silos","cap_t":3570},"geometry":{"type":"Point","coordinates":[-53.34365,-24.19316]}},{"type":"Feature","properties":{"kind":"armazem_conab","nome":"Agrícola Ghava Ltda","municipio":"Nova Prata do Iguaçu","tipo":"Graneleiro","cap_t":5620},"geometry":{"type":"Point","coordinates":[-53.33806,-25.63561]}},{"type":"Feature","properties":{"kind":"armazem_conab","nome":"Agrícola Ghava Ltda","municipio":"Nova Prata do Iguaçu","tipo":"Bateria de Silos","cap_t":3000},"geometry":{"type":"Point","coordinates":[-53.33769,-25.63555]}},{"type":"Feature","properties":{"kind":"armazem_conab","nome":"Coopavel Cooperativa Agroindustrial","municipio":"Cascavel","tipo":"Silo","cap_t":5860},"geometry":{"type":"Point","coordinates":[-53.33618,-25.26123]}},{"type":"Feature","properties":{"kind":"armazem_conab","nome":"Coasul Cooperativa Agroindustrial","municipio":"Flor da Serra do Sul","tipo":"Bateria de Silos","cap_t":17870},"geometry":{"type":"Point","coordinates":[-53.33483,-26.25143]}},{"type":"Feature","properties":{"kind":"armazem_conab","nome":"Agrosalto Imp e Exp Ltda","municipio":"Cascavel","tipo":"Bateria de Silos","cap_t":17180},"geometry":{"type":"Point","coordinates":[-53.33085,-25.1397]}},{"type":"Feature","properties":{"kind":"armazem_conab","nome":"Cia de Desenvolvimento Agropecuario do Parana - Codapar","municipio":"Cascavel","tipo":"Convencional","cap_t":4480},"geometry":{"type":"Point","coordinates":[-53.32918,-24.98845]}},{"type":"Feature","properties":{"kind":"armazem_conab","nome":"Cargill Agricola S A","municipio":"Cascavel","tipo":"Bateria de Silos","cap_t":35980},"geometry":{"type":"Point","coordinates":[-53.3287,-24.99151]}},{"type":"Feature","properties":{"kind":"armazem_conab","nome":"Cia de Desenvolvimento Agropecuario do Parana - Codapar","municipio":"Cascavel","tipo":"Silo","cap_t":2630},"geometry":{"type":"Point","coordinates":[-53.32836,-24.98862]}},{"type":"Feature","properties":{"kind":"armazem_conab","nome":"Copacol- Coop Agroindustrial Consolata","municipio":"Formosa do Oeste","tipo":"Bateria de Silos","cap_t":5900},"geometry":{"type":"Point","coordinates":[-53.3275,-24.30117]}},{"type":"Feature","properties":{"kind":"armazem_conab","nome":"Copacol- Coop Agroindustrial Consolata","municipio":"Formosa do Oeste","tipo":"Graneleiro","cap_t":27890},"geometry":{"type":"Point","coordinates":[-53.32707,-24.30203]}},{"type":"Feature","properties":{"kind":"armazem_conab","nome":"Copacol- Coop Agroindustrial Consolata","municipio":"Cafelândia","tipo":"Graneleiro","cap_t":52980},"geometry":{"type":"Point","coordinates":[-53.32676,-24.6292]}},{"type":"Feature","properties":{"kind":"armazem_conab","nome":"Seolim Com de Grãos Ltda","municipio":"Umuarama","tipo":"Bateria de Silos","cap_t":15850},"geometry":{"type":"Point","coordinates":[-53.32641,-23.81175]}},{"type":"Feature","properties":{"kind":"armazem_conab","nome":"Copacol- Coop Agroindustrial Consolata","municipio":"Cafelândia","tipo":"Graneleiro","cap_t":63110},"geometry":{"type":"Point","coordinates":[-53.32606,-24.6288]}},{"type":"Feature","properties":{"kind":"armazem_conab","nome":"Bunge Alimentos S/a","municipio":"Cascavel","tipo":"Graneleiro","cap_t":72650},"geometry":{"type":"Point","coordinates":[-53.32595,-24.99291]}},{"type":"Feature","properties":{"kind":"armazem_conab","nome":"Copacol- Coop Agroindustrial Consolata","municipio":"Cafelândia","tipo":"Graneleiro","cap_t":52000},"geometry":{"type":"Point","coordinates":[-53.32591,-24.63087]}},{"type":"Feature","properties":{"kind":"armazem_conab","nome":"Copacol- Coop Agroindustrial Consolata","municipio":"Cafelândia","tipo":"Graneleiro","cap_t":57750},"geometry":{"type":"Point","coordinates":[-53.32529,-24.63076]}},{"type":"Feature","properties":{"kind":"armazem_conab","nome":"Cocamar Cooperativa Agroindustrial","municipio":"Umuarama","tipo":"Bateria de Silos","cap_t":22150},"geometry":{"type":"Point","coordinates":[-53.32518,-23.81474]}},{"type":"Feature","properties":{"kind":"armazem_conab","nome":"Cascavel Armazens Gerais Ltda","municipio":"Cascavel","tipo":"Graneleiro","cap_t":56590},"geometry":{"type":"Point","coordinates":[-53.32479,-24.99076]}},{"type":"Feature","properties":{"kind":"armazem_conab","nome":"Bunge Alimentos S/a","municipio":"Cascavel","tipo":"Bateria de Silos","cap_t":6000},"geometry":{"type":"Point","coordinates":[-53.32476,-24.99236]}},{"type":"Feature","properties":{"kind":"armazem_conab","nome":"Cascavel Armazens Gerais Ltda","municipio":"Cascavel","tipo":"Graneleiro","cap_t":56590},"geometry":{"type":"Point","coordinates":[-53.32473,-24.99025]}},{"type":"Feature","properties":{"kind":"armazem_conab","nome":"Brasil Melhor Serviços Industriais Ltda","municipio":"Santa Cruz de Monte Castelo","tipo":"Convencional","cap_t":790},"geometry":{"type":"Point","coordinates":[-53.3231,-22.9574]}},{"type":"Feature","properties":{"kind":"armazem_conab","nome":"A B Comercio de Insumos Ltda","municipio":"Cascavel","tipo":"Graneleiro","cap_t":30890},"geometry":{"type":"Point","coordinates":[-53.32271,-24.9912]}},{"type":"Feature","properties":{"kind":"armazem_conab","nome":"A B Comercio de Insumos Ltda","municipio":"Cascavel","tipo":"Bateria de Silos","cap_t":42850},"geometry":{"type":"Point","coordinates":[-53.32263,-24.99079]}},{"type":"Feature","properties":{"kind":"armazem_conab","nome":"Copacol- Coop Agroindustrial Consolata","municipio":"Cafelândia","tipo":"Bateria de Silos","cap_t":45960},"geometry":{"type":"Point","coordinates":[-53.3225,-24.62821]}},{"type":"Feature","properties":{"kind":"armazem_conab","nome":"Copacol- Coop Agroindustrial Consolata","municipio":"Cafelândia","tipo":"Graneleiro","cap_t":16810},"geometry":{"type":"Point","coordinates":[-53.32217,-24.62686]}},{"type":"Feature","properties":{"kind":"armazem_conab","nome":"Copacol- Coop Agroindustrial Consolata","municipio":"Cafelândia","tipo":"Graneleiro","cap_t":24927},"geometry":{"type":"Point","coordinates":[-53.32178,-24.62712]}},{"type":"Feature","properties":{"kind":"armazem_conab","nome":"A B Comercio de Insumos Ltda","municipio":"Cascavel","tipo":"Bateria de Silos","cap_t":8020},"geometry":{"type":"Point","coordinates":[-53.32154,-24.99033]}},{"type":"Feature","properties":{"kind":"armazem_conab","nome":"Copacol- Coop Agroindustrial Consolata","municipio":"Cafelândia","tipo":"Graneleiro","cap_t":35160},"geometry":{"type":"Point","coordinates":[-53.32137,-24.62754]}},{"type":"Feature","properties":{"kind":"armazem_conab","nome":"Paraguaçu Textil S/a","municipio":"Umuarama","tipo":"Convencional","cap_t":15750},"geometry":{"type":"Point","coordinates":[-53.32059,-23.80137]}},{"type":"Feature","properties":{"kind":"armazem_conab","nome":"R J do Couto Ne","municipio":"Umuarama","tipo":"Bateria de Silos","cap_t":2570},"geometry":{"type":"Point","coordinates":[-53.32057,-23.81288]}},{"type":"Feature","properties":{"kind":"armazem_conab","nome":"Paraguaçu Textil S/a","municipio":"Umuarama","tipo":"Convencional","cap_t":2250},"geometry":{"type":"Point","coordinates":[-53.31974,-23.80045]}},{"type":"Feature","properties":{"kind":"armazem_conab","nome":"Paraguaçu Textil S/a","municipio":"Umuarama","tipo":"Graneleiro","cap_t":32910},"geometry":{"type":"Point","coordinates":[-53.31949,-23.80201]}},{"type":"Feature","properties":{"kind":"armazem_conab","nome":"Alimentos Zaeli Ltda","municipio":"Umuarama","tipo":"Bateria de Silos","cap_t":520},"geometry":{"type":"Point","coordinates":[-53.31807,-23.78318]}},{"type":"Feature","properties":{"kind":"armazem_conab","nome":"Alimentos Zaeli Ltda","municipio":"Umuarama","tipo":"Bateria de Silos","cap_t":6300},"geometry":{"type":"Point","coordinates":[-53.31791,-23.78282]}},{"type":"Feature","properties":{"kind":"armazem_conab","nome":"Cotriguaçu Cooperativa Central","municipio":"Cascavel","tipo":"Graneleiro","cap_t":126290},"geometry":{"type":"Point","coordinates":[-53.3162,-24.9941]}},{"type":"Feature","properties":{"kind":"armazem_conab","nome":"Cotriguaçu Cooperativa Central","municipio":"Cascavel","tipo":"Bateria de Silos","cap_t":13800},"geometry":{"type":"Point","coordinates":[-53.3162,-24.9941]}},{"type":"Feature","properties":{"kind":"armazem_conab","nome":"Moinho Consolata Ltda","municipio":"Cafelândia","tipo":"Bateria de Silos","cap_t":6370},"geometry":{"type":"Point","coordinates":[-53.31575,-24.6332]}},{"type":"Feature","properties":{"kind":"armazem_conab","nome":"Armazens Gerais Ip Ltda - Me","municipio":"Salto do Lontra","tipo":"Convencional","cap_t":1760},"geometry":{"type":"Point","coordinates":[-53.31447,-25.79105]}},{"type":"Feature","properties":{"kind":"armazem_conab","nome":"Armazens Gerais Ip Ltda - Me","municipio":"Salto do Lontra","tipo":"Convencional","cap_t":830},"geometry":{"type":"Point","coordinates":[-53.31412,-25.79117]}},{"type":"Feature","properties":{"kind":"armazem_conab","nome":"Armazens Gerais Ip Ltda - Me","municipio":"Salto do Lontra","tipo":"Bateria de Silos","cap_t":2900},"geometry":{"type":"Point","coordinates":[-53.31393,-25.79122]}},{"type":"Feature","properties":{"kind":"armazem_conab","nome":"Complexo Agrocomercial Caiuá Ltda.","municipio":"Umuarama","tipo":"Bateria de Silos","cap_t":760},"geometry":{"type":"Point","coordinates":[-53.31373,-23.81823]}},{"type":"Feature","properties":{"kind":"armazem_conab","nome":"Armazens Gerais Ip Ltda - Me","municipio":"Salto do Lontra","tipo":"Bateria de Silos","cap_t":5120},"geometry":{"type":"Point","coordinates":[-53.31372,-25.79133]}},{"type":"Feature","properties":{"kind":"armazem_conab","nome":"Coasul Cooperativa Agroindustrial","municipio":"Salto do Lontra","tipo":"Bateria de Silos","cap_t":2120},"geometry":{"type":"Point","coordinates":[-53.31029,-25.77352]}},{"type":"Feature","properties":{"kind":"armazem_conab","nome":"Coasul Cooperativa Agroindustrial","municipio":"Salto do Lontra","tipo":"Bateria de Silos","cap_t":6940},"geometry":{"type":"Point","coordinates":[-53.30989,-25.77382]}},{"type":"Feature","properties":{"kind":"armazem_conab","nome":"Claudemar Trovo","municipio":"Corbélia","tipo":"Bateria de Silos","cap_t":2230},"geometry":{"type":"Point","coordinates":[-53.30824,-24.71853]}},{"type":"Feature","properties":{"kind":"armazem_conab","nome":"Indústria Moageira Filadélfia Ltda","municipio":"Cascavel","tipo":"Bateria de Silos","cap_t":2710},"geometry":{"type":"Point","coordinates":[-53.30707,-24.99315]}},{"type":"Feature","properties":{"kind":"armazem_conab","nome":"Cerealista Agricola Warmling Ltda","municipio":"Salto do Lontra","tipo":"Convencional","cap_t":3600},"geometry":{"type":"Point","coordinates":[-53.30549,-25.78788]}},{"type":"Feature","properties":{"kind":"armazem_conab","nome":"Cerealista Agricola Warmling Ltda","municipio":"Salto do Lontra","tipo":"Convencional","cap_t":3600},"geometry":{"type":"Point","coordinates":[-53.30549,-25.78788]}},{"type":"Feature","properties":{"kind":"armazem_conab","nome":"Cerealista Agricola Warmling Ltda","municipio":"Salto do Lontra","tipo":"Bateria de Silos","cap_t":8520},"geometry":{"type":"Point","coordinates":[-53.30471,-25.78792]}},{"type":"Feature","properties":{"kind":"armazem_conab","nome":"Sperafico Agroindustrial Ltda","municipio":"Corbélia","tipo":"Convencional","cap_t":2700},"geometry":{"type":"Point","coordinates":[-53.30401,-24.80985]}},{"type":"Feature","properties":{"kind":"armazem_conab","nome":"Sperafico Agroindustrial Ltda","municipio":"Corbélia","tipo":"Convencional","cap_t":880},"geometry":{"type":"Point","coordinates":[-53.30379,-24.80937]}},{"type":"Feature","properties":{"kind":"armazem_conab","nome":"Levino Jose Sperafico e Outros","municipio":"Corbélia","tipo":"Graneleiro","cap_t":41060},"geometry":{"type":"Point","coordinates":[-53.3037,-24.80949]}},{"type":"Feature","properties":{"kind":"armazem_conab","nome":"Sperafico Agroindustrial Ltda","municipio":"Corbélia","tipo":"Graneleiro","cap_t":1890},"geometry":{"type":"Point","coordinates":[-53.30354,-24.80933]}},{"type":"Feature","properties":{"kind":"armazem_conab","nome":"Antonio Oswaldo Dillenbrg","municipio":"Corbélia","tipo":"Bateria de Silos","cap_t":1740},"geometry":{"type":"Point","coordinates":[-53.29941,-24.70598]}},{"type":"Feature","properties":{"kind":"armazem_conab","nome":"Imapar-cajati Reflor. Agricultura Ltda","municipio":"Cascavel","tipo":"Bateria de Silos","cap_t":2670},"geometry":{"type":"Point","coordinates":[-53.29789,-25.01096]}},{"type":"Feature","properties":{"kind":"armazem_conab","nome":"José Carlos Scheschli","municipio":"Corbélia","tipo":"Graneleiro","cap_t":4800},"geometry":{"type":"Point","coordinates":[-53.29749,-24.78359]}},{"type":"Feature","properties":{"kind":"armazem_conab","nome":"4r Agropastorial Ltda","municipio":"Cascavel","tipo":"Bateria de Silos","cap_t":5530},"geometry":{"type":"Point","coordinates":[-53.29697,-25.01454]}},{"type":"Feature","properties":{"kind":"armazem_conab","nome":"Coopavel Cooperativa Agroindustrial","municipio":"Corbélia","tipo":"Convencional","cap_t":1970},"geometry":{"type":"Point","coordinates":[-53.29502,-24.77966]}},{"type":"Feature","properties":{"kind":"armazem_conab","nome":"Coopavel Cooperativa Agroindustrial","municipio":"Corbélia","tipo":"Graneleiro","cap_t":13260},"geometry":{"type":"Point","coordinates":[-53.29413,-24.77979]}},{"type":"Feature","properties":{"kind":"armazem_conab","nome":"Coopavel Cooperativa Agroindustrial","municipio":"Corbélia","tipo":"Graneleiro","cap_t":29250},"geometry":{"type":"Point","coordinates":[-53.29406,-24.77949]}},{"type":"Feature","properties":{"kind":"armazem_conab","nome":"Coopavel Cooperativa Agroindustrial","municipio":"Corbélia","tipo":"Convencional","cap_t":4050},"geometry":{"type":"Point","coordinates":[-53.29364,-24.77836]}},{"type":"Feature","properties":{"kind":"armazem_conab","nome":"Angelo Forte e Outros","municipio":"Corbélia","tipo":"Bateria de Silos","cap_t":6080},"geometry":{"type":"Point","coordinates":[-53.29292,-24.76459]}},{"type":"Feature","properties":{"kind":"armazem_conab","nome":"Aurora Maria Boni - Me","municipio":"Santa Cruz de Monte Castelo","tipo":"Convencional","cap_t":1300},"geometry":{"type":"Point","coordinates":[-53.29189,-22.95107]}},{"type":"Feature","properties":{"kind":"armazem_conab","nome":"Sementes Condor Ltda","municipio":"Corbélia","tipo":"Bateria de Silos","cap_t":7990},"geometry":{"type":"Point","coordinates":[-53.29032,-24.77501]}},{"type":"Feature","properties":{"kind":"armazem_conab","nome":"Agricola Andreis Ltda","municipio":"Corbélia","tipo":"Bateria de Silos","cap_t":9650},"geometry":{"type":"Point","coordinates":[-53.28934,-24.80162]}},{"type":"Feature","properties":{"kind":"armazem_conab","nome":"Umberto Manoel Viero","municipio":"Corbélia","tipo":"Bateria de Silos","cap_t":7350},"geometry":{"type":"Point","coordinates":[-53.28861,-24.80051]}},{"type":"Feature","properties":{"kind":"armazem_conab","nome":"I. Riedi & Cia. Ltda.","municipio":"Corbélia","tipo":"Bateria de Silos","cap_t":10640},"geometry":{"type":"Point","coordinates":[-53.28833,-24.79969]}},{"type":"Feature","properties":{"kind":"armazem_conab","nome":"Moinho Colonial Alameda Ltda","municipio":"Corbélia","tipo":"Bateria de Silos","cap_t":2030},"geometry":{"type":"Point","coordinates":[-53.28813,-24.79688]}},{"type":"Feature","properties":{"kind":"armazem_conab","nome":"A. Stocker Ind. e Com. de Cereais Ltda","municipio":"Corbélia","tipo":"Bateria de Silos","cap_t":6950},"geometry":{"type":"Point","coordinates":[-53.28809,-24.80196]}},{"type":"Feature","properties":{"kind":"armazem_conab","nome":"Moinho Colonial Alameda Ltda","municipio":"Corbélia","tipo":"Bateria de Silos","cap_t":8280},"geometry":{"type":"Point","coordinates":[-53.28802,-24.79725]}},{"type":"Feature","properties":{"kind":"armazem_conab","nome":"I. Riedi & Cia. Ltda.","municipio":"Corbélia","tipo":"Graneleiro","cap_t":18720},"geometry":{"type":"Point","coordinates":[-53.28783,-24.80062]}},{"type":"Feature","properties":{"kind":"armazem_conab","nome":"Moacir Antonio Bassani","municipio":"Porto Rico","tipo":"Bateria de Silos","cap_t":5040},"geometry":{"type":"Point","coordinates":[-53.2857,-22.933]}},{"type":"Feature","properties":{"kind":"armazem_conab","nome":"Copacol- Coop Agroindustrial Consolata","municipio":"Nova Aurora","tipo":"Graneleiro","cap_t":55710},"geometry":{"type":"Point","coordinates":[-53.28475,-24.49263]}},{"type":"Feature","properties":{"kind":"armazem_conab","nome":"Copacol- Coop Agroindustrial Consolata","municipio":"Nova Aurora","tipo":"Graneleiro","cap_t":41110},"geometry":{"type":"Point","coordinates":[-53.28428,-24.4925]}},{"type":"Feature","properties":{"kind":"armazem_conab","nome":"Copacol- Coop Agroindustrial Consolata","municipio":"Nova Aurora","tipo":"Bateria de Silos","cap_t":27830},"geometry":{"type":"Point","coordinates":[-53.28385,-24.49375]}},{"type":"Feature","properties":{"kind":"armazem_conab","nome":"Copacol- Coop Agroindustrial Consolata","municipio":"Nova Aurora","tipo":"Graneleiro","cap_t":41110},"geometry":{"type":"Point","coordinates":[-53.28381,-24.49259]}},{"type":"Feature","properties":{"kind":"armazem_conab","nome":"Cooperativa de Produção Agroindustrial Avicola União - Coave","municipio":"Nova Aurora","tipo":"Bateria de Silos","cap_t":620},"geometry":{"type":"Point","coordinates":[-53.28282,-24.52902]}},{"type":"Feature","properties":{"kind":"armazem_conab","nome":"Coopavel Cooperativa Agroindustrial","municipio":"Corbélia","tipo":"Graneleiro","cap_t":22490},"geometry":{"type":"Point","coordinates":[-53.28119,-24.75038]}},{"type":"Feature","properties":{"kind":"armazem_conab","nome":"Coopavel Cooperativa Agroindustrial","municipio":"Corbélia","tipo":"Graneleiro","cap_t":23410},"geometry":{"type":"Point","coordinates":[-53.28093,-24.75056]}},{"type":"Feature","properties":{"kind":"armazem_conab","nome":"Vilmar Seidel","municipio":"Corbélia","tipo":"Bateria de Silos","cap_t":4950},"geometry":{"type":"Point","coordinates":[-53.27904,-24.81672]}},{"type":"Feature","properties":{"kind":"armazem_conab","nome":"Emir Paulo Schneider","municipio":"Corbélia","tipo":"Bateria de Silos","cap_t":3550},"geometry":{"type":"Point","coordinates":[-53.26867,-24.75637]}},{"type":"Feature","properties":{"kind":"armazem_conab","nome":"Copacol- Coop Agroindustrial Consolata","municipio":"Nova Aurora","tipo":"Bateria de Silos","cap_t":18400},"geometry":{"type":"Point","coordinates":[-53.26634,-24.51892]}},{"type":"Feature","properties":{"kind":"armazem_conab","nome":"Copacol- Coop Agroindustrial Consolata","municipio":"Nova Aurora","tipo":"Graneleiro","cap_t":17630},"geometry":{"type":"Point","coordinates":[-53.26602,-24.51918]}},{"type":"Feature","properties":{"kind":"armazem_conab","nome":"Copacol- Coop Agroindustrial Consolata","municipio":"Nova Aurora","tipo":"Bateria de Silos","cap_t":1738},"geometry":{"type":"Point","coordinates":[-53.26477,-24.51787]}},{"type":"Feature","properties":{"kind":"armazem_conab","nome":"C.vale - Cooperativa Agroindustrial","municipio":"Alto Piquiri","tipo":"Bateria de Silos","cap_t":36350},"geometry":{"type":"Point","coordinates":[-53.26203,-24.037]}},{"type":"Feature","properties":{"kind":"armazem_conab","nome":"Coopavel Cooperativa Agroindustrial","municipio":"Cascavel","tipo":"Bateria de Silos","cap_t":35290},"geometry":{"type":"Point","coordinates":[-53.25606,-24.96992]}},{"type":"Feature","properties":{"kind":"armazem_conab","nome":"Precisão Rural Com de Prod Agropecuária Ltda","municipio":"Nova Aurora","tipo":"Silo","cap_t":4290},"geometry":{"type":"Point","coordinates":[-53.24774,-24.52424]}},{"type":"Feature","properties":{"kind":"armazem_conab","nome":"Arnaldo Coelho do Amaral","municipio":"Quarto Centenário","tipo":"Bateria de Silos","cap_t":2330},"geometry":{"type":"Point","coordinates":[-53.23997,-24.29835]}},{"type":"Feature","properties":{"kind":"armazem_conab","nome":"Almir José Bassani","municipio":"Santa Isabel do Ivaí","tipo":"Bateria de Silos","cap_t":2340},"geometry":{"type":"Point","coordinates":[-53.2225,-23.101]}},{"type":"Feature","properties":{"kind":"armazem_conab","nome":"Coopavel Cooperativa Agroindustrial","municipio":"Corbélia","tipo":"Bateria de Silos","cap_t":11320},"geometry":{"type":"Point","coordinates":[-53.22146,-24.65825]}},{"type":"Feature","properties":{"kind":"armazem_conab","nome":"Plantar Com Insumos Ltda","municipio":"Cascavel","tipo":"Graneleiro","cap_t":14550},"geometry":{"type":"Point","coordinates":[-53.21223,-25.06699]}},{"type":"Feature","properties":{"kind":"armazem_conab","nome":"Safras Insumos Agrícola Ltda","municipio":"Boa Esperança do Iguaçu","tipo":"Convencional","cap_t":1310},"geometry":{"type":"Point","coordinates":[-53.2119,-25.64152]}},{"type":"Feature","properties":{"kind":"armazem_conab","nome":"Plantar Com Insumos Ltda","municipio":"Cascavel","tipo":"Bateria de Silos","cap_t":3000},"geometry":{"type":"Point","coordinates":[-53.21164,-25.06714]}},{"type":"Feature","properties":{"kind":"armazem_conab","nome":"Safras Insumos Agrícola Ltda","municipio":"Boa Esperança do Iguaçu","tipo":"Silo","cap_t":2800},"geometry":{"type":"Point","coordinates":[-53.21161,-25.64219]}},{"type":"Feature","properties":{"kind":"armazem_conab","nome":"Safras Insumos Agrícola Ltda","municipio":"Boa Esperança do Iguaçu","tipo":"Silo","cap_t":560},"geometry":{"type":"Point","coordinates":[-53.21161,-25.64219]}},{"type":"Feature","properties":{"kind":"armazem_conab","nome":"Coasul Cooperativa Agroindustrial","municipio":"Boa Esperança do Iguaçu","tipo":"Convencional","cap_t":730},"geometry":{"type":"Point","coordinates":[-53.21021,-25.63909]}},{"type":"Feature","properties":{"kind":"armazem_conab","nome":"Coasul Cooperativa Agroindustrial","municipio":"Boa Esperança do Iguaçu","tipo":"Convencional","cap_t":1150},"geometry":{"type":"Point","coordinates":[-53.21001,-25.63939]}},{"type":"Feature","properties":{"kind":"armazem_conab","nome":"Coasul Cooperativa Agroindustrial","municipio":"Boa Esperança do Iguaçu","tipo":"Bateria de Silos","cap_t":9780},"geometry":{"type":"Point","coordinates":[-53.20988,-25.63994]}},{"type":"Feature","properties":{"kind":"armazem_conab","nome":"Amifec Alimentos Ltda","municipio":"Maria Helena","tipo":"Convencional","cap_t":1800},"geometry":{"type":"Point","coordinates":[-53.20327,-23.59968]}},{"type":"Feature","properties":{"kind":"armazem_conab","nome":"Almir José Bassani","municipio":"Santa Isabel do Ivaí","tipo":"Bateria de Silos","cap_t":4850},"geometry":{"type":"Point","coordinates":[-53.2022,-23.0401]}},{"type":"Feature","properties":{"kind":"armazem_conab","nome":"Poliana Laurentino Ramilde","municipio":"Santa Isabel do Ivaí","tipo":"Silo","cap_t":1460},"geometry":{"type":"Point","coordinates":[-53.2016,-23.0353]}},{"type":"Feature","properties":{"kind":"armazem_conab","nome":"Poliana Laurentino Ramilde","municipio":"Santa Isabel do Ivaí","tipo":"Graneleiro","cap_t":2890},"geometry":{"type":"Point","coordinates":[-53.2014,-23.035]}},{"type":"Feature","properties":{"kind":"armazem_conab","nome":"Coasul Cooperativa Agroindustrial","municipio":"Francisco Beltrão","tipo":"Bateria de Silos","cap_t":11150},"geometry":{"type":"Point","coordinates":[-53.20119,-26.08478]}},{"type":"Feature","properties":{"kind":"armazem_conab","nome":"S Manoel Fagundes e Cia Ltda","municipio":"Santa Isabel do Ivaí","tipo":"Bateria de Silos","cap_t":1100},"geometry":{"type":"Point","coordinates":[-53.1984,-23.01921]}},{"type":"Feature","properties":{"kind":"armazem_conab","nome":"Jardel Tontini","municipio":"Santa Isabel do Ivaí","tipo":"Convencional","cap_t":1850},"geometry":{"type":"Point","coordinates":[-53.1983,-23.0154]}},{"type":"Feature","properties":{"kind":"armazem_conab","nome":"Arms Gerais Page Ltda","municipio":"Três Barras do Paraná","tipo":"Bateria de Silos","cap_t":10030},"geometry":{"type":"Point","coordinates":[-53.19818,-25.42539]}},{"type":"Feature","properties":{"kind":"armazem_conab","nome":"Leandro Lino Gasparotto","municipio":"Quarto Centenário","tipo":"Graneleiro","cap_t":650},"geometry":{"type":"Point","coordinates":[-53.19815,-24.30856]}},{"type":"Feature","properties":{"kind":"armazem_conab","nome":"Jardel Tontini","municipio":"Santa Isabel do Ivaí","tipo":"Bateria de Silos","cap_t":750},"geometry":{"type":"Point","coordinates":[-53.1981,-23.0156]}},{"type":"Feature","properties":{"kind":"armazem_conab","nome":"Cooperativa Agroindustrial Alfa","municipio":"Flor da Serra do Sul","tipo":"Bateria de Silos","cap_t":8160},"geometry":{"type":"Point","coordinates":[-53.19786,-26.24115]}},{"type":"Feature","properties":{"kind":"armazem_conab","nome":"Arms Gerais Page Ltda","municipio":"Três Barras do Paraná","tipo":"Convencional","cap_t":2090},"geometry":{"type":"Point","coordinates":[-53.19785,-25.42531]}},{"type":"Feature","properties":{"kind":"armazem_conab","nome":"Copagra-cooperativa Agroindustrial do Noroeste Par","municipio":"Santa Isabel do Ivaí","tipo":"Convencional","cap_t":590},"geometry":{"type":"Point","coordinates":[-53.1942,-23.0114]}},{"type":"Feature","properties":{"kind":"armazem_conab","nome":"Darci Fracaro","municipio":"Cascavel","tipo":"Graneleiro","cap_t":630},"geometry":{"type":"Point","coordinates":[-53.19256,-25.07409]}},{"type":"Feature","properties":{"kind":"armazem_conab","nome":"Walter Barbieri","municipio":"Santa Isabel do Ivaí","tipo":"Convencional","cap_t":1210},"geometry":{"type":"Point","coordinates":[-53.1922,-23.01]}},{"type":"Feature","properties":{"kind":"armazem_conab","nome":"Walter Barbieri","municipio":"Santa Isabel do Ivaí","tipo":"Silo","cap_t":1140},"geometry":{"type":"Point","coordinates":[-53.1922,-23.0096]}},{"type":"Feature","properties":{"kind":"armazem_conab","nome":"Walter Barbieri","municipio":"Santa Isabel do Ivaí","tipo":"Bateria de Silos","cap_t":2050},"geometry":{"type":"Point","coordinates":[-53.1919,-23.0097]}},{"type":"Feature","properties":{"kind":"armazem_conab","nome":"Joao Carlos Koene","municipio":"Três Barras do Paraná","tipo":"Bateria de Silos","cap_t":3160},"geometry":{"type":"Point","coordinates":[-53.17909,-25.41387]}},{"type":"Feature","properties":{"kind":"armazem_conab","nome":"Eduardo Costa Cassiano","municipio":"Goioerê","tipo":"Bateria de Silos","cap_t":7170},"geometry":{"type":"Point","coordinates":[-53.1784,-24.2079]}},{"type":"Feature","properties":{"kind":"armazem_conab","nome":"Coopavel Cooperativa Agroindustrial","municipio":"Três Barras do Paraná","tipo":"Graneleiro","cap_t":1620},"geometry":{"type":"Point","coordinates":[-53.17767,-25.41001]}},{"type":"Feature","properties":{"kind":"armazem_conab","nome":"Coopavel Cooperativa Agroindustrial","municipio":"Três Barras do Paraná","tipo":"Bateria de Silos","cap_t":5690},"geometry":{"type":"Point","coordinates":[-53.17757,-25.40972]}},{"type":"Feature","properties":{"kind":"armazem_conab","nome":"Copacol- Coop Agroindustrial Consolata","municipio":"Nova Aurora","tipo":"Bateria de Silos","cap_t":28120},"geometry":{"type":"Point","coordinates":[-53.17559,-24.39045]}},{"type":"Feature","properties":{"kind":"armazem_conab","nome":"Copacol- Coop Agroindustrial Consolata","municipio":"Nova Aurora","tipo":"Bateria de Silos","cap_t":10760},"geometry":{"type":"Point","coordinates":[-53.17555,-24.38932]}},{"type":"Feature","properties":{"kind":"armazem_conab","nome":"Milton Pedro Lago","municipio":"Cascavel","tipo":"Bateria de Silos","cap_t":1310},"geometry":{"type":"Point","coordinates":[-53.17262,-25.0627]}},{"type":"Feature","properties":{"kind":"armazem_conab","nome":"Disam Distribuidora de Insumos Agricolas Sul America Ltda.","municipio":"Cascavel","tipo":"Bateria de Silos","cap_t":17140},"geometry":{"type":"Point","coordinates":[-53.17253,-24.99066]}},{"type":"Feature","properties":{"kind":"armazem_conab","nome":"Coopavel Cooperativa Agroindustrial","municipio":"Cascavel","tipo":"Bateria de Silos","cap_t":4250},"geometry":{"type":"Point","coordinates":[-53.1625,-25.08056]}},{"type":"Feature","properties":{"kind":"armazem_conab","nome":"Integrada Cooperativa Agroindustrial","municipio":"Mariluz","tipo":"Bateria de Silos","cap_t":11110},"geometry":{"type":"Point","coordinates":[-53.16238,-24.11419]}},{"type":"Feature","properties":{"kind":"armazem_conab","nome":"Boa Sorte Agropecuária Ltda","municipio":"Quarto Centenário","tipo":"Bateria de Silos","cap_t":13470},"geometry":{"type":"Point","coordinates":[-53.16213,-24.28709]}},{"type":"Feature","properties":{"kind":"armazem_conab","nome":"Boa Sorte Agropecuária Ltda","municipio":"Quarto Centenário","tipo":"Graneleiro","cap_t":9890},"geometry":{"type":"Point","coordinates":[-53.16163,-24.2867]}},{"type":"Feature","properties":{"kind":"armazem_conab","nome":"Boa Sorte Agropecuária Ltda","municipio":"Quarto Centenário","tipo":"Graneleiro","cap_t":5650},"geometry":{"type":"Point","coordinates":[-53.1611,-24.28634]}},{"type":"Feature","properties":{"kind":"armazem_conab","nome":"Qualyagro Comercio de Produtos Agropecuarios Ltda","municipio":"Enéas Marques","tipo":"Bateria de Silos","cap_t":3000},"geometry":{"type":"Point","coordinates":[-53.15037,-25.958]}},{"type":"Feature","properties":{"kind":"armazem_conab","nome":"Coamo Agroindustrial Cooperativa","municipio":"Mariluz","tipo":"Bateria de Silos","cap_t":25410},"geometry":{"type":"Point","coordinates":[-53.14825,-23.98968]}},{"type":"Feature","properties":{"kind":"armazem_conab","nome":"Carlos Gasparotto Apoloni","municipio":"Catanduvas","tipo":"Bateria de Silos","cap_t":1710},"geometry":{"type":"Point","coordinates":[-53.13899,-25.15018]}},{"type":"Feature","properties":{"kind":"armazem_conab","nome":"Carlos Gasparotto Apoloni","municipio":"Catanduvas","tipo":"Graneleiro","cap_t":9470},"geometry":{"type":"Point","coordinates":[-53.13888,-25.15008]}},{"type":"Feature","properties":{"kind":"armazem_conab","nome":"Coagru Cooperativa Agroindustrial Uniao","municipio":"Anahy","tipo":"Bateria de Silos","cap_t":16020},"geometry":{"type":"Point","coordinates":[-53.13351,-24.65254]}},{"type":"Feature","properties":{"kind":"armazem_conab","nome":"Coasul Cooperativa Agroindustrial","municipio":"Cruzeiro do Iguaçu","tipo":"Graneleiro","cap_t":4920},"geometry":{"type":"Point","coordinates":[-53.12983,-25.61259]}},{"type":"Feature","properties":{"kind":"armazem_conab","nome":"Coamo Agroindustrial Cooperativa","municipio":"Quarto Centenário","tipo":"Bateria de Silos","cap_t":28430},"geometry":{"type":"Point","coordinates":[-53.12686,-24.28064]}},{"type":"Feature","properties":{"kind":"armazem_conab","nome":"Coopavel Cooperativa Agroindustrial","municipio":"Catanduvas","tipo":"Graneleiro","cap_t":29210},"geometry":{"type":"Point","coordinates":[-53.12657,-25.09859]}},{"type":"Feature","properties":{"kind":"armazem_conab","nome":"Coopavel Cooperativa Agroindustrial","municipio":"Catanduvas","tipo":"Bateria de Silos","cap_t":3520},"geometry":{"type":"Point","coordinates":[-53.12599,-25.09959]}},{"type":"Feature","properties":{"kind":"armazem_conab","nome":"Fecularia Loanda Ltda","municipio":"Loanda","tipo":"Convencional","cap_t":3240},"geometry":{"type":"Point","coordinates":[-53.1199,-22.9117]}},{"type":"Feature","properties":{"kind":"armazem_conab","nome":"Safras Insumos Agricola Ltda","municipio":"Cruzeiro do Iguaçu","tipo":"Convencional","cap_t":680},"geometry":{"type":"Point","coordinates":[-53.11595,-25.62331]}},{"type":"Feature","properties":{"kind":"armazem_conab","nome":"Safras Insumos Agricola Ltda","municipio":"Cruzeiro do Iguaçu","tipo":"Bateria de Silos","cap_t":5530},"geometry":{"type":"Point","coordinates":[-53.11542,-25.62343]}},{"type":"Feature","properties":{"kind":"armazem_conab","nome":"Coopavel Cooperativa Agroindustrial","municipio":"Braganey","tipo":"Graneleiro","cap_t":58280},"geometry":{"type":"Point","coordinates":[-53.11514,-24.84641]}},{"type":"Feature","properties":{"kind":"armazem_conab","nome":"Coopavel Cooperativa Agroindustrial","municipio":"Braganey","tipo":"Graneleiro","cap_t":58280},"geometry":{"type":"Point","coordinates":[-53.11461,-24.84669]}},{"type":"Feature","properties":{"kind":"armazem_conab","nome":"I. Riedi & Cia. Ltda.","municipio":"Braganey","tipo":"Bateria de Silos","cap_t":4150},"geometry":{"type":"Point","coordinates":[-53.11086,-24.88511]}},{"type":"Feature","properties":{"kind":"armazem_conab","nome":"Lumiar Industria e Comercio de Racoes Eireli - Epp","municipio":"Cruzeiro do Oeste","tipo":"Convencional","cap_t":1010},"geometry":{"type":"Point","coordinates":[-53.09791,-23.77576]}},{"type":"Feature","properties":{"kind":"armazem_conab","nome":"Lumiar Industria e Comercio de Racoes Eireli - Epp","municipio":"Cruzeiro do Oeste","tipo":"Convencional","cap_t":2430},"geometry":{"type":"Point","coordinates":[-53.0978,-23.7755]}},{"type":"Feature","properties":{"kind":"armazem_conab","nome":"Cocamar Cooperativa Agroindustrial","municipio":"Cruzeiro do Oeste","tipo":"Convencional","cap_t":3060},"geometry":{"type":"Point","coordinates":[-53.09646,-23.77782]}},{"type":"Feature","properties":{"kind":"armazem_conab","nome":"Jose Casalho Romano Filho","municipio":"Goioerê","tipo":"Bateria de Silos","cap_t":1930},"geometry":{"type":"Point","coordinates":[-53.09519,-24.19113]}},{"type":"Feature","properties":{"kind":"armazem_conab","nome":"Integrada Cooperativa Agroindustrial","municipio":"Quarto Centenário","tipo":"Bateria de Silos","cap_t":21540},"geometry":{"type":"Point","coordinates":[-53.09393,-24.28181]}},{"type":"Feature","properties":{"kind":"armazem_conab","nome":"Integrada Cooperativa Agroindustrial","municipio":"Quarto Centenário","tipo":"Convencional","cap_t":1080},"geometry":{"type":"Point","coordinates":[-53.09326,-24.28172]}},{"type":"Feature","properties":{"kind":"armazem_conab","nome":"Jopllam Industria e Comercio de Alimentos Ltda","municipio":"Santa Mônica","tipo":"Convencional","cap_t":9270},"geometry":{"type":"Point","coordinates":[-53.0917,-23.1521]}},{"type":"Feature","properties":{"kind":"armazem_conab","nome":"Coopavel Cooperativa Agroindustrial","municipio":"Iguatu","tipo":"Silo","cap_t":5930},"geometry":{"type":"Point","coordinates":[-53.08795,-24.70993]}},{"type":"Feature","properties":{"kind":"armazem_conab","nome":"Adriano Marcos Toigo e Outro","municipio":"Braganey","tipo":"Bateria de Silos","cap_t":5240},"geometry":{"type":"Point","coordinates":[-53.08755,-24.79129]}},{"type":"Feature","properties":{"kind":"armazem_conab","nome":"Coasul Cooperativa Agroindustrial","municipio":"Marmeleiro","tipo":"Convencional","cap_t":1950},"geometry":{"type":"Point","coordinates":[-53.08668,-26.19465]}},{"type":"Feature","properties":{"kind":"armazem_conab","nome":"Coasul Cooperativa Agroindustrial","municipio":"Marmeleiro","tipo":"Bateria de Silos","cap_t":17690},"geometry":{"type":"Point","coordinates":[-53.08657,-26.19488]}},{"type":"Feature","properties":{"kind":"armazem_conab","nome":"Coasul Cooperativa Agroindustrial","municipio":"Dois Vizinhos","tipo":"Silo","cap_t":690},"geometry":{"type":"Point","coordinates":[-53.08652,-25.73006]}},{"type":"Feature","properties":{"kind":"armazem_conab","nome":"Insuagro Insumos Agricolas Ltda","municipio":"Dois Vizinhos","tipo":"Convencional","cap_t":1960},"geometry":{"type":"Point","coordinates":[-53.08457,-25.71501]}},{"type":"Feature","properties":{"kind":"armazem_conab","nome":"Insuagro Insumos Agricolas Ltda","municipio":"Dois Vizinhos","tipo":"Bateria de Silos","cap_t":9450},"geometry":{"type":"Point","coordinates":[-53.08452,-25.71434]}},{"type":"Feature","properties":{"kind":"armazem_conab","nome":"Coagru Cooperativa Agroindustrial Uniao","municipio":"Ubiratã","tipo":"Bateria de Silos","cap_t":32020},"geometry":{"type":"Point","coordinates":[-53.08082,-24.45698]}},{"type":"Feature","properties":{"kind":"armazem_conab","nome":"Pluma Agro Avicola Ltda","municipio":"Dois Vizinhos","tipo":"Bateria de Silos","cap_t":6250},"geometry":{"type":"Point","coordinates":[-53.07741,-25.72927]}},{"type":"Feature","properties":{"kind":"armazem_conab","nome":"Integrada Cooperativa Agroindustrial","municipio":"Ubiratã","tipo":"Bateria de Silos","cap_t":15850},"geometry":{"type":"Point","coordinates":[-53.07406,-24.44858]}},{"type":"Feature","properties":{"kind":"armazem_conab","nome":"Armazéns Gerais Biava Ltda Me","municipio":"Dois Vizinhos","tipo":"Convencional","cap_t":2390},"geometry":{"type":"Point","coordinates":[-53.07095,-25.73923]}},{"type":"Feature","properties":{"kind":"armazem_conab","nome":"Brf S.a.","municipio":"Dois Vizinhos","tipo":"Bateria de Silos","cap_t":19910},"geometry":{"type":"Point","coordinates":[-53.07094,-25.76718]}},{"type":"Feature","properties":{"kind":"armazem_conab","nome":"Brf S.a.","municipio":"Dois Vizinhos","tipo":"Graneleiro","cap_t":34280},"geometry":{"type":"Point","coordinates":[-53.07059,-25.76704]}},{"type":"Feature","properties":{"kind":"armazem_conab","nome":"Brf S.a.","municipio":"Dois Vizinhos","tipo":"Graneleiro","cap_t":10000},"geometry":{"type":"Point","coordinates":[-53.07059,-25.76704]}},{"type":"Feature","properties":{"kind":"armazem_conab","nome":"Armazéns Gerais Biava Ltda Me","municipio":"Dois Vizinhos","tipo":"Bateria de Silos","cap_t":6590},"geometry":{"type":"Point","coordinates":[-53.07039,-25.73909]}},{"type":"Feature","properties":{"kind":"armazem_conab","nome":"Brf S.a.","municipio":"Dois Vizinhos","tipo":"Graneleiro","cap_t":10720},"geometry":{"type":"Point","coordinates":[-53.07032,-25.7668]}},{"type":"Feature","properties":{"kind":"armazem_conab","nome":"Brf S.a.","municipio":"Dois Vizinhos","tipo":"Bateria de Silos","cap_t":3110},"geometry":{"type":"Point","coordinates":[-53.06975,-25.76737]}},{"type":"Feature","properties":{"kind":"armazem_conab","nome":"Ademir Ambrosi Junior Me","municipio":"Dois Vizinhos","tipo":"Convencional","cap_t":640},"geometry":{"type":"Point","coordinates":[-53.06569,-25.73773]}},{"type":"Feature","properties":{"kind":"armazem_conab","nome":"Brf S/a","municipio":"Francisco Beltrão","tipo":"Bateria de Silos","cap_t":5470},"geometry":{"type":"Point","coordinates":[-53.06225,-26.03645]}},{"type":"Feature","properties":{"kind":"armazem_conab","nome":"Brf S/a","municipio":"Francisco Beltrão","tipo":"Bateria de Silos","cap_t":12270},"geometry":{"type":"Point","coordinates":[-53.06193,-26.03642]}},{"type":"Feature","properties":{"kind":"armazem_conab","nome":"Ana Maria Cury de Camargo Pinto e Outros","municipio":"Ibema","tipo":"Bateria de Silos","cap_t":9180},"geometry":{"type":"Point","coordinates":[-53.05866,-25.10731]}},{"type":"Feature","properties":{"kind":"armazem_conab","nome":"Rodrigues & Bortolon Ltda - Epp","municipio":"Cruzeiro do Oeste","tipo":"Bateria de Silos","cap_t":2160},"geometry":{"type":"Point","coordinates":[-53.05856,-23.79996]}},{"type":"Feature","properties":{"kind":"armazem_conab","nome":"Brf S/a","municipio":"Francisco Beltrão","tipo":"Graneleiro","cap_t":17250},"geometry":{"type":"Point","coordinates":[-53.05838,-26.04008]}},{"type":"Feature","properties":{"kind":"armazem_conab","nome":"Brf S/a","municipio":"Francisco Beltrão","tipo":"Graneleiro","cap_t":7290},"geometry":{"type":"Point","coordinates":[-53.05828,-26.03946]}},{"type":"Feature","properties":{"kind":"armazem_conab","nome":"Coasul Cooperativa Agroindustrial","municipio":"Francisco Beltrão","tipo":"Bateria de Silos","cap_t":9600},"geometry":{"type":"Point","coordinates":[-53.05615,-26.02139]}},{"type":"Feature","properties":{"kind":"armazem_conab","nome":"Coasul Cooperativa Agroindustrial","municipio":"Francisco Beltrão","tipo":"Bateria de Silos","cap_t":39680},"geometry":{"type":"Point","coordinates":[-53.05602,-26.02025]}},{"type":"Feature","properties":{"kind":"armazem_conab","nome":"Coasul Cooperativa Agroindustrial","municipio":"Francisco Beltrão","tipo":"Convencional","cap_t":3150},"geometry":{"type":"Point","coordinates":[-53.05576,-26.01966]}},{"type":"Feature","properties":{"kind":"armazem_conab","nome":"Safras Insumos Agrícola Ltda","municipio":"Dois Vizinhos","tipo":"Bateria de Silos","cap_t":3730},"geometry":{"type":"Point","coordinates":[-53.05557,-25.76383]}},{"type":"Feature","properties":{"kind":"armazem_conab","nome":"Gralha Azul Avicola Ltda","municipio":"Francisco Beltrão","tipo":"Bateria de Silos","cap_t":1940},"geometry":{"type":"Point","coordinates":[-53.05533,-26.08808]}},{"type":"Feature","properties":{"kind":"armazem_conab","nome":"Santa Rosa Agroindustrial Ltda","municipio":"Francisco Beltrão","tipo":"Bateria de Silos","cap_t":5470},"geometry":{"type":"Point","coordinates":[-53.05102,-26.05106]}},{"type":"Feature","properties":{"kind":"armazem_conab","nome":"Santa Rosa Agroindustrial Ltda","municipio":"Francisco Beltrão","tipo":"Convencional","cap_t":1100},"geometry":{"type":"Point","coordinates":[-53.05076,-26.05102]}},{"type":"Feature","properties":{"kind":"armazem_conab","nome":"Antonio de Padua Barros Cardoso","municipio":"Goioerê","tipo":"Bateria de Silos","cap_t":3940},"geometry":{"type":"Point","coordinates":[-53.0476,-24.18466]}},{"type":"Feature","properties":{"kind":"armazem_conab","nome":"Katia Costa Cardoso","municipio":"Goioerê","tipo":"Bateria de Silos","cap_t":12190},"geometry":{"type":"Point","coordinates":[-53.04683,-24.20255]}},{"type":"Feature","properties":{"kind":"armazem_conab","nome":"Copacol- Coop Agroindustrial Consolata","municipio":"Goioerê","tipo":"Bateria de Silos","cap_t":88140},"geometry":{"type":"Point","coordinates":[-53.04416,-24.20344]}},{"type":"Feature","properties":{"kind":"armazem_conab","nome":"Antonio Aparecido Zago","municipio":"Goioerê","tipo":"Bateria de Silos","cap_t":9860},"geometry":{"type":"Point","coordinates":[-53.04396,-24.20718]}},{"type":"Feature","properties":{"kind":"armazem_conab","nome":"Copacol- Coop Agroindustrial Consolata","municipio":"Goioerê","tipo":"Convencional","cap_t":8580},"geometry":{"type":"Point","coordinates":[-53.04366,-24.20211]}},{"type":"Feature","properties":{"kind":"armazem_conab","nome":"Goioarroz Com e Benef de Arroz Ltda","municipio":"Goioerê","tipo":"Convencional","cap_t":1310},"geometry":{"type":"Point","coordinates":[-53.04277,-24.18866]}},{"type":"Feature","properties":{"kind":"armazem_conab","nome":"Bandeiranstes Agropecuaria Ltda","municipio":"Goioerê","tipo":"Bateria de Silos","cap_t":9360},"geometry":{"type":"Point","coordinates":[-53.04275,-24.1835]}},{"type":"Feature","properties":{"kind":"armazem_conab","nome":"Goioarroz Com e Benef de Arroz Ltda","municipio":"Goioerê","tipo":"Convencional","cap_t":700},"geometry":{"type":"Point","coordinates":[-53.04247,-24.18907]}},{"type":"Feature","properties":{"kind":"armazem_conab","nome":"Bandeiranstes Agropecuaria Ltda","municipio":"Goioerê","tipo":"Graneleiro","cap_t":3320},"geometry":{"type":"Point","coordinates":[-53.0423,-24.18381]}},{"type":"Feature","properties":{"kind":"armazem_conab","nome":"Sipal S A Industria Comercio e Agropecuaria","municipio":"Francisco Beltrão","tipo":"Chapï¿½u Chines","cap_t":17270},"geometry":{"type":"Point","coordinates":[-53.04217,-26.11586]}},{"type":"Feature","properties":{"kind":"armazem_conab","nome":"C.vale - Cooperativa Agroindustrial","municipio":"Goioerê","tipo":"Graneleiro","cap_t":14060},"geometry":{"type":"Point","coordinates":[-53.04193,-24.18676]}},{"type":"Feature","properties":{"kind":"armazem_conab","nome":"Sipal S A Industria Comercio e Agropecuaria","municipio":"Francisco Beltrão","tipo":"Graneleiro","cap_t":840},"geometry":{"type":"Point","coordinates":[-53.04155,-26.11579]}},{"type":"Feature","properties":{"kind":"armazem_conab","nome":"Sipal S A Industria Comercio e Agropecuaria","municipio":"Francisco Beltrão","tipo":"Graneleiro","cap_t":1550},"geometry":{"type":"Point","coordinates":[-53.04132,-26.11572]}},{"type":"Feature","properties":{"kind":"armazem_conab","nome":"Coopavel Cooperativa Agroindustrial","municipio":"Ibema","tipo":"Bateria de Silos","cap_t":2870},"geometry":{"type":"Point","coordinates":[-53.04122,-25.09956]}},{"type":"Feature","properties":{"kind":"armazem_conab","nome":"Coopavel Cooperativa Agroindustrial","municipio":"Ibema","tipo":"Graneleiro","cap_t":7380},"geometry":{"type":"Point","coordinates":[-53.04122,-25.09956]}},{"type":"Feature","properties":{"kind":"armazem_conab","nome":"Agro Sul Comercio e Armazenagem Em Geral Ltda","municipio":"Goioerê","tipo":"Convencional","cap_t":5000},"geometry":{"type":"Point","coordinates":[-53.03954,-24.1834]}},{"type":"Feature","properties":{"kind":"armazem_conab","nome":"Moinho Agrícola Duovizinhense Ltda","municipio":"Dois Vizinhos","tipo":"Bateria de Silos","cap_t":940},"geometry":{"type":"Point","coordinates":[-53.03526,-25.80381]}},{"type":"Feature","properties":{"kind":"armazem_conab","nome":"Coasul Cooperativa Agroindustrial","municipio":"Verê","tipo":"Bateria de Silos","cap_t":4100},"geometry":{"type":"Point","coordinates":[-53.03489,-25.90484]}},{"type":"Feature","properties":{"kind":"armazem_conab","nome":"Moinho Agrícola Duovizinhense Ltda","municipio":"Dois Vizinhos","tipo":"Bateria de Silos","cap_t":3310},"geometry":{"type":"Point","coordinates":[-53.03489,-25.80379]}},{"type":"Feature","properties":{"kind":"armazem_conab","nome":"Schmoller Comercio de Cereais Ltda","municipio":"Dois Vizinhos","tipo":"Bateria de Silos","cap_t":21240},"geometry":{"type":"Point","coordinates":[-53.0323,-25.78864]}},{"type":"Feature","properties":{"kind":"armazem_conab","nome":"Agriter Agronegócios Ltda","municipio":"Marmeleiro","tipo":"Convencional","cap_t":1910},"geometry":{"type":"Point","coordinates":[-53.02927,-26.14062]}},{"type":"Feature","properties":{"kind":"armazem_conab","nome":"Agriter Agronegócios Ltda","municipio":"Marmeleiro","tipo":"Graneleiro","cap_t":14470},"geometry":{"type":"Point","coordinates":[-53.02898,-25.14073]}},{"type":"Feature","properties":{"kind":"armazem_conab","nome":"Coamo Agroindustrial Cooperativa","municipio":"Goioerê","tipo":"Bateria de Silos","cap_t":8040},"geometry":{"type":"Point","coordinates":[-53.01043,-24.18818]}},{"type":"Feature","properties":{"kind":"armazem_conab","nome":"Coamo Agroindustrial Cooperativa","municipio":"Goioerê","tipo":"Graneleiro","cap_t":41920},"geometry":{"type":"Point","coordinates":[-53.00962,-24.18896]}},{"type":"Feature","properties":{"kind":"armazem_conab","nome":"Coamo Agroindustrial Cooperativa","municipio":"Goioerê","tipo":"Graneleiro","cap_t":37180},"geometry":{"type":"Point","coordinates":[-53.00953,-24.18845]}},{"type":"Feature","properties":{"kind":"armazem_conab","nome":"Integrada Cooperativa Agroindustrial","municipio":"Goioerê","tipo":"Convencional","cap_t":1690},"geometry":{"type":"Point","coordinates":[-53.00748,-24.18876]}},{"type":"Feature","properties":{"kind":"armazem_conab","nome":"Integrada Cooperativa Agroindustrial","municipio":"Goioerê","tipo":"Convencional","cap_t":1690},"geometry":{"type":"Point","coordinates":[-53.0074,-24.18829]}},{"type":"Feature","properties":{"kind":"armazem_conab","nome":"Coagru Cooperativa Agroindustrial Uniao","municipio":"Ubiratã","tipo":"Bateria de Silos","cap_t":23030},"geometry":{"type":"Point","coordinates":[-53.00631,-24.53273]}},{"type":"Feature","properties":{"kind":"armazem_conab","nome":"Agropecuaria Dois Vizinhos Ltda Me","municipio":"Dois Vizinhos","tipo":"Bateria de Silos","cap_t":6990},"geometry":{"type":"Point","coordinates":[-53.0059,-25.70991]}},{"type":"Feature","properties":{"kind":"armazem_conab","nome":"Agricola Gemelli Ltda","municipio":"Ibema","tipo":"Bateria de Silos","cap_t":4300},"geometry":{"type":"Point","coordinates":[-53.00508,-25.11671]}},{"type":"Feature","properties":{"kind":"armazem_conab","nome":"Coagru Cooperativa Agroindustrial Uniao","municipio":"Ubiratã","tipo":"Graneleiro","cap_t":33320},"geometry":{"type":"Point","coordinates":[-53.00505,-24.53239]}},{"type":"Feature","properties":{"kind":"armazem_conab","nome":"Integrada Cooperativa Agroindustrial","municipio":"Goioerê","tipo":"Bateria de Silos","cap_t":16760},"geometry":{"type":"Point","coordinates":[-53.00497,-24.19053]}},{"type":"Feature","properties":{"kind":"armazem_conab","nome":"Coagru Cooperativa Agroindustrial Uniao","municipio":"Ubiratã","tipo":"Bateria de Silos","cap_t":16490},"geometry":{"type":"Point","coordinates":[-53.00496,-24.5329]}},{"type":"Feature","properties":{"kind":"armazem_conab","nome":"Agricola Gemelli Ltda","municipio":"Ibema","tipo":"Bateria de Silos","cap_t":3270},"geometry":{"type":"Point","coordinates":[-53.00438,-25.11636]}},{"type":"Feature","properties":{"kind":"armazem_conab","nome":"Integrada Cooperativa Agroindustrial","municipio":"Goioerê","tipo":"Graneleiro","cap_t":7900},"geometry":{"type":"Point","coordinates":[-53.00429,-24.18908]}},{"type":"Feature","properties":{"kind":"armazem_conab","nome":"Coamo Agroindustrial Cooperativa","municipio":"Moreira Sales","tipo":"Bateria de Silos","cap_t":45580},"geometry":{"type":"Point","coordinates":[-53.00371,-24.00996]}},{"type":"Feature","properties":{"kind":"armazem_conab","nome":"Coagru Cooperativa Agroindustrial Uniao","municipio":"Ubiratã","tipo":"Convencional","cap_t":8780},"geometry":{"type":"Point","coordinates":[-53.00367,-24.53084]}},{"type":"Feature","properties":{"kind":"armazem_conab","nome":"Integrada Cooperativa Agroindustrial","municipio":"Goioerê","tipo":"Silo","cap_t":5660},"geometry":{"type":"Point","coordinates":[-53.00367,-24.18925]}},{"type":"Feature","properties":{"kind":"armazem_conab","nome":"Edson Issau Tomita","municipio":"Ubiratã","tipo":"Convencional","cap_t":1180},"geometry":{"type":"Point","coordinates":[-52.99455,-24.49386]}},{"type":"Feature","properties":{"kind":"armazem_conab","nome":"Edson Issau Tomita","municipio":"Ubiratã","tipo":"Bateria de Silos","cap_t":3140},"geometry":{"type":"Point","coordinates":[-52.99455,-24.49386]}},{"type":"Feature","properties":{"kind":"armazem_conab","nome":"Daniel Perin Bandeira Eireli","municipio":"Marmeleiro","tipo":"Bateria de Silos","cap_t":17180},"geometry":{"type":"Point","coordinates":[-52.99327,-26.14747]}},{"type":"Feature","properties":{"kind":"armazem_conab","nome":"Coopavel Cooperativa Agroindustrial","municipio":"Campo Bonito","tipo":"Bateria de Silos","cap_t":9350},"geometry":{"type":"Point","coordinates":[-52.98611,-25.04676]}},{"type":"Feature","properties":{"kind":"armazem_conab","nome":"Sollo Sul Insumos Agricolas Ltda","municipio":"Verê","tipo":"Bateria de Silos","cap_t":9370},"geometry":{"type":"Point","coordinates":[-52.98228,-25.91891]}},{"type":"Feature","properties":{"kind":"armazem_conab","nome":"Sollo Sul Insumos Agricolas Ltda","municipio":"Verê","tipo":"Convencional","cap_t":1500},"geometry":{"type":"Point","coordinates":[-52.98157,-25.91865]}},{"type":"Feature","properties":{"kind":"armazem_conab","nome":"I. Riedi & Cia. Ltda.","municipio":"Ibema","tipo":"Bateria de Silos","cap_t":16040},"geometry":{"type":"Point","coordinates":[-52.97995,-25.10304]}},{"type":"Feature","properties":{"kind":"armazem_conab","nome":"Ind e Com de Fecula Olinda Ltda","municipio":"Nova Londrina","tipo":"Convencional","cap_t":1650},"geometry":{"type":"Point","coordinates":[-52.9772,-22.7672]}},{"type":"Feature","properties":{"kind":"armazem_conab","nome":"Ind e Com de Fecula Olinda Ltda","municipio":"Nova Londrina","tipo":"Convencional","cap_t":3860},"geometry":{"type":"Point","coordinates":[-52.9768,-22.7674]}},{"type":"Feature","properties":{"kind":"armazem_conab","nome":"Integrada Cooperativa Agroindustrial","municipio":"Ubiratã","tipo":"Bateria de Silos","cap_t":4010},"geometry":{"type":"Point","coordinates":[-52.97583,-24.55275]}},{"type":"Feature","properties":{"kind":"armazem_conab","nome":"Amifec Alimentos Ltda","municipio":"Nova Londrina","tipo":"Convencional","cap_t":1310},"geometry":{"type":"Point","coordinates":[-52.9757,-22.7461]}},{"type":"Feature","properties":{"kind":"armazem_conab","nome":"Coasul Cooperativa Agroindustrial","municipio":"Renascença","tipo":"Bateria de Silos","cap_t":2220},"geometry":{"type":"Point","coordinates":[-52.97525,-26.15164]}},{"type":"Feature","properties":{"kind":"armazem_conab","nome":"Integrada Cooperativa Agroindustrial","municipio":"Ubiratã","tipo":"Bateria de Silos","cap_t":29810},"geometry":{"type":"Point","coordinates":[-52.97487,-24.55329]}},{"type":"Feature","properties":{"kind":"armazem_conab","nome":"Coasul Cooperativa Agroindustrial","municipio":"Renascença","tipo":"Convencional","cap_t":2780},"geometry":{"type":"Point","coordinates":[-52.97473,-26.15176]}},{"type":"Feature","properties":{"kind":"armazem_conab","nome":"Coasul Cooperativa Agroindustrial","municipio":"Renascença","tipo":"Bateria de Silos","cap_t":13270},"geometry":{"type":"Point","coordinates":[-52.97471,-26.15196]}},{"type":"Feature","properties":{"kind":"armazem_conab","nome":"Amitec-ind e Com de Amidos Ltda","municipio":"Goioerê","tipo":"Convencional","cap_t":7420},"geometry":{"type":"Point","coordinates":[-52.96985,-24.19938]}},{"type":"Feature","properties":{"kind":"armazem_conab","nome":"Ovetril Oleos Vegetais Ltda","municipio":"Renascença","tipo":"Graneleiro","cap_t":7660},"geometry":{"type":"Point","coordinates":[-52.96884,-26.16318]}},{"type":"Feature","properties":{"kind":"armazem_conab","nome":"Marcos Sergio Peres Martins","municipio":"Juranda","tipo":"Silo","cap_t":4150},"geometry":{"type":"Point","coordinates":[-52.96875,-24.39067]}},{"type":"Feature","properties":{"kind":"armazem_conab","nome":"Integrada Cooperativa Agroindustrial","municipio":"Rancho Alegre D'Oeste","tipo":"Bateria de Silos","cap_t":23700},"geometry":{"type":"Point","coordinates":[-52.96356,-24.31534]}},{"type":"Feature","properties":{"kind":"armazem_conab","nome":"Coamo Agroindustrial Cooperativa","municipio":"Rancho Alegre D'Oeste","tipo":"Bateria de Silos","cap_t":18360},"geometry":{"type":"Point","coordinates":[-52.96356,-24.31104]}},{"type":"Feature","properties":{"kind":"armazem_conab","nome":"Integrada Cooperativa Agroindustrial","municipio":"Ubiratã","tipo":"Bateria de Silos","cap_t":11700},"geometry":{"type":"Point","coordinates":[-52.95862,-24.55655]}},{"type":"Feature","properties":{"kind":"armazem_conab","nome":"Pinduca Industria Alimenticia Ltda","municipio":"Planaltina do Paraná","tipo":"Convencional","cap_t":2379},"geometry":{"type":"Point","coordinates":[-52.9566,-23.011]}},{"type":"Feature","properties":{"kind":"armazem_conab","nome":"Coasul Cooperativa Agroindustrial","municipio":"Renascença","tipo":"Bateria de Silos","cap_t":11720},"geometry":{"type":"Point","coordinates":[-52.94697,-26.15899]}},{"type":"Feature","properties":{"kind":"armazem_conab","nome":"Agricola Gemelli Ltda","municipio":"Guaraniaçu","tipo":"Bateria de Silos","cap_t":16520},"geometry":{"type":"Point","coordinates":[-52.94515,-25.09745]}},{"type":"Feature","properties":{"kind":"armazem_conab","nome":"Cooperativa Agroindustrial Nossa Gente","municipio":"Verê","tipo":"Convencional","cap_t":2700},"geometry":{"type":"Point","coordinates":[-52.94347,-25.8969]}},{"type":"Feature","properties":{"kind":"armazem_conab","nome":"Claudionor Streit","municipio":"Renascença","tipo":"Silo","cap_t":1640},"geometry":{"type":"Point","coordinates":[-52.93937,-26.25788]}},{"type":"Feature","properties":{"kind":"armazem_conab","nome":"Claudionor Streit","municipio":"Renascença","tipo":"Convencional","cap_t":2220},"geometry":{"type":"Point","coordinates":[-52.93927,-26.25751]}},{"type":"Feature","properties":{"kind":"armazem_conab","nome":"Agricola Fecamil Ltda","municipio":"Cidade Gaúcha","tipo":"Convencional","cap_t":2120},"geometry":{"type":"Point","coordinates":[-52.93568,-23.35949]}},{"type":"Feature","properties":{"kind":"armazem_conab","nome":"Coamo Agroindustrial Cooperativa","municipio":"Juranda","tipo":"Silo","cap_t":2710},"geometry":{"type":"Point","coordinates":[-52.93452,-24.34078]}},{"type":"Feature","properties":{"kind":"armazem_conab","nome":"Coamo Agroindustrial Cooperativa","municipio":"Juranda","tipo":"Bateria de Silos","cap_t":15510},"geometry":{"type":"Point","coordinates":[-52.93341,-24.34106]}},{"type":"Feature","properties":{"kind":"armazem_conab","nome":"Coamo Agroindustrial Cooperativa","municipio":"Juranda","tipo":"Graneleiro","cap_t":32360},"geometry":{"type":"Point","coordinates":[-52.93326,-24.34151]}},{"type":"Feature","properties":{"kind":"armazem_conab","nome":"Coop Agropecuária Tradição","municipio":"Renascença","tipo":"Bateria de Silos","cap_t":3740},"geometry":{"type":"Point","coordinates":[-52.93241,-26.17439]}},{"type":"Feature","properties":{"kind":"armazem_conab","nome":"Sollo Sul Insumos Agricolas Ltda","municipio":"Quedas do Iguaçu","tipo":"Silo","cap_t":6700},"geometry":{"type":"Point","coordinates":[-52.92914,-25.45992]}},{"type":"Feature","properties":{"kind":"armazem_conab","nome":"Sollo Sul Insumos Agricolas Ltda","municipio":"Quedas do Iguaçu","tipo":"Graneleiro","cap_t":3600},"geometry":{"type":"Point","coordinates":[-52.92895,-25.45997]}},{"type":"Feature","properties":{"kind":"armazem_conab","nome":"Miolar Alimentos Ltda","municipio":"São Jorge d'Oeste","tipo":"Silo","cap_t":560},"geometry":{"type":"Point","coordinates":[-52.92009,-25.73924]}},{"type":"Feature","properties":{"kind":"armazem_conab","nome":"Miolar Alimentos Ltda","municipio":"São Jorge d'Oeste","tipo":"Bateria de Silos","cap_t":3330},"geometry":{"type":"Point","coordinates":[-52.92002,-25.73946]}},{"type":"Feature","properties":{"kind":"armazem_conab","nome":"Coasul Cooperativa Agroindustrial","municipio":"Verê","tipo":"Bateria de Silos","cap_t":6870},"geometry":{"type":"Point","coordinates":[-52.91936,-25.89303]}},{"type":"Feature","properties":{"kind":"armazem_conab","nome":"Cooperativa Agrícola Campofértil","municipio":"São Jorge d'Oeste","tipo":"Bateria de Silos","cap_t":15370},"geometry":{"type":"Point","coordinates":[-52.91893,-25.69706]}},{"type":"Feature","properties":{"kind":"armazem_conab","nome":"Coasul Cooperativa Agroindustrial","municipio":"Verê","tipo":"Silo","cap_t":1060},"geometry":{"type":"Point","coordinates":[-52.91891,-25.89284]}},{"type":"Feature","properties":{"kind":"armazem_conab","nome":"Coopavel Cooperativa Agroindustrial","municipio":"Quedas do Iguaçu","tipo":"Bateria de Silos","cap_t":7810},"geometry":{"type":"Point","coordinates":[-52.9188,-25.44347]}},{"type":"Feature","properties":{"kind":"armazem_conab","nome":"Coasul Cooperativa Agroindustrial","municipio":"Verê","tipo":"Graneleiro","cap_t":3380},"geometry":{"type":"Point","coordinates":[-52.91877,-25.89296]}},{"type":"Feature","properties":{"kind":"armazem_conab","nome":"Cooperativa Agrícola Campofértil","municipio":"São Jorge d'Oeste","tipo":"Convencional","cap_t":480},"geometry":{"type":"Point","coordinates":[-52.91845,-25.69645]}},{"type":"Feature","properties":{"kind":"armazem_conab","nome":"Terra Com. e Exportação de Cereais Ltda","municipio":"Quedas do Iguaçu","tipo":"Graneleiro","cap_t":9760},"geometry":{"type":"Point","coordinates":[-52.91628,-25.44855]}},{"type":"Feature","properties":{"kind":"armazem_conab","nome":"Terra Com. e Exportação de Cereais Ltda","municipio":"Quedas do Iguaçu","tipo":"Graneleiro","cap_t":10840},"geometry":{"type":"Point","coordinates":[-52.91604,-25.44865]}},{"type":"Feature","properties":{"kind":"armazem_conab","nome":"Insuagro Insumos Agricolas Ltda","municipio":"Verê","tipo":"Convencional","cap_t":1890},"geometry":{"type":"Point","coordinates":[-52.91528,-25.87335]}},{"type":"Feature","properties":{"kind":"armazem_conab","nome":"Insuagro Insumos Agricolas Ltda","municipio":"Verê","tipo":"Bateria de Silos","cap_t":10010},"geometry":{"type":"Point","coordinates":[-52.91506,-25.87361]}},{"type":"Feature","properties":{"kind":"armazem_conab","nome":"Coasul Cooperativa Agroindustrial","municipio":"São Jorge d'Oeste","tipo":"Convencional","cap_t":1780},"geometry":{"type":"Point","coordinates":[-52.91378,-25.70579]}},{"type":"Feature","properties":{"kind":"armazem_conab","nome":"Coasul Cooperativa Agroindustrial","municipio":"São Jorge d'Oeste","tipo":"Bateria de Silos","cap_t":16940},"geometry":{"type":"Point","coordinates":[-52.91368,-25.70494]}},{"type":"Feature","properties":{"kind":"armazem_conab","nome":"Agropecuaria Dois Vizinhos Ltda Me","municipio":"São Jorge d'Oeste","tipo":"Convencional","cap_t":1050},"geometry":{"type":"Point","coordinates":[-52.91247,-25.7096]}},{"type":"Feature","properties":{"kind":"armazem_conab","nome":"Agropecuaria Dois Vizinhos Ltda Me","municipio":"São Jorge d'Oeste","tipo":"Bateria de Silos","cap_t":2570},"geometry":{"type":"Point","coordinates":[-52.9124,-25.7092]}},{"type":"Feature","properties":{"kind":"armazem_conab","nome":"Hajer Nutrição Animal Ltda","municipio":"Verê","tipo":"Bateria de Silos","cap_t":1590},"geometry":{"type":"Point","coordinates":[-52.91213,-25.87596]}},{"type":"Feature","properties":{"kind":"armazem_conab","nome":"Agropecuaria Dois Vizinhos Ltda Me","municipio":"Verê","tipo":"Bateria de Silos","cap_t":6590},"geometry":{"type":"Point","coordinates":[-52.90406,-25.86435]}},{"type":"Feature","properties":{"kind":"armazem_conab","nome":"Coasul Cooperativa Agroindustrial","municipio":"Verê","tipo":"Convencional","cap_t":2910},"geometry":{"type":"Point","coordinates":[-52.90231,-25.87278]}},{"type":"Feature","properties":{"kind":"armazem_conab","nome":"Coasul Cooperativa Agroindustrial","municipio":"Verê","tipo":"Bateria de Silos","cap_t":2120},"geometry":{"type":"Point","coordinates":[-52.90208,-25.87308]}},{"type":"Feature","properties":{"kind":"armazem_conab","nome":"Fecularia Três Fronteiras Ltda","municipio":"Itaúna do Sul","tipo":"Convencional","cap_t":2700},"geometry":{"type":"Point","coordinates":[-52.8953,-22.7588]}},{"type":"Feature","properties":{"kind":"armazem_conab","nome":"Coopavel Cooperativa Agroindustrial","municipio":"Vitorino","tipo":"Bateria de Silos","cap_t":10560},"geometry":{"type":"Point","coordinates":[-52.89511,-26.30455]}},{"type":"Feature","properties":{"kind":"armazem_conab","nome":"Comercio e Exportação de Cereais Rio Elias Ltda","municipio":"Bom Sucesso do Sul","tipo":"Bateria de Silos","cap_t":9220},"geometry":{"type":"Point","coordinates":[-52.89024,-26.10828]}},{"type":"Feature","properties":{"kind":"armazem_conab","nome":"Comercio e Exportação de Cereais Rio Elias Ltda","municipio":"Bom Sucesso do Sul","tipo":"Convencional","cap_t":1170},"geometry":{"type":"Point","coordinates":[-52.88981,-26.10683]}},{"type":"Feature","properties":{"kind":"armazem_conab","nome":"Comercio e Exportação de Cereais Rio Elias Ltda","municipio":"Bom Sucesso do Sul","tipo":"Graneleiro","cap_t":14110},"geometry":{"type":"Point","coordinates":[-52.88969,-26.1081]}},{"type":"Feature","properties":{"kind":"armazem_conab","nome":"Comercio e Exportação de Cereais Rio Elias Ltda","municipio":"Bom Sucesso do Sul","tipo":"Bateria de Silos","cap_t":11250},"geometry":{"type":"Point","coordinates":[-52.88938,-26.10838]}},{"type":"Feature","properties":{"kind":"armazem_conab","nome":"Integrada Cooperativa Agroindustrial","municipio":"Ubiratã","tipo":"Bateria de Silos","cap_t":7900},"geometry":{"type":"Point","coordinates":[-52.88527,-24.48184]}},{"type":"Feature","properties":{"kind":"armazem_conab","nome":"Coagru Cooperativa Agroindustrial Uniao","municipio":"Ubiratã","tipo":"Bateria de Silos","cap_t":16560},"geometry":{"type":"Point","coordinates":[-52.88005,-24.47728]}},{"type":"Feature","properties":{"kind":"armazem_conab","nome":"Transzanin-transp Rodov de Cargas Ltda","municipio":"Guaraniaçu","tipo":"Bateria de Silos","cap_t":4980},"geometry":{"type":"Point","coordinates":[-52.87984,-25.10247]}},{"type":"Feature","properties":{"kind":"armazem_conab","nome":"Alimentos Agrocales Agro Indl e Com de","municipio":"Tapejara","tipo":"Convencional","cap_t":720},"geometry":{"type":"Point","coordinates":[-52.87953,-23.76586]}},{"type":"Feature","properties":{"kind":"armazem_conab","nome":"Alimentos Agrocales Agro Indl e Com de","municipio":"Tapejara","tipo":"Convencional","cap_t":1800},"geometry":{"type":"Point","coordinates":[-52.8795,-23.76541]}},{"type":"Feature","properties":{"kind":"armazem_conab","nome":"Transzanin-transp Rodov de Cargas Ltda","municipio":"Guaraniaçu","tipo":"Graneleiro","cap_t":2300},"geometry":{"type":"Point","coordinates":[-52.87885,-25.10527]}},{"type":"Feature","properties":{"kind":"armazem_conab","nome":"Transzanin-transp Rodov de Cargas Ltda","municipio":"Guaraniaçu","tipo":"Bateria de Silos","cap_t":6660},"geometry":{"type":"Point","coordinates":[-52.87871,-25.10559]}},{"type":"Feature","properties":{"kind":"armazem_conab","nome":"Transzanin-transp Rodov de Cargas Ltda","municipio":"Guaraniaçu","tipo":"Convencional","cap_t":210},"geometry":{"type":"Point","coordinates":[-52.87867,-25.10537]}},{"type":"Feature","properties":{"kind":"armazem_conab","nome":"Eliseu Moreira da Silva","municipio":"Juranda","tipo":"Silo","cap_t":960},"geometry":{"type":"Point","coordinates":[-52.87427,-24.42468]}},{"type":"Feature","properties":{"kind":"armazem_conab","nome":"Coopavel Cooperativa Agroindustrial","municipio":"Espigão Alto do Iguaçu","tipo":"Graneleiro","cap_t":16440},"geometry":{"type":"Point","coordinates":[-52.86163,-25.42755]}},{"type":"Feature","properties":{"kind":"armazem_conab","nome":"Coopavel Cooperativa Agroindustrial","municipio":"Espigão Alto do Iguaçu","tipo":"Graneleiro","cap_t":9440},"geometry":{"type":"Point","coordinates":[-52.86131,-25.42732]}},{"type":"Feature","properties":{"kind":"armazem_conab","nome":"Nutrisul S/a Produtos Alimenticios","municipio":"Vitorino","tipo":"Bateria de Silos","cap_t":5660},"geometry":{"type":"Point","coordinates":[-52.85154,-26.34534]}},{"type":"Feature","properties":{"kind":"armazem_conab","nome":"Flavio Bartoski e Outros","municipio":"Juranda","tipo":"Bateria de Silos","cap_t":3370},"geometry":{"type":"Point","coordinates":[-52.84694,-24.42609]}},{"type":"Feature","properties":{"kind":"armazem_conab","nome":"Coamo Agroindustrial Cooperativa","municipio":"Juranda","tipo":"Graneleiro","cap_t":5730},"geometry":{"type":"Point","coordinates":[-52.84166,-24.4255]}},{"type":"Feature","properties":{"kind":"armazem_conab","nome":"Coasul Cooperativa Agroindustrial","municipio":"São João","tipo":"Bateria de Silos","cap_t":6530},"geometry":{"type":"Point","coordinates":[-52.8402,-25.78965]}},{"type":"Feature","properties":{"kind":"armazem_conab","nome":"Coopavel Cooperativa Agroindustrial","municipio":"Bom Sucesso do Sul","tipo":"Bateria de Silos","cap_t":2380},"geometry":{"type":"Point","coordinates":[-52.83879,-26.07571]}},{"type":"Feature","properties":{"kind":"armazem_conab","nome":"Osmar Bonomo","municipio":"Boa Esperança","tipo":"Silo","cap_t":230},"geometry":{"type":"Point","coordinates":[-52.83837,-24.25997]}},{"type":"Feature","properties":{"kind":"armazem_conab","nome":"Coasul Cooperativa Agroindustrial","municipio":"Bom Sucesso do Sul","tipo":"Silo","cap_t":2640},"geometry":{"type":"Point","coordinates":[-52.83565,-26.07336]}},{"type":"Feature","properties":{"kind":"armazem_conab","nome":"Coasul Cooperativa Agroindustrial","municipio":"Bom Sucesso do Sul","tipo":"Bateria de Silos","cap_t":6930},"geometry":{"type":"Point","coordinates":[-52.83501,-26.07301]}},{"type":"Feature","properties":{"kind":"armazem_conab","nome":"Parainka Spak Szeremeta","municipio":"Juranda","tipo":"Silo","cap_t":2330},"geometry":{"type":"Point","coordinates":[-52.83487,-24.4263]}},{"type":"Feature","properties":{"kind":"armazem_conab","nome":"Coamo Agroindustrial Cooperativa","municipio":"Juranda","tipo":"Graneleiro","cap_t":29510},"geometry":{"type":"Point","coordinates":[-52.83455,-24.42282]}},{"type":"Feature","properties":{"kind":"armazem_conab","nome":"Coamo Agroindustrial Cooperativa","municipio":"Juranda","tipo":"Bateria de Silos","cap_t":24420},"geometry":{"type":"Point","coordinates":[-52.83397,-24.42274]}},{"type":"Feature","properties":{"kind":"armazem_conab","nome":"Nutriamidos Derivados de Mandioca Ltda","municipio":"Amaporã","tipo":"Convencional","cap_t":4590},"geometry":{"type":"Point","coordinates":[-52.8287,-23.0673]}},{"type":"Feature","properties":{"kind":"armazem_conab","nome":"Nativa Produtos Agricolas Ltda","municipio":"Vitorino","tipo":"Bateria de Silos","cap_t":8660},"geometry":{"type":"Point","coordinates":[-52.82473,-26.24288]}},{"type":"Feature","properties":{"kind":"armazem_conab","nome":"Coasul Cooperativa Agroindustrial","municipio":"Itapejara d'Oeste","tipo":"Bateria de Silos","cap_t":3360},"geometry":{"type":"Point","coordinates":[-52.81448,-25.97513]}},{"type":"Feature","properties":{"kind":"armazem_conab","nome":"Cerealista Guzzo Ltda","municipio":"Itapejara d'Oeste","tipo":"Graneleiro","cap_t":7870},"geometry":{"type":"Point","coordinates":[-52.81326,-25.97328]}},{"type":"Feature","properties":{"kind":"armazem_conab","nome":"Cerealista Guzzo Ltda","municipio":"Itapejara d'Oeste","tipo":"Convencional","cap_t":830},"geometry":{"type":"Point","coordinates":[-52.81324,-25.97437]}},{"type":"Feature","properties":{"kind":"armazem_conab","nome":"Cerealista Guzzo Ltda","municipio":"Itapejara d'Oeste","tipo":"Graneleiro","cap_t":6080},"geometry":{"type":"Point","coordinates":[-52.81262,-25.97321]}},{"type":"Feature","properties":{"kind":"armazem_conab","nome":"Cerealista Guzzo Ltda","municipio":"Itapejara d'Oeste","tipo":"Graneleiro","cap_t":8090},"geometry":{"type":"Point","coordinates":[-52.81256,-25.97457]}},{"type":"Feature","properties":{"kind":"armazem_conab","nome":"Anhambi Alimentos Ltda","municipio":"Itapejara d'Oeste","tipo":"Bateria de Silos","cap_t":2490},"geometry":{"type":"Point","coordinates":[-52.81199,-25.97142]}},{"type":"Feature","properties":{"kind":"armazem_conab","nome":"Coop Agropecuária Tradição","municipio":"Itapejara d'Oeste","tipo":"Bateria de Silos","cap_t":1110},"geometry":{"type":"Point","coordinates":[-52.81194,-25.97424]}},{"type":"Feature","properties":{"kind":"armazem_conab","nome":"Vibra Agroindustrial S/a","municipio":"Itapejara d'Oeste","tipo":"Bateria de Silos","cap_t":23620},"geometry":{"type":"Point","coordinates":[-52.80941,-25.9836]}},{"type":"Feature","properties":{"kind":"armazem_conab","nome":"C.vale - Cooperativa Agroindustrial","municipio":"Campina da Lagoa","tipo":"Bateria de Silos","cap_t":18200},"geometry":{"type":"Point","coordinates":[-52.80547,-24.58231]}},{"type":"Feature","properties":{"kind":"armazem_conab","nome":"Laudi Lene Gemniczak","municipio":"Campina da Lagoa","tipo":"Bateria de Silos","cap_t":8730},"geometry":{"type":"Point","coordinates":[-52.80491,-24.58455]}},{"type":"Feature","properties":{"kind":"armazem_conab","nome":"Jacomo Lunardelli","municipio":"Campina da Lagoa","tipo":"Bateria de Silos","cap_t":1710},"geometry":{"type":"Point","coordinates":[-52.80201,-24.59005]}},{"type":"Feature","properties":{"kind":"armazem_conab","nome":"Lunardelli Lunardelli & Cia Ltda","municipio":"Campina da Lagoa","tipo":"Convencional","cap_t":630},"geometry":{"type":"Point","coordinates":[-52.80032,-24.59391]}},{"type":"Feature","properties":{"kind":"armazem_conab","nome":"Coagru Cooperativa Agroindustrial Uniao","municipio":"Campina da Lagoa","tipo":"Silo","cap_t":13420},"geometry":{"type":"Point","coordinates":[-52.79861,-24.57547]}},{"type":"Feature","properties":{"kind":"armazem_conab","nome":"Terra Com. e Exportação de Cereais Ltda","municipio":"Espigão Alto do Iguaçu","tipo":"Bateria de Silos","cap_t":6640},"geometry":{"type":"Point","coordinates":[-52.79393,-25.40705]}},{"type":"Feature","properties":{"kind":"armazem_conab","nome":"Alceu Favarão Junior e Outros","municipio":"Campina da Lagoa","tipo":"Bateria de Silos","cap_t":11290},"geometry":{"type":"Point","coordinates":[-52.78844,-24.60627]}},{"type":"Feature","properties":{"kind":"armazem_conab","nome":"Agropecuaria Agua Azul Ltda","municipio":"Janiópolis","tipo":"Bateria de Silos","cap_t":810},"geometry":{"type":"Point","coordinates":[-52.78562,-24.10423]}},{"type":"Feature","properties":{"kind":"armazem_conab","nome":"Coamo Agroindustrial Cooperativa","municipio":"Boa Esperança","tipo":"Graneleiro","cap_t":34920},"geometry":{"type":"Point","coordinates":[-52.78411,-24.25328]}},{"type":"Feature","properties":{"kind":"armazem_conab","nome":"Cooperativa Agroindustrial Alfa","municipio":"Vitorino","tipo":"Bateria de Silos","cap_t":5330},"geometry":{"type":"Point","coordinates":[-52.78401,-26.25698]}},{"type":"Feature","properties":{"kind":"armazem_conab","nome":"Coamo Agroindustrial Cooperativa","municipio":"Boa Esperança","tipo":"Bateria de Silos","cap_t":18330},"geometry":{"type":"Point","coordinates":[-52.78395,-24.25272]}},{"type":"Feature","properties":{"kind":"armazem_conab","nome":"Coamo Agroindustrial Cooperativa","municipio":"Boa Esperança","tipo":"Graneleiro","cap_t":34650},"geometry":{"type":"Point","coordinates":[-52.7832,-24.25281]}},{"type":"Feature","properties":{"kind":"armazem_conab","nome":"João Romagnoli e Outros","municipio":"Boa Esperança","tipo":"Bateria de Silos","cap_t":5970},"geometry":{"type":"Point","coordinates":[-52.78307,-24.24938]}},{"type":"Feature","properties":{"kind":"armazem_conab","nome":"Jacomo Lunardelli e Cia. Ltda","municipio":"Campina da Lagoa","tipo":"Bateria de Silos","cap_t":17390},"geometry":{"type":"Point","coordinates":[-52.78303,-24.60631]}},{"type":"Feature","properties":{"kind":"armazem_conab","nome":"Mauro Hideyuki Endo","municipio":"Janiópolis","tipo":"Silo","cap_t":520},"geometry":{"type":"Point","coordinates":[-52.78098,-24.04524]}},{"type":"Feature","properties":{"kind":"armazem_conab","nome":"Mercaf - Mercantil de Café Ltda","municipio":"Rondon","tipo":"Convencional","cap_t":430},"geometry":{"type":"Point","coordinates":[-52.77653,-23.41939]}},{"type":"Feature","properties":{"kind":"armazem_conab","nome":"Ademir Buccioli e Outros","municipio":"Boa Esperança","tipo":"Bateria de Silos","cap_t":7540},"geometry":{"type":"Point","coordinates":[-52.77459,-24.28013]}},{"type":"Feature","properties":{"kind":"armazem_conab","nome":"Ind Farinha e Polv Marinez Ltda","municipio":"Terra Rica","tipo":"Convencional","cap_t":1770},"geometry":{"type":"Point","coordinates":[-52.7737,-22.6706]}},{"type":"Feature","properties":{"kind":"armazem_conab","nome":"Ind Farinha e Polv Marinez Ltda","municipio":"Terra Rica","tipo":"Convencional","cap_t":4310},"geometry":{"type":"Point","coordinates":[-52.7735,-22.6706]}},{"type":"Feature","properties":{"kind":"armazem_conab","nome":"Ind Farinha e Polv Marinez Ltda","municipio":"Terra Rica","tipo":"Convencional","cap_t":1660},"geometry":{"type":"Point","coordinates":[-52.77306,-22.6713]}},{"type":"Feature","properties":{"kind":"armazem_conab","nome":"Zago e Lorenzetti Ltda","municipio":"Vitorino","tipo":"Bateria de Silos","cap_t":740},"geometry":{"type":"Point","coordinates":[-52.77238,-26.26069]}},{"type":"Feature","properties":{"kind":"armazem_conab","nome":"Zago e Lorenzetti Ltda","municipio":"Vitorino","tipo":"Silo","cap_t":240},"geometry":{"type":"Point","coordinates":[-52.77228,-26.26051]}},{"type":"Feature","properties":{"kind":"armazem_conab","nome":"Zago e Lorenzetti Ltda","municipio":"Vitorino","tipo":"Convencional","cap_t":2250},"geometry":{"type":"Point","coordinates":[-52.77227,-26.26017]}},{"type":"Feature","properties":{"kind":"armazem_conab","nome":"Ind Farinha e Polv Marinez Ltda","municipio":"Terra Rica","tipo":"Convencional","cap_t":550},"geometry":{"type":"Point","coordinates":[-52.7721,-22.6717]}},{"type":"Feature","properties":{"kind":"armazem_conab","nome":"R.d.a. Comércio de Alimentos e Cereais Ltda","municipio":"Vitorino","tipo":"Convencional","cap_t":990},"geometry":{"type":"Point","coordinates":[-52.77194,-26.25859]}},{"type":"Feature","properties":{"kind":"armazem_conab","nome":"Zago e Lorenzetti Ltda","municipio":"Vitorino","tipo":"Bateria de Silos","cap_t":4040},"geometry":{"type":"Point","coordinates":[-52.77177,-26.26067]}},{"type":"Feature","properties":{"kind":"armazem_conab","nome":"Zago e Lorenzetti Ltda","municipio":"Vitorino","tipo":"Bateria de Silos","cap_t":7600},"geometry":{"type":"Point","coordinates":[-52.77152,-26.26023]}},{"type":"Feature","properties":{"kind":"armazem_conab","nome":"Zago e Lorenzetti Ltda","municipio":"Vitorino","tipo":"Convencional","cap_t":1800},"geometry":{"type":"Point","coordinates":[-52.7713,-26.26051]}},{"type":"Feature","properties":{"kind":"armazem_conab","nome":"R.d.a. Comércio de Alimentos e Cereais Ltda","municipio":"Vitorino","tipo":"Bateria de Silos","cap_t":1710},"geometry":{"type":"Point","coordinates":[-52.77125,-26.25891]}},{"type":"Feature","properties":{"kind":"armazem_conab","nome":"Coop Agropecuária Tradição","municipio":"Vitorino","tipo":"Bateria de Silos","cap_t":11460},"geometry":{"type":"Point","coordinates":[-52.76535,-26.26308]}},{"type":"Feature","properties":{"kind":"armazem_conab","nome":"Barra Velha Ind. e Com. de Deriv. de Mandioca Ltda","municipio":"Rondon","tipo":"Convencional","cap_t":1340},"geometry":{"type":"Point","coordinates":[-52.76402,-23.42704]}},{"type":"Feature","properties":{"kind":"armazem_conab","nome":"Coamo Agroindustrial Cooperativa","municipio":"Janiópolis","tipo":"Bateria de Silos","cap_t":5330},"geometry":{"type":"Point","coordinates":[-52.76313,-24.12332]}},{"type":"Feature","properties":{"kind":"armazem_conab","nome":"Coamo Agroindustrial Cooperativa","municipio":"Janiópolis","tipo":"Bateria de Silos","cap_t":35210},"geometry":{"type":"Point","coordinates":[-52.76277,-24.12246]}},{"type":"Feature","properties":{"kind":"armazem_conab","nome":"Elydio Marques de Almeida","municipio":"Janiópolis","tipo":"Bateria de Silos","cap_t":3980},"geometry":{"type":"Point","coordinates":[-52.76172,-24.09072]}},{"type":"Feature","properties":{"kind":"armazem_conab","nome":"Pedro Luiz Staniszewski","municipio":"Boa Esperança","tipo":"Bateria de Silos","cap_t":5220},"geometry":{"type":"Point","coordinates":[-52.74471,-24.29968]}},{"type":"Feature","properties":{"kind":"armazem_conab","nome":"Pedro Luiz Staniszewski","municipio":"Boa Esperança","tipo":"Convencional","cap_t":1514},"geometry":{"type":"Point","coordinates":[-52.74452,-24.30016]}},{"type":"Feature","properties":{"kind":"armazem_conab","nome":"Eides Guedes e Outros","municipio":"Janiópolis","tipo":"Silo","cap_t":14200},"geometry":{"type":"Point","coordinates":[-52.74292,-24.11824]}},{"type":"Feature","properties":{"kind":"armazem_conab","nome":"Eides Guedes e Outros","municipio":"Janiópolis","tipo":"Convencional","cap_t":2250},"geometry":{"type":"Point","coordinates":[-52.74292,-24.11758]}},{"type":"Feature","properties":{"kind":"armazem_conab","nome":"Nativa Produtos Agricolas Ltda","municipio":"Pato Branco","tipo":"Bateria de Silos","cap_t":10960},"geometry":{"type":"Point","coordinates":[-52.7305,-26.0528]}},{"type":"Feature","properties":{"kind":"armazem_conab","nome":"Coasul Cooperativa Agroindustrial","municipio":"São João","tipo":"Bateria de Silos","cap_t":32560},"geometry":{"type":"Point","coordinates":[-52.7276,-25.83577]}},{"type":"Feature","properties":{"kind":"armazem_conab","nome":"Coasul Cooperativa Agroindustrial","municipio":"São João","tipo":"Graneleiro","cap_t":32520},"geometry":{"type":"Point","coordinates":[-52.72681,-25.83695]}},{"type":"Feature","properties":{"kind":"armazem_conab","nome":"Coamo Agroindustrial Cooperativa","municipio":"Juranda","tipo":"Graneleiro","cap_t":11460},"geometry":{"type":"Point","coordinates":[-52.72617,-24.34607]}},{"type":"Feature","properties":{"kind":"armazem_conab","nome":"Coasul Cooperativa Agroindustrial","municipio":"São João","tipo":"Bateria de Silos","cap_t":20050},"geometry":{"type":"Point","coordinates":[-52.72615,-25.83683]}},{"type":"Feature","properties":{"kind":"armazem_conab","nome":"Coamo Agroindustrial Cooperativa","municipio":"Juranda","tipo":"Graneleiro","cap_t":16040},"geometry":{"type":"Point","coordinates":[-52.72607,-24.3465]}},{"type":"Feature","properties":{"kind":"armazem_conab","nome":"Coasul Cooperativa Agroindustrial","municipio":"Sulina","tipo":"Silo","cap_t":2380},"geometry":{"type":"Point","coordinates":[-52.72407,-25.70386]}},{"type":"Feature","properties":{"kind":"armazem_conab","nome":"Coamo Agroindustrial Cooperativa","municipio":"Altamira do Paraná","tipo":"Bateria de Silos","cap_t":5760},"geometry":{"type":"Point","coordinates":[-52.72304,-24.7918]}},{"type":"Feature","properties":{"kind":"armazem_conab","nome":"Dona Alda Indústria de Alimentos Ltda","municipio":"Bom Sucesso do Sul","tipo":"Bateria de Silos","cap_t":14190},"geometry":{"type":"Point","coordinates":[-52.72134,-26.12651]}},{"type":"Feature","properties":{"kind":"armazem_conab","nome":"Jm Cereais e Serviços Agrícolas Ltda","municipio":"Bom Sucesso do Sul","tipo":"Bateria de Silos","cap_t":22020},"geometry":{"type":"Point","coordinates":[-52.72108,-26.12761]}},{"type":"Feature","properties":{"kind":"armazem_conab","nome":"Coamo Agroindustrial Cooperativa","municipio":"Coronel Vivida","tipo":"Bateria de Silos","cap_t":28490},"geometry":{"type":"Point","coordinates":[-52.70161,-25.93951]}},{"type":"Feature","properties":{"kind":"armazem_conab","nome":"Agropecuaria Bariri Ltda","municipio":"Farol","tipo":"Bateria de Silos","cap_t":1300},"geometry":{"type":"Point","coordinates":[-52.6996,-24.0979]}},{"type":"Feature","properties":{"kind":"armazem_conab","nome":"Brf S.a.","municipio":"Pato Branco","tipo":"Graneleiro","cap_t":8520},"geometry":{"type":"Point","coordinates":[-52.69644,-26.16344]}},{"type":"Feature","properties":{"kind":"armazem_conab","nome":"Brf S.a.","municipio":"Pato Branco","tipo":"Bateria de Silos","cap_t":12160},"geometry":{"type":"Point","coordinates":[-52.69606,-26.16351]}},{"type":"Feature","properties":{"kind":"armazem_conab","nome":"Agroindustrial e Comercial Derimam Ltda","municipio":"Paranavaí","tipo":"Convencional","cap_t":7180},"geometry":{"type":"Point","coordinates":[-52.6954,-23.1033]}},{"type":"Feature","properties":{"kind":"armazem_conab","nome":"Coop Agropecuária Tradição","municipio":"Pato Branco","tipo":"Convencional","cap_t":1350},"geometry":{"type":"Point","coordinates":[-52.69408,-26.17053]}},{"type":"Feature","properties":{"kind":"armazem_conab","nome":"Coop Agropecuária Tradição","municipio":"Pato Branco","tipo":"Bateria de Silos","cap_t":50340},"geometry":{"type":"Point","coordinates":[-52.69391,-26.16954]}},{"type":"Feature","properties":{"kind":"armazem_conab","nome":"Coop Agropecuária Tradição","municipio":"Pato Branco","tipo":"Convencional","cap_t":410},"geometry":{"type":"Point","coordinates":[-52.69388,-26.17045]}},{"type":"Feature","properties":{"kind":"armazem_conab","nome":"Gonçalves e Tortola Ltda","municipio":"Indianópolis","tipo":"Bateria de Silos","cap_t":22530},"geometry":{"type":"Point","coordinates":[-52.69059,-23.47719]}},{"type":"Feature","properties":{"kind":"armazem_conab","nome":"Anhambi Alimentos Ltda","municipio":"Pato Branco","tipo":"Silo","cap_t":1840},"geometry":{"type":"Point","coordinates":[-52.68901,-26.18833]}},{"type":"Feature","properties":{"kind":"armazem_conab","nome":"Coopavel Cooperativa Agroindustrial","municipio":"Pato Branco","tipo":"Bateria de Silos","cap_t":33260},"geometry":{"type":"Point","coordinates":[-52.68657,-26.17966]}},{"type":"Feature","properties":{"kind":"armazem_conab","nome":"Lavoura Ind e Com Oeste S/a","municipio":"Pato Branco","tipo":"Convencional","cap_t":1080},"geometry":{"type":"Point","coordinates":[-52.68575,-26.21641]}},{"type":"Feature","properties":{"kind":"armazem_conab","nome":"Lavoura Ind e Com Oeste S/a","municipio":"Pato Branco","tipo":"Convencional","cap_t":580},"geometry":{"type":"Point","coordinates":[-52.68516,-26.21705]}},{"type":"Feature","properties":{"kind":"armazem_conab","nome":"Lavoura Ind e Com Oeste S/a","municipio":"Pato Branco","tipo":"Convencional","cap_t":590},"geometry":{"type":"Point","coordinates":[-52.68493,-26.217]}},{"type":"Feature","properties":{"kind":"armazem_conab","nome":"Lavoura Ind e Com Oeste S/a","municipio":"Pato Branco","tipo":"Convencional","cap_t":2170},"geometry":{"type":"Point","coordinates":[-52.68462,-26.21699]}},{"type":"Feature","properties":{"kind":"armazem_conab","nome":"Avicola Pato Branco Ltda","municipio":"Mariópolis","tipo":"Bateria de Silos","cap_t":2010},"geometry":{"type":"Point","coordinates":[-52.67971,-26.25438]}},{"type":"Feature","properties":{"kind":"armazem_conab","nome":"Moinho de Trigo e Madeireira Bolson Ltda","municipio":"Pato Branco","tipo":"Bateria de Silos","cap_t":6060},"geometry":{"type":"Point","coordinates":[-52.6767,-26.25062]}},{"type":"Feature","properties":{"kind":"armazem_conab","nome":"Peron Ferrari Sa","municipio":"Pato Branco","tipo":"Silo","cap_t":430},"geometry":{"type":"Point","coordinates":[-52.67359,-26.23776]}},{"type":"Feature","properties":{"kind":"armazem_conab","nome":"R N Perusso Cereais Eireli","municipio":"Pato Branco","tipo":"Graneleiro","cap_t":30000},"geometry":{"type":"Point","coordinates":[-52.67357,-26.20113]}},{"type":"Feature","properties":{"kind":"armazem_conab","nome":"Mauro Caldas Carneiro","municipio":"Farol","tipo":"Bateria de Silos","cap_t":5370},"geometry":{"type":"Point","coordinates":[-52.67012,-24.15348]}},{"type":"Feature","properties":{"kind":"armazem_conab","nome":"Renato Ludwig","municipio":"Mamborê","tipo":"Bateria de Silos","cap_t":1930},"geometry":{"type":"Point","coordinates":[-52.66997,-24.34463]}},{"type":"Feature","properties":{"kind":"armazem_conab","nome":"Granja Real Ltda","municipio":"Pato Branco","tipo":"Bateria de Silos","cap_t":15720},"geometry":{"type":"Point","coordinates":[-52.66683,-26.18506]}},{"type":"Feature","properties":{"kind":"armazem_conab","nome":"Patoagro Produtos Agricolas Ltda","municipio":"Pato Branco","tipo":"Bateria de Silos","cap_t":11740},"geometry":{"type":"Point","coordinates":[-52.66408,-26.15231]}},{"type":"Feature","properties":{"kind":"armazem_conab","nome":"Cocamar Cooperativa Agroindustrial","municipio":"Cianorte","tipo":"Graneleiro","cap_t":69550},"geometry":{"type":"Point","coordinates":[-52.63587,-23.69429]}},{"type":"Feature","properties":{"kind":"armazem_conab","nome":"Cocamar Cooperativa Agroindustrial","municipio":"Cianorte","tipo":"Bateria de Silos","cap_t":11010},"geometry":{"type":"Point","coordinates":[-52.6353,-23.69418]}},{"type":"Feature","properties":{"kind":"armazem_conab","nome":"Coamo Agroindustrial Cooperativa","municipio":"Araruna","tipo":"Bateria de Silos","cap_t":23120},"geometry":{"type":"Point","coordinates":[-52.63351,-23.95039]}},{"type":"Feature","properties":{"kind":"armazem_conab","nome":"Agroindústria, Comércio e Transporte de Farinha Roders Ltda","municipio":"Terra Rica","tipo":"Convencional","cap_t":3440},"geometry":{"type":"Point","coordinates":[-52.6317,-22.7029]}},{"type":"Feature","properties":{"kind":"armazem_conab","nome":"Camisc-cooperativa Agricola Mista Sao Cristovao Ltda","municipio":"Mariópolis","tipo":"Bateria de Silos","cap_t":4410},"geometry":{"type":"Point","coordinates":[-52.62674,-26.30221]}},{"type":"Feature","properties":{"kind":"armazem_conab","nome":"J.c. Oliveira & Filhos Ltda","municipio":"Cianorte","tipo":"Convencional","cap_t":1080},"geometry":{"type":"Point","coordinates":[-52.62039,-23.91165]}},{"type":"Feature","properties":{"kind":"armazem_conab","nome":"J.c. Oliveira & Filhos Ltda","municipio":"Cianorte","tipo":"Convencional","cap_t":490},"geometry":{"type":"Point","coordinates":[-52.62017,-23.91167]}},{"type":"Feature","properties":{"kind":"armazem_conab","nome":"Avenorte - Avícola Cianorte Ltda","municipio":"Cianorte","tipo":"Bateria de Silos","cap_t":12200},"geometry":{"type":"Point","coordinates":[-52.62016,-23.69783]}},{"type":"Feature","properties":{"kind":"armazem_conab","nome":"J.c. Oliveira & Filhos Ltda","municipio":"Cianorte","tipo":"Convencional","cap_t":490},"geometry":{"type":"Point","coordinates":[-52.62004,-23.91165]}},{"type":"Feature","properties":{"kind":"armazem_conab","nome":"J.c. Oliveira & Filhos Ltda","municipio":"Cianorte","tipo":"Bateria de Silos","cap_t":1610},"geometry":{"type":"Point","coordinates":[-52.61937,-23.91212]}},{"type":"Feature","properties":{"kind":"armazem_conab","nome":"J.c. Oliveira & Filhos Ltda","municipio":"Cianorte","tipo":"Convencional","cap_t":6190},"geometry":{"type":"Point","coordinates":[-52.6193,-23.91052]}},{"type":"Feature","properties":{"kind":"armazem_conab","nome":"Indemil Comercio e Industria Ltda","municipio":"Paranavaí","tipo":"Convencional","cap_t":4710},"geometry":{"type":"Point","coordinates":[-52.6146,-23.0871]}},{"type":"Feature","properties":{"kind":"armazem_conab","nome":"Indemil Comercio e Industria Ltda","municipio":"Paranavaí","tipo":"Bateria de Silos","cap_t":11080},"geometry":{"type":"Point","coordinates":[-52.6142,-23.0857]}},{"type":"Feature","properties":{"kind":"armazem_conab","nome":"Amafil-ind e Com de Alimentos Ltda","municipio":"Cianorte","tipo":"Convencional","cap_t":3380},"geometry":{"type":"Point","coordinates":[-52.61123,-23.86651]}},{"type":"Feature","properties":{"kind":"armazem_conab","nome":"Amafil-ind e Com de Alimentos Ltda","municipio":"Cianorte","tipo":"Convencional","cap_t":3930},"geometry":{"type":"Point","coordinates":[-52.61123,-23.86651]}},{"type":"Feature","properties":{"kind":"armazem_conab","nome":"Coamo Agroindustrial Cooperativa","municipio":"Farol","tipo":"Graneleiro","cap_t":36040},"geometry":{"type":"Point","coordinates":[-52.60687,-24.08321]}},{"type":"Feature","properties":{"kind":"armazem_conab","nome":"Coamo Agroindustrial Cooperativa","municipio":"Farol","tipo":"Graneleiro","cap_t":18430},"geometry":{"type":"Point","coordinates":[-52.60657,-24.08275]}},{"type":"Feature","properties":{"kind":"armazem_conab","nome":"Coamo Agroindustrial Cooperativa","municipio":"Farol","tipo":"Bateria de Silos","cap_t":18500},"geometry":{"type":"Point","coordinates":[-52.60656,-24.08234]}},{"type":"Feature","properties":{"kind":"armazem_conab","nome":"Produtos de Mandioca Centenário Ltda","municipio":"Paranavaí","tipo":"Convencional","cap_t":750},"geometry":{"type":"Point","coordinates":[-52.6041,-23.0144]}},{"type":"Feature","properties":{"kind":"armazem_conab","nome":"Farinha Maniva Ind. de Alimentos Ltda","municipio":"Cianorte","tipo":"Convencional","cap_t":670},"geometry":{"type":"Point","coordinates":[-52.60255,-23.91887]}},{"type":"Feature","properties":{"kind":"armazem_conab","nome":"Pinduca Industria Alimenticia Ltda","municipio":"Cianorte","tipo":"Convencional","cap_t":5390},"geometry":{"type":"Point","coordinates":[-52.60209,-23.68197]}},{"type":"Feature","properties":{"kind":"armazem_conab","nome":"S N N Viana & Cia Ltda","municipio":"Paranavaí","tipo":"Convencional","cap_t":600},"geometry":{"type":"Point","coordinates":[-52.6015,-23.0179]}},{"type":"Feature","properties":{"kind":"armazem_conab","nome":"Farinha Maniva Ind. de Alimentos Ltda","municipio":"Cianorte","tipo":"Convencional","cap_t":270},"geometry":{"type":"Point","coordinates":[-52.60128,-23.91787]}},{"type":"Feature","properties":{"kind":"armazem_conab","nome":"Cocamar Cooperativa Agroindustrial","municipio":"Paraíso do Norte","tipo":"Bateria de Silos","cap_t":27260},"geometry":{"type":"Point","coordinates":[-52.5999,-23.26042]}},{"type":"Feature","properties":{"kind":"armazem_conab","nome":"Curioni & Biollo Ltda.","municipio":"Paraíso do Norte","tipo":"Bateria de Silos","cap_t":12130},"geometry":{"type":"Point","coordinates":[-52.5979,-23.2712]}},{"type":"Feature","properties":{"kind":"armazem_conab","nome":"Curioni & Biollo Ltda.","municipio":"Paraíso do Norte","tipo":"Bateria de Silos","cap_t":3110},"geometry":{"type":"Point","coordinates":[-52.5978,-23.2709]}},{"type":"Feature","properties":{"kind":"armazem_conab","nome":"Antonio Guinzani","municipio":"Mamborê","tipo":"Bateria de Silos","cap_t":6820},"geometry":{"type":"Point","coordinates":[-52.58822,-24.45609]}},{"type":"Feature","properties":{"kind":"armazem_conab","nome":"Amafil-ind e Com de Alimentos Ltda","municipio":"Cianorte","tipo":"Convencional","cap_t":2360},"geometry":{"type":"Point","coordinates":[-52.58786,-23.6736]}},{"type":"Feature","properties":{"kind":"armazem_conab","nome":"Amafil-ind e Com de Alimentos Ltda","municipio":"Cianorte","tipo":"Convencional","cap_t":2700},"geometry":{"type":"Point","coordinates":[-52.5875,-23.67374]}},{"type":"Feature","properties":{"kind":"armazem_conab","nome":"Amafil-ind e Com de Alimentos Ltda","municipio":"Cianorte","tipo":"Convencional","cap_t":2280},"geometry":{"type":"Point","coordinates":[-52.58742,-23.67405]}},{"type":"Feature","properties":{"kind":"armazem_conab","nome":"I. Riedi & Cia. Ltda.","municipio":"Mamborê","tipo":"Bateria de Silos","cap_t":6520},"geometry":{"type":"Point","coordinates":[-52.58674,-24.29657]}},{"type":"Feature","properties":{"kind":"armazem_conab","nome":"C.vale - Cooperativa Agroindustrial","municipio":"Nova Cantu","tipo":"Graneleiro","cap_t":1080},"geometry":{"type":"Point","coordinates":[-52.58469,-24.6624]}},{"type":"Feature","properties":{"kind":"armazem_conab","nome":"Coamo Agroindustrial Cooperativa","municipio":"Mamborê","tipo":"Bateria de Silos","cap_t":6350},"geometry":{"type":"Point","coordinates":[-52.57951,-24.32502]}},{"type":"Feature","properties":{"kind":"armazem_conab","nome":"Coamo Agroindustrial Cooperativa","municipio":"Mamborê","tipo":"Bateria de Silos","cap_t":71450},"geometry":{"type":"Point","coordinates":[-52.57381,-24.45156]}},{"type":"Feature","properties":{"kind":"armazem_conab","nome":"Coamo Agroindustrial Cooperativa","municipio":"Mamborê","tipo":"Graneleiro","cap_t":17240},"geometry":{"type":"Point","coordinates":[-52.5729,-24.45175]}},{"type":"Feature","properties":{"kind":"armazem_conab","nome":"M.r.bondezan & Cia Ltda","municipio":"Cianorte","tipo":"Bateria de Silos","cap_t":3910},"geometry":{"type":"Point","coordinates":[-52.57271,-23.66234]}},{"type":"Feature","properties":{"kind":"armazem_conab","nome":"Pinduca Industria Alimenticia Ltda","municipio":"Planaltina do Paraná","tipo":"Convencional","cap_t":3923},"geometry":{"type":"Point","coordinates":[-52.57247,-23.00397]}},{"type":"Feature","properties":{"kind":"armazem_conab","nome":"Coagru Cooperativa Agroindustrial Uniao","municipio":"Nova Cantu","tipo":"Bateria de Silos","cap_t":32350},"geometry":{"type":"Point","coordinates":[-52.56406,-24.67105]}},{"type":"Feature","properties":{"kind":"armazem_conab","nome":"Nova Aliança Comércio Atacadista de Cereais Ltda","municipio":"Coronel Vivida","tipo":"Convencional","cap_t":810},"geometry":{"type":"Point","coordinates":[-52.56119,-25.99921]}},{"type":"Feature","properties":{"kind":"armazem_conab","nome":"Nova Aliança Comércio Atacadista de Cereais Ltda","municipio":"Coronel Vivida","tipo":"Bateria de Silos","cap_t":2890},"geometry":{"type":"Point","coordinates":[-52.56077,-25.99913]}},{"type":"Feature","properties":{"kind":"armazem_conab","nome":"San Rafael Sem e Cereais Ltda","municipio":"Coronel Vivida","tipo":"Bateria de Silos","cap_t":38960},"geometry":{"type":"Point","coordinates":[-52.55789,-25.99001]}},{"type":"Feature","properties":{"kind":"armazem_conab","nome":"Agropecuaria Agua Azul Ltda","municipio":"Farol","tipo":"Bateria de Silos","cap_t":4620},"geometry":{"type":"Point","coordinates":[-52.55767,-24.12133]}},{"type":"Feature","properties":{"kind":"armazem_conab","nome":"San Rafael Sem e Cereais Ltda","municipio":"Coronel Vivida","tipo":"Convencional","cap_t":1620},"geometry":{"type":"Point","coordinates":[-52.55725,-25.99205]}},{"type":"Feature","properties":{"kind":"armazem_conab","nome":"San Rafael Sem e Cereais Ltda","municipio":"Coronel Vivida","tipo":"Convencional","cap_t":3150},"geometry":{"type":"Point","coordinates":[-52.55687,-25.98989]}},{"type":"Feature","properties":{"kind":"armazem_conab","nome":"Coop Agropecuária Tradição","municipio":"Coronel Vivida","tipo":"Bateria de Silos","cap_t":16010},"geometry":{"type":"Point","coordinates":[-52.55574,-25.99175]}},{"type":"Feature","properties":{"kind":"armazem_conab","nome":"Avicola Pato Branco Ltda","municipio":"Mariópolis","tipo":"Bateria de Silos","cap_t":3110},"geometry":{"type":"Point","coordinates":[-52.55487,-26.3515]}},{"type":"Feature","properties":{"kind":"armazem_conab","nome":"Mandionorte Ind. e Com. Farinha Ltda","municipio":"Araruna","tipo":"Convencional","cap_t":1800},"geometry":{"type":"Point","coordinates":[-52.55247,-23.97684]}},{"type":"Feature","properties":{"kind":"armazem_conab","nome":"Camisc-cooperativa Agricola Mista Sao Cristovao Ltda","municipio":"Mariópolis","tipo":"Silo","cap_t":1180},"geometry":{"type":"Point","coordinates":[-52.55232,-26.35192]}},{"type":"Feature","properties":{"kind":"armazem_conab","nome":"Camisc-cooperativa Agricola Mista Sao Cristovao Ltda","municipio":"Mariópolis","tipo":"Bateria de Silos","cap_t":11230},"geometry":{"type":"Point","coordinates":[-52.55224,-26.35141]}},{"type":"Feature","properties":{"kind":"armazem_conab","nome":"Camisc-cooperativa Agricola Mista Sao Cristovao Ltda","municipio":"Mariópolis","tipo":"Chapï¿½u Chines","cap_t":5230},"geometry":{"type":"Point","coordinates":[-52.55223,-26.35157]}},{"type":"Feature","properties":{"kind":"armazem_conab","nome":"Mandionorte Ind. e Com. Farinha Ltda","municipio":"Araruna","tipo":"Convencional","cap_t":320},"geometry":{"type":"Point","coordinates":[-52.55199,-23.97715]}},{"type":"Feature","properties":{"kind":"armazem_conab","nome":"Camisc-cooperativa Agricola Mista Sao Cristovao Ltda","municipio":"Mariópolis","tipo":"Silo","cap_t":1180},"geometry":{"type":"Point","coordinates":[-52.55177,-26.35184]}},{"type":"Feature","properties":{"kind":"armazem_conab","nome":"Industria e Comercio de Trigo Mariopolis Ltda","municipio":"Mariópolis","tipo":"Bateria de Silos","cap_t":18080},"geometry":{"type":"Point","coordinates":[-52.55124,-26.35191]}},{"type":"Feature","properties":{"kind":"armazem_conab","nome":"Cooperativa de Produtores de Sementes Coprossel","municipio":"Nova Laranjeiras","tipo":"Bateria de Silos","cap_t":11100},"geometry":{"type":"Point","coordinates":[-52.54879,-25.31341]}},{"type":"Feature","properties":{"kind":"armazem_conab","nome":"Sementes Sojamil Ltda","municipio":"Chopinzinho","tipo":"Bateria de Silos","cap_t":14790},"geometry":{"type":"Point","coordinates":[-52.54623,-25.85253]}},{"type":"Feature","properties":{"kind":"armazem_conab","nome":"Sementes Sojamil Ltda","municipio":"Chopinzinho","tipo":"Graneleiro","cap_t":4480},"geometry":{"type":"Point","coordinates":[-52.54586,-25.85238]}},{"type":"Feature","properties":{"kind":"armazem_conab","nome":"Coamo Agroindustrial Cooperativa","municipio":"Coronel Vivida","tipo":"Bateria de Silos","cap_t":17060},"geometry":{"type":"Point","coordinates":[-52.54471,-25.98773]}},{"type":"Feature","properties":{"kind":"armazem_conab","nome":"Associação do Condomínio de Grãos Pioneiro","municipio":"Mamborê","tipo":"Bateria de Silos","cap_t":14710},"geometry":{"type":"Point","coordinates":[-52.54463,-24.3247]}},{"type":"Feature","properties":{"kind":"armazem_conab","nome":"Coamo Agroindustrial Cooperativa","municipio":"Mamborê","tipo":"Bateria de Silos","cap_t":22480},"geometry":{"type":"Point","coordinates":[-52.54441,-24.28194]}},{"type":"Feature","properties":{"kind":"armazem_conab","nome":"Coasul Cooperativa Agroindustrial","municipio":"Chopinzinho","tipo":"Graneleiro","cap_t":22980},"geometry":{"type":"Point","coordinates":[-52.54435,-25.85244]}},{"type":"Feature","properties":{"kind":"armazem_conab","nome":"Gonçalves e Tortola Ltda","municipio":"Paranavaí","tipo":"Bateria de Silos","cap_t":7280},"geometry":{"type":"Point","coordinates":[-52.5438,-23.0844]}},{"type":"Feature","properties":{"kind":"armazem_conab","nome":"Coamo Agroindustrial Cooperativa","municipio":"Coronel Vivida","tipo":"Graneleiro","cap_t":10420},"geometry":{"type":"Point","coordinates":[-52.54369,-25.98668]}},{"type":"Feature","properties":{"kind":"armazem_conab","nome":"Argepal-arms Gerais Pan Ltda","municipio":"Chopinzinho","tipo":"Convencional","cap_t":1580},"geometry":{"type":"Point","coordinates":[-52.54338,-25.85374]}},{"type":"Feature","properties":{"kind":"armazem_conab","nome":"Coamo Agroindustrial Cooperativa","municipio":"Mamborê","tipo":"Bateria de Silos","cap_t":5440},"geometry":{"type":"Point","coordinates":[-52.54325,-24.28253]}},{"type":"Feature","properties":{"kind":"armazem_conab","nome":"Coasul Cooperativa Agroindustrial","municipio":"Chopinzinho","tipo":"Bateria de Silos","cap_t":6000},"geometry":{"type":"Point","coordinates":[-52.54288,-25.85302]}},{"type":"Feature","properties":{"kind":"armazem_conab","nome":"Argepal-arms Gerais Pan Ltda","municipio":"Chopinzinho","tipo":"Graneleiro","cap_t":3500},"geometry":{"type":"Point","coordinates":[-52.54282,-25.85392]}},{"type":"Feature","properties":{"kind":"armazem_conab","nome":"C.vale - Cooperativa Agroindustrial","municipio":"Mamborê","tipo":"Bateria de Silos","cap_t":15950},"geometry":{"type":"Point","coordinates":[-52.54198,-24.32228]}},{"type":"Feature","properties":{"kind":"armazem_conab","nome":"Camisc-cooperativa Agricola Mista Sao Cristovao Ltda","municipio":"Mariópolis","tipo":"Bateria de Silos","cap_t":21490},"geometry":{"type":"Point","coordinates":[-52.54155,-26.35466]}},{"type":"Feature","properties":{"kind":"armazem_conab","nome":"Coamo Agroindustrial Cooperativa","municipio":"Mamborê","tipo":"Bateria de Silos","cap_t":5390},"geometry":{"type":"Point","coordinates":[-52.53853,-24.31823]}},{"type":"Feature","properties":{"kind":"armazem_conab","nome":"Cooperativa de Produtores de Sementes Coprossel","municipio":"Nova Laranjeiras","tipo":"Bateria de Silos","cap_t":3300},"geometry":{"type":"Point","coordinates":[-52.53648,-25.30962]}},{"type":"Feature","properties":{"kind":"armazem_conab","nome":"Cooperativa de Produtores de Sementes Coprossel","municipio":"Nova Laranjeiras","tipo":"Convencional","cap_t":1010},"geometry":{"type":"Point","coordinates":[-52.53642,-25.30994]}},{"type":"Feature","properties":{"kind":"armazem_conab","nome":"Farinheira Planalto Ltda","municipio":"Planaltina do Paraná","tipo":"Convencional","cap_t":1060},"geometry":{"type":"Point","coordinates":[-52.5338,-23.0319]}},{"type":"Feature","properties":{"kind":"armazem_conab","nome":"Coamo Agroindustrial Cooperativa","municipio":"Mamborê","tipo":"Graneleiro","cap_t":37350},"geometry":{"type":"Point","coordinates":[-52.5298,-24.32279]}},{"type":"Feature","properties":{"kind":"armazem_conab","nome":"Coamo Agroindustrial Cooperativa","municipio":"Mamborê","tipo":"Bateria de Silos","cap_t":9830},"geometry":{"type":"Point","coordinates":[-52.52974,-24.32364]}},{"type":"Feature","properties":{"kind":"armazem_conab","nome":"Coamo Agroindustrial Cooperativa","municipio":"Mamborê","tipo":"Convencional","cap_t":18230},"geometry":{"type":"Point","coordinates":[-52.52871,-24.32531]}},{"type":"Feature","properties":{"kind":"armazem_conab","nome":"Coasul Cooperativa Agroindustrial","municipio":"Rio Bonito do Iguaçu","tipo":"Bateria de Silos","cap_t":19800},"geometry":{"type":"Point","coordinates":[-52.52272,-25.48318]}},{"type":"Feature","properties":{"kind":"armazem_conab","nome":"Cooperativa de Produtores de Sementes Coprossel","municipio":"Rio Bonito do Iguaçu","tipo":"Bateria de Silos","cap_t":5610},"geometry":{"type":"Point","coordinates":[-52.51775,-25.47915]}},{"type":"Feature","properties":{"kind":"armazem_conab","nome":"Helce Ind de Prod Alimenticios Ltda","municipio":"Araruna","tipo":"Convencional","cap_t":1370},"geometry":{"type":"Point","coordinates":[-52.5174,-23.91911]}},{"type":"Feature","properties":{"kind":"armazem_conab","nome":"Cooperativa de Produtores de Sementes Coprossel","municipio":"Rio Bonito do Iguaçu","tipo":"Convencional","cap_t":1580},"geometry":{"type":"Point","coordinates":[-52.51722,-25.47838]}},{"type":"Feature","properties":{"kind":"armazem_conab","nome":"Helce Ind de Prod Alimenticios Ltda","municipio":"Araruna","tipo":"Silo","cap_t":1740},"geometry":{"type":"Point","coordinates":[-52.51679,-23.91902]}},{"type":"Feature","properties":{"kind":"armazem_conab","nome":"Cooperativa de Produtores de Sementes Coprossel","municipio":"Rio Bonito do Iguaçu","tipo":"Bateria de Silos","cap_t":16130},"geometry":{"type":"Point","coordinates":[-52.51296,-25.47453]}},{"type":"Feature","properties":{"kind":"armazem_conab","nome":"Decarli Comercio de Cereais Ltda","municipio":"Chopinzinho","tipo":"Silo","cap_t":1150},"geometry":{"type":"Point","coordinates":[-52.50382,-25.86341]}},{"type":"Feature","properties":{"kind":"armazem_conab","nome":"Decarli Comercio de Cereais Ltda","municipio":"Chopinzinho","tipo":"Convencional","cap_t":1680},"geometry":{"type":"Point","coordinates":[-52.50349,-25.86333]}},{"type":"Feature","properties":{"kind":"armazem_conab","nome":"Decarli Comercio de Cereais Ltda","municipio":"Chopinzinho","tipo":"Bateria de Silos","cap_t":5330},"geometry":{"type":"Point","coordinates":[-52.50344,-25.86284]}},{"type":"Feature","properties":{"kind":"armazem_conab","nome":"Camisc-cooperativa Agricola Mista Sao Cristovao Ltda","municipio":"Clevelândia","tipo":"Convencional","cap_t":1946},"geometry":{"type":"Point","coordinates":[-52.49805,-26.2322]}},{"type":"Feature","properties":{"kind":"armazem_conab","nome":"Camisc-cooperativa Agricola Mista Sao Cristovao Ltda","municipio":"Clevelândia","tipo":"Bateria de Silos","cap_t":8720},"geometry":{"type":"Point","coordinates":[-52.498,-26.2319]}},{"type":"Feature","properties":{"kind":"armazem_conab","nome":"Coamo Agroindustrial Cooperativa","municipio":"Roncador","tipo":"Bateria de Silos","cap_t":33770},"geometry":{"type":"Point","coordinates":[-52.49788,-24.53592]}},{"type":"Feature","properties":{"kind":"armazem_conab","nome":"Argepal-arms Gerais Pan Ltda","municipio":"Chopinzinho","tipo":"Silo","cap_t":1040},"geometry":{"type":"Point","coordinates":[-52.49784,-25.86602]}},{"type":"Feature","properties":{"kind":"armazem_conab","nome":"Sementes Sojamil Ltda","municipio":"Chopinzinho","tipo":"Graneleiro","cap_t":3030},"geometry":{"type":"Point","coordinates":[-52.49766,-25.86631]}},{"type":"Feature","properties":{"kind":"armazem_conab","nome":"Sementes Sojamil Ltda","municipio":"Chopinzinho","tipo":"Silo","cap_t":3230},"geometry":{"type":"Point","coordinates":[-52.49753,-25.86584]}},{"type":"Feature","properties":{"kind":"armazem_conab","nome":"Pinduca Industria Alimenticia Ltda","municipio":"Araruna","tipo":"Convencional","cap_t":3510},"geometry":{"type":"Point","coordinates":[-52.4955,-23.92361]}},{"type":"Feature","properties":{"kind":"armazem_conab","nome":"Cleuza Menin","municipio":"Mamborê","tipo":"Bateria de Silos","cap_t":1550},"geometry":{"type":"Point","coordinates":[-52.49367,-24.25509]}},{"type":"Feature","properties":{"kind":"armazem_conab","nome":"Raffael Alberto Laurani","municipio":"Campo Mourão","tipo":"Bateria de Silos","cap_t":4870},"geometry":{"type":"Point","coordinates":[-52.49061,-24.15771]}},{"type":"Feature","properties":{"kind":"armazem_conab","nome":"Raffael Alberto Laurani","municipio":"Campo Mourão","tipo":"Bateria de Silos","cap_t":170},"geometry":{"type":"Point","coordinates":[-52.49045,-24.158]}},{"type":"Feature","properties":{"kind":"armazem_conab","nome":"Coamo Agroindustrial Cooperativa","municipio":"Campo Mourão","tipo":"Bateria de Silos","cap_t":45680},"geometry":{"type":"Point","coordinates":[-52.4884,-24.1669]}},{"type":"Feature","properties":{"kind":"armazem_conab","nome":"Coamo Agroindustrial Cooperativa","municipio":"Araruna","tipo":"Graneleiro","cap_t":5600},"geometry":{"type":"Point","coordinates":[-52.48341,-23.9296]}},{"type":"Feature","properties":{"kind":"armazem_conab","nome":"Joaquim Pereira Patricio Junior","municipio":"Mamborê","tipo":"Bateria de Silos","cap_t":12230},"geometry":{"type":"Point","coordinates":[-52.48306,-24.3661]}},{"type":"Feature","properties":{"kind":"armazem_conab","nome":"Coamo Agroindustrial Cooperativa","municipio":"Araruna","tipo":"Bateria de Silos","cap_t":11240},"geometry":{"type":"Point","coordinates":[-52.48304,-23.92948]}},{"type":"Feature","properties":{"kind":"armazem_conab","nome":"Irineu Scarabelot","municipio":"Campo Mourão","tipo":"Bateria de Silos","cap_t":770},"geometry":{"type":"Point","coordinates":[-52.47942,-24.17946]}},{"type":"Feature","properties":{"kind":"armazem_conab","nome":"Cocamar Cooperativa Agroindustrial","municipio":"Jussara","tipo":"Graneleiro","cap_t":23110},"geometry":{"type":"Point","coordinates":[-52.47783,-23.62092]}},{"type":"Feature","properties":{"kind":"armazem_conab","nome":"Cocamar Cooperativa Agroindustrial","municipio":"Jussara","tipo":"Graneleiro","cap_t":13190},"geometry":{"type":"Point","coordinates":[-52.47781,-23.61936]}},{"type":"Feature","properties":{"kind":"armazem_conab","nome":"C.vale - Cooperativa Agroindustrial","municipio":"Terra Boa","tipo":"Bateria de Silos","cap_t":15630},"geometry":{"type":"Point","coordinates":[-52.46877,-23.76239]}},{"type":"Feature","properties":{"kind":"armazem_conab","nome":"Valdemir Cremonesi","municipio":"Campo Mourão","tipo":"Convencional","cap_t":810},"geometry":{"type":"Point","coordinates":[-52.46641,-24.1338]}},{"type":"Feature","properties":{"kind":"armazem_conab","nome":"Valdemir Cremonesi","municipio":"Campo Mourão","tipo":"Silo","cap_t":3500},"geometry":{"type":"Point","coordinates":[-52.46641,-24.13358]}},{"type":"Feature","properties":{"kind":"armazem_conab","nome":"Ferrari Zagatto Comercio de Insumos Ltda","municipio":"Jussara","tipo":"Bateria de Silos","cap_t":6750},"geometry":{"type":"Point","coordinates":[-52.46265,-23.63308]}},{"type":"Feature","properties":{"kind":"armazem_conab","nome":"Coml Agric Anhumai Ltda.","municipio":"Paranavaí","tipo":"Convencional","cap_t":7180},"geometry":{"type":"Point","coordinates":[-52.4415,-23.0905]}},{"type":"Feature","properties":{"kind":"armazem_conab","nome":"Joaquim Pereira Patricio Junior","municipio":"Luiziana","tipo":"Bateria de Silos","cap_t":14380},"geometry":{"type":"Point","coordinates":[-52.44066,-24.38725]}},{"type":"Feature","properties":{"kind":"armazem_conab","nome":"Sollo Sul Insumos Agricolas Ltda","municipio":"Laranjeiras do Sul","tipo":"Silo","cap_t":4140},"geometry":{"type":"Point","coordinates":[-52.43483,-25.41624]}},{"type":"Feature","properties":{"kind":"armazem_conab","nome":"Sollo Sul Insumos Agricolas Ltda","municipio":"Laranjeiras do Sul","tipo":"Convencional","cap_t":3400},"geometry":{"type":"Point","coordinates":[-52.43423,-25.41605]}},{"type":"Feature","properties":{"kind":"armazem_conab","nome":"Sollo Sul Insumos Agricolas Ltda","municipio":"Laranjeiras do Sul","tipo":"Bateria de Silos","cap_t":2630},"geometry":{"type":"Point","coordinates":[-52.4338,-25.41603]}},{"type":"Feature","properties":{"kind":"armazem_conab","nome":"Bs Industria e Comercio de Cereaes e Seus Derivados Ltda","municipio":"Campo Mourão","tipo":"Bateria de Silos","cap_t":6620},"geometry":{"type":"Point","coordinates":[-52.43298,-24.06611]}},{"type":"Feature","properties":{"kind":"armazem_conab","nome":"Agropecuaria Ipê Ltda","municipio":"Campo Mourão","tipo":"Bateria de Silos","cap_t":4390},"geometry":{"type":"Point","coordinates":[-52.43056,-24.21651]}},{"type":"Feature","properties":{"kind":"armazem_conab","nome":"Otavio Vonsowski","municipio":"Peabiru","tipo":"Bateria de Silos","cap_t":9200},"geometry":{"type":"Point","coordinates":[-52.42053,-23.9447]}},{"type":"Feature","properties":{"kind":"armazem_conab","nome":"Iracy Ferrari","municipio":"Campo Mourão","tipo":"Bateria de Silos","cap_t":540},"geometry":{"type":"Point","coordinates":[-52.4181,-24.19685]}},{"type":"Feature","properties":{"kind":"armazem_conab","nome":"Coasul Cooperativa Agroindustrial","municipio":"Porto Barreiro","tipo":"Bateria de Silos","cap_t":14380},"geometry":{"type":"Point","coordinates":[-52.41532,-25.55729]}},{"type":"Feature","properties":{"kind":"armazem_conab","nome":"Cooperativa de Produtores de Sementes Coprossel","municipio":"Laranjeiras do Sul","tipo":"Bateria de Silos","cap_t":5510},"geometry":{"type":"Point","coordinates":[-52.4153,-25.39519]}},{"type":"Feature","properties":{"kind":"armazem_conab","nome":"Amanda Romagnoli","municipio":"Campo Mourão","tipo":"Bateria de Silos","cap_t":8080},"geometry":{"type":"Point","coordinates":[-52.41511,-24.08345]}},{"type":"Feature","properties":{"kind":"armazem_conab","nome":"Cooperativa de Produtores de Sementes Coprossel","municipio":"Laranjeiras do Sul","tipo":"Convencional","cap_t":960},"geometry":{"type":"Point","coordinates":[-52.41493,-25.39506]}},{"type":"Feature","properties":{"kind":"armazem_conab","nome":"Cooperativa de Produtores de Sementes Coprossel","municipio":"Laranjeiras do Sul","tipo":"Bateria de Silos","cap_t":1070},"geometry":{"type":"Point","coordinates":[-52.41434,-25.39491]}},{"type":"Feature","properties":{"kind":"armazem_conab","nome":"Stv Cerealista Ltda","municipio":"Laranjeiras do Sul","tipo":"Graneleiro","cap_t":1440},"geometry":{"type":"Point","coordinates":[-52.41084,-25.39047]}},{"type":"Feature","properties":{"kind":"armazem_conab","nome":"Maria Elena Riva","municipio":"Campo Mourão","tipo":"Bateria de Silos","cap_t":690},"geometry":{"type":"Point","coordinates":[-52.40967,-24.02261]}},{"type":"Feature","properties":{"kind":"armazem_conab","nome":"Joaquim Peres Montans","municipio":"Campo Mourão","tipo":"Bateria de Silos","cap_t":580},"geometry":{"type":"Point","coordinates":[-52.4081,-24.1509]}},{"type":"Feature","properties":{"kind":"armazem_conab","nome":"Cia de Desenvolvimento Agropecuario do Parana - Codapar","municipio":"Campo Mourão","tipo":"Graneleiro","cap_t":10500},"geometry":{"type":"Point","coordinates":[-52.40718,-24.05161]}},{"type":"Feature","properties":{"kind":"armazem_conab","nome":"Cia de Desenvolvimento Agropecuario do Parana - Codapar","municipio":"Campo Mourão","tipo":"Convencional","cap_t":3720},"geometry":{"type":"Point","coordinates":[-52.40643,-24.05158]}},{"type":"Feature","properties":{"kind":"armazem_conab","nome":"Cooperativa de Produtores de Sementes Coprossel","municipio":"Laranjeiras do Sul","tipo":"Convencional","cap_t":3490},"geometry":{"type":"Point","coordinates":[-52.40494,-25.38995]}},{"type":"Feature","properties":{"kind":"armazem_conab","nome":"C.vale - Cooperativa Agroindustrial","municipio":"Campo Mourão","tipo":"Graneleiro","cap_t":18000},"geometry":{"type":"Point","coordinates":[-52.40492,-24.04965]}},{"type":"Feature","properties":{"kind":"armazem_conab","nome":"Cooperativa de Produtores de Sementes Coprossel","municipio":"Laranjeiras do Sul","tipo":"Graneleiro","cap_t":18790},"geometry":{"type":"Point","coordinates":[-52.40485,-25.38938]}},{"type":"Feature","properties":{"kind":"armazem_conab","nome":"C.vale - Cooperativa Agroindustrial","municipio":"Campo Mourão","tipo":"Graneleiro","cap_t":18000},"geometry":{"type":"Point","coordinates":[-52.40454,-24.04948]}},{"type":"Feature","properties":{"kind":"armazem_conab","nome":"Cooperativa de Produtores de Sementes Coprossel","municipio":"Laranjeiras do Sul","tipo":"Convencional","cap_t":790},"geometry":{"type":"Point","coordinates":[-52.40383,-25.38973]}},{"type":"Feature","properties":{"kind":"armazem_conab","nome":"Cooperativa de Produtores de Sementes Coprossel","municipio":"Porto Barreiro","tipo":"Convencional","cap_t":1080},"geometry":{"type":"Point","coordinates":[-52.40369,-25.54012]}},{"type":"Feature","properties":{"kind":"armazem_conab","nome":"Cooperativa de Produtores de Sementes Coprossel","municipio":"Laranjeiras do Sul","tipo":"Convencional","cap_t":930},"geometry":{"type":"Point","coordinates":[-52.40339,-25.39014]}},{"type":"Feature","properties":{"kind":"armazem_conab","nome":"Amafil-ind e Com de Alimentos Ltda","municipio":"Terra Boa","tipo":"Convencional","cap_t":1470},"geometry":{"type":"Point","coordinates":[-52.40145,-23.72925]}},{"type":"Feature","properties":{"kind":"armazem_conab","nome":"Amafil-ind e Com de Alimentos Ltda","municipio":"Terra Boa","tipo":"Convencional","cap_t":1890},"geometry":{"type":"Point","coordinates":[-52.40111,-23.7295]}},{"type":"Feature","properties":{"kind":"armazem_conab","nome":"Amafil-ind e Com de Alimentos Ltda","municipio":"Terra Boa","tipo":"Bateria de Silos","cap_t":1640},"geometry":{"type":"Point","coordinates":[-52.40097,-23.7279]}},{"type":"Feature","properties":{"kind":"armazem_conab","nome":"Coop Agropecuária Tradição","municipio":"Clevelândia","tipo":"Convencional","cap_t":1570},"geometry":{"type":"Point","coordinates":[-52.40083,-26.39008]}},{"type":"Feature","properties":{"kind":"armazem_conab","nome":"Amafil-ind e Com de Alimentos Ltda","municipio":"Terra Boa","tipo":"Convencional","cap_t":2460},"geometry":{"type":"Point","coordinates":[-52.4007,-23.72825]}},{"type":"Feature","properties":{"kind":"armazem_conab","nome":"Amafil-ind e Com de Alimentos Ltda","municipio":"Terra Boa","tipo":"Convencional","cap_t":1770},"geometry":{"type":"Point","coordinates":[-52.40062,-23.72908]}},{"type":"Feature","properties":{"kind":"armazem_conab","nome":"Coop Agropecuária Tradição","municipio":"Clevelândia","tipo":"Bateria de Silos","cap_t":9320},"geometry":{"type":"Point","coordinates":[-52.4001,-26.39068]}},{"type":"Feature","properties":{"kind":"armazem_conab","nome":"Ind. e Com de Alimentos Sumare Ltda - Me","municipio":"Paranavaí","tipo":"Convencional","cap_t":2030},"geometry":{"type":"Point","coordinates":[-52.3998,-23.0269]}},{"type":"Feature","properties":{"kind":"armazem_conab","nome":"San Rafael Sem e Cereais Ltda.","municipio":"Honório Serpa","tipo":"Bateria de Silos","cap_t":4480},"geometry":{"type":"Point","coordinates":[-52.39796,-26.12864]}},{"type":"Feature","properties":{"kind":"armazem_conab","nome":"Coamo Agroindustrial Cooperativa","municipio":"Luiziana","tipo":"Silo","cap_t":3540},"geometry":{"type":"Point","coordinates":[-52.39639,-24.30471]}},{"type":"Feature","properties":{"kind":"armazem_conab","nome":"Coamo Agroindustrial Cooperativa","municipio":"Luiziana","tipo":"Graneleiro","cap_t":18000},"geometry":{"type":"Point","coordinates":[-52.39552,-24.30516]}},{"type":"Feature","properties":{"kind":"armazem_conab","nome":"Maria Regina de Moraes Machado Ferrari","municipio":"Campo Mourão","tipo":"Bateria de Silos","cap_t":5440},"geometry":{"type":"Point","coordinates":[-52.39548,-24.06413]}},{"type":"Feature","properties":{"kind":"armazem_conab","nome":"Maria Regina de Moraes Machado Ferrari","municipio":"Campo Mourão","tipo":"Bateria de Silos","cap_t":1920},"geometry":{"type":"Point","coordinates":[-52.39544,-24.06347]}},{"type":"Feature","properties":{"kind":"armazem_conab","nome":"Cooperativa de Produtores de Sementes Coprossel","municipio":"Laranjeiras do Sul","tipo":"Convencional","cap_t":410},"geometry":{"type":"Point","coordinates":[-52.39543,-25.38095]}},{"type":"Feature","properties":{"kind":"armazem_conab","nome":"Coamo Agroindustrial Cooperativa","municipio":"Luiziana","tipo":"Graneleiro","cap_t":18000},"geometry":{"type":"Point","coordinates":[-52.39529,-24.30487]}},{"type":"Feature","properties":{"kind":"armazem_conab","nome":"Cooperativa de Produtores de Sementes Coprossel","municipio":"Laranjeiras do Sul","tipo":"Convencional","cap_t":450},"geometry":{"type":"Point","coordinates":[-52.39521,-25.38094]}},{"type":"Feature","properties":{"kind":"armazem_conab","nome":"Maria Regina de Moraes Machado Ferrari","municipio":"Campo Mourão","tipo":"Graneleiro","cap_t":4590},"geometry":{"type":"Point","coordinates":[-52.39518,-24.06389]}},{"type":"Feature","properties":{"kind":"armazem_conab","nome":"Coamo Agroindustrial Cooperativa","municipio":"Luiziana","tipo":"Graneleiro","cap_t":22000},"geometry":{"type":"Point","coordinates":[-52.39503,-24.30461]}},{"type":"Feature","properties":{"kind":"armazem_conab","nome":"Cooperativa de Produtores de Sementes Coprossel","municipio":"Laranjeiras do Sul","tipo":"Graneleiro","cap_t":1130},"geometry":{"type":"Point","coordinates":[-52.39499,-25.381]}},{"type":"Feature","properties":{"kind":"armazem_conab","nome":"Coamo Agroindustrial Cooperativa","municipio":"Luiziana","tipo":"Bateria de Silos","cap_t":18270},"geometry":{"type":"Point","coordinates":[-52.39495,-24.30417]}},{"type":"Feature","properties":{"kind":"armazem_conab","nome":"Cooperativa de Produtores de Sementes Coprossel","municipio":"Laranjeiras do Sul","tipo":"Bateria de Silos","cap_t":11540},"geometry":{"type":"Point","coordinates":[-52.39479,-25.38049]}},{"type":"Feature","properties":{"kind":"armazem_conab","nome":"Citri Agroindustrial S/a.","municipio":"Paranavaí","tipo":"Convencional","cap_t":5270},"geometry":{"type":"Point","coordinates":[-52.3944,-23.0851]}},{"type":"Feature","properties":{"kind":"armazem_conab","nome":"Cooperativa de Produtores de Sementes Coprossel","municipio":"Laranjeiras do Sul","tipo":"Convencional","cap_t":4240},"geometry":{"type":"Point","coordinates":[-52.39431,-25.38011]}},{"type":"Feature","properties":{"kind":"armazem_conab","nome":"I. Riedi & Cia. Ltda.","municipio":"Campo Mourão","tipo":"Bateria de Silos","cap_t":6870},"geometry":{"type":"Point","coordinates":[-52.39411,-24.06065]}},{"type":"Feature","properties":{"kind":"armazem_conab","nome":"Cooperativa de Produtores de Sementes Coprossel","municipio":"Laranjeiras do Sul","tipo":"Convencional","cap_t":2250},"geometry":{"type":"Point","coordinates":[-52.39377,-25.38014]}},{"type":"Feature","properties":{"kind":"armazem_conab","nome":"Cooperativa de Produtores de Sementes Coprossel","municipio":"Laranjeiras do Sul","tipo":"Convencional","cap_t":4840},"geometry":{"type":"Point","coordinates":[-52.39332,-25.37063]}},{"type":"Feature","properties":{"kind":"armazem_conab","nome":"Rodrigo Dalchiavon - Me","municipio":"Honório Serpa","tipo":"Silo","cap_t":1300},"geometry":{"type":"Point","coordinates":[-52.3932,-26.14174]}},{"type":"Feature","properties":{"kind":"armazem_conab","nome":"Agroindustrial Paranaense de Polvilho Ltda","municipio":"Paranavaí","tipo":"Convencional","cap_t":2460},"geometry":{"type":"Point","coordinates":[-52.3931,-23.0702]}},{"type":"Feature","properties":{"kind":"armazem_conab","nome":"Rodrigo Dalchiavon - Me","municipio":"Honório Serpa","tipo":"Graneleiro","cap_t":5100},"geometry":{"type":"Point","coordinates":[-52.39306,-26.14132]}},{"type":"Feature","properties":{"kind":"armazem_conab","nome":"Agroindustrial Paranaense de Polvilho Ltda","municipio":"Paranavaí","tipo":"Convencional","cap_t":1520},"geometry":{"type":"Point","coordinates":[-52.3925,-23.0704]}},{"type":"Feature","properties":{"kind":"armazem_conab","nome":"Maria Aparecida Hummig","municipio":"Peabiru","tipo":"Bateria de Silos","cap_t":3360},"geometry":{"type":"Point","coordinates":[-52.38934,-23.93232]}},{"type":"Feature","properties":{"kind":"armazem_conab","nome":"C.vale - Cooperativa Agroindustrial","municipio":"Clevelândia","tipo":"Convencional","cap_t":1620},"geometry":{"type":"Point","coordinates":[-52.38673,-26.41688]}},{"type":"Feature","properties":{"kind":"armazem_conab","nome":"Gerson Salvadori","municipio":"Luiziana","tipo":"Bateria de Silos","cap_t":10950},"geometry":{"type":"Point","coordinates":[-52.38639,-24.46701]}},{"type":"Feature","properties":{"kind":"armazem_conab","nome":"Siviero Alimentos e Sementes Ltda","municipio":"Clevelândia","tipo":"Convencional","cap_t":2250},"geometry":{"type":"Point","coordinates":[-52.38616,-26.40017]}},{"type":"Feature","properties":{"kind":"armazem_conab","nome":"Eduardo Josef Reinhofer","municipio":"Roncador","tipo":"Convencional","cap_t":2810},"geometry":{"type":"Point","coordinates":[-52.38607,-24.54504]}},{"type":"Feature","properties":{"kind":"armazem_conab","nome":"Siviero Alimentos e Sementes Ltda","municipio":"Clevelândia","tipo":"Bateria de Silos","cap_t":1630},"geometry":{"type":"Point","coordinates":[-52.38571,-26.39988]}},{"type":"Feature","properties":{"kind":"armazem_conab","nome":"Eduardo Josef Reinhofer","municipio":"Roncador","tipo":"Bateria de Silos","cap_t":17440},"geometry":{"type":"Point","coordinates":[-52.38564,-24.5445]}},{"type":"Feature","properties":{"kind":"armazem_conab","nome":"Siviero Alimentos e Sementes Ltda","municipio":"Clevelândia","tipo":"Convencional","cap_t":3780},"geometry":{"type":"Point","coordinates":[-52.38541,-26.40074]}},{"type":"Feature","properties":{"kind":"armazem_conab","nome":"Siviero Alimentos e Sementes Ltda","municipio":"Clevelândia","tipo":"Bateria de Silos","cap_t":1120},"geometry":{"type":"Point","coordinates":[-52.38524,-26.40057]}},{"type":"Feature","properties":{"kind":"armazem_conab","nome":"Joaquim Peres Montans","municipio":"Campo Mourão","tipo":"Bateria de Silos","cap_t":540},"geometry":{"type":"Point","coordinates":[-52.3832,-24.138]}},{"type":"Feature","properties":{"kind":"armazem_conab","nome":"Camilo Ruiz Marques","municipio":"Floraí","tipo":"Bateria de Silos","cap_t":4740},"geometry":{"type":"Point","coordinates":[-52.3829,-23.33023]}},{"type":"Feature","properties":{"kind":"armazem_conab","nome":"Carlos Augusto Salonski e Outro","municipio":"Campo Mourão","tipo":"Graneleiro","cap_t":4380},"geometry":{"type":"Point","coordinates":[-52.38275,-24.05909]}},{"type":"Feature","properties":{"kind":"armazem_conab","nome":"Carlos Augusto Salonski e Outro","municipio":"Campo Mourão","tipo":"Convencional","cap_t":1800},"geometry":{"type":"Point","coordinates":[-52.38256,-24.05891]}},{"type":"Feature","properties":{"kind":"armazem_conab","nome":"Carlos Augusto Salonski e Outro","municipio":"Campo Mourão","tipo":"Bateria de Silos","cap_t":570},"geometry":{"type":"Point","coordinates":[-52.38233,-24.05918]}},{"type":"Feature","properties":{"kind":"armazem_conab","nome":"Coamo Agroindustrial Cooperativa","municipio":"Campo Mourão","tipo":"Graneleiro","cap_t":13490},"geometry":{"type":"Point","coordinates":[-52.37529,-24.0647]}},{"type":"Feature","properties":{"kind":"armazem_conab","nome":"Coamo Agroindustrial Cooperativa","municipio":"Campo Mourão","tipo":"Silo","cap_t":6460},"geometry":{"type":"Point","coordinates":[-52.37483,-24.06444]}},{"type":"Feature","properties":{"kind":"armazem_conab","nome":"Coamo Agroindustrial Cooperativa","municipio":"Campo Mourão","tipo":"Graneleiro","cap_t":12910},"geometry":{"type":"Point","coordinates":[-52.37414,-24.06498]}},{"type":"Feature","properties":{"kind":"armazem_conab","nome":"Agropecuaria Ipê Ltda","municipio":"Luiziana","tipo":"Convencional","cap_t":13120},"geometry":{"type":"Point","coordinates":[-52.37321,-24.32254]}},{"type":"Feature","properties":{"kind":"armazem_conab","nome":"Francisco Assis Gonçalves e Outro","municipio":"Luiziana","tipo":"Bateria de Silos","cap_t":1350},"geometry":{"type":"Point","coordinates":[-52.37241,-24.45284]}},{"type":"Feature","properties":{"kind":"armazem_conab","nome":"Agropecuaria Ipê Ltda","municipio":"Luiziana","tipo":"Bateria de Silos","cap_t":45690},"geometry":{"type":"Point","coordinates":[-52.3724,-24.321]}},{"type":"Feature","properties":{"kind":"armazem_conab","nome":"Agropecuaria Ipê Ltda","municipio":"Luiziana","tipo":"Bateria de Silos","cap_t":1380},"geometry":{"type":"Point","coordinates":[-52.37154,-24.37903]}},{"type":"Feature","properties":{"kind":"armazem_conab","nome":"Agropecuaria Ipê Ltda","municipio":"Luiziana","tipo":"Bateria de Silos","cap_t":1910},"geometry":{"type":"Point","coordinates":[-52.3705,-24.3783]}},{"type":"Feature","properties":{"kind":"armazem_conab","nome":"Agropecuaria Ipê Ltda","municipio":"Luiziana","tipo":"Convencional","cap_t":1270},"geometry":{"type":"Point","coordinates":[-52.3704,-24.3783]}},{"type":"Feature","properties":{"kind":"armazem_conab","nome":"Euclides Favoreto e Outros","municipio":"Floraí","tipo":"Bateria de Silos","cap_t":7500},"geometry":{"type":"Point","coordinates":[-52.36954,-23.30095]}},{"type":"Feature","properties":{"kind":"armazem_conab","nome":"Torynno Agro Comércio e Exportação Eireli","municipio":"Campo Mourão","tipo":"Bateria de Silos","cap_t":11060},"geometry":{"type":"Point","coordinates":[-52.36949,-24.07323]}},{"type":"Feature","properties":{"kind":"armazem_conab","nome":"Siviero Cereais, Insumos Agricolas e Transportes Ltda","municipio":"Clevelândia","tipo":"Silo","cap_t":41680},"geometry":{"type":"Point","coordinates":[-52.36924,-26.41402]}},{"type":"Feature","properties":{"kind":"armazem_conab","nome":"Torynno Agro Comércio e Exportação Eireli","municipio":"Campo Mourão","tipo":"Bateria de Silos","cap_t":5720},"geometry":{"type":"Point","coordinates":[-52.36837,-24.07237]}},{"type":"Feature","properties":{"kind":"armazem_conab","nome":"Coamo Agroindustrial Cooperativa","municipio":"Campo Mourão","tipo":"Graneleiro","cap_t":30000},"geometry":{"type":"Point","coordinates":[-52.36762,-24.02561]}},{"type":"Feature","properties":{"kind":"armazem_conab","nome":"Coamo Agroindustrial Cooperativa","municipio":"Campo Mourão","tipo":"Graneleiro","cap_t":30000},"geometry":{"type":"Point","coordinates":[-52.36762,-24.02561]}},{"type":"Feature","properties":{"kind":"armazem_conab","nome":"Therezinha Rech Riva","municipio":"Campo Mourão","tipo":"Bateria de Silos","cap_t":1790},"geometry":{"type":"Point","coordinates":[-52.36629,-24.12644]}},{"type":"Feature","properties":{"kind":"armazem_conab","nome":"Coamo Agroindustrial Cooperativa","municipio":"Honório Serpa","tipo":"Bateria de Silos","cap_t":26880},"geometry":{"type":"Point","coordinates":[-52.36597,-26.14622]}},{"type":"Feature","properties":{"kind":"armazem_conab","nome":"Integrada Cooperativa Agroindustrial","municipio":"Terra Boa","tipo":"Silo","cap_t":910},"geometry":{"type":"Point","coordinates":[-52.36583,-23.60209]}},{"type":"Feature","properties":{"kind":"armazem_conab","nome":"Francisco Soares Rorato","municipio":"Roncador","tipo":"Bateria de Silos","cap_t":11490},"geometry":{"type":"Point","coordinates":[-52.36576,-24.5854]}},{"type":"Feature","properties":{"kind":"armazem_conab","nome":"Camisc-cooperativa Agricola Mista Sao Cristovao Ltda","municipio":"Clevelândia","tipo":"Silo","cap_t":5920},"geometry":{"type":"Point","coordinates":[-52.36575,-26.41478]}},{"type":"Feature","properties":{"kind":"armazem_conab","nome":"Camisc-cooperativa Agricola Mista Sao Cristovao Ltda","municipio":"Clevelândia","tipo":"Silo","cap_t":7280},"geometry":{"type":"Point","coordinates":[-52.36556,-26.41468]}},{"type":"Feature","properties":{"kind":"armazem_conab","nome":"Coamo Agroindustrial Cooperativa","municipio":"Honório Serpa","tipo":"Bateria de Silos","cap_t":10870},"geometry":{"type":"Point","coordinates":[-52.36552,-26.14699]}},{"type":"Feature","properties":{"kind":"armazem_conab","nome":"Camisc-cooperativa Agricola Mista Sao Cristovao Ltda","municipio":"Clevelândia","tipo":"Graneleiro","cap_t":30300},"geometry":{"type":"Point","coordinates":[-52.36544,-26.41515]}},{"type":"Feature","properties":{"kind":"armazem_conab","nome":"Francisco Soares Rorato","municipio":"Roncador","tipo":"Graneleiro","cap_t":3070},"geometry":{"type":"Point","coordinates":[-52.36535,-24.58469]}},{"type":"Feature","properties":{"kind":"armazem_conab","nome":"Amafil-ind e Com de Alimentos Ltda","municipio":"Cianorte","tipo":"Convencional","cap_t":11320},"geometry":{"type":"Point","coordinates":[-52.36434,-23.52002]}},{"type":"Feature","properties":{"kind":"armazem_conab","nome":"Widerski Comercio de Cereais Ltda","municipio":"Campo Mourão","tipo":"Convencional","cap_t":2700},"geometry":{"type":"Point","coordinates":[-52.3637,-24.07498]}},{"type":"Feature","properties":{"kind":"armazem_conab","nome":"Coamo Agroindustrial Cooperativa","municipio":"Peabiru","tipo":"Bateria de Silos","cap_t":27260},"geometry":{"type":"Point","coordinates":[-52.36241,-23.9112]}},{"type":"Feature","properties":{"kind":"armazem_conab","nome":"Coamo Agroindustrial Cooperativa","municipio":"Peabiru","tipo":"Graneleiro","cap_t":25000},"geometry":{"type":"Point","coordinates":[-52.36231,-23.91083]}},{"type":"Feature","properties":{"kind":"armazem_conab","nome":"Sidnei Likes Penteado","municipio":"Luiziana","tipo":"Bateria de Silos","cap_t":6430},"geometry":{"type":"Point","coordinates":[-52.36189,-24.24489]}},{"type":"Feature","properties":{"kind":"armazem_conab","nome":"Coamo Agroindustrial Cooperativa","municipio":"Engenheiro Beltrão","tipo":"Bateria de Silos","cap_t":29620},"geometry":{"type":"Point","coordinates":[-52.36177,-23.78589]}},{"type":"Feature","properties":{"kind":"armazem_conab","nome":"Mauro Guarnier e Outro","municipio":"Terra Boa","tipo":"Bateria de Silos","cap_t":2340},"geometry":{"type":"Point","coordinates":[-52.3616,-23.62898]}},{"type":"Feature","properties":{"kind":"armazem_conab","nome":"Coamo Agroindustrial Cooperativa","municipio":"Peabiru","tipo":"Bateria de Silos","cap_t":7970},"geometry":{"type":"Point","coordinates":[-52.36108,-23.91059]}},{"type":"Feature","properties":{"kind":"armazem_conab","nome":"Coamo Agroindustrial Cooperativa","municipio":"Campo Mourão","tipo":"Graneleiro","cap_t":37000},"geometry":{"type":"Point","coordinates":[-52.35378,-23.99562]}},{"type":"Feature","properties":{"kind":"armazem_conab","nome":"Agropecuaria Agua Azul Ltda","municipio":"Peabiru","tipo":"Bateria de Silos","cap_t":5550},"geometry":{"type":"Point","coordinates":[-52.35241,-23.96114]}},{"type":"Feature","properties":{"kind":"armazem_conab","nome":"Coamo Agroindustrial Cooperativa","municipio":"Campo Mourão","tipo":"Graneleiro","cap_t":24000},"geometry":{"type":"Point","coordinates":[-52.34983,-24.09803]}},{"type":"Feature","properties":{"kind":"armazem_conab","nome":"Coamo Agroindustrial Cooperativa","municipio":"Campo Mourão","tipo":"Graneleiro","cap_t":12500},"geometry":{"type":"Point","coordinates":[-52.34983,-24.09803]}},{"type":"Feature","properties":{"kind":"armazem_conab","nome":"Coamo Agroindustrial Cooperativa","municipio":"Campo Mourão","tipo":"Graneleiro","cap_t":100000},"geometry":{"type":"Point","coordinates":[-52.34983,-24.09803]}},{"type":"Feature","properties":{"kind":"armazem_conab","nome":"Coamo Agroindustrial Cooperativa","municipio":"Campo Mourão","tipo":"Graneleiro","cap_t":41620},"geometry":{"type":"Point","coordinates":[-52.3491,-24.0963]}},{"type":"Feature","properties":{"kind":"armazem_conab","nome":"Coamo Agroindustrial Cooperativa","municipio":"Campo Mourão","tipo":"Graneleiro","cap_t":22270},"geometry":{"type":"Point","coordinates":[-52.3491,-24.0963]}},{"type":"Feature","properties":{"kind":"armazem_conab","nome":"Coamo Agroindustrial Cooperativa","municipio":"Campo Mourão","tipo":"Bateria de Silos","cap_t":9880},"geometry":{"type":"Point","coordinates":[-52.34738,-24.09915]}},{"type":"Feature","properties":{"kind":"armazem_conab","nome":"Coamo Agroindustrial Cooperativa","municipio":"Campo Mourão","tipo":"Convencional","cap_t":16870},"geometry":{"type":"Point","coordinates":[-52.34667,-24.09919]}},{"type":"Feature","properties":{"kind":"armazem_conab","nome":"Agroindustrial e Comercial Militão Ltda","municipio":"São João do Caiuá","tipo":"Convencional","cap_t":3150},"geometry":{"type":"Point","coordinates":[-52.3461,-22.8653]}},{"type":"Feature","properties":{"kind":"armazem_conab","nome":"Ogamar Micheloni","municipio":"Engenheiro Beltrão","tipo":"Bateria de Silos","cap_t":3590},"geometry":{"type":"Point","coordinates":[-52.34581,-23.78103]}},{"type":"Feature","properties":{"kind":"armazem_conab","nome":"Integrada Cooperativa Agroindustrial","municipio":"Floraí","tipo":"Bateria de Silos","cap_t":11060},"geometry":{"type":"Point","coordinates":[-52.34091,-23.31834]}},{"type":"Feature","properties":{"kind":"armazem_conab","nome":"Sempratas Coml Agric Ltda","municipio":"Peabiru","tipo":"Graneleiro","cap_t":2590},"geometry":{"type":"Point","coordinates":[-52.33953,-23.92069]}},{"type":"Feature","properties":{"kind":"armazem_conab","nome":"Antonio Pereira Machado","municipio":"Peabiru","tipo":"Graneleiro","cap_t":2170},"geometry":{"type":"Point","coordinates":[-52.33916,-23.92029]}},{"type":"Feature","properties":{"kind":"armazem_conab","nome":"Sempratas Coml Agric Ltda","municipio":"Peabiru","tipo":"Convencional","cap_t":2390},"geometry":{"type":"Point","coordinates":[-52.33832,-23.91941]}},{"type":"Feature","properties":{"kind":"armazem_conab","nome":"Sempratas Coml Agric Ltda","municipio":"Peabiru","tipo":"Bateria de Silos","cap_t":1300},"geometry":{"type":"Point","coordinates":[-52.33815,-23.91917]}},{"type":"Feature","properties":{"kind":"armazem_conab","nome":"Citranspal Com e Ind Transf Prod Agrícolas Ltda","municipio":"Clevelândia","tipo":"Convencional","cap_t":2430},"geometry":{"type":"Point","coordinates":[-52.33537,-26.42407]}},{"type":"Feature","properties":{"kind":"armazem_conab","nome":"Waldemar Pichelli","municipio":"São Jorge do Ivaí","tipo":"Bateria de Silos","cap_t":5330},"geometry":{"type":"Point","coordinates":[-52.33255,-23.44236]}},{"type":"Feature","properties":{"kind":"armazem_conab","nome":"Waldemar Pichelli","municipio":"São Jorge do Ivaí","tipo":"Graneleiro","cap_t":1350},"geometry":{"type":"Point","coordinates":[-52.33232,-23.44218]}},{"type":"Feature","properties":{"kind":"armazem_conab","nome":"Pedro Luiz Sossai e Outros","municipio":"São Jorge do Ivaí","tipo":"Graneleiro","cap_t":760},"geometry":{"type":"Point","coordinates":[-52.32929,-23.51655]}},{"type":"Feature","properties":{"kind":"armazem_conab","nome":"Pedro Luiz Sossai e Outros","municipio":"São Jorge do Ivaí","tipo":"Bateria de Silos","cap_t":2420},"geometry":{"type":"Point","coordinates":[-52.32929,-23.51655]}},{"type":"Feature","properties":{"kind":"armazem_conab","nome":"Joaquim Pereira Patricio Junior","municipio":"Luiziana","tipo":"Bateria de Silos","cap_t":9600},"geometry":{"type":"Point","coordinates":[-52.32353,-24.26426]}},{"type":"Feature","properties":{"kind":"armazem_conab","nome":"Coasul Cooperativa Agroindustrial","municipio":"Chopinzinho","tipo":"Bateria de Silos","cap_t":15600},"geometry":{"type":"Point","coordinates":[-52.32267,-25.83716]}},{"type":"Feature","properties":{"kind":"armazem_conab","nome":"Toshio Kumasaka","municipio":"São Jorge do Ivaí","tipo":"Bateria de Silos","cap_t":2860},"geometry":{"type":"Point","coordinates":[-52.32018,-23.39337]}},{"type":"Feature","properties":{"kind":"armazem_conab","nome":"Toshio Kumasaka","municipio":"São Jorge do Ivaí","tipo":"Graneleiro","cap_t":5590},"geometry":{"type":"Point","coordinates":[-52.31958,-23.39338]}},{"type":"Feature","properties":{"kind":"armazem_conab","nome":"Izolina Boveto Contin","municipio":"Floraí","tipo":"Bateria de Silos","cap_t":3530},"geometry":{"type":"Point","coordinates":[-52.31348,-23.34082]}},{"type":"Feature","properties":{"kind":"armazem_conab","nome":"José Silvestre Galego","municipio":"Floraí","tipo":"Bateria de Silos","cap_t":6350},"geometry":{"type":"Point","coordinates":[-52.30614,-23.32754]}},{"type":"Feature","properties":{"kind":"armazem_conab","nome":"Matheus Eduardo Laurani","municipio":"Luiziana","tipo":"Bateria de Silos","cap_t":4290},"geometry":{"type":"Point","coordinates":[-52.30606,-24.16765]}},{"type":"Feature","properties":{"kind":"armazem_conab","nome":"Cocamar Cooperativa Agroindustrial","municipio":"Floraí","tipo":"Graneleiro","cap_t":26740},"geometry":{"type":"Point","coordinates":[-52.30363,-23.32432]}},{"type":"Feature","properties":{"kind":"armazem_conab","nome":"Comercial Agricola Gimenez Ltda","municipio":"Floraí","tipo":"Convencional","cap_t":2100},"geometry":{"type":"Point","coordinates":[-52.30211,-23.32582]}},{"type":"Feature","properties":{"kind":"armazem_conab","nome":"Comercial Agricola Gimenez Ltda","municipio":"Floraí","tipo":"Bateria de Silos","cap_t":8010},"geometry":{"type":"Point","coordinates":[-52.30148,-23.32541]}},{"type":"Feature","properties":{"kind":"armazem_conab","nome":"Celso Ferreira","municipio":"Ourizona","tipo":"Bateria de Silos","cap_t":2420},"geometry":{"type":"Point","coordinates":[-52.29954,-23.55334]}},{"type":"Feature","properties":{"kind":"armazem_conab","nome":"Cocamar Cooperativa Agroindustrial","municipio":"São Jorge do Ivaí","tipo":"Graneleiro","cap_t":32870},"geometry":{"type":"Point","coordinates":[-52.29926,-23.43554]}},{"type":"Feature","properties":{"kind":"armazem_conab","nome":"Cocamar Cooperativa Agroindustrial","municipio":"São Jorge do Ivaí","tipo":"Graneleiro","cap_t":42360},"geometry":{"type":"Point","coordinates":[-52.29911,-23.43512]}},{"type":"Feature","properties":{"kind":"armazem_conab","nome":"José Antonio Coraza","municipio":"São Jorge do Ivaí","tipo":"Bateria de Silos","cap_t":2440},"geometry":{"type":"Point","coordinates":[-52.29906,-23.50614]}},{"type":"Feature","properties":{"kind":"armazem_conab","nome":"J. R. Fardin & Cia Ltda","municipio":"São Jorge do Ivaí","tipo":"Bateria de Silos","cap_t":4270},"geometry":{"type":"Point","coordinates":[-52.29716,-23.43935]}},{"type":"Feature","properties":{"kind":"armazem_conab","nome":"Estefano Boiko Administração e Participações","municipio":"Roncador","tipo":"Bateria de Silos","cap_t":5180},"geometry":{"type":"Point","coordinates":[-52.29643,-24.58828]}},{"type":"Feature","properties":{"kind":"armazem_conab","nome":"Integrada Cooperativa Agroindustrial","municipio":"Floraí","tipo":"Graneleiro","cap_t":2290},"geometry":{"type":"Point","coordinates":[-52.29622,-23.31997]}},{"type":"Feature","properties":{"kind":"armazem_conab","nome":"Integrada Cooperativa Agroindustrial","municipio":"Floraí","tipo":"Graneleiro","cap_t":2390},"geometry":{"type":"Point","coordinates":[-52.29622,-23.31997]}},{"type":"Feature","properties":{"kind":"armazem_conab","nome":"Integrada Cooperativa Agroindustrial","municipio":"Floraí","tipo":"Silo","cap_t":850},"geometry":{"type":"Point","coordinates":[-52.29575,-23.32015]}},{"type":"Feature","properties":{"kind":"armazem_conab","nome":"Gerson Luiz Straub","municipio":"Luiziana","tipo":"Bateria de Silos","cap_t":1700},"geometry":{"type":"Point","coordinates":[-52.29559,-24.18741]}},{"type":"Feature","properties":{"kind":"armazem_conab","nome":"Valdir Donizeth Vergilio","municipio":"São Jorge do Ivaí","tipo":"Bateria de Silos","cap_t":6210},"geometry":{"type":"Point","coordinates":[-52.29288,-23.4247]}},{"type":"Feature","properties":{"kind":"armazem_conab","nome":"Agropecuaria Fiorese Ltda","municipio":"Roncador","tipo":"Convencional","cap_t":2250},"geometry":{"type":"Point","coordinates":[-52.29258,-24.58651]}},{"type":"Feature","properties":{"kind":"armazem_conab","nome":"Valdir Lopes Camargo e Outros","municipio":"Luiziana","tipo":"Bateria de Silos","cap_t":7120},"geometry":{"type":"Point","coordinates":[-52.29218,-24.31892]}},{"type":"Feature","properties":{"kind":"armazem_conab","nome":"Agropecuaria Fiorese Ltda","municipio":"Roncador","tipo":"Bateria de Silos","cap_t":12620},"geometry":{"type":"Point","coordinates":[-52.29191,-24.58672]}},{"type":"Feature","properties":{"kind":"armazem_conab","nome":"J. R. Fardin & Cia Ltda","municipio":"São Jorge do Ivaí","tipo":"Bateria de Silos","cap_t":10710},"geometry":{"type":"Point","coordinates":[-52.29188,-23.45183]}},{"type":"Feature","properties":{"kind":"armazem_conab","nome":"Cocamar Cooperativa Agroindustrial","municipio":"São Jorge do Ivaí","tipo":"Bateria de Silos","cap_t":6890},"geometry":{"type":"Point","coordinates":[-52.29184,-23.42273]}},{"type":"Feature","properties":{"kind":"armazem_conab","nome":"C.vale - Cooperativa Agroindustrial","municipio":"São Jorge do Ivaí","tipo":"Bateria de Silos","cap_t":10200},"geometry":{"type":"Point","coordinates":[-52.2918,-23.44705]}},{"type":"Feature","properties":{"kind":"armazem_conab","nome":"Agropecuaria Fiorese Ltda","municipio":"Roncador","tipo":"Convencional","cap_t":2250},"geometry":{"type":"Point","coordinates":[-52.29112,-24.58656]}},{"type":"Feature","properties":{"kind":"armazem_conab","nome":"Ferrari Zagatto Comercio de Insumos Ltda","municipio":"São Jorge do Ivaí","tipo":"Bateria de Silos","cap_t":17560},"geometry":{"type":"Point","coordinates":[-52.29072,-23.44441]}},{"type":"Feature","properties":{"kind":"armazem_conab","nome":"Agropecuaria Fiorese Ltda","municipio":"Roncador","tipo":"Convencional","cap_t":3660},"geometry":{"type":"Point","coordinates":[-52.29067,-24.58676]}},{"type":"Feature","properties":{"kind":"armazem_conab","nome":"Integrada Cooperativa Agroindustrial","municipio":"Doutor Camargo","tipo":"Bateria de Silos","cap_t":7800},"geometry":{"type":"Point","coordinates":[-52.28976,-23.57127]}},{"type":"Feature","properties":{"kind":"armazem_conab","nome":"Agropecuaria Ipê Ltda","municipio":"Luiziana","tipo":"Bateria de Silos","cap_t":1130},"geometry":{"type":"Point","coordinates":[-52.28693,-24.19915]}},{"type":"Feature","properties":{"kind":"armazem_conab","nome":"Sandra Regina Just Just","municipio":"Peabiru","tipo":"Graneleiro","cap_t":2100},"geometry":{"type":"Point","coordinates":[-52.27849,-23.93536]}},{"type":"Feature","properties":{"kind":"armazem_conab","nome":"Sandra Regina Just Just","municipio":"Peabiru","tipo":"Bateria de Silos","cap_t":13530},"geometry":{"type":"Point","coordinates":[-52.27797,-23.93567]}},{"type":"Feature","properties":{"kind":"armazem_conab","nome":"Piquiri Insumos e Cereais Ltda","municipio":"Marquinho","tipo":"Convencional","cap_t":980},"geometry":{"type":"Point","coordinates":[-52.26957,-25.10789]}},{"type":"Feature","properties":{"kind":"armazem_conab","nome":"Piquiri Insumos e Cereais Ltda","municipio":"Marquinho","tipo":"Convencional","cap_t":200},"geometry":{"type":"Point","coordinates":[-52.26932,-25.10803]}},{"type":"Feature","properties":{"kind":"armazem_conab","nome":"Ademar Vanzela","municipio":"Roncador","tipo":"Convencional","cap_t":4060},"geometry":{"type":"Point","coordinates":[-52.26924,-24.59899]}},{"type":"Feature","properties":{"kind":"armazem_conab","nome":"Piquiri Insumos e Cereais Ltda","municipio":"Marquinho","tipo":"Bateria de Silos","cap_t":2760},"geometry":{"type":"Point","coordinates":[-52.26899,-25.10801]}},{"type":"Feature","properties":{"kind":"armazem_conab","nome":"Coamo Agroindustrial Cooperativa","municipio":"Luiziana","tipo":"Graneleiro","cap_t":20000},"geometry":{"type":"Point","coordinates":[-52.26862,-24.26481]}},{"type":"Feature","properties":{"kind":"armazem_conab","nome":"Ademar Vanzela","municipio":"Roncador","tipo":"Bateria de Silos","cap_t":6180},"geometry":{"type":"Point","coordinates":[-52.26855,-24.59874]}},{"type":"Feature","properties":{"kind":"armazem_conab","nome":"Ademar Vanzela","municipio":"Roncador","tipo":"Graneleiro","cap_t":3070},"geometry":{"type":"Point","coordinates":[-52.26823,-24.59824]}},{"type":"Feature","properties":{"kind":"armazem_conab","nome":"Coamo Agroindustrial Cooperativa","municipio":"Luiziana","tipo":"Bateria de Silos","cap_t":39730},"geometry":{"type":"Point","coordinates":[-52.26808,-24.26481]}},{"type":"Feature","properties":{"kind":"armazem_conab","nome":"Coamo Agroindustrial Cooperativa","municipio":"Luiziana","tipo":"Bateria de Silos","cap_t":13270},"geometry":{"type":"Point","coordinates":[-52.26808,-24.23594]}},{"type":"Feature","properties":{"kind":"armazem_conab","nome":"Coamo Agroindustrial Cooperativa","municipio":"Roncador","tipo":"Graneleiro","cap_t":18730},"geometry":{"type":"Point","coordinates":[-52.26758,-24.59307]}},{"type":"Feature","properties":{"kind":"armazem_conab","nome":"Coamo Agroindustrial Cooperativa","municipio":"Roncador","tipo":"Graneleiro","cap_t":18000},"geometry":{"type":"Point","coordinates":[-52.26742,-24.59355]}},{"type":"Feature","properties":{"kind":"armazem_conab","nome":"Coamo Agroindustrial Cooperativa","municipio":"Roncador","tipo":"Bateria de Silos","cap_t":27910},"geometry":{"type":"Point","coordinates":[-52.26701,-24.59229]}},{"type":"Feature","properties":{"kind":"armazem_conab","nome":"Coamo Agroindustrial Cooperativa","municipio":"Roncador","tipo":"Bateria de Silos","cap_t":22230},"geometry":{"type":"Point","coordinates":[-52.26685,-24.59351]}},{"type":"Feature","properties":{"kind":"armazem_conab","nome":"I. Riedi & Cia. Ltda.","municipio":"Roncador","tipo":"Bateria de Silos","cap_t":3280},"geometry":{"type":"Point","coordinates":[-52.26626,-24.58559]}},{"type":"Feature","properties":{"kind":"armazem_conab","nome":"Industria Agro Comercial Cassava S/a","municipio":"Paranavaí","tipo":"Convencional","cap_t":1350},"geometry":{"type":"Point","coordinates":[-52.26311,-23.06322]}},{"type":"Feature","properties":{"kind":"armazem_conab","nome":"Industria Agro Comercial Cassava S/a","municipio":"Paranavaí","tipo":"Convencional","cap_t":1440},"geometry":{"type":"Point","coordinates":[-52.26292,-23.06342]}},{"type":"Feature","properties":{"kind":"armazem_conab","nome":"Seiji Kimoto","municipio":"Luiziana","tipo":"Bateria de Silos","cap_t":1240},"geometry":{"type":"Point","coordinates":[-52.25701,-24.21156]}},{"type":"Feature","properties":{"kind":"armazem_conab","nome":"Coamo Agroindustrial Cooperativa","municipio":"Engenheiro Beltrão","tipo":"Graneleiro","cap_t":16800},"geometry":{"type":"Point","coordinates":[-52.25213,-23.80752]}},{"type":"Feature","properties":{"kind":"armazem_conab","nome":"Coamo Agroindustrial Cooperativa","municipio":"Engenheiro Beltrão","tipo":"Graneleiro","cap_t":41510},"geometry":{"type":"Point","coordinates":[-52.25134,-23.80805]}},{"type":"Feature","properties":{"kind":"armazem_conab","nome":"Coamo Agroindustrial Cooperativa","municipio":"Engenheiro Beltrão","tipo":"Graneleiro","cap_t":2920},"geometry":{"type":"Point","coordinates":[-52.25124,-23.80867]}},{"type":"Feature","properties":{"kind":"armazem_conab","nome":"Coamo Agroindustrial Cooperativa","municipio":"Engenheiro Beltrão","tipo":"Bateria de Silos","cap_t":990},"geometry":{"type":"Point","coordinates":[-52.25114,-23.80881]}},{"type":"Feature","properties":{"kind":"armazem_conab","nome":"Valdecir Boselo","municipio":"Roncador","tipo":"Bateria de Silos","cap_t":1680},"geometry":{"type":"Point","coordinates":[-52.24782,-24.6154]}},{"type":"Feature","properties":{"kind":"armazem_conab","nome":"Cooperativa de Produtores de Sementes Coprossel","municipio":"Virmond","tipo":"Bateria de Silos","cap_t":11290},"geometry":{"type":"Point","coordinates":[-52.23697,-25.378]}},{"type":"Feature","properties":{"kind":"armazem_conab","nome":"Cocamar Cooperativa Agroindustrial","municipio":"Doutor Camargo","tipo":"Graneleiro","cap_t":24620},"geometry":{"type":"Point","coordinates":[-52.23308,-23.54498]}},{"type":"Feature","properties":{"kind":"armazem_conab","nome":"Coamo Agroindustrial Cooperativa","municipio":"Palmital","tipo":"Silo","cap_t":5110},"geometry":{"type":"Point","coordinates":[-52.21814,-24.87991]}},{"type":"Feature","properties":{"kind":"armazem_conab","nome":"Coamo Agroindustrial Cooperativa","municipio":"Palmital","tipo":"Graneleiro","cap_t":16760},"geometry":{"type":"Point","coordinates":[-52.21806,-24.8803]}},{"type":"Feature","properties":{"kind":"armazem_conab","nome":"Cooperativa de Desenvolvimento e Producao Agropecuaria - Codepa","municipio":"Mangueirinha","tipo":"Convencional","cap_t":3949},"geometry":{"type":"Point","coordinates":[-52.21374,-25.96124]}},{"type":"Feature","properties":{"kind":"armazem_conab","nome":"Cooperativa de Desenvolvimento e Producao Agropecuaria - Codepa","municipio":"Mangueirinha","tipo":"Bateria de Silos","cap_t":3130},"geometry":{"type":"Point","coordinates":[-52.21261,-25.96222]}},{"type":"Feature","properties":{"kind":"armazem_conab","nome":"Cooperativa de Desenvolvimento e Producao Agropecuaria - Codepa","municipio":"Mangueirinha","tipo":"Bateria de Silos","cap_t":33230},"geometry":{"type":"Point","coordinates":[-52.21252,-25.96103]}},{"type":"Feature","properties":{"kind":"armazem_conab","nome":"Cooperativa de Desenvolvimento e Producao Agropecuaria - Codepa","municipio":"Mangueirinha","tipo":"Convencional","cap_t":2631},"geometry":{"type":"Point","coordinates":[-52.21245,-25.09602]}},{"type":"Feature","properties":{"kind":"armazem_conab","nome":"Coop Agropecuária Tradição","municipio":"Mangueirinha","tipo":"Bateria de Silos","cap_t":2580},"geometry":{"type":"Point","coordinates":[-52.21037,-25.9505]}},{"type":"Feature","properties":{"kind":"armazem_conab","nome":"Coop Agropecuária Tradição","municipio":"Mangueirinha","tipo":"Bateria de Silos","cap_t":7900},"geometry":{"type":"Point","coordinates":[-52.20982,-25.9516]}},{"type":"Feature","properties":{"kind":"armazem_conab","nome":"Coop Agropecuária Tradição","municipio":"Mangueirinha","tipo":"Convencional","cap_t":2230},"geometry":{"type":"Point","coordinates":[-52.2098,-25.95094]}},{"type":"Feature","properties":{"kind":"armazem_conab","nome":"Sabaralcool S/a Acucar e Alcool","municipio":"Engenheiro Beltrão","tipo":"Convencional","cap_t":1310},"geometry":{"type":"Point","coordinates":[-52.20929,-23.69416]}},{"type":"Feature","properties":{"kind":"armazem_conab","nome":"A. Passarin Beneficiamento","municipio":"Virmond","tipo":"Silo","cap_t":1090},"geometry":{"type":"Point","coordinates":[-52.2089,-25.38016]}},{"type":"Feature","properties":{"kind":"armazem_conab","nome":"Ferrari Zagatto Comercio de Insumos Ltda","municipio":"Ivatuba","tipo":"Bateria de Silos","cap_t":17520},"geometry":{"type":"Point","coordinates":[-52.20861,-23.61822]}},{"type":"Feature","properties":{"kind":"armazem_conab","nome":"Cooperativa de Produtores de Sementes Coprossel","municipio":"Virmond","tipo":"Bateria de Silos","cap_t":3000},"geometry":{"type":"Point","coordinates":[-52.20288,-25.38108]}},{"type":"Feature","properties":{"kind":"armazem_conab","nome":"Coamo Agroindustrial Cooperativa","municipio":"Mangueirinha","tipo":"Graneleiro","cap_t":4690},"geometry":{"type":"Point","coordinates":[-52.19946,-25.93849]}},{"type":"Feature","properties":{"kind":"armazem_conab","nome":"Irmaos Mierzva & Cia Ltda","municipio":"Virmond","tipo":"Graneleiro","cap_t":900},"geometry":{"type":"Point","coordinates":[-52.19915,-25.38082]}},{"type":"Feature","properties":{"kind":"armazem_conab","nome":"Irmaos Mierzva & Cia Ltda","municipio":"Virmond","tipo":"Silo","cap_t":1640},"geometry":{"type":"Point","coordinates":[-52.19894,-25.38101]}},{"type":"Feature","properties":{"kind":"armazem_conab","nome":"Coamo Agroindustrial Cooperativa","municipio":"Mangueirinha","tipo":"Bateria de Silos","cap_t":16960},"geometry":{"type":"Point","coordinates":[-52.19877,-25.93917]}},{"type":"Feature","properties":{"kind":"armazem_conab","nome":"Coamo Agroindustrial Cooperativa","municipio":"Mangueirinha","tipo":"Graneleiro","cap_t":29620},"geometry":{"type":"Point","coordinates":[-52.1986,-25.93884]}},{"type":"Feature","properties":{"kind":"armazem_conab","nome":"Coamo Agroindustrial Cooperativa","municipio":"Mangueirinha","tipo":"Bateria de Silos","cap_t":9070},"geometry":{"type":"Point","coordinates":[-52.19351,-26.15163]}},{"type":"Feature","properties":{"kind":"armazem_conab","nome":"Coamo Agroindustrial Cooperativa","municipio":"Mangueirinha","tipo":"Bateria de Silos","cap_t":71110},"geometry":{"type":"Point","coordinates":[-52.19283,-26.15219]}},{"type":"Feature","properties":{"kind":"armazem_conab","nome":"Coperaguas Cooperativa Agroindustrial","municipio":"Mangueirinha","tipo":"Convencional","cap_t":4620},"geometry":{"type":"Point","coordinates":[-52.19199,-25.94399]}},{"type":"Feature","properties":{"kind":"armazem_conab","nome":"Coperaguas Cooperativa Agroindustrial","municipio":"Mangueirinha","tipo":"Convencional","cap_t":4500},"geometry":{"type":"Point","coordinates":[-52.19129,-25.94417]}},{"type":"Feature","properties":{"kind":"armazem_conab","nome":"C.j. Calgaro Cia Ltda","municipio":"Mangueirinha","tipo":"Bateria de Silos","cap_t":3130},"geometry":{"type":"Point","coordinates":[-52.19031,-25.94391]}},{"type":"Feature","properties":{"kind":"armazem_conab","nome":"Edenilson Magi","municipio":"Ourizona","tipo":"Graneleiro","cap_t":5360},"geometry":{"type":"Point","coordinates":[-52.18948,-23.39936]}},{"type":"Feature","properties":{"kind":"armazem_conab","nome":"Cooperativa de Desenvolvimento e Producao Agropecuaria - Codepa","municipio":"Mangueirinha","tipo":"Bateria de Silos","cap_t":27540},"geometry":{"type":"Point","coordinates":[-52.18766,-26.16907]}},{"type":"Feature","properties":{"kind":"armazem_conab","nome":"Senhor Cereais Alimentos Ltda","municipio":"Nova Esperança","tipo":"Convencional","cap_t":2120},"geometry":{"type":"Point","coordinates":[-52.18652,-23.21837]}},{"type":"Feature","properties":{"kind":"armazem_conab","nome":"Marcio Alexandre Pianaro e Outra","municipio":"Iretama","tipo":"Silo","cap_t":1630},"geometry":{"type":"Point","coordinates":[-52.18635,-24.4672]}},{"type":"Feature","properties":{"kind":"armazem_conab","nome":"Coamo Agroindustrial Cooperativa","municipio":"Mangueirinha","tipo":"Convencional","cap_t":8370},"geometry":{"type":"Point","coordinates":[-52.18422,-25.94487]}},{"type":"Feature","properties":{"kind":"armazem_conab","nome":"Coamo Agroindustrial Cooperativa","municipio":"Mangueirinha","tipo":"Graneleiro","cap_t":2510},"geometry":{"type":"Point","coordinates":[-52.18376,-25.94388]}},{"type":"Feature","properties":{"kind":"armazem_conab","nome":"J A Pasquini & Cia Ltda","municipio":"Nova Esperança","tipo":"Convencional","cap_t":2050},"geometry":{"type":"Point","coordinates":[-52.18311,-23.17975]}},{"type":"Feature","properties":{"kind":"armazem_conab","nome":"Sabaralcool S/a Acucar e Alcool","municipio":"Engenheiro Beltrão","tipo":"Convencional","cap_t":4320},"geometry":{"type":"Point","coordinates":[-52.18159,-23.7216]}},{"type":"Feature","properties":{"kind":"armazem_conab","nome":"Sabaralcool S/a Acucar e Alcool","municipio":"Engenheiro Beltrão","tipo":"Convencional","cap_t":2810},"geometry":{"type":"Point","coordinates":[-52.18145,-23.72174]}},{"type":"Feature","properties":{"kind":"armazem_conab","nome":"C.vale - Cooperativa Agroindustrial","municipio":"Quinta do Sol","tipo":"Bateria de Silos","cap_t":20740},"geometry":{"type":"Point","coordinates":[-52.1778,-23.8311]}},{"type":"Feature","properties":{"kind":"armazem_conab","nome":"Americo Yocinobu Tsusuki e Outros","municipio":"Quinta do Sol","tipo":"Bateria de Silos","cap_t":5680},"geometry":{"type":"Point","coordinates":[-52.17169,-23.83221]}},{"type":"Feature","properties":{"kind":"armazem_conab","nome":"Americo Yocinobu Tsusuki e Outros","municipio":"Quinta do Sol","tipo":"Bateria de Silos","cap_t":640},"geometry":{"type":"Point","coordinates":[-52.1675,-23.827]}},{"type":"Feature","properties":{"kind":"armazem_conab","nome":"I. Riedi & Cia. Ltda.","municipio":"Engenheiro Beltrão","tipo":"Bateria de Silos","cap_t":4890},"geometry":{"type":"Point","coordinates":[-52.16259,-23.4842]}},{"type":"Feature","properties":{"kind":"armazem_conab","nome":"Coamo Agroindustrial Cooperativa","municipio":"Engenheiro Beltrão","tipo":"Bateria de Silos","cap_t":35210},"geometry":{"type":"Point","coordinates":[-52.15661,-23.70974]}},{"type":"Feature","properties":{"kind":"armazem_conab","nome":"Coamo Agroindustrial Cooperativa","municipio":"Quinta do Sol","tipo":"Graneleiro","cap_t":18000},"geometry":{"type":"Point","coordinates":[-52.1333,-23.83122]}},{"type":"Feature","properties":{"kind":"armazem_conab","nome":"Coamo Agroindustrial Cooperativa","municipio":"Quinta do Sol","tipo":"Bateria de Silos","cap_t":22500},"geometry":{"type":"Point","coordinates":[-52.13312,-23.83143]}},{"type":"Feature","properties":{"kind":"armazem_conab","nome":"Coamo Agroindustrial Cooperativa","municipio":"Quinta do Sol","tipo":"Silo","cap_t":1710},"geometry":{"type":"Point","coordinates":[-52.13261,-23.83048]}},{"type":"Feature","properties":{"kind":"armazem_conab","nome":"Coamo Agroindustrial Cooperativa","municipio":"Cantagalo","tipo":"Bateria de Silos","cap_t":33940},"geometry":{"type":"Point","coordinates":[-52.12273,-25.36762]}},{"type":"Feature","properties":{"kind":"armazem_conab","nome":"Coamo Agroindustrial Cooperativa","municipio":"Corumbataí do Sul","tipo":"Silo","cap_t":2760},"geometry":{"type":"Point","coordinates":[-52.1157,-24.09948]}},{"type":"Feature","properties":{"kind":"armazem_conab","nome":"Joao Konjunski e Cia Ltda","municipio":"Cantagalo","tipo":"Silo","cap_t":450},"geometry":{"type":"Point","coordinates":[-52.10986,-25.39056]}},{"type":"Feature","properties":{"kind":"armazem_conab","nome":"Joao Konjunski e Cia Ltda","municipio":"Cantagalo","tipo":"Convencional","cap_t":2080},"geometry":{"type":"Point","coordinates":[-52.10955,-25.39063]}},{"type":"Feature","properties":{"kind":"armazem_conab","nome":"Coamo Agroindustrial Cooperativa","municipio":"Iretama","tipo":"Graneleiro","cap_t":9600},"geometry":{"type":"Point","coordinates":[-52.10678,-24.42749]}},{"type":"Feature","properties":{"kind":"armazem_conab","nome":"Coamo Agroindustrial Cooperativa","municipio":"Iretama","tipo":"Bateria de Silos","cap_t":11570},"geometry":{"type":"Point","coordinates":[-52.10678,-24.42749]}},{"type":"Feature","properties":{"kind":"armazem_conab","nome":"Cezar Augusto Neuls","municipio":"Palmas","tipo":"Convencional","cap_t":9600},"geometry":{"type":"Point","coordinates":[-52.10031,-26.47451]}},{"type":"Feature","properties":{"kind":"armazem_conab","nome":"Sociedade Cafeeira São Sebastião Ltda.","municipio":"Mandaguaçu","tipo":"Convencional","cap_t":780},"geometry":{"type":"Point","coordinates":[-52.09934,-23.34036]}},{"type":"Feature","properties":{"kind":"armazem_conab","nome":"Integrada Cooperativa Agroindustrial","municipio":"Floresta","tipo":"Bateria de Silos","cap_t":5610},"geometry":{"type":"Point","coordinates":[-52.09232,-23.61996]}},{"type":"Feature","properties":{"kind":"armazem_conab","nome":"Ana Maria Garcia Andreetta","municipio":"Jardim Olinda","tipo":"Bateria de Silos","cap_t":1570},"geometry":{"type":"Point","coordinates":[-52.0823,-22.6029]}},{"type":"Feature","properties":{"kind":"armazem_conab","nome":"Cocamar Cooperativa Agroindustrial","municipio":"Floresta","tipo":"Graneleiro","cap_t":27480},"geometry":{"type":"Point","coordinates":[-52.08193,-23.60592]}},{"type":"Feature","properties":{"kind":"armazem_conab","nome":"Cocamar Cooperativa Agroindustrial","municipio":"Floresta","tipo":"Graneleiro","cap_t":24360},"geometry":{"type":"Point","coordinates":[-52.08172,-23.60568]}},{"type":"Feature","properties":{"kind":"armazem_conab","nome":"C.vale - Cooperativa Agroindustrial","municipio":"Floresta","tipo":"Bateria de Silos","cap_t":22500},"geometry":{"type":"Point","coordinates":[-52.06952,-23.5745]}},{"type":"Feature","properties":{"kind":"armazem_conab","nome":"Waldemar Sirote","municipio":"Atalaia","tipo":"Silo","cap_t":2970},"geometry":{"type":"Point","coordinates":[-52.06602,-23.15934]}},{"type":"Feature","properties":{"kind":"armazem_conab","nome":"Josivan Ferreira Tomaz","municipio":"Cruzeiro do Sul","tipo":"Bateria de Silos","cap_t":3690},"geometry":{"type":"Point","coordinates":[-52.06189,-23.00486]}},{"type":"Feature","properties":{"kind":"armazem_conab","nome":"Cocamar Cooperativa Agroindustrial","municipio":"Atalaia","tipo":"Bateria de Silos","cap_t":16550},"geometry":{"type":"Point","coordinates":[-52.06007,-23.15385]}},{"type":"Feature","properties":{"kind":"armazem_conab","nome":"Eduardo Reigota Rosa","municipio":"Paranapoema","tipo":"Bateria de Silos","cap_t":900},"geometry":{"type":"Point","coordinates":[-52.0578,-22.6198]}},{"type":"Feature","properties":{"kind":"armazem_conab","nome":"Cesar Luis Vellini","municipio":"Jardim Olinda","tipo":"Bateria de Silos","cap_t":630},"geometry":{"type":"Point","coordinates":[-52.0567,-22.5737]}},{"type":"Feature","properties":{"kind":"armazem_conab","nome":"Paul Illich","municipio":"Candói","tipo":"Graneleiro","cap_t":7630},"geometry":{"type":"Point","coordinates":[-52.05261,-25.62325]}},{"type":"Feature","properties":{"kind":"armazem_conab","nome":"Paul Illich","municipio":"Candói","tipo":"Silo","cap_t":3910},"geometry":{"type":"Point","coordinates":[-52.05261,-25.62299]}},{"type":"Feature","properties":{"kind":"armazem_conab","nome":"Coamo Agroindustrial Cooperativa","municipio":"Candói","tipo":"Graneleiro","cap_t":16000},"geometry":{"type":"Point","coordinates":[-52.04957,-25.56385]}},{"type":"Feature","properties":{"kind":"armazem_conab","nome":"Jaime Tonon","municipio":"Candói","tipo":"Graneleiro","cap_t":2040},"geometry":{"type":"Point","coordinates":[-52.04955,-25.56117]}},{"type":"Feature","properties":{"kind":"armazem_conab","nome":"Jaime Tonon","municipio":"Candói","tipo":"Bateria de Silos","cap_t":12210},"geometry":{"type":"Point","coordinates":[-52.04917,-25.56136]}},{"type":"Feature","properties":{"kind":"armazem_conab","nome":"Coamo Agroindustrial Cooperativa","municipio":"Candói","tipo":"Bateria de Silos","cap_t":24780},"geometry":{"type":"Point","coordinates":[-52.04882,-25.56326]}},{"type":"Feature","properties":{"kind":"armazem_conab","nome":"Coop Agropecuária Tradição","municipio":"Candói","tipo":"Bateria de Silos","cap_t":14910},"geometry":{"type":"Point","coordinates":[-52.04497,-25.55995]}},{"type":"Feature","properties":{"kind":"armazem_conab","nome":"Ferrari Zagatto Comercio de Insumos Ltda","municipio":"Atalaia","tipo":"Bateria de Silos","cap_t":5300},"geometry":{"type":"Point","coordinates":[-52.04253,-23.14793]}},{"type":"Feature","properties":{"kind":"armazem_conab","nome":"Paim Cereais e Alimentos Ltda","municipio":"Palmas","tipo":"Convencional","cap_t":1080},"geometry":{"type":"Point","coordinates":[-52.03607,-26.48499]}},{"type":"Feature","properties":{"kind":"armazem_conab","nome":"Cooperativa Agropecuária Candoí - Coacan","municipio":"Candói","tipo":"Bateria de Silos","cap_t":21310},"geometry":{"type":"Point","coordinates":[-52.03117,-25.55471]}},{"type":"Feature","properties":{"kind":"armazem_conab","nome":"Siviero Cereais, Insumos Agricolas e Transportes Ltda","municipio":"Palmas","tipo":"Bateria de Silos","cap_t":12790},"geometry":{"type":"Point","coordinates":[-52.03026,-26.4843]}},{"type":"Feature","properties":{"kind":"armazem_conab","nome":"A.g. Teixeira Agricola Ltda","municipio":"Candói","tipo":"Silo","cap_t":2220},"geometry":{"type":"Point","coordinates":[-52.02952,-25.55359]}},{"type":"Feature","properties":{"kind":"armazem_conab","nome":"A.g. Teixeira Agricola Ltda","municipio":"Candói","tipo":"Graneleiro","cap_t":16000},"geometry":{"type":"Point","coordinates":[-52.02951,-25.55323]}},{"type":"Feature","properties":{"kind":"armazem_conab","nome":"Siviero Cereais, Insumos Agricolas e Transportes Ltda","municipio":"Palmas","tipo":"Bateria de Silos","cap_t":8000},"geometry":{"type":"Point","coordinates":[-52.02933,-26.48416]}},{"type":"Feature","properties":{"kind":"armazem_conab","nome":"Siviero Cereais, Insumos Agricolas e Transportes Ltda","municipio":"Palmas","tipo":"Graneleiro","cap_t":2600},"geometry":{"type":"Point","coordinates":[-52.02929,-26.48434]}},{"type":"Feature","properties":{"kind":"armazem_conab","nome":"Vanderlei Borian","municipio":"Jardim Olinda","tipo":"Bateria de Silos","cap_t":820},"geometry":{"type":"Point","coordinates":[-52.0286,-22.5667]}},{"type":"Feature","properties":{"kind":"armazem_conab","nome":"A.c. Reis & Cia Ltda Me","municipio":"Palmas","tipo":"Bateria de Silos","cap_t":3200},"geometry":{"type":"Point","coordinates":[-52.02837,-26.48458]}},{"type":"Feature","properties":{"kind":"armazem_conab","nome":"Coamo Agroindustrial Cooperativa","municipio":"Coronel Domingos Soares","tipo":"Bateria de Silos","cap_t":24790},"geometry":{"type":"Point","coordinates":[-52.02718,-26.24745]}},{"type":"Feature","properties":{"kind":"armazem_conab","nome":"Sementes Ferronato","municipio":"Palmas","tipo":"Bateria de Silos","cap_t":16000},"geometry":{"type":"Point","coordinates":[-52.02629,-26.48404]}},{"type":"Feature","properties":{"kind":"armazem_conab","nome":"Sementes Ferronato","municipio":"Palmas","tipo":"Convencional","cap_t":1260},"geometry":{"type":"Point","coordinates":[-52.02597,-26.48472]}},{"type":"Feature","properties":{"kind":"armazem_conab","nome":"Marcos Antonio Lucredi e Outro","municipio":"Atalaia","tipo":"Silo","cap_t":720},"geometry":{"type":"Point","coordinates":[-52.02574,-23.14184]}},{"type":"Feature","properties":{"kind":"armazem_conab","nome":"Terrasul Insumos Agric e Transp Ltda","municipio":"Palmas","tipo":"Bateria de Silos","cap_t":16580},"geometry":{"type":"Point","coordinates":[-52.02131,-26.45083]}},{"type":"Feature","properties":{"kind":"armazem_conab","nome":"Carlos Roberto Pupin","municipio":"Itambé","tipo":"Graneleiro","cap_t":5450},"geometry":{"type":"Point","coordinates":[-52.01756,-23.681]}},{"type":"Feature","properties":{"kind":"armazem_conab","nome":"Carlos Roberto Pupin","municipio":"Itambé","tipo":"Graneleiro","cap_t":4970},"geometry":{"type":"Point","coordinates":[-52.01671,-23.68029]}},{"type":"Feature","properties":{"kind":"armazem_conab","nome":"Coop Agropecuária Tradição","municipio":"Palmas","tipo":"Bateria de Silos","cap_t":8290},"geometry":{"type":"Point","coordinates":[-52.01579,-26.463]}},{"type":"Feature","properties":{"kind":"armazem_conab","nome":"Agrop Shimosaka Ltda","municipio":"Palmas","tipo":"Graneleiro","cap_t":3970},"geometry":{"type":"Point","coordinates":[-52.01352,-26.49348]}},{"type":"Feature","properties":{"kind":"armazem_conab","nome":"Agrop Shimosaka Ltda","municipio":"Palmas","tipo":"Convencional","cap_t":1240},"geometry":{"type":"Point","coordinates":[-52.01352,-26.49348]}},{"type":"Feature","properties":{"kind":"armazem_conab","nome":"Reinaldo Olea Correia","municipio":"Mandaguaçu","tipo":"Silo","cap_t":760},"geometry":{"type":"Point","coordinates":[-52.01135,-23.16432]}},{"type":"Feature","properties":{"kind":"armazem_conab","nome":"Coamo Agroindustrial Cooperativa","municipio":"Barbosa Ferraz","tipo":"Bateria de Silos","cap_t":17770},"geometry":{"type":"Point","coordinates":[-52.0058,-24.1674]}},{"type":"Feature","properties":{"kind":"armazem_conab","nome":"Cocari - Cooperativa Agropecuaria e Industrial","municipio":"Itambé","tipo":"Graneleiro","cap_t":52620},"geometry":{"type":"Point","coordinates":[-52.00571,-23.66531]}},{"type":"Feature","properties":{"kind":"armazem_conab","nome":"A B M Industria e Comercio de Cafe Ltda","municipio":"Maringá","tipo":"Convencional","cap_t":560},"geometry":{"type":"Point","coordinates":[-52.00544,-23.45096]}},{"type":"Feature","properties":{"kind":"armazem_conab","nome":"Coamo Agroindustrial Cooperativa","municipio":"Barbosa Ferraz","tipo":"Graneleiro","cap_t":11750},"geometry":{"type":"Point","coordinates":[-52.0054,-24.0167]}},{"type":"Feature","properties":{"kind":"armazem_conab","nome":"Cerealista Feijao de Ouro Ltda","municipio":"Maringá","tipo":"Bateria de Silos","cap_t":4110},"geometry":{"type":"Point","coordinates":[-52.00531,-23.45382]}},{"type":"Feature","properties":{"kind":"armazem_conab","nome":"Cerealista Feijao de Ouro Ltda","municipio":"Maringá","tipo":"Convencional","cap_t":2500},"geometry":{"type":"Point","coordinates":[-52.00459,-23.4533]}},{"type":"Feature","properties":{"kind":"armazem_conab","nome":"Bf Comercio de Cereais e Insumos Agricolas Ltda","municipio":"Mandaguaçu","tipo":"Silo","cap_t":1160},"geometry":{"type":"Point","coordinates":[-52.00401,-23.17393]}},{"type":"Feature","properties":{"kind":"armazem_conab","nome":"Integrada Cooperativa Agroindustrial","municipio":"Maringá","tipo":"Bateria de Silos","cap_t":19580},"geometry":{"type":"Point","coordinates":[-52.00342,-23.44709]}},{"type":"Feature","properties":{"kind":"armazem_conab","nome":"Integrada Cooperativa Agroindustrial","municipio":"Maringá","tipo":"Bateria de Silos","cap_t":48580},"geometry":{"type":"Point","coordinates":[-52.00319,-23.44484]}},{"type":"Feature","properties":{"kind":"armazem_conab","nome":"Integrada Cooperativa Agroindustrial","municipio":"Maringá","tipo":"Graneleiro","cap_t":32010},"geometry":{"type":"Point","coordinates":[-52.00297,-23.4468]}},{"type":"Feature","properties":{"kind":"armazem_conab","nome":"Poli Nutri Alimentos Ltda.","municipio":"Maringá","tipo":"Bateria de Silos","cap_t":2210},"geometry":{"type":"Point","coordinates":[-52.00057,-23.45779]}},{"type":"Feature","properties":{"kind":"armazem_conab","nome":"Ferrari Zagatto Comercio de Insumos Ltda","municipio":"Itambé","tipo":"Bateria de Silos","cap_t":5530},"geometry":{"type":"Point","coordinates":[-52.00038,-23.66616]}},{"type":"Feature","properties":{"kind":"armazem_conab","nome":"Ferrari Zagatto Comercio de Insumos Ltda","municipio":"Itambé","tipo":"Graneleiro","cap_t":7640},"geometry":{"type":"Point","coordinates":[-52.00014,-23.66602]}},{"type":"Feature","properties":{"kind":"armazem_conab","nome":"Bf Comercio de Cereais e Insumos Agricolas Ltda","municipio":"Maringá","tipo":"Bateria de Silos","cap_t":6760},"geometry":{"type":"Point","coordinates":[-51.99982,-23.46047]}},{"type":"Feature","properties":{"kind":"armazem_conab","nome":"Bf Comercio de Cereais e Insumos Agricolas Ltda","municipio":"Maringá","tipo":"Bateria de Silos","cap_t":3750},"geometry":{"type":"Point","coordinates":[-51.99982,-23.46047]}},{"type":"Feature","properties":{"kind":"armazem_conab","nome":"Nutrimilho Indústria & Comércio de Alimentos Ltda","municipio":"Maringá","tipo":"Bateria de Silos","cap_t":1280},"geometry":{"type":"Point","coordinates":[-51.99965,-23.47669]}},{"type":"Feature","properties":{"kind":"armazem_conab","nome":"José Roberto Moreschi e Outros","municipio":"Mandaguaçu","tipo":"Bateria de Silos","cap_t":3540},"geometry":{"type":"Point","coordinates":[-51.99953,-23.29526]}},{"type":"Feature","properties":{"kind":"armazem_conab","nome":"Usina de Acucar Santa Terezinha Ltda","municipio":"Maringá","tipo":"Graneleiro","cap_t":75000},"geometry":{"type":"Point","coordinates":[-51.99588,-23.45611]}},{"type":"Feature","properties":{"kind":"armazem_conab","nome":"Usina de Acucar Santa Terezinha Ltda","municipio":"Maringá","tipo":"Graneleiro","cap_t":128000},"geometry":{"type":"Point","coordinates":[-51.99547,-23.45739]}},{"type":"Feature","properties":{"kind":"armazem_conab","nome":"Usina de Acucar Santa Terezinha Ltda","municipio":"Maringá","tipo":"Graneleiro","cap_t":75000},"geometry":{"type":"Point","coordinates":[-51.99529,-23.45583]}},{"type":"Feature","properties":{"kind":"armazem_conab","nome":"Usina de Acucar Santa Terezinha Ltda","municipio":"Maringá","tipo":"Graneleiro","cap_t":128000},"geometry":{"type":"Point","coordinates":[-51.99497,-23.45702]}},{"type":"Feature","properties":{"kind":"armazem_conab","nome":"Rhall Terminais Ltda","municipio":"Maringá","tipo":"Graneleiro","cap_t":22600},"geometry":{"type":"Point","coordinates":[-51.99412,-23.45533]}},{"type":"Feature","properties":{"kind":"armazem_conab","nome":"Cargill Agricola S A","municipio":"Maringá","tipo":"Graneleiro","cap_t":28180},"geometry":{"type":"Point","coordinates":[-51.99201,-23.44395]}},{"type":"Feature","properties":{"kind":"armazem_conab","nome":"Cocamar Cooperativa Agroindustrial","municipio":"Maringá","tipo":"Bateria de Silos","cap_t":195000},"geometry":{"type":"Point","coordinates":[-51.99015,-23.4334]}},{"type":"Feature","properties":{"kind":"armazem_conab","nome":"Coamo Agroindustrial Cooperativa","municipio":"Fênix","tipo":"Graneleiro","cap_t":29800},"geometry":{"type":"Point","coordinates":[-51.9885,-23.9263]}},{"type":"Feature","properties":{"kind":"armazem_conab","nome":"Cocamar Cooperativa Agroindustrial","municipio":"Maringá","tipo":"Graneleiro","cap_t":105440},"geometry":{"type":"Point","coordinates":[-51.98842,-23.43221]}},{"type":"Feature","properties":{"kind":"armazem_conab","nome":"Cocamar Cooperativa Agroindustrial","municipio":"Maringá","tipo":"Bateria de Silos","cap_t":48800},"geometry":{"type":"Point","coordinates":[-51.9879,-23.43272]}},{"type":"Feature","properties":{"kind":"armazem_conab","nome":"Cocamar Cooperativa Agroindustrial","municipio":"Maringá","tipo":"Bateria de Silos","cap_t":48800},"geometry":{"type":"Point","coordinates":[-51.98776,-23.43299]}},{"type":"Feature","properties":{"kind":"armazem_conab","nome":"Cocamar Cooperativa Agroindustrial","municipio":"Maringá","tipo":"Graneleiro","cap_t":66180},"geometry":{"type":"Point","coordinates":[-51.98736,-23.43312]}},{"type":"Feature","properties":{"kind":"armazem_conab","nome":"Ernst Leh","municipio":"Candói","tipo":"Silo","cap_t":2540},"geometry":{"type":"Point","coordinates":[-51.98634,-25.60133]}},{"type":"Feature","properties":{"kind":"armazem_conab","nome":"Helmut Milla","municipio":"Candói","tipo":"Graneleiro","cap_t":2510},"geometry":{"type":"Point","coordinates":[-51.9861,-25.52636]}},{"type":"Feature","properties":{"kind":"armazem_conab","nome":"Cocamar Cooperativa Agroindustrial","municipio":"Maringá","tipo":"Convencional","cap_t":4460},"geometry":{"type":"Point","coordinates":[-51.98565,-23.4332]}},{"type":"Feature","properties":{"kind":"armazem_conab","nome":"Cocamar Cooperativa Agroindustrial","municipio":"Maringá","tipo":"Graneleiro","cap_t":28560},"geometry":{"type":"Point","coordinates":[-51.98494,-23.43148]}},{"type":"Feature","properties":{"kind":"armazem_conab","nome":"Cocamar Cooperativa Agroindustrial","municipio":"Maringá","tipo":"Graneleiro","cap_t":42850},"geometry":{"type":"Point","coordinates":[-51.98492,-23.43206]}},{"type":"Feature","properties":{"kind":"armazem_conab","nome":"Agricola Mk Ltda.","municipio":"Fênix","tipo":"Bateria de Silos","cap_t":2140},"geometry":{"type":"Point","coordinates":[-51.9839,-23.9301]}},{"type":"Feature","properties":{"kind":"armazem_conab","nome":"Cocamar Cooperativa Agroindustrial","municipio":"Maringá","tipo":"Graneleiro","cap_t":39980},"geometry":{"type":"Point","coordinates":[-51.98388,-23.43165]}},{"type":"Feature","properties":{"kind":"armazem_conab","nome":"Cocamar Cooperativa Agroindustrial","municipio":"Maringá","tipo":"Graneleiro","cap_t":8320},"geometry":{"type":"Point","coordinates":[-51.98354,-23.43296]}},{"type":"Feature","properties":{"kind":"armazem_conab","nome":"Sojamil Goioxim Insumos e Cereais Ltda","municipio":"Goioxim","tipo":"Silo","cap_t":5460},"geometry":{"type":"Point","coordinates":[-51.98269,-25.21068]}},{"type":"Feature","properties":{"kind":"armazem_conab","nome":"Sojamil Goioxim Insumos e Cereais Ltda","municipio":"Goioxim","tipo":"Graneleiro","cap_t":11810},"geometry":{"type":"Point","coordinates":[-51.98238,-25.21093]}},{"type":"Feature","properties":{"kind":"armazem_conab","nome":"Evaldo Luiz Bortolasci","municipio":"Itambé","tipo":"Bateria de Silos","cap_t":3580},"geometry":{"type":"Point","coordinates":[-51.98237,-23.65394]}},{"type":"Feature","properties":{"kind":"armazem_conab","nome":"João Preis","municipio":"Mandaguaçu","tipo":"Bateria de Silos","cap_t":1500},"geometry":{"type":"Point","coordinates":[-51.98225,-23.17088]}},{"type":"Feature","properties":{"kind":"armazem_conab","nome":"Sojamil Goioxim Insumos e Cereais Ltda","municipio":"Goioxim","tipo":"Bateria de Silos","cap_t":16650},"geometry":{"type":"Point","coordinates":[-51.98206,-25.21042]}},{"type":"Feature","properties":{"kind":"armazem_conab","nome":"Cocamar Cooperativa Agroindustrial","municipio":"Maringá","tipo":"Convencional","cap_t":7990},"geometry":{"type":"Point","coordinates":[-51.9818,-23.4355]}},{"type":"Feature","properties":{"kind":"armazem_conab","nome":"I. Riedi & Cia. Ltda.","municipio":"Fênix","tipo":"Bateria de Silos","cap_t":8400},"geometry":{"type":"Point","coordinates":[-51.98143,-23.92181]}},{"type":"Feature","properties":{"kind":"armazem_conab","nome":"Cocamar Cooperativa Agroindustrial","municipio":"Maringá","tipo":"Convencional","cap_t":3220},"geometry":{"type":"Point","coordinates":[-51.98121,-23.43718]}},{"type":"Feature","properties":{"kind":"armazem_conab","nome":"Cocamar Cooperativa Agroindustrial","municipio":"Maringá","tipo":"Convencional","cap_t":10130},"geometry":{"type":"Point","coordinates":[-51.98106,-23.43567]}},{"type":"Feature","properties":{"kind":"armazem_conab","nome":"Bunge Alimentos S/a","municipio":"Maringá","tipo":"Graneleiro","cap_t":62340},"geometry":{"type":"Point","coordinates":[-51.98054,-23.42982]}},{"type":"Feature","properties":{"kind":"armazem_conab","nome":"Bunge Alimentos S/a","municipio":"Maringá","tipo":"Graneleiro","cap_t":62340},"geometry":{"type":"Point","coordinates":[-51.98037,-23.42938]}},{"type":"Feature","properties":{"kind":"armazem_conab","nome":"Bunge Alimentos S/a","municipio":"Maringá","tipo":"Bateria de Silos","cap_t":26470},"geometry":{"type":"Point","coordinates":[-51.97925,-23.43054]}},{"type":"Feature","properties":{"kind":"armazem_conab","nome":"Cofco International Brasil S.a","municipio":"Maringá","tipo":"Silo","cap_t":9070},"geometry":{"type":"Point","coordinates":[-51.97474,-23.42918]}},{"type":"Feature","properties":{"kind":"armazem_conab","nome":"Cofco International Brasil S.a","municipio":"Maringá","tipo":"Graneleiro","cap_t":30210},"geometry":{"type":"Point","coordinates":[-51.97436,-23.42873]}},{"type":"Feature","properties":{"kind":"armazem_conab","nome":"Cofco International Brasil S.a","municipio":"Maringá","tipo":"Graneleiro","cap_t":15000},"geometry":{"type":"Point","coordinates":[-51.9739,-23.42753]}},{"type":"Feature","properties":{"kind":"armazem_conab","nome":"Coanorp - Cooperativa Agropecuaria Norte Paranaense","municipio":"Colorado","tipo":"Bateria de Silos","cap_t":7330},"geometry":{"type":"Point","coordinates":[-51.97337,-22.8264]}},{"type":"Feature","properties":{"kind":"armazem_conab","nome":"Coamo Agroindustrial Cooperativa","municipio":"Palmas","tipo":"Graneleiro","cap_t":18670},"geometry":{"type":"Point","coordinates":[-51.97165,-26.49611]}},{"type":"Feature","properties":{"kind":"armazem_conab","nome":"Marcon Armazens Gerais Ltda","municipio":"Maringá","tipo":"Convencional","cap_t":5000},"geometry":{"type":"Point","coordinates":[-51.97134,-23.42738]}},{"type":"Feature","properties":{"kind":"armazem_conab","nome":"Marcon Armazens Gerais Ltda","municipio":"Maringá","tipo":"Graneleiro","cap_t":28000},"geometry":{"type":"Point","coordinates":[-51.97134,-23.42738]}},{"type":"Feature","properties":{"kind":"armazem_conab","nome":"Coamo Agroindustrial Cooperativa","municipio":"Palmas","tipo":"Bateria de Silos","cap_t":27470},"geometry":{"type":"Point","coordinates":[-51.97103,-26.49641]}},{"type":"Feature","properties":{"kind":"armazem_conab","nome":"Alisul Alimentos Sa","municipio":"Maringá","tipo":"Silo","cap_t":2260},"geometry":{"type":"Point","coordinates":[-51.96366,-23.42553]}},{"type":"Feature","properties":{"kind":"armazem_conab","nome":"Coamo Agroindustrial Cooperativa","municipio":"Goioxim","tipo":"Bateria de Silos","cap_t":19100},"geometry":{"type":"Point","coordinates":[-51.95177,-25.22525]}},{"type":"Feature","properties":{"kind":"armazem_conab","nome":"Coanorp - Cooperativa Agropecuaria Norte Paranaense","municipio":"Lobato","tipo":"Bateria de Silos","cap_t":7880},"geometry":{"type":"Point","coordinates":[-51.94271,-23.04214]}},{"type":"Feature","properties":{"kind":"armazem_conab","nome":"Wilson Rickli","municipio":"Pinhão","tipo":"Bateria de Silos","cap_t":4640},"geometry":{"type":"Point","coordinates":[-51.94107,-25.69533]}},{"type":"Feature","properties":{"kind":"armazem_conab","nome":"Coamo Agroindustrial Cooperativa","municipio":"Nova Tebas","tipo":"Bateria de Silos","cap_t":15180},"geometry":{"type":"Point","coordinates":[-51.94026,-24.44371]}},{"type":"Feature","properties":{"kind":"armazem_conab","nome":"Roland Jung","municipio":"Reserva do Iguaçu","tipo":"Bateria de Silos","cap_t":6610},"geometry":{"type":"Point","coordinates":[-51.93277,-25.78349]}},{"type":"Feature","properties":{"kind":"armazem_conab","nome":"Roland Jung","municipio":"Reserva do Iguaçu","tipo":"Graneleiro","cap_t":2640},"geometry":{"type":"Point","coordinates":[-51.93272,-25.78415]}},{"type":"Feature","properties":{"kind":"armazem_conab","nome":"Roland Jung","municipio":"Reserva do Iguaçu","tipo":"Bateria de Silos","cap_t":4950},"geometry":{"type":"Point","coordinates":[-51.93249,-25.78324]}},{"type":"Feature","properties":{"kind":"armazem_conab","nome":"Karl Oster","municipio":"Candói","tipo":"Graneleiro","cap_t":2320},"geometry":{"type":"Point","coordinates":[-51.93238,-25.53351]}},{"type":"Feature","properties":{"kind":"armazem_conab","nome":"Josef Hildenbrandt","municipio":"Goioxim","tipo":"Bateria de Silos","cap_t":1060},"geometry":{"type":"Point","coordinates":[-51.92894,-25.24054]}},{"type":"Feature","properties":{"kind":"armazem_conab","nome":"Eduardo Josef Reinhofer","municipio":"Reserva do Iguaçu","tipo":"Bateria de Silos","cap_t":15100},"geometry":{"type":"Point","coordinates":[-51.92809,-25.77718]}},{"type":"Feature","properties":{"kind":"armazem_conab","nome":"Cocamar Cooperativa Agroindustrial","municipio":"Ângulo","tipo":"Bateria de Silos","cap_t":4630},"geometry":{"type":"Point","coordinates":[-51.91585,-23.19877]}},{"type":"Feature","properties":{"kind":"armazem_conab","nome":"Tarugueiro Comercio de Cereais Ltda","municipio":"Godoy Moreira","tipo":"Convencional","cap_t":2480},"geometry":{"type":"Point","coordinates":[-51.91395,-24.18477]}},{"type":"Feature","properties":{"kind":"armazem_conab","nome":"Domingos Dias Perpétuo","municipio":"São Pedro do Ivaí","tipo":"Bateria de Silos","cap_t":5530},"geometry":{"type":"Point","coordinates":[-51.91015,-23.8459]}},{"type":"Feature","properties":{"kind":"armazem_conab","nome":"Coanorp - Cooperativa Agropecuaria Norte Paranaense","municipio":"Ângulo","tipo":"Silo","cap_t":8890},"geometry":{"type":"Point","coordinates":[-51.90136,-23.196]}},{"type":"Feature","properties":{"kind":"armazem_conab","nome":"Coanorp - Cooperativa Agropecuaria Norte Paranaense","municipio":"Ângulo","tipo":"Convencional","cap_t":2930},"geometry":{"type":"Point","coordinates":[-51.90128,-23.19958]}},{"type":"Feature","properties":{"kind":"armazem_conab","nome":"Coanorp - Cooperativa Agropecuaria Norte Paranaense","municipio":"Ângulo","tipo":"Bateria de Silos","cap_t":1480},"geometry":{"type":"Point","coordinates":[-51.90106,-23.19923]}},{"type":"Feature","properties":{"kind":"armazem_conab","nome":"Belagricola Comercio e Representacoes de Produtos Agricolas S.a.","municipio":"Marialva","tipo":"Bateria de Silos","cap_t":14990},"geometry":{"type":"Point","coordinates":[-51.8966,-23.5799]}},{"type":"Feature","properties":{"kind":"armazem_conab","nome":"Cocari - Cooperativa Agropecuaria e Industrial","municipio":"Marialva","tipo":"Bateria de Silos","cap_t":18610},"geometry":{"type":"Point","coordinates":[-51.8965,-23.5789]}},{"type":"Feature","properties":{"kind":"armazem_conab","nome":"Coanorp - Cooperativa Agropecuaria Norte Paranaense","municipio":"Iguaraçu","tipo":"Bateria de Silos","cap_t":2790},"geometry":{"type":"Point","coordinates":[-51.89124,-23.29841]}},{"type":"Feature","properties":{"kind":"armazem_conab","nome":"Franz Remlinger Jr","municipio":"Reserva do Iguaçu","tipo":"Graneleiro","cap_t":1520},"geometry":{"type":"Point","coordinates":[-51.8897,-25.76789]}},{"type":"Feature","properties":{"kind":"armazem_conab","nome":"Franz Remlinger Jr","municipio":"Reserva do Iguaçu","tipo":"Silo","cap_t":1710},"geometry":{"type":"Point","coordinates":[-51.88948,-25.76739]}},{"type":"Feature","properties":{"kind":"armazem_conab","nome":"Renuka Vale do Ivai S.a","municipio":"São Pedro do Ivaí","tipo":"Graneleiro","cap_t":9410},"geometry":{"type":"Point","coordinates":[-51.88872,-23.85548]}},{"type":"Feature","properties":{"kind":"armazem_conab","nome":"Bf Comercio de Cereais e Insumos Agricolas Ltda","municipio":"Iguaraçu","tipo":"Bateria de Silos","cap_t":15540},"geometry":{"type":"Point","coordinates":[-51.88411,-23.27511]}},{"type":"Feature","properties":{"kind":"armazem_conab","nome":"Aldacir Santos de Souza & Cia Ltda","municipio":"Santa Maria do Oeste","tipo":"Bateria de Silos","cap_t":1790},"geometry":{"type":"Point","coordinates":[-51.88051,-24.93211]}},{"type":"Feature","properties":{"kind":"armazem_conab","nome":"Coamo Agroindustrial Cooperativa","municipio":"Santa Maria do Oeste","tipo":"Bateria de Silos","cap_t":18770},"geometry":{"type":"Point","coordinates":[-51.87858,-24.94466]}},{"type":"Feature","properties":{"kind":"armazem_conab","nome":"Arnaldo Stock","municipio":"Goioxim","tipo":"Bateria de Silos","cap_t":1410},"geometry":{"type":"Point","coordinates":[-51.87835,-25.2314]}},{"type":"Feature","properties":{"kind":"armazem_conab","nome":"Ernesto Stock","municipio":"Guarapuava","tipo":"Silo","cap_t":980},"geometry":{"type":"Point","coordinates":[-51.87835,-25.23129]}},{"type":"Feature","properties":{"kind":"armazem_conab","nome":"Arnaldo Stock","municipio":"Goioxim","tipo":"Graneleiro","cap_t":2530},"geometry":{"type":"Point","coordinates":[-51.87806,-25.23129]}},{"type":"Feature","properties":{"kind":"armazem_conab","nome":"Ernesto Stock","municipio":"Guarapuava","tipo":"Graneleiro","cap_t":1490},"geometry":{"type":"Point","coordinates":[-51.87806,-25.23129]}},{"type":"Feature","properties":{"kind":"armazem_conab","nome":"Lincoln Campello","municipio":"Candói","tipo":"Bateria de Silos","cap_t":8820},"geometry":{"type":"Point","coordinates":[-51.87318,-25.47519]}},{"type":"Feature","properties":{"kind":"armazem_conab","nome":"Macedo Nunes Machado Filho","municipio":"Pinhão","tipo":"Bateria de Silos","cap_t":1030},"geometry":{"type":"Point","coordinates":[-51.87091,-25.70643]}},{"type":"Feature","properties":{"kind":"armazem_conab","nome":"Carolina de Oliveira Takeda","municipio":"Iguaraçu","tipo":"Bateria de Silos","cap_t":2540},"geometry":{"type":"Point","coordinates":[-51.86617,-23.22881]}},{"type":"Feature","properties":{"kind":"armazem_conab","nome":"Ederson João Pietrobom & Cia Ltda","municipio":"Santa Maria do Oeste","tipo":"Silo","cap_t":1080},"geometry":{"type":"Point","coordinates":[-51.86256,-24.9426]}},{"type":"Feature","properties":{"kind":"armazem_conab","nome":"Coamo Agroindustrial Cooperativa","municipio":"São João do Ivaí","tipo":"Bateria de Silos","cap_t":38080},"geometry":{"type":"Point","coordinates":[-51.86046,-23.94398]}},{"type":"Feature","properties":{"kind":"armazem_conab","nome":"Cpa Armazens Gerais Ltda","municipio":"Sarandi","tipo":"Graneleiro","cap_t":78510},"geometry":{"type":"Point","coordinates":[-51.85758,-23.464]}},{"type":"Feature","properties":{"kind":"armazem_conab","nome":"Cocari - Cooperativa Agropecuaria e Industrial","municipio":"São Pedro do Ivaí","tipo":"Bateria de Silos","cap_t":18100},"geometry":{"type":"Point","coordinates":[-51.85101,-23.87912]}},{"type":"Feature","properties":{"kind":"armazem_conab","nome":"Cpa Armazens Gerais Ltda","municipio":"Sarandi","tipo":"Graneleiro","cap_t":78510},"geometry":{"type":"Point","coordinates":[-51.85089,-23.46393]}},{"type":"Feature","properties":{"kind":"armazem_conab","nome":"Karin Katharina Leh","municipio":"Pinhão","tipo":"Graneleiro","cap_t":2330},"geometry":{"type":"Point","coordinates":[-51.85047,-25.73653]}},{"type":"Feature","properties":{"kind":"armazem_conab","nome":"Cpa Armazens Gerais Ltda","municipio":"Sarandi","tipo":"Graneleiro","cap_t":78510},"geometry":{"type":"Point","coordinates":[-51.85026,-23.46417]}},{"type":"Feature","properties":{"kind":"armazem_conab","nome":"Karin Katharina Leh","municipio":"Pinhão","tipo":"Bateria de Silos","cap_t":1810},"geometry":{"type":"Point","coordinates":[-51.84996,-25.73672]}},{"type":"Feature","properties":{"kind":"armazem_conab","nome":"R.r Martineli Alimentos Ltda","municipio":"Marialva","tipo":"Bateria de Silos","cap_t":3950},"geometry":{"type":"Point","coordinates":[-51.84748,-23.46432]}},{"type":"Feature","properties":{"kind":"armazem_conab","nome":"Integrada Cooperativa Agroindustrial","municipio":"Marialva","tipo":"Bateria de Silos","cap_t":29160},"geometry":{"type":"Point","coordinates":[-51.84148,-23.46791]}},{"type":"Feature","properties":{"kind":"armazem_conab","nome":"Cooperativa Agrária Agroindustrial","municipio":"Pinhão","tipo":"Bateria de Silos","cap_t":50840},"geometry":{"type":"Point","coordinates":[-51.83252,-25.71979]}},{"type":"Feature","properties":{"kind":"armazem_conab","nome":"Cooperativa Agrária Agroindustrial","municipio":"Pinhão","tipo":"Bateria de Silos","cap_t":49430},"geometry":{"type":"Point","coordinates":[-51.83006,-25.72031]}},{"type":"Feature","properties":{"kind":"armazem_conab","nome":"Cooperativa Agrária Agroindustrial","municipio":"Pinhão","tipo":"Graneleiro","cap_t":20020},"geometry":{"type":"Point","coordinates":[-51.82953,-25.71971]}},{"type":"Feature","properties":{"kind":"armazem_conab","nome":"Coamo Agroindustrial Cooperativa","municipio":"São João do Ivaí","tipo":"Bateria de Silos","cap_t":5620},"geometry":{"type":"Point","coordinates":[-51.82658,-23.98714]}},{"type":"Feature","properties":{"kind":"armazem_conab","nome":"Terminal Maringá S/a","municipio":"Marialva","tipo":"Bateria de Silos","cap_t":82710},"geometry":{"type":"Point","coordinates":[-51.82655,-23.47643]}},{"type":"Feature","properties":{"kind":"armazem_conab","nome":"Coamo Agroindustrial Cooperativa","municipio":"São João do Ivaí","tipo":"Graneleiro","cap_t":4800},"geometry":{"type":"Point","coordinates":[-51.82628,-23.98735]}},{"type":"Feature","properties":{"kind":"armazem_conab","nome":"Raimundo Himmelbeach","municipio":"Pinhão","tipo":"Graneleiro","cap_t":1710},"geometry":{"type":"Point","coordinates":[-51.82595,-25.70655]}},{"type":"Feature","properties":{"kind":"armazem_conab","nome":"Coanorp - Cooperativa Agropecuaria Norte Paranaense","municipio":"Santa Fé","tipo":"Bateria de Silos","cap_t":7270},"geometry":{"type":"Point","coordinates":[-51.82547,-23.03729]}},{"type":"Feature","properties":{"kind":"armazem_conab","nome":"Coamo Agroindustrial Cooperativa","municipio":"São João do Ivaí","tipo":"Bateria de Silos","cap_t":29730},"geometry":{"type":"Point","coordinates":[-51.82512,-23.98841]}},{"type":"Feature","properties":{"kind":"armazem_conab","nome":"Lourival Bezerra Guedes e Outros","municipio":"São João do Ivaí","tipo":"Bateria de Silos","cap_t":11860},"geometry":{"type":"Point","coordinates":[-51.82251,-24.00662]}},{"type":"Feature","properties":{"kind":"armazem_conab","nome":"C.vale - Cooperativa Agroindustrial","municipio":"São João do Ivaí","tipo":"Bateria de Silos","cap_t":12370},"geometry":{"type":"Point","coordinates":[-51.82144,-24.00352]}},{"type":"Feature","properties":{"kind":"armazem_conab","nome":"Comercial Borsari Ltda","municipio":"Marialva","tipo":"Convencional","cap_t":1200},"geometry":{"type":"Point","coordinates":[-51.8133,-23.47677]}},{"type":"Feature","properties":{"kind":"armazem_conab","nome":"Comercial Borsari Ltda","municipio":"Marialva","tipo":"Graneleiro","cap_t":8430},"geometry":{"type":"Point","coordinates":[-51.81299,-23.47598]}},{"type":"Feature","properties":{"kind":"armazem_conab","nome":"Cocari - Cooperativa Agropecuaria e Industrial","municipio":"Marialva","tipo":"Graneleiro","cap_t":39330},"geometry":{"type":"Point","coordinates":[-51.81109,-23.47782]}},{"type":"Feature","properties":{"kind":"armazem_conab","nome":"Hermann Karly","municipio":"Candói","tipo":"Bateria de Silos","cap_t":25570},"geometry":{"type":"Point","coordinates":[-51.80755,-25.50379]}},{"type":"Feature","properties":{"kind":"armazem_conab","nome":"Hermann Karly","municipio":"Candói","tipo":"Graneleiro","cap_t":2910},"geometry":{"type":"Point","coordinates":[-51.80692,-25.50349]}},{"type":"Feature","properties":{"kind":"armazem_conab","nome":"Ferrari Zagatto Comercio de Insumos Ltda","municipio":"Marialva","tipo":"Bateria de Silos","cap_t":19070},"geometry":{"type":"Point","coordinates":[-51.80621,-23.50633]}},{"type":"Feature","properties":{"kind":"armazem_conab","nome":"Carlos Alberto Semchechem","municipio":"Jardim Alegre","tipo":"Bateria de Silos","cap_t":4510},"geometry":{"type":"Point","coordinates":[-51.80334,-24.23391]}},{"type":"Feature","properties":{"kind":"armazem_conab","nome":"Comercial Borsari Ltda","municipio":"Marialva","tipo":"Convencional","cap_t":1170},"geometry":{"type":"Point","coordinates":[-51.80282,-23.4753]}},{"type":"Feature","properties":{"kind":"armazem_conab","nome":"Ernest Milla e Outros","municipio":"Candói","tipo":"Graneleiro","cap_t":6000},"geometry":{"type":"Point","coordinates":[-51.80011,-25.38231]}},{"type":"Feature","properties":{"kind":"armazem_conab","nome":"Ernest Milla e Outros","municipio":"Candói","tipo":"Bateria de Silos","cap_t":26360},"geometry":{"type":"Point","coordinates":[-51.79933,-25.38231]}},{"type":"Feature","properties":{"kind":"armazem_conab","nome":"Eduardo Josef Reinhofer","municipio":"Pinhão","tipo":"Graneleiro","cap_t":5440},"geometry":{"type":"Point","coordinates":[-51.79392,-25.66126]}},{"type":"Feature","properties":{"kind":"armazem_conab","nome":"Moacir Batalini","municipio":"Marialva","tipo":"Bateria de Silos","cap_t":11820},"geometry":{"type":"Point","coordinates":[-51.7843,-23.5053]}},{"type":"Feature","properties":{"kind":"armazem_conab","nome":"Cerealista Vitoria Ltda","municipio":"Marialva","tipo":"Bateria de Silos","cap_t":9880},"geometry":{"type":"Point","coordinates":[-51.78132,-23.50146]}},{"type":"Feature","properties":{"kind":"armazem_conab","nome":"Coamo Agroindustrial Cooperativa","municipio":"Arapuã","tipo":"Bateria de Silos","cap_t":36250},"geometry":{"type":"Point","coordinates":[-51.77324,-24.30271]}},{"type":"Feature","properties":{"kind":"armazem_conab","nome":"Produtecnica Com e Repres de Prod Agropecuários Lt","municipio":"Pitanga","tipo":"Silo","cap_t":280},"geometry":{"type":"Point","coordinates":[-51.77175,-24.74847]}},{"type":"Feature","properties":{"kind":"armazem_conab","nome":"Produtecnica Com e Repres de Prod Agropecuários Lt","municipio":"Pitanga","tipo":"Graneleiro","cap_t":1750},"geometry":{"type":"Point","coordinates":[-51.7716,-24.74894]}},{"type":"Feature","properties":{"kind":"armazem_conab","nome":"Produtecnica Com e Repres de Prod Agropecuários Lt","municipio":"Pitanga","tipo":"Bateria de Silos","cap_t":12100},"geometry":{"type":"Point","coordinates":[-51.77116,-24.74807]}},{"type":"Feature","properties":{"kind":"armazem_conab","nome":"I. Riedi & Cia. Ltda.","municipio":"Pitanga","tipo":"Bateria de Silos","cap_t":5500},"geometry":{"type":"Point","coordinates":[-51.76999,-24.78355]}},{"type":"Feature","properties":{"kind":"armazem_conab","nome":"Fermacon Insumos Agricolas Ltda","municipio":"Pitanga","tipo":"Bateria de Silos","cap_t":3300},"geometry":{"type":"Point","coordinates":[-51.76831,-24.77904]}},{"type":"Feature","properties":{"kind":"armazem_conab","nome":"Coamo Agroindustrial Cooperativa","municipio":"Pitanga","tipo":"Bateria de Silos","cap_t":23190},"geometry":{"type":"Point","coordinates":[-51.76369,-24.74263]}},{"type":"Feature","properties":{"kind":"armazem_conab","nome":"Coamo Agroindustrial Cooperativa","municipio":"Pitanga","tipo":"Graneleiro","cap_t":27000},"geometry":{"type":"Point","coordinates":[-51.76339,-24.74319]}},{"type":"Feature","properties":{"kind":"armazem_conab","nome":"Cerealista Paineira Ltda","municipio":"Pitanga","tipo":"Graneleiro","cap_t":4520},"geometry":{"type":"Point","coordinates":[-51.7607,-24.76781]}},{"type":"Feature","properties":{"kind":"armazem_conab","nome":"Cerealista Paineira Ltda","municipio":"Pitanga","tipo":"Silo","cap_t":3060},"geometry":{"type":"Point","coordinates":[-51.76041,-24.76822]}},{"type":"Feature","properties":{"kind":"armazem_conab","nome":"Manchur e Cia Ltda","municipio":"Pitanga","tipo":"Bateria de Silos","cap_t":8470},"geometry":{"type":"Point","coordinates":[-51.75702,-24.7531]}},{"type":"Feature","properties":{"kind":"armazem_conab","nome":"Manchur e Cia Ltda","municipio":"Pitanga","tipo":"Convencional","cap_t":630},"geometry":{"type":"Point","coordinates":[-51.75675,-24.7528]}},{"type":"Feature","properties":{"kind":"armazem_conab","nome":"Manchur e Cia Ltda","municipio":"Pitanga","tipo":"Convencional","cap_t":1530},"geometry":{"type":"Point","coordinates":[-51.75634,-24.75222]}},{"type":"Feature","properties":{"kind":"armazem_conab","nome":"Coamo Agroindustrial Cooperativa","municipio":"Pitanga","tipo":"Bateria de Silos","cap_t":35490},"geometry":{"type":"Point","coordinates":[-51.75001,-24.63067]}},{"type":"Feature","properties":{"kind":"armazem_conab","nome":"Mannfred Spieler","municipio":"Pinhão","tipo":"Graneleiro","cap_t":1150},"geometry":{"type":"Point","coordinates":[-51.74583,-25.70114]}},{"type":"Feature","properties":{"kind":"armazem_conab","nome":"Mannfred Spieler","municipio":"Pinhão","tipo":"Bateria de Silos","cap_t":3590},"geometry":{"type":"Point","coordinates":[-51.74583,-25.70114]}},{"type":"Feature","properties":{"kind":"armazem_conab","nome":"João Pagadigorria Sobrinho","municipio":"Pitanga","tipo":"Bateria de Silos","cap_t":5700},"geometry":{"type":"Point","coordinates":[-51.74376,-24.84274]}},{"type":"Feature","properties":{"kind":"armazem_conab","nome":"Roberto Eduardo Nascimento da Cunha","municipio":"Pinhão","tipo":"Silo","cap_t":510},"geometry":{"type":"Point","coordinates":[-51.74271,-25.65063]}},{"type":"Feature","properties":{"kind":"armazem_conab","nome":"Cocari - Cooperativa Agropecuaria e Industrial","municipio":"Lunardelli","tipo":"Bateria de Silos","cap_t":6610},"geometry":{"type":"Point","coordinates":[-51.74249,-24.08482]}},{"type":"Feature","properties":{"kind":"armazem_conab","nome":"Renato Augusto Taques de Macedo Cruz","municipio":"Guarapuava","tipo":"Bateria de Silos","cap_t":4600},"geometry":{"type":"Point","coordinates":[-51.74006,-25.3455]}},{"type":"Feature","properties":{"kind":"armazem_conab","nome":"Roland Jung","municipio":"Pinhão","tipo":"Bateria de Silos","cap_t":6230},"geometry":{"type":"Point","coordinates":[-51.73402,-25.76032]}},{"type":"Feature","properties":{"kind":"armazem_conab","nome":"Coamo Agroindustrial Cooperativa","municipio":"Pitanga","tipo":"Bateria de Silos","cap_t":47080},"geometry":{"type":"Point","coordinates":[-51.73315,-24.85404]}},{"type":"Feature","properties":{"kind":"armazem_conab","nome":"Mannfred Spieler","municipio":"Pinhão","tipo":"Graneleiro","cap_t":1890},"geometry":{"type":"Point","coordinates":[-51.72492,-25.68274]}},{"type":"Feature","properties":{"kind":"armazem_conab","nome":"I. Riedi & Cia. Ltda.","municipio":"Ivaiporã","tipo":"Bateria de Silos","cap_t":4890},"geometry":{"type":"Point","coordinates":[-51.72401,-24.29696]}},{"type":"Feature","properties":{"kind":"armazem_conab","nome":"Coamo Agroindustrial Cooperativa","municipio":"Ivaiporã","tipo":"Graneleiro","cap_t":40460},"geometry":{"type":"Point","coordinates":[-51.71892,-24.25717]}},{"type":"Feature","properties":{"kind":"armazem_conab","nome":"Coamo Agroindustrial Cooperativa","municipio":"Ivaiporã","tipo":"Bateria de Silos","cap_t":31980},"geometry":{"type":"Point","coordinates":[-51.7181,-24.25613]}},{"type":"Feature","properties":{"kind":"armazem_conab","nome":"Arlindo Pavezi","municipio":"Ivaiporã","tipo":"Bateria de Silos","cap_t":4490},"geometry":{"type":"Point","coordinates":[-51.71762,-24.25751]}},{"type":"Feature","properties":{"kind":"armazem_conab","nome":"Erna Milla e Outros","municipio":"Pinhão","tipo":"Bateria de Silos","cap_t":3060},"geometry":{"type":"Point","coordinates":[-51.70663,-25.74219]}},{"type":"Feature","properties":{"kind":"armazem_conab","nome":"C.vale - Cooperativa Agroindustrial","municipio":"Jardim Alegre","tipo":"Bateria de Silos","cap_t":10480},"geometry":{"type":"Point","coordinates":[-51.70653,-24.23098]}},{"type":"Feature","properties":{"kind":"armazem_conab","nome":"Raizama Comercio de Cereais Ltda - Me","municipio":"Ivaiporã","tipo":"Convencional","cap_t":2520},"geometry":{"type":"Point","coordinates":[-51.70635,-24.24078]}},{"type":"Feature","properties":{"kind":"armazem_conab","nome":"Erna Milla e Outros","municipio":"Pinhão","tipo":"Graneleiro","cap_t":2710},"geometry":{"type":"Point","coordinates":[-51.70633,-25.74192]}},{"type":"Feature","properties":{"kind":"armazem_conab","nome":"Cafeiva - Cafeeira Ivaiporã Ltda","municipio":"Ivaiporã","tipo":"Convencional","cap_t":1240},"geometry":{"type":"Point","coordinates":[-51.70582,-24.23951]}},{"type":"Feature","properties":{"kind":"armazem_conab","nome":"Raizama Comercio de Cereais Ltda - Me","municipio":"Ivaiporã","tipo":"Convencional","cap_t":3380},"geometry":{"type":"Point","coordinates":[-51.70578,-24.2407]}},{"type":"Feature","properties":{"kind":"armazem_conab","nome":"Cereal Jardim Ltda.","municipio":"Jardim Alegre","tipo":"Silo","cap_t":740},"geometry":{"type":"Point","coordinates":[-51.70039,-24.15782]}},{"type":"Feature","properties":{"kind":"armazem_conab","nome":"Agro Cardoso Ltda Me","municipio":"Astorga","tipo":"Bateria de Silos","cap_t":7930},"geometry":{"type":"Point","coordinates":[-51.70025,-23.22746]}},{"type":"Feature","properties":{"kind":"armazem_conab","nome":"Belagricola Comercio e Representacoes de Produtos Agricolas S.a.","municipio":"Astorga","tipo":"Bateria de Silos","cap_t":22400},"geometry":{"type":"Point","coordinates":[-51.69916,-23.22718]}},{"type":"Feature","properties":{"kind":"armazem_conab","nome":"Belagricola Comercio e Representacoes de Produtos Agricolas S.a.","municipio":"Sertaneja","tipo":"Bateria de Silos","cap_t":26967},"geometry":{"type":"Point","coordinates":[-51.69831,-23.2271]}},{"type":"Feature","properties":{"kind":"armazem_conab","nome":"Frango Sabor Caipira Ltda","municipio":"Jardim Alegre","tipo":"Bateria de Silos","cap_t":2170},"geometry":{"type":"Point","coordinates":[-51.69793,-24.15464]}},{"type":"Feature","properties":{"kind":"armazem_conab","nome":"Belagricola Comercio e Representacoes de Produtos Agricolas S.a.","municipio":"Sertaneja","tipo":"Convencional","cap_t":1946},"geometry":{"type":"Point","coordinates":[-51.69712,-23.22668]}},{"type":"Feature","properties":{"kind":"armazem_conab","nome":"Café do Brasil Armazens Gerais Ltda","municipio":"Mandaguari","tipo":"Convencional","cap_t":1530},"geometry":{"type":"Point","coordinates":[-51.69694,-23.51432]}},{"type":"Feature","properties":{"kind":"armazem_conab","nome":"Cocari - Cooperativa Agropecuaria e Industrial","municipio":"Jardim Alegre","tipo":"Bateria de Silos","cap_t":10380},"geometry":{"type":"Point","coordinates":[-51.69541,-24.13942]}},{"type":"Feature","properties":{"kind":"armazem_conab","nome":"Evaldo Klein","municipio":"Guarapuava","tipo":"Graneleiro","cap_t":3080},"geometry":{"type":"Point","coordinates":[-51.69446,-25.43096]}},{"type":"Feature","properties":{"kind":"armazem_conab","nome":"Evaldo Klein","municipio":"Guarapuava","tipo":"Graneleiro","cap_t":1800},"geometry":{"type":"Point","coordinates":[-51.69446,-25.43096]}},{"type":"Feature","properties":{"kind":"armazem_conab","nome":"Evaldo Klein","municipio":"Guarapuava","tipo":"Silo","cap_t":1950},"geometry":{"type":"Point","coordinates":[-51.69426,-25.43096]}},{"type":"Feature","properties":{"kind":"armazem_conab","nome":"Coamo Agroindustrial Cooperativa","municipio":"Jardim Alegre","tipo":"Graneleiro","cap_t":8410},"geometry":{"type":"Point","coordinates":[-51.69409,-24.21051]}},{"type":"Feature","properties":{"kind":"armazem_conab","nome":"Coamo Agroindustrial Cooperativa","municipio":"Jardim Alegre","tipo":"Bateria de Silos","cap_t":20190},"geometry":{"type":"Point","coordinates":[-51.6937,-24.21015]}},{"type":"Feature","properties":{"kind":"armazem_conab","nome":"Cocari - Cooperativa Agropecuaria e Industrial","municipio":"Mandaguari","tipo":"Graneleiro","cap_t":18810},"geometry":{"type":"Point","coordinates":[-51.6912,-23.5185]}},{"type":"Feature","properties":{"kind":"armazem_conab","nome":"Cocari - Cooperativa Agropecuaria e Industrial","municipio":"Mandaguari","tipo":"Convencional","cap_t":31440},"geometry":{"type":"Point","coordinates":[-51.6912,-23.5158]}},{"type":"Feature","properties":{"kind":"armazem_conab","nome":"Integrada Cooperativa Agroindustrial","municipio":"Astorga","tipo":"Bateria de Silos","cap_t":6300},"geometry":{"type":"Point","coordinates":[-51.69042,-23.22546]}},{"type":"Feature","properties":{"kind":"armazem_conab","nome":"Integrada Cooperativa Agroindustrial","municipio":"Astorga","tipo":"Silo","cap_t":6160},"geometry":{"type":"Point","coordinates":[-51.69042,-23.22546]}},{"type":"Feature","properties":{"kind":"armazem_conab","nome":"Josef Winkler","municipio":"Guarapuava","tipo":"Silo","cap_t":2730},"geometry":{"type":"Point","coordinates":[-51.69029,-25.35208]}},{"type":"Feature","properties":{"kind":"armazem_conab","nome":"Johann Zuber Junior","municipio":"Guarapuava","tipo":"Graneleiro","cap_t":1850},"geometry":{"type":"Point","coordinates":[-51.69028,-25.55183]}},{"type":"Feature","properties":{"kind":"armazem_conab","nome":"Johann Zuber Junior","municipio":"Guarapuava","tipo":"Bateria de Silos","cap_t":2070},"geometry":{"type":"Point","coordinates":[-51.69019,-25.55202]}},{"type":"Feature","properties":{"kind":"armazem_conab","nome":"Josef Winkler","municipio":"Guarapuava","tipo":"Graneleiro","cap_t":2540},"geometry":{"type":"Point","coordinates":[-51.69012,-25.35208]}},{"type":"Feature","properties":{"kind":"armazem_conab","nome":"Integrada Cooperativa Agroindustrial","municipio":"Astorga","tipo":"Graneleiro","cap_t":50000},"geometry":{"type":"Point","coordinates":[-51.69006,-23.22615]}},{"type":"Feature","properties":{"kind":"armazem_conab","nome":"Cocari - Cooperativa Agropecuaria e Industrial","municipio":"Mandaguari","tipo":"Convencional","cap_t":1780},"geometry":{"type":"Point","coordinates":[-51.6899,-23.5196]}},{"type":"Feature","properties":{"kind":"armazem_conab","nome":"Johann Zuber Junior","municipio":"Guarapuava","tipo":"Graneleiro","cap_t":700},"geometry":{"type":"Point","coordinates":[-51.68966,-25.57522]}},{"type":"Feature","properties":{"kind":"armazem_conab","nome":"Josef Winkler","municipio":"Guarapuava","tipo":"Bateria de Silos","cap_t":7810},"geometry":{"type":"Point","coordinates":[-51.68937,-25.35167]}},{"type":"Feature","properties":{"kind":"armazem_conab","nome":"Josef Winkler","municipio":"Guarapuava","tipo":"Bateria de Silos","cap_t":7810},"geometry":{"type":"Point","coordinates":[-51.68937,-25.35167]}},{"type":"Feature","properties":{"kind":"armazem_conab","nome":"Coamo Agroindustrial Cooperativa","municipio":"Manoel Ribas","tipo":"Graneleiro","cap_t":17210},"geometry":{"type":"Point","coordinates":[-51.68526,-24.51647]}},{"type":"Feature","properties":{"kind":"armazem_conab","nome":"C.vale - Cooperativa Agroindustrial","municipio":"Manoel Ribas","tipo":"Bateria de Silos","cap_t":6180},"geometry":{"type":"Point","coordinates":[-51.68523,-24.49382]}},{"type":"Feature","properties":{"kind":"armazem_conab","nome":"Coamo Agroindustrial Cooperativa","municipio":"Manoel Ribas","tipo":"Graneleiro","cap_t":17210},"geometry":{"type":"Point","coordinates":[-51.68512,-24.51617]}},{"type":"Feature","properties":{"kind":"armazem_conab","nome":"Nilceia Bernardelli","municipio":"Astorga","tipo":"Bateria de Silos","cap_t":480},"geometry":{"type":"Point","coordinates":[-51.6849,-23.2331]}},{"type":"Feature","properties":{"kind":"armazem_conab","nome":"Coamo Agroindustrial Cooperativa","municipio":"Manoel Ribas","tipo":"Graneleiro","cap_t":5010},"geometry":{"type":"Point","coordinates":[-51.68454,-24.51579]}},{"type":"Feature","properties":{"kind":"armazem_conab","nome":"Coamo Agroindustrial Cooperativa","municipio":"Manoel Ribas","tipo":"Bateria de Silos","cap_t":8610},"geometry":{"type":"Point","coordinates":[-51.68438,-24.51584]}},{"type":"Feature","properties":{"kind":"armazem_conab","nome":"Reginaldo de Lima","municipio":"Astorga","tipo":"Bateria de Silos","cap_t":4100},"geometry":{"type":"Point","coordinates":[-51.68281,-23.24586]}},{"type":"Feature","properties":{"kind":"armazem_conab","nome":"Cocari - Cooperativa Agropecuaria e Industrial","municipio":"Kaloré","tipo":"Bateria de Silos","cap_t":8590},"geometry":{"type":"Point","coordinates":[-51.67972,-23.82051]}},{"type":"Feature","properties":{"kind":"armazem_conab","nome":"Cocari - Cooperativa Agropecuaria e Industrial","municipio":"Kaloré","tipo":"Graneleiro","cap_t":21450},"geometry":{"type":"Point","coordinates":[-51.67872,-23.82065]}},{"type":"Feature","properties":{"kind":"armazem_conab","nome":"Sergio Roberto Veit","municipio":"Campina do Simão","tipo":"Silo","cap_t":640},"geometry":{"type":"Point","coordinates":[-51.67691,-25.19526]}},{"type":"Feature","properties":{"kind":"armazem_conab","nome":"Sergio Roberto Veit","municipio":"Campina do Simão","tipo":"Convencional","cap_t":1550},"geometry":{"type":"Point","coordinates":[-51.67679,-25.19492]}},{"type":"Feature","properties":{"kind":"armazem_conab","nome":"Coamo Agroindustrial Cooperativa","municipio":"Manoel Ribas","tipo":"Bateria de Silos","cap_t":43450},"geometry":{"type":"Point","coordinates":[-51.67614,-24.43317]}},{"type":"Feature","properties":{"kind":"armazem_conab","nome":"Coamo Agroindustrial Cooperativa","municipio":"Guarapuava","tipo":"Bateria de Silos","cap_t":33630},"geometry":{"type":"Point","coordinates":[-51.67564,-25.40683]}},{"type":"Feature","properties":{"kind":"armazem_conab","nome":"Agricola Vassoler Ltda","municipio":"Kaloré","tipo":"Bateria de Silos","cap_t":4720},"geometry":{"type":"Point","coordinates":[-51.67434,-23.81991]}},{"type":"Feature","properties":{"kind":"armazem_conab","nome":"Erich Mathias Leh","municipio":"Guarapuava","tipo":"Graneleiro","cap_t":2810},"geometry":{"type":"Point","coordinates":[-51.66951,-25.41825]}},{"type":"Feature","properties":{"kind":"armazem_conab","nome":"Coamo Agroindustrial Cooperativa","municipio":"Pinhão","tipo":"Bateria de Silos","cap_t":76110},"geometry":{"type":"Point","coordinates":[-51.66715,-25.6963]}},{"type":"Feature","properties":{"kind":"armazem_conab","nome":"Wilfried Jorge Spieler","municipio":"Pinhão","tipo":"Bateria de Silos","cap_t":970},"geometry":{"type":"Point","coordinates":[-51.66273,-25.66092]}},{"type":"Feature","properties":{"kind":"armazem_conab","nome":"Agricola Mk Ltda","municipio":"Lidianópolis","tipo":"Bateria de Silos","cap_t":5110},"geometry":{"type":"Point","coordinates":[-51.65919,-24.11184]}},{"type":"Feature","properties":{"kind":"armazem_conab","nome":"Agricola Três Capões Ltda","municipio":"Guarapuava","tipo":"Bateria de Silos","cap_t":33170},"geometry":{"type":"Point","coordinates":[-51.65776,-25.43361]}},{"type":"Feature","properties":{"kind":"armazem_conab","nome":"Jose Ferreira de Camargo","municipio":"Astorga","tipo":"Bateria de Silos","cap_t":1660},"geometry":{"type":"Point","coordinates":[-51.65601,-23.26456]}},{"type":"Feature","properties":{"kind":"armazem_conab","nome":"Edegar Leh e Outros","municipio":"Guarapuava","tipo":"Graneleiro","cap_t":2710},"geometry":{"type":"Point","coordinates":[-51.65401,-25.41319]}},{"type":"Feature","properties":{"kind":"armazem_conab","nome":"Coanorp - Cooperativa Agropecuaria Norte Paranaense","municipio":"Astorga","tipo":"Graneleiro","cap_t":29460},"geometry":{"type":"Point","coordinates":[-51.65391,-23.24817]}},{"type":"Feature","properties":{"kind":"armazem_conab","nome":"Edegar Leh e Outros","municipio":"Guarapuava","tipo":"Graneleiro","cap_t":2710},"geometry":{"type":"Point","coordinates":[-51.65389,-25.41317]}},{"type":"Feature","properties":{"kind":"armazem_conab","nome":"Coanorp - Cooperativa Agropecuaria Norte Paranaense","municipio":"Astorga","tipo":"Bateria de Silos","cap_t":10440},"geometry":{"type":"Point","coordinates":[-51.65368,-23.24853]}},{"type":"Feature","properties":{"kind":"armazem_conab","nome":"Hirotaka Matsuda","municipio":"Pinhão","tipo":"Convencional","cap_t":510},"geometry":{"type":"Point","coordinates":[-51.65336,-25.68545]}},{"type":"Feature","properties":{"kind":"armazem_conab","nome":"Hirotaka Matsuda","municipio":"Pinhão","tipo":"Bateria de Silos","cap_t":6750},"geometry":{"type":"Point","coordinates":[-51.65297,-25.68569]}},{"type":"Feature","properties":{"kind":"armazem_conab","nome":"Ind e Com de Torref. de Cafe Jandaia Ltda","municipio":"Jandaia do Sul","tipo":"Convencional","cap_t":1140},"geometry":{"type":"Point","coordinates":[-51.65149,-23.58091]}},{"type":"Feature","properties":{"kind":"armazem_conab","nome":"Marcos Clok","municipio":"Guarapuava","tipo":"Bateria de Silos","cap_t":6760},"geometry":{"type":"Point","coordinates":[-51.64733,-25.49197]}},{"type":"Feature","properties":{"kind":"armazem_conab","nome":"Auro Mitsuhiro Hazegawa","municipio":"Pinhão","tipo":"Bateria de Silos","cap_t":6650},"geometry":{"type":"Point","coordinates":[-51.64666,-25.68071]}},{"type":"Feature","properties":{"kind":"armazem_conab","nome":"Karl Keller","municipio":"Guarapuava","tipo":"Graneleiro","cap_t":1590},"geometry":{"type":"Point","coordinates":[-51.63678,-25.21213]}},{"type":"Feature","properties":{"kind":"armazem_conab","nome":"Regiane Aparecida Cordeiro Lustoza","municipio":"Guarapuava","tipo":"Silo","cap_t":3200},"geometry":{"type":"Point","coordinates":[-51.62985,-25.48507]}},{"type":"Feature","properties":{"kind":"armazem_conab","nome":"Regiane Aparecida Cordeiro Lustoza","municipio":"Guarapuava","tipo":"Graneleiro","cap_t":5180},"geometry":{"type":"Point","coordinates":[-51.62934,-25.4851]}},{"type":"Feature","properties":{"kind":"armazem_conab","nome":"Angelo Matheus Dalmas","municipio":"Astorga","tipo":"Bateria de Silos","cap_t":11860},"geometry":{"type":"Point","coordinates":[-51.60727,-23.1227]}},{"type":"Feature","properties":{"kind":"armazem_conab","nome":"Jose Ernani Lustosa","municipio":"Guarapuava","tipo":"Silo","cap_t":2660},"geometry":{"type":"Point","coordinates":[-51.60224,-25.53199]}},{"type":"Feature","properties":{"kind":"armazem_conab","nome":"Jose Ernani Lustosa","municipio":"Guarapuava","tipo":"Graneleiro","cap_t":7050},"geometry":{"type":"Point","coordinates":[-51.60212,-25.53184]}},{"type":"Feature","properties":{"kind":"armazem_conab","nome":"Regis Comercio de Insumos Ltda","municipio":"Borrazópolis","tipo":"Bateria de Silos","cap_t":6740},"geometry":{"type":"Point","coordinates":[-51.60076,-23.92512]}},{"type":"Feature","properties":{"kind":"armazem_conab","nome":"Cocamar Cooperativa Agroindustrial","municipio":"Centenário do Sul","tipo":"Bateria de Silos","cap_t":22260},"geometry":{"type":"Point","coordinates":[-51.60001,-22.83277]}},{"type":"Feature","properties":{"kind":"armazem_conab","nome":"Bussadori, Garcia & Cia Ltda","municipio":"Borrazópolis","tipo":"Bateria de Silos","cap_t":7500},"geometry":{"type":"Point","coordinates":[-51.59871,-23.92503]}},{"type":"Feature","properties":{"kind":"armazem_conab","nome":"Camisc-cooperativa Agricola Mista Sao Cristovao Ltda","municipio":"Palmas","tipo":"Bateria de Silos","cap_t":5180},"geometry":{"type":"Point","coordinates":[-51.59697,-26.58302]}},{"type":"Feature","properties":{"kind":"armazem_conab","nome":"Agricola Vassoler Ltda","municipio":"Borrazópolis","tipo":"Bateria de Silos","cap_t":2770},"geometry":{"type":"Point","coordinates":[-51.5958,-23.92679]}},{"type":"Feature","properties":{"kind":"armazem_conab","nome":"Agricola Vassoler Ltda","municipio":"Borrazópolis","tipo":"Bateria de Silos","cap_t":11640},"geometry":{"type":"Point","coordinates":[-51.59557,-23.92623]}},{"type":"Feature","properties":{"kind":"armazem_conab","nome":"Boa Ventura Comercio de Cereais Ltda","municipio":"Boa Ventura de São Roque","tipo":"Bateria de Silos","cap_t":10740},"geometry":{"type":"Point","coordinates":[-51.59125,-24.94957]}},{"type":"Feature","properties":{"kind":"armazem_conab","nome":"Agrícola Rio do Vale Eireli","municipio":"Cambira","tipo":"Convencional","cap_t":1530},"geometry":{"type":"Point","coordinates":[-51.58352,-23.59863]}},{"type":"Feature","properties":{"kind":"armazem_conab","nome":"Cocari - Cooperativa Agropecuaria e Industrial","municipio":"Borrazópolis","tipo":"Bateria de Silos","cap_t":6460},"geometry":{"type":"Point","coordinates":[-51.5788,-23.94716]}},{"type":"Feature","properties":{"kind":"armazem_conab","nome":"Belagricola Comercio e Representacoes de Produtos Agricolas S.a.","municipio":"Apucarana","tipo":"Bateria de Silos","cap_t":16760},"geometry":{"type":"Point","coordinates":[-51.57869,-23.48567]}},{"type":"Feature","properties":{"kind":"armazem_conab","nome":"Coamo Agroindustrial Cooperativa","municipio":"Boa Ventura de São Roque","tipo":"Bateria de Silos","cap_t":58140},"geometry":{"type":"Point","coordinates":[-51.57841,-24.95682]}},{"type":"Feature","properties":{"kind":"armazem_conab","nome":"Agricola Vassoler Ltda","municipio":"Borrazópolis","tipo":"Bateria de Silos","cap_t":12230},"geometry":{"type":"Point","coordinates":[-51.57824,-23.93931]}},{"type":"Feature","properties":{"kind":"armazem_conab","nome":"Coamo Agroindustrial Cooperativa","municipio":"Boa Ventura de São Roque","tipo":"Graneleiro","cap_t":19420},"geometry":{"type":"Point","coordinates":[-51.57796,-24.95703]}},{"type":"Feature","properties":{"kind":"armazem_conab","nome":"Fada Comércio e Participação Ltda","municipio":"Apucarana","tipo":"Bateria de Silos","cap_t":1230},"geometry":{"type":"Point","coordinates":[-51.57784,-23.53312]}},{"type":"Feature","properties":{"kind":"armazem_conab","nome":"Annemarie Pfann e Outros","municipio":"Guarapuava","tipo":"Bateria de Silos","cap_t":2930},"geometry":{"type":"Point","coordinates":[-51.57603,-25.41771]}},{"type":"Feature","properties":{"kind":"armazem_conab","nome":"Annemarie Pfann e Outros","municipio":"Guarapuava","tipo":"Bateria de Silos","cap_t":10050},"geometry":{"type":"Point","coordinates":[-51.57594,-25.41811]}},{"type":"Feature","properties":{"kind":"armazem_conab","nome":"José Carlos Ciuffa","municipio":"Sabáudia","tipo":"Silo","cap_t":580},"geometry":{"type":"Point","coordinates":[-51.57326,-23.39749]}},{"type":"Feature","properties":{"kind":"armazem_conab","nome":"Borgatto e Cia Ltda","municipio":"Cambira","tipo":"Bateria de Silos","cap_t":2990},"geometry":{"type":"Point","coordinates":[-51.57131,-23.58794]}},{"type":"Feature","properties":{"kind":"armazem_conab","nome":"Borgatto e Cia Ltda","municipio":"Cambira","tipo":"Silo","cap_t":2170},"geometry":{"type":"Point","coordinates":[-51.57131,-23.58794]}},{"type":"Feature","properties":{"kind":"armazem_conab","nome":"Borgatto e Cia Ltda","municipio":"Cambira","tipo":"Graneleiro","cap_t":1820},"geometry":{"type":"Point","coordinates":[-51.57093,-23.58799]}},{"type":"Feature","properties":{"kind":"armazem_conab","nome":"Cooperativa Agrária Agroindustrial","municipio":"Guarapuava","tipo":"Graneleiro","cap_t":265800},"geometry":{"type":"Point","coordinates":[-51.56981,-25.41544]}},{"type":"Feature","properties":{"kind":"armazem_conab","nome":"Comercio de Cereais Cidbel Ltda","municipio":"Cambira","tipo":"Graneleiro","cap_t":3490},"geometry":{"type":"Point","coordinates":[-51.56953,-23.58431]}},{"type":"Feature","properties":{"kind":"armazem_conab","nome":"Comercio de Cereais Cidbel Ltda","municipio":"Cambira","tipo":"Graneleiro","cap_t":3490},"geometry":{"type":"Point","coordinates":[-51.56913,-23.58417]}},{"type":"Feature","properties":{"kind":"armazem_conab","nome":"Comercio de Cereais Cidbel Ltda","municipio":"Cambira","tipo":"Bateria de Silos","cap_t":1340},"geometry":{"type":"Point","coordinates":[-51.56903,-23.58412]}},{"type":"Feature","properties":{"kind":"armazem_conab","nome":"Cooperativa Agrária Agroindustrial","municipio":"Guarapuava","tipo":"Bateria de Silos","cap_t":101580},"geometry":{"type":"Point","coordinates":[-51.56721,-25.41296]}},{"type":"Feature","properties":{"kind":"armazem_conab","nome":"Cooperativa Agrária Agroindustrial","municipio":"Guarapuava","tipo":"Graneleiro","cap_t":102350},"geometry":{"type":"Point","coordinates":[-51.56651,-25.41105]}},{"type":"Feature","properties":{"kind":"armazem_conab","nome":"Cooperativa Agrária Agroindustrial","municipio":"Guarapuava","tipo":"Graneleiro","cap_t":74330},"geometry":{"type":"Point","coordinates":[-51.56589,-25.41129]}},{"type":"Feature","properties":{"kind":"armazem_conab","nome":"Cooperativa Agrária Agroindustrial","municipio":"Guarapuava","tipo":"Graneleiro","cap_t":102770},"geometry":{"type":"Point","coordinates":[-51.56555,-25.41205]}},{"type":"Feature","properties":{"kind":"armazem_conab","nome":"Ernst Leh","municipio":"Candói","tipo":"Graneleiro","cap_t":1200},"geometry":{"type":"Point","coordinates":[-51.56027,-25.60133]}},{"type":"Feature","properties":{"kind":"armazem_conab","nome":"Cocamar Cooperativa Agroindustrial","municipio":"Sabáudia","tipo":"Bateria de Silos","cap_t":18470},"geometry":{"type":"Point","coordinates":[-51.55972,-23.32826]}},{"type":"Feature","properties":{"kind":"armazem_conab","nome":"J C Lustoza & Cia Ltda - Epp","municipio":"Guarapuava","tipo":"Bateria de Silos","cap_t":11160},"geometry":{"type":"Point","coordinates":[-51.55464,-25.40662]}},{"type":"Feature","properties":{"kind":"armazem_conab","nome":"Esdon Luiz Sanguino","municipio":"Sabáudia","tipo":"Bateria de Silos","cap_t":860},"geometry":{"type":"Point","coordinates":[-51.55454,-23.33406]}},{"type":"Feature","properties":{"kind":"armazem_conab","nome":"Valdir José Fuchs e Outra","municipio":"Guarapuava","tipo":"Bateria de Silos","cap_t":22800},"geometry":{"type":"Point","coordinates":[-51.55185,-25.40544]}},{"type":"Feature","properties":{"kind":"armazem_conab","nome":"Belagricola Comercio e Representacoes de Produtos Agricolas S.a.","municipio":"Sabáudia","tipo":"Bateria de Silos","cap_t":34640},"geometry":{"type":"Point","coordinates":[-51.55111,-23.33292]}},{"type":"Feature","properties":{"kind":"armazem_conab","nome":"Winfried Mathias Leh","municipio":"Guarapuava","tipo":"Bateria de Silos","cap_t":1100},"geometry":{"type":"Point","coordinates":[-51.54732,-25.49628]}},{"type":"Feature","properties":{"kind":"armazem_conab","nome":"Antônio Manchur & Cia Ltda","municipio":"Boa Ventura de São Roque","tipo":"Bateria de Silos","cap_t":5620},"geometry":{"type":"Point","coordinates":[-51.54723,-24.8853]}},{"type":"Feature","properties":{"kind":"armazem_conab","nome":"Coop Agroindustrial Nova Produtiva.","municipio":"Sabáudia","tipo":"Bateria de Silos","cap_t":12950},"geometry":{"type":"Point","coordinates":[-51.5472,-23.3285]}},{"type":"Feature","properties":{"kind":"armazem_conab","nome":"Antônio Manchur & Cia Ltda","municipio":"Boa Ventura de São Roque","tipo":"Convencional","cap_t":650},"geometry":{"type":"Point","coordinates":[-51.54714,-24.88481]}},{"type":"Feature","properties":{"kind":"armazem_conab","nome":"Coamo Agroindustrial Cooperativa","municipio":"Guarapuava","tipo":"Graneleiro","cap_t":36070},"geometry":{"type":"Point","coordinates":[-51.54363,-25.40376]}},{"type":"Feature","properties":{"kind":"armazem_conab","nome":"Cereal Benef. Com. e Estocagem de Cereais Ltda.","municipio":"Guarapuava","tipo":"Bateria de Silos","cap_t":20560},"geometry":{"type":"Point","coordinates":[-51.54322,-25.4006]}},{"type":"Feature","properties":{"kind":"armazem_conab","nome":"Irmaos Mastro Ltda","municipio":"Apucarana","tipo":"Convencional","cap_t":730},"geometry":{"type":"Point","coordinates":[-51.54116,-23.56086]}},{"type":"Feature","properties":{"kind":"armazem_conab","nome":"Agrop. Tateiva Ltda","municipio":"Guarapuava","tipo":"Graneleiro","cap_t":12000},"geometry":{"type":"Point","coordinates":[-51.54111,-25.39873]}},{"type":"Feature","properties":{"kind":"armazem_conab","nome":"Agrop. Tateiva Ltda","municipio":"Guarapuava","tipo":"Silo","cap_t":1980},"geometry":{"type":"Point","coordinates":[-51.54086,-25.40001]}},{"type":"Feature","properties":{"kind":"armazem_conab","nome":"Agrop. Tateiva Ltda","municipio":"Guarapuava","tipo":"Graneleiro","cap_t":9900},"geometry":{"type":"Point","coordinates":[-51.54079,-25.39898]}},{"type":"Feature","properties":{"kind":"armazem_conab","nome":"Agrop. Tateiva Ltda","municipio":"Guarapuava","tipo":"Bateria de Silos","cap_t":5520},"geometry":{"type":"Point","coordinates":[-51.54069,-25.39855]}},{"type":"Feature","properties":{"kind":"armazem_conab","nome":"Agrop. Tateiva Ltda","municipio":"Guarapuava","tipo":"Graneleiro","cap_t":18000},"geometry":{"type":"Point","coordinates":[-51.54059,-25.39924]}},{"type":"Feature","properties":{"kind":"armazem_conab","nome":"Jhb Comércio de Café Ltda","municipio":"Apucarana","tipo":"Convencional","cap_t":510},"geometry":{"type":"Point","coordinates":[-51.5396,-23.5551]}},{"type":"Feature","properties":{"kind":"armazem_conab","nome":"Cerealista do Guina Eireli Me","municipio":"Apucarana","tipo":"Convencional","cap_t":1060},"geometry":{"type":"Point","coordinates":[-51.5318,-23.5607]}},{"type":"Feature","properties":{"kind":"armazem_conab","nome":"Irmaos Valcanaia Ltda","municipio":"Guarapuava","tipo":"Graneleiro","cap_t":3000},"geometry":{"type":"Point","coordinates":[-51.52611,-25.39463]}},{"type":"Feature","properties":{"kind":"armazem_conab","nome":"Irmaos Valcanaia Ltda","municipio":"Guarapuava","tipo":"Convencional","cap_t":1010},"geometry":{"type":"Point","coordinates":[-51.52609,-25.39427]}},{"type":"Feature","properties":{"kind":"armazem_conab","nome":"Irmaos Valcanaia Ltda","municipio":"Guarapuava","tipo":"Convencional","cap_t":850},"geometry":{"type":"Point","coordinates":[-51.52606,-25.39398]}},{"type":"Feature","properties":{"kind":"armazem_conab","nome":"Guenter Stefan Duch","municipio":"Guarapuava","tipo":"Bateria de Silos","cap_t":11490},"geometry":{"type":"Point","coordinates":[-51.52501,-25.57421]}},{"type":"Feature","properties":{"kind":"armazem_conab","nome":"Cocamar Cooperativa Agroindustrial","municipio":"Jaguapitã","tipo":"Bateria de Silos","cap_t":18480},"geometry":{"type":"Point","coordinates":[-51.52455,-23.11727]}},{"type":"Feature","properties":{"kind":"armazem_conab","nome":"Guenter Stefan Duch","municipio":"Guarapuava","tipo":"Graneleiro","cap_t":2590},"geometry":{"type":"Point","coordinates":[-51.5186,-25.57955]}},{"type":"Feature","properties":{"kind":"armazem_conab","nome":"Cicero Passos de Lacerda","municipio":"Guarapuava","tipo":"Bateria de Silos","cap_t":3860},"geometry":{"type":"Point","coordinates":[-51.51837,-25.31032]}},{"type":"Feature","properties":{"kind":"armazem_conab","nome":"Guenter Stefan Duch","municipio":"Guarapuava","tipo":"Graneleiro","cap_t":1970},"geometry":{"type":"Point","coordinates":[-51.51637,-25.57879]}},{"type":"Feature","properties":{"kind":"armazem_conab","nome":"Guenter Stefan Duch","municipio":"Guarapuava","tipo":"Graneleiro","cap_t":1020},"geometry":{"type":"Point","coordinates":[-51.51591,-25.57832]}},{"type":"Feature","properties":{"kind":"armazem_conab","nome":"Guenter Stefan Duch","municipio":"Guarapuava","tipo":"Graneleiro","cap_t":1570},"geometry":{"type":"Point","coordinates":[-51.51551,-25.57832]}},{"type":"Feature","properties":{"kind":"armazem_conab","nome":"Coamo Agroindustrial Cooperativa","municipio":"Cruzmaltina","tipo":"Bateria de Silos","cap_t":43090},"geometry":{"type":"Point","coordinates":[-51.49977,-23.98644]}},{"type":"Feature","properties":{"kind":"armazem_conab","nome":"O.k.o. Batatas Ltda","municipio":"Guarapuava","tipo":"Convencional","cap_t":1260},"geometry":{"type":"Point","coordinates":[-51.49966,-25.41098]}},{"type":"Feature","properties":{"kind":"armazem_conab","nome":"Jaguafrangos Industria e Comercio de Alimentos Ltda","municipio":"Jaguapitã","tipo":"Bateria de Silos","cap_t":9440},"geometry":{"type":"Point","coordinates":[-51.49495,-23.10553]}},{"type":"Feature","properties":{"kind":"armazem_conab","nome":"Jose Albino Ferrari","municipio":"Rolândia","tipo":"Graneleiro","cap_t":777},"geometry":{"type":"Point","coordinates":[-51.4938,-23.31532]}},{"type":"Feature","properties":{"kind":"armazem_conab","nome":"Moinho Sao Luiz Ltda","municipio":"Guarapuava","tipo":"Convencional","cap_t":410},"geometry":{"type":"Point","coordinates":[-51.49303,-25.39686]}},{"type":"Feature","properties":{"kind":"armazem_conab","nome":"Seguranca de Arms Gerais Ltda","municipio":"Apucarana","tipo":"Convencional","cap_t":6510},"geometry":{"type":"Point","coordinates":[-51.49223,-23.56237]}},{"type":"Feature","properties":{"kind":"armazem_conab","nome":"Seguranca de Arms Gerais Ltda","municipio":"Apucarana","tipo":"Convencional","cap_t":6220},"geometry":{"type":"Point","coordinates":[-51.4914,-23.5623]}},{"type":"Feature","properties":{"kind":"armazem_conab","nome":"Seguranca de Arms Gerais Ltda","municipio":"Apucarana","tipo":"Bateria de Silos","cap_t":3760},"geometry":{"type":"Point","coordinates":[-51.4905,-23.5622]}},{"type":"Feature","properties":{"kind":"armazem_conab","nome":"Cia de Desenvolvimento Agropecuario do Parana - Codapar","municipio":"Guarapuava","tipo":"Bateria de Silos","cap_t":31040},"geometry":{"type":"Point","coordinates":[-51.48985,-25.42483]}},{"type":"Feature","properties":{"kind":"armazem_conab","nome":"Cia de Desenvolvimento Agropecuario do Parana - Codapar","municipio":"Guarapuava","tipo":"Silo","cap_t":7030},"geometry":{"type":"Point","coordinates":[-51.48939,-25.42427]}},{"type":"Feature","properties":{"kind":"armazem_conab","nome":"Cia de Desenvolvimento Agropecuario do Parana - Codapar","municipio":"Guarapuava","tipo":"Bateria de Silos","cap_t":19900},"geometry":{"type":"Point","coordinates":[-51.48923,-25.42471]}},{"type":"Feature","properties":{"kind":"armazem_conab","nome":"Cia de Desenvolvimento Agropecuario do Parana - Codapar","municipio":"Guarapuava","tipo":"Graneleiro","cap_t":7510},"geometry":{"type":"Point","coordinates":[-51.48786,-25.42701]}},{"type":"Feature","properties":{"kind":"armazem_conab","nome":"José Carlos Gomes Pacheco","municipio":"Rolândia","tipo":"Bateria de Silos","cap_t":10660},"geometry":{"type":"Point","coordinates":[-51.4852,-23.27839]}},{"type":"Feature","properties":{"kind":"armazem_conab","nome":"Produtora e Coml Agric Arapongas Ltda","municipio":"Arapongas","tipo":"Convencional","cap_t":1580},"geometry":{"type":"Point","coordinates":[-51.48326,-23.35732]}},{"type":"Feature","properties":{"kind":"armazem_conab","nome":"Produtora e Coml Agric Arapongas Ltda","municipio":"Arapongas","tipo":"Convencional","cap_t":5910},"geometry":{"type":"Point","coordinates":[-51.48271,-23.35746]}},{"type":"Feature","properties":{"kind":"armazem_conab","nome":"Produtora e Coml Agric Arapongas Ltda","municipio":"Arapongas","tipo":"Convencional","cap_t":2490},"geometry":{"type":"Point","coordinates":[-51.48255,-23.35723]}},{"type":"Feature","properties":{"kind":"armazem_conab","nome":"Cooperativa Agrária Agroindustrial","municipio":"Guarapuava","tipo":"Bateria de Silos","cap_t":26000},"geometry":{"type":"Point","coordinates":[-51.4793,-25.5666]}},{"type":"Feature","properties":{"kind":"armazem_conab","nome":"Cooperativa Agrária Agroindustrial","municipio":"Guarapuava","tipo":"Bateria de Silos","cap_t":63860},"geometry":{"type":"Point","coordinates":[-51.47906,-25.56686]}},{"type":"Feature","properties":{"kind":"armazem_conab","nome":"Cooperativa Agrária Agroindustrial","municipio":"Guarapuava","tipo":"Graneleiro","cap_t":36000},"geometry":{"type":"Point","coordinates":[-51.47903,-25.56771]}},{"type":"Feature","properties":{"kind":"armazem_conab","nome":"Cooperativa Agrária Agroindustrial","municipio":"Guarapuava","tipo":"Graneleiro","cap_t":30000},"geometry":{"type":"Point","coordinates":[-51.47889,-25.56598]}},{"type":"Feature","properties":{"kind":"armazem_conab","nome":"Cooperativa Agrária Agroindustrial","municipio":"Guarapuava","tipo":"Bateria de Silos","cap_t":56000},"geometry":{"type":"Point","coordinates":[-51.47881,-25.56798]}},{"type":"Feature","properties":{"kind":"armazem_conab","nome":"Louis Dreyfus Company Brasil S.a.","municipio":"Apucarana","tipo":"Bateria de Silos","cap_t":1890},"geometry":{"type":"Point","coordinates":[-51.4788,-23.5575]}},{"type":"Feature","properties":{"kind":"armazem_conab","nome":"Louis Dreyfus Company Brasil S.a.","municipio":"Apucarana","tipo":"Bateria de Silos","cap_t":4590},"geometry":{"type":"Point","coordinates":[-51.4788,-23.5575]}},{"type":"Feature","properties":{"kind":"armazem_conab","nome":"Louis Dreyfus Company Brasil S.a.","municipio":"Apucarana","tipo":"Graneleiro","cap_t":5560},"geometry":{"type":"Point","coordinates":[-51.4788,-23.5575]}},{"type":"Feature","properties":{"kind":"armazem_conab","nome":"Louis Dreyfus Company Brasil S.a.","municipio":"Apucarana","tipo":"Graneleiro","cap_t":4090},"geometry":{"type":"Point","coordinates":[-51.4788,-23.5575]}},{"type":"Feature","properties":{"kind":"armazem_conab","nome":"Louis Dreyfus Company Brasil S.a.","municipio":"Apucarana","tipo":"Bateria de Silos","cap_t":11390},"geometry":{"type":"Point","coordinates":[-51.4788,-23.5575]}},{"type":"Feature","properties":{"kind":"armazem_conab","nome":"Cooperativa Agrária Agroindustrial","municipio":"Guarapuava","tipo":"Convencional","cap_t":3710},"geometry":{"type":"Point","coordinates":[-51.47878,-25.56284]}},{"type":"Feature","properties":{"kind":"armazem_conab","nome":"Cooperativa Agrária Agroindustrial","municipio":"Guarapuava","tipo":"Bateria de Silos","cap_t":21600},"geometry":{"type":"Point","coordinates":[-51.47863,-25.56718]}},{"type":"Feature","properties":{"kind":"armazem_conab","nome":"Cooperativa Agrária Agroindustrial","municipio":"Guarapuava","tipo":"Bateria de Silos","cap_t":50910},"geometry":{"type":"Point","coordinates":[-51.47731,-25.56633]}},{"type":"Feature","properties":{"kind":"armazem_conab","nome":"Verona Com. e Beneficiamento de Café Ltda","municipio":"Apucarana","tipo":"Convencional","cap_t":1310},"geometry":{"type":"Point","coordinates":[-51.47406,-23.55515]}},{"type":"Feature","properties":{"kind":"armazem_conab","nome":"Caramuru Alimentos S/a","municipio":"Apucarana","tipo":"Bateria de Silos","cap_t":36850},"geometry":{"type":"Point","coordinates":[-51.474,-23.55376]}},{"type":"Feature","properties":{"kind":"armazem_conab","nome":"Caramuru Alimentos S/a","municipio":"Apucarana","tipo":"Bateria de Silos","cap_t":7930},"geometry":{"type":"Point","coordinates":[-51.474,-23.5535]}},{"type":"Feature","properties":{"kind":"armazem_conab","nome":"Guarapuava Comercio de Cereais Ltda","municipio":"Guarapuava","tipo":"Bateria de Silos","cap_t":30340},"geometry":{"type":"Point","coordinates":[-51.45617,-25.35212]}},{"type":"Feature","properties":{"kind":"armazem_conab","nome":"Agropecuaria Sojasul Ltda","municipio":"Guarapuava","tipo":"Bateria de Silos","cap_t":27160},"geometry":{"type":"Point","coordinates":[-51.45607,-25.32214]}},{"type":"Feature","properties":{"kind":"armazem_conab","nome":"Cia de Desenvolvimento Agropecuario do Parana - Codapar","municipio":"Guarapuava","tipo":"Convencional","cap_t":5240},"geometry":{"type":"Point","coordinates":[-51.45348,-25.35077]}},{"type":"Feature","properties":{"kind":"armazem_conab","nome":"Cia de Desenvolvimento Agropecuario do Parana - Codapar","municipio":"Guarapuava","tipo":"Convencional","cap_t":810},"geometry":{"type":"Point","coordinates":[-51.45289,-25.35117]}},{"type":"Feature","properties":{"kind":"armazem_conab","nome":"Belagricola Comercio e Representacoes de Produtos Agricolas S.a.","municipio":"Prado Ferreira","tipo":"Bateria de Silos","cap_t":11880},"geometry":{"type":"Point","coordinates":[-51.45112,-23.05773]}},{"type":"Feature","properties":{"kind":"armazem_conab","nome":"Cocamar Cooperativa Agroindustrial","municipio":"Prado Ferreira","tipo":"Bateria de Silos","cap_t":21990},"geometry":{"type":"Point","coordinates":[-51.44922,-23.05111]}},{"type":"Feature","properties":{"kind":"armazem_conab","nome":"Cocari - Cooperativa Agropecuaria e Industrial","municipio":"Cruzmaltina","tipo":"Bateria de Silos","cap_t":10470},"geometry":{"type":"Point","coordinates":[-51.44757,-23.98996]}},{"type":"Feature","properties":{"kind":"armazem_conab","nome":"Fukushima Alimentos Ltda","municipio":"Arapongas","tipo":"Convencional","cap_t":130},"geometry":{"type":"Point","coordinates":[-51.44635,-23.40399]}},{"type":"Feature","properties":{"kind":"armazem_conab","nome":"Cocari - Cooperativa Agropecuaria e Industrial","municipio":"Cruzmaltina","tipo":"Bateria de Silos","cap_t":2960},"geometry":{"type":"Point","coordinates":[-51.44616,-23.98846]}},{"type":"Feature","properties":{"kind":"armazem_conab","nome":"Cocari - Cooperativa Agropecuaria e Industrial","municipio":"Cruzmaltina","tipo":"Convencional","cap_t":560},"geometry":{"type":"Point","coordinates":[-51.4458,-23.9895]}},{"type":"Feature","properties":{"kind":"armazem_conab","nome":"Cocari - Cooperativa Agropecuaria e Industrial","municipio":"Cruzmaltina","tipo":"Convencional","cap_t":1260},"geometry":{"type":"Point","coordinates":[-51.44568,-23.988]}},{"type":"Feature","properties":{"kind":"armazem_conab","nome":"Moacir Kenji Aoyagui","municipio":"Guarapuava","tipo":"Bateria de Silos","cap_t":13640},"geometry":{"type":"Point","coordinates":[-51.44001,-25.34235]}},{"type":"Feature","properties":{"kind":"armazem_conab","nome":"Ferracini e Cia Ltda","municipio":"Apucarana","tipo":"Convencional","cap_t":650},"geometry":{"type":"Point","coordinates":[-51.43893,-23.52051]}},{"type":"Feature","properties":{"kind":"armazem_conab","nome":"Ferracini e Cia Ltda","municipio":"Apucarana","tipo":"Convencional","cap_t":1240},"geometry":{"type":"Point","coordinates":[-51.43891,-23.52057]}},{"type":"Feature","properties":{"kind":"armazem_conab","nome":"Angolinha Ind. e Comércio de Cereais Ltda","municipio":"Apucarana","tipo":"Convencional","cap_t":420},"geometry":{"type":"Point","coordinates":[-51.4373,-23.5593]}},{"type":"Feature","properties":{"kind":"armazem_conab","nome":"Angolinha Ind. e Comércio de Cereais Ltda","municipio":"Apucarana","tipo":"Silo","cap_t":680},"geometry":{"type":"Point","coordinates":[-51.43723,-23.5592]}},{"type":"Feature","properties":{"kind":"armazem_conab","nome":"Alimentos Frias Ltda","municipio":"Apucarana","tipo":"Bateria de Silos","cap_t":1970},"geometry":{"type":"Point","coordinates":[-51.43412,-23.51896]}},{"type":"Feature","properties":{"kind":"armazem_conab","nome":"Alimentos Frias Ltda","municipio":"Apucarana","tipo":"Convencional","cap_t":830},"geometry":{"type":"Point","coordinates":[-51.4339,-23.51943]}},{"type":"Feature","properties":{"kind":"armazem_conab","nome":"Feijão do Rancho Sementes Ltda","municipio":"Guarapuava","tipo":"Convencional","cap_t":1440},"geometry":{"type":"Point","coordinates":[-51.4296,-25.37797]}},{"type":"Feature","properties":{"kind":"armazem_conab","nome":"Construtora , Incorporadora, Transp.e Cereais Jhs Ltda","municipio":"Apucarana","tipo":"Bateria de Silos","cap_t":4310},"geometry":{"type":"Point","coordinates":[-51.4293,-23.5145]}},{"type":"Feature","properties":{"kind":"armazem_conab","nome":"Integrada Cooperativa Agroindustrial","municipio":"Rolândia","tipo":"Bateria de Silos","cap_t":13490},"geometry":{"type":"Point","coordinates":[-51.42906,-23.20227]}},{"type":"Feature","properties":{"kind":"armazem_conab","nome":"Biazze Alimentos Ltda","municipio":"Apucarana","tipo":"Convencional","cap_t":1130},"geometry":{"type":"Point","coordinates":[-51.42841,-23.51418]}},{"type":"Feature","properties":{"kind":"armazem_conab","nome":"Biazze Alimentos Ltda","municipio":"Apucarana","tipo":"Bateria de Silos","cap_t":3370},"geometry":{"type":"Point","coordinates":[-51.42832,-23.51371]}},{"type":"Feature","properties":{"kind":"armazem_conab","nome":"Biazze Alimentos Ltda","municipio":"Apucarana","tipo":"Convencional","cap_t":940},"geometry":{"type":"Point","coordinates":[-51.4281,-23.5144]}},{"type":"Feature","properties":{"kind":"armazem_conab","nome":"Moinho Arapongas S/a","municipio":"Arapongas","tipo":"Bateria de Silos","cap_t":4090},"geometry":{"type":"Point","coordinates":[-51.42634,-23.41968]}},{"type":"Feature","properties":{"kind":"armazem_conab","nome":"Kummel Agropecuaria S.a","municipio":"Arapongas","tipo":"Bateria de Silos","cap_t":29150},"geometry":{"type":"Point","coordinates":[-51.4254,-23.4762]}},{"type":"Feature","properties":{"kind":"armazem_conab","nome":"Jose Antonio Vanzella","municipio":"Rolândia","tipo":"Bateria de Silos","cap_t":10080},"geometry":{"type":"Point","coordinates":[-51.42427,-23.21856]}},{"type":"Feature","properties":{"kind":"armazem_conab","nome":"Cedro Armazéns Gerais Ltda","municipio":"Arapongas","tipo":"Convencional","cap_t":6320},"geometry":{"type":"Point","coordinates":[-51.42307,-23.43075]}},{"type":"Feature","properties":{"kind":"armazem_conab","nome":"Antonio de Oliveira Sampaio","municipio":"Arapongas","tipo":"Bateria de Silos","cap_t":990},"geometry":{"type":"Point","coordinates":[-51.4226,-23.40339]}},{"type":"Feature","properties":{"kind":"armazem_conab","nome":"Belagricola Comercio e Representacoes de Produtos Agricolas S.a.","municipio":"Arapongas","tipo":"Bateria de Silos","cap_t":22750},"geometry":{"type":"Point","coordinates":[-51.42199,-23.47734]}},{"type":"Feature","properties":{"kind":"armazem_conab","nome":"Heinrich Hellbrugge","municipio":"Rolândia","tipo":"Bateria de Silos","cap_t":2450},"geometry":{"type":"Point","coordinates":[-51.41465,-23.27472]}},{"type":"Feature","properties":{"kind":"armazem_conab","nome":"Heinrich Hellbrugge","municipio":"Rolândia","tipo":"Bateria de Silos","cap_t":440},"geometry":{"type":"Point","coordinates":[-51.41465,-23.27472]}},{"type":"Feature","properties":{"kind":"armazem_conab","nome":"Cocamar Cooperativa Agroindustrial","municipio":"Apucarana","tipo":"Graneleiro","cap_t":46720},"geometry":{"type":"Point","coordinates":[-51.4144,-23.582]}},{"type":"Feature","properties":{"kind":"armazem_conab","nome":"Integrada Cooperativa Agroindustrial","municipio":"Arapongas","tipo":"Bateria de Silos","cap_t":18230},"geometry":{"type":"Point","coordinates":[-51.40782,-23.36646]}},{"type":"Feature","properties":{"kind":"armazem_conab","nome":"Antonio de Oliveira Sampaio","municipio":"Arapongas","tipo":"Bateria de Silos","cap_t":1300},"geometry":{"type":"Point","coordinates":[-51.3985,-23.4015]}},{"type":"Feature","properties":{"kind":"armazem_conab","nome":"Lar Cooperativa Agroindustrial","municipio":"Rolândia","tipo":"Bateria de Silos","cap_t":13550},"geometry":{"type":"Point","coordinates":[-51.39493,-23.35097]}},{"type":"Feature","properties":{"kind":"armazem_conab","nome":"João Pagadigorria Sobrinho","municipio":"Rio Branco do Ivaí","tipo":"Bateria de Silos","cap_t":4640},"geometry":{"type":"Point","coordinates":[-51.39328,-24.34384]}},{"type":"Feature","properties":{"kind":"armazem_conab","nome":"Possami e Paula Ltda","municipio":"Rolândia","tipo":"Convencional","cap_t":2150},"geometry":{"type":"Point","coordinates":[-51.38949,-23.30709]}},{"type":"Feature","properties":{"kind":"armazem_conab","nome":"Heinrich Hellbrugge","municipio":"Rolândia","tipo":"Bateria de Silos","cap_t":2300},"geometry":{"type":"Point","coordinates":[-51.38947,-23.26988]}},{"type":"Feature","properties":{"kind":"armazem_conab","nome":"Companhia Nacional de Abastecimento Conab","municipio":"Rolândia","tipo":"Convencional","cap_t":55300},"geometry":{"type":"Point","coordinates":[-51.3888,-23.32535]}},{"type":"Feature","properties":{"kind":"armazem_conab","nome":"Nico Cereais","municipio":"Cruz Machado","tipo":"Silo","cap_t":1070},"geometry":{"type":"Point","coordinates":[-51.38772,-26.01397]}},{"type":"Feature","properties":{"kind":"armazem_conab","nome":"Cocamar Cooperativa Agroindustrial","municipio":"Florestópolis","tipo":"Bateria de Silos","cap_t":21690},"geometry":{"type":"Point","coordinates":[-51.38506,-22.85962]}},{"type":"Feature","properties":{"kind":"armazem_conab","nome":"Sul América-armazéns Gerais Ltda","municipio":"Rolândia","tipo":"Convencional","cap_t":5732},"geometry":{"type":"Point","coordinates":[-51.37959,-23.31392]}},{"type":"Feature","properties":{"kind":"armazem_conab","nome":"Agro Dama Ltda - Me","municipio":"Cândido de Abreu","tipo":"Bateria de Silos","cap_t":11680},"geometry":{"type":"Point","coordinates":[-51.37316,-24.54546]}},{"type":"Feature","properties":{"kind":"armazem_conab","nome":"Belagricola Comercio e Representacoes de Produtos Agricolas S.a.","municipio":"Apucarana","tipo":"Bateria de Silos","cap_t":5400},"geometry":{"type":"Point","coordinates":[-51.3592,-23.6029]}},{"type":"Feature","properties":{"kind":"armazem_conab","nome":"Coamo Agroindustrial Cooperativa","municipio":"Cândido de Abreu","tipo":"Bateria de Silos","cap_t":63530},"geometry":{"type":"Point","coordinates":[-51.34777,-24.59386]}},{"type":"Feature","properties":{"kind":"armazem_conab","nome":"J C Golembiouski Cerealista Ltda","municipio":"Cândido de Abreu","tipo":"Convencional","cap_t":730},"geometry":{"type":"Point","coordinates":[-51.34485,-24.59775]}},{"type":"Feature","properties":{"kind":"armazem_conab","nome":"Annemarie Pfann e Outros","municipio":"Guarapuava","tipo":"Bateria de Silos","cap_t":1440},"geometry":{"type":"Point","coordinates":[-51.34348,-25.25028]}},{"type":"Feature","properties":{"kind":"armazem_conab","nome":"Jordão Baise","municipio":"Prado Ferreira","tipo":"Bateria de Silos","cap_t":3240},"geometry":{"type":"Point","coordinates":[-51.34212,-22.97304]}},{"type":"Feature","properties":{"kind":"armazem_conab","nome":"Cooperativa Agrária Agroindustrial","municipio":"Guarapuava","tipo":"Bateria de Silos","cap_t":106600},"geometry":{"type":"Point","coordinates":[-51.34118,-25.24426]}},{"type":"Feature","properties":{"kind":"armazem_conab","nome":"Manoel Clemente da Silva","municipio":"Marilândia do Sul","tipo":"Bateria de Silos","cap_t":910},"geometry":{"type":"Point","coordinates":[-51.34007,-23.80642]}},{"type":"Feature","properties":{"kind":"armazem_conab","nome":"Gran Par Logística Ltda","municipio":"Rolândia","tipo":"Convencional","cap_t":21600},"geometry":{"type":"Point","coordinates":[-51.33811,-23.30186]}},{"type":"Feature","properties":{"kind":"armazem_conab","nome":"Eberson Sanches Calvo","municipio":"Faxinal","tipo":"Convencional","cap_t":7760},"geometry":{"type":"Point","coordinates":[-51.33772,-23.99193]}},{"type":"Feature","properties":{"kind":"armazem_conab","nome":"Sebastião Luiz Inocente","municipio":"Cambé","tipo":"Bateria de Silos","cap_t":2610},"geometry":{"type":"Point","coordinates":[-51.33465,-23.05399]}},{"type":"Feature","properties":{"kind":"armazem_conab","nome":"João José Resende de Paiva","municipio":"Cambé","tipo":"Bateria de Silos","cap_t":1050},"geometry":{"type":"Point","coordinates":[-51.33451,-23.05377]}},{"type":"Feature","properties":{"kind":"armazem_conab","nome":"Pedro Henrique Pinto Fadel e Ou","municipio":"Rio Branco do Ivaí","tipo":"Bateria de Silos","cap_t":5730},"geometry":{"type":"Point","coordinates":[-51.33429,-24.28342]}},{"type":"Feature","properties":{"kind":"armazem_conab","nome":"Marcelo Barczak - Sipermercado Filial","municipio":"Cruz Machado","tipo":"Silo","cap_t":1670},"geometry":{"type":"Point","coordinates":[-51.33226,-26.03531]}},{"type":"Feature","properties":{"kind":"armazem_conab","nome":"H.s. Kistmacher & Cia Ltda","municipio":"Cruz Machado","tipo":"Bateria de Silos","cap_t":1880},"geometry":{"type":"Point","coordinates":[-51.33027,-26.00701]}},{"type":"Feature","properties":{"kind":"armazem_conab","nome":"Ricolog - Transbordo e Multimodal S/a","municipio":"Rolândia","tipo":"Bateria de Silos","cap_t":23080},"geometry":{"type":"Point","coordinates":[-51.32916,-23.29406]}},{"type":"Feature","properties":{"kind":"armazem_conab","nome":"Ricolog - Transbordo e Multimodal S/a","municipio":"Rolândia","tipo":"Graneleiro","cap_t":7400},"geometry":{"type":"Point","coordinates":[-51.32916,-23.29406]}},{"type":"Feature","properties":{"kind":"armazem_conab","nome":"Ricolog - Transbordo e Multimodal S/a","municipio":"Rolândia","tipo":"Graneleiro","cap_t":4200},"geometry":{"type":"Point","coordinates":[-51.32916,-23.29406]}},{"type":"Feature","properties":{"kind":"armazem_conab","nome":"Ricolog - Transbordo e Multimodal S/a","municipio":"Rolândia","tipo":"Graneleiro","cap_t":3510},"geometry":{"type":"Point","coordinates":[-51.32916,-23.29406]}},{"type":"Feature","properties":{"kind":"armazem_conab","nome":"Tribulato Agropecuaria Ltda - Me","municipio":"Rolândia","tipo":"Bateria de Silos","cap_t":4940},"geometry":{"type":"Point","coordinates":[-51.3281,-23.29591]}},{"type":"Feature","properties":{"kind":"armazem_conab","nome":"Antonio Luiz Ruela da Silva","municipio":"Florestópolis","tipo":"Bateria de Silos","cap_t":3460},"geometry":{"type":"Point","coordinates":[-51.32789,-22.93324]}},{"type":"Feature","properties":{"kind":"armazem_conab","nome":"Maria Justina Lovato Dolfini","municipio":"Cambé","tipo":"Silo","cap_t":470},"geometry":{"type":"Point","coordinates":[-51.32779,-23.03781]}},{"type":"Feature","properties":{"kind":"armazem_conab","nome":"Fortaleza Agro Mercantil Ltda","municipio":"Rolândia","tipo":"Convencional","cap_t":11320},"geometry":{"type":"Point","coordinates":[-51.32731,-23.18444]}},{"type":"Feature","properties":{"kind":"armazem_conab","nome":"Waldemiro Kopp","municipio":"Cambé","tipo":"Bateria de Silos","cap_t":760},"geometry":{"type":"Point","coordinates":[-51.32229,-23.25054]}},{"type":"Feature","properties":{"kind":"armazem_conab","nome":"Cocari - Cooperativa Agropecuaria e Industrial","municipio":"Faxinal","tipo":"Bateria de Silos","cap_t":4280},"geometry":{"type":"Point","coordinates":[-51.31907,-23.98891]}},{"type":"Feature","properties":{"kind":"armazem_conab","nome":"Cocari - Cooperativa Agropecuaria e Industrial","municipio":"Faxinal","tipo":"Convencional","cap_t":3600},"geometry":{"type":"Point","coordinates":[-51.31905,-23.99051]}},{"type":"Feature","properties":{"kind":"armazem_conab","nome":"Cocari - Cooperativa Agropecuaria e Industrial","municipio":"Faxinal","tipo":"Convencional","cap_t":2930},"geometry":{"type":"Point","coordinates":[-51.31894,-23.99071]}},{"type":"Feature","properties":{"kind":"armazem_conab","nome":"Cocamar Cooperativa Agroindustrial","municipio":"Cambé","tipo":"Graneleiro","cap_t":50000},"geometry":{"type":"Point","coordinates":[-51.31827,-23.29108]}},{"type":"Feature","properties":{"kind":"armazem_conab","nome":"Cocamar Cooperativa Agroindustrial","municipio":"Cambé","tipo":"Bateria de Silos","cap_t":22360},"geometry":{"type":"Point","coordinates":[-51.31762,-23.29105]}},{"type":"Feature","properties":{"kind":"armazem_conab","nome":"Cocari - Cooperativa Agropecuaria e Industrial","municipio":"Rio Branco do Ivaí","tipo":"Bateria de Silos","cap_t":8130},"geometry":{"type":"Point","coordinates":[-51.31758,-24.30051]}},{"type":"Feature","properties":{"kind":"armazem_conab","nome":"Trassi & Cia Ltda.","municipio":"Cambé","tipo":"Bateria de Silos","cap_t":3110},"geometry":{"type":"Point","coordinates":[-51.31662,-23.29298]}},{"type":"Feature","properties":{"kind":"armazem_conab","nome":"Agropecuaria Santa Maria do Cerne Ltda","municipio":"Londrina","tipo":"Bateria de Silos","cap_t":4740},"geometry":{"type":"Point","coordinates":[-51.31624,-23.50222]}},{"type":"Feature","properties":{"kind":"armazem_conab","nome":"Trassi & Cia Ltda.","municipio":"Cambé","tipo":"Chapï¿½u Chines","cap_t":6260},"geometry":{"type":"Point","coordinates":[-51.31609,-23.29329]}},{"type":"Feature","properties":{"kind":"armazem_conab","nome":"Adram S/a Ind e Com.","municipio":"Faxinal","tipo":"Bateria de Silos","cap_t":11850},"geometry":{"type":"Point","coordinates":[-51.31577,-23.99822]}},{"type":"Feature","properties":{"kind":"armazem_conab","nome":"Sementes Froes Ltda","municipio":"Faxinal","tipo":"Convencional","cap_t":4050},"geometry":{"type":"Point","coordinates":[-51.31537,-23.98844]}},{"type":"Feature","properties":{"kind":"armazem_conab","nome":"Adram S/a Ind e Com.","municipio":"Faxinal","tipo":"Convencional","cap_t":2970},"geometry":{"type":"Point","coordinates":[-51.31528,-23.99834]}},{"type":"Feature","properties":{"kind":"armazem_conab","nome":"Belagricola Comercio e Representacoes de Produtos Agricolas S.a.","municipio":"Cambé","tipo":"Bateria de Silos","cap_t":70080},"geometry":{"type":"Point","coordinates":[-51.31509,-23.2874]}},{"type":"Feature","properties":{"kind":"armazem_conab","nome":"Sementes Froes Ltda","municipio":"Faxinal","tipo":"Depï¿½sito","cap_t":2030},"geometry":{"type":"Point","coordinates":[-51.31509,-23.98901]}},{"type":"Feature","properties":{"kind":"armazem_conab","nome":"J B Com de Insumos Para Racao Ltda","municipio":"Faxinal","tipo":"Graneleiro","cap_t":3540},"geometry":{"type":"Point","coordinates":[-51.31273,-23.98687]}},{"type":"Feature","properties":{"kind":"armazem_conab","nome":"Cortez Comercio de Cereais Ltda","municipio":"Faxinal","tipo":"Bateria de Silos","cap_t":18400},"geometry":{"type":"Point","coordinates":[-51.31255,-23.9876]}},{"type":"Feature","properties":{"kind":"armazem_conab","nome":"J B Com de Insumos Para Racao Ltda","municipio":"Faxinal","tipo":"Bateria de Silos","cap_t":1420},"geometry":{"type":"Point","coordinates":[-51.31255,-23.98661]}},{"type":"Feature","properties":{"kind":"armazem_conab","nome":"Cortez Comercio de Cereais Ltda","municipio":"Faxinal","tipo":"Convencional","cap_t":990},"geometry":{"type":"Point","coordinates":[-51.31242,-23.98799]}},{"type":"Feature","properties":{"kind":"armazem_conab","nome":"Agropecuaria Santa Maria do Cerne Ltda","municipio":"Londrina","tipo":"Bateria de Silos","cap_t":4100},"geometry":{"type":"Point","coordinates":[-51.31102,-23.4976]}},{"type":"Feature","properties":{"kind":"armazem_conab","nome":"Coamo Agroindustrial Cooperativa","municipio":"Faxinal","tipo":"Graneleiro","cap_t":39540},"geometry":{"type":"Point","coordinates":[-51.30297,-23.9811]}},{"type":"Feature","properties":{"kind":"armazem_conab","nome":"Antonio Celso Delfini e Ou","municipio":"Cambé","tipo":"Bateria de Silos","cap_t":25610},"geometry":{"type":"Point","coordinates":[-51.3028,-23.16958]}},{"type":"Feature","properties":{"kind":"armazem_conab","nome":"Domingos Costa Indústria Alimentícias S/a","municipio":"Cambé","tipo":"Bateria de Silos","cap_t":51090},"geometry":{"type":"Point","coordinates":[-51.30201,-23.27867]}},{"type":"Feature","properties":{"kind":"armazem_conab","nome":"Antonio Fagundes Schier","municipio":"Guarapuava","tipo":"Bateria de Silos","cap_t":1160},"geometry":{"type":"Point","coordinates":[-51.2968,-25.37661]}},{"type":"Feature","properties":{"kind":"armazem_conab","nome":"Cocamar Cooperativa Agroindustrial","municipio":"Cambé","tipo":"Convencional","cap_t":2030},"geometry":{"type":"Point","coordinates":[-51.29659,-23.27367]}},{"type":"Feature","properties":{"kind":"armazem_conab","nome":"Cocamar Cooperativa Agroindustrial","municipio":"Cambé","tipo":"Bateria de Silos","cap_t":18670},"geometry":{"type":"Point","coordinates":[-51.29622,-23.27454]}},{"type":"Feature","properties":{"kind":"armazem_conab","nome":"Companhia Nacional de Abastecimento Conab","municipio":"Cambé","tipo":"Silo","cap_t":25800},"geometry":{"type":"Point","coordinates":[-51.29557,-23.27562]}},{"type":"Feature","properties":{"kind":"armazem_conab","nome":"Integrada Cooperativa Agroindustrial","municipio":"Cambé","tipo":"Bateria de Silos","cap_t":16510},"geometry":{"type":"Point","coordinates":[-51.2928,-23.27291]}},{"type":"Feature","properties":{"kind":"armazem_conab","nome":"Bussadori, Garcia & Cia Ltda","municipio":"Cambé","tipo":"Bateria de Silos","cap_t":23350},"geometry":{"type":"Point","coordinates":[-51.2888,-23.24718]}},{"type":"Feature","properties":{"kind":"armazem_conab","nome":"Coamo Agroindustrial Cooperativa","municipio":"Marilândia do Sul","tipo":"Bateria de Silos","cap_t":46520},"geometry":{"type":"Point","coordinates":[-51.28777,-23.73117]}},{"type":"Feature","properties":{"kind":"armazem_conab","nome":"Integrada Cooperativa Agroindustrial","municipio":"Cambé","tipo":"Bateria de Silos","cap_t":8110},"geometry":{"type":"Point","coordinates":[-51.2856,-23.19288]}},{"type":"Feature","properties":{"kind":"armazem_conab","nome":"Germina Producao e Com de Sementes S/a","municipio":"Marilândia do Sul","tipo":"Bateria de Silos","cap_t":1680},"geometry":{"type":"Point","coordinates":[-51.2813,-23.8236]}},{"type":"Feature","properties":{"kind":"armazem_conab","nome":"Germina Producao e Com de Sementes S/a","municipio":"Marilândia do Sul","tipo":"Convencional","cap_t":510},"geometry":{"type":"Point","coordinates":[-51.28107,-23.8224]}},{"type":"Feature","properties":{"kind":"armazem_conab","nome":"Belagricola Comercio e Representacoes de Produtos Agricolas S.a.","municipio":"Alvorada do Sul","tipo":"Bateria de Silos","cap_t":16480},"geometry":{"type":"Point","coordinates":[-51.27035,-22.77371]}},{"type":"Feature","properties":{"kind":"armazem_conab","nome":"Joao Itimura","municipio":"Alvorada do Sul","tipo":"Bateria de Silos","cap_t":2770},"geometry":{"type":"Point","coordinates":[-51.26999,-22.73705]}},{"type":"Feature","properties":{"kind":"armazem_conab","nome":"Bussadori, Garcia & Cia Ltda","municipio":"Alvorada do Sul","tipo":"Bateria de Silos","cap_t":8190},"geometry":{"type":"Point","coordinates":[-51.26996,-22.77491]}},{"type":"Feature","properties":{"kind":"armazem_conab","nome":"Odair Aparecido Favali","municipio":"Cambé","tipo":"Bateria de Silos","cap_t":920},"geometry":{"type":"Point","coordinates":[-51.26763,-23.27755]}},{"type":"Feature","properties":{"kind":"armazem_conab","nome":"Maria de Lourdes Coelho Bulle e Outros","municipio":"Londrina","tipo":"Bateria de Silos","cap_t":7130},"geometry":{"type":"Point","coordinates":[-51.26211,-23.48671]}},{"type":"Feature","properties":{"kind":"armazem_conab","nome":"Tres Pinheiros Agro Industrial Ltda","municipio":"Marilândia do Sul","tipo":"Bateria de Silos","cap_t":8080},"geometry":{"type":"Point","coordinates":[-51.25926,-23.85636]}},{"type":"Feature","properties":{"kind":"armazem_conab","nome":"Belagricola Comercio e Representacoes de Produtos Agricolas S.a.","municipio":"Mauá da Serra","tipo":"Bateria de Silos","cap_t":17800},"geometry":{"type":"Point","coordinates":[-51.25344,-23.87594]}},{"type":"Feature","properties":{"kind":"armazem_conab","nome":"Elio Morandin","municipio":"Cambé","tipo":"Bateria de Silos","cap_t":2480},"geometry":{"type":"Point","coordinates":[-51.24418,-23.13464]}},{"type":"Feature","properties":{"kind":"armazem_conab","nome":"Antônio Vieira Assunção","municipio":"Alvorada do Sul","tipo":"Bateria de Silos","cap_t":1610},"geometry":{"type":"Point","coordinates":[-51.24228,-22.77521]}},{"type":"Feature","properties":{"kind":"armazem_conab","nome":"Sl Cereais e Alimentos Ltda","municipio":"Marilândia do Sul","tipo":"Convencional","cap_t":990},"geometry":{"type":"Point","coordinates":[-51.23832,-23.88543]}},{"type":"Feature","properties":{"kind":"armazem_conab","nome":"Cocamar Cooperativa Agroindustrial","municipio":"Alvorada do Sul","tipo":"Graneleiro","cap_t":18000},"geometry":{"type":"Point","coordinates":[-51.23804,-22.78436]}},{"type":"Feature","properties":{"kind":"armazem_conab","nome":"Sl Cereais e Alimentos Ltda","municipio":"Marilândia do Sul","tipo":"Bateria de Silos","cap_t":12730},"geometry":{"type":"Point","coordinates":[-51.23796,-23.88542]}},{"type":"Feature","properties":{"kind":"armazem_conab","nome":"Cocamar Cooperativa Agroindustrial","municipio":"Alvorada do Sul","tipo":"Bateria de Silos","cap_t":11090},"geometry":{"type":"Point","coordinates":[-51.23767,-22.78432]}},{"type":"Feature","properties":{"kind":"armazem_conab","nome":"Sl Cereais e Alimentos Ltda","municipio":"Marilândia do Sul","tipo":"Bateria de Silos","cap_t":10260},"geometry":{"type":"Point","coordinates":[-51.23744,-23.8851]}},{"type":"Feature","properties":{"kind":"armazem_conab","nome":"Adram S/a Ind e Com","municipio":"Mauá da Serra","tipo":"Graneleiro","cap_t":15610},"geometry":{"type":"Point","coordinates":[-51.23698,-23.90507]}},{"type":"Feature","properties":{"kind":"armazem_conab","nome":"Integrada Cooperativa Agroindustrial","municipio":"Mauá da Serra","tipo":"Silo","cap_t":6160},"geometry":{"type":"Point","coordinates":[-51.23595,-23.9063]}},{"type":"Feature","properties":{"kind":"armazem_conab","nome":"Integrada Cooperativa Agroindustrial","municipio":"Mauá da Serra","tipo":"Bateria de Silos","cap_t":6110},"geometry":{"type":"Point","coordinates":[-51.23575,-23.90627]}},{"type":"Feature","properties":{"kind":"armazem_conab","nome":"Integrada Cooperativa Agroindustrial","municipio":"Mauá da Serra","tipo":"Bateria de Silos","cap_t":3680},"geometry":{"type":"Point","coordinates":[-51.23402,-23.90783]}},{"type":"Feature","properties":{"kind":"armazem_conab","nome":"Integrada Cooperativa Agroindustrial","municipio":"Mauá da Serra","tipo":"Bateria de Silos","cap_t":11760},"geometry":{"type":"Point","coordinates":[-51.23393,-23.90796]}},{"type":"Feature","properties":{"kind":"armazem_conab","nome":"Integrada Cooperativa Agroindustrial","municipio":"Londrina","tipo":"Bateria de Silos","cap_t":5390},"geometry":{"type":"Point","coordinates":[-51.23257,-23.4342]}},{"type":"Feature","properties":{"kind":"armazem_conab","nome":"Comercial Marchi Ltda.","municipio":"Cambé","tipo":"Bateria de Silos","cap_t":4990},"geometry":{"type":"Point","coordinates":[-51.23119,-23.29943]}},{"type":"Feature","properties":{"kind":"armazem_conab","nome":"Sementes Paraná Ltda","municipio":"Mauá da Serra","tipo":"Convencional","cap_t":5670},"geometry":{"type":"Point","coordinates":[-51.23095,-23.89088]}},{"type":"Feature","properties":{"kind":"armazem_conab","nome":"Integrada Cooperativa Agroindustrial","municipio":"Mauá da Serra","tipo":"Convencional","cap_t":4730},"geometry":{"type":"Point","coordinates":[-51.22773,-23.89219]}},{"type":"Feature","properties":{"kind":"armazem_conab","nome":"Integrada Cooperativa Agroindustrial","municipio":"Mauá da Serra","tipo":"Bateria de Silos","cap_t":2570},"geometry":{"type":"Point","coordinates":[-51.22725,-23.8924]}},{"type":"Feature","properties":{"kind":"armazem_conab","nome":"Integrada Cooperativa Agroindustrial","municipio":"Mauá da Serra","tipo":"Convencional","cap_t":8550},"geometry":{"type":"Point","coordinates":[-51.22721,-23.89282]}},{"type":"Feature","properties":{"kind":"armazem_conab","nome":"Att Armazenagem, Transporte e Transbordo Ltda","municipio":"Londrina","tipo":"Convencional","cap_t":4320},"geometry":{"type":"Point","coordinates":[-51.22605,-23.2811]}},{"type":"Feature","properties":{"kind":"armazem_conab","nome":"Att Armazenagem, Transporte e Transbordo Ltda","municipio":"Londrina","tipo":"Graneleiro","cap_t":7200},"geometry":{"type":"Point","coordinates":[-51.22567,-23.28057]}},{"type":"Feature","properties":{"kind":"armazem_conab","nome":"Att Armazenagem, Transporte e Transbordo Ltda","municipio":"Londrina","tipo":"Graneleiro","cap_t":10750},"geometry":{"type":"Point","coordinates":[-51.22549,-23.2803]}},{"type":"Feature","properties":{"kind":"armazem_conab","nome":"Att Armazenagem, Transporte e Transbordo Ltda","municipio":"Londrina","tipo":"Bateria de Silos","cap_t":8270},"geometry":{"type":"Point","coordinates":[-51.22505,-23.28006]}},{"type":"Feature","properties":{"kind":"armazem_conab","nome":"Antonio Carlos de Paula","municipio":"Marilândia do Sul","tipo":"Bateria de Silos","cap_t":7390},"geometry":{"type":"Point","coordinates":[-51.2232,-23.6857]}},{"type":"Feature","properties":{"kind":"armazem_conab","nome":"Semegrao Comercial Agricola Ltda","municipio":"Londrina","tipo":"Convencional","cap_t":500},"geometry":{"type":"Point","coordinates":[-51.22119,-23.27932]}},{"type":"Feature","properties":{"kind":"armazem_conab","nome":"Semegrao Comercial Agricola Ltda","municipio":"Londrina","tipo":"Convencional","cap_t":970},"geometry":{"type":"Point","coordinates":[-51.22081,-23.27935]}},{"type":"Feature","properties":{"kind":"armazem_conab","nome":"Semegrao Comercial Agricola Ltda","municipio":"Londrina","tipo":"Convencional","cap_t":5120},"geometry":{"type":"Point","coordinates":[-51.22062,-23.27998]}},{"type":"Feature","properties":{"kind":"armazem_conab","nome":"Semegrao Comercial Agricola Ltda","municipio":"Londrina","tipo":"Bateria de Silos","cap_t":2550},"geometry":{"type":"Point","coordinates":[-51.22036,-23.27936]}},{"type":"Feature","properties":{"kind":"armazem_conab","nome":"Semegrao Comercial Agricola Ltda","municipio":"Londrina","tipo":"Graneleiro","cap_t":11330},"geometry":{"type":"Point","coordinates":[-51.21994,-23.27934]}},{"type":"Feature","properties":{"kind":"armazem_conab","nome":"Sementes Maua Ltda","municipio":"Mauá da Serra","tipo":"Convencional","cap_t":10800},"geometry":{"type":"Point","coordinates":[-51.21865,-23.90559]}},{"type":"Feature","properties":{"kind":"armazem_conab","nome":"Sementes Maua Ltda","municipio":"Mauá da Serra","tipo":"Convencional","cap_t":7200},"geometry":{"type":"Point","coordinates":[-51.21852,-23.90554]}},{"type":"Feature","properties":{"kind":"armazem_conab","nome":"Bussadori, Garcia & Cia Ltda","municipio":"Bela Vista do Paraíso","tipo":"Bateria de Silos","cap_t":19930},"geometry":{"type":"Point","coordinates":[-51.2171,-22.95841]}},{"type":"Feature","properties":{"kind":"armazem_conab","nome":"Integrada Cooperativa Agroindustrial","municipio":"Londrina","tipo":"Graneleiro","cap_t":18690},"geometry":{"type":"Point","coordinates":[-51.21679,-23.28597]}},{"type":"Feature","properties":{"kind":"armazem_conab","nome":"Integrada Cooperativa Agroindustrial","municipio":"Londrina","tipo":"Graneleiro","cap_t":11660},"geometry":{"type":"Point","coordinates":[-51.21679,-23.28597]}},{"type":"Feature","properties":{"kind":"armazem_conab","nome":"Integrada Cooperativa Agroindustrial","municipio":"Londrina","tipo":"Silo","cap_t":1020},"geometry":{"type":"Point","coordinates":[-51.21679,-23.28597]}},{"type":"Feature","properties":{"kind":"armazem_conab","nome":"Integrada Cooperativa Agroindustrial","municipio":"Londrina","tipo":"Convencional","cap_t":4500},"geometry":{"type":"Point","coordinates":[-51.21679,-23.28597]}},{"type":"Feature","properties":{"kind":"armazem_conab","nome":"Integrada Cooperativa Agroindustrial","municipio":"Londrina","tipo":"Convencional","cap_t":6450},"geometry":{"type":"Point","coordinates":[-51.21679,-23.28597]}},{"type":"Feature","properties":{"kind":"armazem_conab","nome":"Integrada Cooperativa Agroindustrial","municipio":"Londrina","tipo":"Convencional","cap_t":2700},"geometry":{"type":"Point","coordinates":[-51.21679,-23.28597]}},{"type":"Feature","properties":{"kind":"armazem_conab","nome":"Integrada Cooperativa Agroindustrial","municipio":"Londrina","tipo":"Bateria de Silos","cap_t":2030},"geometry":{"type":"Point","coordinates":[-51.21679,-23.28577]}},{"type":"Feature","properties":{"kind":"armazem_conab","nome":"Sementes Maua Ltda","municipio":"Mauá da Serra","tipo":"Convencional","cap_t":6750},"geometry":{"type":"Point","coordinates":[-51.2167,-23.90547]}},{"type":"Feature","properties":{"kind":"armazem_conab","nome":"Sementes Maua Ltda","municipio":"Mauá da Serra","tipo":"Convencional","cap_t":9000},"geometry":{"type":"Point","coordinates":[-51.21669,-23.90373]}},{"type":"Feature","properties":{"kind":"armazem_conab","nome":"Vacir Favoreto e Outros","municipio":"Marilândia do Sul","tipo":"Bateria de Silos","cap_t":7460},"geometry":{"type":"Point","coordinates":[-51.2161,-23.7646]}},{"type":"Feature","properties":{"kind":"armazem_conab","nome":"Cia Cacique de Cafe Soluvel","municipio":"Londrina","tipo":"Convencional","cap_t":3500},"geometry":{"type":"Point","coordinates":[-51.2161,-23.28957]}},{"type":"Feature","properties":{"kind":"armazem_conab","nome":"Cia Cacique de Cafe Soluvel","municipio":"Londrina","tipo":"Bateria de Silos","cap_t":11960},"geometry":{"type":"Point","coordinates":[-51.2161,-23.28957]}},{"type":"Feature","properties":{"kind":"armazem_conab","nome":"Cia Cacique de Cafe Soluvel","municipio":"Londrina","tipo":"Bateria de Silos","cap_t":10090},"geometry":{"type":"Point","coordinates":[-51.2161,-23.28957]}},{"type":"Feature","properties":{"kind":"armazem_conab","nome":"Belagricola Comercio e Representacoes de Produtos Agricolas S.a.","municipio":"Bela Vista do Paraíso","tipo":"Bateria de Silos","cap_t":55040},"geometry":{"type":"Point","coordinates":[-51.21606,-22.96725]}},{"type":"Feature","properties":{"kind":"armazem_conab","nome":"Zubinteg Logistica S.a","municipio":"Londrina","tipo":"Graneleiro","cap_t":4280},"geometry":{"type":"Point","coordinates":[-51.20824,-23.28017]}},{"type":"Feature","properties":{"kind":"armazem_conab","nome":"Zubinteg Logistica S.a","municipio":"Londrina","tipo":"Graneleiro","cap_t":4280},"geometry":{"type":"Point","coordinates":[-51.20812,-23.28017]}},{"type":"Feature","properties":{"kind":"armazem_conab","nome":"Odebrecht Comercio e Industria de Cafe Ltda","municipio":"Londrina","tipo":"Convencional","cap_t":1780},"geometry":{"type":"Point","coordinates":[-51.20609,-23.19371]}},{"type":"Feature","properties":{"kind":"armazem_conab","nome":"Odebrecht Comercio e Industria de Cafe Ltda","municipio":"Londrina","tipo":"Convencional","cap_t":1690},"geometry":{"type":"Point","coordinates":[-51.20587,-23.19405]}},{"type":"Feature","properties":{"kind":"armazem_conab","nome":"J Macedo S/a","municipio":"Londrina","tipo":"Bateria de Silos","cap_t":4800},"geometry":{"type":"Point","coordinates":[-51.20582,-23.29588]}},{"type":"Feature","properties":{"kind":"armazem_conab","nome":"Semegrao Comercial Agricola Ltda","municipio":"Cambé","tipo":"Bateria de Silos","cap_t":32210},"geometry":{"type":"Point","coordinates":[-51.2029,-23.12053]}},{"type":"Feature","properties":{"kind":"armazem_conab","nome":"Odebrecht Comercio e Industria de Cafe Ltda","municipio":"Londrina","tipo":"Convencional","cap_t":2460},"geometry":{"type":"Point","coordinates":[-51.20155,-23.1198]}},{"type":"Feature","properties":{"kind":"armazem_conab","nome":"Antenor Gasparelli Filho","municipio":"Bela Vista do Paraíso","tipo":"Bateria de Silos","cap_t":16992},"geometry":{"type":"Point","coordinates":[-51.19542,-23.00976]}},{"type":"Feature","properties":{"kind":"armazem_conab","nome":"J C Golembiouski Cerealista Ltda","municipio":"Cândido de Abreu","tipo":"Convencional","cap_t":900},"geometry":{"type":"Point","coordinates":[-51.1951,-24.69129]}},{"type":"Feature","properties":{"kind":"armazem_conab","nome":"Cocamar Cooperativa Agroindustrial","municipio":"Bela Vista do Paraíso","tipo":"Bateria de Silos","cap_t":15630},"geometry":{"type":"Point","coordinates":[-51.19352,-23.01048]}},{"type":"Feature","properties":{"kind":"armazem_conab","nome":"Cocamar Cooperativa Agroindustrial","municipio":"Bela Vista do Paraíso","tipo":"Graneleiro","cap_t":3600},"geometry":{"type":"Point","coordinates":[-51.19352,-23.01048]}},{"type":"Feature","properties":{"kind":"armazem_conab","nome":"Bussadori, Garcia & Cia Ltda","municipio":"Londrina","tipo":"Bateria de Silos","cap_t":14010},"geometry":{"type":"Point","coordinates":[-51.19013,-23.59058]}},{"type":"Feature","properties":{"kind":"armazem_conab","nome":"Ricardo Gomes de Araujo","municipio":"Bela Vista do Paraíso","tipo":"Bateria de Silos","cap_t":1390},"geometry":{"type":"Point","coordinates":[-51.1871,-23.14199]}},{"type":"Feature","properties":{"kind":"armazem_conab","nome":"J A Pasquini & Cia Ltda","municipio":"Nova Esperança","tipo":"Convencional","cap_t":1800},"geometry":{"type":"Point","coordinates":[-51.18311,-23.17975]}},{"type":"Feature","properties":{"kind":"armazem_conab","nome":"José Massato Hara","municipio":"Primeiro de Maio","tipo":"Bateria de Silos","cap_t":1980},"geometry":{"type":"Point","coordinates":[-51.14791,-22.79849]}},{"type":"Feature","properties":{"kind":"armazem_conab","nome":"Belagricola Comercio e Representacoes de Produtos Agricolas S.a.","municipio":"Londrina","tipo":"Bateria de Silos","cap_t":34120},"geometry":{"type":"Point","coordinates":[-51.14152,-23.52385]}},{"type":"Feature","properties":{"kind":"armazem_conab","nome":"Bussadori, Garcia & Cia Ltda","municipio":"Londrina","tipo":"Bateria de Silos","cap_t":26490},"geometry":{"type":"Point","coordinates":[-51.13845,-23.40669]}},{"type":"Feature","properties":{"kind":"armazem_conab","nome":"Integrada Cooperativa Agroindustrial","municipio":"Londrina","tipo":"Convencional","cap_t":3980},"geometry":{"type":"Point","coordinates":[-51.13523,-23.41548]}},{"type":"Feature","properties":{"kind":"armazem_conab","nome":"Integrada Cooperativa Agroindustrial","municipio":"Londrina","tipo":"Convencional","cap_t":4500},"geometry":{"type":"Point","coordinates":[-51.13523,-23.41548]}},{"type":"Feature","properties":{"kind":"armazem_conab","nome":"Enar-emp Nacao de Arms Gerais Ltda","municipio":"Londrina","tipo":"Convencional","cap_t":10800},"geometry":{"type":"Point","coordinates":[-51.13218,-23.31517]}},{"type":"Feature","properties":{"kind":"armazem_conab","nome":"Cocamar Cooperativa Agroindustrial","municipio":"Londrina","tipo":"Bateria de Silos","cap_t":22420},"geometry":{"type":"Point","coordinates":[-51.13148,-23.47404]}},{"type":"Feature","properties":{"kind":"armazem_conab","nome":"Sementes Maua Ltda","municipio":"Mauá da Serra","tipo":"Convencional","cap_t":7200},"geometry":{"type":"Point","coordinates":[-51.13083,-23.54182]}},{"type":"Feature","properties":{"kind":"armazem_conab","nome":"Bussadori, Garcia & Cia Ltda","municipio":"Tamarana","tipo":"Bateria de Silos","cap_t":18980},"geometry":{"type":"Point","coordinates":[-51.12555,-23.70884]}},{"type":"Feature","properties":{"kind":"armazem_conab","nome":"Froes Agroindustrial Ltda","municipio":"Tamarana","tipo":"Bateria de Silos","cap_t":7370},"geometry":{"type":"Point","coordinates":[-51.1242,-23.72958]}},{"type":"Feature","properties":{"kind":"armazem_conab","nome":"Sementes Froes Ltda","municipio":"Tamarana","tipo":"Bateria de Silos","cap_t":8160},"geometry":{"type":"Point","coordinates":[-51.12398,-23.73072]}},{"type":"Feature","properties":{"kind":"armazem_conab","nome":"Integrada Cooperativa Agroindustrial","municipio":"Tamarana","tipo":"Bateria de Silos","cap_t":10770},"geometry":{"type":"Point","coordinates":[-51.12033,-23.70967]}},{"type":"Feature","properties":{"kind":"armazem_conab","nome":"Belagricola Comercio e Representacoes de Produtos Agricolas S.a.","municipio":"Tamarana","tipo":"Bateria de Silos","cap_t":34290},"geometry":{"type":"Point","coordinates":[-51.11997,-23.70575]}},{"type":"Feature","properties":{"kind":"armazem_conab","nome":"Cocamar Cooperativa Agroindustrial","municipio":"Tamarana","tipo":"Bateria de Silos","cap_t":7370},"geometry":{"type":"Point","coordinates":[-51.11319,-23.71367]}},{"type":"Feature","properties":{"kind":"armazem_conab","nome":"Dalfertil Comercio e Representacoes de Ins Agric Ltda - Epp","municipio":"União da Vitória","tipo":"Bateria de Silos","cap_t":4950},"geometry":{"type":"Point","coordinates":[-51.0621,-26.19808]}},{"type":"Feature","properties":{"kind":"armazem_conab","nome":"Valdemar Favoreto","municipio":"Sertanópolis","tipo":"Bateria de Silos","cap_t":5630},"geometry":{"type":"Point","coordinates":[-51.06195,-23.06302]}},{"type":"Feature","properties":{"kind":"armazem_conab","nome":"Cocamar Cooperativa Agroindustrial","municipio":"Ibiporã","tipo":"Bateria de Silos","cap_t":24290},"geometry":{"type":"Point","coordinates":[-51.05548,-23.20908]}},{"type":"Feature","properties":{"kind":"armazem_conab","nome":"Kgm Comercio e Representação de Produtos Agropecuários Ltda","municipio":"Sertanópolis","tipo":"Bateria de Silos","cap_t":9900},"geometry":{"type":"Point","coordinates":[-51.05266,-23.05585]}},{"type":"Feature","properties":{"kind":"armazem_conab","nome":"L.c.a-ind.e Com. de Produtos Alimenticios Ltda","municipio":"Sertanópolis","tipo":"Bateria de Silos","cap_t":22450},"geometry":{"type":"Point","coordinates":[-51.05034,-23.05389]}},{"type":"Feature","properties":{"kind":"armazem_conab","nome":"Cocamar Cooperativa Agroindustrial","municipio":"Sertanópolis","tipo":"Bateria de Silos","cap_t":8710},"geometry":{"type":"Point","coordinates":[-51.04883,-23.05495]}},{"type":"Feature","properties":{"kind":"armazem_conab","nome":"Seara-ind. e Comercio de Produtos Agro-pecuarios Ltda","municipio":"Ibiporã","tipo":"Bateria de Silos","cap_t":50900},"geometry":{"type":"Point","coordinates":[-51.04398,-23.20694]}},{"type":"Feature","properties":{"kind":"armazem_conab","nome":"Antônio Bersanetti","municipio":"Sertanópolis","tipo":"Bateria de Silos","cap_t":2418},"geometry":{"type":"Point","coordinates":[-51.04311,-23.06105]}},{"type":"Feature","properties":{"kind":"armazem_conab","nome":"Moinho Globo Alimentos S/a","municipio":"Sertanópolis","tipo":"Bateria de Silos","cap_t":40110},"geometry":{"type":"Point","coordinates":[-51.0403,-23.05113]}},{"type":"Feature","properties":{"kind":"armazem_conab","nome":"Bussadori, Garcia & Cia Ltda","municipio":"Primeiro de Maio","tipo":"Bateria de Silos","cap_t":21070},"geometry":{"type":"Point","coordinates":[-51.03931,-22.85942]}},{"type":"Feature","properties":{"kind":"armazem_conab","nome":"Belagricola Comercio e Representacoes de Produtos Agricolas S.a.","municipio":"Sertanópolis","tipo":"Chapï¿½u Chines","cap_t":12170},"geometry":{"type":"Point","coordinates":[-51.03897,-23.03743]}},{"type":"Feature","properties":{"kind":"armazem_conab","nome":"Belagricola Comercio e Representacoes de Produtos Agricolas S.a.","municipio":"Sertanópolis","tipo":"Chapï¿½u Chines","cap_t":12170},"geometry":{"type":"Point","coordinates":[-51.03897,-23.03743]}},{"type":"Feature","properties":{"kind":"armazem_conab","nome":"Belagricola Comercio e Representacoes de Produtos Agricolas S.a.","municipio":"Sertanópolis","tipo":"Bateria de Silos","cap_t":18270},"geometry":{"type":"Point","coordinates":[-51.03897,-23.03743]}},{"type":"Feature","properties":{"kind":"armazem_conab","nome":"Belagricola Comercio e Representacoes de Produtos Agricolas S.a.","municipio":"Primeiro de Maio","tipo":"Bateria de Silos","cap_t":6100},"geometry":{"type":"Point","coordinates":[-51.03822,-22.86109]}},{"type":"Feature","properties":{"kind":"armazem_conab","nome":"Belagricola Comercio e Representacoes de Produtos Agricolas S.a.","municipio":"Primeiro de Maio","tipo":"Chapï¿½u Chines","cap_t":13200},"geometry":{"type":"Point","coordinates":[-51.0379,-22.86219]}},{"type":"Feature","properties":{"kind":"armazem_conab","nome":"Bussadori, Garcia & Cia Ltda","municipio":"Sertanópolis","tipo":"Bateria de Silos","cap_t":19560},"geometry":{"type":"Point","coordinates":[-51.03668,-23.03872]}},{"type":"Feature","properties":{"kind":"armazem_conab","nome":"Cocamar Cooperativa Agroindustrial","municipio":"Primeiro de Maio","tipo":"Bateria de Silos","cap_t":12460},"geometry":{"type":"Point","coordinates":[-51.0353,-22.8567]}},{"type":"Feature","properties":{"kind":"armazem_conab","nome":"Cocamar Cooperativa Agroindustrial","municipio":"Primeiro de Maio","tipo":"Graneleiro","cap_t":28000},"geometry":{"type":"Point","coordinates":[-51.03465,-22.85588]}},{"type":"Feature","properties":{"kind":"armazem_conab","nome":"Belagricola Comercio e Representacoes de Produtos Agricolas S.a.","municipio":"Ibiporã","tipo":"Bateria de Silos","cap_t":23270},"geometry":{"type":"Point","coordinates":[-51.03194,-23.20235]}},{"type":"Feature","properties":{"kind":"armazem_conab","nome":"Integrada Cooperativa Agroindustrial","municipio":"Ibiporã","tipo":"Bateria de Silos","cap_t":8340},"geometry":{"type":"Point","coordinates":[-51.03177,-23.20385]}},{"type":"Feature","properties":{"kind":"armazem_conab","nome":"Vilela, Vilela & Cia Ltda","municipio":"Sertanópolis","tipo":"Bateria de Silos","cap_t":15060},"geometry":{"type":"Point","coordinates":[-51.02647,-23.02523]}},{"type":"Feature","properties":{"kind":"armazem_conab","nome":"Uniserta Comércio de Produtos Agropecuários S/a","municipio":"Sertanópolis","tipo":"Bateria de Silos","cap_t":16930},"geometry":{"type":"Point","coordinates":[-51.02471,-23.02385]}},{"type":"Feature","properties":{"kind":"armazem_conab","nome":"L.c.a-ind.e Com. de Produtos Alimenticios Ltda","municipio":"Sertanópolis","tipo":"Bateria de Silos","cap_t":7010},"geometry":{"type":"Point","coordinates":[-51.02126,-23.05166]}},{"type":"Feature","properties":{"kind":"armazem_conab","nome":"Semegrao Comercial Agricola Ltda","municipio":"Ibiporã","tipo":"Bateria de Silos","cap_t":16010},"geometry":{"type":"Point","coordinates":[-51.01902,-23.19621]}},{"type":"Feature","properties":{"kind":"armazem_conab","nome":"Superagro Comercio e Representação Agropecuaria Ltda","municipio":"União da Vitória","tipo":"Bateria de Silos","cap_t":2640},"geometry":{"type":"Point","coordinates":[-51.01074,-26.19579]}},{"type":"Feature","properties":{"kind":"armazem_conab","nome":"Pedro Favoreto","municipio":"Sertanópolis","tipo":"Bateria de Silos","cap_t":16040},"geometry":{"type":"Point","coordinates":[-51.00426,-23.01043]}},{"type":"Feature","properties":{"kind":"armazem_conab","nome":"Sipal Industria e Comercio Ltda","municipio":"Ibiporã","tipo":"Graneleiro","cap_t":32830},"geometry":{"type":"Point","coordinates":[-50.99982,-23.26496]}},{"type":"Feature","properties":{"kind":"armazem_conab","nome":"Cerealista Agibert Ltda","municipio":"Prudentópolis","tipo":"Convencional","cap_t":1620},"geometry":{"type":"Point","coordinates":[-50.9959,-25.1971]}},{"type":"Feature","properties":{"kind":"armazem_conab","nome":"Osvaldo Salamaia Junior Cereais Eireli","municipio":"Prudentópolis","tipo":"Convencional","cap_t":220},"geometry":{"type":"Point","coordinates":[-50.9907,-25.2048]}},{"type":"Feature","properties":{"kind":"armazem_conab","nome":"Osvaldo Salamaia Junior Cereais Eireli","municipio":"Prudentópolis","tipo":"Silo","cap_t":840},"geometry":{"type":"Point","coordinates":[-50.9906,-25.2053]}},{"type":"Feature","properties":{"kind":"armazem_conab","nome":"Osvaldo Salamaia Junior Cereais Eireli","municipio":"Prudentópolis","tipo":"Convencional","cap_t":570},"geometry":{"type":"Point","coordinates":[-50.9905,-25.2048]}},{"type":"Feature","properties":{"kind":"armazem_conab","nome":"Pietrobom & Cereais Ltda.","municipio":"Prudentópolis","tipo":"Convencional","cap_t":490},"geometry":{"type":"Point","coordinates":[-50.9901,-25.2047]}},{"type":"Feature","properties":{"kind":"armazem_conab","nome":"Sipal Industria e Comercio Ltda","municipio":"Ibiporã","tipo":"Chapï¿½u Chines","cap_t":23150},"geometry":{"type":"Point","coordinates":[-50.98982,-23.26496]}},{"type":"Feature","properties":{"kind":"armazem_conab","nome":"Cooperativa Agropecuaria Santa Fé","municipio":"Prudentópolis","tipo":"Convencional","cap_t":4280},"geometry":{"type":"Point","coordinates":[-50.9848,-25.2023]}},{"type":"Feature","properties":{"kind":"armazem_conab","nome":"Cooperativa Agricola Mista Prudentopolis","municipio":"Prudentópolis","tipo":"Bateria de Silos","cap_t":22750},"geometry":{"type":"Point","coordinates":[-50.9724,-25.1976]}},{"type":"Feature","properties":{"kind":"armazem_conab","nome":"Cooperativa Agricola Mista Prudentopolis","municipio":"Prudentópolis","tipo":"Bateria de Silos","cap_t":9310},"geometry":{"type":"Point","coordinates":[-50.9723,-25.1969]}},{"type":"Feature","properties":{"kind":"armazem_conab","nome":"Diniz Sementes e Defensivos Ltda.","municipio":"Prudentópolis","tipo":"Bateria de Silos","cap_t":10860},"geometry":{"type":"Point","coordinates":[-50.9694,-25.2001]}},{"type":"Feature","properties":{"kind":"armazem_conab","nome":"Diniz Sementes e Defensivos Ltda.","municipio":"Prudentópolis","tipo":"Bateria de Silos","cap_t":6410},"geometry":{"type":"Point","coordinates":[-50.9685,-25.2]}},{"type":"Feature","properties":{"kind":"armazem_conab","nome":"Diniz Sementes e Defensivos Ltda","municipio":"Prudentópolis","tipo":"Bateria de Silos","cap_t":7920},"geometry":{"type":"Point","coordinates":[-50.9543,-25.203]}},{"type":"Feature","properties":{"kind":"armazem_conab","nome":"Ind e Com de Cereais Baldissera Ltda","municipio":"Prudentópolis","tipo":"Convencional","cap_t":720},"geometry":{"type":"Point","coordinates":[-50.9542,-25.2036]}},{"type":"Feature","properties":{"kind":"armazem_conab","nome":"Ricardo João Germano de Geus","municipio":"Ortigueira","tipo":"Bateria de Silos","cap_t":2620},"geometry":{"type":"Point","coordinates":[-50.9461,-24.2024]}},{"type":"Feature","properties":{"kind":"armazem_conab","nome":"Cocari - Cooperativa Agropecuaria e Industrial","municipio":"Ortigueira","tipo":"Bateria de Silos","cap_t":11370},"geometry":{"type":"Point","coordinates":[-50.9438,-24.2121]}},{"type":"Feature","properties":{"kind":"armazem_conab","nome":"Willem Berend Bouwman","municipio":"Castro","tipo":"Bateria de Silos","cap_t":7120},"geometry":{"type":"Point","coordinates":[-50.9396,-24.79056]}},{"type":"Feature","properties":{"kind":"armazem_conab","nome":"Honorato Rodrigues da Cunha Filho e Outros","municipio":"Rancho Alegre","tipo":"Bateria de Silos","cap_t":5150},"geometry":{"type":"Point","coordinates":[-50.93451,-23.01854]}},{"type":"Feature","properties":{"kind":"armazem_conab","nome":"Honorato Rodrigues da Cunha Filho e Outros","municipio":"Rancho Alegre","tipo":"Bateria de Silos","cap_t":2360},"geometry":{"type":"Point","coordinates":[-50.93168,-23.04411]}},{"type":"Feature","properties":{"kind":"armazem_conab","nome":"Mercograos Importacao e Exportacao Ltda","municipio":"Paula Freitas","tipo":"Convencional","cap_t":570},"geometry":{"type":"Point","coordinates":[-50.93102,-26.19244]}},{"type":"Feature","properties":{"kind":"armazem_conab","nome":"Cooperativa Agroindustrial Alfa","municipio":"Paula Freitas","tipo":"Bateria de Silos","cap_t":9100},"geometry":{"type":"Point","coordinates":[-50.92155,-26.18042]}},{"type":"Feature","properties":{"kind":"armazem_conab","nome":"Integrada Cooperativa Agroindustrial","municipio":"Rancho Alegre","tipo":"Graneleiro","cap_t":5130},"geometry":{"type":"Point","coordinates":[-50.9209,-23.0762]}},{"type":"Feature","properties":{"kind":"armazem_conab","nome":"Integrada Cooperativa Agroindustrial","municipio":"Rancho Alegre","tipo":"Silo","cap_t":6160},"geometry":{"type":"Point","coordinates":[-50.9203,-23.0766]}},{"type":"Feature","properties":{"kind":"armazem_conab","nome":"Big Safra Sa","municipio":"Paula Freitas","tipo":"Convencional","cap_t":730},"geometry":{"type":"Point","coordinates":[-50.91826,-26.1796]}},{"type":"Feature","properties":{"kind":"armazem_conab","nome":"Big Safra Sa","municipio":"Paula Freitas","tipo":"Bateria de Silos","cap_t":1080},"geometry":{"type":"Point","coordinates":[-50.91793,-26.18009]}},{"type":"Feature","properties":{"kind":"armazem_conab","nome":"Big Safra Sa","municipio":"Paula Freitas","tipo":"Bateria de Silos","cap_t":7160},"geometry":{"type":"Point","coordinates":[-50.91769,-26.1801]}},{"type":"Feature","properties":{"kind":"armazem_conab","nome":"Marcos Antonio Pauluk","municipio":"Irati","tipo":"Bateria de Silos","cap_t":3640},"geometry":{"type":"Point","coordinates":[-50.89428,-25.39561]}},{"type":"Feature","properties":{"kind":"armazem_conab","nome":"Ezanin Graos & Insumos Ltda","municipio":"Sertaneja","tipo":"Graneleiro","cap_t":2760},"geometry":{"type":"Point","coordinates":[-50.89374,-22.98283]}},{"type":"Feature","properties":{"kind":"armazem_conab","nome":"Ezanin Graos & Insumos Ltda","municipio":"Sertaneja","tipo":"Bateria de Silos","cap_t":460},"geometry":{"type":"Point","coordinates":[-50.89368,-22.98304]}},{"type":"Feature","properties":{"kind":"armazem_conab","nome":"Ezanin Graos & Insumos Ltda","municipio":"Sertaneja","tipo":"Bateria de Silos","cap_t":1380},"geometry":{"type":"Point","coordinates":[-50.89362,-22.98318]}},{"type":"Feature","properties":{"kind":"armazem_conab","nome":"Pedro Neppel Filho Eireli","municipio":"Paula Freitas","tipo":"Bateria de Silos","cap_t":3670},"geometry":{"type":"Point","coordinates":[-50.88585,-26.16061]}},{"type":"Feature","properties":{"kind":"armazem_conab","nome":"Coamo Agroindustrial Cooperativa","municipio":"Reserva","tipo":"Bateria de Silos","cap_t":33980},"geometry":{"type":"Point","coordinates":[-50.8695,-24.6622]}},{"type":"Feature","properties":{"kind":"armazem_conab","nome":"Agro-cerealista Santo Izidro Ltda","municipio":"Reserva","tipo":"Bateria de Silos","cap_t":2390},"geometry":{"type":"Point","coordinates":[-50.8681,-24.8033]}},{"type":"Feature","properties":{"kind":"armazem_conab","nome":"Antonio Lobascz","municipio":"Reserva","tipo":"Bateria de Silos","cap_t":1970},"geometry":{"type":"Point","coordinates":[-50.8657,-24.645]}},{"type":"Feature","properties":{"kind":"armazem_conab","nome":"Comercio e Beneficiamento de Cereais Dalzoto Ltda","municipio":"Ivaí","tipo":"Convencional","cap_t":1350},"geometry":{"type":"Point","coordinates":[-50.8549,-25.0095]}},{"type":"Feature","properties":{"kind":"armazem_conab","nome":"Cooperativa Agricola Mista de Ponta Grossa","municipio":"Ivaí","tipo":"Graneleiro","cap_t":5850},"geometry":{"type":"Point","coordinates":[-50.8536,-25.0095]}},{"type":"Feature","properties":{"kind":"armazem_conab","nome":"Cooperativa Agricola Mista de Ponta Grossa","municipio":"Ivaí","tipo":"Silo","cap_t":4050},"geometry":{"type":"Point","coordinates":[-50.8536,-25.0092]}},{"type":"Feature","properties":{"kind":"armazem_conab","nome":"Lleonardo Baldissera e Cia Ltda","municipio":"Ivaí","tipo":"Bateria de Silos","cap_t":440},"geometry":{"type":"Point","coordinates":[-50.8525,-25.0124]}},{"type":"Feature","properties":{"kind":"armazem_conab","nome":"Bussadori, Garcia & Cia Ltda","municipio":"Assaí","tipo":"Bateria de Silos","cap_t":10000},"geometry":{"type":"Point","coordinates":[-50.85235,-23.37845]}},{"type":"Feature","properties":{"kind":"armazem_conab","nome":"Lleonardo Baldissera e Cia Ltda","municipio":"Ivaí","tipo":"Convencional","cap_t":890},"geometry":{"type":"Point","coordinates":[-50.8522,-25.0126]}},{"type":"Feature","properties":{"kind":"armazem_conab","nome":"Bussadori, Garcia & Cia Ltda","municipio":"Assaí","tipo":"Graneleiro","cap_t":12620},"geometry":{"type":"Point","coordinates":[-50.85203,-23.37829]}},{"type":"Feature","properties":{"kind":"armazem_conab","nome":"Bussadori, Garcia & Cia Ltda","municipio":"Assaí","tipo":"Bateria de Silos","cap_t":6050},"geometry":{"type":"Point","coordinates":[-50.85197,-23.37867]}},{"type":"Feature","properties":{"kind":"armazem_conab","nome":"Cocamar Cooperativa Agroindustrial","municipio":"Sertaneja","tipo":"Chapï¿½u Chines","cap_t":24000},"geometry":{"type":"Point","coordinates":[-50.84406,-22.99205]}},{"type":"Feature","properties":{"kind":"armazem_conab","nome":"Cocamar Cooperativa Agroindustrial","municipio":"Sertaneja","tipo":"Bateria de Silos","cap_t":5110},"geometry":{"type":"Point","coordinates":[-50.84339,-22.99256]}},{"type":"Feature","properties":{"kind":"armazem_conab","nome":"Cocamar Cooperativa Agroindustrial","municipio":"Sertaneja","tipo":"Bateria de Silos","cap_t":15080},"geometry":{"type":"Point","coordinates":[-50.84252,-22.99216]}},{"type":"Feature","properties":{"kind":"armazem_conab","nome":"Belagricola Comercio e Representacoes de Produtos Agricolas S.a.","municipio":"Sertaneja","tipo":"Bateria de Silos","cap_t":17800},"geometry":{"type":"Point","coordinates":[-50.84211,-22.97516]}},{"type":"Feature","properties":{"kind":"armazem_conab","nome":"Belagricola Comercio e Representacoes de Produtos Agricolas S.a.","municipio":"Sertaneja","tipo":"Chapï¿½u Chines","cap_t":27000},"geometry":{"type":"Point","coordinates":[-50.84205,-22.97455]}},{"type":"Feature","properties":{"kind":"armazem_conab","nome":"Alberto Jose Okonoski","municipio":"Prudentópolis","tipo":"Bateria de Silos","cap_t":4270},"geometry":{"type":"Point","coordinates":[-50.8381,-25.3697]}},{"type":"Feature","properties":{"kind":"armazem_conab","nome":"Cooperativa Agrícola Mista de Ponta Grossa","municipio":"Ivaí","tipo":"Bateria de Silos","cap_t":5540},"geometry":{"type":"Point","coordinates":[-50.8284,-25.0155]}},{"type":"Feature","properties":{"kind":"armazem_conab","nome":"Cocamar Cooperativa Agroindustrial","municipio":"Assaí","tipo":"Bateria de Silos","cap_t":34120},"geometry":{"type":"Point","coordinates":[-50.82437,-23.39901]}},{"type":"Feature","properties":{"kind":"armazem_conab","nome":"Agrobal - Indústria e Comércio Ltda","municipio":"Sertaneja","tipo":"Convencional","cap_t":430},"geometry":{"type":"Point","coordinates":[-50.82102,-23.03298]}},{"type":"Feature","properties":{"kind":"armazem_conab","nome":"Agroserto - Ind e Com de Sementes Ltda","municipio":"Sertaneja","tipo":"Convencional","cap_t":2160},"geometry":{"type":"Point","coordinates":[-50.81991,-23.04366]}},{"type":"Feature","properties":{"kind":"armazem_conab","nome":"Agroserto - Ind e Com de Sementes Ltda","municipio":"Sertaneja","tipo":"Graneleiro","cap_t":4100},"geometry":{"type":"Point","coordinates":[-50.81987,-23.04385]}},{"type":"Feature","properties":{"kind":"armazem_conab","nome":"Integrada Cooperativa Agroindustrial","municipio":"Assaí","tipo":"Bateria de Silos","cap_t":17550},"geometry":{"type":"Point","coordinates":[-50.81986,-23.39739]}},{"type":"Feature","properties":{"kind":"armazem_conab","nome":"Integrada Cooperativa Agroindustrial","municipio":"Assaí","tipo":"Graneleiro","cap_t":13330},"geometry":{"type":"Point","coordinates":[-50.81946,-23.39761]}},{"type":"Feature","properties":{"kind":"armazem_conab","nome":"Belagricola Comercio e Representacoes de Produtos Agricolas S.a.","municipio":"Assaí","tipo":"Bateria de Silos","cap_t":34000},"geometry":{"type":"Point","coordinates":[-50.80718,-23.39781]}},{"type":"Feature","properties":{"kind":"armazem_conab","nome":"Integrada Cooperativa Agroindustrial","municipio":"Uraí","tipo":"Bateria de Silos","cap_t":8080},"geometry":{"type":"Point","coordinates":[-50.80297,-23.19084]}},{"type":"Feature","properties":{"kind":"armazem_conab","nome":"Integrada Cooperativa Agroindustrial","municipio":"Uraí","tipo":"Silo","cap_t":980},"geometry":{"type":"Point","coordinates":[-50.80239,-23.19023]}},{"type":"Feature","properties":{"kind":"armazem_conab","nome":"Integrada Cooperativa Agroindustrial","municipio":"Uraí","tipo":"Silo","cap_t":2660},"geometry":{"type":"Point","coordinates":[-50.80224,-23.19033]}},{"type":"Feature","properties":{"kind":"armazem_conab","nome":"Integrada Cooperativa Agroindustrial","municipio":"Uraí","tipo":"Silo","cap_t":2990},"geometry":{"type":"Point","coordinates":[-50.80214,-23.18999]}},{"type":"Feature","properties":{"kind":"armazem_conab","nome":"Coop Agroindustrial Bom Jesus","municipio":"Paulo Frontin","tipo":"Graneleiro","cap_t":3930},"geometry":{"type":"Point","coordinates":[-50.80104,-26.06673]}},{"type":"Feature","properties":{"kind":"armazem_conab","nome":"Coop Agroindustrial Bom Jesus","municipio":"Paulo Frontin","tipo":"Silo","cap_t":590},"geometry":{"type":"Point","coordinates":[-50.80075,-26.06709]}},{"type":"Feature","properties":{"kind":"armazem_conab","nome":"Edimilson Roberto Ricki","municipio":"Ivaí","tipo":"Convencional","cap_t":1440},"geometry":{"type":"Point","coordinates":[-50.7938,-24.9421]}},{"type":"Feature","properties":{"kind":"armazem_conab","nome":"Edimilson Roberto Ricki","municipio":"Ivaí","tipo":"Graneleiro","cap_t":1530},"geometry":{"type":"Point","coordinates":[-50.7936,-24.9414]}},{"type":"Feature","properties":{"kind":"armazem_conab","nome":"Vilela, Vilela & Cia Ltda","municipio":"Uraí","tipo":"Bateria de Silos","cap_t":10220},"geometry":{"type":"Point","coordinates":[-50.79354,-23.19293]}},{"type":"Feature","properties":{"kind":"armazem_conab","nome":"Edimilson Roberto Ricki","municipio":"Ivaí","tipo":"Bateria de Silos","cap_t":10250},"geometry":{"type":"Point","coordinates":[-50.7933,-24.9417]}},{"type":"Feature","properties":{"kind":"armazem_conab","nome":"Sipal Industria e Comercio Ltda","municipio":"Santa Cecília do Pavão","tipo":"Graneleiro","cap_t":5260},"geometry":{"type":"Point","coordinates":[-50.7918,-23.5199]}},{"type":"Feature","properties":{"kind":"armazem_conab","nome":"Girardi & Paloschi Ltda.","municipio":"Rio Azul","tipo":"Bateria de Silos","cap_t":5670},"geometry":{"type":"Point","coordinates":[-50.7838,-25.7187]}},{"type":"Feature","properties":{"kind":"armazem_conab","nome":"Cocamar Cooperativa Agroindustrial","municipio":"São Sebastião da Amoreira","tipo":"Bateria de Silos","cap_t":12780},"geometry":{"type":"Point","coordinates":[-50.78336,-23.44728]}},{"type":"Feature","properties":{"kind":"armazem_conab","nome":"Cocamar Cooperativa Agroindustrial","municipio":"São Sebastião da Amoreira","tipo":"Bateria de Silos","cap_t":17070},"geometry":{"type":"Point","coordinates":[-50.78312,-23.44783]}},{"type":"Feature","properties":{"kind":"armazem_conab","nome":"Coop Agroindustrial Bom Jesus","municipio":"Paulo Frontin","tipo":"Bateria de Silos","cap_t":17520},"geometry":{"type":"Point","coordinates":[-50.78011,-26.08372]}},{"type":"Feature","properties":{"kind":"armazem_conab","nome":"Ponto Rural Com e Dist de Insumos Agrícolas Ltda","municipio":"São Sebastião da Amoreira","tipo":"Bateria de Silos","cap_t":12060},"geometry":{"type":"Point","coordinates":[-50.77745,-23.44551]}},{"type":"Feature","properties":{"kind":"armazem_conab","nome":"Integrada Cooperativa Agroindustrial","municipio":"Santa Cecília do Pavão","tipo":"Bateria de Silos","cap_t":11470},"geometry":{"type":"Point","coordinates":[-50.7749,-23.5541]}},{"type":"Feature","properties":{"kind":"armazem_conab","nome":"Cocamar Cooperativa Agroindustrial","municipio":"Santa Cecília do Pavão","tipo":"Bateria de Silos","cap_t":32790},"geometry":{"type":"Point","coordinates":[-50.7731,-23.5592]}},{"type":"Feature","properties":{"kind":"armazem_conab","nome":"Belagricola Comercio e Representacoes de Produtos Agricolas S.a.","municipio":"Santa Cecília do Pavão","tipo":"Bateria de Silos","cap_t":11370},"geometry":{"type":"Point","coordinates":[-50.7728,-23.5689]}},{"type":"Feature","properties":{"kind":"armazem_conab","nome":"Big Safra S/a","municipio":"Paulo Frontin","tipo":"Bateria de Silos","cap_t":17410},"geometry":{"type":"Point","coordinates":[-50.77217,-26.09369]}},{"type":"Feature","properties":{"kind":"armazem_conab","nome":"Dalfertil Comercio e Representacoes de Ins Agric Ltda - Epp","municipio":"Paulo Frontin","tipo":"Bateria de Silos","cap_t":5530},"geometry":{"type":"Point","coordinates":[-50.76445,-26.08627]}},{"type":"Feature","properties":{"kind":"armazem_conab","nome":"Frisia Cooperativa Agroindustrial","municipio":"Imbaú","tipo":"Bateria de Silos","cap_t":4610},"geometry":{"type":"Point","coordinates":[-50.7644,-24.4407]}},{"type":"Feature","properties":{"kind":"armazem_conab","nome":"Frisia Cooperativa Agroindustrial","municipio":"Imbaú","tipo":"Bateria de Silos","cap_t":9620},"geometry":{"type":"Point","coordinates":[-50.7644,-24.4404]}},{"type":"Feature","properties":{"kind":"armazem_conab","nome":"Frisia Cooperativa Agroindustrial","municipio":"Imbaú","tipo":"Bateria de Silos","cap_t":1810},"geometry":{"type":"Point","coordinates":[-50.7641,-24.4408]}},{"type":"Feature","properties":{"kind":"armazem_conab","nome":"Adilson Naylor Naiverth","municipio":"Imbituva","tipo":"Bateria de Silos","cap_t":3130},"geometry":{"type":"Point","coordinates":[-50.7639,-25.287]}},{"type":"Feature","properties":{"kind":"armazem_conab","nome":"Frisia Cooperativa Agroindustrial","municipio":"Imbaú","tipo":"Bateria de Silos","cap_t":1180},"geometry":{"type":"Point","coordinates":[-50.7637,-24.4405]}},{"type":"Feature","properties":{"kind":"armazem_conab","nome":"Jorge Ernesto Rickli","municipio":"Imbituva","tipo":"Bateria de Silos","cap_t":4460},"geometry":{"type":"Point","coordinates":[-50.7511,-25.3168]}},{"type":"Feature","properties":{"kind":"armazem_conab","nome":"Joao Alberto Piedade Pucci","municipio":"Ortigueira","tipo":"Bateria de Silos","cap_t":1730},"geometry":{"type":"Point","coordinates":[-50.7482,-24.2215]}},{"type":"Feature","properties":{"kind":"armazem_conab","nome":"Cocamar Cooperativa Agroindustrial","municipio":"São Jerônimo da Serra","tipo":"Bateria de Silos","cap_t":2830},"geometry":{"type":"Point","coordinates":[-50.7477,-23.712]}},{"type":"Feature","properties":{"kind":"armazem_conab","nome":"Vilela, Vilela & Cia Ltda","municipio":"São Jerônimo da Serra","tipo":"Bateria de Silos","cap_t":7660},"geometry":{"type":"Point","coordinates":[-50.7406,-23.7052]}},{"type":"Feature","properties":{"kind":"armazem_conab","nome":"Janagro Insumos Agricolas Ltda","municipio":"Paulo Frontin","tipo":"Bateria de Silos","cap_t":2220},"geometry":{"type":"Point","coordinates":[-50.73843,-26.06631]}},{"type":"Feature","properties":{"kind":"armazem_conab","nome":"Odair Vedovati e Outros","municipio":"São Jerônimo da Serra","tipo":"Bateria de Silos","cap_t":5030},"geometry":{"type":"Point","coordinates":[-50.7382,-23.704]}},{"type":"Feature","properties":{"kind":"armazem_conab","nome":"Odair Vedovati e Outros","municipio":"São Jerônimo da Serra","tipo":"Convencional","cap_t":3990},"geometry":{"type":"Point","coordinates":[-50.7382,-23.7056]}},{"type":"Feature","properties":{"kind":"armazem_conab","nome":"Sememntes Vedovati Ltda - Me","municipio":"São Jerônimo da Serra","tipo":"Convencional","cap_t":3090},"geometry":{"type":"Point","coordinates":[-50.7382,-23.7048]}},{"type":"Feature","properties":{"kind":"armazem_conab","nome":"Fazenda Vera Cruz Ltda","municipio":"Leópolis","tipo":"Bateria de Silos","cap_t":15710},"geometry":{"type":"Point","coordinates":[-50.72466,-23.01601]}},{"type":"Feature","properties":{"kind":"armazem_conab","nome":"Luiz Carlos Gibson e Filhos","municipio":"Imbaú","tipo":"Bateria de Silos","cap_t":3170},"geometry":{"type":"Point","coordinates":[-50.7213,-24.424]}},{"type":"Feature","properties":{"kind":"armazem_conab","nome":"Albina Maria Muller Carioba Arndt & Outros","municipio":"São Sebastião da Amoreira","tipo":"Graneleiro","cap_t":1200},"geometry":{"type":"Point","coordinates":[-50.71115,-23.47838]}},{"type":"Feature","properties":{"kind":"armazem_conab","nome":"Albina Maria Muller Carioba Arndt & Outros","municipio":"São Sebastião da Amoreira","tipo":"Bateria de Silos","cap_t":1290},"geometry":{"type":"Point","coordinates":[-50.71109,-23.47937]}},{"type":"Feature","properties":{"kind":"armazem_conab","nome":"Albina Maria Muller Carioba Arndt & Outros","municipio":"São Sebastião da Amoreira","tipo":"Bateria de Silos","cap_t":1200},"geometry":{"type":"Point","coordinates":[-50.71084,-23.47891]}},{"type":"Feature","properties":{"kind":"armazem_conab","nome":"Belagricola Comercio e Representacoes de Produtos Agricolas S.a.","municipio":"Cornélio Procópio","tipo":"Bateria de Silos","cap_t":5360},"geometry":{"type":"Point","coordinates":[-50.70074,-23.24236]}},{"type":"Feature","properties":{"kind":"armazem_conab","nome":"Joel Rickli","municipio":"Imbituva","tipo":"Bateria de Silos","cap_t":4640},"geometry":{"type":"Point","coordinates":[-50.6924,-25.2595]}},{"type":"Feature","properties":{"kind":"armazem_conab","nome":"Agropecuária Cerro Largo S/a","municipio":"Santo Antônio do Paraíso","tipo":"Bateria de Silos","cap_t":4560},"geometry":{"type":"Point","coordinates":[-50.66571,-23.56456]}},{"type":"Feature","properties":{"kind":"armazem_conab","nome":"Agrocomercial Lagoa Ltda","municipio":"Irati","tipo":"Bateria de Silos","cap_t":7630},"geometry":{"type":"Point","coordinates":[-50.6654,-25.4995]}},{"type":"Feature","properties":{"kind":"armazem_conab","nome":"Agrocomercial Lagoa Ltda","municipio":"Irati","tipo":"Convencional","cap_t":800},"geometry":{"type":"Point","coordinates":[-50.6653,-25.499]}},{"type":"Feature","properties":{"kind":"armazem_conab","nome":"Vilela, Vilela & Cia Ltda","municipio":"Leópolis","tipo":"Graneleiro","cap_t":3230},"geometry":{"type":"Point","coordinates":[-50.66145,-22.95781]}},{"type":"Feature","properties":{"kind":"armazem_conab","nome":"Vilela, Vilela & Cia Ltda","municipio":"Leópolis","tipo":"Bateria de Silos","cap_t":6400},"geometry":{"type":"Point","coordinates":[-50.66127,-22.95854]}},{"type":"Feature","properties":{"kind":"armazem_conab","nome":"La Gadens e Cia Ltda-epp","municipio":"Irati","tipo":"Bateria de Silos","cap_t":1160},"geometry":{"type":"Point","coordinates":[-50.6582,-25.5204]}},{"type":"Feature","properties":{"kind":"armazem_conab","nome":"Cerealista Malanski Ltda","municipio":"Irati","tipo":"Convencional","cap_t":1270},"geometry":{"type":"Point","coordinates":[-50.6552,-25.4711]}},{"type":"Feature","properties":{"kind":"armazem_conab","nome":"Integrada Cooperativa Agroindustrial","municipio":"Cornélio Procópio","tipo":"Graneleiro","cap_t":26240},"geometry":{"type":"Point","coordinates":[-50.65489,-23.19273]}},{"type":"Feature","properties":{"kind":"armazem_conab","nome":"Cerealista Malanski Ltda","municipio":"Irati","tipo":"Bateria de Silos","cap_t":1030},"geometry":{"type":"Point","coordinates":[-50.6546,-25.4712]}},{"type":"Feature","properties":{"kind":"armazem_conab","nome":"Coop Agroindustrial Bom Jesus","municipio":"Rebouças","tipo":"Graneleiro","cap_t":4910},"geometry":{"type":"Point","coordinates":[-50.6542,-25.6389]}},{"type":"Feature","properties":{"kind":"armazem_conab","nome":"Coop Agroindustrial Bom Jesus","municipio":"Rebouças","tipo":"Bateria de Silos","cap_t":14030},"geometry":{"type":"Point","coordinates":[-50.65375,-25.63868]}},{"type":"Feature","properties":{"kind":"armazem_conab","nome":"Integrada Cooperativa Agroindustrial","municipio":"Cornélio Procópio","tipo":"Graneleiro","cap_t":42860},"geometry":{"type":"Point","coordinates":[-50.65355,-23.19301]}},{"type":"Feature","properties":{"kind":"armazem_conab","nome":"Godoy & Fernandes Ltda Me","municipio":"Tibagi","tipo":"Bateria de Silos","cap_t":9310},"geometry":{"type":"Point","coordinates":[-50.6478,-24.6187]}},{"type":"Feature","properties":{"kind":"armazem_conab","nome":"S/a Moageira e Agric","municipio":"Irati","tipo":"Bateria de Silos","cap_t":6910},"geometry":{"type":"Point","coordinates":[-50.6429,-25.4646]}},{"type":"Feature","properties":{"kind":"armazem_conab","nome":"Vilela, Vilela & Cia Ltda","municipio":"Cornélio Procópio","tipo":"Graneleiro","cap_t":9000},"geometry":{"type":"Point","coordinates":[-50.63667,-23.19455]}},{"type":"Feature","properties":{"kind":"armazem_conab","nome":"Vilela, Vilela & Cia Ltda","municipio":"Cornélio Procópio","tipo":"Graneleiro","cap_t":10800},"geometry":{"type":"Point","coordinates":[-50.63657,-23.19464]}},{"type":"Feature","properties":{"kind":"armazem_conab","nome":"Vilela, Vilela & Cia Ltda","municipio":"Cornélio Procópio","tipo":"Graneleiro","cap_t":10200},"geometry":{"type":"Point","coordinates":[-50.63614,-23.19501]}},{"type":"Feature","properties":{"kind":"armazem_conab","nome":"Integrada Cooperativa Agroindustrial","municipio":"Cornélio Procópio","tipo":"Bateria de Silos","cap_t":18490},"geometry":{"type":"Point","coordinates":[-50.62883,-23.20541]}},{"type":"Feature","properties":{"kind":"armazem_conab","nome":"Louis Dreyfus Company Brasil S.a.","municipio":"Irati","tipo":"Bateria de Silos","cap_t":11880},"geometry":{"type":"Point","coordinates":[-50.6192,-25.4575]}},{"type":"Feature","properties":{"kind":"armazem_conab","nome":"Moageira Irati Cereais S/a","municipio":"Irati","tipo":"Bateria de Silos","cap_t":30660},"geometry":{"type":"Point","coordinates":[-50.61512,-25.45237]}},{"type":"Feature","properties":{"kind":"armazem_conab","nome":"Coop Agroindustrial Bom Jesus","municipio":"Irati","tipo":"Bateria de Silos","cap_t":13930},"geometry":{"type":"Point","coordinates":[-50.60939,-25.45795]}},{"type":"Feature","properties":{"kind":"armazem_conab","nome":"Coop Agroindustrial Bom Jesus","municipio":"Irati","tipo":"Silo","cap_t":9020},"geometry":{"type":"Point","coordinates":[-50.6084,-25.4579]}},{"type":"Feature","properties":{"kind":"armazem_conab","nome":"Agropecuária Água Branca Ltda","municipio":"Cornélio Procópio","tipo":"Bateria de Silos","cap_t":5630},"geometry":{"type":"Point","coordinates":[-50.60296,-23.29794]}},{"type":"Feature","properties":{"kind":"armazem_conab","nome":"Silvana Maria Hofig Ramos","municipio":"Cornélio Procópio","tipo":"Bateria de Silos","cap_t":13790},"geometry":{"type":"Point","coordinates":[-50.60296,-23.29794]}},{"type":"Feature","properties":{"kind":"armazem_conab","nome":"Oleoveg - Industria e Comércio de Óleos Vegetais Ltda","municipio":"Cornélio Procópio","tipo":"Graneleiro","cap_t":3070},"geometry":{"type":"Point","coordinates":[-50.59669,-23.14909]}},{"type":"Feature","properties":{"kind":"armazem_conab","nome":"Oleoveg - Industria e Comércio de Óleos Vegetais Ltda","municipio":"Cornélio Procópio","tipo":"Graneleiro","cap_t":19260},"geometry":{"type":"Point","coordinates":[-50.59631,-23.14836]}},{"type":"Feature","properties":{"kind":"armazem_conab","nome":"Cofco International Brasil S.a","municipio":"Imbituva","tipo":"Bateria de Silos","cap_t":17060},"geometry":{"type":"Point","coordinates":[-50.5957,-25.1793]}},{"type":"Feature","properties":{"kind":"armazem_conab","nome":"Vilela, Vilela & Cia Ltda","municipio":"Santa Mariana","tipo":"Bateria de Silos","cap_t":17300},"geometry":{"type":"Point","coordinates":[-50.59327,-22.96017]}},{"type":"Feature","properties":{"kind":"armazem_conab","nome":"Gerlindo Wutzke","municipio":"Ipiranga","tipo":"Bateria de Silos","cap_t":2710},"geometry":{"type":"Point","coordinates":[-50.5914,-25.0418]}},{"type":"Feature","properties":{"kind":"armazem_conab","nome":"Ind e Com de Cereais Baldissera Ltda","municipio":"Prudentópolis","tipo":"Convencional","cap_t":1395},"geometry":{"type":"Point","coordinates":[-50.59069,-25.12213]}},{"type":"Feature","properties":{"kind":"armazem_conab","nome":"Cerealista Agro Blum Ltda","municipio":"Ipiranga","tipo":"Convencional","cap_t":410},"geometry":{"type":"Point","coordinates":[-50.5876,-25.0255]}},{"type":"Feature","properties":{"kind":"armazem_conab","nome":"Industria e Comercio de Derivados do Milho 3r Ltda","municipio":"Rebouças","tipo":"Bateria de Silos","cap_t":2200},"geometry":{"type":"Point","coordinates":[-50.5863,-25.7525]}},{"type":"Feature","properties":{"kind":"armazem_conab","nome":"Manoel Retzlaff","municipio":"Rebouças","tipo":"Bateria de Silos","cap_t":2650},"geometry":{"type":"Point","coordinates":[-50.5856,-25.7532]}},{"type":"Feature","properties":{"kind":"armazem_conab","nome":"Cocamar Cooperativa Agroindustrial","municipio":"Santa Mariana","tipo":"Bateria de Silos","cap_t":13020},"geometry":{"type":"Point","coordinates":[-50.58552,-23.14579]}},{"type":"Feature","properties":{"kind":"armazem_conab","nome":"Frisia Cooperativa Agroindustrial","municipio":"Imbituva","tipo":"Bateria de Silos","cap_t":3540},"geometry":{"type":"Point","coordinates":[-50.5841,-25.2183]}},{"type":"Feature","properties":{"kind":"armazem_conab","nome":"Frisia Cooperativa Agroindustrial","municipio":"Imbituva","tipo":"Bateria de Silos","cap_t":18610},"geometry":{"type":"Point","coordinates":[-50.5836,-25.2188]}},{"type":"Feature","properties":{"kind":"armazem_conab","nome":"Ccv Agrocomercial Ltda","municipio":"Tibagi","tipo":"Bateria de Silos","cap_t":8760},"geometry":{"type":"Point","coordinates":[-50.5813,-24.7041]}},{"type":"Feature","properties":{"kind":"armazem_conab","nome":"Moageira Irati Cereais S/a","municipio":"Ipiranga","tipo":"Bateria de Silos","cap_t":15120},"geometry":{"type":"Point","coordinates":[-50.5758,-25.0123]}},{"type":"Feature","properties":{"kind":"armazem_conab","nome":"Moageira Irati Cereais S/a","municipio":"Ipiranga","tipo":"Convencional","cap_t":1350},"geometry":{"type":"Point","coordinates":[-50.5757,-25.0117]}},{"type":"Feature","properties":{"kind":"armazem_conab","nome":"Belagricola Comercio e Representacoes de Produtos Agricolas S.a.","municipio":"Sertaneja","tipo":"Chapï¿½u Chines","cap_t":26284},"geometry":{"type":"Point","coordinates":[-50.57523,-23.14423]}},{"type":"Feature","properties":{"kind":"armazem_conab","nome":"Belagricola Comercio e Representacoes de Produtos Agricolas S.a.","municipio":"Nova Fátima","tipo":"Bateria de Silos","cap_t":17800},"geometry":{"type":"Point","coordinates":[-50.57515,-23.40369]}},{"type":"Feature","properties":{"kind":"armazem_conab","nome":"Belagricola Comercio e Representacoes de Produtos Agricolas S.a.","municipio":"Santa Mariana","tipo":"Graneleiro","cap_t":27610},"geometry":{"type":"Point","coordinates":[-50.57419,-23.14397]}},{"type":"Feature","properties":{"kind":"armazem_conab","nome":"Ind e Com de Cereais Baldissera Ltda","municipio":"Prudentópolis","tipo":"Convencional","cap_t":7830},"geometry":{"type":"Point","coordinates":[-50.57126,-25.12058]}},{"type":"Feature","properties":{"kind":"armazem_conab","nome":"Ind e Com de Cereais Baldissera Ltda","municipio":"Prudentópolis","tipo":"Convencional","cap_t":2835},"geometry":{"type":"Point","coordinates":[-50.57121,-25.12081]}},{"type":"Feature","properties":{"kind":"armazem_conab","nome":"Vilela, Vilela & Cia Ltda","municipio":"Nova Fátima","tipo":"Bateria de Silos","cap_t":7990},"geometry":{"type":"Point","coordinates":[-50.56405,-23.44313]}},{"type":"Feature","properties":{"kind":"armazem_conab","nome":"Vilela, Vilela & Cia Ltda","municipio":"Nova Fátima","tipo":"Bateria de Silos","cap_t":15330},"geometry":{"type":"Point","coordinates":[-50.56388,-23.44636]}},{"type":"Feature","properties":{"kind":"armazem_conab","nome":"Orlando Von Der Osten","municipio":"Cornélio Procópio","tipo":"Bateria de Silos","cap_t":5740},"geometry":{"type":"Point","coordinates":[-50.56097,-23.18859]}},{"type":"Feature","properties":{"kind":"armazem_conab","nome":"Cia Florestal Guapiara","municipio":"Teixeira Soares","tipo":"Bateria de Silos","cap_t":6170},"geometry":{"type":"Point","coordinates":[-50.5533,-25.2437]}},{"type":"Feature","properties":{"kind":"armazem_conab","nome":"Semegrao Comercial Agricola Ltda","municipio":"Congonhinhas","tipo":"Bateria de Silos","cap_t":33440},"geometry":{"type":"Point","coordinates":[-50.55083,-23.51369]}},{"type":"Feature","properties":{"kind":"armazem_conab","nome":"Integrada Cooperativa Agroindustrial","municipio":"Congonhinhas","tipo":"Bateria de Silos","cap_t":14370},"geometry":{"type":"Point","coordinates":[-50.54294,-23.53658]}},{"type":"Feature","properties":{"kind":"armazem_conab","nome":"Integrada Cooperativa Agroindustrial","municipio":"Congonhinhas","tipo":"Bateria de Silos","cap_t":950},"geometry":{"type":"Point","coordinates":[-50.54261,-23.53535]}},{"type":"Feature","properties":{"kind":"armazem_conab","nome":"Sitio Alvorada Com. e Benef. de Cereais Ltda","municipio":"Imbituva","tipo":"Bateria de Silos","cap_t":11370},"geometry":{"type":"Point","coordinates":[-50.5402,-25.15779]}},{"type":"Feature","properties":{"kind":"armazem_conab","nome":"Sitio Alvorada Com. e Benef. de Cereais Ltda","municipio":"Imbituva","tipo":"Bateria de Silos","cap_t":2060},"geometry":{"type":"Point","coordinates":[-50.5393,-25.1577]}},{"type":"Feature","properties":{"kind":"armazem_conab","nome":"Sitio Alvorada Com. e Benef. de Cereais Ltda","municipio":"Imbituva","tipo":"Bateria de Silos","cap_t":22750},"geometry":{"type":"Point","coordinates":[-50.5385,-25.1576]}},{"type":"Feature","properties":{"kind":"armazem_conab","nome":"Xanadu Agricola e Comercial Ltda","municipio":"Fernandes Pinheiro","tipo":"Graneleiro","cap_t":1820},"geometry":{"type":"Point","coordinates":[-50.5353,-25.4356]}},{"type":"Feature","properties":{"kind":"armazem_conab","nome":"Xanadu Agricola e Comercial Ltda","municipio":"Fernandes Pinheiro","tipo":"Bateria de Silos","cap_t":8500},"geometry":{"type":"Point","coordinates":[-50.5351,-25.436]}},{"type":"Feature","properties":{"kind":"armazem_conab","nome":"Xanadu Agricola e Comercial Ltda","municipio":"Fernandes Pinheiro","tipo":"Convencional","cap_t":470},"geometry":{"type":"Point","coordinates":[-50.5351,-25.4356]}},{"type":"Feature","properties":{"kind":"armazem_conab","nome":"Ney Marques Moreira","municipio":"São Mateus do Sul","tipo":"Convencional","cap_t":1518},"geometry":{"type":"Point","coordinates":[-50.51667,-25.89344]}},{"type":"Feature","properties":{"kind":"armazem_conab","nome":"Ney Marques Moreira","municipio":"São Mateus do Sul","tipo":"Bateria de Silos","cap_t":600},"geometry":{"type":"Point","coordinates":[-50.51667,-25.89344]}},{"type":"Feature","properties":{"kind":"armazem_conab","nome":"Ney Marques Moreira","municipio":"São Mateus do Sul","tipo":"Bateria de Silos","cap_t":700},"geometry":{"type":"Point","coordinates":[-50.51667,-25.89344]}},{"type":"Feature","properties":{"kind":"armazem_conab","nome":"Cooperativa Agricola Mista de Ponta Grossa","municipio":"Ipiranga","tipo":"Bateria de Silos","cap_t":4200},"geometry":{"type":"Point","coordinates":[-50.5086,-25.0411]}},{"type":"Feature","properties":{"kind":"armazem_conab","nome":"Angela Menarin e Outros","municipio":"Piraí do Sul","tipo":"Bateria de Silos","cap_t":6690},"geometry":{"type":"Point","coordinates":[-50.50068,-24.32489]}},{"type":"Feature","properties":{"kind":"armazem_conab","nome":"Gil de Paula Xavier Moro","municipio":"Imbituva","tipo":"Bateria de Silos","cap_t":8010},"geometry":{"type":"Point","coordinates":[-50.4977,-25.1521]}},{"type":"Feature","properties":{"kind":"armazem_conab","nome":"Integrada Cooperativa Agroindustrial","municipio":"Santa Mariana","tipo":"Bateria de Silos","cap_t":10770},"geometry":{"type":"Point","coordinates":[-50.49399,-23.14333]}},{"type":"Feature","properties":{"kind":"armazem_conab","nome":"Levi Eidam","municipio":"Ortigueira","tipo":"Bateria de Silos","cap_t":3880},"geometry":{"type":"Point","coordinates":[-50.4897,-24.255]}},{"type":"Feature","properties":{"kind":"armazem_conab","nome":"S T M Com de Cereais Ltda","municipio":"Santa Mariana","tipo":"Bateria de Silos","cap_t":9950},"geometry":{"type":"Point","coordinates":[-50.48906,-23.13539]}},{"type":"Feature","properties":{"kind":"armazem_conab","nome":"Reinder Mattheus Barkema","municipio":"Tibagi","tipo":"Bateria de Silos","cap_t":2240},"geometry":{"type":"Point","coordinates":[-50.4758,-24.8324]}},{"type":"Feature","properties":{"kind":"armazem_conab","nome":"Frisia Cooperativa Agroindustrial","municipio":"Teixeira Soares","tipo":"Bateria de Silos","cap_t":17350},"geometry":{"type":"Point","coordinates":[-50.4688,-25.3934]}},{"type":"Feature","properties":{"kind":"armazem_conab","nome":"Sul Defensivos Agrícolas Ltda","municipio":"Teixeira Soares","tipo":"Graneleiro","cap_t":2260},"geometry":{"type":"Point","coordinates":[-50.4685,-25.3661]}},{"type":"Feature","properties":{"kind":"armazem_conab","nome":"Capal Cooperativa Agroindustrial","municipio":"Curiúva","tipo":"Bateria de Silos","cap_t":3720},"geometry":{"type":"Point","coordinates":[-50.4478,-24.0528]}},{"type":"Feature","properties":{"kind":"armazem_conab","nome":"Cerealista Maciel","municipio":"Tibagi","tipo":"Convencional","cap_t":1010},"geometry":{"type":"Point","coordinates":[-50.4409,-24.5268]}},{"type":"Feature","properties":{"kind":"armazem_conab","nome":"Belagricola Comercio e Representacoes de Produtos Agricolas S.a.","municipio":"Tibagi","tipo":"Bateria de Silos","cap_t":53310},"geometry":{"type":"Point","coordinates":[-50.44,-24.5213]}},{"type":"Feature","properties":{"kind":"armazem_conab","nome":"Ricardo João Germano de Geus","municipio":"Tibagi","tipo":"Bateria de Silos","cap_t":4270},"geometry":{"type":"Point","coordinates":[-50.44,-24.503]}},{"type":"Feature","properties":{"kind":"armazem_conab","nome":"São Pedro Beneficiamento de Cereais","municipio":"Tibagi","tipo":"Bateria de Silos","cap_t":900},"geometry":{"type":"Point","coordinates":[-50.4393,-24.52637]}},{"type":"Feature","properties":{"kind":"armazem_conab","nome":"Grão Valor Comercio e Beneficiamento de Cereais Ltda.","municipio":"Tibagi","tipo":"Bateria de Silos","cap_t":15210},"geometry":{"type":"Point","coordinates":[-50.43696,-24.5262]}},{"type":"Feature","properties":{"kind":"armazem_conab","nome":"Integrada Cooperativa Agroindustrial","municipio":"Santa Amélia","tipo":"Bateria de Silos","cap_t":5580},"geometry":{"type":"Point","coordinates":[-50.43297,-23.26665]}},{"type":"Feature","properties":{"kind":"armazem_conab","nome":"Edson Luiz Jacomel","municipio":"Teixeira Soares","tipo":"Convencional","cap_t":1080},"geometry":{"type":"Point","coordinates":[-50.4246,-25.4072]}},{"type":"Feature","properties":{"kind":"armazem_conab","nome":"Edson Luiz Jacomel","municipio":"Teixeira Soares","tipo":"Bateria de Silos","cap_t":2110},"geometry":{"type":"Point","coordinates":[-50.4245,-25.4073]}},{"type":"Feature","properties":{"kind":"armazem_conab","nome":"Yasushi Taji","municipio":"Santa Amélia","tipo":"Bateria de Silos","cap_t":5370},"geometry":{"type":"Point","coordinates":[-50.41892,-23.26268]}},{"type":"Feature","properties":{"kind":"armazem_conab","nome":"Frisia Cooperativa Agroindustrial","municipio":"Tibagi","tipo":"Bateria de Silos","cap_t":7920},"geometry":{"type":"Point","coordinates":[-50.41821,-24.50631]}},{"type":"Feature","properties":{"kind":"armazem_conab","nome":"Frisia Cooperativa Agroindustrial","municipio":"Tibagi","tipo":"Graneleiro","cap_t":18640},"geometry":{"type":"Point","coordinates":[-50.4179,-24.5063]}},{"type":"Feature","properties":{"kind":"armazem_conab","nome":"Frisia Cooperativa Agroindustrial","municipio":"Tibagi","tipo":"Silo","cap_t":270},"geometry":{"type":"Point","coordinates":[-50.4178,-24.5088]}},{"type":"Feature","properties":{"kind":"armazem_conab","nome":"Frisia Cooperativa Agroindustrial","municipio":"Tibagi","tipo":"Silo","cap_t":450},"geometry":{"type":"Point","coordinates":[-50.4177,-24.5086]}},{"type":"Feature","properties":{"kind":"armazem_conab","nome":"Frisia Cooperativa Agroindustrial","municipio":"Tibagi","tipo":"Bateria de Silos","cap_t":800},"geometry":{"type":"Point","coordinates":[-50.4176,-24.5068]}},{"type":"Feature","properties":{"kind":"armazem_conab","nome":"Frisia Cooperativa Agroindustrial","municipio":"Tibagi","tipo":"Bateria de Silos","cap_t":5880},"geometry":{"type":"Point","coordinates":[-50.4175,-24.5064]}},{"type":"Feature","properties":{"kind":"armazem_conab","nome":"Sidnei Alberti","municipio":"Tibagi","tipo":"Bateria de Silos","cap_t":26950},"geometry":{"type":"Point","coordinates":[-50.4162,-24.5243]}},{"type":"Feature","properties":{"kind":"armazem_conab","nome":"Marcos Alexandre Medyk","municipio":"Ponta Grossa","tipo":"Bateria de Silos","cap_t":1380},"geometry":{"type":"Point","coordinates":[-50.41601,-25.02974]}},{"type":"Feature","properties":{"kind":"armazem_conab","nome":"Frisia Cooperativa Agroindustrial","municipio":"Tibagi","tipo":"Bateria de Silos","cap_t":16850},"geometry":{"type":"Point","coordinates":[-50.4132,-24.5236]}},{"type":"Feature","properties":{"kind":"armazem_conab","nome":"Frisia Cooperativa Agroindustrial","municipio":"Tibagi","tipo":"Graneleiro","cap_t":17840},"geometry":{"type":"Point","coordinates":[-50.4126,-24.5225]}},{"type":"Feature","properties":{"kind":"armazem_conab","nome":"Nagano Kinzi Agropastoril Ltda","municipio":"São Mateus do Sul","tipo":"Bateria de Silos","cap_t":5400},"geometry":{"type":"Point","coordinates":[-50.4079,-26.0556]}},{"type":"Feature","properties":{"kind":"armazem_conab","nome":"Paulo Sérgio Assumpção","municipio":"Tibagi","tipo":"Bateria de Silos","cap_t":12950},"geometry":{"type":"Point","coordinates":[-50.40774,-24.6407]}},{"type":"Feature","properties":{"kind":"armazem_conab","nome":"Coop Agroindustrial Bom Jesus","municipio":"São Mateus do Sul","tipo":"Bateria de Silos","cap_t":13520},"geometry":{"type":"Point","coordinates":[-50.4044,-25.8724]}},{"type":"Feature","properties":{"kind":"armazem_conab","nome":"Integrada Cooperativa Agroindustrial","municipio":"Itambaracá","tipo":"Bateria de Silos","cap_t":5030},"geometry":{"type":"Point","coordinates":[-50.39932,-23.01411]}},{"type":"Feature","properties":{"kind":"armazem_conab","nome":"João Conrado Schmidt","municipio":"Ipiranga","tipo":"Bateria de Silos","cap_t":5360},"geometry":{"type":"Point","coordinates":[-50.3988,-25.0746]}},{"type":"Feature","properties":{"kind":"armazem_conab","nome":"Eraldo André Gebeluca","municipio":"Ponta Grossa","tipo":"Bateria de Silos","cap_t":1580},"geometry":{"type":"Point","coordinates":[-50.39734,-25.05034]}},{"type":"Feature","properties":{"kind":"armazem_conab","nome":"Vilela, Vilela & Cia Ltda","municipio":"Itambaracá","tipo":"Bateria de Silos","cap_t":11690},"geometry":{"type":"Point","coordinates":[-50.39641,-23.01389]}},{"type":"Feature","properties":{"kind":"armazem_conab","nome":"Integrada Cooperativa Agroindustrial","municipio":"Itambaracá","tipo":"Bateria de Silos","cap_t":12790},"geometry":{"type":"Point","coordinates":[-50.3962,-23.014]}},{"type":"Feature","properties":{"kind":"armazem_conab","nome":"Jorge Lachenski","municipio":"Ponta Grossa","tipo":"Bateria de Silos","cap_t":2750},"geometry":{"type":"Point","coordinates":[-50.39174,-25.04005]}},{"type":"Feature","properties":{"kind":"armazem_conab","nome":"Ivo Carlos Arnt","municipio":"Tibagi","tipo":"Silo","cap_t":440},"geometry":{"type":"Point","coordinates":[-50.3902,-24.4347]}},{"type":"Feature","properties":{"kind":"armazem_conab","nome":"Zanoni & Holzmann Ltda","municipio":"Itambaracá","tipo":"Bateria de Silos","cap_t":8040},"geometry":{"type":"Point","coordinates":[-50.38846,-23.01247]}},{"type":"Feature","properties":{"kind":"armazem_conab","nome":"Ricardo Bouwman","municipio":"Tibagi","tipo":"Bateria de Silos","cap_t":4070},"geometry":{"type":"Point","coordinates":[-50.3873,-24.5438]}},{"type":"Feature","properties":{"kind":"armazem_conab","nome":"Hilda Margriet Rabbers de Geus","municipio":"Tibagi","tipo":"Bateria de Silos","cap_t":1510},"geometry":{"type":"Point","coordinates":[-50.3835,-24.5021]}},{"type":"Feature","properties":{"kind":"armazem_conab","nome":"Willem Berend Bouwman","municipio":"Tibagi","tipo":"Bateria de Silos","cap_t":8360},"geometry":{"type":"Point","coordinates":[-50.3786,-24.5668]}},{"type":"Feature","properties":{"kind":"armazem_conab","nome":"Agroxisto Comercio e Representação Comercial Ltda","municipio":"São Mateus do Sul","tipo":"Bateria de Silos","cap_t":29310},"geometry":{"type":"Point","coordinates":[-50.3773,-25.8996]}},{"type":"Feature","properties":{"kind":"armazem_conab","nome":"Flavio Rudi de Geus","municipio":"Tibagi","tipo":"Graneleiro","cap_t":3700},"geometry":{"type":"Point","coordinates":[-50.3762,-24.5235]}},{"type":"Feature","properties":{"kind":"armazem_conab","nome":"Flavio Rudi de Geus","municipio":"Tibagi","tipo":"Bateria de Silos","cap_t":3890},"geometry":{"type":"Point","coordinates":[-50.3756,-24.5234]}},{"type":"Feature","properties":{"kind":"armazem_conab","nome":"Douglas Fanchin Taques Fonseca","municipio":"Tibagi","tipo":"Convencional","cap_t":11400},"geometry":{"type":"Point","coordinates":[-50.374,-24.644]}},{"type":"Feature","properties":{"kind":"armazem_conab","nome":"Lucio Christovam Furtado de Miranda","municipio":"Tibagi","tipo":"Graneleiro","cap_t":8880},"geometry":{"type":"Point","coordinates":[-50.3717,-24.6869]}},{"type":"Feature","properties":{"kind":"armazem_conab","nome":"Regina Maura Gasparetto Arnt","municipio":"Tibagi","tipo":"Bateria de Silos","cap_t":11060},"geometry":{"type":"Point","coordinates":[-50.3645,-24.4146]}},{"type":"Feature","properties":{"kind":"armazem_conab","nome":"Romeu Pedro da Silva","municipio":"Ponta Grossa","tipo":"Bateria de Silos","cap_t":1680},"geometry":{"type":"Point","coordinates":[-50.36445,-24.97818]}},{"type":"Feature","properties":{"kind":"armazem_conab","nome":"Romeu Pedro da Silva","municipio":"Ponta Grossa","tipo":"Convencional","cap_t":2540},"geometry":{"type":"Point","coordinates":[-50.36426,-24.97812]}},{"type":"Feature","properties":{"kind":"armazem_conab","nome":"Integrada Cooperativa Agroindustrial","municipio":"Bandeirantes","tipo":"Bateria de Silos","cap_t":6890},"geometry":{"type":"Point","coordinates":[-50.36358,-23.11829]}},{"type":"Feature","properties":{"kind":"armazem_conab","nome":"Hendrik Barkema","municipio":"Tibagi","tipo":"Bateria de Silos","cap_t":9520},"geometry":{"type":"Point","coordinates":[-50.3578,-24.5222]}},{"type":"Feature","properties":{"kind":"armazem_conab","nome":"Frangos Pioneiro Ind. e Com. de Alimentos Ltda.","municipio":"Ribeirão do Pinhal","tipo":"Bateria de Silos","cap_t":8300},"geometry":{"type":"Point","coordinates":[-50.35571,-23.39564]}},{"type":"Feature","properties":{"kind":"armazem_conab","nome":"Antonio Cezar Neves Hilgemberg","municipio":"Teixeira Soares","tipo":"Bateria de Silos","cap_t":4290},"geometry":{"type":"Point","coordinates":[-50.3496,-25.3248]}},{"type":"Feature","properties":{"kind":"armazem_conab","nome":"Integrada Cooperativa Agroindustrial","municipio":"Bandeirantes","tipo":"Bateria de Silos","cap_t":23440},"geometry":{"type":"Point","coordinates":[-50.34924,-23.14367]}},{"type":"Feature","properties":{"kind":"armazem_conab","nome":"Celso Antonio Franca Franco de Macedo","municipio":"Tibagi","tipo":"Bateria de Silos","cap_t":4340},"geometry":{"type":"Point","coordinates":[-50.34654,-24.90157]}},{"type":"Feature","properties":{"kind":"armazem_conab","nome":"Douglas Fanchin Taques Fonseca","municipio":"Tibagi","tipo":"Bateria de Silos","cap_t":1130},"geometry":{"type":"Point","coordinates":[-50.3462,-24.6613]}},{"type":"Feature","properties":{"kind":"armazem_conab","nome":"Nicolaas Johannes Biersteker","municipio":"Tibagi","tipo":"Bateria de Silos","cap_t":440},"geometry":{"type":"Point","coordinates":[-50.3457,-24.3831]}},{"type":"Feature","properties":{"kind":"armazem_conab","nome":"Coop Agroindustrial Bom Jesus","municipio":"São João do Triunfo","tipo":"Bateria de Silos","cap_t":19150},"geometry":{"type":"Point","coordinates":[-50.3426,-25.6954]}},{"type":"Feature","properties":{"kind":"armazem_conab","nome":"Vilela, Vilela & Cia Ltda","municipio":"Santa Amélia","tipo":"Bateria de Silos","cap_t":10220},"geometry":{"type":"Point","coordinates":[-50.34149,-23.28039]}},{"type":"Feature","properties":{"kind":"armazem_conab","nome":"Luiz Alberto Serenato","municipio":"Teixeira Soares","tipo":"Bateria de Silos","cap_t":1120},"geometry":{"type":"Point","coordinates":[-50.3335,-25.3263]}},{"type":"Feature","properties":{"kind":"armazem_conab","nome":"Luiz Renato Barros Correia","municipio":"Tibagi","tipo":"Bateria de Silos","cap_t":1630},"geometry":{"type":"Point","coordinates":[-50.3306,-24.4738]}},{"type":"Feature","properties":{"kind":"armazem_conab","nome":"Daniel Dianas Ribeiro e Outros","municipio":"Ponta Grossa","tipo":"Bateria de Silos","cap_t":2070},"geometry":{"type":"Point","coordinates":[-50.3262,-25.002]}},{"type":"Feature","properties":{"kind":"armazem_conab","nome":"Hinderikus Jan Borg","municipio":"Carambeí","tipo":"Convencional","cap_t":640},"geometry":{"type":"Point","coordinates":[-50.31324,-24.85877]}},{"type":"Feature","properties":{"kind":"armazem_conab","nome":"Hinderikus Jan Borg","municipio":"Carambeí","tipo":"Bateria de Silos","cap_t":2900},"geometry":{"type":"Point","coordinates":[-50.31308,-24.85842]}},{"type":"Feature","properties":{"kind":"armazem_conab","nome":"Licio Isfer","municipio":"Palmeira","tipo":"Graneleiro","cap_t":1050},"geometry":{"type":"Point","coordinates":[-50.31251,-25.49251]}},{"type":"Feature","properties":{"kind":"armazem_conab","nome":"Licio Isfer","municipio":"Palmeira","tipo":"Silo","cap_t":2830},"geometry":{"type":"Point","coordinates":[-50.31246,-25.49271]}},{"type":"Feature","properties":{"kind":"armazem_conab","nome":"Guilherme Frederico de Geus","municipio":"Tibagi","tipo":"Bateria de Silos","cap_t":6450},"geometry":{"type":"Point","coordinates":[-50.30617,-24.5405]}},{"type":"Feature","properties":{"kind":"armazem_conab","nome":"Guineto Sanson Ltda","municipio":"Palmeira","tipo":"Silo","cap_t":450},"geometry":{"type":"Point","coordinates":[-50.29862,-25.50991]}},{"type":"Feature","properties":{"kind":"armazem_conab","nome":"Celso Macedo Kossatz","municipio":"Ponta Grossa","tipo":"Bateria de Silos","cap_t":5390},"geometry":{"type":"Point","coordinates":[-50.2964,-25.034]}},{"type":"Feature","properties":{"kind":"armazem_conab","nome":"Celso Macedo Kossatz","municipio":"Ponta Grossa","tipo":"Bateria de Silos","cap_t":5560},"geometry":{"type":"Point","coordinates":[-50.2959,-25.0336]}},{"type":"Feature","properties":{"kind":"armazem_conab","nome":"Haroldo Bernardo de Geus","municipio":"Carambeí","tipo":"Graneleiro","cap_t":1860},"geometry":{"type":"Point","coordinates":[-50.28815,-24.9006]}},{"type":"Feature","properties":{"kind":"armazem_conab","nome":"Haroldo Bernardo de Geus","municipio":"Carambeí","tipo":"Bateria de Silos","cap_t":3240},"geometry":{"type":"Point","coordinates":[-50.28776,-24.90075]}},{"type":"Feature","properties":{"kind":"armazem_conab","nome":"Mariza Slevtjz Kiers","municipio":"Ponta Grossa","tipo":"Bateria de Silos","cap_t":1820},"geometry":{"type":"Point","coordinates":[-50.2756,-25.0148]}},{"type":"Feature","properties":{"kind":"armazem_conab","nome":"Nicolaas J Biersteker e Outros","municipio":"Tibagi","tipo":"Bateria de Silos","cap_t":940},"geometry":{"type":"Point","coordinates":[-50.27,-24.426]}},{"type":"Feature","properties":{"kind":"armazem_conab","nome":"Gaspar João de Geus","municipio":"Carambeí","tipo":"Bateria de Silos","cap_t":2130},"geometry":{"type":"Point","coordinates":[-50.26995,-24.90158]}},{"type":"Feature","properties":{"kind":"armazem_conab","nome":"Integrada Cooperativa Agroindustrial","municipio":"Andirá","tipo":"Bateria de Silos","cap_t":30820},"geometry":{"type":"Point","coordinates":[-50.26265,-23.02883]}},{"type":"Feature","properties":{"kind":"armazem_conab","nome":"Rivadavia Fiorillo Menarim","municipio":"Ventania","tipo":"Bateria de Silos","cap_t":3200},"geometry":{"type":"Point","coordinates":[-50.2625,-24.3364]}},{"type":"Feature","properties":{"kind":"armazem_conab","nome":"Walter Riu Tsuneto","municipio":"Ponta Grossa","tipo":"Silo","cap_t":960},"geometry":{"type":"Point","coordinates":[-50.25034,-25.04115]}},{"type":"Feature","properties":{"kind":"armazem_conab","nome":"Agopecuária Majuara Ltda - Me","municipio":"Ventania","tipo":"Bateria de Silos","cap_t":5180},"geometry":{"type":"Point","coordinates":[-50.2497,-24.2627]}},{"type":"Feature","properties":{"kind":"armazem_conab","nome":"Norbert Hennipman","municipio":"Ponta Grossa","tipo":"Bateria de Silos","cap_t":1390},"geometry":{"type":"Point","coordinates":[-50.2493,-24.9713]}},{"type":"Feature","properties":{"kind":"armazem_conab","nome":"Integrada Cooperativa Agroindustrial","municipio":"Andirá","tipo":"Bateria de Silos","cap_t":22310},"geometry":{"type":"Point","coordinates":[-50.24886,-23.05581]}},{"type":"Feature","properties":{"kind":"armazem_conab","nome":"Indústria e Comércio de Produtos Agrícolas Menossi Ltda","municipio":"Andirá","tipo":"Bateria de Silos","cap_t":16680},"geometry":{"type":"Point","coordinates":[-50.24603,-23.05431]}},{"type":"Feature","properties":{"kind":"armazem_conab","nome":"Orlando Von Der Osten","municipio":"Tibagi","tipo":"Bateria de Silos","cap_t":8720},"geometry":{"type":"Point","coordinates":[-50.2453,-24.6798]}},{"type":"Feature","properties":{"kind":"armazem_conab","nome":"Alaor Souza Taques","municipio":"Ventania","tipo":"Bateria de Silos","cap_t":1890},"geometry":{"type":"Point","coordinates":[-50.2415,-24.267]}},{"type":"Feature","properties":{"kind":"armazem_conab","nome":"Juliano Alegrete Zanoni","municipio":"Ventania","tipo":"Bateria de Silos","cap_t":8320},"geometry":{"type":"Point","coordinates":[-50.2411,-24.3798]}},{"type":"Feature","properties":{"kind":"armazem_conab","nome":"Marcos Frederico Fiorillo Menarim e Filhos","municipio":"Ventania","tipo":"Bateria de Silos","cap_t":9360},"geometry":{"type":"Point","coordinates":[-50.2346,-24.2949]}},{"type":"Feature","properties":{"kind":"armazem_conab","nome":"Marcos Frederico Fiorillo Menarim e Filhos","municipio":"Ventania","tipo":"Bateria de Silos","cap_t":2140},"geometry":{"type":"Point","coordinates":[-50.2346,-24.2949]}},{"type":"Feature","properties":{"kind":"armazem_conab","nome":"Ricardo Menarim e Outros","municipio":"Ventania","tipo":"Bateria de Silos","cap_t":1260},"geometry":{"type":"Point","coordinates":[-50.2345,-24.2945]}},{"type":"Feature","properties":{"kind":"armazem_conab","nome":"Marcos Frederico Fiorillo Menarim e Filhos","municipio":"Ventania","tipo":"Convencional","cap_t":1454},"geometry":{"type":"Point","coordinates":[-50.2342,-24.2954]}},{"type":"Feature","properties":{"kind":"armazem_conab","nome":"Marcos Frederico Fiorillo Menarim e Filhos","municipio":"Ventania","tipo":"Convencional","cap_t":5520},"geometry":{"type":"Point","coordinates":[-50.23416,-24.2949]}},{"type":"Feature","properties":{"kind":"armazem_conab","nome":"Integrada Cooperativa Agroindustrial","municipio":"Andirá","tipo":"Bateria de Silos","cap_t":10050},"geometry":{"type":"Point","coordinates":[-50.22998,-23.04257]}},{"type":"Feature","properties":{"kind":"armazem_conab","nome":"Vilela, Vilela & Cia Ltda","municipio":"Ibaiti","tipo":"Bateria de Silos","cap_t":14700},"geometry":{"type":"Point","coordinates":[-50.2294,-23.85912]}},{"type":"Feature","properties":{"kind":"armazem_conab","nome":"Vilela, Vilela & Cia Ltda","municipio":"Andirá","tipo":"Bateria de Silos","cap_t":10380},"geometry":{"type":"Point","coordinates":[-50.22741,-23.06169]}},{"type":"Feature","properties":{"kind":"armazem_conab","nome":"Gilberto Van Den Boogard","municipio":"Carambeí","tipo":"Bateria de Silos","cap_t":2120},"geometry":{"type":"Point","coordinates":[-50.22544,-24.87784]}},{"type":"Feature","properties":{"kind":"armazem_conab","nome":"Indústrias João Nascimento S/a","municipio":"Ponta Grossa","tipo":"Silo","cap_t":510},"geometry":{"type":"Point","coordinates":[-50.2217,-25.0598]}},{"type":"Feature","properties":{"kind":"armazem_conab","nome":"Indústrias João Nascimento S/a","municipio":"Ponta Grossa","tipo":"Convencional","cap_t":4220},"geometry":{"type":"Point","coordinates":[-50.2215,-25.0604]}},{"type":"Feature","properties":{"kind":"armazem_conab","nome":"Arthur Ferreira dos Santos Neto","municipio":"Carambeí","tipo":"Bateria de Silos","cap_t":9150},"geometry":{"type":"Point","coordinates":[-50.22118,-24.78518]}},{"type":"Feature","properties":{"kind":"armazem_conab","nome":"Indústrias João Nascimento S/a","municipio":"Ponta Grossa","tipo":"Graneleiro","cap_t":12600},"geometry":{"type":"Point","coordinates":[-50.2211,-25.0601]}},{"type":"Feature","properties":{"kind":"armazem_conab","nome":"Indústrias João Nascimento S/a","municipio":"Ponta Grossa","tipo":"Bateria de Silos","cap_t":4960},"geometry":{"type":"Point","coordinates":[-50.2209,-25.06]}},{"type":"Feature","properties":{"kind":"armazem_conab","nome":"Fazenda Santa Carlota Agropecuária Ltda","municipio":"Ponta Grossa","tipo":"Bateria de Silos","cap_t":12380},"geometry":{"type":"Point","coordinates":[-50.21154,-25.36396]}},{"type":"Feature","properties":{"kind":"armazem_conab","nome":"Castrolanda - Cooperativa Agroindustrial Ltda","municipio":"Ventania","tipo":"Bateria de Silos","cap_t":35960},"geometry":{"type":"Point","coordinates":[-50.2083,-24.2802]}},{"type":"Feature","properties":{"kind":"armazem_conab","nome":"Luiz Carlos Cunha Zanoni","municipio":"Ventania","tipo":"Bateria de Silos","cap_t":3050},"geometry":{"type":"Point","coordinates":[-50.20486,-24.39807]}},{"type":"Feature","properties":{"kind":"armazem_conab","nome":"Alexandre Rossato","municipio":"Ventania","tipo":"Bateria de Silos","cap_t":8270},"geometry":{"type":"Point","coordinates":[-50.2048,-24.3978]}},{"type":"Feature","properties":{"kind":"armazem_conab","nome":"Luiz Carlos Cunha Zanoni","municipio":"Ventania","tipo":"Convencional","cap_t":960},"geometry":{"type":"Point","coordinates":[-50.20462,-24.39738]}},{"type":"Feature","properties":{"kind":"armazem_conab","nome":"Bussadori, Garcia & Cia Ltda","municipio":"Ibaiti","tipo":"Graneleiro","cap_t":9580},"geometry":{"type":"Point","coordinates":[-50.2027,-23.8691]}},{"type":"Feature","properties":{"kind":"armazem_conab","nome":"Massimo Lupion Taques","municipio":"Ventania","tipo":"Bateria de Silos","cap_t":2530},"geometry":{"type":"Point","coordinates":[-50.2008,-24.3904]}},{"type":"Feature","properties":{"kind":"armazem_conab","nome":"Rosa Elisabeth de Rooy","municipio":"Carambeí","tipo":"Bateria de Silos","cap_t":930},"geometry":{"type":"Point","coordinates":[-50.20005,-24.91349]}},{"type":"Feature","properties":{"kind":"armazem_conab","nome":"Frisia Cooperativa Agroindustrial","municipio":"Tibagi","tipo":"Bateria de Silos","cap_t":25920},"geometry":{"type":"Point","coordinates":[-50.2,-24.3]}},{"type":"Feature","properties":{"kind":"armazem_conab","nome":"Integrada Cooperativa Agroindustrial","municipio":"Barra do Jacaré","tipo":"Bateria de Silos","cap_t":5570},"geometry":{"type":"Point","coordinates":[-50.18749,-23.1227]}},{"type":"Feature","properties":{"kind":"armazem_conab","nome":"Café Lontrinha Ltda","municipio":"Ponta Grossa","tipo":"Convencional","cap_t":520},"geometry":{"type":"Point","coordinates":[-50.18334,-25.08398]}},{"type":"Feature","properties":{"kind":"armazem_conab","nome":"Integrada Cooperativa Agroindustrial","municipio":"Ibaiti","tipo":"Bateria de Silos","cap_t":22140},"geometry":{"type":"Point","coordinates":[-50.1805,-23.8131]}},{"type":"Feature","properties":{"kind":"armazem_conab","nome":"Integrada Cooperativa Agroindustrial","municipio":"Barra do Jacaré","tipo":"Bateria de Silos","cap_t":5670},"geometry":{"type":"Point","coordinates":[-50.17915,-23.10881]}},{"type":"Feature","properties":{"kind":"armazem_conab","nome":"Pontarollo Comercio de Cereais Ltda-epp","municipio":"Ponta Grossa","tipo":"Convencional","cap_t":3490},"geometry":{"type":"Point","coordinates":[-50.17667,-25.1399]}},{"type":"Feature","properties":{"kind":"armazem_conab","nome":"Pontarollo Comercio de Cereais Ltda-epp","municipio":"Ponta Grossa","tipo":"Convencional","cap_t":1260},"geometry":{"type":"Point","coordinates":[-50.1766,-25.1406]}},{"type":"Feature","properties":{"kind":"armazem_conab","nome":"Milano Cereais Ltda","municipio":"Ponta Grossa","tipo":"Bateria de Silos","cap_t":560},"geometry":{"type":"Point","coordinates":[-50.17564,-25.05063]}},{"type":"Feature","properties":{"kind":"armazem_conab","nome":"Milano Cereais Ltda","municipio":"Ponta Grossa","tipo":"Convencional","cap_t":1670},"geometry":{"type":"Point","coordinates":[-50.17545,-25.05028]}},{"type":"Feature","properties":{"kind":"armazem_conab","nome":"Kiyoshi Takano","municipio":"Santo Antônio da Platina","tipo":"Bateria de Silos","cap_t":560},"geometry":{"type":"Point","coordinates":[-50.1747,-23.13819]}},{"type":"Feature","properties":{"kind":"armazem_conab","nome":"Gorte Armazéns Gerais Ltda","municipio":"Ponta Grossa","tipo":"Graneleiro","cap_t":3710},"geometry":{"type":"Point","coordinates":[-50.16887,-25.13043]}},{"type":"Feature","properties":{"kind":"armazem_conab","nome":"Gorte Armazéns Gerais Ltda","municipio":"Ponta Grossa","tipo":"Bateria de Silos","cap_t":5190},"geometry":{"type":"Point","coordinates":[-50.16879,-25.1307]}},{"type":"Feature","properties":{"kind":"armazem_conab","nome":"Paulo Cezar Tonor","municipio":"Piraí do Sul","tipo":"Bateria de Silos","cap_t":1050},"geometry":{"type":"Point","coordinates":[-50.15609,-24.39396]}},{"type":"Feature","properties":{"kind":"armazem_conab","nome":"Paulo Cezar Tonor","municipio":"Piraí do Sul","tipo":"Bateria de Silos","cap_t":590},"geometry":{"type":"Point","coordinates":[-50.15574,-24.39302]}},{"type":"Feature","properties":{"kind":"armazem_conab","nome":"Newton Merlin Camargo","municipio":"Palmeira","tipo":"Bateria de Silos","cap_t":950},"geometry":{"type":"Point","coordinates":[-50.15439,-25.38495]}},{"type":"Feature","properties":{"kind":"armazem_conab","nome":"Paulo Cezar Tonor","municipio":"Piraí do Sul","tipo":"Convencional","cap_t":760},"geometry":{"type":"Point","coordinates":[-50.15191,-24.3935]}},{"type":"Feature","properties":{"kind":"armazem_conab","nome":"Moinho Cidade Bella Ltda","municipio":"Ponta Grossa","tipo":"Bateria de Silos","cap_t":13930},"geometry":{"type":"Point","coordinates":[-50.1498,-25.1266]}},{"type":"Feature","properties":{"kind":"armazem_conab","nome":"Moinho Cidade Bella Ltda","municipio":"Ponta Grossa","tipo":"Bateria de Silos","cap_t":6280},"geometry":{"type":"Point","coordinates":[-50.1495,-25.127]}},{"type":"Feature","properties":{"kind":"armazem_conab","nome":"Ft Prod e Com de Sementes Ltda","municipio":"Ponta Grossa","tipo":"Bateria de Silos","cap_t":6450},"geometry":{"type":"Point","coordinates":[-50.1488,-25.1716]}},{"type":"Feature","properties":{"kind":"armazem_conab","nome":"Francisco Terasawa","municipio":"Ponta Grossa","tipo":"Convencional","cap_t":2420},"geometry":{"type":"Point","coordinates":[-50.1486,-25.17083]}},{"type":"Feature","properties":{"kind":"armazem_conab","nome":"Francisco Terasawa","municipio":"Ponta Grossa","tipo":"Convencional","cap_t":2250},"geometry":{"type":"Point","coordinates":[-50.1486,-25.1708]}},{"type":"Feature","properties":{"kind":"armazem_conab","nome":"Bussadori, Garcia & Cia Ltda","municipio":"Conselheiro Mairinck","tipo":"Bateria de Silos","cap_t":4340},"geometry":{"type":"Point","coordinates":[-50.1486,-23.62596]}},{"type":"Feature","properties":{"kind":"armazem_conab","nome":"Francisco Terasawa","municipio":"Ponta Grossa","tipo":"Convencional","cap_t":8570},"geometry":{"type":"Point","coordinates":[-50.1479,-25.171]}},{"type":"Feature","properties":{"kind":"armazem_conab","nome":"Arnoldo Hennipman","municipio":"Ponta Grossa","tipo":"Bateria de Silos","cap_t":2160},"geometry":{"type":"Point","coordinates":[-50.14781,-25.2301]}},{"type":"Feature","properties":{"kind":"armazem_conab","nome":"Nelson Joao Klas","municipio":"Palmeira","tipo":"Graneleiro","cap_t":1550},"geometry":{"type":"Point","coordinates":[-50.14703,-25.35816]}},{"type":"Feature","properties":{"kind":"armazem_conab","nome":"Nelson Joao Klas","municipio":"Palmeira","tipo":"Bateria de Silos","cap_t":5870},"geometry":{"type":"Point","coordinates":[-50.14684,-25.35856]}},{"type":"Feature","properties":{"kind":"armazem_conab","nome":"Martini Meat S/a Armazéns Gerais.","municipio":"Ponta Grossa","tipo":"Bateria de Silos","cap_t":17610},"geometry":{"type":"Point","coordinates":[-50.1446,-25.1422]}},{"type":"Feature","properties":{"kind":"armazem_conab","nome":"Martini Meat S/a Armazéns Gerais.","municipio":"Ponta Grossa","tipo":"Graneleiro","cap_t":38430},"geometry":{"type":"Point","coordinates":[-50.1446,-25.1417]}},{"type":"Feature","properties":{"kind":"armazem_conab","nome":"Cooperativa Agricola Mista de Ponta Grossa","municipio":"Ponta Grossa","tipo":"Graneleiro","cap_t":13000},"geometry":{"type":"Point","coordinates":[-50.1429,-25.1478]}},{"type":"Feature","properties":{"kind":"armazem_conab","nome":"Cooperativa Agricola Mista de Ponta Grossa","municipio":"Ponta Grossa","tipo":"Convencional","cap_t":2070},"geometry":{"type":"Point","coordinates":[-50.1425,-25.1475]}},{"type":"Feature","properties":{"kind":"armazem_conab","nome":"Cooperativa Agricola Mista de Ponta Grossa","municipio":"Ponta Grossa","tipo":"Bateria de Silos","cap_t":4380},"geometry":{"type":"Point","coordinates":[-50.14206,-25.1472]}},{"type":"Feature","properties":{"kind":"armazem_conab","nome":"Cooperativa Agricola Mista de Ponta Grossa","municipio":"Ponta Grossa","tipo":"Graneleiro","cap_t":23390},"geometry":{"type":"Point","coordinates":[-50.14198,-25.14705]}},{"type":"Feature","properties":{"kind":"armazem_conab","nome":"Coop Agric Pontagrossense Ltda","municipio":"Ponta Grossa","tipo":"Convencional","cap_t":2870},"geometry":{"type":"Point","coordinates":[-50.14164,-25.15523]}},{"type":"Feature","properties":{"kind":"armazem_conab","nome":"Cooperativa Agricola Mista de Ponta Grossa","municipio":"Ponta Grossa","tipo":"Graneleiro","cap_t":15680},"geometry":{"type":"Point","coordinates":[-50.1416,-25.1474]}},{"type":"Feature","properties":{"kind":"armazem_conab","nome":"Coop Agric Pontagrossense Ltda","municipio":"Ponta Grossa","tipo":"Bateria de Silos","cap_t":2840},"geometry":{"type":"Point","coordinates":[-50.1414,-25.15651]}},{"type":"Feature","properties":{"kind":"armazem_conab","nome":"Cooperativa Agricola Mista de Ponta Grossa","municipio":"Ponta Grossa","tipo":"Bateria de Silos","cap_t":11200},"geometry":{"type":"Point","coordinates":[-50.1412,-25.14722]}},{"type":"Feature","properties":{"kind":"armazem_conab","nome":"Coop Agric Pontagrossense Ltda","municipio":"Ponta Grossa","tipo":"Convencional","cap_t":3310},"geometry":{"type":"Point","coordinates":[-50.14076,-25.15662]}},{"type":"Feature","properties":{"kind":"armazem_conab","nome":"Frisia Cooperativa Agroindustrial","municipio":"Ponta Grossa","tipo":"Bateria de Silos","cap_t":70650},"geometry":{"type":"Point","coordinates":[-50.14046,-25.15495]}},{"type":"Feature","properties":{"kind":"armazem_conab","nome":"Coop Agric Pontagrossense Ltda","municipio":"Ponta Grossa","tipo":"Bateria de Silos","cap_t":13690},"geometry":{"type":"Point","coordinates":[-50.14022,-25.15613]}},{"type":"Feature","properties":{"kind":"armazem_conab","nome":"Frisia Cooperativa Agroindustrial","municipio":"Ponta Grossa","tipo":"Bateria de Silos","cap_t":33150},"geometry":{"type":"Point","coordinates":[-50.14018,-25.1504]}},{"type":"Feature","properties":{"kind":"armazem_conab","nome":"Frisia Cooperativa Agroindustrial","municipio":"Ponta Grossa","tipo":"Graneleiro","cap_t":15340},"geometry":{"type":"Point","coordinates":[-50.13997,-25.15525]}},{"type":"Feature","properties":{"kind":"armazem_conab","nome":"Coop Agric Pontagrossense Ltda","municipio":"Ponta Grossa","tipo":"Graneleiro","cap_t":24280},"geometry":{"type":"Point","coordinates":[-50.13952,-25.15623]}},{"type":"Feature","properties":{"kind":"armazem_conab","nome":"Frisia Cooperativa Agroindustrial","municipio":"Ponta Grossa","tipo":"Graneleiro","cap_t":25350},"geometry":{"type":"Point","coordinates":[-50.1393,-25.15065]}},{"type":"Feature","properties":{"kind":"armazem_conab","nome":"Frisia Cooperativa Agroindustrial","municipio":"Ponta Grossa","tipo":"Graneleiro","cap_t":25730},"geometry":{"type":"Point","coordinates":[-50.13874,-25.15081]}},{"type":"Feature","properties":{"kind":"armazem_conab","nome":"Insol Intertrading do Brasil Industria e Comercio S/a","municipio":"Ponta Grossa","tipo":"Graneleiro","cap_t":12570},"geometry":{"type":"Point","coordinates":[-50.1384,-25.1557]}},{"type":"Feature","properties":{"kind":"armazem_conab","nome":"Insol Intertrading do Brasil Industria e Comercio S/a","municipio":"Ponta Grossa","tipo":"Bateria de Silos","cap_t":11930},"geometry":{"type":"Point","coordinates":[-50.1381,-25.158]}},{"type":"Feature","properties":{"kind":"armazem_conab","nome":"Frisia Cooperativa Agroindustrial","municipio":"Ponta Grossa","tipo":"Graneleiro","cap_t":50520},"geometry":{"type":"Point","coordinates":[-50.13795,-25.15085]}},{"type":"Feature","properties":{"kind":"armazem_conab","nome":"Insol Intertrading do Brasil Industria e Comercio S/a","municipio":"Ponta Grossa","tipo":"Graneleiro","cap_t":18160},"geometry":{"type":"Point","coordinates":[-50.1376,-25.1566]}},{"type":"Feature","properties":{"kind":"armazem_conab","nome":"Nori Armazenagem de Cereais Ltda - Me","municipio":"Ponta Grossa","tipo":"Bateria de Silos","cap_t":3740},"geometry":{"type":"Point","coordinates":[-50.13684,-25.15541]}},{"type":"Feature","properties":{"kind":"armazem_conab","nome":"Frisia Cooperativa Agroindustrial","municipio":"Ponta Grossa","tipo":"Bateria de Silos","cap_t":106990},"geometry":{"type":"Point","coordinates":[-50.13641,-25.15066]}},{"type":"Feature","properties":{"kind":"armazem_conab","nome":"Geraldo Ricardo Borkoski","municipio":"Palmeira","tipo":"Bateria de Silos","cap_t":18180},"geometry":{"type":"Point","coordinates":[-50.13617,-25.42705]}},{"type":"Feature","properties":{"kind":"armazem_conab","nome":"Frisia Cooperativa Agroindustrial","municipio":"Ponta Grossa","tipo":"Bateria de Silos","cap_t":23350},"geometry":{"type":"Point","coordinates":[-50.1361,-25.15179]}},{"type":"Feature","properties":{"kind":"armazem_conab","nome":"Castrolanda - Cooperativa Agroindustrial Ltda","municipio":"Ponta Grossa","tipo":"Bateria de Silos","cap_t":18020},"geometry":{"type":"Point","coordinates":[-50.1358,-25.1566]}},{"type":"Feature","properties":{"kind":"armazem_conab","nome":"Castrolanda - Cooperativa Agroindustrial Ltda","municipio":"Ponta Grossa","tipo":"Graneleiro","cap_t":14410},"geometry":{"type":"Point","coordinates":[-50.1354,-25.1569]}},{"type":"Feature","properties":{"kind":"armazem_conab","nome":"Waldir Joao Nadal","municipio":"Ponta Grossa","tipo":"Bateria de Silos","cap_t":2140},"geometry":{"type":"Point","coordinates":[-50.1342,-25.0579]}},{"type":"Feature","properties":{"kind":"armazem_conab","nome":"Frisia Cooperativa Agroindustrial","municipio":"Carambeí","tipo":"Convencional","cap_t":1800},"geometry":{"type":"Point","coordinates":[-50.13006,-24.94194]}},{"type":"Feature","properties":{"kind":"armazem_conab","nome":"Frisia Cooperativa Agroindustrial","municipio":"Carambeí","tipo":"Convencional","cap_t":2810},"geometry":{"type":"Point","coordinates":[-50.12986,-24.94274]}},{"type":"Feature","properties":{"kind":"armazem_conab","nome":"Franke Dijkstra","municipio":"Carambeí","tipo":"Bateria de Silos","cap_t":1180},"geometry":{"type":"Point","coordinates":[-50.1296,-24.99165]}},{"type":"Feature","properties":{"kind":"armazem_conab","nome":"Franke Dijkstra","municipio":"Carambeí","tipo":"Bateria de Silos","cap_t":890},"geometry":{"type":"Point","coordinates":[-50.12935,-24.99167]}},{"type":"Feature","properties":{"kind":"armazem_conab","nome":"Frisia Cooperativa Agroindustrial","municipio":"Carambeí","tipo":"Bateria de Silos","cap_t":30900},"geometry":{"type":"Point","coordinates":[-50.1289,-24.94414]}},{"type":"Feature","properties":{"kind":"armazem_conab","nome":"Frisia Cooperativa Agroindustrial","municipio":"Carambeí","tipo":"Bateria de Silos","cap_t":36540},"geometry":{"type":"Point","coordinates":[-50.1275,-24.94355]}},{"type":"Feature","properties":{"kind":"armazem_conab","nome":"Ricardo Sleutjes","municipio":"Castro","tipo":"Bateria de Silos","cap_t":7180},"geometry":{"type":"Point","coordinates":[-50.12535,-24.77303]}},{"type":"Feature","properties":{"kind":"armazem_conab","nome":"Big Safra Sa","municipio":"Ponta Grossa","tipo":"Bateria de Silos","cap_t":12120},"geometry":{"type":"Point","coordinates":[-50.1253,-25.16074]}},{"type":"Feature","properties":{"kind":"armazem_conab","nome":"Jacob Carol Vink","municipio":"Carambeí","tipo":"Bateria de Silos","cap_t":1040},"geometry":{"type":"Point","coordinates":[-50.1247,-24.94881]}},{"type":"Feature","properties":{"kind":"armazem_conab","nome":"Herberto Geier","municipio":"Ponta Grossa","tipo":"Bateria de Silos","cap_t":5760},"geometry":{"type":"Point","coordinates":[-50.11831,-25.14531]}},{"type":"Feature","properties":{"kind":"armazem_conab","nome":"Herberto Geier","municipio":"Ponta Grossa","tipo":"Graneleiro","cap_t":1570},"geometry":{"type":"Point","coordinates":[-50.11785,-25.14529]}},{"type":"Feature","properties":{"kind":"armazem_conab","nome":"Herberto Geier","municipio":"Ponta Grossa","tipo":"Bateria de Silos","cap_t":5160},"geometry":{"type":"Point","coordinates":[-50.11742,-25.14522]}},{"type":"Feature","properties":{"kind":"armazem_conab","nome":"Moura, Corá & Cia Ltda","municipio":"Ponta Grossa","tipo":"Convencional","cap_t":2250},"geometry":{"type":"Point","coordinates":[-50.11671,-25.1447]}},{"type":"Feature","properties":{"kind":"armazem_conab","nome":"Moura, Corá & Cia Ltda","municipio":"Ponta Grossa","tipo":"Convencional","cap_t":1760},"geometry":{"type":"Point","coordinates":[-50.11633,-25.14463]}},{"type":"Feature","properties":{"kind":"armazem_conab","nome":"Gk - Comercio e Beneficiamento de Cereais","municipio":"Carambeí","tipo":"Convencional","cap_t":3600},"geometry":{"type":"Point","coordinates":[-50.11396,-24.95827]}},{"type":"Feature","properties":{"kind":"armazem_conab","nome":"Gk - Comercio e Beneficiamento de Cereais","municipio":"Carambeí","tipo":"Convencional","cap_t":4140},"geometry":{"type":"Point","coordinates":[-50.11357,-24.95849]}},{"type":"Feature","properties":{"kind":"armazem_conab","nome":"Gk - Comercio e Beneficiamento de Cereais","municipio":"Carambeí","tipo":"Bateria de Silos","cap_t":3080},"geometry":{"type":"Point","coordinates":[-50.11356,-24.95947]}},{"type":"Feature","properties":{"kind":"armazem_conab","nome":"Edimir Scheibel","municipio":"Ponta Grossa","tipo":"Bateria de Silos","cap_t":3290},"geometry":{"type":"Point","coordinates":[-50.10805,-25.13555]}},{"type":"Feature","properties":{"kind":"armazem_conab","nome":"Bussadori, Garcia & Cia Ltda","municipio":"Santo Antônio da Platina","tipo":"Bateria de Silos","cap_t":9950},"geometry":{"type":"Point","coordinates":[-50.10435,-23.25347]}},{"type":"Feature","properties":{"kind":"armazem_conab","nome":"Lucio Christovam Furtado de Miranda","municipio":"Piraí do Sul","tipo":"Bateria de Silos","cap_t":23460},"geometry":{"type":"Point","coordinates":[-50.10379,-24.35273]}},{"type":"Feature","properties":{"kind":"armazem_conab","nome":"Lucio Christovam Furtado de Miranda","municipio":"Piraí do Sul","tipo":"Bateria de Silos","cap_t":3500},"geometry":{"type":"Point","coordinates":[-50.10374,-24.35195]}},{"type":"Feature","properties":{"kind":"armazem_conab","nome":"Granja Economica Avic Ltda","municipio":"Carambeí","tipo":"Bateria de Silos","cap_t":7100},"geometry":{"type":"Point","coordinates":[-50.10368,-24.94943]}},{"type":"Feature","properties":{"kind":"armazem_conab","nome":"Jose Bento Azambuja Germano","municipio":"Arapoti","tipo":"Bateria de Silos","cap_t":830},"geometry":{"type":"Point","coordinates":[-50.1034,-24.27347]}},{"type":"Feature","properties":{"kind":"armazem_conab","nome":"Jose Bento Azambuja Germano","municipio":"Arapoti","tipo":"Bateria de Silos","cap_t":3540},"geometry":{"type":"Point","coordinates":[-50.10275,-24.27432]}},{"type":"Feature","properties":{"kind":"armazem_conab","nome":"Jose Bento Azambuja Germano","municipio":"Arapoti","tipo":"Bateria de Silos","cap_t":8570},"geometry":{"type":"Point","coordinates":[-50.10246,-24.27406]}},{"type":"Feature","properties":{"kind":"armazem_conab","nome":"Jose Bento Azambuja Germano","municipio":"Arapoti","tipo":"Convencional","cap_t":540},"geometry":{"type":"Point","coordinates":[-50.10216,-24.27457]}},{"type":"Feature","properties":{"kind":"armazem_conab","nome":"Jose Bento Azambuja Germano","municipio":"Arapoti","tipo":"Bateria de Silos","cap_t":920},"geometry":{"type":"Point","coordinates":[-50.10216,-24.27457]}},{"type":"Feature","properties":{"kind":"armazem_conab","nome":"Jose Bento Azambuja Germano","municipio":"Arapoti","tipo":"Convencional","cap_t":7090},"geometry":{"type":"Point","coordinates":[-50.10216,-24.27455]}},{"type":"Feature","properties":{"kind":"armazem_conab","nome":"Urbano Agroindustrial Ltda.","municipio":"Ponta Grossa","tipo":"Convencional","cap_t":1260},"geometry":{"type":"Point","coordinates":[-50.10115,-25.16791]}},{"type":"Feature","properties":{"kind":"armazem_conab","nome":"Fabio Schmidt Epp","municipio":"Ponta Grossa","tipo":"Convencional","cap_t":2030},"geometry":{"type":"Point","coordinates":[-50.0996,-25.17546]}},{"type":"Feature","properties":{"kind":"armazem_conab","nome":"Fabio Schmidt Epp","municipio":"Ponta Grossa","tipo":"Convencional","cap_t":1300},"geometry":{"type":"Point","coordinates":[-50.0996,-25.17546]}},{"type":"Feature","properties":{"kind":"armazem_conab","nome":"Unegrãos Ltda","municipio":"Lapa","tipo":"Silo","cap_t":1190},"geometry":{"type":"Point","coordinates":[-50.09621,-25.8607]}},{"type":"Feature","properties":{"kind":"armazem_conab","nome":"Fabio Schmidt Epp","municipio":"Ponta Grossa","tipo":"Bateria de Silos","cap_t":3490},"geometry":{"type":"Point","coordinates":[-50.09617,-25.17577]}},{"type":"Feature","properties":{"kind":"armazem_conab","nome":"Pedro Gorte","municipio":"Palmeira","tipo":"Bateria de Silos","cap_t":1750},"geometry":{"type":"Point","coordinates":[-50.09509,-25.32645]}},{"type":"Feature","properties":{"kind":"armazem_conab","nome":"Cofco International Brasil S.a","municipio":"Ponta Grossa","tipo":"Bateria de Silos","cap_t":46710},"geometry":{"type":"Point","coordinates":[-50.09226,-25.18509]}},{"type":"Feature","properties":{"kind":"armazem_conab","nome":"Ione Maria Gabriel Taques","municipio":"Piraí do Sul","tipo":"Bateria de Silos","cap_t":6140},"geometry":{"type":"Point","coordinates":[-50.09193,-24.34077]}},{"type":"Feature","properties":{"kind":"armazem_conab","nome":"Ione Maria Gabriel Taques","municipio":"Piraí do Sul","tipo":"Convencional","cap_t":3170},"geometry":{"type":"Point","coordinates":[-50.09155,-24.34045]}},{"type":"Feature","properties":{"kind":"armazem_conab","nome":"Ciro Ribas Taques","municipio":"Arapoti","tipo":"Bateria de Silos","cap_t":1810},"geometry":{"type":"Point","coordinates":[-50.08354,-24.25872]}},{"type":"Feature","properties":{"kind":"armazem_conab","nome":"Ciro Ribas Taques","municipio":"Arapoti","tipo":"Convencional","cap_t":1800},"geometry":{"type":"Point","coordinates":[-50.08321,-24.25923]}},{"type":"Feature","properties":{"kind":"armazem_conab","nome":"Bunge Alimentos S/a","municipio":"Ponta Grossa","tipo":"Chapï¿½u Chines","cap_t":43420},"geometry":{"type":"Point","coordinates":[-50.0818,-25.19538]}},{"type":"Feature","properties":{"kind":"armazem_conab","nome":"Bunge Alimentos S/a","municipio":"Ponta Grossa","tipo":"Chapï¿½u Chines","cap_t":43420},"geometry":{"type":"Point","coordinates":[-50.08165,-25.19633]}},{"type":"Feature","properties":{"kind":"armazem_conab","nome":"Cargill Agricola S A","municipio":"Ponta Grossa","tipo":"Graneleiro","cap_t":59530},"geometry":{"type":"Point","coordinates":[-50.08148,-25.18935]}},{"type":"Feature","properties":{"kind":"armazem_conab","nome":"Bunge Alimentos S/a","municipio":"Ponta Grossa","tipo":"Graneleiro","cap_t":11760},"geometry":{"type":"Point","coordinates":[-50.08134,-25.19443]}},{"type":"Feature","properties":{"kind":"armazem_conab","nome":"Bunge Alimentos S/a","municipio":"Ponta Grossa","tipo":"Bateria de Silos","cap_t":11270},"geometry":{"type":"Point","coordinates":[-50.08118,-25.1952]}},{"type":"Feature","properties":{"kind":"armazem_conab","nome":"Cargill Agricola S A","municipio":"Ponta Grossa","tipo":"Bateria de Silos","cap_t":6990},"geometry":{"type":"Point","coordinates":[-50.08118,-25.18708]}},{"type":"Feature","properties":{"kind":"armazem_conab","nome":"Cargill Agricola S A","municipio":"Ponta Grossa","tipo":"Chapï¿½u Chines","cap_t":35680},"geometry":{"type":"Point","coordinates":[-50.0811,-25.18766]}},{"type":"Feature","properties":{"kind":"armazem_conab","nome":"Bunge Alimentos S/a","municipio":"Ponta Grossa","tipo":"Silo","cap_t":1990},"geometry":{"type":"Point","coordinates":[-50.08081,-25.1961]}},{"type":"Feature","properties":{"kind":"armazem_conab","nome":"Castrolanda - Cooperativa Agroindustrial Ltda","municipio":"Ponta Grossa","tipo":"Convencional","cap_t":5630},"geometry":{"type":"Point","coordinates":[-50.0807,-25.0921]}},{"type":"Feature","properties":{"kind":"armazem_conab","nome":"Bunge Alimentos S/a","municipio":"Ponta Grossa","tipo":"Chapï¿½u Chines","cap_t":43420},"geometry":{"type":"Point","coordinates":[-50.08015,-25.19522]}},{"type":"Feature","properties":{"kind":"armazem_conab","nome":"Bunge Alimentos S/a","municipio":"Ponta Grossa","tipo":"Chapï¿½u Chines","cap_t":43420},"geometry":{"type":"Point","coordinates":[-50.08007,-25.19608]}},{"type":"Feature","properties":{"kind":"armazem_conab","nome":"Cargill Agricola S A","municipio":"Ponta Grossa","tipo":"Graneleiro","cap_t":59530},"geometry":{"type":"Point","coordinates":[-50.07998,-25.18817]}},{"type":"Feature","properties":{"kind":"armazem_conab","nome":"Cargill Agricola S A","municipio":"Ponta Grossa","tipo":"Chapï¿½u Chines","cap_t":42640},"geometry":{"type":"Point","coordinates":[-50.07971,-25.18752]}},{"type":"Feature","properties":{"kind":"armazem_conab","nome":"Bunge Alimentos S/a","municipio":"Ponta Grossa","tipo":"Graneleiro","cap_t":164290},"geometry":{"type":"Point","coordinates":[-50.0797,-25.19837]}},{"type":"Feature","properties":{"kind":"armazem_conab","nome":"João Verschoor","municipio":"Palmeira","tipo":"Silo","cap_t":860},"geometry":{"type":"Point","coordinates":[-50.07717,-25.47995]}},{"type":"Feature","properties":{"kind":"armazem_conab","nome":"Bunge Alimentos S/a","municipio":"Ponta Grossa","tipo":"Bateria de Silos","cap_t":71200},"geometry":{"type":"Point","coordinates":[-50.07134,-25.20348]}},{"type":"Feature","properties":{"kind":"armazem_conab","nome":"Integrada Cooperativa Agroindustrial","municipio":"Cambará","tipo":"Silo","cap_t":14740},"geometry":{"type":"Point","coordinates":[-50.0708,-23.02385]}},{"type":"Feature","properties":{"kind":"armazem_conab","nome":"Anor Ajuz Issa","municipio":"Carambeí","tipo":"Bateria de Silos","cap_t":1290},"geometry":{"type":"Point","coordinates":[-50.06884,-24.88893]}},{"type":"Feature","properties":{"kind":"armazem_conab","nome":"Anor Ajuz Issa","municipio":"Carambeí","tipo":"Graneleiro","cap_t":2310},"geometry":{"type":"Point","coordinates":[-50.06865,-24.88903]}},{"type":"Feature","properties":{"kind":"armazem_conab","nome":"Angela Menarin e Outros","municipio":"Piraí do Sul","tipo":"Bateria de Silos","cap_t":1630},"geometry":{"type":"Point","coordinates":[-50.06808,-24.32558]}},{"type":"Feature","properties":{"kind":"armazem_conab","nome":"Angela Menarin e Outros","municipio":"Piraí do Sul","tipo":"Convencional","cap_t":1780},"geometry":{"type":"Point","coordinates":[-50.06769,-24.32549]}},{"type":"Feature","properties":{"kind":"armazem_conab","nome":"Cafeeira Guidelli Ltda","municipio":"Santo Antônio da Platina","tipo":"Convencional","cap_t":4140},"geometry":{"type":"Point","coordinates":[-50.06728,-23.33105]}},{"type":"Feature","properties":{"kind":"armazem_conab","nome":"Yoki Alimentos S/a","municipio":"Cambará","tipo":"Bateria de Silos","cap_t":3290},"geometry":{"type":"Point","coordinates":[-50.06727,-23.03462]}},{"type":"Feature","properties":{"kind":"armazem_conab","nome":"Yoki Alimentos S/a","municipio":"Cambará","tipo":"Bateria de Silos","cap_t":3290},"geometry":{"type":"Point","coordinates":[-50.06707,-23.03475]}},{"type":"Feature","properties":{"kind":"armazem_conab","nome":"Yoki Alimentos S/a","municipio":"Cambará","tipo":"Bateria de Silos","cap_t":36050},"geometry":{"type":"Point","coordinates":[-50.06682,-23.03515]}},{"type":"Feature","properties":{"kind":"armazem_conab","nome":"Yoki Alimentos S/a","municipio":"Cambará","tipo":"Convencional","cap_t":14840},"geometry":{"type":"Point","coordinates":[-50.06642,-23.03356]}},{"type":"Feature","properties":{"kind":"armazem_conab","nome":"Indústria e Comércio de Produtos Agrícolas Menossi Ltda","municipio":"Cambará","tipo":"Convencional","cap_t":3150},"geometry":{"type":"Point","coordinates":[-50.06627,-23.05099]}},{"type":"Feature","properties":{"kind":"armazem_conab","nome":"Indústria e Comércio de Produtos Agrícolas Menossi Ltda","municipio":"Cambará","tipo":"Bateria de Silos","cap_t":28900},"geometry":{"type":"Point","coordinates":[-50.06618,-23.05027]}},{"type":"Feature","properties":{"kind":"armazem_conab","nome":"Capal Cooperativa Agroindustrial","municipio":"Pinhalão","tipo":"Convencional","cap_t":1180},"geometry":{"type":"Point","coordinates":[-50.06571,-23.78301]}},{"type":"Feature","properties":{"kind":"armazem_conab","nome":"Cargill Agricola S A","municipio":"Ponta Grossa","tipo":"Graneleiro","cap_t":92380},"geometry":{"type":"Point","coordinates":[-50.06556,-25.21463]}},{"type":"Feature","properties":{"kind":"armazem_conab","nome":"Morro Chato Agropecuária Ltda","municipio":"Arapoti","tipo":"Bateria de Silos","cap_t":2830},"geometry":{"type":"Point","coordinates":[-50.06494,-24.22126]}},{"type":"Feature","properties":{"kind":"armazem_conab","nome":"Morro Chato Agropecuária Ltda","municipio":"Arapoti","tipo":"Convencional","cap_t":1800},"geometry":{"type":"Point","coordinates":[-50.06444,-24.22122]}},{"type":"Feature","properties":{"kind":"armazem_conab","nome":"Companhia Nacional de Abastecimento Conab","municipio":"Ponta Grossa","tipo":"Graneleiro","cap_t":50000},"geometry":{"type":"Point","coordinates":[-50.06403,-25.22017]}},{"type":"Feature","properties":{"kind":"armazem_conab","nome":"Companhia Nacional de Abastecimento Conab","municipio":"Ponta Grossa","tipo":"Graneleiro","cap_t":75000},"geometry":{"type":"Point","coordinates":[-50.06391,-25.22139]}},{"type":"Feature","properties":{"kind":"armazem_conab","nome":"Companhia Nacional de Abastecimento Conab","municipio":"Ponta Grossa","tipo":"Graneleiro","cap_t":75000},"geometry":{"type":"Point","coordinates":[-50.0639,-25.22091]}},{"type":"Feature","properties":{"kind":"armazem_conab","nome":"Companhia Nacional de Abastecimento Conab","municipio":"Ponta Grossa","tipo":"Bateria de Silos","cap_t":20000},"geometry":{"type":"Point","coordinates":[-50.06272,-25.21919]}},{"type":"Feature","properties":{"kind":"armazem_conab","nome":"Companhia Nacional de Abastecimento Conab","municipio":"Ponta Grossa","tipo":"Graneleiro","cap_t":50000},"geometry":{"type":"Point","coordinates":[-50.0624,-25.22011]}},{"type":"Feature","properties":{"kind":"armazem_conab","nome":"Cargill Agricola S A","municipio":"Ponta Grossa","tipo":"Bateria de Silos","cap_t":41940},"geometry":{"type":"Point","coordinates":[-50.06217,-25.21302]}},{"type":"Feature","properties":{"kind":"armazem_conab","nome":"Cargill Agricola S A","municipio":"Ponta Grossa","tipo":"Bateria de Silos","cap_t":5880},"geometry":{"type":"Point","coordinates":[-50.06209,-25.21432]}},{"type":"Feature","properties":{"kind":"armazem_conab","nome":"Companhia Nacional de Abastecimento Conab","municipio":"Ponta Grossa","tipo":"Graneleiro","cap_t":75000},"geometry":{"type":"Point","coordinates":[-50.06203,-25.22082]}},{"type":"Feature","properties":{"kind":"armazem_conab","nome":"Cargill Agricola S A","municipio":"Ponta Grossa","tipo":"Graneleiro","cap_t":26790},"geometry":{"type":"Point","coordinates":[-50.06178,-25.21331]}},{"type":"Feature","properties":{"kind":"armazem_conab","nome":"S. L. Bam Ferreira & Ferreira Ltda","municipio":"Cambará","tipo":"Bateria de Silos","cap_t":7690},"geometry":{"type":"Point","coordinates":[-50.06119,-23.03387]}},{"type":"Feature","properties":{"kind":"armazem_conab","nome":"Willian Sabatke","municipio":"Palmeira","tipo":"Bateria de Silos","cap_t":5560},"geometry":{"type":"Point","coordinates":[-50.06023,-25.30452]}},{"type":"Feature","properties":{"kind":"armazem_conab","nome":"Louis Dreyfus Company Brasil S.a.","municipio":"Ponta Grossa","tipo":"Graneleiro","cap_t":21150},"geometry":{"type":"Point","coordinates":[-50.05965,-25.22472]}},{"type":"Feature","properties":{"kind":"armazem_conab","nome":"Louis Dreyfus Company Brasil S.a.","municipio":"Ponta Grossa","tipo":"Chapï¿½u Chines","cap_t":99180},"geometry":{"type":"Point","coordinates":[-50.05945,-25.22339]}},{"type":"Feature","properties":{"kind":"armazem_conab","nome":"Eugenio Ienk Ferreira e Outros","municipio":"Ponta Grossa","tipo":"Bateria de Silos","cap_t":1510},"geometry":{"type":"Point","coordinates":[-50.05795,-25.21074]}},{"type":"Feature","properties":{"kind":"armazem_conab","nome":"Louis Dreyfus Company Brasil S.a.","municipio":"Ponta Grossa","tipo":"Graneleiro","cap_t":205470},"geometry":{"type":"Point","coordinates":[-50.05767,-25.2228]}},{"type":"Feature","properties":{"kind":"armazem_conab","nome":"Integrada Cooperativa Agroindustrial","municipio":"Cambará","tipo":"Graneleiro","cap_t":44320},"geometry":{"type":"Point","coordinates":[-50.05729,-23.05592]}},{"type":"Feature","properties":{"kind":"armazem_conab","nome":"Cooperativa Agroindustrial Witmarsum Ltda","municipio":"Ponta Grossa","tipo":"Silo","cap_t":3780},"geometry":{"type":"Point","coordinates":[-50.05617,-25.2208]}},{"type":"Feature","properties":{"kind":"armazem_conab","nome":"Cooperativa Agroindustrial Witmarsum Ltda","municipio":"Ponta Grossa","tipo":"Graneleiro","cap_t":5200},"geometry":{"type":"Point","coordinates":[-50.05554,-25.22042]}},{"type":"Feature","properties":{"kind":"armazem_conab","nome":"Ggt Agro Comércio de Cereais Ltda.","municipio":"Ponta Grossa","tipo":"Bateria de Silos","cap_t":32520},"geometry":{"type":"Point","coordinates":[-50.05379,-25.21904]}},{"type":"Feature","properties":{"kind":"armazem_conab","nome":"Dionisio Bertolini","municipio":"Carambeí","tipo":"Bateria de Silos","cap_t":3040},"geometry":{"type":"Point","coordinates":[-50.04185,-24.87388]}},{"type":"Feature","properties":{"kind":"armazem_conab","nome":"Integrada Cooperativa Agroindustrial","municipio":"Guapirama","tipo":"Bateria de Silos","cap_t":1530},"geometry":{"type":"Point","coordinates":[-50.0375,-23.50993]}},{"type":"Feature","properties":{"kind":"armazem_conab","nome":"Berrofe Serviços Agrícolas Ltda","municipio":"Cambará","tipo":"Graneleiro","cap_t":4850},"geometry":{"type":"Point","coordinates":[-50.03466,-23.01584]}},{"type":"Feature","properties":{"kind":"armazem_conab","nome":"Vilela, Vilela & Cia Ltda","municipio":"Guapirama","tipo":"Bateria de Silos","cap_t":5450},"geometry":{"type":"Point","coordinates":[-50.03321,-23.51501]}},{"type":"Feature","properties":{"kind":"armazem_conab","nome":"Laura Maria Meneghel Cavacciochi","municipio":"Piraí do Sul","tipo":"Bateria de Silos","cap_t":6630},"geometry":{"type":"Point","coordinates":[-50.02824,-24.33357]}},{"type":"Feature","properties":{"kind":"armazem_conab","nome":"João Carlos Dellai","municipio":"Tomazina","tipo":"Silo","cap_t":2210},"geometry":{"type":"Point","coordinates":[-50.02501,-23.693]}},{"type":"Feature","properties":{"kind":"armazem_conab","nome":"Luiz Capraro Neto","municipio":"Palmeira","tipo":"Bateria de Silos","cap_t":940},"geometry":{"type":"Point","coordinates":[-50.02281,-25.42992]}},{"type":"Feature","properties":{"kind":"armazem_conab","nome":"Rui Carlos Teixeira de Castro","municipio":"Palmeira","tipo":"Silo","cap_t":470},"geometry":{"type":"Point","coordinates":[-50.02279,-25.4301]}},{"type":"Feature","properties":{"kind":"armazem_conab","nome":"Marcelo Gomes de Sá","municipio":"Palmeira","tipo":"Silo","cap_t":470},"geometry":{"type":"Point","coordinates":[-50.02264,-25.43023]}},{"type":"Feature","properties":{"kind":"armazem_conab","nome":"Muraro & Garcia Comercio de Cereais Ltda","municipio":"Castro","tipo":"Convencional","cap_t":680},"geometry":{"type":"Point","coordinates":[-50.01921,-24.78441]}},{"type":"Feature","properties":{"kind":"armazem_conab","nome":"Malf Comercio de Cereais Eireli","municipio":"Castro","tipo":"Convencional","cap_t":1420},"geometry":{"type":"Point","coordinates":[-50.01677,-24.78511]}},{"type":"Feature","properties":{"kind":"armazem_conab","nome":"Cooperativa Agricola Mista de Ponta Grossa","municipio":"Palmeira","tipo":"Convencional","cap_t":1690},"geometry":{"type":"Point","coordinates":[-50.01529,-25.37339]}},{"type":"Feature","properties":{"kind":"armazem_conab","nome":"Cooperativa Agricola Mista de Ponta Grossa","municipio":"Palmeira","tipo":"Convencional","cap_t":990},"geometry":{"type":"Point","coordinates":[-50.01516,-25.37312]}},{"type":"Feature","properties":{"kind":"armazem_conab","nome":"Cooperativa Agricola Mista de Ponta Grossa","municipio":"Palmeira","tipo":"Convencional","cap_t":1690},"geometry":{"type":"Point","coordinates":[-50.01502,-25.37349]}},{"type":"Feature","properties":{"kind":"armazem_conab","nome":"Cooperativa Agricola Mista de Ponta Grossa","municipio":"Palmeira","tipo":"Convencional","cap_t":1690},"geometry":{"type":"Point","coordinates":[-50.01499,-25.37331]}},{"type":"Feature","properties":{"kind":"armazem_conab","nome":"Com e Benef de Cereais Rigoni Ltda","municipio":"Palmeira","tipo":"Bateria de Silos","cap_t":670},"geometry":{"type":"Point","coordinates":[-50.01371,-25.44317]}},{"type":"Feature","properties":{"kind":"armazem_conab","nome":"Com e Benef de Cereais Rigoni Ltda","municipio":"Palmeira","tipo":"Convencional","cap_t":1710},"geometry":{"type":"Point","coordinates":[-50.01343,-25.44258]}},{"type":"Feature","properties":{"kind":"armazem_conab","nome":"Cooperativa Agricola Mista de Ponta Grossa","municipio":"Palmeira","tipo":"Bateria de Silos","cap_t":9190},"geometry":{"type":"Point","coordinates":[-50.01316,-25.37313]}},{"type":"Feature","properties":{"kind":"armazem_conab","nome":"Com e Benef de Cereais Rigoni Ltda","municipio":"Palmeira","tipo":"Bateria de Silos","cap_t":4320},"geometry":{"type":"Point","coordinates":[-50.01288,-25.44343]}},{"type":"Feature","properties":{"kind":"armazem_conab","nome":"Com e Benef de Cereais Rigoni Ltda","municipio":"Palmeira","tipo":"Convencional","cap_t":1800},"geometry":{"type":"Point","coordinates":[-50.01252,-25.44283]}},{"type":"Feature","properties":{"kind":"armazem_conab","nome":"Mercantil de Cereais Nota 1000 Ltda","municipio":"Castro","tipo":"Convencional","cap_t":1030},"geometry":{"type":"Point","coordinates":[-50.00876,-24.80451]}},{"type":"Feature","properties":{"kind":"armazem_conab","nome":"Mercantil de Cereais Nota 1000 Ltda","municipio":"Castro","tipo":"Convencional","cap_t":800},"geometry":{"type":"Point","coordinates":[-50.00799,-24.80462]}},{"type":"Feature","properties":{"kind":"armazem_conab","nome":"Mercantil de Cereais Nota 1000 Ltda","municipio":"Castro","tipo":"Bateria de Silos","cap_t":840},"geometry":{"type":"Point","coordinates":[-50.00799,-24.80448]}},{"type":"Feature","properties":{"kind":"armazem_conab","nome":"Willi Brordus","municipio":"Castro","tipo":"Convencional","cap_t":240},"geometry":{"type":"Point","coordinates":[-50.00479,-24.85974]}},{"type":"Feature","properties":{"kind":"armazem_conab","nome":"Willi Brordus","municipio":"Castro","tipo":"Bateria de Silos","cap_t":4010},"geometry":{"type":"Point","coordinates":[-50.00473,-24.85933]}},{"type":"Feature","properties":{"kind":"armazem_conab","nome":"Qualita Cerealista Ltda","municipio":"Castro","tipo":"Bateria de Silos","cap_t":11990},"geometry":{"type":"Point","coordinates":[-49.99886,-24.7404]}},{"type":"Feature","properties":{"kind":"armazem_conab","nome":"Qualita Cerealista Ltda","municipio":"Castro","tipo":"Convencional","cap_t":5060},"geometry":{"type":"Point","coordinates":[-49.99835,-24.74062]}},{"type":"Feature","properties":{"kind":"armazem_conab","nome":"Reynaldo Garmatter Neto","municipio":"Palmeira","tipo":"Bateria de Silos","cap_t":7220},"geometry":{"type":"Point","coordinates":[-49.99825,-25.44923]}},{"type":"Feature","properties":{"kind":"armazem_conab","nome":"Agropecuária T. Yamamoto Ltda.","municipio":"Castro","tipo":"Bateria de Silos","cap_t":10220},"geometry":{"type":"Point","coordinates":[-49.99814,-24.81685]}},{"type":"Feature","properties":{"kind":"armazem_conab","nome":"Coop Agroindustrial Bom Jesus","municipio":"Palmeira","tipo":"Bateria de Silos","cap_t":13580},"geometry":{"type":"Point","coordinates":[-49.99498,-25.44128]}},{"type":"Feature","properties":{"kind":"armazem_conab","nome":"Coop Agroindustrial Bom Jesus","municipio":"Palmeira","tipo":"Bateria de Silos","cap_t":45890},"geometry":{"type":"Point","coordinates":[-49.99315,-25.44376]}},{"type":"Feature","properties":{"kind":"armazem_conab","nome":"Rogerio Czelusniak","municipio":"Palmeira","tipo":"Bateria de Silos","cap_t":4810},"geometry":{"type":"Point","coordinates":[-49.99206,-25.43974]}},{"type":"Feature","properties":{"kind":"armazem_conab","nome":"Sebastião Barausse","municipio":"Palmeira","tipo":"Bateria de Silos","cap_t":4850},"geometry":{"type":"Point","coordinates":[-49.99104,-25.43984]}},{"type":"Feature","properties":{"kind":"armazem_conab","nome":"Castrolanda - Cooperativa Agroindustrial Ltda","municipio":"Castro","tipo":"Convencional","cap_t":5060},"geometry":{"type":"Point","coordinates":[-49.9896,-24.72909]}},{"type":"Feature","properties":{"kind":"armazem_conab","nome":"A. I. Barausse & Barausse Ltda - Me","municipio":"Palmeira","tipo":"Bateria de Silos","cap_t":4580},"geometry":{"type":"Point","coordinates":[-49.98936,-25.44072]}},{"type":"Feature","properties":{"kind":"armazem_conab","nome":"Castrolanda - Cooperativa Agroindustrial Ltda","municipio":"Castro","tipo":"Bateria de Silos","cap_t":2700},"geometry":{"type":"Point","coordinates":[-49.98895,-24.72871]}},{"type":"Feature","properties":{"kind":"armazem_conab","nome":"Palagro-com e Serv de Prod Agric de Palmeira Ltda","municipio":"Palmeira","tipo":"Graneleiro","cap_t":23250},"geometry":{"type":"Point","coordinates":[-49.98803,-25.43112]}},{"type":"Feature","properties":{"kind":"armazem_conab","nome":"Palagro-com e Serv de Prod Agric de Palmeira Ltda","municipio":"Palmeira","tipo":"Bateria de Silos","cap_t":33080},"geometry":{"type":"Point","coordinates":[-49.98745,-25.43095]}},{"type":"Feature","properties":{"kind":"armazem_conab","nome":"Roelof Petter","municipio":"Castro","tipo":"Bateria de Silos","cap_t":4960},"geometry":{"type":"Point","coordinates":[-49.98652,-24.85847]}},{"type":"Feature","properties":{"kind":"armazem_conab","nome":"Roelof Petter","municipio":"Castro","tipo":"Convencional","cap_t":970},"geometry":{"type":"Point","coordinates":[-49.98634,-24.85898]}},{"type":"Feature","properties":{"kind":"armazem_conab","nome":"Coop Agric Uniao Castrense Ltda - Unicastro","municipio":"Castro","tipo":"Bateria de Silos","cap_t":1110},"geometry":{"type":"Point","coordinates":[-49.98085,-24.71051]}},{"type":"Feature","properties":{"kind":"armazem_conab","nome":"Coop Agric Uniao Castrense Ltda - Unicastro","municipio":"Castro","tipo":"Bateria de Silos","cap_t":11790},"geometry":{"type":"Point","coordinates":[-49.98048,-24.71015]}},{"type":"Feature","properties":{"kind":"armazem_conab","nome":"Cerealista Rio Sul","municipio":"Lapa","tipo":"Bateria de Silos","cap_t":35230},"geometry":{"type":"Point","coordinates":[-49.97353,-25.86442]}},{"type":"Feature","properties":{"kind":"armazem_conab","nome":"Cerealista Rio Sul","municipio":"Lapa","tipo":"Bateria de Silos","cap_t":4290},"geometry":{"type":"Point","coordinates":[-49.97288,-25.86512]}},{"type":"Feature","properties":{"kind":"armazem_conab","nome":"Cia Agric Usina Jacarezinho","municipio":"Jacarezinho","tipo":"Convencional","cap_t":27220},"geometry":{"type":"Point","coordinates":[-49.9627,-23.14952]}},{"type":"Feature","properties":{"kind":"armazem_conab","nome":"Francisco Heitor Calle Filho","municipio":"Palmeira","tipo":"Bateria de Silos","cap_t":4690},"geometry":{"type":"Point","coordinates":[-49.9593,-25.46127]}},{"type":"Feature","properties":{"kind":"armazem_conab","nome":"Lambert Petter","municipio":"Castro","tipo":"Bateria de Silos","cap_t":5510},"geometry":{"type":"Point","coordinates":[-49.9452,-24.84033]}},{"type":"Feature","properties":{"kind":"armazem_conab","nome":"Lambert Petter","municipio":"Castro","tipo":"Convencional","cap_t":1080},"geometry":{"type":"Point","coordinates":[-49.94494,-24.84053]}},{"type":"Feature","properties":{"kind":"armazem_conab","nome":"Castrolanda - Cooperativa Agroindustrial Ltda","municipio":"Castro","tipo":"Bateria de Silos","cap_t":26030},"geometry":{"type":"Point","coordinates":[-49.9419,-24.79155]}},{"type":"Feature","properties":{"kind":"armazem_conab","nome":"Castrolanda - Cooperativa Agroindustrial Ltda","municipio":"Piraí do Sul","tipo":"Convencional","cap_t":2930},"geometry":{"type":"Point","coordinates":[-49.9418,-24.52664]}},{"type":"Feature","properties":{"kind":"armazem_conab","nome":"Castrolanda - Cooperativa Agroindustrial Ltda","municipio":"Castro","tipo":"Bateria de Silos","cap_t":34630},"geometry":{"type":"Point","coordinates":[-49.94175,-24.79225]}},{"type":"Feature","properties":{"kind":"armazem_conab","nome":"Castrolanda - Cooperativa Agroindustrial Ltda","municipio":"Castro","tipo":"Bateria de Silos","cap_t":13340},"geometry":{"type":"Point","coordinates":[-49.94143,-24.79151]}},{"type":"Feature","properties":{"kind":"armazem_conab","nome":"Rossana Margot Cavaciocchi Correa","municipio":"Arapoti","tipo":"Bateria de Silos","cap_t":7130},"geometry":{"type":"Point","coordinates":[-49.93874,-23.94328]}},{"type":"Feature","properties":{"kind":"armazem_conab","nome":"Castrolanda - Cooperativa Agroindustrial Ltda","municipio":"Castro","tipo":"Bateria de Silos","cap_t":53080},"geometry":{"type":"Point","coordinates":[-49.93836,-24.7931]}},{"type":"Feature","properties":{"kind":"armazem_conab","nome":"Castrolanda - Cooperativa Agroindustrial Ltda","municipio":"Castro","tipo":"Bateria de Silos","cap_t":34900},"geometry":{"type":"Point","coordinates":[-49.93836,-24.79259]}},{"type":"Feature","properties":{"kind":"armazem_conab","nome":"Granfinale Sistemas Agricolas Ltda","municipio":"Piraí do Sul","tipo":"Convencional","cap_t":6670},"geometry":{"type":"Point","coordinates":[-49.92483,-24.53537]}},{"type":"Feature","properties":{"kind":"armazem_conab","nome":"Granfinale Sistemas Agricolas Ltda","municipio":"Piraí do Sul","tipo":"Bateria de Silos","cap_t":9550},"geometry":{"type":"Point","coordinates":[-49.92454,-24.53501]}},{"type":"Feature","properties":{"kind":"armazem_conab","nome":"Lute Jongsma","municipio":"Arapoti","tipo":"Bateria de Silos","cap_t":1940},"geometry":{"type":"Point","coordinates":[-49.9241,-24.1919]}},{"type":"Feature","properties":{"kind":"armazem_conab","nome":"Lute Jongsma","municipio":"Arapoti","tipo":"Convencional","cap_t":800},"geometry":{"type":"Point","coordinates":[-49.92353,-24.19175]}},{"type":"Feature","properties":{"kind":"armazem_conab","nome":"Lute Jongsma","municipio":"Arapoti","tipo":"Bateria de Silos","cap_t":850},"geometry":{"type":"Point","coordinates":[-49.9234,-24.19149]}},{"type":"Feature","properties":{"kind":"armazem_conab","nome":"Castrolanda - Cooperativa Agroindustrial Ltda","municipio":"Piraí do Sul","tipo":"Bateria de Silos","cap_t":78610},"geometry":{"type":"Point","coordinates":[-49.92317,-24.54698]}},{"type":"Feature","properties":{"kind":"armazem_conab","nome":"Edson Hitoshi Kayano","municipio":"Castro","tipo":"Bateria de Silos","cap_t":1160},"geometry":{"type":"Point","coordinates":[-49.92246,-24.69178]}},{"type":"Feature","properties":{"kind":"armazem_conab","nome":"Jan Frederik Loman","municipio":"Arapoti","tipo":"Bateria de Silos","cap_t":2310},"geometry":{"type":"Point","coordinates":[-49.92178,-24.19779]}},{"type":"Feature","properties":{"kind":"armazem_conab","nome":"Jan Frederik Loman","municipio":"Arapoti","tipo":"Bateria de Silos","cap_t":1010},"geometry":{"type":"Point","coordinates":[-49.92137,-24.19811]}},{"type":"Feature","properties":{"kind":"armazem_conab","nome":"Jan Frederik Loman","municipio":"Arapoti","tipo":"Convencional","cap_t":6980},"geometry":{"type":"Point","coordinates":[-49.92086,-24.19761]}},{"type":"Feature","properties":{"kind":"armazem_conab","nome":"Marco Antonio Lesniewski","municipio":"Quatiguá","tipo":"Convencional","cap_t":1710},"geometry":{"type":"Point","coordinates":[-49.9205,-23.56127]}},{"type":"Feature","properties":{"kind":"armazem_conab","nome":"Frangos Pioneiro Ind. e Com. de Alimentos Ltda.","municipio":"Joaquim Távora","tipo":"Bateria de Silos","cap_t":10210},"geometry":{"type":"Point","coordinates":[-49.92032,-23.51739]}},{"type":"Feature","properties":{"kind":"armazem_conab","nome":"Joao Cristiano Kiers","municipio":"Castro","tipo":"Bateria de Silos","cap_t":3800},"geometry":{"type":"Point","coordinates":[-49.91687,-24.74806]}},{"type":"Feature","properties":{"kind":"armazem_conab","nome":"Reinder Mattheus Barkema","municipio":"Castro","tipo":"Bateria de Silos","cap_t":5700},"geometry":{"type":"Point","coordinates":[-49.9151,-24.77759]}},{"type":"Feature","properties":{"kind":"armazem_conab","nome":"Seara Alimentos Ltda","municipio":"Jacarezinho","tipo":"Bateria de Silos","cap_t":1720},"geometry":{"type":"Point","coordinates":[-49.91261,-23.01425]}},{"type":"Feature","properties":{"kind":"armazem_conab","nome":"Jan Hassjes","municipio":"Castro","tipo":"Bateria de Silos","cap_t":2970},"geometry":{"type":"Point","coordinates":[-49.89326,-24.79887]}},{"type":"Feature","properties":{"kind":"armazem_conab","nome":"Jose Bertolini","municipio":"Castro","tipo":"Bateria de Silos","cap_t":2430},"geometry":{"type":"Point","coordinates":[-49.88797,-24.6173]}},{"type":"Feature","properties":{"kind":"armazem_conab","nome":"Roberto Meindert Borg","municipio":"Castro","tipo":"Convencional","cap_t":180},"geometry":{"type":"Point","coordinates":[-49.87678,-24.70324]}},{"type":"Feature","properties":{"kind":"armazem_conab","nome":"Roberto Meindert Borg","municipio":"Castro","tipo":"Bateria de Silos","cap_t":1670},"geometry":{"type":"Point","coordinates":[-49.8761,-24.70349]}},{"type":"Feature","properties":{"kind":"armazem_conab","nome":"Tonny Van de Pol","municipio":"Arapoti","tipo":"Silo","cap_t":840},"geometry":{"type":"Point","coordinates":[-49.8721,-24.1591]}},{"type":"Feature","properties":{"kind":"armazem_conab","nome":"Dionisio Bertolini","municipio":"Castro","tipo":"Bateria de Silos","cap_t":1720},"geometry":{"type":"Point","coordinates":[-49.87133,-24.75507]}},{"type":"Feature","properties":{"kind":"armazem_conab","nome":"Richard Hendrik Borg","municipio":"Castro","tipo":"Bateria de Silos","cap_t":2090},"geometry":{"type":"Point","coordinates":[-49.86496,-24.6747]}},{"type":"Feature","properties":{"kind":"armazem_conab","nome":"Marvin Epp","municipio":"Palmeira","tipo":"Bateria de Silos","cap_t":1760},"geometry":{"type":"Point","coordinates":[-49.85671,-25.38371]}},{"type":"Feature","properties":{"kind":"armazem_conab","nome":"Distribuidora Pitangueiras de Produtos Agropecuarios Ltda","municipio":"Arapoti","tipo":"Bateria de Silos","cap_t":22890},"geometry":{"type":"Point","coordinates":[-49.84377,-24.11767]}},{"type":"Feature","properties":{"kind":"armazem_conab","nome":"Haije Elgersma","municipio":"Arapoti","tipo":"Bateria de Silos","cap_t":1450},"geometry":{"type":"Point","coordinates":[-49.8332,-24.14727]}},{"type":"Feature","properties":{"kind":"armazem_conab","nome":"Ivo Possatto","municipio":"Arapoti","tipo":"Graneleiro","cap_t":5850},"geometry":{"type":"Point","coordinates":[-49.82634,-24.14598]}},{"type":"Feature","properties":{"kind":"armazem_conab","nome":"Ivo Possatto","municipio":"Arapoti","tipo":"Bateria de Silos","cap_t":160},"geometry":{"type":"Point","coordinates":[-49.82634,-24.14598]}},{"type":"Feature","properties":{"kind":"armazem_conab","nome":"Capal Cooperativa Agroindustrial","municipio":"Wenceslau Braz","tipo":"Bateria de Silos","cap_t":36820},"geometry":{"type":"Point","coordinates":[-49.82592,-23.88329]}},{"type":"Feature","properties":{"kind":"armazem_conab","nome":"Capal Cooperativa Agroindustrial","municipio":"Wenceslau Braz","tipo":"Depï¿½sito","cap_t":8100},"geometry":{"type":"Point","coordinates":[-49.82566,-23.88236]}},{"type":"Feature","properties":{"kind":"armazem_conab","nome":"Capal Cooperativa Agroindustrial","municipio":"Arapoti","tipo":"Convencional","cap_t":3150},"geometry":{"type":"Point","coordinates":[-49.82185,-24.15189]}},{"type":"Feature","properties":{"kind":"armazem_conab","nome":"Cooperativa Agroindustrial Witmarsum Ltda","municipio":"Palmeira","tipo":"Silo","cap_t":1680},"geometry":{"type":"Point","coordinates":[-49.8217,-25.4228]}},{"type":"Feature","properties":{"kind":"armazem_conab","nome":"Capal Cooperativa Agroindustrial","municipio":"Arapoti","tipo":"Convencional","cap_t":2570},"geometry":{"type":"Point","coordinates":[-49.82138,-24.15274]}},{"type":"Feature","properties":{"kind":"armazem_conab","nome":"Liechocki & Faustinoni Ltda","municipio":"Siqueira Campos","tipo":"Silo","cap_t":610},"geometry":{"type":"Point","coordinates":[-49.82124,-23.68804]}},{"type":"Feature","properties":{"kind":"armazem_conab","nome":"Cooperativa Agroindustrial Witmarsum Ltda","municipio":"Palmeira","tipo":"Bateria de Silos","cap_t":5130},"geometry":{"type":"Point","coordinates":[-49.8212,-25.4227]}},{"type":"Feature","properties":{"kind":"armazem_conab","nome":"Liechocki & Faustinoni Ltda","municipio":"Siqueira Campos","tipo":"Convencional","cap_t":1800},"geometry":{"type":"Point","coordinates":[-49.82117,-23.68778]}},{"type":"Feature","properties":{"kind":"armazem_conab","nome":"Capal Cooperativa Agroindustrial","municipio":"Arapoti","tipo":"Convencional","cap_t":16200},"geometry":{"type":"Point","coordinates":[-49.82088,-24.15372]}},{"type":"Feature","properties":{"kind":"armazem_conab","nome":"Capal Cooperativa Agroindustrial","municipio":"Arapoti","tipo":"Convencional","cap_t":2598},"geometry":{"type":"Point","coordinates":[-49.82076,-24.15255]}},{"type":"Feature","properties":{"kind":"armazem_conab","nome":"Capal Cooperativa Agroindustrial","municipio":"Arapoti","tipo":"Bateria de Silos","cap_t":33520},"geometry":{"type":"Point","coordinates":[-49.82075,-24.15489]}},{"type":"Feature","properties":{"kind":"armazem_conab","nome":"Cooperativa Agroindustrial Witmarsum Ltda","municipio":"Palmeira","tipo":"Bateria de Silos","cap_t":7920},"geometry":{"type":"Point","coordinates":[-49.8206,-25.4226]}},{"type":"Feature","properties":{"kind":"armazem_conab","nome":"Capal Cooperativa Agroindustrial","municipio":"Arapoti","tipo":"Graneleiro","cap_t":109300},"geometry":{"type":"Point","coordinates":[-49.82047,-24.15523]}},{"type":"Feature","properties":{"kind":"armazem_conab","nome":"Futuragro Distr de Insumos Agric","municipio":"Lapa","tipo":"Bateria de Silos","cap_t":9880},"geometry":{"type":"Point","coordinates":[-49.81843,-25.7016]}},{"type":"Feature","properties":{"kind":"armazem_conab","nome":"Koob Petter","municipio":"Castro","tipo":"Graneleiro","cap_t":2570},"geometry":{"type":"Point","coordinates":[-49.81528,-24.66082]}},{"type":"Feature","properties":{"kind":"armazem_conab","nome":"Eric Jan Petter","municipio":"Castro","tipo":"Convencional","cap_t":230},"geometry":{"type":"Point","coordinates":[-49.81433,-24.66101]}},{"type":"Feature","properties":{"kind":"armazem_conab","nome":"Danilo Lineu Antunes e Cia Ltda","municipio":"Wenceslau Braz","tipo":"Convencional","cap_t":5780},"geometry":{"type":"Point","coordinates":[-49.81334,-23.9112]}},{"type":"Feature","properties":{"kind":"armazem_conab","nome":"Renee Van Der Goot","municipio":"Arapoti","tipo":"Bateria de Silos","cap_t":760},"geometry":{"type":"Point","coordinates":[-49.80601,-24.15624]}},{"type":"Feature","properties":{"kind":"armazem_conab","nome":"Coop Agroindustrial Bom Jesus","municipio":"Lapa","tipo":"Bateria de Silos","cap_t":36590},"geometry":{"type":"Point","coordinates":[-49.80013,-25.69789]}},{"type":"Feature","properties":{"kind":"armazem_conab","nome":"Coop Agroindustrial Bom Jesus","municipio":"Lapa","tipo":"Bateria de Silos","cap_t":22480},"geometry":{"type":"Point","coordinates":[-49.7993,-25.69791]}},{"type":"Feature","properties":{"kind":"armazem_conab","nome":"Waldir de Paula & de Paula Cereais Ltda","municipio":"Wenceslau Braz","tipo":"Silo","cap_t":1480},"geometry":{"type":"Point","coordinates":[-49.79861,-23.8603]}},{"type":"Feature","properties":{"kind":"armazem_conab","nome":"Ernesto Barbosa Lemes","municipio":"Siqueira Campos","tipo":"Convencional","cap_t":400},"geometry":{"type":"Point","coordinates":[-49.7985,-23.70668]}},{"type":"Feature","properties":{"kind":"armazem_conab","nome":"Ernesto Barbosa Lemes","municipio":"Siqueira Campos","tipo":"Bateria de Silos","cap_t":480},"geometry":{"type":"Point","coordinates":[-49.79787,-23.70676]}},{"type":"Feature","properties":{"kind":"armazem_conab","nome":"Alb Incorporadora e Administradora de Bens Próprios","municipio":"Wenceslau Braz","tipo":"Bateria de Silos","cap_t":11220},"geometry":{"type":"Point","coordinates":[-49.79626,-23.76883]}},{"type":"Feature","properties":{"kind":"armazem_conab","nome":"Integrada Cooperativa Agroindustrial","municipio":"Wenceslau Braz","tipo":"Convencional","cap_t":34200},"geometry":{"type":"Point","coordinates":[-49.79619,-23.85755]}},{"type":"Feature","properties":{"kind":"armazem_conab","nome":"Integrada Cooperativa Agroindustrial","municipio":"Wenceslau Braz","tipo":"Silo","cap_t":6090},"geometry":{"type":"Point","coordinates":[-49.79586,-23.85788]}},{"type":"Feature","properties":{"kind":"armazem_conab","nome":"Alb Incorporadora e Administradora de Bens Próprios","municipio":"Wenceslau Braz","tipo":"Graneleiro","cap_t":35810},"geometry":{"type":"Point","coordinates":[-49.7958,-23.7683]}},{"type":"Feature","properties":{"kind":"armazem_conab","nome":"C.c de Souza & J. Araujo Ltda","municipio":"Wenceslau Braz","tipo":"Convencional","cap_t":2250},"geometry":{"type":"Point","coordinates":[-49.79574,-23.85889]}},{"type":"Feature","properties":{"kind":"armazem_conab","nome":"Integrada Cooperativa Agroindustrial","municipio":"Wenceslau Braz","tipo":"Bateria de Silos","cap_t":5760},"geometry":{"type":"Point","coordinates":[-49.79478,-23.85697]}},{"type":"Feature","properties":{"kind":"armazem_conab","nome":"Distribuidora Pitangueiras de Produtos Agropecuarios Ltda","municipio":"Wenceslau Braz","tipo":"Bateria de Silos","cap_t":12120},"geometry":{"type":"Point","coordinates":[-49.79422,-23.85896]}},{"type":"Feature","properties":{"kind":"armazem_conab","nome":"Bocchi Agronegócios & Cia Ltda.","municipio":"Wenceslau Braz","tipo":"Convencional","cap_t":2030},"geometry":{"type":"Point","coordinates":[-49.79157,-23.84841]}},{"type":"Feature","properties":{"kind":"armazem_conab","nome":"Integrada Cooperativa Agroindustrial","municipio":"Wenceslau Braz","tipo":"Silo","cap_t":4140},"geometry":{"type":"Point","coordinates":[-49.79144,-23.85394]}},{"type":"Feature","properties":{"kind":"armazem_conab","nome":"Bocchi Agronegócios & Cia Ltda.","municipio":"Wenceslau Braz","tipo":"Bateria de Silos","cap_t":12350},"geometry":{"type":"Point","coordinates":[-49.79091,-23.84807]}},{"type":"Feature","properties":{"kind":"armazem_conab","nome":"Harry Antoine Van Noort","municipio":"Arapoti","tipo":"Silo","cap_t":300},"geometry":{"type":"Point","coordinates":[-49.78844,-24.14365]}},{"type":"Feature","properties":{"kind":"armazem_conab","nome":"Elizete Telles Petter","municipio":"Castro","tipo":"Graneleiro","cap_t":3690},"geometry":{"type":"Point","coordinates":[-49.77843,-24.62688]}},{"type":"Feature","properties":{"kind":"armazem_conab","nome":"Master Grãos Com Importação e Exportação Ltda","municipio":"Lapa","tipo":"Bateria de Silos","cap_t":60400},"geometry":{"type":"Point","coordinates":[-49.76624,-25.77736]}},{"type":"Feature","properties":{"kind":"armazem_conab","nome":"Maria Helena de Albuquerque","municipio":"Castro","tipo":"Bateria de Silos","cap_t":4380},"geometry":{"type":"Point","coordinates":[-49.76285,-24.72713]}},{"type":"Feature","properties":{"kind":"armazem_conab","nome":"Big Safra S/a","municipio":"Rio Negro","tipo":"Bateria de Silos","cap_t":21760},"geometry":{"type":"Point","coordinates":[-49.75492,-26.06841]}},{"type":"Feature","properties":{"kind":"armazem_conab","nome":"Beate Von Staa","municipio":"Jaguariaíva","tipo":"Bateria de Silos","cap_t":2350},"geometry":{"type":"Point","coordinates":[-49.75437,-24.21332]}},{"type":"Feature","properties":{"kind":"armazem_conab","nome":"Dionisio Bertolini","municipio":"Piraí do Sul","tipo":"Bateria de Silos","cap_t":3550},"geometry":{"type":"Point","coordinates":[-49.74783,-24.55708]}},{"type":"Feature","properties":{"kind":"armazem_conab","nome":"Astral Grãos","municipio":"Lapa","tipo":"Bateria de Silos","cap_t":9750},"geometry":{"type":"Point","coordinates":[-49.73758,-25.77517]}},{"type":"Feature","properties":{"kind":"armazem_conab","nome":"Astral Grãos","municipio":"Lapa","tipo":"Convencional","cap_t":770},"geometry":{"type":"Point","coordinates":[-49.73707,-25.77506]}},{"type":"Feature","properties":{"kind":"armazem_conab","nome":"Coop Agroindustrial Bom Jesus","municipio":"Lapa","tipo":"Convencional","cap_t":7938},"geometry":{"type":"Point","coordinates":[-49.73643,-25.75892]}},{"type":"Feature","properties":{"kind":"armazem_conab","nome":"Coop Agroindustrial Bom Jesus","municipio":"Lapa","tipo":"Bateria de Silos","cap_t":5855},"geometry":{"type":"Point","coordinates":[-49.73605,-25.75913]}},{"type":"Feature","properties":{"kind":"armazem_conab","nome":"Coop Agroindustrial Bom Jesus","municipio":"Lapa","tipo":"Bateria de Silos","cap_t":24655},"geometry":{"type":"Point","coordinates":[-49.7357,-25.76331]}},{"type":"Feature","properties":{"kind":"armazem_conab","nome":"Coop Agroindustrial Bom Jesus","municipio":"Lapa","tipo":"Silo","cap_t":27000},"geometry":{"type":"Point","coordinates":[-49.73566,-25.75934]}},{"type":"Feature","properties":{"kind":"armazem_conab","nome":"Coop Agroindustrial Bom Jesus","municipio":"Lapa","tipo":"Bateria de Silos","cap_t":2787},"geometry":{"type":"Point","coordinates":[-49.73552,-25.76312]}},{"type":"Feature","properties":{"kind":"armazem_conab","nome":"Coop Agroindustrial Bom Jesus","municipio":"Lapa","tipo":"Bateria de Silos","cap_t":13876},"geometry":{"type":"Point","coordinates":[-49.73528,-25.76327]}},{"type":"Feature","properties":{"kind":"armazem_conab","nome":"Coop Agroindustrial Bom Jesus","municipio":"Lapa","tipo":"Bateria de Silos","cap_t":21453},"geometry":{"type":"Point","coordinates":[-49.73497,-25.76299]}},{"type":"Feature","properties":{"kind":"armazem_conab","nome":"Richard de V Aarwerk","municipio":"Castro","tipo":"Bateria de Silos","cap_t":3300},"geometry":{"type":"Point","coordinates":[-49.7334,-24.71593]}},{"type":"Feature","properties":{"kind":"armazem_conab","nome":"João Rodrigo Dantas","municipio":"Jaguariaíva","tipo":"Bateria de Silos","cap_t":4080},"geometry":{"type":"Point","coordinates":[-49.73112,-24.14736]}},{"type":"Feature","properties":{"kind":"armazem_conab","nome":"Roberto Dallarmi","municipio":"Castro","tipo":"Bateria de Silos","cap_t":850},"geometry":{"type":"Point","coordinates":[-49.72885,-24.64669]}},{"type":"Feature","properties":{"kind":"armazem_conab","nome":"Belagricola Comercio e Representacoes de Produtos Agricolas S.a.","municipio":"Lapa","tipo":"Bateria de Silos","cap_t":23830},"geometry":{"type":"Point","coordinates":[-49.70023,-25.72865]}},{"type":"Feature","properties":{"kind":"armazem_conab","nome":"Cooperante - Cooperativa Agricola Campo do Tenente","municipio":"Campo do Tenente","tipo":"Convencional","cap_t":720},"geometry":{"type":"Point","coordinates":[-49.67901,-25.9809]}},{"type":"Feature","properties":{"kind":"armazem_conab","nome":"Cooperante - Cooperativa Agricola Campo do Tenente","municipio":"Campo do Tenente","tipo":"Bateria de Silos","cap_t":21510},"geometry":{"type":"Point","coordinates":[-49.67874,-25.98138]}},{"type":"Feature","properties":{"kind":"armazem_conab","nome":"Vanderlei Borges de Paiva","municipio":"São José da Boa Vista","tipo":"Bateria de Silos","cap_t":3130},"geometry":{"type":"Point","coordinates":[-49.66402,-24.03126]}},{"type":"Feature","properties":{"kind":"armazem_conab","nome":"H.f.f. Armazens Gerais - Eirelli - Epp","municipio":"Balsa Nova","tipo":"Bateria de Silos","cap_t":22290},"geometry":{"type":"Point","coordinates":[-49.64283,-25.5795]}},{"type":"Feature","properties":{"kind":"armazem_conab","nome":"H.f.f. Armazens Gerais - Eirelli - Epp","municipio":"Balsa Nova","tipo":"Convencional","cap_t":1980},"geometry":{"type":"Point","coordinates":[-49.64268,-25.57955]}},{"type":"Feature","properties":{"kind":"armazem_conab","nome":"Wilson Torão Ishizuka","municipio":"Santana do Itararé","tipo":"Convencional","cap_t":510},"geometry":{"type":"Point","coordinates":[-49.63474,-23.80403]}},{"type":"Feature","properties":{"kind":"armazem_conab","nome":"Wilson Torão Ishizuka","municipio":"Santana do Itararé","tipo":"Bateria de Silos","cap_t":1390},"geometry":{"type":"Point","coordinates":[-49.63464,-23.80357]}},{"type":"Feature","properties":{"kind":"armazem_conab","nome":"José Antônio Casarin","municipio":"Santana do Itararé","tipo":"Graneleiro","cap_t":1430},"geometry":{"type":"Point","coordinates":[-49.6282,-23.78363]}},{"type":"Feature","properties":{"kind":"armazem_conab","nome":"José Antônio Casarin","municipio":"Santana do Itararé","tipo":"Silo","cap_t":550},"geometry":{"type":"Point","coordinates":[-49.6279,-23.78367]}},{"type":"Feature","properties":{"kind":"armazem_conab","nome":"Coop Agroindustrial Bom Jesus","municipio":"Balsa Nova","tipo":"Bateria de Silos","cap_t":2380},"geometry":{"type":"Point","coordinates":[-49.62744,-25.57096]}},{"type":"Feature","properties":{"kind":"armazem_conab","nome":"Coop Agroindustrial Bom Jesus","municipio":"Balsa Nova","tipo":"Bateria de Silos","cap_t":10070},"geometry":{"type":"Point","coordinates":[-49.61871,-25.57014]}},{"type":"Feature","properties":{"kind":"armazem_conab","nome":"Cebal - Comércio de Cereais Balsa Nova Ltda Me","municipio":"Balsa Nova","tipo":"Convencional","cap_t":2520},"geometry":{"type":"Point","coordinates":[-49.61398,-25.57327]}},{"type":"Feature","properties":{"kind":"armazem_conab","nome":"Ghs Comercio de Cereais Ltda","municipio":"Campo Largo","tipo":"Bateria de Silos","cap_t":850},"geometry":{"type":"Point","coordinates":[-49.56601,-25.46952]}},{"type":"Feature","properties":{"kind":"armazem_conab","nome":"Cooperante - Cooperativa Agricola Campo do Tenente","municipio":"Campo do Tenente","tipo":"Bateria de Silos","cap_t":1330},"geometry":{"type":"Point","coordinates":[-49.54804,-26.0251]}},{"type":"Feature","properties":{"kind":"armazem_conab","nome":"Moinho Campo Largo Industria e Comercio Ltda","municipio":"Campo Largo","tipo":"Bateria de Silos","cap_t":5260},"geometry":{"type":"Point","coordinates":[-49.53969,-25.45721]}},{"type":"Feature","properties":{"kind":"armazem_conab","nome":"Ss Trade Importacao, Exportacao e Representacao Coml Ltda","municipio":"Contenda","tipo":"Convencional","cap_t":1350},"geometry":{"type":"Point","coordinates":[-49.53144,-25.69264]}},{"type":"Feature","properties":{"kind":"armazem_conab","nome":"Ss Trade Importacao, Exportacao e Representacao Coml Ltda","municipio":"Contenda","tipo":"Convencional","cap_t":1080},"geometry":{"type":"Point","coordinates":[-49.53106,-25.69266]}},{"type":"Feature","properties":{"kind":"armazem_conab","nome":"Coop Agroindustrial Bom Jesus","municipio":"Contenda","tipo":"Bateria de Silos","cap_t":21820},"geometry":{"type":"Point","coordinates":[-49.52779,-25.68485]}},{"type":"Feature","properties":{"kind":"armazem_conab","nome":"Silvestre Kudlavies","municipio":"Campo Largo","tipo":"Bateria de Silos","cap_t":1770},"geometry":{"type":"Point","coordinates":[-49.52027,-25.39752]}},{"type":"Feature","properties":{"kind":"armazem_conab","nome":"Sojapar Comércio de Cereais Ltda","municipio":"Contenda","tipo":"Bateria de Silos","cap_t":7080},"geometry":{"type":"Point","coordinates":[-49.51855,-25.67582]}},{"type":"Feature","properties":{"kind":"armazem_conab","nome":"Knx Beneficiamento e Comércio de Cereais Ltda","municipio":"Campo Largo","tipo":"Convencional","cap_t":1350},"geometry":{"type":"Point","coordinates":[-49.51793,-25.4046]}},{"type":"Feature","properties":{"kind":"armazem_conab","nome":"Knx Beneficiamento e Comércio de Cereais Ltda","municipio":"Campo Largo","tipo":"Convencional","cap_t":1520},"geometry":{"type":"Point","coordinates":[-49.51792,-25.40494]}},{"type":"Feature","properties":{"kind":"armazem_conab","nome":"I M Dib & Cia Ltda","municipio":"Sengés","tipo":"Convencional","cap_t":2250},"geometry":{"type":"Point","coordinates":[-49.50624,-24.11499]}},{"type":"Feature","properties":{"kind":"armazem_conab","nome":"Comércio de Cereais Cultura Ltda","municipio":"Quitandinha","tipo":"Bateria de Silos","cap_t":4420},"geometry":{"type":"Point","coordinates":[-49.50467,-25.8532]}},{"type":"Feature","properties":{"kind":"armazem_conab","nome":"Jorge Przybylok","municipio":"Quitandinha","tipo":"Bateria de Silos","cap_t":6370},"geometry":{"type":"Point","coordinates":[-49.50296,-25.86036]}},{"type":"Feature","properties":{"kind":"armazem_conab","nome":"Andre Augusto da Silveira","municipio":"Contenda","tipo":"Bateria de Silos","cap_t":7190},"geometry":{"type":"Point","coordinates":[-49.50097,-25.67021]}},{"type":"Feature","properties":{"kind":"armazem_conab","nome":"Aleixo Karachenshi","municipio":"Araucária","tipo":"Bateria de Silos","cap_t":850},"geometry":{"type":"Point","coordinates":[-49.48326,-25.52683]}},{"type":"Feature","properties":{"kind":"armazem_conab","nome":"Koob Petter","municipio":"Castro","tipo":"Bateria de Silos","cap_t":3610},"geometry":{"type":"Point","coordinates":[-49.48138,-24.66076]}},{"type":"Feature","properties":{"kind":"armazem_conab","nome":"Tadeu Wizbicki","municipio":"Araucária","tipo":"Bateria de Silos","cap_t":1140},"geometry":{"type":"Point","coordinates":[-49.46467,-25.53559]}},{"type":"Feature","properties":{"kind":"armazem_conab","nome":"Coop Agroindustrial Bom Jesus","municipio":"Quitandinha","tipo":"Bateria de Silos","cap_t":16470},"geometry":{"type":"Point","coordinates":[-49.46403,-25.87217]}},{"type":"Feature","properties":{"kind":"armazem_conab","nome":"Wilhem Marques Dib","municipio":"Sengés","tipo":"Convencional","cap_t":1440},"geometry":{"type":"Point","coordinates":[-49.46401,-24.12019]}},{"type":"Feature","properties":{"kind":"armazem_conab","nome":"Fedalto e Fedalto Ltda","municipio":"Campo Largo","tipo":"Bateria de Silos","cap_t":1770},"geometry":{"type":"Point","coordinates":[-49.46378,-25.47658]}},{"type":"Feature","properties":{"kind":"armazem_conab","nome":"Augusto Fedalto (me)","municipio":"Araucária","tipo":"Bateria de Silos","cap_t":7390},"geometry":{"type":"Point","coordinates":[-49.46347,-25.48781]}},{"type":"Feature","properties":{"kind":"armazem_conab","nome":"Casa do Milho Comercio. de Cereais","municipio":"Quitandinha","tipo":"Bateria de Silos","cap_t":4450},"geometry":{"type":"Point","coordinates":[-49.46071,-25.8999]}},{"type":"Feature","properties":{"kind":"armazem_conab","nome":"Luiz Stancyk","municipio":"Araucária","tipo":"Silo","cap_t":1070},"geometry":{"type":"Point","coordinates":[-49.45538,-25.55363]}},{"type":"Feature","properties":{"kind":"armazem_conab","nome":"Comercio de Cereais Areia Branca Ltda","municipio":"Curitiba","tipo":"Convencional","cap_t":1770},"geometry":{"type":"Point","coordinates":[-49.44962,-25.50634]}},{"type":"Feature","properties":{"kind":"armazem_conab","nome":"Stival Alim Ind Com Ltda","municipio":"Campo Largo","tipo":"Convencional","cap_t":5270},"geometry":{"type":"Point","coordinates":[-49.42078,-25.43247]}},{"type":"Feature","properties":{"kind":"armazem_conab","nome":"Cerealista e Moinho D. Pedro Ltda","municipio":"Campo Largo","tipo":"Bateria de Silos","cap_t":2450},"geometry":{"type":"Point","coordinates":[-49.41489,-25.42171]}},{"type":"Feature","properties":{"kind":"armazem_conab","nome":"Cia de Desenvolvimento Agropecuario do Parana - Codapar","municipio":"Campo Largo","tipo":"Convencional","cap_t":2670},"geometry":{"type":"Point","coordinates":[-49.41045,-25.43498]}},{"type":"Feature","properties":{"kind":"armazem_conab","nome":"Cia de Desenvolvimento Agropecuario do Parana - Codapar","municipio":"Campo Largo","tipo":"Graneleiro","cap_t":11000},"geometry":{"type":"Point","coordinates":[-49.41025,-25.43544]}},{"type":"Feature","properties":{"kind":"armazem_conab","nome":"Sul Defensivos Agrícolas Ltda","municipio":"Araucária","tipo":"Bateria de Silos","cap_t":26310},"geometry":{"type":"Point","coordinates":[-49.40867,-25.55942]}},{"type":"Feature","properties":{"kind":"armazem_conab","nome":"Sul Defensivos Agrícolas Ltda","municipio":"Araucária","tipo":"Graneleiro","cap_t":30790},"geometry":{"type":"Point","coordinates":[-49.40764,-25.55989]}},{"type":"Feature","properties":{"kind":"armazem_conab","nome":"Sul Defensivos Agrícolas Ltda","municipio":"Araucária","tipo":"Convencional","cap_t":4730},"geometry":{"type":"Point","coordinates":[-49.40712,-25.55962]}},{"type":"Feature","properties":{"kind":"armazem_conab","nome":"Sul Defensivos Agrícolas Ltda","municipio":"Araucária","tipo":"Graneleiro","cap_t":15570},"geometry":{"type":"Point","coordinates":[-49.40669,-25.55966]}},{"type":"Feature","properties":{"kind":"armazem_conab","nome":"Sul Defensivos Agrícolas Ltda","municipio":"Araucária","tipo":"Silo","cap_t":6610},"geometry":{"type":"Point","coordinates":[-49.40564,-25.56038]}},{"type":"Feature","properties":{"kind":"armazem_conab","nome":"Sul Defensivos Agrícolas Ltda","municipio":"Araucária","tipo":"Graneleiro","cap_t":49140},"geometry":{"type":"Point","coordinates":[-49.40559,-25.55994]}},{"type":"Feature","properties":{"kind":"armazem_conab","nome":"Sul Defensivos Agrícolas Ltda","municipio":"Araucária","tipo":"Graneleiro","cap_t":69930},"geometry":{"type":"Point","coordinates":[-49.40535,-25.55951]}},{"type":"Feature","properties":{"kind":"armazem_conab","nome":"Sul Defensivos Agrícolas Ltda","municipio":"Araucária","tipo":"Bateria de Silos","cap_t":5800},"geometry":{"type":"Point","coordinates":[-49.40496,-25.56039]}},{"type":"Feature","properties":{"kind":"armazem_conab","nome":"Pé Vermelho Alimentos Ltda","municipio":"Curitiba","tipo":"Convencional","cap_t":1110},"geometry":{"type":"Point","coordinates":[-49.34258,-25.50539]}},{"type":"Feature","properties":{"kind":"armazem_conab","nome":"Grãos Brasil Com. Imp. e Exp. de Cereais Ltda.","municipio":"Curitiba","tipo":"Convencional","cap_t":1960},"geometry":{"type":"Point","coordinates":[-49.34225,-25.49328]}},{"type":"Feature","properties":{"kind":"armazem_conab","nome":"Belarina Alimentos S/a","municipio":"Curitiba","tipo":"Bateria de Silos","cap_t":5100},"geometry":{"type":"Point","coordinates":[-49.31839,-25.48678]}},{"type":"Feature","properties":{"kind":"armazem_conab","nome":"Pecavi Alimentos Ltda","municipio":"Curitiba","tipo":"Bateria de Silos","cap_t":550},"geometry":{"type":"Point","coordinates":[-49.28719,-25.56595]}},{"type":"Feature","properties":{"kind":"armazem_conab","nome":"Anaconda Indl e Agricola de Cereais S/a","municipio":"Curitiba","tipo":"Bateria de Silos","cap_t":16730},"geometry":{"type":"Point","coordinates":[-49.25165,-25.43652]}},{"type":"Feature","properties":{"kind":"armazem_conab","nome":"Cia de Desenvolvimento Agropecuario do Parana - Codapar","municipio":"Campo Largo","tipo":"Silo","cap_t":2590},"geometry":{"type":"Point","coordinates":[-49.24335,-25.26076]}},{"type":"Feature","properties":{"kind":"armazem_conab","nome":"Tb - Serv. Transp. Limp. Gerenciamento e Rh Ltda","municipio":"Curitiba","tipo":"Graneleiro","cap_t":64950},"geometry":{"type":"Point","coordinates":[-49.23887,-25.54079]}},{"type":"Feature","properties":{"kind":"armazem_conab","nome":"Tb - Serv. Transp. Limp. Gerenciamento e Rh Ltda","municipio":"Curitiba","tipo":"Graneleiro","cap_t":64950},"geometry":{"type":"Point","coordinates":[-49.23847,-25.54109]}},{"type":"Feature","properties":{"kind":"armazem_conab","nome":"Tb - Serv. Transp. Limp. Gerenciamento e Rh Ltda","municipio":"Curitiba","tipo":"Graneleiro","cap_t":37050},"geometry":{"type":"Point","coordinates":[-49.23782,-25.53976]}},{"type":"Feature","properties":{"kind":"armazem_conab","nome":"Nutrimental S/a Ind e Com de Alimentos","municipio":"São José dos Pinhais","tipo":"Convencional","cap_t":3550},"geometry":{"type":"Point","coordinates":[-49.19378,-25.53077]}},{"type":"Feature","properties":{"kind":"armazem_conab","nome":"Moinho do Nordeste S/a","municipio":"Pinhais","tipo":"Bateria de Silos","cap_t":15200},"geometry":{"type":"Point","coordinates":[-49.19066,-25.45024]}},{"type":"Feature","properties":{"kind":"armazem_conab","nome":"Molino Rosso Ltda","municipio":"Pinhais","tipo":"Bateria de Silos","cap_t":16510},"geometry":{"type":"Point","coordinates":[-49.18803,-25.44705]}},{"type":"Feature","properties":{"kind":"armazem_conab","nome":"Cia de Desenvolvimento Agropecuario do Parana - Codapar","municipio":"Pinhais","tipo":"Convencional","cap_t":15930},"geometry":{"type":"Point","coordinates":[-49.18508,-25.44241]}},{"type":"Feature","properties":{"kind":"armazem_conab","nome":"Cia de Desenvolvimento Agropecuario do Parana - Codapar","municipio":"Pinhais","tipo":"Convencional","cap_t":6610},"geometry":{"type":"Point","coordinates":[-49.18448,-25.44219]}},{"type":"Feature","properties":{"kind":"armazem_conab","nome":"Ost Farm Agropecuária Ltda","municipio":"São José dos Pinhais","tipo":"Silo","cap_t":3950},"geometry":{"type":"Point","coordinates":[-49.12409,-25.56098]}},{"type":"Feature","properties":{"kind":"armazem_conab","nome":"Ost Farm Agropecuária Ltda","municipio":"São José dos Pinhais","tipo":"Bateria de Silos","cap_t":1150},"geometry":{"type":"Point","coordinates":[-49.12408,-25.56048]}},{"type":"Feature","properties":{"kind":"armazem_conab","nome":"Terminais Portuário da Ponta do Felix","municipio":"Antonina","tipo":"Convencional","cap_t":2840},"geometry":{"type":"Point","coordinates":[-48.68414,-25.46005]}},{"type":"Feature","properties":{"kind":"armazem_conab","nome":"Terminais Portuário da Ponta do Felix","municipio":"Antonina","tipo":"Convencional","cap_t":6750},"geometry":{"type":"Point","coordinates":[-48.6784,-25.45541]}},{"type":"Feature","properties":{"kind":"armazem_conab","nome":"Terminais Portuário da Ponta do Felix","municipio":"Antonina","tipo":"Convencional","cap_t":5630},"geometry":{"type":"Point","coordinates":[-48.67762,-25.45566]}},{"type":"Feature","properties":{"kind":"armazem_conab","nome":"Terminais Portuário da Ponta do Felix","municipio":"Antonina","tipo":"Convencional","cap_t":5100},"geometry":{"type":"Point","coordinates":[-48.67725,-25.4564]}},{"type":"Feature","properties":{"kind":"armazem_conab","nome":"Terminais Portuário da Ponta do Felix","municipio":"Antonina","tipo":"Convencional","cap_t":6200},"geometry":{"type":"Point","coordinates":[-48.67426,-25.45804]}},{"type":"Feature","properties":{"kind":"armazem_conab","nome":"Empresa Paiaguas de Armazenagem Ltda - Me","municipio":"Paranaguá","tipo":"Bateria de Silos","cap_t":3680},"geometry":{"type":"Point","coordinates":[-48.58151,-25.54917]}},{"type":"Feature","properties":{"kind":"armazem_conab","nome":"Terminais do Sul Armazens Gerais Ltda","municipio":"Paranaguá","tipo":"Convencional","cap_t":1960},"geometry":{"type":"Point","coordinates":[-48.56345,-25.54559]}},{"type":"Feature","properties":{"kind":"armazem_conab","nome":"Terminais do Sul Armazens Gerais Ltda","municipio":"Paranaguá","tipo":"Convencional","cap_t":4450},"geometry":{"type":"Point","coordinates":[-48.56299,-25.55451]}},{"type":"Feature","properties":{"kind":"armazem_conab","nome":"Terminais do Sul Armazens Gerais Ltda","municipio":"Paranaguá","tipo":"Convencional","cap_t":4450},"geometry":{"type":"Point","coordinates":[-48.56293,-25.54481]}},{"type":"Feature","properties":{"kind":"armazem_conab","nome":"Terminais do Sul Armazens Gerais Ltda","municipio":"Paranaguá","tipo":"Convencional","cap_t":11250},"geometry":{"type":"Point","coordinates":[-48.56241,-25.54442]}},{"type":"Feature","properties":{"kind":"armazem_conab","nome":"Lavoura Ind e Com Oeste S/a","municipio":"Paranaguá","tipo":"Bateria de Silos","cap_t":21570},"geometry":{"type":"Point","coordinates":[-48.55483,-25.55004]}},{"type":"Feature","properties":{"kind":"armazem_conab","nome":"Lavoura Ind e Com Oeste S/a","municipio":"Paranaguá","tipo":"Graneleiro","cap_t":7000},"geometry":{"type":"Point","coordinates":[-48.55442,-25.55005]}},{"type":"Feature","properties":{"kind":"armazem_conab","nome":"Sulterminais de Armazens Gerais Ltda","municipio":"Paranaguá","tipo":"Convencional","cap_t":9760},"geometry":{"type":"Point","coordinates":[-48.55115,-25.52929]}},{"type":"Feature","properties":{"kind":"armazem_conab","nome":"Terminal Portuário Seara S/a","municipio":"Paranaguá","tipo":"Bateria de Silos","cap_t":67710},"geometry":{"type":"Point","coordinates":[-48.54451,-25.54331]}},{"type":"Feature","properties":{"kind":"armazem_conab","nome":"All-america Latina Logistica Armazens Gerais Ltda","municipio":"Paranaguá","tipo":"Bateria de Silos","cap_t":43300},"geometry":{"type":"Point","coordinates":[-48.54118,-25.54121]}},{"type":"Feature","properties":{"kind":"armazem_conab","nome":"Delta Fertilizantes Ltda","municipio":"Paranaguá","tipo":"Convencional","cap_t":9000},"geometry":{"type":"Point","coordinates":[-48.53089,-25.50922]}},{"type":"Feature","properties":{"kind":"armazem_conab","nome":"Sipal Industria e Comercio Ltda","municipio":"Paranaguá","tipo":"Bateria de Silos","cap_t":80000},"geometry":{"type":"Point","coordinates":[-48.52798,-25.51243]}},{"type":"Feature","properties":{"kind":"armazem_conab","nome":"Cia Produtores de Armazéns Gerais","municipio":"Paranaguá","tipo":"Convencional","cap_t":27990},"geometry":{"type":"Point","coordinates":[-48.52729,-25.51532]}},{"type":"Feature","properties":{"kind":"armazem_conab","nome":"Sipal Industria e Comercio Ltda","municipio":"Paranaguá","tipo":"Bateria de Silos","cap_t":25500},"geometry":{"type":"Point","coordinates":[-48.52545,-25.50493]}},{"type":"Feature","properties":{"kind":"armazem_conab","nome":"Sulterminais de Armazens Gerais Ltda","municipio":"Paranaguá","tipo":"Graneleiro","cap_t":19300},"geometry":{"type":"Point","coordinates":[-48.52527,-25.50754]}},{"type":"Feature","properties":{"kind":"armazem_conab","nome":"Bunge Alimentos S/a","municipio":"Paranaguá","tipo":"Graneleiro","cap_t":34370},"geometry":{"type":"Point","coordinates":[-48.52517,-25.50421]}},{"type":"Feature","properties":{"kind":"armazem_conab","nome":"Bunge Alimentos S/a","municipio":"Paranaguá","tipo":"Silo","cap_t":12620},"geometry":{"type":"Point","coordinates":[-48.52489,-25.50286]}},{"type":"Feature","properties":{"kind":"armazem_conab","nome":"Pasa Paraná Operações Portuária S/a","municipio":"Paranaguá","tipo":"Graneleiro","cap_t":48440},"geometry":{"type":"Point","coordinates":[-48.52389,-25.50495]}},{"type":"Feature","properties":{"kind":"armazem_conab","nome":"Bunge Alimentos S/a","municipio":"Paranaguá","tipo":"Graneleiro","cap_t":117610},"geometry":{"type":"Point","coordinates":[-48.52388,-25.50666]}},{"type":"Feature","properties":{"kind":"armazem_conab","nome":"Pasa Paraná Operações Portuária S/a","municipio":"Paranaguá","tipo":"Graneleiro","cap_t":100059},"geometry":{"type":"Point","coordinates":[-48.52358,-25.50612]}},{"type":"Feature","properties":{"kind":"armazem_conab","nome":"Bunge Alimentos S/a","municipio":"Paranaguá","tipo":"Graneleiro","cap_t":45230},"geometry":{"type":"Point","coordinates":[-48.52356,-25.50837]}},{"type":"Feature","properties":{"kind":"armazem_conab","nome":"Sulterminais de Armazens Gerais Ltda","municipio":"Paranaguá","tipo":"Convencional","cap_t":7750},"geometry":{"type":"Point","coordinates":[-48.52312,-25.51665]}},{"type":"Feature","properties":{"kind":"armazem_conab","nome":"Pasa Paraná Operações Portuária S/a","municipio":"Paranaguá","tipo":"Graneleiro","cap_t":54928},"geometry":{"type":"Point","coordinates":[-48.52211,-25.50396]}},{"type":"Feature","properties":{"kind":"armazem_conab","nome":"Bunge Alimentos S/a","municipio":"Paranaguá","tipo":"Graneleiro","cap_t":20620},"geometry":{"type":"Point","coordinates":[-48.52052,-25.50707]}},{"type":"Feature","properties":{"kind":"armazem_conab","nome":"Bunge Alimentos S/a","municipio":"Paranaguá","tipo":"Graneleiro","cap_t":56720},"geometry":{"type":"Point","coordinates":[-48.51993,-25.50643]}},{"type":"Feature","properties":{"kind":"armazem_conab","nome":"Sulterminais de Armazens Gerais Ltda","municipio":"Paranaguá","tipo":"Convencional","cap_t":12140},"geometry":{"type":"Point","coordinates":[-48.51987,-25.50797]}},{"type":"Feature","properties":{"kind":"armazem_conab","nome":"Cimbessul S/a Centro Integrado de Mercadorias, Bens e Serviços do Mercosul","municipio":"Paranaguá","tipo":"Graneleiro","cap_t":45000},"geometry":{"type":"Point","coordinates":[-48.51861,-25.50856]}},{"type":"Feature","properties":{"kind":"armazem_conab","nome":"Cimbessul S/a Centro Integrado de Mercadorias, Bens e Serviços do Mercosul","municipio":"Paranaguá","tipo":"Graneleiro","cap_t":45000},"geometry":{"type":"Point","coordinates":[-48.51854,-25.50854]}},{"type":"Feature","properties":{"kind":"armazem_conab","nome":"Teapar - Terminal Portuario de Paranagua Ltda.","municipio":"Paranaguá","tipo":"Convencional","cap_t":10340},"geometry":{"type":"Point","coordinates":[-48.51792,-25.50337]}},{"type":"Feature","properties":{"kind":"armazem_conab","nome":"Agtl- Armazens Gerais Terminal Ltda","municipio":"Paranaguá","tipo":"Bateria de Silos","cap_t":66000},"geometry":{"type":"Point","coordinates":[-48.51609,-25.50743]}},{"type":"Feature","properties":{"kind":"armazem_conab","nome":"Sulterminais de Armazens Gerais Ltda","municipio":"Paranaguá","tipo":"Convencional","cap_t":9320},"geometry":{"type":"Point","coordinates":[-48.51328,-25.51159]}},{"type":"Feature","properties":{"kind":"armazem_conab","nome":"Cotriguaçu Cooperativa Central","municipio":"Paranaguá","tipo":"Graneleiro","cap_t":45000},"geometry":{"type":"Point","coordinates":[-48.51317,-25.50759]}},{"type":"Feature","properties":{"kind":"armazem_conab","nome":"Sulterminais de Armazens Gerais Ltda","municipio":"Paranaguá","tipo":"Convencional","cap_t":17450},"geometry":{"type":"Point","coordinates":[-48.51286,-25.51214]}},{"type":"Feature","properties":{"kind":"armazem_conab","nome":"Cotriguaçu Cooperativa Central","municipio":"Paranaguá","tipo":"Graneleiro","cap_t":25000},"geometry":{"type":"Point","coordinates":[-48.5127,-25.50794]}},{"type":"Feature","properties":{"kind":"armazem_conab","nome":"Cotriguaçu Cooperativa Central","municipio":"Paranaguá","tipo":"Graneleiro","cap_t":45630},"geometry":{"type":"Point","coordinates":[-48.51249,-25.50664]}},{"type":"Feature","properties":{"kind":"armazem_conab","nome":"Cotriguaçu Cooperativa Central","municipio":"Paranaguá","tipo":"Graneleiro","cap_t":25000},"geometry":{"type":"Point","coordinates":[-48.51231,-25.50814]}},{"type":"Feature","properties":{"kind":"armazem_conab","nome":"Cargill Agricola S A","municipio":"Paranaguá","tipo":"Graneleiro","cap_t":30000},"geometry":{"type":"Point","coordinates":[-48.51223,-25.50418]}},{"type":"Feature","properties":{"kind":"armazem_conab","nome":"Cargill Agricola S A","municipio":"Paranaguá","tipo":"Graneleiro","cap_t":40000},"geometry":{"type":"Point","coordinates":[-48.51221,-25.50477]}},{"type":"Feature","properties":{"kind":"armazem_conab","nome":"Cotriguaçu Cooperativa Central","municipio":"Paranaguá","tipo":"Graneleiro","cap_t":25000},"geometry":{"type":"Point","coordinates":[-48.51197,-25.50689]}},{"type":"Feature","properties":{"kind":"armazem_conab","nome":"Cotriguaçu Cooperativa Central","municipio":"Paranaguá","tipo":"Graneleiro","cap_t":25000},"geometry":{"type":"Point","coordinates":[-48.51155,-25.50719]}},{"type":"Feature","properties":{"kind":"armazem_conab","nome":"Cargill Agricola S A","municipio":"Paranaguá","tipo":"Graneleiro","cap_t":25000},"geometry":{"type":"Point","coordinates":[-48.51088,-25.50456]}},{"type":"Feature","properties":{"kind":"armazem_conab","nome":"Cargill Agricola S A","municipio":"Paranaguá","tipo":"Graneleiro","cap_t":20000},"geometry":{"type":"Point","coordinates":[-48.51073,-25.50394]}},{"type":"Feature","properties":{"kind":"armazem_conab","nome":"Rocha Terminais Portuarios e Logistica S.a.","municipio":"Paranaguá","tipo":"Graneleiro","cap_t":76760},"geometry":{"type":"Point","coordinates":[-48.51051,-25.50828]}},{"type":"Feature","properties":{"kind":"armazem_conab","nome":"Rocha Terminais Portuarios e Logistica S.a.","municipio":"Paranaguá","tipo":"Graneleiro","cap_t":76760},"geometry":{"type":"Point","coordinates":[-48.50985,-25.50782]}},{"type":"Feature","properties":{"kind":"armazem_conab","nome":"Administracao dos Portos de Paranagua e Antonina","municipio":"Paranaguá","tipo":"Graneleiro","cap_t":17930},"geometry":{"type":"Point","coordinates":[-48.50872,-25.50237]}},{"type":"Feature","properties":{"kind":"armazem_conab","nome":"Centro Sul Serv Maritimos Ltda","municipio":"Paranaguá","tipo":"Graneleiro","cap_t":70250},"geometry":{"type":"Point","coordinates":[-48.50864,-25.50391]}},{"type":"Feature","properties":{"kind":"armazem_conab","nome":"Administracao dos Portos de Paranagua e Antonina","municipio":"Paranaguá","tipo":"Graneleiro","cap_t":17930},"geometry":{"type":"Point","coordinates":[-48.5086,-25.50293]}},{"type":"Feature","properties":{"kind":"armazem_conab","nome":"Coamo Agroindustrial Cooperativa","municipio":"Paranaguá","tipo":"Graneleiro","cap_t":47000},"geometry":{"type":"Point","coordinates":[-48.50812,-25.50623]}},{"type":"Feature","properties":{"kind":"armazem_conab","nome":"Coamo Agroindustrial Cooperativa","municipio":"Paranaguá","tipo":"Graneleiro","cap_t":65250},"geometry":{"type":"Point","coordinates":[-48.50781,-25.50922]}},{"type":"Feature","properties":{"kind":"armazem_conab","nome":"Administracao dos Portos de Paranagua e Antonina","municipio":"Paranaguá","tipo":"Silo","cap_t":98350},"geometry":{"type":"Point","coordinates":[-48.50778,-25.50544]}},{"type":"Feature","properties":{"kind":"armazem_conab","nome":"Administracao dos Portos de Paranagua e Antonina","municipio":"Paranaguá","tipo":"Graneleiro","cap_t":17930},"geometry":{"type":"Point","coordinates":[-48.50692,-25.50215]}},{"type":"Feature","properties":{"kind":"armazem_conab","nome":"Coamo Agroindustrial Cooperativa","municipio":"Paranaguá","tipo":"Graneleiro","cap_t":47000},"geometry":{"type":"Point","coordinates":[-48.50686,-25.50613]}},{"type":"Feature","properties":{"kind":"armazem_conab","nome":"Administracao dos Portos de Paranagua e Antonina","municipio":"Paranaguá","tipo":"Graneleiro","cap_t":17930},"geometry":{"type":"Point","coordinates":[-48.50681,-25.5026]}},{"type":"Feature","properties":{"kind":"armazem_conab","nome":"Louis Dreyfus Company Brasil S.a.","municipio":"Paranaguá","tipo":"Graneleiro","cap_t":49470},"geometry":{"type":"Point","coordinates":[-48.50659,-25.50351]}},{"type":"Feature","properties":{"kind":"armazem_conab","nome":"Coamo Agroindustrial Cooperativa","municipio":"Paranaguá","tipo":"Graneleiro","cap_t":53550},"geometry":{"type":"Point","coordinates":[-48.50647,-25.50675]}},{"type":"Feature","properties":{"kind":"armazem_conab","nome":"Interalli Administracao e Particip. Sa","municipio":"Paranaguá","tipo":"Bateria de Silos","cap_t":15520},"geometry":{"type":"Point","coordinates":[-48.50644,-25.50419]}},{"type":"Feature","properties":{"kind":"armazem_conab","nome":"Interalli Administracao e Particip. Sa","municipio":"Paranaguá","tipo":"Bateria de Silos","cap_t":35000},"geometry":{"type":"Point","coordinates":[-48.50469,-25.50434]}},{"type":"Feature","properties":{"kind":"armazem_conab","nome":"Louis Dreyfus Company Brasil S.a.","municipio":"Paranaguá","tipo":"Bateria de Silos","cap_t":48000},"geometry":{"type":"Point","coordinates":[-48.50469,-25.50422]}},{"type":"Feature","properties":{"kind":"armazem_conab","nome":"Interalli Administracao e Particip. Sa","municipio":"Paranaguá","tipo":"Graneleiro","cap_t":42870},"geometry":{"type":"Point","coordinates":[-48.50445,-25.50328]}}]}