{"type":"FeatureCollection","fonte":"MDS · Mapa Social (SAGI), consulta 2026-10-05","features":[{"type":"Feature","geometry":{"type":"Point","coordinates":[-50.311983,-23.304782]},"properties":{"grupo":"cras","nome":"CRAS","municipio":"Abatiá","ibge6":"410010","endereco":"São Marcos","bairro":"Centro"}},{"type":"Feature","geometry":{"type":"Point","coordinates":[-48.986406,-24.66761]},"properties":{"grupo":"cras","nome":"CRAS JOSÉ CÂNDIDO BAPTISTA CARVALHO","municipio":"Adrianópolis","ibge6":"410020","endereco":"Januário Plaster Trannin - 47","bairro":"Vila Bela"}},{"type":"Feature","geometry":{"type":"Point","coordinates":[-49.337432,-25.988654]},"properties":{"grupo":"cras","nome":"CRAS - NOSSA SENHORA DA CONCEIÇÃO/CENTRO DE REFERENCIA DE ASSISTENCIA SOCIAL","municipio":"Agudos do Sul","ibge6":"410030","endereco":"Vereador Raulino Batista Fagundes - 46","bairro":"Centro"}},{"type":"Feature","geometry":{"type":"Point","coordinates":[-49.269425,-25.326132]},"properties":{"grupo":"cras","nome":"CRAS I","municipio":"Almirante Tamandaré","ibge6":"410040","endereco":"Mauricio Rosemann - 131","bairro":"Cachoeira"}},{"type":"Feature","geometry":{"type":"Point","coordinates":[-49.306236,-25.37988]},"properties":{"grupo":"cras","nome":"CRAS II","municipio":"Almirante Tamandaré","ibge6":"410040","endereco":"Professor Alberto Krause - 1808","bairro":"Tanguá"}},{"type":"Feature","geometry":{"type":"Point","coordinates":[-49.255561,-25.344984]},"properties":{"grupo":"cras","nome":"CRAS III","municipio":"Almirante Tamandaré","ibge6":"410040","endereco":"José Milek Filho - 208","bairro":"Jardim São Vicente"}},{"type":"Feature","geometry":{"type":"Point","coordinates":[-49.305216,-25.236515]},"properties":{"grupo":"cras","nome":"CRAS IV","municipio":"Almirante Tamandaré","ibge6":"410040","endereco":"Zilda Barbosa - 113","bairro":"Jardim Areias"}},{"type":"Feature","geometry":{"type":"Point","coordinates":[-52.718539,-24.795618]},"properties":{"grupo":"cras","nome":"CRAS - CENTRO DE REFERENCIA DA ASSISTENCIA SOCIAL \"MARINA FABIANA DE SOUZA VAZ\"","municipio":"Altamira do Paraná","ibge6":"410045","endereco":"Perimetral - 00","bairro":"Centro"}},{"type":"Feature","geometry":{"type":"Point","coordinates":[-53.89273,-23.878509]},"properties":{"grupo":"cras","nome":"CRAS - CENTRO DE REFERENCIA DE ASSISTENCIA SOCIAL","municipio":"Altônia","ibge6":"410050","endereco":"Rua Campos Sales - 260","bairro":"centro"}},{"type":"Feature","geometry":{"type":"Point","coordinates":[-52.320768,-23.130598]},"properties":{"grupo":"cras","nome":"CRAS - CENTRO DE REFERÊNCIA DE ASSISTÊNCIA SOCIAL VICENTE SIMINO","municipio":"Alto Paraná","ibge6":"410060","endereco":"Platão - 1894","bairro":"Centro"}},{"type":"Feature","geometry":{"type":"Point","coordinates":[-53.44332,-24.020465]},"properties":{"grupo":"cras","nome":"CRAS PROFESSOR ZILIO BORDIGNON","municipio":"Alto Piquiri","ibge6":"410070","endereco":"Getulio Vargas - 1162","bairro":"Centro"}},{"type":"Feature","geometry":{"type":"Point","coordinates":[-51.227306,-22.782003]},"properties":{"grupo":"cras","nome":"CRAS - CLUBE DO IRMAO CAÇULA","municipio":"Alvorada do Sul","ibge6":"410080","endereco":"Rosa Imperatore Alves - 1250","bairro":"Conjunto Renascer"}},{"type":"Feature","geometry":{"type":"Point","coordinates":[-52.78583,-23.099214]},"properties":{"grupo":"cras","nome":"CRAS DE AMAPORÃ","municipio":"Amaporã","ibge6":"410090","endereco":"Ceará - 02","bairro":"Centro"}},{"type":"Feature","geometry":{"type":"Point","coordinates":[-53.475502,-25.91897]},"properties":{"grupo":"cras","nome":"CRAS CENTRO DE REFERENCIA DE ASSISTÊNCIA SOCIAL","municipio":"Ampére","ibge6":"410100","endereco":"Olavo Bilac - 507","bairro":"São Francisco"}},{"type":"Feature","geometry":{"type":"Point","coordinates":[-53.134823,-24.649372]},"properties":{"grupo":"cras","nome":"CRAS - CENTRO DE REFERÊNCIA DA ASSISTÊNCIA SOCIAL DE ANAHY","municipio":"Anahy","ibge6":"410105","endereco":"Leonardo Aparecido Dobicz - 360","bairro":"Centro"}},{"type":"Feature","geometry":{"type":"Point","coordinates":[-50.23387,-23.05154]},"properties":{"grupo":"cras","nome":"CRAS CENTRO DE REFERÊNCIA DE ASSISTÊNCIA SOCIAL","municipio":"Andirá","ibge6":"410110","endereco":"Erasmo Canhoto - 195","bairro":"Jardim Vésper"}},{"type":"Feature","geometry":{"type":"Point","coordinates":[-51.909628,-23.197529]},"properties":{"grupo":"cras","nome":"CRAS ALIANÇA","municipio":"Ângulo","ibge6":"410115","endereco":"Rua Delmiro Costa de Oliveira - 47","bairro":"Centro"}},{"type":"Feature","geometry":{"type":"Point","coordinates":[-48.711075,-25.43028]},"properties":{"grupo":"cras","nome":"CRAS","municipio":"Antonina","ibge6":"410120","endereco":"Heitor Soares Gomes - 55","bairro":"Centro"}},{"type":"Feature","geometry":{"type":"Point","coordinates":[-50.195975,-25.98592]},"properties":{"grupo":"cras","nome":"CRAS CENTRO DE REFERENCIA DE ASSISTENCIA SOCIAL ANTONIO OLINTO","municipio":"Antônio Olinto","ibge6":"410130","endereco":"Rua Edgar Train Schaffauser","bairro":"Centro"}},{"type":"Feature","geometry":{"type":"Point","coordinates":[-51.413612,-23.571559]},"properties":{"grupo":"cras","nome":"CRAS 2 - LÁZARO ZANOTTI","municipio":"Apucarana","ibge6":"410140","endereco":"Ilson Ferreira Guerra - 15","bairro":"Residencial Sumatra I"}},{"type":"Feature","geometry":{"type":"Point","coordinates":[-51.446947,-23.545478]},"properties":{"grupo":"cras","nome":"CRAS 1 - GERALDO CÉSAR DE SOUZA","municipio":"Apucarana","ibge6":"410140","endereco":"Central do Parana - 1420","bairro":"Jardim America"}},{"type":"Feature","geometry":{"type":"Point","coordinates":[-51.408119,-23.608686]},"properties":{"grupo":"cras","nome":"CRAS 3 - JOSÉ FERREIRA DE SOUZA","municipio":"Apucarana","ibge6":"410140","endereco":"José Garcia Perez - 111","bairro":"Vila Reis"}},{"type":"Feature","geometry":{"type":"Point","coordinates":[-51.476832,-23.549274]},"properties":{"grupo":"cras","nome":"CRAS 4 - PADRE DOMINIQUE","municipio":"Apucarana","ibge6":"410140","endereco":"Padre Tito Cerazoli - 19","bairro":"Jardim Figueira"}},{"type":"Feature","geometry":{"type":"Point","coordinates":[-51.423658,-23.402148]},"properties":{"grupo":"cras","nome":"CRAS DEL CONDOR","municipio":"Arapongas","ibge6":"410150","endereco":"Iratauá - 2800","bairro":"Conjunto Habitacional Del Condor"}},{"type":"Feature","geometry":{"type":"Point","coordinates":[-51.426493,-23.450878]},"properties":{"grupo":"cras","nome":"CRAS ZONA SUL","municipio":"Arapongas","ibge6":"410150","endereco":"Quete C/ Saí Azul","bairro":"Jardim São Bento"}},{"type":"Feature","geometry":{"type":"Point","coordinates":[-51.447823,-23.395012]},"properties":{"grupo":"cras","nome":"CRAS CSU","municipio":"Arapongas","ibge6":"410150","endereco":"Gaturamo - 1000","bairro":"Jd. Aeroporto"}},{"type":"Feature","geometry":{"type":"Point","coordinates":[-51.464725,-23.413694]},"properties":{"grupo":"cras","nome":"CRAS ARAUCÁRIA","municipio":"Arapongas","ibge6":"410150","endereco":"Pato Bravo do Mato - 585","bairro":"Interlagos"}},{"type":"Feature","geometry":{"type":"Point","coordinates":[-49.820954,-24.151409]},"properties":{"grupo":"cras","nome":"CRAS JOSINA VARGAS DE ALMEIDA SOARES","municipio":"Arapoti","ibge6":"410160","endereco":"Jauri Viana Esteves - 1068","bairro":"Vila Holandesa"}},{"type":"Feature","geometry":{"type":"Point","coordinates":[-49.841393,-24.132033]},"properties":{"grupo":"cras","nome":"CRAS FUNCIONÁRIOS","municipio":"Arapoti","ibge6":"410160","endereco":"Jose Fernandes Soares da Silva - 295","bairro":"Vila dos Funcionários"}},{"type":"Feature","geometry":{"type":"Point","coordinates":[-51.792619,-24.309116]},"properties":{"grupo":"cras","nome":"CRAS - Centro de Referência de Assistência Social","municipio":"Arapuã","ibge6":"410165","endereco":"Paraná - 417","bairro":"Centro"}},{"type":"Feature","geometry":{"type":"Point","coordinates":[-52.496,-23.932]},"properties":{"grupo":"cras","nome":"CRAS CENTRAL","municipio":"Araruna","ibge6":"410170","endereco":"Eraclides Alves Gouveia - 230","bairro":"Centro"}},{"type":"Feature","geometry":{"type":"Point","coordinates":[-49.393673,-25.553157]},"properties":{"grupo":"cras","nome":"CRAS INDUSTRIAL","municipio":"Araucária","ibge6":"410180","endereco":"Gralha Azul - 485","bairro":"Capela Velha"}},{"type":"Feature","geometry":{"type":"Point","coordinates":[-49.369061,-25.596445]},"properties":{"grupo":"cras","nome":"CRAS COSTEIRA","municipio":"Araucária","ibge6":"410180","endereco":"Miguel Soares Moreira - 113","bairro":"Costeira"}},{"type":"Feature","geometry":{"type":"Point","coordinates":[-49.34805,-25.549184]},"properties":{"grupo":"cras","nome":"CRAS THOMAZ COELHO","municipio":"Araucária","ibge6":"410180","endereco":"Eduardo Sobania - 235","bairro":"Thomaz Coelho"}},{"type":"Feature","geometry":{"type":"Point","coordinates":[-49.373975,-25.623728]},"properties":{"grupo":"cras","nome":"CRAS TUPY","municipio":"Araucária","ibge6":"410180","endereco":"Jardineira - 357","bairro":"Campina da Barra"}},{"type":"Feature","geometry":{"type":"Point","coordinates":[-49.427447,-25.580498]},"properties":{"grupo":"cras","nome":"CRAS BOQUEIRAO","municipio":"Araucária","ibge6":"410180","endereco":"Miguel Grabowski - 380","bairro":"Passaúna"}},{"type":"Feature","geometry":{"type":"Point","coordinates":[-49.406773,-25.592023]},"properties":{"grupo":"cras","nome":"CRAS CENTRO","municipio":"Araucária","ibge6":"410180","endereco":"Brasil - 298","bairro":"Centro"}},{"type":"Feature","geometry":{"type":"Point","coordinates":[-49.38715,-25.541319]},"properties":{"grupo":"cras","nome":"CRAS CALIFÓRNIA","municipio":"Araucária","ibge6":"410180","endereco":"Beija-Flor - 1531","bairro":"Capela Velha"}},{"type":"Feature","geometry":{"type":"Point","coordinates":[-49.401473,-25.576071]},"properties":{"grupo":"cras","nome":"CRAS FAZENDA VELHA","municipio":"Araucária","ibge6":"410180","endereco":"Dionizio Grabowski - 494","bairro":"Fazenda Velha"}},{"type":"Feature","geometry":{"type":"Point","coordinates":[-51.58478,-24.384215]},"properties":{"grupo":"cras","nome":"CRAS - CENTRO DE REFERENCIA DE ASSISTENCIA SOCIAL","municipio":"Ariranha do Ivaí","ibge6":"410185","endereco":"Dieimes Fernando Sansolotti - 36","bairro":"Urbano Central"}},{"type":"Feature","geometry":{"type":"Point","coordinates":[-50.847108,-23.372504]},"properties":{"grupo":"cras","nome":"CRAS Centro de Referencia da Assistência Social - Assaí","municipio":"Assaí","ibge6":"410190","endereco":"Conrado Medeiros - 42","bairro":"Centro"}},{"type":"Feature","geometry":{"type":"Point","coordinates":[-53.508074,-24.403816]},"properties":{"grupo":"cras","nome":"CRAS - Centro de Referência de Assistência Social","municipio":"Assis Chateaubriand","ibge6":"410200","endereco":"Cívica - 322","bairro":"Centro Cívico"}},{"type":"Feature","geometry":{"type":"Point","coordinates":[-51.66162,-23.22995]},"properties":{"grupo":"cras","nome":"CRAS 1","municipio":"Astorga","ibge6":"410210","endereco":"Rua Formosa do Oeste - 155","bairro":"Centro"}},{"type":"Feature","geometry":{"type":"Point","coordinates":[-51.675538,-23.237048]},"properties":{"grupo":"cras","nome":"CRAS 2","municipio":"Astorga","ibge6":"410210","endereco":"Rua Aracaju esq/ com Rua São Geraldo - 00","bairro":"Jardim Astorga"}},{"type":"Feature","geometry":{"type":"Point","coordinates":[-52.057557,-23.153402]},"properties":{"grupo":"cras","nome":"CRAS - Centro de Referência de Assistência Social","municipio":"Atalaia","ibge6":"410220","endereco":"Manoel Antonio Filho - 64","bairro":"Centro"}},{"type":"Feature","geometry":{"type":"Point","coordinates":[-49.630469,-25.583092]},"properties":{"grupo":"cras","nome":"CRAS BALSA NOVA","municipio":"Balsa Nova","ibge6":"410230","endereco":"Avenida Iguaçu - 548","bairro":"Centro"}},{"type":"Feature","geometry":{"type":"Point","coordinates":[-50.374868,-23.106438]},"properties":{"grupo":"cras","nome":"CRAS DE BANDEIRANTES","municipio":"Bandeirantes","ibge6":"410240","endereco":"Dino Veiga - 29","bairro":"Centro"}},{"type":"Feature","geometry":{"type":"Point","coordinates":[-52.012,-24.03]},"properties":{"grupo":"cras","nome":"CRAS BARBOSA FERRAZ - PR","municipio":"Barbosa Ferraz","ibge6":"410250","endereco":"Barao do Rio Branco - 363","bairro":"Centro"}},{"type":"Feature","geometry":{"type":"Point","coordinates":[-53.62798,-26.2568]},"properties":{"grupo":"cras","nome":"CRAS - Margarete Aparecida Ferlin Dambrós","municipio":"Barracão","ibge6":"410260","endereco":"Arnaldo Busato - 448","bairro":"Centro"}},{"type":"Feature","geometry":{"type":"Point","coordinates":[-50.182203,-23.115546]},"properties":{"grupo":"cras","nome":"CRAS","municipio":"Barra do Jacaré","ibge6":"410270","endereco":"Paraná - 202","bairro":"Centro"}},{"type":"Feature","geometry":{"type":"Point","coordinates":[-53.665681,-25.880577]},"properties":{"grupo":"cras","nome":"CRAS CASA DE PROTEÇÃO E ATENDIMENTO A FAMILIA","municipio":"Bela Vista da Caroba","ibge6":"410275","endereco":"Rua Santa Catarina - 1668","bairro":"Centro"}},{"type":"Feature","geometry":{"type":"Point","coordinates":[-51.209722,-22.970386]},"properties":{"grupo":"cras","nome":"CRAS \"ANA ROLIM RAPOSO\"","municipio":"Bela Vista do Paraíso","ibge6":"410280","endereco":"Mato Grosso - 155","bairro":"Santa Margarida"}},{"type":"Feature","geometry":{"type":"Point","coordinates":[-51.55607,-26.158443]},"properties":{"grupo":"cras","nome":"CRAS de Bituruna","municipio":"Bituruna","ibge6":"410290","endereco":"Maximiliano Greselle - 49","bairro":"Jardim Andreia/Centro"}},{"type":"Feature","geometry":{"type":"Point","coordinates":[-52.789564,-24.242543]},"properties":{"grupo":"cras","nome":"CRAS Paulo Ferreira de Souza","municipio":"Boa Esperança","ibge6":"410300","endereco":"Bahia - 387","bairro":"Centro"}},{"type":"Feature","geometry":{"type":"Point","coordinates":[-53.217344,-25.636226]},"properties":{"grupo":"cras","nome":"CRAS - CENTRO DE REFERÊNCIA DE ASSISTÊNCIA SOCIAL - ESPAÇO DA CIDADANIA","municipio":"Boa Esperança do Iguaçu","ibge6":"410302","endereco":"Dos Cravos - 064","bairro":"Centro"}},{"type":"Feature","geometry":{"type":"Point","coordinates":[-51.5412,-24.880548]},"properties":{"grupo":"cras","nome":"CRAS - CASA DAS FAMÍLIAS","municipio":"Boa Ventura de São Roque","ibge6":"410304","endereco":"Natal Pontarollo - 00","bairro":"Centro"}},{"type":"Feature","geometry":{"type":"Point","coordinates":[-53.4092,-25.436706]},"properties":{"grupo":"cras","nome":"CENTRO DE REFERENCIA DE ASSISTENCIA SOCIAL DE BOA VISTA DA APARECIDA","municipio":"Boa Vista da Aparecida","ibge6":"410305","endereco":"Av. Cicero Barbosa Sobrinho - 1190","bairro":"Centro"}},{"type":"Feature","geometry":{"type":"Point","coordinates":[-49.109697,-25.20861]},"properties":{"grupo":"cras","nome":"CRAS ALECIO ALFREDO ARCIE","municipio":"Bocaiúva do Sul","ibge6":"410310","endereco":"Francisco Rocha - 333","bairro":"Centro"}},{"type":"Feature","geometry":{"type":"Point","coordinates":[-53.600986,-26.192816]},"properties":{"grupo":"cras","nome":"CRAS - CENTRO DE REFERÊNCIA DE ASSISTÊNCIA SOCIAL VÓ EVA","municipio":"Bom Jesus do Sul","ibge6":"410315","endereco":"Júlio Piran - 18","bairro":"Centro"}},{"type":"Feature","geometry":{"type":"Point","coordinates":[-51.762578,-23.709904]},"properties":{"grupo":"cras","nome":"CRAS VEREADORA MARIA ROSA DA SILVA","municipio":"Bom Sucesso","ibge6":"410320","endereco":"Pedro Sincero dos Reis - 287","bairro":"Centro"}},{"type":"Feature","geometry":{"type":"Point","coordinates":[-52.832844,-26.072319]},"properties":{"grupo":"cras","nome":"CRAS BOM SUCESSO DO SUL","municipio":"Bom Sucesso do Sul","ibge6":"410322","endereco":"Rua Ignacio Drancka - 170","bairro":"Centro"}},{"type":"Feature","geometry":{"type":"Point","coordinates":[-51.590381,-23.942625]},"properties":{"grupo":"cras","nome":"CRAS Centro de Referência de Assistência Social de Borrazópolis","municipio":"Borrazópolis","ibge6":"410330","endereco":"São Paulo - 485","bairro":"Centro"}},{"type":"Feature","geometry":{"type":"Point","coordinates":[-53.116043,-24.815349]},"properties":{"grupo":"cras","nome":"CENTRO DE REFERENCIA DE ASSISTENCIA SOCIAL","municipio":"Braganey","ibge6":"410335","endereco":"Padre Aldacir José Carniel - 902","bairro":"Centro"}},{"type":"Feature","geometry":{"type":"Point","coordinates":[-53.52597,-24.194736]},"properties":{"grupo":"cras","nome":"CRAS ANTONIO BARROS DE SOUZA","municipio":"Brasilândia do Sul","ibge6":"410337","endereco":"Itália - 941","bairro":"Centro"}},{"type":"Feature","geometry":{"type":"Point","coordinates":[-51.70651,-22.785599]},"properties":{"grupo":"cras","nome":"CRAS - CENTRO DE REFERENCIA DE ASSISTENCIA SOCIAL DE CAFEARA","municipio":"Cafeara","ibge6":"410340","endereco":"Angelo Regianni - 230","bairro":"Centro"}},{"type":"Feature","geometry":{"type":"Point","coordinates":[-53.324997,-24.620218]},"properties":{"grupo":"cras","nome":"CRAS - CENTRO DE REFERÊNCIA DE ASSISTÊNCIA SOCIAL DE CAFELÂNDIA","municipio":"Cafelândia","ibge6":"410345","endereco":"Nereu Ramos - 159","bairro":"Centro"}},{"type":"Feature","geometry":{"type":"Point","coordinates":[-53.518116,-23.906358]},"properties":{"grupo":"cras","nome":"CRAS Centro de Referencia de Assistëncia Social Maria das Dores de Paula","municipio":"Cafezal do Sul","ibge6":"410347","endereco":"França - 737","bairro":"Centro"}},{"type":"Feature","geometry":{"type":"Point","coordinates":[-51.357157,-23.668778]},"properties":{"grupo":"cras","nome":"CASA DA CIDADANIA","municipio":"Califórnia","ibge6":"410350","endereco":"Juiz de Fora - 105","bairro":"Centro"}},{"type":"Feature","geometry":{"type":"Point","coordinates":[-50.073366,-23.043326]},"properties":{"grupo":"cras","nome":"CRAS CAMBARA","municipio":"Cambará","ibge6":"410360","endereco":"Brasil - 1310","bairro":"Centro"}},{"type":"Feature","geometry":{"type":"Point","coordinates":[-51.236415,-23.288657]},"properties":{"grupo":"cras","nome":"CRAS SANTO AMARO","municipio":"Cambé","ibge6":"410370","endereco":"Dom Pedro I - 359","bairro":"Parque Manela"}},{"type":"Feature","geometry":{"type":"Point","coordinates":[-51.219978,-23.309587]},"properties":{"grupo":"cras","nome":"CRAS NOVO BANDEIRANTES","municipio":"Cambé","ibge6":"410370","endereco":"Gabriel de Lara - 677","bairro":"Jd. Novo Bandeirantes"}},{"type":"Feature","geometry":{"type":"Point","coordinates":[-51.274846,-23.273519]},"properties":{"grupo":"cras","nome":"CRAS SÃO FRANCISCO","municipio":"Cambé","ibge6":"410370","endereco":"Dos Caçadores - 50","bairro":"Parque São Francisco"}},{"type":"Feature","geometry":{"type":"Point","coordinates":[-51.259117,-23.275431]},"properties":{"grupo":"cras","nome":"CRAS ANA ROSA","municipio":"Cambé","ibge6":"410370","endereco":"Antonio Raminelli - 1179","bairro":"Conjunto Habitacional Roberto Conceição"}},{"type":"Feature","geometry":{"type":"Point","coordinates":[-51.266499,-23.288815]},"properties":{"grupo":"cras","nome":"CRAS TAROBA","municipio":"Cambé","ibge6":"410370","endereco":"Genesio Geraldo dos Santos - 451","bairro":"Taroba"}},{"type":"Feature","geometry":{"type":"Point","coordinates":[-51.228131,-23.322498]},"properties":{"grupo":"cras","nome":"CRAS CAMPOS VERDES","municipio":"Cambé","ibge6":"410370","endereco":"Monte Cristo - 170","bairro":"Campos Verdes"}},{"type":"Feature","geometry":{"type":"Point","coordinates":[-51.577871,-23.600683]},"properties":{"grupo":"cras","nome":"Centro de Referência de Assistência Social - Município de Cambira","municipio":"Cambira","ibge6":"410380","endereco":"Inglaterra - 210","bairro":"Centro"}},{"type":"Feature","geometry":{"type":"Point","coordinates":[-52.807159,-24.589588]},"properties":{"grupo":"cras","nome":"CRAS - Centro de Referência da Assistência Social \"Vó Tita\"","municipio":"Campina da Lagoa","ibge6":"410390","endereco":"Duque de Caxias - 57","bairro":"Jardim Curitiba"}},{"type":"Feature","geometry":{"type":"Point","coordinates":[-51.809356,-25.109121]},"properties":{"grupo":"cras","nome":"CRAS - Centro de Referencia de Assistencia Social de Campina do Simão","municipio":"Campina do Simão","ibge6":"410395","endereco":"Pedro Sydor - 00","bairro":"Centro"}},{"type":"Feature","geometry":{"type":"Point","coordinates":[-49.104831,-25.365259]},"properties":{"grupo":"cras","nome":"CRAS CENTRO DE REFERENCIA DE ASSISTÊNCIA SOCIAL DO JARDIM PAULISTA","municipio":"Campina Grande do Sul","ibge6":"410400","endereco":"Professor Duilio Calderari - 1567","bairro":"Jardim Paulista"}},{"type":"Feature","geometry":{"type":"Point","coordinates":[-52.991416,-25.03267]},"properties":{"grupo":"cras","nome":"CRAS CENTRO DE REFERÊNCIA DE ASSISTÊNCIA SOCIAL DE CAMPO BONITO","municipio":"Campo Bonito","ibge6":"410405","endereco":"Getulio Vargas - 51","bairro":"Centro"}},{"type":"Feature","geometry":{"type":"Point","coordinates":[-49.685068,-25.982023]},"properties":{"grupo":"cras","nome":"CRAS - CAMPO DO TENENTE","municipio":"Campo do Tenente","ibge6":"410410","endereco":"Evaldo Oscar Mattge - 183","bairro":"Centro"}},{"type":"Feature","geometry":{"type":"Point","coordinates":[-49.393169,-25.463502]},"properties":{"grupo":"cras","nome":"CRAS FERRARIA - LINDAMIR TORRES","municipio":"Campo Largo","ibge6":"410420","endereco":"Rua Antônio Guaresi - 341","bairro":"Ferraria"}},{"type":"Feature","geometry":{"type":"Point","coordinates":[-49.568719,-25.479251]},"properties":{"grupo":"cras","nome":"CRAS JARDIM MELIANE","municipio":"Campo Largo","ibge6":"410420","endereco":"Professor Ovídio Jorge Nogueira - 200","bairro":"Jardim Meliane"}},{"type":"Feature","geometry":{"type":"Point","coordinates":[-49.546575,-25.44403]},"properties":{"grupo":"cras","nome":"CRAS RIVABEM - LOLA ANDREASSA","municipio":"Campo Largo","ibge6":"410420","endereco":"Ademar de Barros - 1079","bairro":"Jardim Social"}},{"type":"Feature","geometry":{"type":"Point","coordinates":[-49.519715,-25.473304]},"properties":{"grupo":"cras","nome":"CRAS POPULAR NOVA - DURVAL WEBER","municipio":"Campo Largo","ibge6":"410420","endereco":"Mauricio José Lopes - 31","bairro":"Popular Nova"}},{"type":"Feature","geometry":{"type":"Point","coordinates":[-49.385825,-25.381341]},"properties":{"grupo":"cras","nome":"CRAS - MARIA ALLES MUZNISKI","municipio":"Campo Magro","ibge6":"410425","endereco":"Miguel Fillus - 84","bairro":"Jardim Bom Pastor"}},{"type":"Feature","geometry":{"type":"Point","coordinates":[-52.374142,-24.025079]},"properties":{"grupo":"cras","nome":"Centro de Referência da Assistência Social Unidade Central","municipio":"Campo Mourão","ibge6":"410430","endereco":"Engenheiro Mercer - 1022","bairro":"Primavera"}},{"type":"Feature","geometry":{"type":"Point","coordinates":[-52.402666,-24.048471]},"properties":{"grupo":"cras","nome":"Centro de Referência da Assistência Social Unidade Lar Paraná","municipio":"Campo Mourão","ibge6":"410430","endereco":"Nelson Bittencourt do Prado - 1180","bairro":"Pio XII"}},{"type":"Feature","geometry":{"type":"Point","coordinates":[-52.359894,-24.024557]},"properties":{"grupo":"cras","nome":"CRAS Centro de Referência da Assistência Social Unidade Leste","municipio":"Campo Mourão","ibge6":"410430","endereco":"Alberto Spilka - 104","bairro":"Jardim San Marino"}},{"type":"Feature","geometry":{"type":"Point","coordinates":[-51.328297,-24.572065]},"properties":{"grupo":"cras","nome":"CRAS - CENTRO DE REFERENCIA DA ASSISTENCIA SOCIAL","municipio":"Cândido de Abreu","ibge6":"410440","endereco":"Renaud Marques de Oliveira - 1","bairro":"Costa Azul"}},{"type":"Feature","geometry":{"type":"Point","coordinates":[-52.054811,-25.572214]},"properties":{"grupo":"cras","nome":"CRAS - CENTRO DE REFERÊNCIA DE ASSISTÊNCIA SOCIAL","municipio":"Candói","ibge6":"410442","endereco":"Francisco Pedro da Luz - 1","bairro":"Santa Clara"}},{"type":"Feature","geometry":{"type":"Point","coordinates":[-52.125524,-25.373053]},"properties":{"grupo":"cras","nome":"CENTRO DE REFÊNCIA DA ASSISTÊNCIA SOCIAL DE CANTAGALO","municipio":"Cantagalo","ibge6":"410445","endereco":"Bom Jesus - 187","bairro":"Centro"}},{"type":"Feature","geometry":{"type":"Point","coordinates":[-53.80492,-25.66878]},"properties":{"grupo":"cras","nome":"CRAS","municipio":"Capanema","ibge6":"410450","endereco":"Antonio Niehus - 670","bairro":"centro"}},{"type":"Feature","geometry":{"type":"Point","coordinates":[-53.606932,-25.489467]},"properties":{"grupo":"cras","nome":"Centro de Referência de Assistência Social de Capitão Leônidas Marques","municipio":"Capitão Leônidas Marques","ibge6":"410460","endereco":"Avenida Tancredo Neves - 520","bairro":"Centro"}},{"type":"Feature","geometry":{"type":"Point","coordinates":[-50.120916,-24.953729]},"properties":{"grupo":"cras","nome":"CRAS NOVO HORIZONTE","municipio":"Carambeí","ibge6":"410465","endereco":"Das Flores - 976","bairro":"Jardim Novo Horizonte"}},{"type":"Feature","geometry":{"type":"Point","coordinates":[-49.716563,-23.421038]},"properties":{"grupo":"cras","nome":"CRAS","municipio":"Carlópolis","ibge6":"410470","endereco":"Padre Hugo - 406","bairro":"Centro"}},{"type":"Feature","geometry":{"type":"Point","coordinates":[-53.440799,-24.916599]},"properties":{"grupo":"cras","nome":"CRAS INTERLAGOS","municipio":"Cascavel","ibge6":"410480","endereco":"Paul Ricard - 630","bairro":"Interlagos"}},{"type":"Feature","geometry":{"type":"Point","coordinates":[-53.425924,-24.976717]},"properties":{"grupo":"cras","nome":"CRAS CASCAVEL VELHO","municipio":"Cascavel","ibge6":"410480","endereco":"Rua Londres - 980","bairro":"Cascavel Velho"}},{"type":"Feature","geometry":{"type":"Point","coordinates":[-53.413484,-24.944332]},"properties":{"grupo":"cras","nome":"CRAS PERIOLO","municipio":"Cascavel","ibge6":"410480","endereco":"Jaraguá - 406","bairro":"Periolo"}},{"type":"Feature","geometry":{"type":"Point","coordinates":[-53.481537,-24.990546]},"properties":{"grupo":"cras","nome":"CRAS XIV DE NOVEMBRO","municipio":"Cascavel","ibge6":"410480","endereco":"Romário Correia de Oliveira - 487","bairro":"XIV de Novembro"}},{"type":"Feature","geometry":{"type":"Point","coordinates":[-53.474438,-24.934489]},"properties":{"grupo":"cras","nome":"CRAS CANCELLI","municipio":"Cascavel","ibge6":"410480","endereco":"Ernesto Farina - 555","bairro":"Cancelli"}},{"type":"Feature","geometry":{"type":"Point","coordinates":[-53.469346,-24.96205]},"properties":{"grupo":"cras","nome":"CRAS CENTRAL","municipio":"Cascavel","ibge6":"410480","endereco":"Curitiba - 1241","bairro":"Neva"}},{"type":"Feature","geometry":{"type":"Point","coordinates":[-53.504553,-24.973369]},"properties":{"grupo":"cras","nome":"CRAS CEU","municipio":"Cascavel","ibge6":"410480","endereco":"Caiçaras - 401","bairro":"Santa Cruz"}},{"type":"Feature","geometry":{"type":"Point","coordinates":[-53.411686,-24.911661]},"properties":{"grupo":"cras","nome":"CRAS RIVIERA","municipio":"Cascavel","ibge6":"410480","endereco":"Panamá - 4107","bairro":"Floresta"}},{"type":"Feature","geometry":{"type":"Point","coordinates":[-53.408564,-24.94271]},"properties":{"grupo":"cras","nome":"CRAS MORUMBI","municipio":"Cascavel","ibge6":"410480","endereco":"Florêncio Galafassi - 20","bairro":"Periolo"}},{"type":"Feature","geometry":{"type":"Point","coordinates":[-49.698388,-24.773891]},"properties":{"grupo":"cras","nome":"CRAS VITÓRIA DE FREITAS CASTRO","municipio":"Castro","ibge6":"410490","endereco":"Avenida Teófilo de Castro","bairro":"Distrito Rural Socavão"}},{"type":"Feature","geometry":{"type":"Point","coordinates":[-49.823304,-24.942216]},"properties":{"grupo":"cras","nome":"CRAS ABÍLIO DE SOUZA FONTENELLI","municipio":"Castro","ibge6":"410490","endereco":"Jango Macedo - 00","bairro":"Distrito do Abapan"}},{"type":"Feature","geometry":{"type":"Point","coordinates":[-49.989284,-24.80152]},"properties":{"grupo":"cras","nome":"CRAS CONSULESA HELENA VAN DEN BERG","municipio":"Castro","ibge6":"410490","endereco":"Rua Maria Helvina Carneiro de Mello - 1","bairro":"Jardim Primavera"}},{"type":"Feature","geometry":{"type":"Point","coordinates":[-50.005485,-24.779371]},"properties":{"grupo":"cras","nome":"CRAS LUIZ KING","municipio":"Castro","ibge6":"410490","endereco":"Heráclio Mendes de Camargo - 206","bairro":"Vila Santa Cruz"}},{"type":"Feature","geometry":{"type":"Point","coordinates":[-50.001842,-24.811984]},"properties":{"grupo":"cras","nome":"CRAS KIYO YAMAMOTO","municipio":"Castro","ibge6":"410490","endereco":"Professor Leo Zappe - 00","bairro":"Cantagalo"}},{"type":"Feature","geometry":{"type":"Point","coordinates":[-49.992229,-24.828419]},"properties":{"grupo":"cras","nome":"CRAS JANINA MARIA MACEDO DE ALMEIDA","municipio":"Castro","ibge6":"410490","endereco":"Doutor Ricardo Nardi Cardoso - 740","bairro":"Jardim Alvorada"}},{"type":"Feature","geometry":{"type":"Point","coordinates":[-53.156104,-25.20067]},"properties":{"grupo":"cras","nome":"CRAS - CENTRO DE REFERÊNCIA DE ASSISTÊNCIA SOCIAL","municipio":"Catanduvas","ibge6":"410500","endereco":"D. Pedro Ii - 512","bairro":"Centro"}},{"type":"Feature","geometry":{"type":"Point","coordinates":[-51.594071,-22.819147]},"properties":{"grupo":"cras","nome":"CRAS","municipio":"Centenário do Sul","ibge6":"410510","endereco":"Dezembargador M. Melo - 385","bairro":"Centro"}},{"type":"Feature","geometry":{"type":"Point","coordinates":[-49.262674,-24.822087]},"properties":{"grupo":"cras","nome":"CRAS - CENTRO DE REFERÊNCIA DE ASSISTÊNCIA SOCIAL","municipio":"Cerro Azul","ibge6":"410520","endereco":"Barão do Cerro Azul - 63","bairro":"Centro"}},{"type":"Feature","geometry":{"type":"Point","coordinates":[-53.851054,-25.155628]},"properties":{"grupo":"cras","nome":"CRAS CENTRO DE REFERENCIA DE ASSISTENCIA SOCIAL DE CÉU AZUL","municipio":"Céu Azul","ibge6":"410530","endereco":"Irmã Carmelita Maria Cecilia de Jesus - 1452","bairro":"São Lucas"}},{"type":"Feature","geometry":{"type":"Point","coordinates":[-52.534883,-25.858741]},"properties":{"grupo":"cras","nome":"CRAS - Centro","municipio":"Chopinzinho","ibge6":"410540","endereco":"Santos Dumont - 4645","bairro":"Centro"}},{"type":"Feature","geometry":{"type":"Point","coordinates":[-52.524862,-25.850959]},"properties":{"grupo":"cras","nome":"CRAS Nossa Senhora Aparecida","municipio":"Chopinzinho","ibge6":"410540","endereco":"Getúlio Vargas - 5118","bairro":"Nossa Senhora Aparecida"}},{"type":"Feature","geometry":{"type":"Point","coordinates":[-52.636528,-23.672649]},"properties":{"grupo":"cras","nome":"CRAS II - CENTRO DE REFERÊNCIA DE ASSISTÊNCIA SOCIAL II","municipio":"Cianorte","ibge6":"410550","endereco":"Capixingui - 75","bairro":"Jd Alto da Cidade"}},{"type":"Feature","geometry":{"type":"Point","coordinates":[-52.59482,-23.661178]},"properties":{"grupo":"cras","nome":"CRAS I - CENTRO DE REFERÊNCIA DE ASSISTÊNCIA SOCIAL I","municipio":"Cianorte","ibge6":"410550","endereco":"Guararapes - 313","bairro":"Zona 01"}},{"type":"Feature","geometry":{"type":"Point","coordinates":[-52.940197,-23.382244]},"properties":{"grupo":"cras","nome":"CRAS CENTRAL","municipio":"Cidade Gaúcha","ibge6":"410560","endereco":"Milton Heinz - 1392","bairro":"Centro"}},{"type":"Feature","geometry":{"type":"Point","coordinates":[-52.368137,-26.413342]},"properties":{"grupo":"cras","nome":"CRAS - CENTRO DE REFERÊNCIA DA ASSISTÊNCIA SOCIAL","municipio":"Clevelândia","ibge6":"410570","endereco":"Major Diogo Ribeiro - 1694","bairro":"Estrela"}},{"type":"Feature","geometry":{"type":"Point","coordinates":[-49.185866,-25.365111]},"properties":{"grupo":"cras","nome":"CRAS MARACANÃ","municipio":"Colombo","ibge6":"410580","endereco":"Abel Scuissiato - 40","bairro":"Maracanã"}},{"type":"Feature","geometry":{"type":"Point","coordinates":[-49.19684,-25.370094]},"properties":{"grupo":"cras","nome":"CRAS RIO VERDE","municipio":"Colombo","ibge6":"410580","endereco":"Getulio Vargas - 473","bairro":"Rio Verde"}},{"type":"Feature","geometry":{"type":"Point","coordinates":[-49.164872,-25.353435]},"properties":{"grupo":"cras","nome":"CRAS GUARAITUBA","municipio":"Colombo","ibge6":"410580","endereco":"Campo Largo - 200","bairro":"Guaraituba"}},{"type":"Feature","geometry":{"type":"Point","coordinates":[-49.228159,-25.290336]},"properties":{"grupo":"cras","nome":"CRAS SEDE","municipio":"Colombo","ibge6":"410580","endereco":"José Cavassin - 125","bairro":"Centro de Colombo"}},{"type":"Feature","geometry":{"type":"Point","coordinates":[-49.159115,-25.385721]},"properties":{"grupo":"cras","nome":"CRAS GRACIOSA","municipio":"Colombo","ibge6":"410580","endereco":"Anair Bonato Tosin - 677","bairro":"Centro Industrial Maua"}},{"type":"Feature","geometry":{"type":"Point","coordinates":[-49.214467,-25.350318]},"properties":{"grupo":"cras","nome":"CRAS ROÇA GRANDE","municipio":"Colombo","ibge6":"410580","endereco":"Santo Pascoal Francheschi - 387","bairro":"Osasco"}},{"type":"Feature","geometry":{"type":"Point","coordinates":[-51.983657,-22.844846]},"properties":{"grupo":"cras","nome":"CENTRO DE REFERENCIA DE ASSISTENCIA SOCIAL","municipio":"Colorado","ibge6":"410590","endereco":"Augusto Giocomini - 311","bairro":"Morada do Sol"}},{"type":"Feature","geometry":{"type":"Point","coordinates":[-50.548224,-23.554664]},"properties":{"grupo":"cras","nome":"CRAS - Congonhinhas","municipio":"Congonhinhas","ibge6":"410600","endereco":"Eduardo Aleixo - 575","bairro":"Centro"}},{"type":"Feature","geometry":{"type":"Point","coordinates":[-50.169303,-23.622822]},"properties":{"grupo":"cras","nome":"CRAS FAMÍLIA MAIRINQUENSE","municipio":"Conselheiro Mairinck","ibge6":"410610","endereco":"Dona Celina - 226","bairro":"Centro"}},{"type":"Feature","geometry":{"type":"Point","coordinates":[-49.530616,-25.681969]},"properties":{"grupo":"cras","nome":"CRAS - CENTRO DE REFERENCIA DA ASSISTENCIA SOCIAL","municipio":"Contenda","ibge6":"410620","endereco":"Rua Sebastiana Pepes Padilha - 138","bairro":"Centro"}},{"type":"Feature","geometry":{"type":"Point","coordinates":[-53.300332,-24.798958]},"properties":{"grupo":"cras","nome":"CRAS CENTRO DE REFERENCIA DA ASSISTENCIA SOCIAL - CRAS","municipio":"Corbélia","ibge6":"410630","endereco":"Tulipa - 1031","bairro":"Centro"}},{"type":"Feature","geometry":{"type":"Point","coordinates":[-50.655706,-23.183683]},"properties":{"grupo":"cras","nome":"CRAS CORNÉLIO PROCÓPIO","municipio":"Cornélio Procópio","ibge6":"410640","endereco":"Goias - 282","bairro":"Centro"}},{"type":"Feature","geometry":{"type":"Point","coordinates":[-52.028847,-26.272021]},"properties":{"grupo":"cras","nome":"CRAS Genir Bugs da Rosa","municipio":"Coronel Domingos Soares","ibge6":"410645","endereco":"José Salvador - 3132","bairro":"Centro"}},{"type":"Feature","geometry":{"type":"Point","coordinates":[-52.565954,-25.981715]},"properties":{"grupo":"cras","nome":"CENTRO DE REFERENCIA DE ASSISTENCIA SOCIAL DE CORONEL VIVIDA","municipio":"Coronel Vivida","ibge6":"410650","endereco":"Cândido Inácio de Lima - 485","bairro":"Jardim Primavera Ii"}},{"type":"Feature","geometry":{"type":"Point","coordinates":[-52.121812,-24.102627]},"properties":{"grupo":"cras","nome":"CRAS Centro de Referencia de Assistencia Social","municipio":"Corumbataí do Sul","ibge6":"410655","endereco":"Tangará - 119","bairro":"centro"}},{"type":"Feature","geometry":{"type":"Point","coordinates":[-53.123424,-25.615757]},"properties":{"grupo":"cras","nome":"CRAS - CENTRO DE REFERÊNCIA DE ASSISTÊNCIA SOCIAL","municipio":"Cruzeiro do Iguaçu","ibge6":"410657","endereco":"Das Palmeiras - 558","bairro":"Centro"}},{"type":"Feature","geometry":{"type":"Point","coordinates":[-53.069179,-23.785522]},"properties":{"grupo":"cras","nome":"Cruzeiro do Oeste","municipio":"Cruzeiro do Oeste","ibge6":"410660","endereco":"Elias Batista da Silva - 140","bairro":"Centro"}},{"type":"Feature","geometry":{"type":"Point","coordinates":[-52.163515,-22.964459]},"properties":{"grupo":"cras","nome":"CRAS CASA DA FAMILIA DE CRUZEIRO DO SUL","municipio":"Cruzeiro do Sul","ibge6":"410670","endereco":"Santos Dumont - 377","bairro":"Centro"}},{"type":"Feature","geometry":{"type":"Point","coordinates":[-51.345505,-26.015987]},"properties":{"grupo":"cras","nome":"CENTRO DE REFERÊNCIA DE ASSISTÊNCIA SOCIAL DE CRUZ MACHADO - PARANÁ","municipio":"Cruz Machado","ibge6":"410680","endereco":"Pascoal Vila Boim","bairro":"Vila Boim"}},{"type":"Feature","geometry":{"type":"Point","coordinates":[-51.445026,-23.993241]},"properties":{"grupo":"cras","nome":"CRAS DE CRUZMALTINA","municipio":"Cruzmaltina","ibge6":"410685","endereco":"Rua São Vicente de Paula - 530","bairro":"Centro"}},{"type":"Feature","geometry":{"type":"Point","coordinates":[-49.23858,-25.501562]},"properties":{"grupo":"cras","nome":"CRAS Boqueirão","municipio":"Curitiba","ibge6":"410690","endereco":"Av. Marechal Floriano Peixoto - 8430","bairro":"Boqueirão"}},{"type":"Feature","geometry":{"type":"Point","coordinates":[-49.214244,-25.461405]},"properties":{"grupo":"cras","nome":"CRAS Cajuru","municipio":"Curitiba","ibge6":"410690","endereco":"Pedro Violani - 314","bairro":"Cajuru"}},{"type":"Feature","geometry":{"type":"Point","coordinates":[-49.27675,-25.516195]},"properties":{"grupo":"cras","nome":"CRAS Vila São Pedro","municipio":"Curitiba","ibge6":"410690","endereco":"Primeiro de Maio - 1214","bairro":"Xaxim"}},{"type":"Feature","geometry":{"type":"Point","coordinates":[-49.196252,-25.462403]},"properties":{"grupo":"cras","nome":"CRAS Iguaçu","municipio":"Curitiba","ibge6":"410690","endereco":"Leonardo Novicki - 983","bairro":"Cajuru"}},{"type":"Feature","geometry":{"type":"Point","coordinates":[-49.225608,-25.516249]},"properties":{"grupo":"cras","nome":"CRAS Iguape Cidadania","municipio":"Curitiba","ibge6":"410690","endereco":"Maestro Carlos Frank - 777","bairro":"Boqueirao"}},{"type":"Feature","geometry":{"type":"Point","coordinates":[-49.270763,-25.430427]},"properties":{"grupo":"cras","nome":"CRAS MATRIZ","municipio":"Curitiba","ibge6":"410690","endereco":"Rua Monsenhor Celso - 35","bairro":"Centro"}},{"type":"Feature","geometry":{"type":"Point","coordinates":[-49.247431,-25.450209]},"properties":{"grupo":"cras","nome":"CRAS Vila Torres","municipio":"Curitiba","ibge6":"410690","endereco":"Aquelino Orestes Baglioli - 120","bairro":"Prado Velho"}},{"type":"Feature","geometry":{"type":"Point","coordinates":[-49.207721,-25.488457]},"properties":{"grupo":"cras","nome":"CRAS Uberaba","municipio":"Curitiba","ibge6":"410690","endereco":"Augusto David de Moraes - 160","bairro":"Uberaba"}},{"type":"Feature","geometry":{"type":"Point","coordinates":[-49.324343,-25.505096]},"properties":{"grupo":"cras","nome":"CRAS Nossa Senhora da Luz","municipio":"Curitiba","ibge6":"410690","endereco":"Davi Xavier da Silva - 451","bairro":"Cidade Industrial de Curitiba"}},{"type":"Feature","geometry":{"type":"Point","coordinates":[-49.269454,-25.548888]},"properties":{"grupo":"cras","nome":"CRAS Bairro Novo","municipio":"Curitiba","ibge6":"410690","endereco":"Tijucas do Sul - 1691","bairro":"Sítio Cercado"}},{"type":"Feature","geometry":{"type":"Point","coordinates":[-49.348719,-25.455287]},"properties":{"grupo":"cras","nome":"CRAS Vila Sandra","municipio":"Curitiba","ibge6":"410690","endereco":"Maria Homan Wisniewski - 717","bairro":"Cidade Industrial de Curitiba"}},{"type":"Feature","geometry":{"type":"Point","coordinates":[-49.285183,-25.494495]},"properties":{"grupo":"cras","nome":"CRAS NOVO MUNDO","municipio":"Curitiba","ibge6":"410690","endereco":"Brasília - 5931","bairro":"Novo Mundo"}},{"type":"Feature","geometry":{"type":"Point","coordinates":[-49.337529,-25.529537]},"properties":{"grupo":"cras","nome":"CRAS Vila Verde","municipio":"Curitiba","ibge6":"410690","endereco":"Ney Pacheco - 465","bairro":"Cidade Industrial de Curitiba"}},{"type":"Feature","geometry":{"type":"Point","coordinates":[-49.247069,-25.374918]},"properties":{"grupo":"cras","nome":"CRAS Boa Vista","municipio":"Curitiba","ibge6":"410690","endereco":"Luiza Lelia Gulin Geronasso - 313","bairro":"Boa Vista"}},{"type":"Feature","geometry":{"type":"Point","coordinates":[-49.275699,-25.531154]},"properties":{"grupo":"cras","nome":"CRAS Xapinhal","municipio":"Curitiba","ibge6":"410690","endereco":"Francisco José Lobo - 416","bairro":"Sítio Cercado"}},{"type":"Feature","geometry":{"type":"Point","coordinates":[-49.308164,-25.46172]},"properties":{"grupo":"cras","nome":"CRAS Santa Quitéria","municipio":"Curitiba","ibge6":"410690","endereco":"Rua Prof Fabio de Souza - 943","bairro":"Santa Quitéria"}},{"type":"Feature","geometry":{"type":"Point","coordinates":[-49.263157,-25.465105]},"properties":{"grupo":"cras","nome":"CRAS Parolin","municipio":"Curitiba","ibge6":"410690","endereco":"Francisco Parolin - 881","bairro":"Parolin"}},{"type":"Feature","geometry":{"type":"Point","coordinates":[-49.338436,-25.575543]},"properties":{"grupo":"cras","nome":"CRAS Monteiro Lobato","municipio":"Curitiba","ibge6":"410690","endereco":"Jornalista Emílio Zola Florenzano - 300","bairro":"Tatuquara"}},{"type":"Feature","geometry":{"type":"Point","coordinates":[-49.295456,-25.513876]},"properties":{"grupo":"cras","nome":"CRAS Pinheirinho","municipio":"Curitiba","ibge6":"410690","endereco":"Winston Churchill - 2033","bairro":"Pinheirinho"}},{"type":"Feature","geometry":{"type":"Point","coordinates":[-49.338437,-25.586263]},"properties":{"grupo":"cras","nome":"CRAS Rio Bonito","municipio":"Curitiba","ibge6":"410690","endereco":"Marcos Bertoldi - 442","bairro":"Campo de Santana"}},{"type":"Feature","geometry":{"type":"Point","coordinates":[-49.247053,-25.554696]},"properties":{"grupo":"cras","nome":"CRAS Madre Tereza","municipio":"Curitiba","ibge6":"410690","endereco":"Guaçui - 6001","bairro":"Ganchinho"}},{"type":"Feature","geometry":{"type":"Point","coordinates":[-49.314788,-25.561889]},"properties":{"grupo":"cras","nome":"CRAS POMPEIA","municipio":"Curitiba","ibge6":"410690","endereco":"Heitor Ferreira - 125","bairro":"Tatuquara"}},{"type":"Feature","geometry":{"type":"Point","coordinates":[-49.329171,-25.401123]},"properties":{"grupo":"cras","nome":"CRAS Santa Felicidade","municipio":"Curitiba","ibge6":"410690","endereco":"Santa Bertila Boscardim - 213","bairro":"Santa Felicidade"}},{"type":"Feature","geometry":{"type":"Point","coordinates":[-49.284077,-25.388161]},"properties":{"grupo":"cras","nome":"CRAS Pilarzinho","municipio":"Curitiba","ibge6":"410690","endereco":"Guy de Maupassant - 177","bairro":"Pilarzinho"}},{"type":"Feature","geometry":{"type":"Point","coordinates":[-49.233628,-25.526337]},"properties":{"grupo":"cras","nome":"CRAS Alto Boqueirão","municipio":"Curitiba","ibge6":"410690","endereco":"Wilson Dacheux Pereira - 1490","bairro":"Alto Boqueirao"}},{"type":"Feature","geometry":{"type":"Point","coordinates":[-49.339374,-25.563846]},"properties":{"grupo":"cras","nome":"CRAS Santa Rita","municipio":"Curitiba","ibge6":"410690","endereco":"Enette Dubard - 602","bairro":"Tatuquara"}},{"type":"Feature","geometry":{"type":"Point","coordinates":[-49.340072,-25.497555]},"properties":{"grupo":"cras","nome":"CRAS Barigui","municipio":"Curitiba","ibge6":"410690","endereco":"Senador Accioly Filho - 3300","bairro":"Cidade Industrial de Curitiba"}},{"type":"Feature","geometry":{"type":"Point","coordinates":[-49.193344,-25.478956]},"properties":{"grupo":"cras","nome":"CRAS Acrópole","municipio":"Curitiba","ibge6":"410690","endereco":"Antonio Moreira Lopes - 328","bairro":"Cajuru"}},{"type":"Feature","geometry":{"type":"Point","coordinates":[-49.348698,-25.621542]},"properties":{"grupo":"cras","nome":"CRAS Caximba","municipio":"Curitiba","ibge6":"410690","endereco":"Delegado Bruno de Almeida - 8280","bairro":"Caximba"}},{"type":"Feature","geometry":{"type":"Point","coordinates":[-49.328597,-25.56881]},"properties":{"grupo":"cras","nome":"CRAS Laguna","municipio":"Curitiba","ibge6":"410690","endereco":"Jovenilson Américo de Oliveira - 1510","bairro":"Tatuquara"}},{"type":"Feature","geometry":{"type":"Point","coordinates":[-49.316275,-25.441085]},"properties":{"grupo":"cras","nome":"CRAS BOM MENINO","municipio":"Curitiba","ibge6":"410690","endereco":"Luciano Hella - 322","bairro":"Campina do Siqueira"}},{"type":"Feature","geometry":{"type":"Point","coordinates":[-49.284227,-25.555597]},"properties":{"grupo":"cras","nome":"CRAS Umbará","municipio":"Curitiba","ibge6":"410690","endereco":"Deputado Pinheiro Junior - 971","bairro":"Umbará"}},{"type":"Feature","geometry":{"type":"Point","coordinates":[-49.20086,-25.384854]},"properties":{"grupo":"cras","nome":"CRAS Atuba","municipio":"Curitiba","ibge6":"410690","endereco":"João Batista Scucatto - 120","bairro":"Atuba"}},{"type":"Feature","geometry":{"type":"Point","coordinates":[-49.202871,-25.493958]},"properties":{"grupo":"cras","nome":"CRAS União Ferroviária","municipio":"Curitiba","ibge6":"410690","endereco":"Antonio Tortato - 100","bairro":"Uberaba"}},{"type":"Feature","geometry":{"type":"Point","coordinates":[-49.319106,-25.58573]},"properties":{"grupo":"cras","nome":"CRAS Dom Bosco","municipio":"Curitiba","ibge6":"410690","endereco":"Julio Pereira Sobrinho - 102","bairro":"Campo de Santana"}},{"type":"Feature","geometry":{"type":"Point","coordinates":[-49.358053,-25.414381]},"properties":{"grupo":"cras","nome":"CRAS São Braz","municipio":"Curitiba","ibge6":"410690","endereco":"Jaçanã - 447","bairro":"São Braz"}},{"type":"Feature","geometry":{"type":"Point","coordinates":[-49.267373,-25.353373]},"properties":{"grupo":"cras","nome":"CRAS CACHOEIRA","municipio":"Curitiba","ibge6":"410690","endereco":"Rolando Salim Zappa Mansur - 354","bairro":"Cachoeira"}},{"type":"Feature","geometry":{"type":"Point","coordinates":[-49.205175,-25.413566]},"properties":{"grupo":"cras","nome":"CRAS Bairro Alto","municipio":"Curitiba","ibge6":"410690","endereco":"Jornalista Alceu Chichorro - 323","bairro":"Bairro Alto"}},{"type":"Feature","geometry":{"type":"Point","coordinates":[-49.355881,-25.506527]},"properties":{"grupo":"cras","nome":"CRAS Corbélia","municipio":"Curitiba","ibge6":"410690","endereco":"Professora Cecília Iritani - 510","bairro":"São Miguel"}},{"type":"Feature","geometry":{"type":"Point","coordinates":[-50.454454,-24.046092]},"properties":{"grupo":"cras","nome":"CRAS VILA ESPERANÇA","municipio":"Curiúva","ibge6":"410700","endereco":"José Simão","bairro":"Vila Esperança"}},{"type":"Feature","geometry":{"type":"Point","coordinates":[-52.856383,-22.657899]},"properties":{"grupo":"cras","nome":"NOSSA SENHORA DAS GRAÇAS","municipio":"Diamante do Norte","ibge6":"410710","endereco":"Paraná - 819","bairro":"Centro"}},{"type":"Feature","geometry":{"type":"Point","coordinates":[-52.680243,-25.041311]},"properties":{"grupo":"cras","nome":"CRAS CASA DAS FAMILIAS","municipio":"Diamante do Sul","ibge6":"410712","endereco":"Antonio Pedro Vicente","bairro":"Centro"}},{"type":"Feature","geometry":{"type":"Point","coordinates":[-54.108498,-24.944145]},"properties":{"grupo":"cras","nome":"Centro de Referência de Assistência Social","municipio":"Diamante D´oeste","ibge6":"410715","endereco":"Brasil - 66","bairro":"Centro"}},{"type":"Feature","geometry":{"type":"Point","coordinates":[-53.075294,-25.748685]},"properties":{"grupo":"cras","nome":"CRAS CASA DA CIDADANIA","municipio":"Dois Vizinhos","ibge6":"410720","endereco":"Rua Washington Luiz - 704","bairro":"São Francisco de Assis"}},{"type":"Feature","geometry":{"type":"Point","coordinates":[-53.056905,-25.734131]},"properties":{"grupo":"cras","nome":"CRAS Casa da Família","municipio":"Dois Vizinhos","ibge6":"410720","endereco":"Rua Argentina - 01","bairro":"Santa Luzia"}},{"type":"Feature","geometry":{"type":"Point","coordinates":[-53.057,-25.734]},"properties":{"grupo":"cras","nome":"CRAS CENTRO DR. PAULINHO SANTIAGO","municipio":"Dois Vizinhos","ibge6":"410720","endereco":"Avenida Mexico - 911","bairro":"Centro"}},{"type":"Feature","geometry":{"type":"Point","coordinates":[-53.296266,-23.38122]},"properties":{"grupo":"cras","nome":"CRAS CENTRO DE REFERENCIA DE ASSISTENCIA SOCIAL - CRAS - CASA DA FAMILIA","municipio":"Douradina","ibge6":"410725","endereco":"Rua Eduardo Reis - 182","bairro":"Jardim Padre Ivo"}},{"type":"Feature","geometry":{"type":"Point","coordinates":[-52.221344,-23.556061]},"properties":{"grupo":"cras","nome":"CENTRO DE REFERENCIA DE ASSISTENCIA SOCIAL DE DOUTOR CAMARGO","municipio":"Doutor Camargo","ibge6":"410730","endereco":"Castelo Branco - 48","bairro":"Centro"}},{"type":"Feature","geometry":{"type":"Point","coordinates":[-53.167391,-25.940564]},"properties":{"grupo":"cras","nome":"CRAS - CENTRO DE REFERÊNCIA DE ASSISTÊNCIA SOCIAL DE ENÉAS MARQUES","municipio":"Enéas Marques","ibge6":"410740","endereco":"Joaquim Bonetti - 1115","bairro":"Centro"}},{"type":"Feature","geometry":{"type":"Point","coordinates":[-52.256083,-23.802819]},"properties":{"grupo":"cras","nome":"CRAS Nathany Nayany Rodrigues","municipio":"Engenheiro Beltrão","ibge6":"410750","endereco":"Mato Grosso - 117","bairro":"Centro"}},{"type":"Feature","geometry":{"type":"Point","coordinates":[-53.790264,-23.730473]},"properties":{"grupo":"cras","nome":"CRAS ESPERANÇA NOVA","municipio":"Esperança Nova","ibge6":"410752","endereco":"Arlindo Rocha Ribeiro - 155","bairro":"Centro"}},{"type":"Feature","geometry":{"type":"Point","coordinates":[-54.243429,-24.708514]},"properties":{"grupo":"cras","nome":"CRAS - ENTRE RIOS DO OESTE","municipio":"Entre Rios do Oeste","ibge6":"410753","endereco":"Tocantins - 416","bairro":"Centro"}},{"type":"Feature","geometry":{"type":"Point","coordinates":[-52.834668,-25.425437]},"properties":{"grupo":"cras","nome":"CRAS Zilda Arns","municipio":"Espigão Alto do Iguaçu","ibge6":"410754","endereco":"Fortaleza","bairro":"centro"}},{"type":"Feature","geometry":{"type":"Point","coordinates":[-52.626014,-24.09558]},"properties":{"grupo":"cras","nome":"CRAS - CASA DA FAMILIA","municipio":"Farol","ibge6":"410755","endereco":"Maranhão - 274","bairro":"Centro"}},{"type":"Feature","geometry":{"type":"Point","coordinates":[-51.328168,-24.005405]},"properties":{"grupo":"cras","nome":"CRAS - CENTRO DE REFERÊNCIA DE ASSISTÊNCIA SOCIAL GISELE FERNANDA MICULIS","municipio":"Faxinal","ibge6":"410760","endereco":"Eurides Cavalheiro de Meira - 1028","bairro":"Centro"}},{"type":"Feature","geometry":{"type":"Point","coordinates":[-49.333763,-25.647697]},"properties":{"grupo":"cras","nome":"CRAS IGUAÇÚ","municipio":"Fazenda Rio Grande","ibge6":"410765","endereco":"Rio Paranapanema - 616","bairro":"Iguaçu"}},{"type":"Feature","geometry":{"type":"Point","coordinates":[-49.309006,-25.674207]},"properties":{"grupo":"cras","nome":"CRAS GRALHA AZUL","municipio":"Fazenda Rio Grande","ibge6":"410765","endereco":"Caure - 6921","bairro":"Gralha azul"}},{"type":"Feature","geometry":{"type":"Point","coordinates":[-49.300804,-25.641759]},"properties":{"grupo":"cras","nome":"CRAS EUCALIPTOS","municipio":"Fazenda Rio Grande","ibge6":"410765","endereco":"Pessegueiro - 249","bairro":"Eucaliptos"}},{"type":"Feature","geometry":{"type":"Point","coordinates":[-51.982799,-23.916775]},"properties":{"grupo":"cras","nome":"CRAS - CENTRO DE REFERÊNCIA DE ASSISTÊNCIA SOCIAL DE FÊNIX","municipio":"Fênix","ibge6":"410770","endereco":"Jaracatiá - 135","bairro":"Centro"}},{"type":"Feature","geometry":{"type":"Point","coordinates":[-50.548371,-25.412534]},"properties":{"grupo":"cras","nome":"CRAS CENTRO DE REFERÊNCIA DA ASSISTENCIA SOCIAL - CASA DAS FAMÍLIAS","municipio":"Fernandes Pinheiro","ibge6":"410773","endereco":"Vedolino Neves - 140","bairro":"Centro"}},{"type":"Feature","geometry":{"type":"Point","coordinates":[-50.40345,-23.850708]},"properties":{"grupo":"cras","nome":"CRAS","municipio":"Figueira","ibge6":"410775","endereco":"Castelo Branco - 990","bairro":"Centro"}},{"type":"Feature","geometry":{"type":"Point","coordinates":[-52.303001,-23.317681]},"properties":{"grupo":"cras","nome":"CRAS","municipio":"Floraí","ibge6":"410780","endereco":"Santos Dumont - 630","bairro":"Centro"}},{"type":"Feature","geometry":{"type":"Point","coordinates":[-53.307059,-26.257281]},"properties":{"grupo":"cras","nome":"CRAS - CASA DAS FAMÍLIAS","municipio":"Flor da Serra do Sul","ibge6":"410785","endereco":"Jair Siqueira Gomes","bairro":"Centro"}},{"type":"Feature","geometry":{"type":"Point","coordinates":[-52.078757,-23.61364]},"properties":{"grupo":"cras","nome":"CRAS","municipio":"Floresta","ibge6":"410790","endereco":"Brasil - 888","bairro":"Jd. Ipiranga"}},{"type":"Feature","geometry":{"type":"Point","coordinates":[-51.39268,-22.869058]},"properties":{"grupo":"cras","nome":"CRAS - CENTRO DE REFERÊNCIA DE ASSISTÊNCIA SOCIAL ALCEU ALVES DA SILVEIRA","municipio":"Florestópolis","ibge6":"410800","endereco":"Santo André - 176","bairro":"Centro"}},{"type":"Feature","geometry":{"type":"Point","coordinates":[-51.95426,-23.089029]},"properties":{"grupo":"cras","nome":"CRAS CENTRO DE REFERÊNCIA DE ASSISTÊNCIA SOCIAL","municipio":"Flórida","ibge6":"410810","endereco":"Colorado - 460","bairro":"Centro"}},{"type":"Feature","geometry":{"type":"Point","coordinates":[-53.312466,-24.295906]},"properties":{"grupo":"cras","nome":"CRAS - CENTRO DE REFERÊNCIA DE ASSISTÊNCIA SOCIAL","municipio":"Formosa do Oeste","ibge6":"410820","endereco":"Goiãnia - 201","bairro":"Centro"}},{"type":"Feature","geometry":{"type":"Point","coordinates":[-54.509139,-25.478721]},"properties":{"grupo":"cras","nome":"CRAS NORDESTE","municipio":"Foz do Iguaçu","ibge6":"410830","endereco":"Boanerjes Borba Sottomaior - 140","bairro":"Jardim Bandeirantes"}},{"type":"Feature","geometry":{"type":"Point","coordinates":[-54.535038,-25.530379]},"properties":{"grupo":"cras","nome":"CRAS LESTE","municipio":"Foz do Iguaçu","ibge6":"410830","endereco":"Kid Jofre - 686","bairro":"Morumbi I"}},{"type":"Feature","geometry":{"type":"Point","coordinates":[-54.583605,-25.575762]},"properties":{"grupo":"cras","nome":"CRAS SUL","municipio":"Foz do Iguaçu","ibge6":"410830","endereco":"Lulas - 78","bairro":"Três Fronteiras"}},{"type":"Feature","geometry":{"type":"Point","coordinates":[-54.560552,-25.472588]},"properties":{"grupo":"cras","nome":"CRAS NORTE","municipio":"Foz do Iguaçu","ibge6":"410830","endereco":"Andradina - 3400","bairro":"Cidade Nova"}},{"type":"Feature","geometry":{"type":"Point","coordinates":[-54.57833,-25.535892]},"properties":{"grupo":"cras","nome":"CRAS OESTE","municipio":"Foz do Iguaçu","ibge6":"410830","endereco":"Engenheiro Rebouças - 1495","bairro":"Centro"}},{"type":"Feature","geometry":{"type":"Point","coordinates":[-53.844573,-24.068742]},"properties":{"grupo":"cras","nome":"CENTRO DE REFERÊNCIA DE ASSISTÊNCIA SOCIAL - CRAS- FAMÍLIA FELIZ","municipio":"Francisco Alves","ibge6":"410832","endereco":"Rua Governador Parigot Souza - 834","bairro":"Centro"}},{"type":"Feature","geometry":{"type":"Point","coordinates":[-53.036497,-26.053885]},"properties":{"grupo":"cras","nome":"CRAS MIRIAM BONISSONI","municipio":"Francisco Beltrão","ibge6":"410840","endereco":"Beija Flor - 550","bairro":"Padre Ulrico"}},{"type":"Feature","geometry":{"type":"Point","coordinates":[-53.063085,-26.03374]},"properties":{"grupo":"cras","nome":"CRAS CIDADE NORTE","municipio":"Francisco Beltrão","ibge6":"410840","endereco":"Atilio Fontana - 4037","bairro":"Pinheirinho"}},{"type":"Feature","geometry":{"type":"Point","coordinates":[-53.070891,-26.070216]},"properties":{"grupo":"cras","nome":"CRAS SÃO MIGUEL","municipio":"Francisco Beltrão","ibge6":"410840","endereco":"Presidente Getulio Vargas - 791","bairro":"São Miguel"}},{"type":"Feature","geometry":{"type":"Point","coordinates":[-52.123615,-25.739012]},"properties":{"grupo":"cras","nome":"CRAS - Centro de Referência de Assistência social de foz do Jordão","municipio":"Foz do Jordão","ibge6":"410845","endereco":"Dom Pedro II - 825","bairro":"Centro"}},{"type":"Feature","geometry":{"type":"Point","coordinates":[-51.325593,-26.428941]},"properties":{"grupo":"cras","nome":"CENTRO DE REFERENCIA DA ASSISTENCIA SOCIAL","municipio":"General Carneiro","ibge6":"410850","endereco":"João Dissenha - 590","bairro":"Centro"}},{"type":"Feature","geometry":{"type":"Point","coordinates":[-51.921751,-24.193228]},"properties":{"grupo":"cras","nome":"CRAS - CENTRO DE REFERÊNCIA DA ASSISTÊNCIA SOCIAL","municipio":"Godoy Moreira","ibge6":"410855","endereco":"Daniel Moura - 399","bairro":"Centro"}},{"type":"Feature","geometry":{"type":"Point","coordinates":[-53.038538,-24.180916]},"properties":{"grupo":"cras","nome":"CENTRAL DA FAMILIA","municipio":"Goioerê","ibge6":"410860","endereco":"Av Santa Catarina - 490","bairro":"jardim lindoia"}},{"type":"Feature","geometry":{"type":"Point","coordinates":[-51.991752,-25.19751]},"properties":{"grupo":"cras","nome":"CRAS - JOÃO PEDROSO DOS SANTOS","municipio":"Goioxim","ibge6":"410865","endereco":"Laurindo Cordeiro de Souza - 1398","bairro":"Vila Pedroso - BNH"}},{"type":"Feature","geometry":{"type":"Point","coordinates":[-51.509528,-24.141917]},"properties":{"grupo":"cras","nome":"CRAS Ana Dadauto Almeida","municipio":"Grandes Rios","ibge6":"410870","endereco":"Brasil - 967","bairro":"Centro"}},{"type":"Feature","geometry":{"type":"Point","coordinates":[-54.258814,-24.085727]},"properties":{"grupo":"cras","nome":"CRAS - CENTRO DE REFERÊNCIA DA ASSIST?NCIA SOCIAL","municipio":"Guaíra","ibge6":"410880","endereco":"Av. Marcelino Rollon - 200","bairro":"Centro"}},{"type":"Feature","geometry":{"type":"Point","coordinates":[-52.687387,-22.939567]},"properties":{"grupo":"cras","nome":"CENTRO DE REFERENCIA DE ASSISTENCIA SOCIAL","municipio":"Guairaçá","ibge6":"410890","endereco":"Constancio Cucato - 1740","bairro":"Centro"}},{"type":"Feature","geometry":{"type":"Point","coordinates":[-50.816778,-25.197088]},"properties":{"grupo":"cras","nome":"CRAS de Guamiranga","municipio":"Guamiranga","ibge6":"410895","endereco":"Ciriaco Pontarolo","bairro":"Centro"}},{"type":"Feature","geometry":{"type":"Point","coordinates":[-50.04339,-23.514394]},"properties":{"grupo":"cras","nome":"CRAS - Maria de Souza Silva","municipio":"Guapirama","ibge6":"410900","endereco":"Avenida Guadalajara - 700","bairro":"Centro"}},{"type":"Feature","geometry":{"type":"Point","coordinates":[-52.779141,-23.340675]},"properties":{"grupo":"cras","nome":"CRAS - Guaporema","municipio":"Guaporema","ibge6":"410910","endereco":"São José - 459","bairro":"centro"}},{"type":"Feature","geometry":{"type":"Point","coordinates":[-51.647694,-22.968213]},"properties":{"grupo":"cras","nome":"CRAS - CENTRO DE REFERENCIA MUNICIPAL DE ASSISTENCIA SOCIAL DE GUARACI","municipio":"Guaraci","ibge6":"410920","endereco":"Cesare Colacite - 127","bairro":"Centro"}},{"type":"Feature","geometry":{"type":"Point","coordinates":[-52.867777,-25.10235]},"properties":{"grupo":"cras","nome":"CRAS -CENTRO DE REFERÊNCIA DE ASSISTÊNCIA SOCIAL DE GUARANIAÇU","municipio":"Guaraniaçu","ibge6":"410930","endereco":"Santa Catarina, esquina com a José Blahum Neto - 10","bairro":"Centro"}},{"type":"Feature","geometry":{"type":"Point","coordinates":[-51.484777,-25.358492]},"properties":{"grupo":"cras","nome":"CRAS Unidade 01 - ARLINDO ANTONELLI","municipio":"Guarapuava","ibge6":"410940","endereco":"Arlindo Antonelli - 452","bairro":"Industrial"}},{"type":"Feature","geometry":{"type":"Point","coordinates":[-51.443535,-25.372617]},"properties":{"grupo":"cras","nome":"CRAS Unidade 02","municipio":"Guarapuava","ibge6":"410940","endereco":"Bernardino Roseira de Lacerda - 38","bairro":"Morro alto"}},{"type":"Feature","geometry":{"type":"Point","coordinates":[-51.499786,-25.380284]},"properties":{"grupo":"cras","nome":"CRAS Unidade 03","municipio":"Guarapuava","ibge6":"410940","endereco":"Jorge Silveira do Amaral - 275","bairro":"Jardim das Américas"}},{"type":"Feature","geometry":{"type":"Point","coordinates":[-51.48674,-25.410291]},"properties":{"grupo":"cras","nome":"CRAS Unidade 04","municipio":"Guarapuava","ibge6":"410940","endereco":"Turíbio Gomes - 908","bairro":"Vila Bela"}},{"type":"Feature","geometry":{"type":"Point","coordinates":[-48.324287,-25.296641]},"properties":{"grupo":"cras","nome":"CRAS","municipio":"Guaraqueçaba","ibge6":"410950","endereco":"Salim do Carmo - 190","bairro":"Centro"}},{"type":"Feature","geometry":{"type":"Point","coordinates":[-48.582718,-25.884265]},"properties":{"grupo":"cras","nome":"CRAS - CASA NOVOS HORIZONTES","municipio":"Guaratuba","ibge6":"410960","endereco":"José Nicolau Abagge - 1330","bairro":"Cohapar"}},{"type":"Feature","geometry":{"type":"Point","coordinates":[-48.575,-25.883]},"properties":{"grupo":"cras","nome":"CRAS II Rui Riquelme de Macedo","municipio":"Guaratuba","ibge6":"410960","endereco":"Damião Botelho de Souza - 2010","bairro":"Piçarras"}},{"type":"Feature","geometry":{"type":"Point","coordinates":[-52.387,-26.141]},"properties":{"grupo":"cras","nome":"CRAS Centro de Referencia da Assistencia Social","municipio":"Honório Serpa","ibge6":"410965","endereco":"São Francisco - 387","bairro":"centro"}},{"type":"Feature","geometry":{"type":"Point","coordinates":[-50.181706,-23.84143]},"properties":{"grupo":"cras","nome":"CRAS IBAITI","municipio":"Ibaiti","ibge6":"410970","endereco":"Jonas Teixeira - 404","bairro":"Conj. João Edmundo de Carvalho"}},{"type":"Feature","geometry":{"type":"Point","coordinates":[-53.015728,-25.117738]},"properties":{"grupo":"cras","nome":"CRAS - CENTRO DE REFERENCIA ASSISTENCIA SOCIAL DE IBEMA","municipio":"Ibema","ibge6":"410975","endereco":"Travessa Mato Grosso - 513","bairro":"Centro"}},{"type":"Feature","geometry":{"type":"Point","coordinates":[-51.044519,-23.27141]},"properties":{"grupo":"cras","nome":"CRAS Aparecida Peretti Pelisson","municipio":"Ibiporã","ibge6":"410980","endereco":"João Barreto - 105","bairro":"Centro"}},{"type":"Feature","geometry":{"type":"Point","coordinates":[-51.080375,-23.279788]},"properties":{"grupo":"cras","nome":"CRAS GINO PERETTI","municipio":"Ibiporã","ibge6":"410980","endereco":"Cianorte - 216","bairro":"Residencial Terra Bonita"}},{"type":"Feature","geometry":{"type":"Point","coordinates":[-53.613195,-23.398039]},"properties":{"grupo":"cras","nome":"CENTRO DE REFERENCIA DA ASSISTENCIA SOCIAL","municipio":"Icaraíma","ibge6":"410990","endereco":"Genercy Delfino Coelho - 99","bairro":"Centro"}},{"type":"Feature","geometry":{"type":"Point","coordinates":[-51.831372,-23.196405]},"properties":{"grupo":"cras","nome":"CRAS - Centro de Referência de Assistência Social","municipio":"Iguaraçu","ibge6":"411000","endereco":"Antonio Cezário - 118","bairro":"Jardim Copacabana"}},{"type":"Feature","geometry":{"type":"Point","coordinates":[-53.083853,-24.716987]},"properties":{"grupo":"cras","nome":"CRAS - CENTRO DE REFERENCIA DE ASSISTÊNCIA SOCIAL NEIDE MEDINA","municipio":"Iguatu","ibge6":"411005","endereco":"SAMALIA - s/n","bairro":"Centro"}},{"type":"Feature","geometry":{"type":"Point","coordinates":[-50.751729,-24.449064]},"properties":{"grupo":"cras","nome":"CRAS - CASA DAS FAMILIAS","municipio":"Imbaú","ibge6":"411007","endereco":"Jorgina de Paula Aires","bairro":"Cidade Alta"}},{"type":"Feature","geometry":{"type":"Point","coordinates":[-50.592915,-25.237238]},"properties":{"grupo":"cras","nome":"CRAS JARDIM TANGARÁ","municipio":"Imbituva","ibge6":"411010","endereco":"Professor Souza Araujo - 232","bairro":"Jardim Tangara"}},{"type":"Feature","geometry":{"type":"Point","coordinates":[-51.078765,-25.572137]},"properties":{"grupo":"cras","nome":"CRAS","municipio":"Inácio Martins","ibge6":"411020","endereco":"D Pedro Ii - 205","bairro":"Centro"}},{"type":"Feature","geometry":{"type":"Point","coordinates":[-52.19759,-22.749589]},"properties":{"grupo":"cras","nome":"CRAS - CENTRO DE REFERENCIA DE ASSISTENCIA SOCIAL","municipio":"Inajá","ibge6":"411030","endereco":"Antônio Veiga Martins","bairro":"Centro"}},{"type":"Feature","geometry":{"type":"Point","coordinates":[-52.697554,-23.481984]},"properties":{"grupo":"cras","nome":"CRAS CENTRO DE REFEÊNCIA DE ASSISTENCIA SOCIAL","municipio":"Indianópolis","ibge6":"411040","endereco":"Santos Dumond - 131","bairro":"Centro"}},{"type":"Feature","geometry":{"type":"Point","coordinates":[-50.583158,-25.03195]},"properties":{"grupo":"cras","nome":"CRAS Ipiranga","municipio":"Ipiranga","ibge6":"411050","endereco":"Professora Rosa Menon Baier - 167","bairro":"São Francisco"}},{"type":"Feature","geometry":{"type":"Point","coordinates":[-53.721964,-24.01005]},"properties":{"grupo":"cras","nome":"CRAS Centro de Referencia da Assistencia Social","municipio":"Iporã","ibge6":"411060","endereco":"Tiradentes","bairro":"Ipiranga"}},{"type":"Feature","geometry":{"type":"Point","coordinates":[-53.352571,-24.426222]},"properties":{"grupo":"cras","nome":"CENTRO DE REFERÊNCIA DE ASSISTÊNCIA SOCIAL","municipio":"Iracema do Oeste","ibge6":"411065","endereco":"Rua Constantino Forner - 788","bairro":"Centro"}},{"type":"Feature","geometry":{"type":"Point","coordinates":[-50.666507,-25.495637]},"properties":{"grupo":"cras","nome":"CRAS LAGOA","municipio":"Irati","ibge6":"411070","endereco":"Rio Tocantins - 50","bairro":"Lagoa"}},{"type":"Feature","geometry":{"type":"Point","coordinates":[-50.644419,-25.501683]},"properties":{"grupo":"cras","nome":"CRAS Valmir Ferreira","municipio":"Irati","ibge6":"411070","endereco":"Ernesto Calixto Barby - 150","bairro":"Joaquim Zarpellon"}},{"type":"Feature","geometry":{"type":"Point","coordinates":[-50.634812,-25.456154]},"properties":{"grupo":"cras","nome":"CRAS Vila Nova","municipio":"Irati","ibge6":"411070","endereco":"Maria Scheiffer - 111","bairro":"Vila Nova"}},{"type":"Feature","geometry":{"type":"Point","coordinates":[-50.666145,-25.46466]},"properties":{"grupo":"cras","nome":"CRAS Rafaela Letícia de Souza","municipio":"Irati","ibge6":"411070","endereco":"Rua das Rosas - 129","bairro":"Jardim Planalto"}},{"type":"Feature","geometry":{"type":"Point","coordinates":[-52.099164,-24.421499]},"properties":{"grupo":"cras","nome":"CRAS - CASA DAS FAMILIAS","municipio":"Iretama","ibge6":"411080","endereco":"Estados Unidos - 06","bairro":"Centro"}},{"type":"Feature","geometry":{"type":"Point","coordinates":[-51.966684,-22.615972]},"properties":{"grupo":"cras","nome":"CRAS - CENTRO DE REFERENCIA DA ASSISTENCIA SOCIAL","municipio":"Itaguajé","ibge6":"411090","endereco":"Rua Bahia - 1020","bairro":"Centro"}},{"type":"Feature","geometry":{"type":"Point","coordinates":[-54.301171,-25.13769]},"properties":{"grupo":"cras","nome":"CRAS CENTRO DE REFERENCIA DE ASSISTENCIA SOCIAL - CASA DAS FAMILIAS","municipio":"Itaipulândia","ibge6":"411095","endereco":"Torres - 1642","bairro":"Centro"}},{"type":"Feature","geometry":{"type":"Point","coordinates":[-50.405735,-23.016529]},"properties":{"grupo":"cras","nome":"CRAS ITAMBARACA - CENTRO DE REFERENCIA DE ASSISTENCIA SOCIAL","municipio":"Itambaracá","ibge6":"411100","endereco":"Lazaro Gomes - 496","bairro":"Centro"}},{"type":"Feature","geometry":{"type":"Point","coordinates":[-51.99194,-23.656986]},"properties":{"grupo":"cras","nome":"CRAS CENTRO DE REFERENCIA DA FAMILIA","municipio":"Itambé","ibge6":"411110","endereco":"Santo Indalécio - 1044","bairro":"Centro"}},{"type":"Feature","geometry":{"type":"Point","coordinates":[-52.819602,-25.95367]},"properties":{"grupo":"cras","nome":"CRAS - ITAPEJARA D'OESTE","municipio":"Itapejara D´oeste","ibge6":"411120","endereco":"Guarani - 2770","bairro":"Bairro Guarani"}},{"type":"Feature","geometry":{"type":"Point","coordinates":[-49.353354,-25.226232]},"properties":{"grupo":"cras","nome":"CRAS ITAPERUÇU","municipio":"Itaperuçu","ibge6":"411125","endereco":"Santa Rita - 23","bairro":"Capinzal"}},{"type":"Feature","geometry":{"type":"Point","coordinates":[-52.88254,-22.730986]},"properties":{"grupo":"cras","nome":"CRAS ITAUNA","municipio":"Itaúna do Sul","ibge6":"411130","endereco":"Estados Unidos - 1044","bairro":"Centro"}},{"type":"Feature","geometry":{"type":"Point","coordinates":[-50.850737,-25.003563]},"properties":{"grupo":"cras","nome":"CRAS Centro de Referência da Assistência Social de Ivaí","municipio":"Ivaí","ibge6":"411140","endereco":"Engenheiro Saporski - 1161","bairro":"Jardim Nossa Senhora Aparecida"}},{"type":"Feature","geometry":{"type":"Point","coordinates":[-51.665461,-24.237456]},"properties":{"grupo":"cras","nome":"CRAS - Centro de Referencia da Assistência Social","municipio":"Ivaiporã","ibge6":"411150","endereco":"Dr. Melvis Muchiuti - 980","bairro":"Centro"}},{"type":"Feature","geometry":{"type":"Point","coordinates":[-53.369994,-23.40757]},"properties":{"grupo":"cras","nome":"CENTRO DE REFERENCIA DE ASSISTENCIA DE IVATE","municipio":"Ivaté","ibge6":"411155","endereco":"Umuarama - 1885","bairro":"Centro"}},{"type":"Feature","geometry":{"type":"Point","coordinates":[-52.220013,-23.62235]},"properties":{"grupo":"cras","nome":"CRAS","municipio":"Ivatuba","ibge6":"411160","endereco":"José Bendo - 1271","bairro":"centro"}},{"type":"Feature","geometry":{"type":"Point","coordinates":[-50.074074,-23.745008]},"properties":{"grupo":"cras","nome":"CRAS JABOTIENSE","municipio":"Jaboti","ibge6":"411170","endereco":"Rua 07 de Setembro - 204","bairro":"centro"}},{"type":"Feature","geometry":{"type":"Point","coordinates":[-49.942775,-23.148025]},"properties":{"grupo":"cras","nome":"CRAS DO BAIRRO AEROPORTO","municipio":"Jacarezinho","ibge6":"411180","endereco":"Rocco Olivieri - 205","bairro":"Aeroporto"}},{"type":"Feature","geometry":{"type":"Point","coordinates":[-49.988823,-23.160918]},"properties":{"grupo":"cras","nome":"CRAS DA VILA SÃO PEDRO","municipio":"Jacarezinho","ibge6":"411180","endereco":"Rua José Pavan - 610","bairro":"Vila São Pedro"}},{"type":"Feature","geometry":{"type":"Point","coordinates":[-51.532449,-23.109185]},"properties":{"grupo":"cras","nome":"CRAS \"ARMANDO DIAS DA CRUZ\"","municipio":"Jaguapitã","ibge6":"411190","endereco":"Amazonas - 61","bairro":"Centro"}},{"type":"Feature","geometry":{"type":"Point","coordinates":[-49.732232,-24.273198]},"properties":{"grupo":"cras","nome":"CRAS PRIMAVERA","municipio":"Jaguariaíva","ibge6":"411200","endereco":"Jaguariaíva - 899","bairro":"Primavera"}},{"type":"Feature","geometry":{"type":"Point","coordinates":[-49.706,-24.251]},"properties":{"grupo":"cras","nome":"CRAS Pedrinha","municipio":"Jaguariaíva","ibge6":"411200","endereco":"Almeida Salim","bairro":"Pedrinha"}},{"type":"Feature","geometry":{"type":"Point","coordinates":[-51.647801,-23.597419]},"properties":{"grupo":"cras","nome":"CRAS CENTRO DE REFERENCIA DE ASSISTENCIA SOCIAL ONÉLIA MARCOLINO DA COSTA","municipio":"Jandaia do Sul","ibge6":"411210","endereco":"Presidente Kennedy - 373","bairro":"Centro"}},{"type":"Feature","geometry":{"type":"Point","coordinates":[-52.778234,-24.144906]},"properties":{"grupo":"cras","nome":"CRAS","municipio":"Janiópolis","ibge6":"411220","endereco":"Presidente Alves - 845","bairro":"Vila Sao Joao"}},{"type":"Feature","geometry":{"type":"Point","coordinates":[-50.139,-23.813]},"properties":{"grupo":"cras","nome":"CRAS ANÉSIA DE ASSIS COSTA","municipio":"Japira","ibge6":"411230","endereco":"Alexandre Leite dos Santos - 82","bairro":"Centro"}},{"type":"Feature","geometry":{"type":"Point","coordinates":[-52.554774,-23.474977]},"properties":{"grupo":"cras","nome":"CRAS DONA ZENAIDE","municipio":"Japurá","ibge6":"411240","endereco":"Curitiba - 392","bairro":"Jd. Carlos Chagas"}},{"type":"Feature","geometry":{"type":"Point","coordinates":[-51.687258,-24.174088]},"properties":{"grupo":"cras","nome":"CRAS - JARDIM ALEGRE","municipio":"Jardim Alegre","ibge6":"411250","endereco":"Pio XII - 503","bairro":"Jardim Itapuã"}},{"type":"Feature","geometry":{"type":"Point","coordinates":[-52.037816,-22.551542]},"properties":{"grupo":"cras","nome":"CRAS CENTRO DE REFERENCIA DE ASSISTENCIA SOCIAL","municipio":"Jardim Olinda","ibge6":"411260","endereco":"D`Pedro II - 736","bairro":"Centro"}},{"type":"Feature","geometry":{"type":"Point","coordinates":[-50.974481,-23.257296]},"properties":{"grupo":"cras","nome":"CRAS Espaço Família","municipio":"Jataizinho","ibge6":"411270","endereco":"Antônio Pavão - 15","bairro":"Jardim Paraíso"}},{"type":"Feature","geometry":{"type":"Point","coordinates":[-53.389059,-24.381469]},"properties":{"grupo":"cras","nome":"CRAS - Centro de Referencia de Assistencia Social","municipio":"Jesuítas","ibge6":"411275","endereco":"Papa São Leao - 411","bairro":"Centro"}},{"type":"Feature","geometry":{"type":"Point","coordinates":[-49.927057,-23.498209]},"properties":{"grupo":"cras","nome":"CRAS - Centro de Referência de Assistência Social de Joaquim Távora","municipio":"Joaquim Távora","ibge6":"411280","endereco":"Rui Barbosa - 303","bairro":"Centro"}},{"type":"Feature","geometry":{"type":"Point","coordinates":[-50.249287,-23.435716]},"properties":{"grupo":"cras","nome":"CRAS ZILDA ARNS","municipio":"Jundiaí do Sul","ibge6":"411290","endereco":"São Francisco - 192","bairro":"Centro"}},{"type":"Feature","geometry":{"type":"Point","coordinates":[-52.838509,-24.423492]},"properties":{"grupo":"cras","nome":"CRAS BENEDITA ROSA DE CASTRO","municipio":"Juranda","ibge6":"411295","endereco":"Zenovio Szeremeta - 757","bairro":"Carajas"}},{"type":"Feature","geometry":{"type":"Point","coordinates":[-52.472253,-23.622999]},"properties":{"grupo":"cras","nome":"CRAS -VIRGINIA GANDOLFI SIQUEIRA","municipio":"Jussara","ibge6":"411300","endereco":"Prol. Vereador Ozano Prexedes de Almeida - 145","bairro":"Pedro Jorge"}},{"type":"Feature","geometry":{"type":"Point","coordinates":[-51.669431,-23.819623]},"properties":{"grupo":"cras","nome":"Centro de Referência de Assistência Social - CRAS de Kaloré","municipio":"Kaloré","ibge6":"411310","endereco":"Rua Tiradentes","bairro":"Centro"}},{"type":"Feature","geometry":{"type":"Point","coordinates":[-49.708693,-25.757382]},"properties":{"grupo":"cras","nome":"CRAS LAPA/PR","municipio":"Lapa","ibge6":"411320","endereco":"Arthur Virmond de Lacerda - 671","bairro":"São Lucas"}},{"type":"Feature","geometry":{"type":"Point","coordinates":[-49.721525,-25.767359]},"properties":{"grupo":"cras","nome":"CRAS FERNANDA MEIRA","municipio":"Lapa","ibge6":"411320","endereco":"Aloisio Leoni - 154","bairro":"Centro"}},{"type":"Feature","geometry":{"type":"Point","coordinates":[-52.472945,-24.888889]},"properties":{"grupo":"cras","nome":"CRAS - LARANJAL","municipio":"Laranjal","ibge6":"411325","endereco":"Getúlio Vargas","bairro":"Centro"}},{"type":"Feature","geometry":{"type":"Point","coordinates":[-52.410228,-25.397395]},"properties":{"grupo":"cras","nome":"CRAS Laranjeiras do Sul","municipio":"Laranjeiras do Sul","ibge6":"411330","endereco":"Barão do Rio Branco - 3170","bairro":"São Francisco"}},{"type":"Feature","geometry":{"type":"Point","coordinates":[-50.753939,-23.078824]},"properties":{"grupo":"cras","nome":"CRAS - Centro de Referência da Assistência Social - CRAS","municipio":"Leópolis","ibge6":"411340","endereco":"Renato Ticoulart - 704","bairro":"Centro"}},{"type":"Feature","geometry":{"type":"Point","coordinates":[-51.656342,-24.109644]},"properties":{"grupo":"cras","nome":"CENTRO DE REFERÊNCIA DA ASSISTÊNCIA SOCIAL DE LIDIANOPOLIS","municipio":"Lidianópolis","ibge6":"411342","endereco":"Juscelino Kubitschek - 267","bairro":"Centro"}},{"type":"Feature","geometry":{"type":"Point","coordinates":[-53.568687,-25.284637]},"properties":{"grupo":"cras","nome":"CRAS - CENTRO DE REFERÊNCIA DA ASSISTÊNCIA SOCIAL","municipio":"Lindoeste","ibge6":"411345","endereco":"05 de maio - 00","bairro":"cielito"}},{"type":"Feature","geometry":{"type":"Point","coordinates":[-53.137419,-22.922876]},"properties":{"grupo":"cras","nome":"Centro de Referencia de Assistencia Social","municipio":"Loanda","ibge6":"411350","endereco":"Gov Moisés Lupion - 153","bairro":"Alto da Glória"}},{"type":"Feature","geometry":{"type":"Point","coordinates":[-51.950376,-23.005607]},"properties":{"grupo":"cras","nome":"CRAS - centro de referencia da assistencia social","municipio":"Lobato","ibge6":"411360","endereco":"Tsuguji Sugihara - 86","bairro":"centro"}},{"type":"Feature","geometry":{"type":"Point","coordinates":[-51.222485,-23.325382]},"properties":{"grupo":"cras","nome":"CRAS OESTE A","municipio":"Londrina","ibge6":"411370","endereco":"Adelina Piquetti Barrios - 230","bairro":"Maracana"}},{"type":"Feature","geometry":{"type":"Point","coordinates":[-51.1431,-23.254433]},"properties":{"grupo":"cras","nome":"CRAS NORTE B","municipio":"Londrina","ibge6":"411370","endereco":"Lino Sachetin - 524","bairro":"Luis de Sá"}},{"type":"Feature","geometry":{"type":"Point","coordinates":[-51.202378,-23.288509]},"properties":{"grupo":"cras","nome":"CRAS OESTE B","municipio":"Londrina","ibge6":"411370","endereco":"Angelo Gaiotto","bairro":"Jardim Santa Rita"}},{"type":"Feature","geometry":{"type":"Point","coordinates":[-51.183667,-23.2605]},"properties":{"grupo":"cras","nome":"CRAS NORTE A","municipio":"Londrina","ibge6":"411370","endereco":"Julieta Leite de Carvalho - 65","bairro":"José Giordano"}},{"type":"Feature","geometry":{"type":"Point","coordinates":[-51.136336,-23.374227]},"properties":{"grupo":"cras","nome":"CRAS SUL A","municipio":"Londrina","ibge6":"411370","endereco":"Guilherme de Almeida - 2260","bairro":"Itapoã"}},{"type":"Feature","geometry":{"type":"Point","coordinates":[-51.15211,-23.297217]},"properties":{"grupo":"cras","nome":"CRAS CENTRO A","municipio":"Londrina","ibge6":"411370","endereco":"Ermelindo Leao - 270","bairro":"PARQUE DAS ÁGUiAS"}},{"type":"Feature","geometry":{"type":"Point","coordinates":[-51.138697,-23.368742]},"properties":{"grupo":"cras","nome":"CRAS SUL B","municipio":"Londrina","ibge6":"411370","endereco":"Lirio dos Vales - 59","bairro":"Parque das Industrias"}},{"type":"Feature","geometry":{"type":"Point","coordinates":[-51.130478,-23.309193]},"properties":{"grupo":"cras","nome":"CRAS LESTE","municipio":"Londrina","ibge6":"411370","endereco":"do Tamarino - 136","bairro":"Jardim Marabá"}},{"type":"Feature","geometry":{"type":"Point","coordinates":[-51.133615,-23.341523]},"properties":{"grupo":"cras","nome":"CRAS CENTRO B","municipio":"Londrina","ibge6":"411370","endereco":"Maria José Carneiro - 55","bairro":"Monte Carlo"}},{"type":"Feature","geometry":{"type":"Point","coordinates":[-51.143053,-23.372391]},"properties":{"grupo":"cras","nome":"CRAS RURAL","municipio":"Londrina","ibge6":"411370","endereco":"Pedro Martins - 176","bairro":"Conj. Hab. SaltinhoLondrina"}},{"type":"Feature","geometry":{"type":"Point","coordinates":[-52.331143,-24.349002]},"properties":{"grupo":"cras","nome":"Centro de Referência de Assistência Social - Casa das Famílias","municipio":"Luiziana","ibge6":"411373","endereco":"Ari Ferraz de Souza - 956","bairro":"Centro"}},{"type":"Feature","geometry":{"type":"Point","coordinates":[-51.740584,-24.079498]},"properties":{"grupo":"cras","nome":"CRAS - CENTRO DE REFERENCIA DE ASSISTENCIA SOCIAL","municipio":"Lunardelli","ibge6":"411375","endereco":"Bahia - 450","bairro":"Centro"}},{"type":"Feature","geometry":{"type":"Point","coordinates":[-51.655447,-22.756353]},"properties":{"grupo":"cras","nome":"CRAS","municipio":"Lupionópolis","ibge6":"411380","endereco":"David Nasser - 752","bairro":"Centro"}},{"type":"Feature","geometry":{"type":"Point","coordinates":[-50.824385,-25.885828]},"properties":{"grupo":"cras","nome":"CRAS de Mallet","municipio":"Mallet","ibge6":"411390","endereco":"Rua Três de Maio - 295","bairro":"Centro"}},{"type":"Feature","geometry":{"type":"Point","coordinates":[-52.528156,-24.309732]},"properties":{"grupo":"cras","nome":"CRAS CENTRO DE REFERÊNCIA DE ASSISTÊNCIA SOCIAL","municipio":"Mamborê","ibge6":"411400","endereco":"Augusto Mendes dos Santos - 843","bairro":"Centro"}},{"type":"Feature","geometry":{"type":"Point","coordinates":[-52.118213,-23.32772]},"properties":{"grupo":"cras","nome":"CENTRO DE REFERÊNCIA DE ASSISTENCIA SOCIAL","municipio":"Mandaguaçu","ibge6":"411410","endereco":"Bosque da Saude - 00","bairro":"Vila Guadiana"}},{"type":"Feature","geometry":{"type":"Point","coordinates":[-51.672177,-23.529248]},"properties":{"grupo":"cras","nome":"CRAS MANDAGUARI","municipio":"Mandaguari","ibge6":"411420","endereco":"João Ernesto Ferreira - 435","bairro":"Centro"}},{"type":"Feature","geometry":{"type":"Point","coordinates":[-49.327519,-25.779151]},"properties":{"grupo":"cras","nome":"CRAS - CENTRO DE REFERÊNCIA DE ASSISTÊNCIA SOCIAL","municipio":"Mandirituba","ibge6":"411430","endereco":"Pedro Batista Barbosa - 74","bairro":"Centro"}},{"type":"Feature","geometry":{"type":"Point","coordinates":[-53.312874,-26.143669]},"properties":{"grupo":"cras","nome":"CRAS de Manfrinópolis","municipio":"Manfrinópolis","ibge6":"411435","endereco":"Valter Francisco Mnafrin - 00","bairro":"centro"}},{"type":"Feature","geometry":{"type":"Point","coordinates":[-52.174834,-25.932025]},"properties":{"grupo":"cras","nome":"CRAS - Centro de Referência de Assistência Social","municipio":"Mangueirinha","ibge6":"411440","endereco":"Rua Duque de Caxias - 1041","bairro":"Centro"}},{"type":"Feature","geometry":{"type":"Point","coordinates":[-51.666263,-24.515099]},"properties":{"grupo":"cras","nome":"CRAS - PAIF - Centro de Referencia de Assistencia Social - Programa de Atenção Integral a Familia - - Casa da Familias","municipio":"Manoel Ribas","ibge6":"411450","endereco":"Marechal Deodoro da Fonseca - 823","bairro":"Santa Rita"}},{"type":"Feature","geometry":{"type":"Point","coordinates":[-54.057992,-24.558775]},"properties":{"grupo":"cras","nome":"CRAS CENTRO","municipio":"Marechal Cândido Rondon","ibge6":"411460","endereco":"Rua Sao Paulo - 1774","bairro":"Centro"}},{"type":"Feature","geometry":{"type":"Point","coordinates":[-53.209105,-23.625699]},"properties":{"grupo":"cras","nome":"CRAS CENTRO DE REFERÊNCIA DE ASSISTÊNCIA SOCIAL","municipio":"Maria Helena","ibge6":"411470","endereco":"Bom Sucesso - 507","bairro":"Vila Brasília"}},{"type":"Feature","geometry":{"type":"Point","coordinates":[-51.794108,-23.489174]},"properties":{"grupo":"cras","nome":"CRAS - Ida Ricieri Colhado","municipio":"Marialva","ibge6":"411480","endereco":"Presidente Nereu Ramos - 863","bairro":"Centro"}},{"type":"Feature","geometry":{"type":"Point","coordinates":[-51.298771,-23.743962]},"properties":{"grupo":"cras","nome":"CRAS - centro de referência de assistência social","municipio":"Marilândia do Sul","ibge6":"411490","endereco":"xv de novembro - 1330","bairro":"centro"}},{"type":"Feature","geometry":{"type":"Point","coordinates":[-53.03828,-22.732807]},"properties":{"grupo":"cras","nome":"CRAS - CENTRO DE REFERENCIA DE ASSISTENCIA SOCIAL - CRIANÇA FELIZ","municipio":"Marilena","ibge6":"411500","endereco":"Dante Pasqualetto - 354","bairro":"Centro"}},{"type":"Feature","geometry":{"type":"Point","coordinates":[-53.149195,-24.014127]},"properties":{"grupo":"cras","nome":"CRAS - Centro de Referência de Assistência Social - CRAS - Casa das Famílias","municipio":"Mariluz","ibge6":"411510","endereco":"Marília - 2534","bairro":"Centro"}},{"type":"Feature","geometry":{"type":"Point","coordinates":[-51.977036,-23.444301]},"properties":{"grupo":"cras","nome":"CRAS ITAIPU","municipio":"Maringá","ibge6":"411520","endereco":"Lobélia - 243","bairro":"Jardim Industrial"}},{"type":"Feature","geometry":{"type":"Point","coordinates":[-51.881057,-23.40754]},"properties":{"grupo":"cras","nome":"CRAS REQUIÃO","municipio":"Maringá","ibge6":"411520","endereco":"Maria Paulina Palma - 453","bairro":"Conj. Res. Requião"}},{"type":"Feature","geometry":{"type":"Point","coordinates":[-51.924485,-23.457976]},"properties":{"grupo":"cras","nome":"CRAS SANTA FELICIDADE","municipio":"Maringá","ibge6":"411520","endereco":"Cerro Azul - 3930","bairro":"Conjunto Pioneiro Honorato Vecchi"}},{"type":"Feature","geometry":{"type":"Point","coordinates":[-51.956931,-23.411562]},"properties":{"grupo":"cras","nome":"CRAS MANDACARU","municipio":"Maringá","ibge6":"411520","endereco":"Pioneiro Ignácio Gomes - 117","bairro":"Jardim Monta Carlo"}},{"type":"Feature","geometry":{"type":"Point","coordinates":[-51.976082,-23.402711]},"properties":{"grupo":"cras","nome":"CRAS NEY BRAGA","municipio":"Maringá","ibge6":"411520","endereco":"Bem-Te-Vi X Rua Antonio Correia de Oliveira - 1298","bairro":"Jardim Califórnia"}},{"type":"Feature","geometry":{"type":"Point","coordinates":[-51.919187,-23.399703]},"properties":{"grupo":"cras","nome":"CRAS ALVORADA","municipio":"Maringá","ibge6":"411520","endereco":"Ney Aminthas de Barros Braga - 819","bairro":"Jardim Alvorada"}},{"type":"Feature","geometry":{"type":"Point","coordinates":[-52.057541,-23.379622]},"properties":{"grupo":"cras","nome":"CRAS IGUATEMI","municipio":"Maringá","ibge6":"411520","endereco":"João Masiero - 603","bairro":"Conj. Albino Menegueti"}},{"type":"Feature","geometry":{"type":"Point","coordinates":[-51.898352,-23.418104]},"properties":{"grupo":"cras","nome":"CRAS MORANGUEIRA","municipio":"Maringá","ibge6":"411520","endereco":"Haiti - 808","bairro":"Vila Morangueira"}},{"type":"Feature","geometry":{"type":"Point","coordinates":[-51.906866,-23.386094]},"properties":{"grupo":"cras","nome":"CRAS SANTA CLARA","municipio":"Maringá","ibge6":"411520","endereco":"Pioneiro Alfredo Jose da Costa - 759","bairro":"Jardim Santa Clara"}},{"type":"Feature","geometry":{"type":"Point","coordinates":[-51.894674,-23.40357]},"properties":{"grupo":"cras","nome":"CRAS BRANCA VIEIRA","municipio":"Maringá","ibge6":"411520","endereco":"Tuiuti - 3375","bairro":"Conj. Res. Branca de Jesus Camargo Vieira"}},{"type":"Feature","geometry":{"type":"Point","coordinates":[-52.555268,-26.35667]},"properties":{"grupo":"cras","nome":"CRAS CENTRO DE REEFERENCIA DE ASSISTENCIA SOCIAL","municipio":"Mariópolis","ibge6":"411530","endereco":"Nove - 416","bairro":"Centro"}},{"type":"Feature","geometry":{"type":"Point","coordinates":[-53.836291,-24.416978]},"properties":{"grupo":"cras","nome":"CRAS - Centro de Referência de Assistência Social","municipio":"Maripá","ibge6":"411535","endereco":"Henrique Dias - 1390","bairro":"Centro"}},{"type":"Feature","geometry":{"type":"Point","coordinates":[-53.02283,-26.150979]},"properties":{"grupo":"cras","nome":"CRAS Centro de Referencia de Assistência Social","municipio":"Marmeleiro","ibge6":"411540","endereco":"Emílio Magno Glatt - 146","bairro":"Centro"}},{"type":"Feature","geometry":{"type":"Point","coordinates":[-52.254603,-25.115309]},"properties":{"grupo":"cras","nome":"CRAS CENTRO DE REFERENCIA DE ASSISTENCIA SOCIAL- CASA DAS FAMÍLIAS","municipio":"Marquinho","ibge6":"411545","endereco":"Rua Germano Esteche","bairro":"Centro"}},{"type":"Feature","geometry":{"type":"Point","coordinates":[-51.636742,-23.705969]},"properties":{"grupo":"cras","nome":"CRAS de Marumbi","municipio":"Marumbi","ibge6":"411550","endereco":"Vicente Fuzette - 360","bairro":"centro"}},{"type":"Feature","geometry":{"type":"Point","coordinates":[-53.978925,-25.2393]},"properties":{"grupo":"cras","nome":"CRAS REFAZENDO HISTÓRIAS","municipio":"Matelândia","ibge6":"411560","endereco":"Pedro Alvares Cabral - 338","bairro":"Centro"}},{"type":"Feature","geometry":{"type":"Point","coordinates":[-48.498931,-25.738674]},"properties":{"grupo":"cras","nome":"CRAS ALBATROZ","municipio":"Matinhos","ibge6":"411570","endereco":"Dr. Benedito Amorin - 723","bairro":"Gaivotas"}},{"type":"Feature","geometry":{"type":"Point","coordinates":[-48.544292,-25.803774]},"properties":{"grupo":"cras","nome":"CRAS MANGUE SECO","municipio":"Matinhos","ibge6":"411570","endereco":"Werner G. Gaedke - 1300","bairro":"Mangue Seco"}},{"type":"Feature","geometry":{"type":"Point","coordinates":[-52.148924,-24.704537]},"properties":{"grupo":"cras","nome":"CRAS CENTRO DE REFERENCIA DE ASSISTENCA SOCIAL","municipio":"Mato Rico","ibge6":"411573","endereco":"Das Araucarias - 1734","bairro":"Centro"}},{"type":"Feature","geometry":{"type":"Point","coordinates":[-51.223927,-23.901984]},"properties":{"grupo":"cras","nome":"CRAS","municipio":"Mauá da Serra","ibge6":"411575","endereco":"José Rodrigues da Silva - 11","bairro":"Parque Industrial"}},{"type":"Feature","geometry":{"type":"Point","coordinates":[-54.087321,-25.291076]},"properties":{"grupo":"cras","nome":"CRAS MEDIANEIRA","municipio":"Medianeira","ibge6":"411580","endereco":"Santa Catarina - 1254","bairro":"Ipê"}},{"type":"Feature","geometry":{"type":"Point","coordinates":[-54.165773,-24.455686]},"properties":{"grupo":"cras","nome":"Centro de Referência de Assistência Social de Mercedes","municipio":"Mercedes","ibge6":"411585","endereco":"João Pessoa - 1055","bairro":"centro"}},{"type":"Feature","geometry":{"type":"Point","coordinates":[-52.775537,-23.25624]},"properties":{"grupo":"cras","nome":"CRAS (RE) CONSTRUINDO SONHOS E HISTÓRIAS DE VIDA","municipio":"Mirador","ibge6":"411590","endereco":"Guaíra - 154","bairro":"Centro"}},{"type":"Feature","geometry":{"type":"Point","coordinates":[-51.486536,-22.969606]},"properties":{"grupo":"cras","nome":"Cras \"Bem Viver \"","municipio":"Miraselva","ibge6":"411600","endereco":"Geraldo de Paula Faria - 800","bairro":"centro"}},{"type":"Feature","geometry":{"type":"Point","coordinates":[-54.246744,-25.094635]},"properties":{"grupo":"cras","nome":"CASAS DAS FAMILIAS","municipio":"Missal","ibge6":"411605","endereco":"Nossa Senhora da Conceição - 745","bairro":"Centro"}},{"type":"Feature","geometry":{"type":"Point","coordinates":[-53.007188,-24.047365]},"properties":{"grupo":"cras","nome":"CRAS MOREIRA SALES","municipio":"Moreira Sales","ibge6":"411610","endereco":"Maria Ferreira da Cruz - 550","bairro":"Centro"}},{"type":"Feature","geometry":{"type":"Point","coordinates":[-48.831396,-25.482157]},"properties":{"grupo":"cras","nome":"CRAS","municipio":"Morretes","ibge6":"411620","endereco":"João Foltran - 542","bairro":"Centro"}},{"type":"Feature","geometry":{"type":"Point","coordinates":[-51.770164,-23.14767]},"properties":{"grupo":"cras","nome":"CRAS - Centro de Referência da Assistência Social - Casa da Família","municipio":"Munhoz de Melo","ibge6":"411630","endereco":"Interventor Manoel Ribas - 859","bairro":"Centro"}},{"type":"Feature","geometry":{"type":"Point","coordinates":[-51.799293,-22.913061]},"properties":{"grupo":"cras","nome":"CRAS CENTRO DE REFERÊNCIA DE ASSISTÊNCIA SOCIAL","municipio":"Nossa Senhora Das Graças","ibge6":"411640","endereco":"Bahia - 60","bairro":"Centro"}},{"type":"Feature","geometry":{"type":"Point","coordinates":[-52.60548,-23.177628]},"properties":{"grupo":"cras","nome":"CENTRO DE REFERÊNCIA DA ASSISTÊNCIA SOCIAL","municipio":"Nova Aliança do Ivaí","ibge6":"411650","endereco":"Rua Roque Batista da Silva - 718","bairro":"Centro"}},{"type":"Feature","geometry":{"type":"Point","coordinates":[-50.719062,-23.331668]},"properties":{"grupo":"cras","nome":"CRAS MARIA NILDA DE LIMA","municipio":"Nova América da Colina","ibge6":"411660","endereco":"Paraná - 711","bairro":"Centro"}},{"type":"Feature","geometry":{"type":"Point","coordinates":[-53.252878,-24.527369]},"properties":{"grupo":"cras","nome":"CRAS - CENTRO DE REFERENCIA DE ASSISTENCIA SOCIAL","municipio":"Nova Aurora","ibge6":"411670","endereco":"Castelo Branco - 173","bairro":"Centro"}},{"type":"Feature","geometry":{"type":"Point","coordinates":[-52.569897,-24.674947]},"properties":{"grupo":"cras","nome":"CRAS Argene da Costa Cristo","municipio":"Nova Cantu","ibge6":"411680","endereco":"Niterói - 554","bairro":"Centro"}},{"type":"Feature","geometry":{"type":"Point","coordinates":[-52.215807,-23.178791]},"properties":{"grupo":"cras","nome":"CRAS ESPERANÇA","municipio":"Nova Esperança","ibge6":"411690","endereco":"Bahia - 91","bairro":"Centro"}},{"type":"Feature","geometry":{"type":"Point","coordinates":[-52.18832,-23.187707]},"properties":{"grupo":"cras","nome":"CRAS SANTO ANTONIO","municipio":"Nova Esperança","ibge6":"411690","endereco":"Pioneiro Agostinho Peres - 45","bairro":"Jardim Santo Antonio"}},{"type":"Feature","geometry":{"type":"Point","coordinates":[-53.262899,-25.898743]},"properties":{"grupo":"cras","nome":"CENTRO DE REFERENCIA DE ASSISTENCIA SOCIAL","municipio":"Nova Esperança do Sudoeste","ibge6":"411695","endereco":"Rua Joaquim José Nazário - 1056","bairro":"Centro"}},{"type":"Feature","geometry":{"type":"Point","coordinates":[-50.563824,-23.432399]},"properties":{"grupo":"cras","nome":"Centro de Referencia de Assistência Social","municipio":"Nova Fátima","ibge6":"411700","endereco":"Orlando Cherubino Terra - 302","bairro":"Centro"}},{"type":"Feature","geometry":{"type":"Point","coordinates":[-52.54411,-25.308494]},"properties":{"grupo":"cras","nome":"CRAS - Nova Laranjeiras","municipio":"Nova Laranjeiras","ibge6":"411705","endereco":"Professor Estanislau Kuratkowski - 1044","bairro":"Centro"}},{"type":"Feature","geometry":{"type":"Point","coordinates":[-52.996459,-22.765161]},"properties":{"grupo":"cras","nome":"CENTRO DE REFERÊNCIA DE ASSISTÊNCIA SOCIAL","municipio":"Nova Londrina","ibge6":"411710","endereco":"Rua Belo Horizonte - 336","bairro":"Centro"}},{"type":"Feature","geometry":{"type":"Point","coordinates":[-53.084575,-23.47359]},"properties":{"grupo":"cras","nome":"CENTRO DE REFERÊNCIA DE ASSISTÊNCIA SOCIAL","municipio":"Nova Olímpia","ibge6":"411720","endereco":"Belo Horizonte - 401","bairro":"Centro"}},{"type":"Feature","geometry":{"type":"Point","coordinates":[-50.760339,-23.594366]},"properties":{"grupo":"cras","nome":"CRAS - Centro de Referencia de Assistencia Social de Nova Santa Barbara","municipio":"Nova Santa Bárbara","ibge6":"411721","endereco":"Walfredo Bittencourt de Moraes - 671","bairro":"Centro"}},{"type":"Feature","geometry":{"type":"Point","coordinates":[-53.952227,-24.466252]},"properties":{"grupo":"cras","nome":"CRAS - CENTRO DE REFERENCIA DE ASSISTENCIA SOCIAL","municipio":"Nova Santa Rosa","ibge6":"411722","endereco":"Rua Guarani - 630","bairro":"Centro"}},{"type":"Feature","geometry":{"type":"Point","coordinates":[-53.345747,-25.635307]},"properties":{"grupo":"cras","nome":"CRAS DE NOVA PRATA DO IGUAÇU","municipio":"Nova Prata do Iguaçu","ibge6":"411725","endereco":"Castelo Branco - 10","bairro":"Centro"}},{"type":"Feature","geometry":{"type":"Point","coordinates":[-51.949056,-24.438995]},"properties":{"grupo":"cras","nome":"CRAS NOVA TEBAS","municipio":"Nova Tebas","ibge6":"411727","endereco":"Luiza Laitner Moleta - 827","bairro":"Centro"}},{"type":"Feature","geometry":{"type":"Point","coordinates":[-51.506031,-23.762075]},"properties":{"grupo":"cras","nome":"CRAS MARIA DO CARMO DE MELO","municipio":"Novo Itacolomi","ibge6":"411729","endereco":"José Hilário Filho - 361","bairro":"Centro"}},{"type":"Feature","geometry":{"type":"Point","coordinates":[-50.940549,-24.207124]},"properties":{"grupo":"cras","nome":"CRAS - CONSTRUINDO PARA CRESCER","municipio":"Ortigueira","ibge6":"411730","endereco":"Leônidas Alves Carneiro - 2114","bairro":"Vila Gomes"}},{"type":"Feature","geometry":{"type":"Point","coordinates":[-50.92375,-24.212828]},"properties":{"grupo":"cras","nome":"CRAS Vila Godoi","municipio":"Ortigueira","ibge6":"411730","endereco":"Laurindo Barbosa de Macedo","bairro":"Vila Godoi"}},{"type":"Feature","geometry":{"type":"Point","coordinates":[-52.197958,-23.406712]},"properties":{"grupo":"cras","nome":"CRAS - Centro de Referência de Assistência Social","municipio":"Ourizona","ibge6":"411740","endereco":"Rua Aritã - 1029","bairro":"Centro"}},{"type":"Feature","geometry":{"type":"Point","coordinates":[-53.900312,-24.774502]},"properties":{"grupo":"cras","nome":"Centro de Referência de Assistência Social","municipio":"Ouro Verde do Oeste","ibge6":"411745","endereco":"Paraíba - 972","bairro":"Centro"}},{"type":"Feature","geometry":{"type":"Point","coordinates":[-52.054441,-23.461329]},"properties":{"grupo":"cras","nome":"CRAS - CENTRO DE REFERENCIA DE ASSISTENCIA SOCIAL","municipio":"Paiçandu","ibge6":"411750","endereco":"Ipiranga - 56","bairro":"Centro"}},{"type":"Feature","geometry":{"type":"Point","coordinates":[-52.028739,-23.457115]},"properties":{"grupo":"cras","nome":"CRAS CATEDRAL","municipio":"Paiçandu","ibge6":"411750","endereco":"Rua Mario Monteschio - 567","bairro":"Jardim Pioneiro"}},{"type":"Feature","geometry":{"type":"Point","coordinates":[-52.004857,-26.470976]},"properties":{"grupo":"cras","nome":"CRAS - LAGOAO","municipio":"Palmas","ibge6":"411760","endereco":"Jose Ferreira dos Santos - 321","bairro":"Lagoao"}},{"type":"Feature","geometry":{"type":"Point","coordinates":[-51.98842,-26.487552]},"properties":{"grupo":"cras","nome":"CRAS - CENTRO","municipio":"Palmas","ibge6":"411760","endereco":"Marechal Deodoro - 590","bairro":"Centro"}},{"type":"Feature","geometry":{"type":"Point","coordinates":[-49.999766,-25.425021]},"properties":{"grupo":"cras","nome":"CRAS PALMEIRA","municipio":"Palmeira","ibge6":"411770","endereco":"Arnoldo Costa - 166","bairro":"Centro"}},{"type":"Feature","geometry":{"type":"Point","coordinates":[-52.212823,-24.89341]},"properties":{"grupo":"cras","nome":"CRAS CENTRO DE REFERÊNCIA DA ASSISTÊNCIA SOCIAL","municipio":"Palmital","ibge6":"411780","endereco":"Marechal Floriano Peixoto - 416","bairro":"centro"}},{"type":"Feature","geometry":{"type":"Point","coordinates":[-53.84614,-24.276093]},"properties":{"grupo":"cras","nome":"CRAS - Centro de Referência de Assistência Social","municipio":"Palotina","ibge6":"411790","endereco":"Rua 07 de Setembro - 56","bairro":"Jardim Vô Konrad"}},{"type":"Feature","geometry":{"type":"Point","coordinates":[-52.614534,-23.283197]},"properties":{"grupo":"cras","nome":"CRAS - Centro de Referencia da Assistencia Social Paraiso","municipio":"Paraíso do Norte","ibge6":"411800","endereco":"Sao Francisco - 249","bairro":"Vila Santa Terezinha"}},{"type":"Feature","geometry":{"type":"Point","coordinates":[-52.15843,-22.931461]},"properties":{"grupo":"cras","nome":"CRAS Centro de Referência de Assistência Social","municipio":"Paranacity","ibge6":"411810","endereco":"Dom Pedro II - 1053","bairro":"Vila Progresso"}},{"type":"Feature","geometry":{"type":"Point","coordinates":[-48.538646,-25.522305]},"properties":{"grupo":"cras","nome":"CRAS LUIZ CARLOS DA COSTA LEITE","municipio":"Paranaguá","ibge6":"411820","endereco":"Washington Luiz","bairro":"Porto dos Padres"}},{"type":"Feature","geometry":{"type":"Point","coordinates":[-48.564463,-25.563775]},"properties":{"grupo":"cras","nome":"CRAS JESUÍNA DE MATOS","municipio":"Paranaguá","ibge6":"411820","endereco":"Das Hortênsias","bairro":"Nilson Neves"}},{"type":"Feature","geometry":{"type":"Point","coordinates":[-48.573303,-25.57864]},"properties":{"grupo":"cras","nome":"CRAS Irma Freitas Fonseca","municipio":"Paranaguá","ibge6":"411820","endereco":"Sub Tenente Onofre Moreira da Rocha","bairro":"Vila Garcia"}},{"type":"Feature","geometry":{"type":"Point","coordinates":[-48.53108,-25.526783]},"properties":{"grupo":"cras","nome":"CRAS ZILDA ARNS NEUMANN","municipio":"Paranaguá","ibge6":"411820","endereco":"Barao do Amazonas - 00","bairro":"Serraria do Rocha"}},{"type":"Feature","geometry":{"type":"Point","coordinates":[-48.627634,-25.554444]},"properties":{"grupo":"cras","nome":"CRAS Alexandra","municipio":"Paranaguá","ibge6":"411820","endereco":"Silvino Trípole - 275","bairro":"Alexandra"}},{"type":"Feature","geometry":{"type":"Point","coordinates":[-48.503587,-25.527165]},"properties":{"grupo":"cras","nome":"CRAS MAURO CASSILHA","municipio":"Paranaguá","ibge6":"411820","endereco":"Natanael Cora","bairro":"Ilha dos Valadares"}},{"type":"Feature","geometry":{"type":"Point","coordinates":[-52.082663,-22.656136]},"properties":{"grupo":"cras","nome":"CRAS Centro de Referencia de Assistencia Social","municipio":"Paranapoema","ibge6":"411830","endereco":"Victorelli - 362","bairro":"Centro"}},{"type":"Feature","geometry":{"type":"Point","coordinates":[-52.474169,-23.081938]},"properties":{"grupo":"cras","nome":"CENTRO DE REFERÊNCIA DE ASSISTÊNCIA SOCIAL - CRAS JARDIM MARINGÁ","municipio":"Paranavaí","ibge6":"411840","endereco":"Antônio Felipe - 480","bairro":"Jardim São João"}},{"type":"Feature","geometry":{"type":"Point","coordinates":[-52.474093,-23.104928]},"properties":{"grupo":"cras","nome":"CENTRO DE REFERÊNCIA DE ASSISTÊNCIA SOCIAL - CRAS JARDIM SÃO JORGE","municipio":"Paranavaí","ibge6":"411840","endereco":"Jatobá, S/N","bairro":"Vista Alegre Ii"}},{"type":"Feature","geometry":{"type":"Point","coordinates":[-52.451885,-23.100556]},"properties":{"grupo":"cras","nome":"CRAS CENTRO DE REFERÊNCIA DE ASSISTÊNCIA SOCIAL VILA OPERÁRIA","municipio":"Paranavaí","ibge6":"411840","endereco":"João Graff Schreiber, - 55","bairro":"Vila Operária"}},{"type":"Feature","geometry":{"type":"Point","coordinates":[-52.444224,-23.073375]},"properties":{"grupo":"cras","nome":"CRAS ZONA LESTE","municipio":"Paranavaí","ibge6":"411840","endereco":"Presidente Tancredo Neves - 4325","bairro":"Jardim Guanabara"}},{"type":"Feature","geometry":{"type":"Point","coordinates":[-54.224739,-24.627006]},"properties":{"grupo":"cras","nome":"CRAS-PATO BRAGADO","municipio":"Pato Bragado","ibge6":"411845","endereco":"Guarapuava - 2944","bairro":"Centro"}},{"type":"Feature","geometry":{"type":"Point","coordinates":[-52.681906,-26.2685]},"properties":{"grupo":"cras","nome":"CRAS CAROLINA FERRARI AMADORI","municipio":"Pato Branco","ibge6":"411850","endereco":"Travessa Ipacaraí - 50","bairro":"Alvorada"}},{"type":"Feature","geometry":{"type":"Point","coordinates":[-52.716113,-26.233382]},"properties":{"grupo":"cras","nome":"CRAS PAULINA BONALUME ANDREATTA","municipio":"Pato Branco","ibge6":"411850","endereco":"Sadi Bertol - 000","bairro":"São João"}},{"type":"Feature","geometry":{"type":"Point","coordinates":[-50.930446,-26.21036]},"properties":{"grupo":"cras","nome":"CRAS PAULA FREITAS","municipio":"Paula Freitas","ibge6":"411860","endereco":"Agostinho de Souza - 1141","bairro":"Centro"}},{"type":"Feature","geometry":{"type":"Point","coordinates":[-50.748641,-26.060842]},"properties":{"grupo":"cras","nome":"CENTRO DE REFERENCIA DA ASSISTENCIA SOCIAL DE PAULO FRONTIN","municipio":"Paulo Frontin","ibge6":"411870","endereco":"Francisco Brzezinski Filho - 69","bairro":"Centro"}},{"type":"Feature","geometry":{"type":"Point","coordinates":[-52.347944,-23.917216]},"properties":{"grupo":"cras","nome":"CRAS DE PEABIRU","municipio":"Peabiru","ibge6":"411880","endereco":"Juvenal Portela - 450","bairro":"Centro"}},{"type":"Feature","geometry":{"type":"Point","coordinates":[-53.41,-23.896]},"properties":{"grupo":"cras","nome":"CRAS CENTRO DE REFERÊNCIA DE ASSISTÊNCIA SOCIAL - NÚCLEO VIDA","municipio":"Perobal","ibge6":"411885","endereco":"Paraná - 1258","bairro":"Centro"}},{"type":"Feature","geometry":{"type":"Point","coordinates":[-53.679392,-23.801072]},"properties":{"grupo":"cras","nome":"CRAS - CASA DAS FAMÍLIAS","municipio":"Pérola","ibge6":"411890","endereco":"Bernardino de Campos - 750","bairro":"Centro"}},{"type":"Feature","geometry":{"type":"Point","coordinates":[-53.742432,-25.827343]},"properties":{"grupo":"cras","nome":"CRAS CASA DA FAMILIA","municipio":"Pérola D´oeste","ibge6":"411900","endereco":"Manoel Ribas - 292","bairro":"Centro"}},{"type":"Feature","geometry":{"type":"Point","coordinates":[-49.426852,-26.105155]},"properties":{"grupo":"cras","nome":"CRAS de Piên","municipio":"Piên","ibge6":"411910","endereco":"Campo Grande - 36","bairro":"Avencal"}},{"type":"Feature","geometry":{"type":"Point","coordinates":[-49.163003,-25.445329]},"properties":{"grupo":"cras","nome":"CRAS LESTE","municipio":"Pinhais","ibge6":"411915","endereco":"Leila Diniz - 361","bairro":"Maria Antonieta"}},{"type":"Feature","geometry":{"type":"Point","coordinates":[-49.156539,-25.428993]},"properties":{"grupo":"cras","nome":"CRAS NORTE","municipio":"Pinhais","ibge6":"411915","endereco":"Nilo Peçanha - 502","bairro":"Jardim Amélia"}},{"type":"Feature","geometry":{"type":"Point","coordinates":[-49.182229,-25.459918]},"properties":{"grupo":"cras","nome":"CRAS SUL","municipio":"Pinhais","ibge6":"411915","endereco":"Rio Trombetas - 828","bairro":"Jardim Weissópolis"}},{"type":"Feature","geometry":{"type":"Point","coordinates":[-49.183023,-25.396122]},"properties":{"grupo":"cras","nome":"CRAS OESTE","municipio":"Pinhais","ibge6":"411915","endereco":"Antonio T Ribas - 116","bairro":"Atuba"}},{"type":"Feature","geometry":{"type":"Point","coordinates":[-50.057927,-23.791412]},"properties":{"grupo":"cras","nome":"CRAS -BEM VIVER","municipio":"Pinhalão","ibge6":"411920","endereco":"Domingos Calixto - 490","bairro":"Centro"}},{"type":"Feature","geometry":{"type":"Point","coordinates":[-53.485479,-26.031046]},"properties":{"grupo":"cras","nome":"CRAS - CENTRO DA CIDADANIA","municipio":"Pinhal de São Bento","ibge6":"411925","endereco":"Laurindo Barcellos Santos","bairro":"Centro"}},{"type":"Feature","geometry":{"type":"Point","coordinates":[-51.633124,-25.781749]},"properties":{"grupo":"cras","nome":"CRAS - CENTRO DE REFERÊNCIA DA ASSISTÊNCIA SOCIAL","municipio":"Pinhão","ibge6":"411930","endereco":"José Penteado de Oliveira","bairro":"Vila Caldas"}},{"type":"Feature","geometry":{"type":"Point","coordinates":[-49.924096,-24.527841]},"properties":{"grupo":"cras","nome":"CRAS MARIA CANDIDA FANCHIN ABRÃO","municipio":"Piraí do Sul","ibge6":"411940","endereco":"Prefeito João Maria de Queiroz - 1145","bairro":"Vila Paraná"}},{"type":"Feature","geometry":{"type":"Point","coordinates":[-49.062281,-25.443585]},"properties":{"grupo":"cras","nome":"CRAS PIRAQUARA SOLIDARIA","municipio":"Piraquara","ibge6":"411950","endereco":"Avenida Getúlio Vargas - 450","bairro":"Centro"}},{"type":"Feature","geometry":{"type":"Point","coordinates":[-49.12792,-25.45798]},"properties":{"grupo":"cras","nome":"CRAS GUARITUBINHA","municipio":"Piraquara","ibge6":"411950","endereco":"Das Orquídeas - 730","bairro":"Guarituba"}},{"type":"Feature","geometry":{"type":"Point","coordinates":[-49.158175,-25.457767]},"properties":{"grupo":"cras","nome":"CRAS BETONEX","municipio":"Piraquara","ibge6":"411950","endereco":"Rua Betonex - 2320","bairro":"Guarituba"}},{"type":"Feature","geometry":{"type":"Point","coordinates":[-49.092928,-25.439407]},"properties":{"grupo":"cras","nome":"CRAS MACEDO","municipio":"Piraquara","ibge6":"411950","endereco":"Belo Horizonte - 34","bairro":"Vila Macedo"}},{"type":"Feature","geometry":{"type":"Point","coordinates":[-49.063,-25.442]},"properties":{"grupo":"cras","nome":"CRAS CEU","municipio":"Piraquara","ibge6":"411950","endereco":"Juri Danilenko - 3460","bairro":"Planta Santa Lucia"}},{"type":"Feature","geometry":{"type":"Point","coordinates":[-51.764145,-24.76431]},"properties":{"grupo":"cras","nome":"CRAS - CENTRO DE REFERENCIA DE ASSISTENCIA SOCIAL","municipio":"Pitanga","ibge6":"411960","endereco":"Joao Leite Ferreira - 51","bairro":"Maria do Carmo"}},{"type":"Feature","geometry":{"type":"Point","coordinates":[-51.58596,-23.233538]},"properties":{"grupo":"cras","nome":"CRAS Caminhos de Vida","municipio":"Pitangueiras","ibge6":"411965","endereco":"Avenida Central - 409","bairro":"centro"}},{"type":"Feature","geometry":{"type":"Point","coordinates":[-52.915542,-23.022118]},"properties":{"grupo":"cras","nome":"CRAS - CENTRO DE REFERÊNCIA DE ASSISTÊNCIA SOCIAL DE PLANALTINA DO PARANÁ","municipio":"Planaltina do Paraná","ibge6":"411970","endereco":"Vereador Attílio Carlos Maggioni - 173","bairro":"Centro"}},{"type":"Feature","geometry":{"type":"Point","coordinates":[-53.759429,-25.726747]},"properties":{"grupo":"cras","nome":"CRAS Centro de Referência de Assistência Social","municipio":"Planalto","ibge6":"411980","endereco":"Rio Grande do Sul - 250","bairro":"João Zacco"}},{"type":"Feature","geometry":{"type":"Point","coordinates":[-50.131325,-25.078847]},"properties":{"grupo":"cras","nome":"CRAS 31 DE MARÇO","municipio":"Ponta Grossa","ibge6":"411990","endereco":"Washington Luiz - 794","bairro":"Neves"}},{"type":"Feature","geometry":{"type":"Point","coordinates":[-50.18584,-25.082332]},"properties":{"grupo":"cras","nome":"CRAS NOVA RÚSSIA","municipio":"Ponta Grossa","ibge6":"411990","endereco":"General Rondon - 130","bairro":"Nova Rússia"}},{"type":"Feature","geometry":{"type":"Point","coordinates":[-50.154461,-25.126298]},"properties":{"grupo":"cras","nome":"CRAS CARA CARA","municipio":"Ponta Grossa","ibge6":"411990","endereco":"Dom Pedro I - 878","bairro":"Oficinas"}},{"type":"Feature","geometry":{"type":"Point","coordinates":[-50.204436,-25.062068]},"properties":{"grupo":"cras","nome":"CRAS SANTA LUZIA","municipio":"Ponta Grossa","ibge6":"411990","endereco":"Congonhas","bairro":"Santa Luzia"}},{"type":"Feature","geometry":{"type":"Point","coordinates":[-50.089095,-25.0938]},"properties":{"grupo":"cras","nome":"CRAS JARDIM PARAÍSO - RAIMUNDO MALAQUIAS","municipio":"Ponta Grossa","ibge6":"411990","endereco":"Deputado Edmar Luiz Costa","bairro":"Jardim Paraíso"}},{"type":"Feature","geometry":{"type":"Point","coordinates":[-50.200589,-25.085171]},"properties":{"grupo":"cras","nome":"CRAS SABARÁ","municipio":"Ponta Grossa","ibge6":"411990","endereco":"Abilio Ramos","bairro":"Sabara"}},{"type":"Feature","geometry":{"type":"Point","coordinates":[-50.177786,-25.068758]},"properties":{"grupo":"cras","nome":"CRAS VILA ISABEL","municipio":"Ponta Grossa","ibge6":"411990","endereco":"Centenário do Sul","bairro":"Vila Izabel"}},{"type":"Feature","geometry":{"type":"Point","coordinates":[-50.146316,-25.075946]},"properties":{"grupo":"cras","nome":"CRAS JARDIM CARVALHO","municipio":"Ponta Grossa","ibge6":"411990","endereco":"Governador Bento Munhoz da Rocha Neto","bairro":"Jardim Carvalho"}},{"type":"Feature","geometry":{"type":"Point","coordinates":[-50.171311,-25.10745]},"properties":{"grupo":"cras","nome":"CRAS VILA XV - ÍTALA LARA","municipio":"Ponta Grossa","ibge6":"411990","endereco":"Pedro Blageski","bairro":"Vila Estrela"}},{"type":"Feature","geometry":{"type":"Point","coordinates":[-50.139461,-25.105765]},"properties":{"grupo":"cras","nome":"CRAS CORONEL CLÁUDIO","municipio":"Ponta Grossa","ibge6":"411990","endereco":"Dr. José de Azevedo Macedo","bairro":"Vila Coronel Cláudio"}},{"type":"Feature","geometry":{"type":"Point","coordinates":[-50.104678,-25.057252]},"properties":{"grupo":"cras","nome":"CRAS COSTA RICA - CÂNDIDA DE JESUS COSTA \"CANDINHA\"","municipio":"Ponta Grossa","ibge6":"411990","endereco":"Ateneu Martins Fontoura","bairro":"Costa Rica"}},{"type":"Feature","geometry":{"type":"Point","coordinates":[-48.46771,-25.682153]},"properties":{"grupo":"cras","nome":"CENTRO DE REFERÊNCIA DE ASSISTÊNCIA SOCIAL","municipio":"Pontal do Paraná","ibge6":"411995","endereco":"Tibet - 00","bairro":"Canoas"}},{"type":"Feature","geometry":{"type":"Point","coordinates":[-48.444986,-25.649109]},"properties":{"grupo":"cras","nome":"CRAS CENTRO DE REFERENCIA DE ASSISTENCIA SOCIAL - IPANEMA","municipio":"Pontal do Paraná","ibge6":"411995","endereco":"Pr 412 Km 5 - 6201","bairro":"Balneário Ipanema"}},{"type":"Feature","geometry":{"type":"Point","coordinates":[-51.373916,-22.760195]},"properties":{"grupo":"cras","nome":"CENTRO DE REFERÊNCIA DE ASSISTÊNCIA SOCIAL - CASA DA FAMÍLIA","municipio":"Porecatu","ibge6":"412000","endereco":"Rua Horacio Pagano - 300","bairro":"Jardim São Jõao"}},{"type":"Feature","geometry":{"type":"Point","coordinates":[-49.900095,-25.545578]},"properties":{"grupo":"cras","nome":"CRAS - Centro de Referência de Assistência Social","municipio":"Porto Amazonas","ibge6":"412010","endereco":"Inacio Mastrelli - 00","bairro":"Centro"}},{"type":"Feature","geometry":{"type":"Point","coordinates":[-52.392855,-25.514985]},"properties":{"grupo":"cras","nome":"CRAS ALVINA PEREIRA DA SILVA","municipio":"Porto Barreiro","ibge6":"412015","endereco":"Rua das Grevilhas - 793","bairro":"Centro"}},{"type":"Feature","geometry":{"type":"Point","coordinates":[-53.266933,-22.773985]},"properties":{"grupo":"cras","nome":"CRAS Porto Rico","municipio":"Porto Rico","ibge6":"412020","endereco":"vaine pereira de souza freitas - 556","bairro":"Centro"}},{"type":"Feature","geometry":{"type":"Point","coordinates":[-51.225708,-26.163604]},"properties":{"grupo":"cras","nome":"Karen Neumann","municipio":"Porto Vitória","ibge6":"412030","endereco":"Athanasio Schick - 417","bairro":"Centro"}},{"type":"Feature","geometry":{"type":"Point","coordinates":[-51.441684,-23.041238]},"properties":{"grupo":"cras","nome":"CRAS - CENTRO DE REFERENCIA DE ASSISTENCIA SOCIAL","municipio":"Prado Ferreira","ibge6":"412033","endereco":"Rua Bahia - 461","bairro":"Centro"}},{"type":"Feature","geometry":{"type":"Point","coordinates":[-53.73898,-26.021983]},"properties":{"grupo":"cras","nome":"CRAS PRANCHITA Nº 41203500152","municipio":"Pranchita","ibge6":"412035","endereco":"Barão do Rio Branco - 347","bairro":"Centro"}},{"type":"Feature","geometry":{"type":"Point","coordinates":[-52.156198,-23.279452]},"properties":{"grupo":"cras","nome":"CRAS - Centro de Referencia de Assistencia Social","municipio":"Presidente Castelo Branco","ibge6":"412040","endereco":"Dona Sinhá - 510","bairro":"Jardim Horizonte"}},{"type":"Feature","geometry":{"type":"Point","coordinates":[-51.028152,-22.846992]},"properties":{"grupo":"cras","nome":"CRAS Pastor Leonardo Mendes","municipio":"Primeiro de Maio","ibge6":"412050","endereco":"Manaus - 40","bairro":"Conjunto Raul Garcia"}},{"type":"Feature","geometry":{"type":"Point","coordinates":[-50.964729,-25.21459]},"properties":{"grupo":"cras","nome":"CRAS NA VILA MARIANA","municipio":"Prudentópolis","ibge6":"412060","endereco":"Anildo Santini - 642","bairro":"Vila Mariana"}},{"type":"Feature","geometry":{"type":"Point","coordinates":[-50.990274,-25.211105]},"properties":{"grupo":"cras","nome":"CRAS NA VILA DA LUZ","municipio":"Prudentópolis","ibge6":"412060","endereco":"Capitão Francisco Durski Silva - 371","bairro":"Vila da Luz"}},{"type":"Feature","geometry":{"type":"Point","coordinates":[-53.076153,-24.276817]},"properties":{"grupo":"cras","nome":"CRAS CENTRO DE REFERÊNCIA DE ASSISTÊNCIA SOCIAL - CRAS VIVER","municipio":"Quarto Centenário","ibge6":"412065","endereco":"Rua Bueno da Silva - 44","bairro":"Centro"}},{"type":"Feature","geometry":{"type":"Point","coordinates":[-49.915738,-23.560093]},"properties":{"grupo":"cras","nome":"CRAS CENTRAL","municipio":"Quatiguá","ibge6":"412070","endereco":"Antonia Mocelim Blanco - 171","bairro":"Jardim Primavera"}},{"type":"Feature","geometry":{"type":"Point","coordinates":[-49.07361,-25.369161]},"properties":{"grupo":"cras","nome":"CRAS - LEONOR OLIVEIRA ANDREATTA\"","municipio":"Quatro Barras","ibge6":"412080","endereco":"Nilo Fávaro - 99","bairro":"Centro"}},{"type":"Feature","geometry":{"type":"Point","coordinates":[-49.100797,-25.368671]},"properties":{"grupo":"cras","nome":"CRAS PRAÇA CEU - JARDIM MENINO DEUS","municipio":"Quatro Barras","ibge6":"412080","endereco":"Rua Santa Catarina - 00","bairro":"Jardim Menino Deus"}},{"type":"Feature","geometry":{"type":"Point","coordinates":[-53.979352,-24.573924]},"properties":{"grupo":"cras","nome":"CRAS - Centro de Referência de Assistência Social","municipio":"Quatro Pontes","ibge6":"412085","endereco":"São GABRIEL - 667","bairro":"Centro"}},{"type":"Feature","geometry":{"type":"Point","coordinates":[-52.911701,-25.452962]},"properties":{"grupo":"cras","nome":"CRAS - CASA DA FAMÍLIA","municipio":"Quedas do Iguaçu","ibge6":"412090","endereco":"Ipê - 3505","bairro":"Centro"}},{"type":"Feature","geometry":{"type":"Point","coordinates":[-53.484015,-23.087223]},"properties":{"grupo":"cras","nome":"CRAS QUERENCIA DO NORTE","municipio":"Querência do Norte","ibge6":"412100","endereco":"Maria de Lourdes Dionisio Cardoso - 896","bairro":"centro"}},{"type":"Feature","geometry":{"type":"Point","coordinates":[-52.1365,-23.847141]},"properties":{"grupo":"cras","nome":"CRAS CASA DE ATENDIMENTO AS FAMILIAS","municipio":"Quinta do Sol","ibge6":"412110","endereco":"Avenida Centauro","bairro":"Centro"}},{"type":"Feature","geometry":{"type":"Point","coordinates":[-49.497603,-25.873125]},"properties":{"grupo":"cras","nome":"CRAS SEDE","municipio":"Quitandinha","ibge6":"412120","endereco":"Independencia - 34","bairro":"Centro"}},{"type":"Feature","geometry":{"type":"Point","coordinates":[-54.025649,-25.120701]},"properties":{"grupo":"cras","nome":"CRAS - Centro de Referência de Assistência Social","municipio":"Ramilândia","ibge6":"412125","endereco":"Rua Hervin Hass - 256","bairro":"Centro"}},{"type":"Feature","geometry":{"type":"Point","coordinates":[-50.915668,-23.072662]},"properties":{"grupo":"cras","nome":"CRAS","municipio":"Rancho Alegre","ibge6":"412130","endereco":"São Paulo - 153","bairro":"Centro"}},{"type":"Feature","geometry":{"type":"Point","coordinates":[-52.954144,-24.310886]},"properties":{"grupo":"cras","nome":"CRAS O SOL NASCE PARA TODOS","municipio":"Rancho Alegre D´oeste","ibge6":"412135","endereco":"Espirito Santo - 131","bairro":"Vila Maria"}},{"type":"Feature","geometry":{"type":"Point","coordinates":[-53.536184,-25.771837]},"properties":{"grupo":"cras","nome":"CRAS CENTRO DE REFERÊNCIA DE ASSISTÊNCIA SOCIAL","municipio":"Realeza","ibge6":"412140","endereco":"Avenida Bruno Zuttion - 3615","bairro":"Centro"}},{"type":"Feature","geometry":{"type":"Point","coordinates":[-50.696325,-25.621755]},"properties":{"grupo":"cras","nome":"CENTRO DE REFERENCIA DE ASSISTENCIA SOCIAL THEREZA FERREIRA DE PAULA","municipio":"Rebouças","ibge6":"412150","endereco":"Clara Barbosa da Costa - 566","bairro":"Centro"}},{"type":"Feature","geometry":{"type":"Point","coordinates":[-52.964315,-26.158982]},"properties":{"grupo":"cras","nome":"CRAS CASA DA CIDADANIA","municipio":"Renascença","ibge6":"412160","endereco":"Castelo Branco - 297","bairro":"Centro"}},{"type":"Feature","geometry":{"type":"Point","coordinates":[-50.850271,-24.658535]},"properties":{"grupo":"cras","nome":"CRAS CENTRO","municipio":"Reserva","ibge6":"412170","endereco":"Candido de Abreu - 170","bairro":"N. Sra. de Lourdes"}},{"type":"Feature","geometry":{"type":"Point","coordinates":[-52.031829,-25.83635]},"properties":{"grupo":"cras","nome":"CRAS ANA MARIA FERREIRA RIBAS","municipio":"Reserva do Iguaçu","ibge6":"412175","endereco":"Cândido Ramalho","bairro":"Centro"}},{"type":"Feature","geometry":{"type":"Point","coordinates":[-49.753904,-23.190971]},"properties":{"grupo":"cras","nome":"CRAS CASA DA FAMÍLIA","municipio":"Ribeirão Claro","ibge6":"412180","endereco":"Padre João Menendez - 125","bairro":"Centro"}},{"type":"Feature","geometry":{"type":"Point","coordinates":[-50.357,-23.408]},"properties":{"grupo":"cras","nome":"CRAS \"Genice Ribeiro Fraiz\"","municipio":"Ribeirão do Pinhal","ibge6":"412190","endereco":"Eugênio Pereira de Oliveira - 468","bairro":"Santo Expedito"}},{"type":"Feature","geometry":{"type":"Point","coordinates":[-50.786008,-25.725558]},"properties":{"grupo":"cras","nome":"CRAS RIO AZUL","municipio":"Rio Azul","ibge6":"412200","endereco":"Cafieiro Corsi - 00","bairro":"Centro"}},{"type":"Feature","geometry":{"type":"Point","coordinates":[-51.414642,-23.760858]},"properties":{"grupo":"cras","nome":"CRAS","municipio":"Rio Bom","ibge6":"412210","endereco":"Rua Ayrton Senna da Silva - 218","bairro":"Centro"}},{"type":"Feature","geometry":{"type":"Point","coordinates":[-52.525828,-25.492345]},"properties":{"grupo":"cras","nome":"CRAS - CENTRO DE REFERENCIA DA ASSISTENCIA SOCIAL","municipio":"Rio Bonito do Iguaçu","ibge6":"412215","endereco":"Tiradentes - 753","bairro":"Centro"}},{"type":"Feature","geometry":{"type":"Point","coordinates":[-51.316806,-24.320399]},"properties":{"grupo":"cras","nome":"CRAS - Leonilda Maria Impoceto Gonçalves","municipio":"Rio Branco do Ivaí","ibge6":"412217","endereco":"Rua Rio Bonito - 186","bairro":"Jardim Planalto"}},{"type":"Feature","geometry":{"type":"Point","coordinates":[-49.315889,-25.19467]},"properties":{"grupo":"cras","nome":"CRAS Central","municipio":"Rio Branco do Sul","ibge6":"412220","endereco":"Avenida Ermirio de Moraes - 491","bairro":"Centro"}},{"type":"Feature","geometry":{"type":"Point","coordinates":[-49.776092,-26.116352]},"properties":{"grupo":"cras","nome":"CRAS Vila São Judas Tadeu","municipio":"Rio Negro","ibge6":"412230","endereco":"Jacob Schelbauer - 125","bairro":"Vila São Judas Tadeu - Bairro - Volta Grande"}},{"type":"Feature","geometry":{"type":"Point","coordinates":[-51.388426,-23.333193]},"properties":{"grupo":"cras","nome":"CRAS REGINA MAURA DE OLIVEIRA","municipio":"Rolândia","ibge6":"412240","endereco":"Rua Francisco Ramos Pereira","bairro":"Conjunto San Fernando I"}},{"type":"Feature","geometry":{"type":"Point","coordinates":[-51.387734,-23.317026]},"properties":{"grupo":"cras","nome":"CRAS - CENTRO DE REFERÊNCIA DA ASSISTÊNCIA SOCIAL PROF. ARNALDO GARCIA","municipio":"Rolândia","ibge6":"412240","endereco":"Ouro - 465","bairro":"Vila Oliveira"}},{"type":"Feature","geometry":{"type":"Point","coordinates":[-51.3915,-23.30434]},"properties":{"grupo":"cras","nome":"CRAS LUIZ PICININ","municipio":"Rolândia","ibge6":"412240","endereco":"Ivai","bairro":"Jardim Nobre"}},{"type":"Feature","geometry":{"type":"Point","coordinates":[-52.287332,-24.589094]},"properties":{"grupo":"cras","nome":"Casa da Família - Centro de Referencia da Assistencia Social","municipio":"Roncador","ibge6":"412250","endereco":"Avenida Anchieta","bairro":"Jardim Anchieta"}},{"type":"Feature","geometry":{"type":"Point","coordinates":[-52.777427,-23.418763]},"properties":{"grupo":"cras","nome":"CRAS - Casa das Famílias de Rondon","municipio":"Rondon","ibge6":"412260","endereco":"Padre Antonio Hemkemier - 65","bairro":"Centro"}},{"type":"Feature","geometry":{"type":"Point","coordinates":[-51.258795,-24.253802]},"properties":{"grupo":"cras","nome":"CRAS - JOANA CELIA DE OLIVEIRA","municipio":"Rosário do Ivaí","ibge6":"412265","endereco":"Piaui - 33","bairro":"Centro"}},{"type":"Feature","geometry":{"type":"Point","coordinates":[-51.554096,-23.320878]},"properties":{"grupo":"cras","nome":"CRAS CLUBE DA FAMÍLIA","municipio":"Sabáudia","ibge6":"412270","endereco":"Manoeira Garcia - 23","bairro":"Centro"}},{"type":"Feature","geometry":{"type":"Point","coordinates":[-53.361497,-26.178375]},"properties":{"grupo":"cras","nome":"CRAS CENTRO DE REFERENCIA DA ASSISTENCIA SOCIAL","municipio":"Salgado Filho","ibge6":"412280","endereco":"Rua Rui Barbosa - 52","bairro":"Centro"}},{"type":"Feature","geometry":{"type":"Point","coordinates":[-49.628398,-23.602342]},"properties":{"grupo":"cras","nome":"CRAS Maria Benedita de Lima","municipio":"Salto do Itararé","ibge6":"412290","endereco":"Ver ANTONIO DELSOTO - 250","bairro":"Centro"}},{"type":"Feature","geometry":{"type":"Point","coordinates":[-53.313711,-25.780812]},"properties":{"grupo":"cras","nome":"CRAS CENTRO DE REFERÊNCIA DE ASSISTÊNCIA SOCIAL DE SALTO DO LONTRA","municipio":"Salto do Lontra","ibge6":"412300","endereco":"Costa e Silva - 51","bairro":"Colina Verde"}},{"type":"Feature","geometry":{"type":"Point","coordinates":[-50.427933,-23.265871]},"properties":{"grupo":"cras","nome":"CRAS SANTA AMÉLIA","municipio":"Santa Amélia","ibge6":"412310","endereco":"Alberto Santos Dumont - 14","bairro":"Centro"}},{"type":"Feature","geometry":{"type":"Point","coordinates":[-50.785074,-23.518071]},"properties":{"grupo":"cras","nome":"CRAS - CENTRO DE REFERÊNCIA DE ASSISTÊNCIA SOCIAL LÁZARO ELIAS RABELO","municipio":"Santa Cecília do Pavão","ibge6":"412320","endereco":"General Ozorio - 420","bairro":"Centro"}},{"type":"Feature","geometry":{"type":"Point","coordinates":[-53.294549,-22.956319]},"properties":{"grupo":"cras","nome":"CRAS CENTRO DE REFERÊNCIA DE ASSISTÊNCIA SOCIAL","municipio":"Santa Cruz de Monte Castelo","ibge6":"412330","endereco":"Rua Nicaragua - 704","bairro":"Centro"}},{"type":"Feature","geometry":{"type":"Point","coordinates":[-51.803176,-23.035704]},"properties":{"grupo":"cras","nome":"CRAS - CASA DA FAMÍLIA","municipio":"Santa fé","ibge6":"412340","endereco":"Rio Negro - 41","bairro":"Centro"}},{"type":"Feature","geometry":{"type":"Point","coordinates":[-54.332103,-24.859211]},"properties":{"grupo":"cras","nome":"Centro de Referencia de Assistencia Social","municipio":"Santa Helena","ibge6":"412350","endereco":"Paraná - 1361","bairro":"Centro"}},{"type":"Feature","geometry":{"type":"Point","coordinates":[-51.902729,-22.643611]},"properties":{"grupo":"cras","nome":"CRAS CENTRO DE REFERENCIA DE ASSISTENCIA SOCIAL","municipio":"Santa Inês","ibge6":"412360","endereco":"Rio Grande do Sul - 110","bairro":"Centro"}},{"type":"Feature","geometry":{"type":"Point","coordinates":[-53.194496,-23.003425]},"properties":{"grupo":"cras","nome":"CRAS - Centro de Referência da Assistência Social","municipio":"Santa Isabel do Ivaí","ibge6":"412370","endereco":"Jose Bonifácio - 79","bairro":"centro"}},{"type":"Feature","geometry":{"type":"Point","coordinates":[-53.475716,-25.822492]},"properties":{"grupo":"cras","nome":"CRAS CENTRO DE REFERENCIA DE ASSITENCIA SOCIAL","municipio":"Santa Izabel do Oeste","ibge6":"412380","endereco":"Coqueiro esquina com Ipê - 515","bairro":"São José Operário"}},{"type":"Feature","geometry":{"type":"Point","coordinates":[-53.566074,-25.407016]},"properties":{"grupo":"cras","nome":"CENTRO DE REFERENCIA DE ASSISTENCIA SOCIAL","municipio":"Santa Lúcia","ibge6":"412382","endereco":"Rua das Palmeiras - 141","bairro":"urbano"}},{"type":"Feature","geometry":{"type":"Point","coordinates":[-51.862593,-24.939118]},"properties":{"grupo":"cras","nome":"Rosane Penteado Shereiner","municipio":"Santa Maria do Oeste","ibge6":"412385","endereco":"Celso Ferreira Jorge","bairro":"centro"}},{"type":"Feature","geometry":{"type":"Point","coordinates":[-50.513533,-23.153239]},"properties":{"grupo":"cras","nome":"CRAS - Centro de Referência de Assistência Social","municipio":"Santa Mariana","ibge6":"412390","endereco":"Horácio Ferreira Simões - 205","bairro":"Vila Santa Rita"}},{"type":"Feature","geometry":{"type":"Point","coordinates":[-53.106784,-23.110982]},"properties":{"grupo":"cras","nome":"CRAS","municipio":"Santa Mônica","ibge6":"412395","endereco":"xv de novembro - 715","bairro":"Centro"}},{"type":"Feature","geometry":{"type":"Point","coordinates":[-49.631188,-23.759934]},"properties":{"grupo":"cras","nome":"CRAS MARIA APARECIDA IZAC","municipio":"Santana do Itararé","ibge6":"412400","endereco":"Jose Vitalino Koproski - 165","bairro":"Centro"}},{"type":"Feature","geometry":{"type":"Point","coordinates":[-53.614826,-25.055356]},"properties":{"grupo":"cras","nome":"CRAS - CENTRO DE REFERÊNCIA DE ASSISTÊNCIA SOCIAL","municipio":"Santa Tereza do Oeste","ibge6":"412402","endereco":"Avenida Brasília - 1048","bairro":"Centro"}},{"type":"Feature","geometry":{"type":"Point","coordinates":[-54.394598,-25.435776]},"properties":{"grupo":"cras","nome":"CRAS - CENTRO DE REFERÊNCIA DE ASSISTÊNCIA SOCIAL","municipio":"Santa Terezinha de Itaipu","ibge6":"412405","endereco":"Ângelo Pedro Dotto - 610","bairro":"Centro"}},{"type":"Feature","geometry":{"type":"Point","coordinates":[-50.073259,-23.280773]},"properties":{"grupo":"cras","nome":"CRAS CASA DAS FAMILIAS","municipio":"Santo Antônio da Platina","ibge6":"412410","endereco":"Prefeito Arnolfo Alves - 70","bairro":"Aparecidinho II"}},{"type":"Feature","geometry":{"type":"Point","coordinates":[-52.342,-22.735]},"properties":{"grupo":"cras","nome":"CRAS - CENTRO DE REFERENCIA DE ASSISTENCIA SOCIAL","municipio":"Santo Antônio do Caiuá","ibge6":"412420","endereco":"Avenida São João - 753","bairro":"Centro"}},{"type":"Feature","geometry":{"type":"Point","coordinates":[-50.643775,-23.493929]},"properties":{"grupo":"cras","nome":"CRAS Santo Antonio do Paraiso","municipio":"Santo Antônio do Paraíso","ibge6":"412430","endereco":"Deputado Nilson Ribas - 886","bairro":"centro"}},{"type":"Feature","geometry":{"type":"Point","coordinates":[-53.730088,-26.069856]},"properties":{"grupo":"cras","nome":"CENTRO E REFERÊNCIA DA ASSISTÊNCIA SOCIAL DE SANTO ANTONIO O SUDOESTE","municipio":"Santo Antônio do Sudoeste","ibge6":"412440","endereco":"Jesuino Teodorico de Andrade - 1242","bairro":"Centro"}},{"type":"Feature","geometry":{"type":"Point","coordinates":[-51.791133,-22.691468]},"properties":{"grupo":"cras","nome":"CRAS","municipio":"Santo Inácio","ibge6":"412450","endereco":"Alberto Barbosa de Oliveira - 850","bairro":"centro"}},{"type":"Feature","geometry":{"type":"Point","coordinates":[-52.480488,-23.321765]},"properties":{"grupo":"cras","nome":"CRAS - CENTRO DE REFERÊNCIA DA ASSISTÊNCIA SOCIAL","municipio":"São Carlos do Ivaí","ibge6":"412460","endereco":"Rua Presidente Afonso Camargo - 698","bairro":"Centro"}},{"type":"Feature","geometry":{"type":"Point","coordinates":[-50.740614,-23.713971]},"properties":{"grupo":"cras","nome":"CENTRO DE REFERENCIA DE ASSISTENCIA SOCIAL DE SÃO JERONIMO DA SERRA","municipio":"São Jerônimo da Serra","ibge6":"412470","endereco":"Joaquim Modesto de Pinho - 285","bairro":"Centro"}},{"type":"Feature","geometry":{"type":"Point","coordinates":[-52.72459,-25.828209]},"properties":{"grupo":"cras","nome":"CRAS SAO JOAO","municipio":"São João","ibge6":"412480","endereco":"Parana - 570","bairro":"Centro"}},{"type":"Feature","geometry":{"type":"Point","coordinates":[-52.335953,-22.853833]},"properties":{"grupo":"cras","nome":"CENTRO DE REFERÊNCIA DE ASSISTÊNCIA SOCIAL - CRAS","municipio":"São João do Caiuá","ibge6":"412490","endereco":"Rio Branco - 490","bairro":"Centro"}},{"type":"Feature","geometry":{"type":"Point","coordinates":[-51.822478,-23.992938]},"properties":{"grupo":"cras","nome":"CRAS São João do Ivaí","municipio":"São João do Ivaí","ibge6":"412500","endereco":"Osmário Coutinho de Castro - 725","bairro":"centro"}},{"type":"Feature","geometry":{"type":"Point","coordinates":[-50.296397,-25.682878]},"properties":{"grupo":"cras","nome":"CRAS TRIUNFO","municipio":"São João do Triunfo","ibge6":"412510","endereco":"Benjamim Constant - 5","bairro":"Centro"}},{"type":"Feature","geometry":{"type":"Point","coordinates":[-52.918428,-25.70493]},"properties":{"grupo":"cras","nome":"CRAS - CENTRO DE REFERENCIA DE ASSISTENCIA SOCIAL - CASA DAS FAMILIAS DE SÃO JORGE D","municipio":"São Jorge D´oeste","ibge6":"412520","endereco":"Prefeito Adelarte Debortoli - 741","bairro":"Centro"}},{"type":"Feature","geometry":{"type":"Point","coordinates":[-52.291338,-23.439732]},"properties":{"grupo":"cras","nome":"CRAS - São Jorge do Ivaí","municipio":"São Jorge do Ivaí","ibge6":"412530","endereco":"Rua Vereador Angelo Sossai - 262","bairro":"Jardim José Joaquim Camilo"}},{"type":"Feature","geometry":{"type":"Point","coordinates":[-53.880193,-23.765747]},"properties":{"grupo":"cras","nome":"CRAS CENTRO DE REFERENCIA DA ASSISTENCIA SOCIAL DE SÃO JORGE DO PATROCINIO","municipio":"São Jorge do Patrocínio","ibge6":"412535","endereco":"Antonio Bonato - 36","bairro":"Jardim Novo Horizonte"}},{"type":"Feature","geometry":{"type":"Point","coordinates":[-49.653161,-23.917363]},"properties":{"grupo":"cras","nome":"CRAS - CENTRO REFERENCIA DE ASSISTENCIA SOCIAL","municipio":"São José da Boa Vista","ibge6":"412540","endereco":"Reinaldo Martins Gonçalves - 17","bairro":"Centro"}},{"type":"Feature","geometry":{"type":"Point","coordinates":[-54.062304,-24.836683]},"properties":{"grupo":"cras","nome":"CRAS - PROFESSORA IVONE MOREIRA GUILHEM","municipio":"São José Das Palmeiras","ibge6":"412545","endereco":"João Batista das Chagas - 991","bairro":"Centro"}},{"type":"Feature","geometry":{"type":"Point","coordinates":[-49.170282,-25.475915]},"properties":{"grupo":"cras","nome":"CRAS da Juventude","municipio":"São José Dos Pinhais","ibge6":"412550","endereco":"Rua Sete de Agosto - 531","bairro":"Ipê"}},{"type":"Feature","geometry":{"type":"Point","coordinates":[-49.151612,-25.534791]},"properties":{"grupo":"cras","nome":"CRAS Miguel Haluch","municipio":"São José Dos Pinhais","ibge6":"412550","endereco":"Onofre Holtman - 200","bairro":"Rio Pequeno"}},{"type":"Feature","geometry":{"type":"Point","coordinates":[-49.168992,-25.605769]},"properties":{"grupo":"cras","nome":"CRAS Vanilda Francisca de Oliveira","municipio":"São José Dos Pinhais","ibge6":"412550","endereco":"Manoel Marcílio de Oliveira - 330","bairro":"Sao Marcos"}},{"type":"Feature","geometry":{"type":"Point","coordinates":[-49.167681,-25.513688]},"properties":{"grupo":"cras","nome":"CRAS Alcidio Zeni Zaniolo","municipio":"São José Dos Pinhais","ibge6":"412550","endereco":"Senador Darci Ribeiro - 3332","bairro":"Ina"}},{"type":"Feature","geometry":{"type":"Point","coordinates":[-49.139099,-25.486677]},"properties":{"grupo":"cras","nome":"CRAS Helena Cordeiro dos Santos Meister","municipio":"São José Dos Pinhais","ibge6":"412550","endereco":"Guatupe - 3480","bairro":"Guatupê"}},{"type":"Feature","geometry":{"type":"Point","coordinates":[-49.197306,-25.564808]},"properties":{"grupo":"cras","nome":"CRAS Jose Zen","municipio":"São José Dos Pinhais","ibge6":"412550","endereco":"Rodolfo Scherner","bairro":"Itália"}},{"type":"Feature","geometry":{"type":"Point","coordinates":[-49.20226,-25.524788]},"properties":{"grupo":"cras","nome":"CRAS Francisco Quirino dos Santos","municipio":"São José Dos Pinhais","ibge6":"412550","endereco":"Aristides Franca - 624","bairro":"Cidade Jardim"}},{"type":"Feature","geometry":{"type":"Point","coordinates":[-49.180496,-25.503335]},"properties":{"grupo":"cras","nome":"CRAS Parque da Fonte","municipio":"São José Dos Pinhais","ibge6":"412550","endereco":"Professora Lourdes Grutter Bonim - 100","bairro":"Parque da Fonte"}},{"type":"Feature","geometry":{"type":"Point","coordinates":[-49.091018,-25.537151]},"properties":{"grupo":"cras","nome":"CRAS Affonso Celso de Araujo Franco","municipio":"São José Dos Pinhais","ibge6":"412550","endereco":"Estrada da Roseira - 5800","bairro":"Borda do Campo"}},{"type":"Feature","geometry":{"type":"Point","coordinates":[-49.176071,-25.614838]},"properties":{"grupo":"cras","nome":"CRAS Cyro Pellizzari","municipio":"São José Dos Pinhais","ibge6":"412550","endereco":"Nelson França - 200","bairro":"Miringuava"}},{"type":"Feature","geometry":{"type":"Point","coordinates":[-52.645372,-23.392628]},"properties":{"grupo":"cras","nome":"CRAS CENTRO DE REFERENCIA DE ASSISTENCIA SOCIAL DE SÃO MANOEL DO PARANA","municipio":"São Manoel do Paraná","ibge6":"412555","endereco":"Rondon - 235","bairro":"Centro"}},{"type":"Feature","geometry":{"type":"Point","coordinates":[-50.393021,-25.870712]},"properties":{"grupo":"cras","nome":"CRAS Centro de Referência de Assistência Social","municipio":"São Mateus do Sul","ibge6":"412560","endereco":"Rua 7 de Setembro - 1080","bairro":"Jardim Dona Hermínia"}},{"type":"Feature","geometry":{"type":"Point","coordinates":[-54.242313,-25.342494]},"properties":{"grupo":"cras","nome":"CENTRO DE REFERENCIA DE ASSISTENCIA SOCIAL","municipio":"São Miguel do Iguaçu","ibge6":"412570","endereco":"Nereu Ramos - 400","bairro":"Centro"}},{"type":"Feature","geometry":{"type":"Point","coordinates":[-53.904548,-24.941199]},"properties":{"grupo":"cras","nome":"CRAS SUELI DREIER DILLENBURGER","municipio":"São Pedro do Iguaçu","ibge6":"412575","endereco":"Recife - 688","bairro":"Centro"}},{"type":"Feature","geometry":{"type":"Point","coordinates":[-51.856799,-23.870239]},"properties":{"grupo":"cras","nome":"CRAS - CENTRO DE REFERENCIA DA ASSISTENCIA SOCIAL","municipio":"São Pedro do Ivaí","ibge6":"412580","endereco":"Domingos Della Rosa - 861","bairro":"Centro"}},{"type":"Feature","geometry":{"type":"Point","coordinates":[-53.22243,-22.823498]},"properties":{"grupo":"cras","nome":"CRAS - CENTRO DE REFERENCIA DA ASSISTENCIA SOCIAL","municipio":"São Pedro do Paraná","ibge6":"412590","endereco":"Brasil - 377","bairro":"Centro"}},{"type":"Feature","geometry":{"type":"Point","coordinates":[-50.766213,-23.470293]},"properties":{"grupo":"cras","nome":"CRAS - Centro de Referência de Assistência Social","municipio":"São Sebastião da Amoreira","ibge6":"412600","endereco":"Antonio Rodrigues de Moraes - 291","bairro":"Antonio Candido Ribeiro"}},{"type":"Feature","geometry":{"type":"Point","coordinates":[-52.539861,-23.524979]},"properties":{"grupo":"cras","nome":"CRAS - CENTRO DE REFERÊNCIA DE ASSISTÊNCIA SOCIAL","municipio":"São Tomé","ibge6":"412610","endereco":"Porthus Baragatti - 750","bairro":"Jardim São José"}},{"type":"Feature","geometry":{"type":"Point","coordinates":[-50.580534,-23.911405]},"properties":{"grupo":"cras","nome":"CRAS SAPOPEMA","municipio":"Sapopema","ibge6":"412620","endereco":"Paulino Pidal Palacio - 00","bairro":"Centro"}},{"type":"Feature","geometry":{"type":"Point","coordinates":[-51.88354,-23.443813]},"properties":{"grupo":"cras","nome":"CRAS ESPERANÇA","municipio":"Sarandi","ibge6":"412625","endereco":"RUA João Fragal, Esquina com a Bogotá - 1","bairro":"Parque São Pedro"}},{"type":"Feature","geometry":{"type":"Point","coordinates":[-51.871257,-23.438494]},"properties":{"grupo":"cras","nome":"CRAS INDEPENDÊNCIA","municipio":"Sarandi","ibge6":"412625","endereco":"Dom João Vi - 1614","bairro":"Jardim Independência"}},{"type":"Feature","geometry":{"type":"Point","coordinates":[-52.616122,-25.696413]},"properties":{"grupo":"cras","nome":"CRAS MARIA RAPACHI","municipio":"Saudade do Iguaçu","ibge6":"412627","endereco":"Ilario Salvatori - 2191","bairro":"Centro"}},{"type":"Feature","geometry":{"type":"Point","coordinates":[-49.473512,-24.105881]},"properties":{"grupo":"cras","nome":"CRAS - Vila São Pedro","municipio":"Sengés","ibge6":"412630","endereco":"Acacio de Souza, - 116","bairro":"Vila São Pedro"}},{"type":"Feature","geometry":{"type":"Point","coordinates":[-54.050095,-25.401201]},"properties":{"grupo":"cras","nome":"CRAS SERRANOPOLIS DO IGUAÇU","municipio":"Serranópolis do Iguaçu","ibge6":"412635","endereco":"José Teodoro Bloemer - 235","bairro":"Area Central"}},{"type":"Feature","geometry":{"type":"Point","coordinates":[-50.814915,-23.037066]},"properties":{"grupo":"cras","nome":"CRAS Centro de Referência de Assistência Social","municipio":"Sertaneja","ibge6":"412640","endereco":"Marechal Deodoro da Fonseca - 1105","bairro":"centro"}},{"type":"Feature","geometry":{"type":"Point","coordinates":[-51.025765,-23.055291]},"properties":{"grupo":"cras","nome":"CRAS Maria Procópia de Souza","municipio":"Sertanópolis","ibge6":"412650","endereco":"Luiz Bersanete - 370","bairro":"Residencial Hoffmann"}},{"type":"Feature","geometry":{"type":"Point","coordinates":[-49.833984,-23.689038]},"properties":{"grupo":"cras","nome":"CRAS (Centro de referência de assistência Social)","municipio":"Siqueira Campos","ibge6":"412660","endereco":"Pernambuco - 1219","bairro":"Centro"}},{"type":"Feature","geometry":{"type":"Point","coordinates":[-52.716147,-25.703529]},"properties":{"grupo":"cras","nome":"CRAS SULINA","municipio":"Sulina","ibge6":"412665","endereco":"Barao do Rio Branco - 00","bairro":"centro"}},{"type":"Feature","geometry":{"type":"Point","coordinates":[-51.097794,-23.716932]},"properties":{"grupo":"cras","nome":"CRAS - Centro de Referência de Assistência Social Profª Sueli Dias de Paula Oliveira","municipio":"Tamarana","ibge6":"412667","endereco":"Durval Azevedo Costa - 128","bairro":"Jardim Esperança"}},{"type":"Feature","geometry":{"type":"Point","coordinates":[-52.469394,-23.20031]},"properties":{"grupo":"cras","nome":"CRAS - CENTRO DE REFERENCIA DE ASSISTENCIA SOCIAL","municipio":"Tamboara","ibge6":"412670","endereco":"Isabel Marcos Beltrame - 2001","bairro":"Centro"}},{"type":"Feature","geometry":{"type":"Point","coordinates":[-52.864666,-23.732123]},"properties":{"grupo":"cras","nome":"CRAS Prefeito Abnoel de Castro Rezende","municipio":"Tapejara","ibge6":"412680","endereco":"Piaui - 870","bairro":"Centro"}},{"type":"Feature","geometry":{"type":"Point","coordinates":[-53.07346,-23.316681]},"properties":{"grupo":"cras","nome":"CRAS - CENTRO DE REFERENCIA DA ASSISTÊNCIA SOCIAL ORLANDA ANA SMARZARO IVANTES","municipio":"Tapira","ibge6":"412690","endereco":"Irati - 1713","bairro":"Vila Operaria"}},{"type":"Feature","geometry":{"type":"Point","coordinates":[-50.461149,-25.375321]},"properties":{"grupo":"cras","nome":"CRAS - CENTRO DE REFERÊNCIA DE ASSISTÊNCIA SOCIAL","municipio":"Teixeira Soares","ibge6":"412700","endereco":"Horácio Nunes - 145","bairro":"Centro"}},{"type":"Feature","geometry":{"type":"Point","coordinates":[-50.619636,-24.324241]},"properties":{"grupo":"cras","nome":"CRAS MONTE ALEGRE","municipio":"Telêmaco Borba","ibge6":"412710","endereco":"Avenida Samuel Klabin - 725","bairro":"Centro"}},{"type":"Feature","geometry":{"type":"Point","coordinates":[-50.649011,-24.315775]},"properties":{"grupo":"cras","nome":"CRAS CIDADE NOVA","municipio":"Telêmaco Borba","ibge6":"412710","endereco":"Rio Branco - 1090","bairro":"São João"}},{"type":"Feature","geometry":{"type":"Point","coordinates":[-50.604594,-24.343539]},"properties":{"grupo":"cras","nome":"CRAS RIO ALEGRE","municipio":"Telêmaco Borba","ibge6":"412710","endereco":"Irlanda","bairro":"Jardim Europa"}},{"type":"Feature","geometry":{"type":"Point","coordinates":[-52.449519,-23.771683]},"properties":{"grupo":"cras","nome":"CRAS JOÃO PAULO DA CRUZ","municipio":"Terra Boa","ibge6":"412720","endereco":"Silvio Curioni - 161","bairro":"Centro"}},{"type":"Feature","geometry":{"type":"Point","coordinates":[-52.614899,-22.650769]},"properties":{"grupo":"cras","nome":"CENTRO DE REFERÊNCIA DE ASSISTÊNCIA SOCIAL","municipio":"Terra Rica","ibge6":"412730","endereco":"Waldemar Peres - 1414","bairro":"Centro"}},{"type":"Feature","geometry":{"type":"Point","coordinates":[-54.086839,-24.174432]},"properties":{"grupo":"cras","nome":"CRAS ZILDA ARNS","municipio":"Terra Roxa","ibge6":"412740","endereco":"Goias","bairro":"Rainha dos Apostolos"}},{"type":"Feature","geometry":{"type":"Point","coordinates":[-50.412872,-24.514318]},"properties":{"grupo":"cras","nome":"CASA DA FAMILIA","municipio":"Tibagi","ibge6":"412750","endereco":"Coronel Augusto Santos - 550","bairro":"Centro"}},{"type":"Feature","geometry":{"type":"Point","coordinates":[-49.217334,-25.93848]},"properties":{"grupo":"cras","nome":"CRAS LAGOINHA","municipio":"Tijucas do Sul","ibge6":"412760","endereco":"Romalino Neves - 342","bairro":"Lagoinha"}},{"type":"Feature","geometry":{"type":"Point","coordinates":[-53.723167,-24.745677]},"properties":{"grupo":"cras","nome":"CRAS I - VILA PIONEIRO","municipio":"Toledo","ibge6":"412770","endereco":"Lopeí - 32","bairro":"Vila Pioneiro"}},{"type":"Feature","geometry":{"type":"Point","coordinates":[-53.703233,-24.736584]},"properties":{"grupo":"cras","nome":"CRAS II - JARDIM EUROPA","municipio":"Toledo","ibge6":"412770","endereco":"Carlos Drumond de Andrade - 667","bairro":"Jardim Europa"}},{"type":"Feature","geometry":{"type":"Point","coordinates":[-53.771974,-24.707691]},"properties":{"grupo":"cras","nome":"CRAS III - JARDIM COOPAGRO","municipio":"Toledo","ibge6":"412770","endereco":"Jose Ayres da Silva - 746","bairro":"Jardim Coopagro"}},{"type":"Feature","geometry":{"type":"Point","coordinates":[-53.738896,-24.759984]},"properties":{"grupo":"cras","nome":"CRAS IV - JARDIM PANORAMA","municipio":"Toledo","ibge6":"412770","endereco":"Osvaldo Aranha - 500","bairro":"Jardim Panorama"}},{"type":"Feature","geometry":{"type":"Point","coordinates":[-53.706395,-24.745797]},"properties":{"grupo":"cras","nome":"CRAS V - SANTA CLARA IV","municipio":"Toledo","ibge6":"412770","endereco":"Ledi Fischer Mass - 1180","bairro":"Santa Clara Iv"}},{"type":"Feature","geometry":{"type":"Point","coordinates":[-53.740233,-24.726532]},"properties":{"grupo":"cras","nome":"CRAS VI - ITINERANTE","municipio":"Toledo","ibge6":"412770","endereco":"Souza Naves - 171","bairro":"Centro"}},{"type":"Feature","geometry":{"type":"Point","coordinates":[-49.952452,-23.775704]},"properties":{"grupo":"cras","nome":"CRAS \"Mãos Solidárias\"","municipio":"Tomazina","ibge6":"412780","endereco":"Ozorio Augusto de oliveira - 530","bairro":"Alto 1"}},{"type":"Feature","geometry":{"type":"Point","coordinates":[-53.180362,-25.423451]},"properties":{"grupo":"cras","nome":"CRAS","municipio":"Três Barras do Paraná","ibge6":"412785","endereco":"Das Margaridas - 336","bairro":"Araucarias"}},{"type":"Feature","geometry":{"type":"Point","coordinates":[-48.902721,-24.953845]},"properties":{"grupo":"cras","nome":"CRAS","municipio":"Tunas do Paraná","ibge6":"412788","endereco":"Eros Ruppel Abdalla - 77","bairro":"Centro"}},{"type":"Feature","geometry":{"type":"Point","coordinates":[-52.876232,-23.872182]},"properties":{"grupo":"cras","nome":"CRAS - CENTRO","municipio":"Tuneiras do Oeste","ibge6":"412790","endereco":"Parana - 327","bairro":"Centro"}},{"type":"Feature","geometry":{"type":"Point","coordinates":[-53.511593,-24.580593]},"properties":{"grupo":"cras","nome":"CRAS - CENTRO DE REFERÊNCIA DE ASSISTÊNCIA SOCIAL","municipio":"Tupãssi","ibge6":"412795","endereco":"Paraná - 619","bairro":"Centro"}},{"type":"Feature","geometry":{"type":"Point","coordinates":[-51.534904,-25.038413]},"properties":{"grupo":"cras","nome":"CRAS - FILADELFIA","municipio":"Turvo","ibge6":"412796","endereco":"Agenor Almeida Camargo - 299","bairro":"Jardim Filadelfia"}},{"type":"Feature","geometry":{"type":"Point","coordinates":[-52.983649,-24.535373]},"properties":{"grupo":"cras","nome":"CENTRO DE REFERENCIA DA ASSISTENCIA SOCIAL DE UBIRATÃ","municipio":"Ubiratã","ibge6":"412800","endereco":"Rua Paraná - 81","bairro":"Vila Recife"}},{"type":"Feature","geometry":{"type":"Point","coordinates":[-53.300579,-23.751097]},"properties":{"grupo":"cras","nome":"CRAS II","municipio":"Umuarama","ibge6":"412810","endereco":"Pirapó - 5071","bairro":"Zona I-A"}},{"type":"Feature","geometry":{"type":"Point","coordinates":[-53.415012,-23.680215]},"properties":{"grupo":"cras","nome":"CRAS I","municipio":"Umuarama","ibge6":"412810","endereco":"Sagrada Familia - 3383","bairro":"Parque Dom Pedro I"}},{"type":"Feature","geometry":{"type":"Point","coordinates":[-53.312016,-23.769812]},"properties":{"grupo":"cras","nome":"CRAS III","municipio":"Umuarama","ibge6":"412810","endereco":"Parigot de Souza - 3001","bairro":"Zona VII"}},{"type":"Feature","geometry":{"type":"Point","coordinates":[-51.096221,-26.251527]},"properties":{"grupo":"cras","nome":"CRAS - Centro de Referência de Assistência Social","municipio":"União da Vitória","ibge6":"412820","endereco":"Jacob Tereska - 247","bairro":"Rocio"}},{"type":"Feature","geometry":{"type":"Point","coordinates":[-51.061406,-26.231338]},"properties":{"grupo":"cras","nome":"CRAS - Centro de Referência de Assistência Social","municipio":"União da Vitória","ibge6":"412820","endereco":"Papa João XXIII, S/N - Frente Igreja da Salete - 000","bairro":"Nossa Senhora da Salete"}},{"type":"Feature","geometry":{"type":"Point","coordinates":[-51.089344,-26.23486]},"properties":{"grupo":"cras","nome":"CRAS CENTRAL","municipio":"União da Vitória","ibge6":"412820","endereco":"Coronel Amazonas","bairro":"Centro"}},{"type":"Feature","geometry":{"type":"Point","coordinates":[-52.15866,-23.083537]},"properties":{"grupo":"cras","nome":"CRAS CENTRO DE REFERENCIA DA ASSISTENCIA SOCIAL","municipio":"Uniflor","ibge6":"412830","endereco":"Cravo, - 196","bairro":"Centro"}},{"type":"Feature","geometry":{"type":"Point","coordinates":[-50.791117,-23.19534]},"properties":{"grupo":"cras","nome":"CRAS CENTRO DE REFERENCIA DA ASSISTENCIA SOCIAL","municipio":"Uraí","ibge6":"412840","endereco":"Avenida Kotaro Itimura - 1450","bairro":"Centro Social Urbano"}},{"type":"Feature","geometry":{"type":"Point","coordinates":[-49.801744,-23.870759]},"properties":{"grupo":"cras","nome":"CRAS Vila Velha","municipio":"Wenceslau Braz","ibge6":"412850","endereco":"Avelino Vieira - 290","bairro":"Centro"}},{"type":"Feature","geometry":{"type":"Point","coordinates":[-50.243,-24.246]},"properties":{"grupo":"cras","nome":"CRAS CENTRAL","municipio":"Ventania","ibge6":"412853","endereco":"Henrique Lemes Pinheiro - 927","bairro":"Centro"}},{"type":"Feature","geometry":{"type":"Point","coordinates":[-53.874421,-25.053782]},"properties":{"grupo":"cras","nome":"CRAS - CENTRO DE REFERÊNCIA DA ASSISTÊNCIA SOCIAL","municipio":"Vera Cruz do Oeste","ibge6":"412855","endereco":"Rua Santa Catarina - 598","bairro":"Jardim América"}},{"type":"Feature","geometry":{"type":"Point","coordinates":[-52.908392,-25.875318]},"properties":{"grupo":"cras","nome":"CRAS CENTRO DE REFERÊNCIA DE ASSISTÊNCIA SOCIAL","municipio":"Verê","ibge6":"412860","endereco":"Rua Pioneiro Antonio Fabiane - 475","bairro":"Centro"}},{"type":"Feature","geometry":{"type":"Point","coordinates":[-53.726508,-23.505721]},"properties":{"grupo":"cras","nome":"CRAS - CENTRO DE REFERENCIA DE ASSISTENCIA SOCIAL","municipio":"Alto Paraíso","ibge6":"412862","endereco":"Arapongas - 693","bairro":"Centro"}},{"type":"Feature","geometry":{"type":"Point","coordinates":[-49.422855,-24.56947]},"properties":{"grupo":"cras","nome":"CRAS Vó Lúcia DOUTOR ULYSSES","municipio":"Doutor Ulysses","ibge6":"412863","endereco":"José Angelino de Matos","bairro":"Centro"}},{"type":"Feature","geometry":{"type":"Point","coordinates":[-52.199843,-25.381021]},"properties":{"grupo":"cras","nome":"CRAS","municipio":"Virmond","ibge6":"412865","endereco":"Vinicio Zanovello - 283","bairro":"Centro"}},{"type":"Feature","geometry":{"type":"Point","coordinates":[-52.777162,-26.266256]},"properties":{"grupo":"cras","nome":"CRAS DE VITORINO-PR","municipio":"Vitorino","ibge6":"412870","endereco":"Lethmann - 217","bairro":"Centro"}},{"type":"Feature","geometry":{"type":"Point","coordinates":[-53.486338,-23.736444]},"properties":{"grupo":"cras","nome":"CRAS - CENTRO DE REFERÊNCIA DA ASSISTÊNCIA SOCIAL","municipio":"Xambrê","ibge6":"412880","endereco":"Chile - 500","bairro":"Centro"}},{"type":"Feature","geometry":{"type":"Point","coordinates":[-49.298577,-25.314552]},"properties":{"grupo":"creas","nome":"CREAS","municipio":"Almirante Tamandaré","ibge6":"410040","endereco":"Antonio Baptista de Siqueira - 621","bairro":"Santa Terezinha"}},{"type":"Feature","geometry":{"type":"Point","coordinates":[-53.895407,-23.871406]},"properties":{"grupo":"creas","nome":"CREAS - CENTRO DE REFERENCIA ESPECIALIZADO DE ASSISTENCIA SOCIAL","municipio":"Altônia","ibge6":"410050","endereco":"Rua Olavo Bilac - 790","bairro":"Centro"}},{"type":"Feature","geometry":{"type":"Point","coordinates":[-48.729343,-25.432573]},"properties":{"grupo":"creas","nome":"CREAS","municipio":"Antonina","ibge6":"410120","endereco":"Waldemar Gonçalves dos Santos - 22","bairro":"Batel"}},{"type":"Feature","geometry":{"type":"Point","coordinates":[-51.458523,-23.536429]},"properties":{"grupo":"creas","nome":"CREAS","municipio":"Apucarana","ibge6":"410140","endereco":"Joao Matiuzzi - 307","bairro":"Parque Bela Vista"}},{"type":"Feature","geometry":{"type":"Point","coordinates":[-51.427804,-23.393267]},"properties":{"grupo":"creas","nome":"CREAS ARAPONGAS","municipio":"Arapongas","ibge6":"410150","endereco":"Garças - 1006","bairro":"Centro"}},{"type":"Feature","geometry":{"type":"Point","coordinates":[-49.417378,-25.589038]},"properties":{"grupo":"creas","nome":"CREAS","municipio":"Araucária","ibge6":"410180","endereco":"Felix Klechovicz - 555","bairro":"Porto das Laranjeiras"}},{"type":"Feature","geometry":{"type":"Point","coordinates":[-50.847173,-23.372474]},"properties":{"grupo":"creas","nome":"CREAS - Centro de Referência Especializado de Assistência Social de Assaí","municipio":"Assaí","ibge6":"410190","endereco":"Getúlio Vargas - 00","bairro":"Centro"}},{"type":"Feature","geometry":{"type":"Point","coordinates":[-53.515896,-24.411466]},"properties":{"grupo":"creas","nome":"CREAS - Centro de Referência Especializado de Assistência Social","municipio":"Assis Chateaubriand","ibge6":"410200","endereco":"Dos Pioneiros - 788","bairro":"Centro"}},{"type":"Feature","geometry":{"type":"Point","coordinates":[-51.664504,-23.233198]},"properties":{"grupo":"creas","nome":"CREAS ASTORGA","municipio":"Astorga","ibge6":"410210","endereco":"Avenida Dr. José Soares de Azevedo - 156","bairro":"Jardim Astorga"}},{"type":"Feature","geometry":{"type":"Point","coordinates":[-53.635168,-26.253086]},"properties":{"grupo":"creas","nome":"CREAS CENTRO DE REFERÊNCIA ESPECIALIZADO DE ASSISTÊNCIA SOCIAL","municipio":"Barracão","ibge6":"410260","endereco":"Rua Rio Grande do Sul - 210","bairro":"Centro"}},{"type":"Feature","geometry":{"type":"Point","coordinates":[-50.072401,-23.044945]},"properties":{"grupo":"creas","nome":"CREAS CAMBARA","municipio":"Cambará","ibge6":"410360","endereco":"Brasil - 1397","bairro":"Centro"}},{"type":"Feature","geometry":{"type":"Point","coordinates":[-51.276133,-23.279236]},"properties":{"grupo":"creas","nome":"CREAS","municipio":"Cambé","ibge6":"410370","endereco":"Curitiba - 1025","bairro":"Centro"}},{"type":"Feature","geometry":{"type":"Point","coordinates":[-49.103394,-25.364891]},"properties":{"grupo":"creas","nome":"CREAS CENTRO DE REFERENCIA ESPECIALIZADO DE ASSISTENCIA SOCIAL DA SEDE","municipio":"Campina Grande do Sul","ibge6":"410400","endereco":"Professor Duilio Calderari - 1567","bairro":"Centro"}},{"type":"Feature","geometry":{"type":"Point","coordinates":[-49.518256,-25.453495]},"properties":{"grupo":"creas","nome":"CREAS CAMPO LARGO","municipio":"Campo Largo","ibge6":"410420","endereco":"Canal - 533","bairro":"Cambui"}},{"type":"Feature","geometry":{"type":"Point","coordinates":[-52.385666,-24.042644]},"properties":{"grupo":"creas","nome":"CREAS - Centro de Referência Especializado da Assistência Social","municipio":"Campo Mourão","ibge6":"410430","endereco":"Prefeito Devete de Paula Xavier - 1309","bairro":"Centro"}},{"type":"Feature","geometry":{"type":"Point","coordinates":[-53.496653,-24.953004]},"properties":{"grupo":"creas","nome":"CREAS - Augusto Daniel Werner","municipio":"Cascavel","ibge6":"410480","endereco":"Luciano Correia Siqueira - 224","bairro":"Coqueiral"}},{"type":"Feature","geometry":{"type":"Point","coordinates":[-53.449371,-24.954804]},"properties":{"grupo":"creas","nome":"CREAS SUL","municipio":"Cascavel","ibge6":"410480","endereco":"Riachuelo - 1575","bairro":"Centro"}},{"type":"Feature","geometry":{"type":"Point","coordinates":[-53.450903,-24.957554]},"properties":{"grupo":"creas","nome":"CREAS LESTE","municipio":"Cascavel","ibge6":"410480","endereco":"Fortunato Beber - 882","bairro":"Pacaembu"}},{"type":"Feature","geometry":{"type":"Point","coordinates":[-49.991623,-24.78933]},"properties":{"grupo":"creas","nome":"CREAS ACONCHEGO","municipio":"Castro","ibge6":"410490","endereco":"Alcebiades Marques de Souza - 1059","bairro":"Morada do Sol"}},{"type":"Feature","geometry":{"type":"Point","coordinates":[-49.985172,-24.809497]},"properties":{"grupo":"creas","nome":"CREAS NEUZA APARECIDA FREITAS","municipio":"Castro","ibge6":"410490","endereco":"Pr - 340 Saida Para Castrolanda - 340","bairro":"Jardim Araucária Iii"}},{"type":"Feature","geometry":{"type":"Point","coordinates":[-52.53484,-25.858683]},"properties":{"grupo":"creas","nome":"CREAS - CHOPINZINHO","municipio":"Chopinzinho","ibge6":"410540","endereco":"Santos Dumont - 4645","bairro":"Centro"}},{"type":"Feature","geometry":{"type":"Point","coordinates":[-52.612903,-23.658381]},"properties":{"grupo":"creas","nome":"CREAS - CENTRO DE REFERÊNCIA ESPECIALIZADO DE ASSISTÊNCIA SOCIAL","municipio":"Cianorte","ibge6":"410550","endereco":"Dr. Jose Roberto Furquim de Castro - 143","bairro":"Zona 1"}},{"type":"Feature","geometry":{"type":"Point","coordinates":[-52.940497,-23.381988]},"properties":{"grupo":"creas","nome":"CREAS CENTRAL","municipio":"Cidade Gaúcha","ibge6":"410560","endereco":"Milton Heinz - 1410","bairro":"Centro"}},{"type":"Feature","geometry":{"type":"Point","coordinates":[-49.180802,-25.361381]},"properties":{"grupo":"creas","nome":"CREAS Centro de Referencia Especializado da Assistencia Social","municipio":"Colombo","ibge6":"410580","endereco":"Joaquim Rocha - 268","bairro":"Maracana"}},{"type":"Feature","geometry":{"type":"Point","coordinates":[-51.969007,-22.83925]},"properties":{"grupo":"creas","nome":"CREAS - CENTRO DE REFERENCIA ESPECIALIZADO DE ASSISTENCIA SOCIAL","municipio":"Colorado","ibge6":"410590","endereco":"Ceará - 390","bairro":"Centro"}},{"type":"Feature","geometry":{"type":"Point","coordinates":[-49.536747,-25.678266]},"properties":{"grupo":"creas","nome":"CREAS CENTRO ESPECIALIZADO DA ASSISTENCIA SOCIAL","municipio":"Contenda","ibge6":"410620","endereco":"João Franco - 400","bairro":"Centro"}},{"type":"Feature","geometry":{"type":"Point","coordinates":[-52.564414,-25.992517]},"properties":{"grupo":"creas","nome":"CREAS - CENTRO DE REFERÊNCIA ESPECIALIZADO DE ASSISTENCIA SOCIAL DE CORONEL VIVIDA","municipio":"Coronel Vivida","ibge6":"410650","endereco":"Candido Inacio de Lima, S/N - 00","bairro":"Jardim Primavera Ii"}},{"type":"Feature","geometry":{"type":"Point","coordinates":[-53.077354,-23.784991]},"properties":{"grupo":"creas","nome":"CREAS - Centro de Referência Especializado de Assistência Social","municipio":"Cruzeiro do Oeste","ibge6":"410660","endereco":"São Paulo - 41","bairro":"Centro"}},{"type":"Feature","geometry":{"type":"Point","coordinates":[-49.291655,-25.499232]},"properties":{"grupo":"creas","nome":"CREAS PINHEIRINHO","municipio":"Curitiba","ibge6":"410690","endereco":"Dr Manoel Linhares de Lacerda - 432","bairro":"Capão Raso"}},{"type":"Feature","geometry":{"type":"Point","coordinates":[-49.248287,-25.384778]},"properties":{"grupo":"creas","nome":"CREAS BOA VISTA","municipio":"Curitiba","ibge6":"410690","endereco":"Lodovico Geronazzo - 1314","bairro":"Boa Vista"}},{"type":"Feature","geometry":{"type":"Point","coordinates":[-49.272201,-25.549353]},"properties":{"grupo":"creas","nome":"CREAS BAIRRO NOVO","municipio":"Curitiba","ibge6":"410690","endereco":"João Maranho - 58","bairro":"Bairro Novo"}},{"type":"Feature","geometry":{"type":"Point","coordinates":[-49.320854,-25.515004]},"properties":{"grupo":"creas","nome":"CREAS CIC","municipio":"Curitiba","ibge6":"410690","endereco":"Padre Gaston - 555","bairro":"Cic"}},{"type":"Feature","geometry":{"type":"Point","coordinates":[-49.339267,-25.397576]},"properties":{"grupo":"creas","nome":"CREAS SANTA FELICIDADE","municipio":"Curitiba","ibge6":"410690","endereco":"Via Vêneto - 2274","bairro":"Santa Felicidade"}},{"type":"Feature","geometry":{"type":"Point","coordinates":[-49.225333,-25.439295]},"properties":{"grupo":"creas","nome":"CREAS CAJURU","municipio":"Curitiba","ibge6":"410690","endereco":"Prefeito Mauricio Fruet - 1588","bairro":"Cajuru"}},{"type":"Feature","geometry":{"type":"Point","coordinates":[-49.294496,-25.48021]},"properties":{"grupo":"creas","nome":"CREAS PORTÃO","municipio":"Curitiba","ibge6":"410690","endereco":"Isaac Guelmann - 4043","bairro":"Portão"}},{"type":"Feature","geometry":{"type":"Point","coordinates":[-49.239862,-25.494391]},"properties":{"grupo":"creas","nome":"CREAS BOQUEIRÃO","municipio":"Curitiba","ibge6":"410690","endereco":"Anne Frank - 3272","bairro":"Boqueirão"}},{"type":"Feature","geometry":{"type":"Point","coordinates":[-49.260592,-25.432879]},"properties":{"grupo":"creas","nome":"CREAS Matriz","municipio":"Curitiba","ibge6":"410690","endereco":"Francisco Torres - 594","bairro":"Centro"}},{"type":"Feature","geometry":{"type":"Point","coordinates":[-50.454293,-24.04666]},"properties":{"grupo":"creas","nome":"CREAS CURIÚVA","municipio":"Curiúva","ibge6":"410700","endereco":"Domingues Bonin,","bairro":"Vila Esperança"}},{"type":"Feature","geometry":{"type":"Point","coordinates":[-53.056562,-25.73618]},"properties":{"grupo":"creas","nome":"CREAS CLORACILDE DAL AGNOLL","municipio":"Dois Vizinhos","ibge6":"410720","endereco":"R. Mato Grosso - 1445","bairro":"Sagrada Família"}},{"type":"Feature","geometry":{"type":"Point","coordinates":[-54.242806,-24.707598]},"properties":{"grupo":"creas","nome":"CREAS - ENTRE RIOS DO OESTE","municipio":"Entre Rios do Oeste","ibge6":"410753","endereco":"Maurício Cardoso - 890","bairro":"Centro"}},{"type":"Feature","geometry":{"type":"Point","coordinates":[-49.317546,-25.644864]},"properties":{"grupo":"creas","nome":"CREAS Centro de Referencia Especializado de Assistencia Social","municipio":"Fazenda Rio Grande","ibge6":"410765","endereco":"Silvano José Baldan - 1459","bairro":"Pioneiros"}},{"type":"Feature","geometry":{"type":"Point","coordinates":[-54.573042,-25.527129]},"properties":{"grupo":"creas","nome":"CREAS I","municipio":"Foz do Iguaçu","ibge6":"410830","endereco":"Venezuela - 700","bairro":"Jardim America"}},{"type":"Feature","geometry":{"type":"Point","coordinates":[-54.588034,-25.526756]},"properties":{"grupo":"creas","nome":"CREAS II - MSE - PSC e LA","municipio":"Foz do Iguaçu","ibge6":"410830","endereco":"Chile - 719","bairro":"Jardim America"}},{"type":"Feature","geometry":{"type":"Point","coordinates":[-53.03513,-26.068361]},"properties":{"grupo":"creas","nome":"CREAS NOVO CIDADÃO","municipio":"Francisco Beltrão","ibge6":"410840","endereco":"Buenos Aires - 80","bairro":"Miniguaçu"}},{"type":"Feature","geometry":{"type":"Point","coordinates":[-51.921172,-24.191604]},"properties":{"grupo":"creas","nome":"CREAS - Centro de Referência Especializado de Assistência Social","municipio":"Godoy Moreira","ibge6":"410855","endereco":"São Paulo - 242","bairro":"Centro"}},{"type":"Feature","geometry":{"type":"Point","coordinates":[-54.258857,-24.08561]},"properties":{"grupo":"creas","nome":"CREAS - CENTRO DE REFERÊNCIA ESPECIALIZADO DE ASSISTÊNCIA SOCIAL","municipio":"Guaíra","ibge6":"410880","endereco":"Marcelino Rollon - 337","bairro":"Centro"}},{"type":"Feature","geometry":{"type":"Point","coordinates":[-50.816638,-25.196942]},"properties":{"grupo":"creas","nome":"CREAS de Guamiranga","municipio":"Guamiranga","ibge6":"410895","endereco":"Ernesto Alves - 10","bairro":"Centro"}},{"type":"Feature","geometry":{"type":"Point","coordinates":[-51.464607,-25.39462]},"properties":{"grupo":"creas","nome":"CREAS","municipio":"Guarapuava","ibge6":"410940","endereco":"Capitão Frederico Virmond - 2021","bairro":"centro"}},{"type":"Feature","geometry":{"type":"Point","coordinates":[-50.180783,-23.842529]},"properties":{"grupo":"creas","nome":"CREAS IBAITI","municipio":"Ibaiti","ibge6":"410970","endereco":"Rua Jonas Teixeira - 220","bairro":"Conjunto João Edmundo de Carvalho"}},{"type":"Feature","geometry":{"type":"Point","coordinates":[-51.04851,-23.263939]},"properties":{"grupo":"creas","nome":"CREAS","municipio":"Ibiporã","ibge6":"410980","endereco":"Jose Bonifacio - 870","bairro":"Jardim Paraiso"}},{"type":"Feature","geometry":{"type":"Point","coordinates":[-50.60954,-25.231507]},"properties":{"grupo":"creas","nome":"CREAS IMBITUVA","municipio":"Imbituva","ibge6":"411010","endereco":"Padre Thomaz Kanya - 20","bairro":"Centro"}},{"type":"Feature","geometry":{"type":"Point","coordinates":[-53.709283,-23.99778]},"properties":{"grupo":"creas","nome":"CREAS - Centro de Referência Especializado de Assistência Social","municipio":"Iporã","ibge6":"411060","endereco":"Pastor Nilson Ferreira Braga - 00","bairro":"Centro"}},{"type":"Feature","geometry":{"type":"Point","coordinates":[-50.664514,-25.471275]},"properties":{"grupo":"creas","nome":"CREAS IRATI","municipio":"Irati","ibge6":"411070","endereco":"Gasparino Blan da Silva - 40","bairro":"Rio Bonito"}},{"type":"Feature","geometry":{"type":"Point","coordinates":[-50.074321,-23.744489]},"properties":{"grupo":"creas","nome":"CREAS JABOTIENSE","municipio":"Jaboti","ibge6":"411170","endereco":"07 de Setembro - 204","bairro":"Centro"}},{"type":"Feature","geometry":{"type":"Point","coordinates":[-49.706048,-24.249992]},"properties":{"grupo":"creas","nome":"CREAS CENTRO DE REFERENCIA ESPECIALIZADA DE JAGUARIAIVA","municipio":"Jaguariaíva","ibge6":"411200","endereco":"Capivari - 384","bairro":"Cidade Alta"}},{"type":"Feature","geometry":{"type":"Point","coordinates":[-49.721814,-25.76633]},"properties":{"grupo":"creas","nome":"CREAS LAPA/PR","municipio":"Lapa","ibge6":"411320","endereco":"Octavio Jose Kuss - 369","bairro":"Centro"}},{"type":"Feature","geometry":{"type":"Point","coordinates":[-52.409819,-25.39677]},"properties":{"grupo":"creas","nome":"CREAS Laranjeiras do Sul","municipio":"Laranjeiras do Sul","ibge6":"411330","endereco":"Barão do Rio Branco - 3170","bairro":"São Francisco"}},{"type":"Feature","geometry":{"type":"Point","coordinates":[-53.137318,-22.922785]},"properties":{"grupo":"creas","nome":"CREAS Alto da Gloria","municipio":"Loanda","ibge6":"411350","endereco":"Martin Afonso Souza - 106","bairro":"Centro"}},{"type":"Feature","geometry":{"type":"Point","coordinates":[-51.182352,-23.262066]},"properties":{"grupo":"creas","nome":"CREAS NORTE","municipio":"Londrina","ibge6":"411370","endereco":"Do Café Soluvel - 130","bairro":"Residencial do Café"}},{"type":"Feature","geometry":{"type":"Point","coordinates":[-51.159146,-23.320385]},"properties":{"grupo":"creas","nome":"CREAS CENTRO","municipio":"Londrina","ibge6":"411370","endereco":"Rio de Janeiro - 1288","bairro":"Ipiranga"}},{"type":"Feature","geometry":{"type":"Point","coordinates":[-52.097667,-23.344822]},"properties":{"grupo":"creas","nome":"CREAS - PROJETO VIVA VIDA","municipio":"Mandaguaçu","ibge6":"411410","endereco":"Luiz Lonardoni - 220","bairro":"Vila Knoll"}},{"type":"Feature","geometry":{"type":"Point","coordinates":[-49.327476,-25.7786]},"properties":{"grupo":"creas","nome":"CREAS - CENTRO DE REFERÊNCIA ESPECIALIZADO DE ASSISTÊNCIA SOCIAL","municipio":"Mandirituba","ibge6":"411430","endereco":"Francisco Manoel de Oliveira Mendes - 85","bairro":"Centro"}},{"type":"Feature","geometry":{"type":"Point","coordinates":[-53.148057,-24.01103]},"properties":{"grupo":"creas","nome":"CREAS - Centro Referencia Especializado da Assistencia Social","municipio":"Mariluz","ibge6":"411510","endereco":"Av Marília - 2203","bairro":"Centro"}},{"type":"Feature","geometry":{"type":"Point","coordinates":[-51.919134,-23.429898]},"properties":{"grupo":"creas","nome":"CREAS 1","municipio":"Maringá","ibge6":"411520","endereco":"Furtado Mendonça - 613","bairro":"Zona 03"}},{"type":"Feature","geometry":{"type":"Point","coordinates":[-54.086241,-25.297485]},"properties":{"grupo":"creas","nome":"CREAS THEREZINHA BERNARDI ENDRIGO","municipio":"Medianeira","ibge6":"411580","endereco":"Espírito Santo - 2200","bairro":"Nazaré"}},{"type":"Feature","geometry":{"type":"Point","coordinates":[-48.831031,-25.482544]},"properties":{"grupo":"creas","nome":"CREAS CENTRO DE REFERENCIA ESPECIALIZADO DE ASSISTENCIA SOCIAL DE MORRETES","municipio":"Morretes","ibge6":"411620","endereco":"João Foltran - 542","bairro":"Centro"}},{"type":"Feature","geometry":{"type":"Point","coordinates":[-53.084972,-23.473973]},"properties":{"grupo":"creas","nome":"CREAS CENTRO DE REFERÊNCIA ESPECIALIZADO DE ASSISTÊNCIA SOCIAL","municipio":"Nova Olímpia","ibge6":"411720","endereco":"Belo Horizonte - 447","bairro":"Centro"}},{"type":"Feature","geometry":{"type":"Point","coordinates":[-51.948095,-24.437996]},"properties":{"grupo":"creas","nome":"CREAS - CENTRO DE REFERENCIA ESPECIALIZADO DE ASSISTENCIA SOCIAL","municipio":"Nova Tebas","ibge6":"411727","endereco":"Brasilia - 727","bairro":"Centro"}},{"type":"Feature","geometry":{"type":"Point","coordinates":[-49.999058,-25.422848]},"properties":{"grupo":"creas","nome":"CREAS PALMEIRA","municipio":"Palmeira","ibge6":"411770","endereco":"Luiza Trombini Malucelli - 25","bairro":"Centro"}},{"type":"Feature","geometry":{"type":"Point","coordinates":[-53.840008,-24.275614]},"properties":{"grupo":"creas","nome":"CREAS Centro de Referência Especializado de Assistência Social","municipio":"Palotina","ibge6":"411790","endereco":"Rotary - 177","bairro":"Bela vista"}},{"type":"Feature","geometry":{"type":"Point","coordinates":[-48.513806,-25.524227]},"properties":{"grupo":"creas","nome":"CREAS","municipio":"Paranaguá","ibge6":"411820","endereco":"Vieira dos Santos - 445","bairro":"Centro Historico"}},{"type":"Feature","geometry":{"type":"Point","coordinates":[-52.468193,-23.084756]},"properties":{"grupo":"creas","nome":"CREAS CENTRO DE REFERENCIA ESPECIALIZADO DE ASSISTÊNCIA SOCIAL","municipio":"Paranavaí","ibge6":"411840","endereco":"Miljutin Cogei - 101","bairro":"Jardim Curitiba"}},{"type":"Feature","geometry":{"type":"Point","coordinates":[-52.670838,-26.23729]},"properties":{"grupo":"creas","nome":"CREAS - CENTRO DE REFERÊNCIA ESPECIALIZADO DE ASSISTÊNCIA SOCIAL","municipio":"Pato Branco","ibge6":"411850","endereco":"Tocantins - 1270","bairro":"Baixada"}},{"type":"Feature","geometry":{"type":"Point","coordinates":[-49.201927,-25.432656]},"properties":{"grupo":"creas","nome":"CREAS Centro de Referencia Especializado de Assistencia Social","municipio":"Pinhais","ibge6":"411915","endereco":"Vinte e Cinco de Dezembro - 363","bairro":"Estancia Pinhais"}},{"type":"Feature","geometry":{"type":"Point","coordinates":[-49.060199,-25.459666]},"properties":{"grupo":"creas","nome":"CREAS de Piraquara","municipio":"Piraquara","ibge6":"411950","endereco":"Nova Tirol - 1350","bairro":"São Tiago"}},{"type":"Feature","geometry":{"type":"Point","coordinates":[-51.759596,-24.757373]},"properties":{"grupo":"creas","nome":"CREAS Centro de Referência Especializado a Familias e Individuos - PAEFI","municipio":"Pitanga","ibge6":"411960","endereco":"Henrique Michalak - 800","bairro":"Maria do Carmo"}},{"type":"Feature","geometry":{"type":"Point","coordinates":[-50.159071,-25.082278]},"properties":{"grupo":"creas","nome":"CREAS II","municipio":"Ponta Grossa","ibge6":"411990","endereco":"Theodoro Rosas - 1651","bairro":"Centro"}},{"type":"Feature","geometry":{"type":"Point","coordinates":[-50.981659,-25.214803]},"properties":{"grupo":"creas","nome":"CREAS","municipio":"Prudentópolis","ibge6":"412060","endereco":"Coronel João Pedro Martins - 968","bairro":"Centro"}},{"type":"Feature","geometry":{"type":"Point","coordinates":[-49.073936,-25.369893]},"properties":{"grupo":"creas","nome":"CREAS - CENTRO DE REFERÊNCIA ESPECIALIZADO DA ASSISTÊNCIA SOCIAL - IDA BERLEZ VIDOLIN","municipio":"Quatro Barras","ibge6":"412080","endereco":"Dom Pedro Ii - 110","bairro":"Centro"}},{"type":"Feature","geometry":{"type":"Point","coordinates":[-53.482068,-23.087598]},"properties":{"grupo":"creas","nome":"CREAS QUERENCIA","municipio":"Querência do Norte","ibge6":"412100","endereco":"Antônio Timóteo Peripolli - 56","bairro":"centro"}},{"type":"Feature","geometry":{"type":"Point","coordinates":[-52.029297,-25.835606]},"properties":{"grupo":"creas","nome":"CREAS - CENTRO DE REFERÊNCIA ESPECIALIZADO DA ASSISTÊNCIA SOCIAL","municipio":"Reserva do Iguaçu","ibge6":"412175","endereco":"Xv de Novembro, - 150","bairro":"Centro"}},{"type":"Feature","geometry":{"type":"Point","coordinates":[-49.787011,-26.088936]},"properties":{"grupo":"creas","nome":"CREAS - Centro de Referência Especializado de Assistência Social","municipio":"Rio Negro","ibge6":"412230","endereco":"Severo de Almeida - 433","bairro":"Campo do Gado"}},{"type":"Feature","geometry":{"type":"Point","coordinates":[-51.357409,-23.309621]},"properties":{"grupo":"creas","nome":"CREAS CENTRO DE REFERÊNCIA ESPECIALIZADO DA ASSISTÊNCIA SOCIAL CACILDA DERMIRO PAPKE","municipio":"Rolândia","ibge6":"412240","endereco":"Romário Martins - 988","bairro":"Centro"}},{"type":"Feature","geometry":{"type":"Point","coordinates":[-53.617637,-25.052946]},"properties":{"grupo":"creas","nome":"CREAS - CENTRO DE REFERÊNCIA ESPECIALIZADO DE ASSISTÊNCIA SOCIAL","municipio":"Santa Tereza do Oeste","ibge6":"412402","endereco":"Brasilia - 1025","bairro":"Centro"}},{"type":"Feature","geometry":{"type":"Point","coordinates":[-53.730088,-26.069856]},"properties":{"grupo":"creas","nome":"CREAS - CENTRO DE REFERÊNCIA ESPECIALIZADO DE ASSISTÊNCIA SOCIAL DE SANTO ANTONIO O","municipio":"Santo Antônio do Sudoeste","ibge6":"412440","endereco":"Rua Jesuino Teodorico de Andrade - 1242","bairro":"Centro"}},{"type":"Feature","geometry":{"type":"Point","coordinates":[-49.209329,-25.528329]},"properties":{"grupo":"creas","nome":"CREAS Caminho da Cidadania","municipio":"São José Dos Pinhais","ibge6":"412550","endereco":"Janiópolis - 431","bairro":"Cidade Jardim"}},{"type":"Feature","geometry":{"type":"Point","coordinates":[-50.38785,-25.861618]},"properties":{"grupo":"creas","nome":"CREAS - Centro Referência Especializado de Assistência Social","municipio":"São Mateus do Sul","ibge6":"412560","endereco":"Des. Joaquim Ferreira Guimarães - 1748","bairro":"Prohmann"}},{"type":"Feature","geometry":{"type":"Point","coordinates":[-54.235425,-25.343279]},"properties":{"grupo":"creas","nome":"CREAS - CENTRO DE REFERENCIA ESPECIALIZADO DE ASSISTENCIA SOCIAL","municipio":"São Miguel do Iguaçu","ibge6":"412570","endereco":"Geni de Souza Bongiolo - 370","bairro":"Centro"}},{"type":"Feature","geometry":{"type":"Point","coordinates":[-51.867088,-23.4593]},"properties":{"grupo":"creas","nome":"CREAS - Central","municipio":"Sarandi","ibge6":"412625","endereco":"Imperatriz Leopoldina - 108","bairro":"Jardim Santa Tereza"}},{"type":"Feature","geometry":{"type":"Point","coordinates":[-50.875002,-22.934195]},"properties":{"grupo":"creas","nome":"CREAS CENTRO DE REFERÊNCIA ESPECIALIZADO DE ASSISTÊNCIA SOCIAL","municipio":"Sertaneja","ibge6":"412640","endereco":"Marechal Deodoro, - 1105","bairro":"Centro"}},{"type":"Feature","geometry":{"type":"Point","coordinates":[-53.722308,-24.74422]},"properties":{"grupo":"creas","nome":"CREAS I","municipio":"Toledo","ibge6":"412770","endereco":"Dr. CYRO FERNANDES DO LAGO - 167","bairro":"Vila Pioneiro"}},{"type":"Feature","geometry":{"type":"Point","coordinates":[-53.723299,-24.719263]},"properties":{"grupo":"creas","nome":"CREAS II","municipio":"Toledo","ibge6":"412770","endereco":"Porto Uniao - 921","bairro":"Jardim Porto Alegre"}},{"type":"Feature","geometry":{"type":"Point","coordinates":[-49.95,-23.778]},"properties":{"grupo":"creas","nome":"CREAS - Mãos Protetoras","municipio":"Tomazina","ibge6":"412780","endereco":"Frei Euzeario Buffon - 107","bairro":"centro"}},{"type":"Feature","geometry":{"type":"Point","coordinates":[-53.308604,-23.774015]},"properties":{"grupo":"creas","nome":"CREAS CENTRO DE REFERÊNCIA ESPECIALIZADO DA ASSISTÊNCIA SOCIAL S","municipio":"Umuarama","ibge6":"412810","endereco":"Aricanduva - 3773","bairro":"Centro"}},{"type":"Feature","geometry":{"type":"Point","coordinates":[-50.790932,-23.195278]},"properties":{"grupo":"creas","nome":"CREAS centro de referencia especializado da assistencia social","municipio":"Uraí","ibge6":"412840","endereco":"Kotaro Itimura - 1450","bairro":"Centro Social Urbano"}},{"type":"Feature","geometry":{"type":"Point","coordinates":[-52.718968,-24.796182]},"properties":{"grupo":"creas","nome":"CREAS Daniel Alonso Altamira do Paraná","municipio":"Altamira do Paraná","ibge6":"410045","endereco":"João Zolim - 00","bairro":"Centro"}},{"type":"Feature","geometry":{"type":"Point","coordinates":[-53.44265,-24.023105]},"properties":{"grupo":"creas","nome":"CREAS","municipio":"Alto Piquiri","ibge6":"410070","endereco":"Rua Tiradentes - 1597","bairro":"Próximo ao Forum"}},{"type":"Feature","geometry":{"type":"Point","coordinates":[-51.224506,-22.778956]},"properties":{"grupo":"creas","nome":"CREAS ALVORADA DO SUL","municipio":"Alvorada do Sul","ibge6":"410080","endereco":"Rosa Imperatore Alves - 1250","bairro":"Conj Renascer"}},{"type":"Feature","geometry":{"type":"Point","coordinates":[-53.131814,-24.642473]},"properties":{"grupo":"creas","nome":"CREAS - CENTRO DE REFERÊNCIA ESPECIALIZADO DE ASSISTÊNCIA SOCIAL","municipio":"Anahy","ibge6":"410105","endereco":"Rua General Osório - 360","bairro":"Centro"}},{"type":"Feature","geometry":{"type":"Point","coordinates":[-50.224924,-23.051414]},"properties":{"grupo":"creas","nome":"CREAS - CENTRO DE REFERÊNCIA ESPECIALIZADO DE ASSISTÊNCIA SOCIAL","municipio":"Andirá","ibge6":"410110","endereco":"Sergipe - 150","bairro":"Centro"}},{"type":"Feature","geometry":{"type":"Point","coordinates":[-50.197,-25.986]},"properties":{"grupo":"creas","nome":"CREAS","municipio":"Antônio Olinto","ibge6":"410130","endereco":"Reinaldo Machiavelli - 104","bairro":"centro"}},{"type":"Feature","geometry":{"type":"Point","coordinates":[-49.819093,-24.138451]},"properties":{"grupo":"creas","nome":"CREAS","municipio":"Arapoti","ibge6":"410160","endereco":"José Jorge Direne - 490","bairro":"Condomínio Residencial Inpacel"}},{"type":"Feature","geometry":{"type":"Point","coordinates":[-49.620504,-25.497871]},"properties":{"grupo":"creas","nome":"CREAS Balsa Nova","municipio":"Balsa Nova","ibge6":"410230","endereco":"Antonio Gequelim - 35","bairro":"Bugre"}},{"type":"Feature","geometry":{"type":"Point","coordinates":[-50.364783,-23.122482]},"properties":{"grupo":"creas","nome":"CREAS BANDEIRANTES","municipio":"Bandeirantes","ibge6":"410240","endereco":"Manoel Maria Torrado - 20","bairro":"Conjunto Maria Luiza Bertha Meneghel"}},{"type":"Feature","geometry":{"type":"Point","coordinates":[-51.189852,-22.997785]},"properties":{"grupo":"creas","nome":"CREAS Bela Vista do Paraíso","municipio":"Bela Vista do Paraíso","ibge6":"410280","endereco":"Brasílio de Araújo - 308","bairro":"Centro"}},{"type":"Feature","geometry":{"type":"Point","coordinates":[-51.546071,-24.883303]},"properties":{"grupo":"creas","nome":"CREAS - JOSELIA DALSOTO LOPES GRALAK","municipio":"Boa Ventura de São Roque","ibge6":"410304","endereco":"Joao Correia do Nascimento,1086 - 06","bairro":"Centro"}},{"type":"Feature","geometry":{"type":"Point","coordinates":[-53.405893,-25.439147]},"properties":{"grupo":"creas","nome":"CREAS - CENTRO DE REFERÊNCIA DE ASSISTÊNCIA SOCIAL","municipio":"Boa Vista da Aparecida","ibge6":"410305","endereco":"Cícero Barbosa Sobrinho","bairro":"Centro"}},{"type":"Feature","geometry":{"type":"Point","coordinates":[-49.115088,-25.207135]},"properties":{"grupo":"creas","nome":"CREAS","municipio":"Bocaiúva do Sul","ibge6":"410310","endereco":"Benjamin Constant Teixeira - 1450","bairro":"Centro"}},{"type":"Feature","geometry":{"type":"Point","coordinates":[-53.121343,-24.814862]},"properties":{"grupo":"creas","nome":"CREAS","municipio":"Braganey","ibge6":"410335","endereco":"Frare - 307","bairro":"Nossa Senhora de Fátima"}},{"type":"Feature","geometry":{"type":"Point","coordinates":[-52.803705,-24.594485]},"properties":{"grupo":"creas","nome":"CREAS - Centro de Referência Especializado da Assistência Social","municipio":"Campina da Lagoa","ibge6":"410390","endereco":"Juscelino Kuitschek - 996","bairro":"Centro"}},{"type":"Feature","geometry":{"type":"Point","coordinates":[-49.421774,-25.371486]},"properties":{"grupo":"creas","nome":"CREAS SILVESTRE KMIECIK","municipio":"Campo Magro","ibge6":"410425","endereco":"Antônio Boza - 104","bairro":"Novos Horizontes"}},{"type":"Feature","geometry":{"type":"Point","coordinates":[-51.331365,-24.56502]},"properties":{"grupo":"creas","nome":"CREAS","municipio":"Cândido de Abreu","ibge6":"410440","endereco":"Rogaciano Antunes Ribeiro - 00","bairro":"centro"}},{"type":"Feature","geometry":{"type":"Point","coordinates":[-52.054918,-25.572176]},"properties":{"grupo":"creas","nome":"CREAS","municipio":"Candói","ibge6":"410442","endereco":"Avenida Francisco Pedro da Luz - 179","bairro":"Pioneiros"}},{"type":"Feature","geometry":{"type":"Point","coordinates":[-52.124612,-25.369883]},"properties":{"grupo":"creas","nome":"CREAS - CENTRO DE REFERÊNCIA ESPECIALIZADO DA ASSISTÊNCIA SOCIAL I DE CANTAGALO","municipio":"Cantagalo","ibge6":"410445","endereco":"Padre Antonio Gallo - 100","bairro":"Planalto"}},{"type":"Feature","geometry":{"type":"Point","coordinates":[-50.113202,-24.953025]},"properties":{"grupo":"creas","nome":"CREAS CENTRAL","municipio":"Carambeí","ibge6":"410465","endereco":"Rua das Violetas","bairro":"Centro"}},{"type":"Feature","geometry":{"type":"Point","coordinates":[-49.719074,-23.429985]},"properties":{"grupo":"creas","nome":"CREAS de Carlópolis-PR","municipio":"Carlópolis","ibge6":"410470","endereco":"Padre Hugo - 406","bairro":"Centro"}},{"type":"Feature","geometry":{"type":"Point","coordinates":[-53.507801,-24.960105]},"properties":{"grupo":"creas","nome":"CREAS OESTE","municipio":"Cascavel","ibge6":"410480","endereco":"Tito Muffato - 2315","bairro":"Santa Cruz"}},{"type":"Feature","geometry":{"type":"Point","coordinates":[-51.595595,-22.82059]},"properties":{"grupo":"creas","nome":"CREAS","municipio":"Centenário do Sul","ibge6":"410510","endereco":"sulaiman felicio - 651","bairro":"centro"}},{"type":"Feature","geometry":{"type":"Point","coordinates":[-53.298647,-24.800146]},"properties":{"grupo":"creas","nome":"CREAS","municipio":"Corbélia","ibge6":"410630","endereco":"Açucena - 840","bairro":"Centro"}},{"type":"Feature","geometry":{"type":"Point","coordinates":[-50.646672,-23.180704]},"properties":{"grupo":"creas","nome":"CREAS - CORNÉLIO PROCÓPIO","municipio":"Cornélio Procópio","ibge6":"410640","endereco":"Espirito Santo - 760","bairro":"Centro"}},{"type":"Feature","geometry":{"type":"Point","coordinates":[-51.354207,-26.021636]},"properties":{"grupo":"creas","nome":"CREAS de Cruz Machado","municipio":"Cruz Machado","ibge6":"410680","endereco":"George Siebert - 215","bairro":"São Jorge"}},{"type":"Feature","geometry":{"type":"Point","coordinates":[-49.338419,-25.558113]},"properties":{"grupo":"creas","nome":"CREAS TATUQUARA","municipio":"Curitiba","ibge6":"410690","endereco":"José Krenchiclova - 555","bairro":"Tatuquara"}},{"type":"Feature","geometry":{"type":"Point","coordinates":[-54.108675,-24.944157]},"properties":{"grupo":"creas","nome":"CREAS","municipio":"Diamante D´oeste","ibge6":"410715","endereco":"Brasil - 66","bairro":"Centro"}},{"type":"Feature","geometry":{"type":"Point","coordinates":[-52.254056,-23.800944]},"properties":{"grupo":"creas","nome":"CREAS","municipio":"Engenheiro Beltrão","ibge6":"410750","endereco":"Santa Catarina - 00","bairro":"Centro"}},{"type":"Feature","geometry":{"type":"Point","coordinates":[-50.548156,-25.411751]},"properties":{"grupo":"creas","nome":"CREAS - Centro de Referência Especializado da Assistência Social de Fernandes Pinheiro","municipio":"Fernandes Pinheiro","ibge6":"410773","endereco":"Padre Guido - 235","bairro":"centro"}},{"type":"Feature","geometry":{"type":"Point","coordinates":[-50.403621,-23.850792]},"properties":{"grupo":"creas","nome":"CREAS","municipio":"Figueira","ibge6":"410775","endereco":"Av Castelo Branco - 990","bairro":"Centro"}},{"type":"Feature","geometry":{"type":"Point","coordinates":[-51.317332,-26.428576]},"properties":{"grupo":"creas","nome":"CREAS","municipio":"General Carneiro","ibge6":"410850","endereco":"Interventor Manoel Ribas - 329","bairro":"Ccentrro"}},{"type":"Feature","geometry":{"type":"Point","coordinates":[-53.039804,-24.187591]},"properties":{"grupo":"creas","nome":"CREAS RECONSTRUINDO VIDAS","municipio":"Goioerê","ibge6":"410860","endereco":"Engenheiro Beltrão - 1280","bairro":"Vila Guaira"}},{"type":"Feature","geometry":{"type":"Point","coordinates":[-52.866388,-25.100508]},"properties":{"grupo":"creas","nome":"CREAS -Centro de Referência Especializado de Assistência Social","municipio":"Guaraniaçu","ibge6":"410930","endereco":"Abilon de Souza Naves - 358","bairro":"Centro"}},{"type":"Feature","geometry":{"type":"Point","coordinates":[-51.464258,-25.394426]},"properties":{"grupo":"creas","nome":"CREAS UNIDADE II","municipio":"Guarapuava","ibge6":"410940","endereco":"Capitão Frederico Virmond - 2001","bairro":"Centro"}},{"type":"Feature","geometry":{"type":"Point","coordinates":[-48.569645,-25.886099]},"properties":{"grupo":"creas","nome":"CREAS","municipio":"Guaratuba","ibge6":"410960","endereco":"Dr. Waldomiro Pedroso - 49","bairro":"CENTRO/Brejatuba"}},{"type":"Feature","geometry":{"type":"Point","coordinates":[-51.197469,-25.63434]},"properties":{"grupo":"creas","nome":"CREAS","municipio":"Inácio Martins","ibge6":"411020","endereco":"Visconde de Guarapuava - 857","bairro":"Centro"}},{"type":"Feature","geometry":{"type":"Point","coordinates":[-52.197676,-22.750489]},"properties":{"grupo":"creas","nome":"CREAS - CENTRO DE REFERÊNCIA ESPECIALIZADO DE ASSISTÊNCIA SOCIAL","municipio":"Inajá","ibge6":"411030","endereco":"Avenida Antônio Veiga Martins - 00","bairro":"Centro"}},{"type":"Feature","geometry":{"type":"Point","coordinates":[-50.584209,-25.025904]},"properties":{"grupo":"creas","nome":"CREAS","municipio":"Ipiranga","ibge6":"411050","endereco":"Prefeito Antonio Constant de Oliveira - 587","bairro":"Centro"}},{"type":"Feature","geometry":{"type":"Point","coordinates":[-52.095087,-24.417044]},"properties":{"grupo":"creas","nome":"CREAS","municipio":"Iretama","ibge6":"411080","endereco":"Otaviano Felix - 829","bairro":"Alto da Glória"}},{"type":"Feature","geometry":{"type":"Point","coordinates":[-49.344977,-25.219822]},"properties":{"grupo":"creas","nome":"CREAS ITAPERUÇU","municipio":"Itaperuçu","ibge6":"411125","endereco":"Francisco Adelino dos Santos - 104","bairro":"Centro"}},{"type":"Feature","geometry":{"type":"Point","coordinates":[-51.673486,-24.25258]},"properties":{"grupo":"creas","nome":"CREAS","municipio":"Ivaiporã","ibge6":"411150","endereco":"Avenida Souza Naves - 1930","bairro":"Centro"}},{"type":"Feature","geometry":{"type":"Point","coordinates":[-53.369157,-23.41137]},"properties":{"grupo":"creas","nome":"CREAS","municipio":"Ivaté","ibge6":"411155","endereco":"serra dourada - 2524","bairro":"centro"}},{"type":"Feature","geometry":{"type":"Point","coordinates":[-49.973524,-23.163976]},"properties":{"grupo":"creas","nome":"CREAS","municipio":"Jacarezinho","ibge6":"411180","endereco":"2 de Abril - 780","bairro":"Centro"}},{"type":"Feature","geometry":{"type":"Point","coordinates":[-51.5337,-23.11075]},"properties":{"grupo":"creas","nome":"CREAS JAGUAPITÃ","municipio":"Jaguapitã","ibge6":"411190","endereco":"Avenida Manoel Ribas - 61","bairro":"Centro"}},{"type":"Feature","geometry":{"type":"Point","coordinates":[-51.646879,-23.59911]},"properties":{"grupo":"creas","nome":"CREAS","municipio":"Jandaia do Sul","ibge6":"411210","endereco":"Luiz Vignoli - 670","bairro":"Centro"}},{"type":"Feature","geometry":{"type":"Point","coordinates":[-51.695395,-24.192622]},"properties":{"grupo":"creas","nome":"CREAS","municipio":"Jardim Alegre","ibge6":"411250","endereco":"Antonio Padroeiro - 200","bairro":"Conjunto José Pachuski"}},{"type":"Feature","geometry":{"type":"Point","coordinates":[-52.464437,-24.892587]},"properties":{"grupo":"creas","nome":"CREAS","municipio":"Laranjal","ibge6":"411325","endereco":"Santa Izabel - 00","bairro":"centro"}},{"type":"Feature","geometry":{"type":"Point","coordinates":[-51.657036,-24.109468]},"properties":{"grupo":"creas","nome":"CREAS - Centro de Referência Especializada de Assistência Social","municipio":"Lidianópolis","ibge6":"411342","endereco":"Nossa Senhora Aparecida - 897","bairro":"Centro"}},{"type":"Feature","geometry":{"type":"Point","coordinates":[-51.176103,-23.298551]},"properties":{"grupo":"creas","nome":"CREAS OESTE","municipio":"Londrina","ibge6":"411370","endereco":"Saturno","bairro":"Jardim do Sol"}},{"type":"Feature","geometry":{"type":"Point","coordinates":[-52.273228,-24.290626]},"properties":{"grupo":"creas","nome":"CREAS - CENTRO DE REFERÊNCIA ESPECIALIZADO DE ASSISTÊNCIA SOCIAL NOVO AMANHÃ","municipio":"Luiziana","ibge6":"411373","endereco":"Dr. Miguel Vieira Ferreira - 00","bairro":"centro"}},{"type":"Feature","geometry":{"type":"Point","coordinates":[-51.73912,-24.076721]},"properties":{"grupo":"creas","nome":"CREAS - CENTRO DE REFERÊNCIA ESPECIALIZADO DE ASSISTÊNCIA SOCIAL","municipio":"Lunardelli","ibge6":"411375","endereco":"Duque de Caxias - 543","bairro":"Centro"}},{"type":"Feature","geometry":{"type":"Point","coordinates":[-50.828402,-25.887964]},"properties":{"grupo":"creas","nome":"CREAS","municipio":"Mallet","ibge6":"411390","endereco":"João Gualberto - 158","bairro":"Centro"}},{"type":"Feature","geometry":{"type":"Point","coordinates":[-52.527566,-24.310182]},"properties":{"grupo":"creas","nome":"CREAS - Centro de Referência Especializado de Assistência Social","municipio":"Mamborê","ibge6":"411400","endereco":"Guadalajara - 789","bairro":"Centro"}},{"type":"Feature","geometry":{"type":"Point","coordinates":[-51.672091,-23.52733]},"properties":{"grupo":"creas","nome":"CREAS - CENTRO DE REFERÊNCIA ESPECIALIZADO DE ASSISTÊNCIA SOCIAL","municipio":"Mandaguari","ibge6":"411420","endereco":"João Ernesto Ferreira - 1339","bairro":"Centro"}},{"type":"Feature","geometry":{"type":"Point","coordinates":[-52.174457,-25.940466]},"properties":{"grupo":"creas","nome":"CREAS","municipio":"Mangueirinha","ibge6":"411440","endereco":"Rua Visconde de Guarapuava - 00","bairro":"Centro"}},{"type":"Feature","geometry":{"type":"Point","coordinates":[-51.664774,-24.517647]},"properties":{"grupo":"creas","nome":"CREAS / MANOEL PEDRO BRAZ","municipio":"Manoel Ribas","ibge6":"411450","endereco":"Fabricio Antonio Getúlio - 651","bairro":"Centro"}},{"type":"Feature","geometry":{"type":"Point","coordinates":[-54.057,-24.556]},"properties":{"grupo":"creas","nome":"CREAS","municipio":"Marechal Cândido Rondon","ibge6":"411460","endereco":"Castelo Branco Esq. Com Goias - 209","bairro":"Centro"}},{"type":"Feature","geometry":{"type":"Point","coordinates":[-53.209534,-23.622075]},"properties":{"grupo":"creas","nome":"CREAS","municipio":"Maria Helena","ibge6":"411470","endereco":"Rua da Consolação - 408","bairro":"Vila Brasília"}},{"type":"Feature","geometry":{"type":"Point","coordinates":[-51.794998,-23.48132]},"properties":{"grupo":"creas","nome":"CREAS","municipio":"Marialva","ibge6":"411480","endereco":"Cypriano Parpinelli - 1117","bairro":"Centro"}},{"type":"Feature","geometry":{"type":"Point","coordinates":[-51.297778,-23.743663]},"properties":{"grupo":"creas","nome":"CREAS","municipio":"Marilândia do Sul","ibge6":"411490","endereco":"Xv de Novembro - 1505","bairro":"Centro"}},{"type":"Feature","geometry":{"type":"Point","coordinates":[-51.923736,-23.411951]},"properties":{"grupo":"creas","nome":"CREAS 2","municipio":"Maringá","ibge6":"411520","endereco":"Caracas - 110","bairro":"Vila Morangueira"}},{"type":"Feature","geometry":{"type":"Point","coordinates":[-48.53955,-25.81915]},"properties":{"grupo":"creas","nome":"CREAS","municipio":"Matinhos","ibge6":"411570","endereco":"Brunislawa Krull - 28","bairro":"Centro"}},{"type":"Feature","geometry":{"type":"Point","coordinates":[-54.161439,-24.449572]},"properties":{"grupo":"creas","nome":"CREAS","municipio":"Mercedes","ibge6":"411585","endereco":"Rua Afonso Zanelatto - 66","bairro":"Centro"}},{"type":"Feature","geometry":{"type":"Point","coordinates":[-51.771441,-23.147853]},"properties":{"grupo":"creas","nome":"CREAS - Centro de Referência Especializado de Assistência Social","municipio":"Munhoz de Melo","ibge6":"411630","endereco":"Domingos Ricardo de Lima - 307","bairro":"Centro"}},{"type":"Feature","geometry":{"type":"Point","coordinates":[-52.194049,-23.187312]},"properties":{"grupo":"creas","nome":"CREAS","municipio":"Nova Esperança","ibge6":"411690","endereco":"maringá - 30","bairro":"centro"}},{"type":"Feature","geometry":{"type":"Point","coordinates":[-52.989936,-22.76154]},"properties":{"grupo":"creas","nome":"CREAS","municipio":"Nova Londrina","ibge6":"411710","endereco":"Apucarana - 28","bairro":"centro"}},{"type":"Feature","geometry":{"type":"Point","coordinates":[-53.952506,-24.466155]},"properties":{"grupo":"creas","nome":"CREAS - CENTRO DE REFERENCIA ESPECIALIZADO DE ASSISTÊNCIA SOCIAL","municipio":"Nova Santa Rosa","ibge6":"411722","endereco":"Guarani - 630","bairro":"Centro"}},{"type":"Feature","geometry":{"type":"Point","coordinates":[-50.931566,-24.214581]},"properties":{"grupo":"creas","nome":"CREAS Novo Amanhã","municipio":"Ortigueira","ibge6":"411730","endereco":"kowalesk","bairro":"Centro"}},{"type":"Feature","geometry":{"type":"Point","coordinates":[-52.051506,-23.461525]},"properties":{"grupo":"creas","nome":"CREAS","municipio":"Paiçandu","ibge6":"411750","endereco":"Rua Marechal Floriano Peixoto - 577","bairro":"Centro"}},{"type":"Feature","geometry":{"type":"Point","coordinates":[-51.988442,-26.487552]},"properties":{"grupo":"creas","nome":"CREAS - Zilda Arns - Centro de Referencia Especializado de Assistência Social","municipio":"Palmas","ibge6":"411760","endereco":"Marechal Deodoro - 590","bairro":"Centro"}},{"type":"Feature","geometry":{"type":"Point","coordinates":[-52.212696,-24.882329]},"properties":{"grupo":"creas","nome":"CREAS","municipio":"Palmital","ibge6":"411780","endereco":"Moisés Lupion - 946","bairro":"centro"}},{"type":"Feature","geometry":{"type":"Point","coordinates":[-52.156155,-22.931332]},"properties":{"grupo":"creas","nome":"CREAS","municipio":"Paranacity","ibge6":"411810","endereco":"Felix Bochinnia - 738","bairro":"centro"}},{"type":"Feature","geometry":{"type":"Point","coordinates":[-54.223666,-24.625367]},"properties":{"grupo":"creas","nome":"CREAS PATO BRAGADO","municipio":"Pato Bragado","ibge6":"411845","endereco":"Guarapuava - 2977","bairro":"Centro"}},{"type":"Feature","geometry":{"type":"Point","coordinates":[-50.938368,-26.208046]},"properties":{"grupo":"creas","nome":"CREAS","municipio":"Paula Freitas","ibge6":"411860","endereco":"Avenida Agostinho de Souza - 1089","bairro":"centro"}},{"type":"Feature","geometry":{"type":"Point","coordinates":[-50.836,-26.04]},"properties":{"grupo":"creas","nome":"CREAS de Paulo Frontin","municipio":"Paulo Frontin","ibge6":"411870","endereco":"22 de janeiro","bairro":"Centro"}},{"type":"Feature","geometry":{"type":"Point","coordinates":[-53.679457,-23.80115]},"properties":{"grupo":"creas","nome":"CREAS Centro de Referência Especializado de Assistência Social","municipio":"Pérola","ibge6":"411890","endereco":"Bernardino de Campos - 750","bairro":"Centro"}},{"type":"Feature","geometry":{"type":"Point","coordinates":[-51.6575,-25.698618]},"properties":{"grupo":"creas","nome":"CREAS - CENTRO DE REFERÊNCIA ESPECIALIZADO DE ASSISTÊNCIA SOCIAL","municipio":"Pinhão","ibge6":"411930","endereco":"XV de novembro - 00","bairro":"Centro"}},{"type":"Feature","geometry":{"type":"Point","coordinates":[-49.939528,-24.533344]},"properties":{"grupo":"creas","nome":"CREAS","municipio":"Piraí do Sul","ibge6":"411940","endereco":"Wilson Rolim Carneiro - 150","bairro":"Jardim Primavera"}},{"type":"Feature","geometry":{"type":"Point","coordinates":[-50.158926,-25.095651]},"properties":{"grupo":"creas","nome":"CREAS I","municipio":"Ponta Grossa","ibge6":"411990","endereco":"Doutor Colares - 320","bairro":"Centro"}},{"type":"Feature","geometry":{"type":"Point","coordinates":[-48.450694,-25.650425]},"properties":{"grupo":"creas","nome":"CREAS","municipio":"Pontal do Paraná","ibge6":"411995","endereco":"Travessa Cacilda Ramos da Silva - 73","bairro":"Ipanema"}},{"type":"Feature","geometry":{"type":"Point","coordinates":[-51.375196,-22.758684]},"properties":{"grupo":"creas","nome":"CREAS","municipio":"Porecatu","ibge6":"412000","endereco":"Horacio Pagano - 300","bairro":"Centro"}},{"type":"Feature","geometry":{"type":"Point","coordinates":[-52.902431,-25.453389]},"properties":{"grupo":"creas","nome":"CREAS Quedas do Iguaçu","municipio":"Quedas do Iguaçu","ibge6":"412090","endereco":"Alecrim - 1627","bairro":"centro"}},{"type":"Feature","geometry":{"type":"Point","coordinates":[-49.498515,-25.873241]},"properties":{"grupo":"creas","nome":"CREAS","municipio":"Quitandinha","ibge6":"412120","endereco":"Independencia - 277","bairro":"centro"}},{"type":"Feature","geometry":{"type":"Point","coordinates":[-50.69272,-25.61417]},"properties":{"grupo":"creas","nome":"CREAS Centro de Referência Especializado de Assistência Social Odete da Aparecida Cipriano Zak","municipio":"Rebouças","ibge6":"412150","endereco":"Adolfo Stadler - 795","bairro":"Alto da Gloria"}},{"type":"Feature","geometry":{"type":"Point","coordinates":[-50.851563,-24.659085]},"properties":{"grupo":"creas","nome":"CREAS","municipio":"Reserva","ibge6":"412170","endereco":"Rua Ernestina Lanhoso - 326","bairro":"Ferreira"}},{"type":"Feature","geometry":{"type":"Point","coordinates":[-50.796,-25.733]},"properties":{"grupo":"creas","nome":"CREAS","municipio":"Rio Azul","ibge6":"412200","endereco":"Expedicionário Antonio Cação - 150","bairro":"Centro"}},{"type":"Feature","geometry":{"type":"Point","coordinates":[-49.312086,-25.190724]},"properties":{"grupo":"creas","nome":"CREAS","municipio":"Rio Branco do Sul","ibge6":"412220","endereco":"Henrique Pinto de Ferro - 41","bairro":"Centro"}},{"type":"Feature","geometry":{"type":"Point","coordinates":[-51.365488,-23.315592]},"properties":{"grupo":"creas","nome":"CREAS - CENTRO DE REFERÊNCIA ESPECIALIZADO DE ASSISTÊNCIA SOCIAL","municipio":"Rolândia","ibge6":"412240","endereco":"Santa Catarina - 1411","bairro":"Centro"}},{"type":"Feature","geometry":{"type":"Point","coordinates":[-52.772226,-23.416962]},"properties":{"grupo":"creas","nome":"CREAS Águia- Um Olhar Para O Horizonte","municipio":"Rondon","ibge6":"412260","endereco":"Rio de Janeiro - 479","bairro":"Centro"}},{"type":"Feature","geometry":{"type":"Point","coordinates":[-54.331464,-24.859649]},"properties":{"grupo":"creas","nome":"CREAS","municipio":"Santa Helena","ibge6":"412350","endereco":"Minas Gerais - 1360","bairro":"Centro"}},{"type":"Feature","geometry":{"type":"Point","coordinates":[-54.413717,-25.44217]},"properties":{"grupo":"creas","nome":"CREAS","municipio":"Santa Terezinha de Itaipu","ibge6":"412405","endereco":"Das Tulipas - 400","bairro":"Santa Mônica"}},{"type":"Feature","geometry":{"type":"Point","coordinates":[-50.076048,-23.291298]},"properties":{"grupo":"creas","nome":"CREAS PLATINENSE","municipio":"Santo Antônio da Platina","ibge6":"412410","endereco":"Rua Marechal Floriano Peixoto - 643","bairro":"Centro"}},{"type":"Feature","geometry":{"type":"Point","coordinates":[-51.822639,-23.992761]},"properties":{"grupo":"creas","nome":"CREAS","municipio":"São João do Ivaí","ibge6":"412500","endereco":"São João - 00","bairro":"centro"}},{"type":"Feature","geometry":{"type":"Point","coordinates":[-50.297393,-25.683783]},"properties":{"grupo":"creas","nome":"CREAS TRIUNFO","municipio":"São João do Triunfo","ibge6":"412510","endereco":"Benjamim Constant - 05","bairro":"Centro"}},{"type":"Feature","geometry":{"type":"Point","coordinates":[-53.858671,-24.932444]},"properties":{"grupo":"creas","nome":"CREAS - Centro de Referência Especializada de Assistência Social","municipio":"São Pedro do Iguaçu","ibge6":"412575","endereco":"Recife - 540","bairro":"centro"}},{"type":"Feature","geometry":{"type":"Point","coordinates":[-51.856059,-23.867511]},"properties":{"grupo":"creas","nome":"CREAS","municipio":"São Pedro do Ivaí","ibge6":"412580","endereco":"Maria Ozório - 626","bairro":"Centro"}},{"type":"Feature","geometry":{"type":"Point","coordinates":[-50.58,-23.911]},"properties":{"grupo":"creas","nome":"CREAS","municipio":"Sapopema","ibge6":"412620","endereco":"Manoel Ribas - 36","bairro":"Centro"}},{"type":"Feature","geometry":{"type":"Point","coordinates":[-51.096849,-23.724025]},"properties":{"grupo":"creas","nome":"CREAS","municipio":"Tamarana","ibge6":"412667","endereco":"Evaristo Camargo - 260","bairro":"Centro"}},{"type":"Feature","geometry":{"type":"Point","coordinates":[-50.462565,-25.374914]},"properties":{"grupo":"creas","nome":"CREAS - Centro de Referência Especializado de Assistência Social","municipio":"Teixeira Soares","ibge6":"412700","endereco":"Joaquim Neves - 31","bairro":"Centro"}},{"type":"Feature","geometry":{"type":"Point","coordinates":[-50.622554,-24.332043]},"properties":{"grupo":"creas","nome":"CREAS SAMUEL KLABIN","municipio":"Telêmaco Borba","ibge6":"412710","endereco":"Presidente Kennedy - 293","bairro":"Centro"}},{"type":"Feature","geometry":{"type":"Point","coordinates":[-52.44906,-23.772564]},"properties":{"grupo":"creas","nome":"CREAS CENTRO DE REFERÊNCIA ESPECIALIZADO DE ASSISTÊNCIA SOCIAL","municipio":"Terra Boa","ibge6":"412720","endereco":"Presidente Arthur Bernardes - 250","bairro":"Centro"}},{"type":"Feature","geometry":{"type":"Point","coordinates":[-50.412526,-24.511536]},"properties":{"grupo":"creas","nome":"CREAS","municipio":"Tibagi","ibge6":"412750","endereco":"Pedro Pitela - 555","bairro":"Centro"}},{"type":"Feature","geometry":{"type":"Point","coordinates":[-53.180555,-25.423751]},"properties":{"grupo":"creas","nome":"CREAS","municipio":"Três Barras do Paraná","ibge6":"412785","endereco":"Das Hortencias - 336","bairro":"Centro"}},{"type":"Feature","geometry":{"type":"Point","coordinates":[-51.539672,-25.040905]},"properties":{"grupo":"creas","nome":"CREAS","municipio":"Turvo","ibge6":"412796","endereco":"Tiradentes - 277","bairro":"Centro"}},{"type":"Feature","geometry":{"type":"Point","coordinates":[-52.991095,-24.541931]},"properties":{"grupo":"creas","nome":"CREAS","municipio":"Ubiratã","ibge6":"412800","endereco":"Benjamin Constant - 00","bairro":"Centro"}},{"type":"Feature","geometry":{"type":"Point","coordinates":[-53.297596,-23.7629]},"properties":{"grupo":"creas","nome":"CREAS II","municipio":"Umuarama","ibge6":"412810","endereco":"Ceará - 5476","bairro":"Zona II"}},{"type":"Feature","geometry":{"type":"Point","coordinates":[-51.089129,-26.237651]},"properties":{"grupo":"creas","nome":"CREAS","municipio":"União da Vitória","ibge6":"412820","endereco":"Marechal Deodoro - 88","bairro":"Centro"}},{"type":"Feature","geometry":{"type":"Point","coordinates":[-49.807935,-23.873692]},"properties":{"grupo":"creas","nome":"CREAS - CENTRAL","municipio":"Wenceslau Braz","ibge6":"412850","endereco":"Prefeito Benedito Correa - 663","bairro":"Centro"}},{"type":"Feature","geometry":{"type":"Point","coordinates":[-53.467863,-24.997922]},"properties":{"grupo":"pop","nome":"CENTRO POP - CENTRO DE REFERÊNCIA ESPECIALIZADO PARA POPULAÇÃO EM SITUAÇÃO DE RUA","municipio":"Cascavel","ibge6":"410480","endereco":"Santa Catarina - 924","bairro":"Centro"}},{"type":"Feature","geometry":{"type":"Point","coordinates":[-51.149422,-23.31411]},"properties":{"grupo":"pop","nome":"CENTRO POP","municipio":"Londrina","ibge6":"411370","endereco":"Dib Libos - 25","bairro":"Jardim Boa Vista"}},{"type":"Feature","geometry":{"type":"Point","coordinates":[-51.467943,-23.549481]},"properties":{"grupo":"pop","nome":"CENTRO POP","municipio":"Apucarana","ibge6":"410140","endereco":"Desembargador Clotário Portugal - 250","bairro":"Barra Funda"}},{"type":"Feature","geometry":{"type":"Point","coordinates":[-51.431892,-23.406524]},"properties":{"grupo":"pop","nome":"CENTRO POP VIDA NOVA","municipio":"Arapongas","ibge6":"410150","endereco":"Drongo - 445","bairro":"Vila Cascata"}},{"type":"Feature","geometry":{"type":"Point","coordinates":[-49.399883,-25.594686]},"properties":{"grupo":"pop","nome":"CENTRO POP","municipio":"Araucária","ibge6":"410180","endereco":"Avenida Independência - 474","bairro":"Porto das Laranjeiras"}},{"type":"Feature","geometry":{"type":"Point","coordinates":[-49.525273,-25.448932]},"properties":{"grupo":"pop","nome":"CENTRO POP \"NINA ANDREASSA\"","municipio":"Campo Largo","ibge6":"410420","endereco":"Avenida Ayrton Senna - 4818","bairro":"Bom Jesus"}},{"type":"Feature","geometry":{"type":"Point","coordinates":[-52.383,-24.046]},"properties":{"grupo":"pop","nome":"CENTRO POP","municipio":"Campo Mourão","ibge6":"410430","endereco":"Brasil - 1939","bairro":"Centro"}},{"type":"Feature","geometry":{"type":"Point","coordinates":[-52.603054,-23.657418]},"properties":{"grupo":"pop","nome":"CENTRO POP","municipio":"Cianorte","ibge6":"410550","endereco":"Abolição - 538","bairro":"Zona 01"}},{"type":"Feature","geometry":{"type":"Point","coordinates":[-49.224,-25.292]},"properties":{"grupo":"pop","nome":"CENTRO POP - EM CANTOS DE COLOMBO","municipio":"Colombo","ibge6":"410580","endereco":"São Pedro - 840","bairro":"Jardim Nossa Senhora de Fátima"}},{"type":"Feature","geometry":{"type":"Point","coordinates":[-49.25173,-25.490631]},"properties":{"grupo":"pop","nome":"CENTRO POP BOQUEIRÃO","municipio":"Curitiba","ibge6":"410690","endereco":"Oliveira Viana - 1804","bairro":"Boqueirão"}},{"type":"Feature","geometry":{"type":"Point","coordinates":[-49.254498,-25.440155]},"properties":{"grupo":"pop","nome":"CENTRO POP SOLIDARIEDADE","municipio":"Curitiba","ibge6":"410690","endereco":"Engenheiro Rebouças - 875","bairro":"Jardim Botânico"}},{"type":"Feature","geometry":{"type":"Point","coordinates":[-49.273,-25.428]},"properties":{"grupo":"pop","nome":"CENTRO POP DOUTOR FAIVRE","municipio":"Curitiba","ibge6":"410690","endereco":"Presidente Affonso Camargo - 177","bairro":"Jardim Botânico"}},{"type":"Feature","geometry":{"type":"Point","coordinates":[-54.552226,-25.544281]},"properties":{"grupo":"pop","nome":"CENTRO POP DE FOZ DO IGUAÇU","municipio":"Foz do Iguaçu","ibge6":"410830","endereco":"Monsenhor Guilherme - 527","bairro":"Jardim São Paulo"}},{"type":"Feature","geometry":{"type":"Point","coordinates":[-51.9519,-23.413887]},"properties":{"grupo":"pop","nome":"CENTRO POP RUA","municipio":"Maringá","ibge6":"411520","endereco":"Tenente Afonso Pinheiro Camargo - 321","bairro":"Jardim Monte Belo"}},{"type":"Feature","geometry":{"type":"Point","coordinates":[-48.503094,-25.518147]},"properties":{"grupo":"pop","nome":"CENTRO POP","municipio":"Paranaguá","ibge6":"411820","endereco":"Viera dos Santos - 45","bairro":"Centro Histórico"}},{"type":"Feature","geometry":{"type":"Point","coordinates":[-49.063,-25.442]},"properties":{"grupo":"pop","nome":"CENTRO POP","municipio":"Piraquara","ibge6":"411950","endereco":"Frei Nicodemos Grundhoff - 364","bairro":"Jardim Esmeralda"}},{"type":"Feature","geometry":{"type":"Point","coordinates":[-50.167452,-25.094219]},"properties":{"grupo":"pop","nome":"CENTRO POP","municipio":"Ponta Grossa","ibge6":"411990","endereco":"Tenente Hinon Silva - 135","bairro":"Centro"}},{"type":"Feature","geometry":{"type":"Point","coordinates":[-49.190576,-25.544184]},"properties":{"grupo":"pop","nome":"CENTRO POP CELIA FATIMA DE ANDRADE","municipio":"São José Dos Pinhais","ibge6":"412550","endereco":"Br 376 - 2612","bairro":"São Pedro"}},{"type":"Feature","geometry":{"type":"Point","coordinates":[-53.325,-23.766]},"properties":{"grupo":"pop","nome":"CENTRO POP","municipio":"Umuarama","ibge6":"412810","endereco":"Rua Rodrigues Alves - 2592","bairro":"Parque Cidade Jardim"}},{"type":"Feature","geometry":{"type":"Point","coordinates":[-52.372288,-24.043143]},"properties":{"grupo":"cadunico","nome":"SECRETARIA DE ASSISTÊNCIA SOCIAL - DIVISÃO DE CADASTRO UNICO","municipio":"Campo Mourão","ibge6":"410430","endereco":"Santa Catarina 1682","bairro":"centro"}},{"type":"Feature","geometry":{"type":"Point","coordinates":[-54.029946,-24.834161]},"properties":{"grupo":"cadunico","nome":"Posto de Cadastramento do CadÚnico Distrito de Luz Marina","municipio":"São Pedro do Iguaçu","ibge6":"412575","endereco":"João Marino 0","bairro":"Distrito de Luz Marina"}},{"type":"Feature","geometry":{"type":"Point","coordinates":[-49.40069,-25.589923]},"properties":{"grupo":"cadunico","nome":"CADASTRO ÚNICO PARA PROGRAMAS SOCIAIS","municipio":"Araucária","ibge6":"410180","endereco":"Fernando Suckow 200","bairro":"Centro"}},{"type":"Feature","geometry":{"type":"Point","coordinates":[-49.461522,-24.111779]},"properties":{"grupo":"cadunico","nome":"Setor Programa Bolsa Família - CadÚnico","municipio":"Sengés","ibge6":"412630","endereco":"Ver. Basílio Costa 309","bairro":"Centro"}},{"type":"Feature","geometry":{"type":"Point","coordinates":[-50.982517,-25.210901]},"properties":{"grupo":"cadunico","nome":"Central de Atendimento do Cadastro Único para Programas Sociais","municipio":"Prudentópolis","ibge6":"412060","endereco":"Dr. Osório Guimarães 1234","bairro":"Centro"}},{"type":"Feature","geometry":{"type":"Point","coordinates":[-51.665676,-23.231561]},"properties":{"grupo":"cadunico","nome":"CadUnico","municipio":"Astorga","ibge6":"410210","endereco":"9 de julho 375","bairro":"centro"}},{"type":"Feature","geometry":{"type":"Point","coordinates":[-53.022852,-26.150873]},"properties":{"grupo":"cadunico","nome":"POSTO CADÚNICO","municipio":"Marmeleiro","ibge6":"411540","endereco":"Rua Emilio Magno Glat 146","bairro":"Centro"}},{"type":"Feature","geometry":{"type":"Point","coordinates":[-52.575223,-24.457942]},"properties":{"grupo":"cadunico","nome":"Projeto Tainã","municipio":"Mamborê","ibge6":"411400","endereco":"Armando Alves de Souza 00","bairro":"Guarani"}},{"type":"Feature","geometry":{"type":"Point","coordinates":[-49.109973,-25.357412]},"properties":{"grupo":"cadunico","nome":"Posto de Cadastramento Único Centro de Artes e Esportes Unificado - CEU","municipio":"Campina Grande do Sul","ibge6":"410400","endereco":"Lucídio Florencio Ribeiro 699","bairro":"Jardim Florida"}},{"type":"Feature","geometry":{"type":"Point","coordinates":[-53.709497,-23.99676]},"properties":{"grupo":"cadunico","nome":"Posto de Cadastramento Único","municipio":"Iporã","ibge6":"411060","endereco":"Pastor Nilson Ferreira Braga 00","bairro":"Centro"}},{"type":"Feature","geometry":{"type":"Point","coordinates":[-51.799293,-22.91318]},"properties":{"grupo":"cadunico","nome":"Cadastro Único Nossa Senhora das Graças","municipio":"Nossa Senhora das Graças","ibge6":"411640","endereco":"Rua Bahia 0","bairro":"Centro"}},{"type":"Feature","geometry":{"type":"Point","coordinates":[-52.513504,-23.613031]},"properties":{"grupo":"cadunico","nome":"Posto de Cadastramento - Vidigal","municipio":"Cianorte","ibge6":"410550","endereco":"Gastão Vidigal 10","bairro":"Vidigal"}},{"type":"Feature","geometry":{"type":"Point","coordinates":[-49.721224,-25.758445]},"properties":{"grupo":"cadunico","nome":"Centro de Convivência para Idosos Vida Saudável - Posto do Cadastro Único","municipio":"Lapa","ibge6":"411320","endereco":"Clementino Paraná 20","bairro":"Wilson Montenegro"}},{"type":"Feature","geometry":{"type":"Point","coordinates":[-53.478903,-24.951934]},"properties":{"grupo":"cadunico","nome":"Gestão do Cadastro Único","municipio":"Cascavel","ibge6":"410480","endereco":"Pernambuco 1900","bairro":"Centro"}},{"type":"Feature","geometry":{"type":"Point","coordinates":[-52.606679,-23.86954]},"properties":{"grupo":"cadunico","nome":"Posto de Cadastramento - São Lourenço","municipio":"Cianorte","ibge6":"410550","endereco":"Tico Tico 195","bairro":"São Lourenço"}},{"type":"Feature","geometry":{"type":"Point","coordinates":[-50.580368,-23.911243]},"properties":{"grupo":"cadunico","nome":"POSTO DE CADASTRO UNICO - Programa Bolsa Família","municipio":"Sapopema","ibge6":"412620","endereco":"Paulino Pidal Palácio 00","bairro":"centro"}},{"type":"Feature","geometry":{"type":"Point","coordinates":[-51.651814,-25.695099]},"properties":{"grupo":"cadunico","nome":"Posto de Cadastramento do Cadastro Único","municipio":"Pinhão","ibge6":"411930","endereco":"Anacleto Leopoldino de Abreu 127","bairro":"Centro"}},{"type":"Feature","geometry":{"type":"Point","coordinates":[-49.179976,-25.929623]},"properties":{"grupo":"cadunico","nome":"ÓRGÃO GESTOR SECRETARIA ASSISTÊNCIA SOCIAL E CIDADANIA","municipio":"Tijucas do Sul","ibge6":"412760","endereco":"Rua Brasília 39","bairro":"Centro"}},{"type":"Feature","geometry":{"type":"Point","coordinates":[-50.548367,-25.412552]},"properties":{"grupo":"cadunico","nome":"CadÚnico Fernandes Pinheiro","municipio":"Fernandes Pinheiro","ibge6":"410773","endereco":"Vedolino Neves 140","bairro":"Centro"}},{"type":"Feature","geometry":{"type":"Point","coordinates":[-51.787531,-23.490348]},"properties":{"grupo":"cadunico","nome":"Posto do Cadastro Único","municipio":"Marialva","ibge6":"411480","endereco":"Rotary 241","bairro":"Centro"}},{"type":"Feature","geometry":{"type":"Point","coordinates":[-53.840003,-24.275585]},"properties":{"grupo":"cadunico","nome":"Sala de Atendimento do Cadastro Único","municipio":"Palotina","ibge6":"411790","endereco":"Rua Rotary 177","bairro":"Bela Vista"}},{"type":"Feature","geometry":{"type":"Point","coordinates":[-52.788867,-24.2411]},"properties":{"grupo":"cadunico","nome":"Posto de Cadastramento do Cadunico","municipio":"Boa Esperança","ibge6":"410300","endereco":"Amazonas 212","bairro":"Centro"}},{"type":"Feature","geometry":{"type":"Point","coordinates":[-51.466915,-25.39103]},"properties":{"grupo":"cadunico","nome":"POSTO DE CADASTRAMENTO - CADASTRO ÚNICO","municipio":"Guarapuava","ibge6":"410940","endereco":"Guaíra 3074","bairro":"Centro"}},{"type":"Feature","geometry":{"type":"Point","coordinates":[-50.599379,-25.236496]},"properties":{"grupo":"cadunico","nome":"Posto de Cadastro Único","municipio":"Imbituva","ibge6":"411010","endereco":"Professor Souza Araújo 232","bairro":"Jardim Tangará"}},{"type":"Feature","geometry":{"type":"Point","coordinates":[-50.151383,-25.095461]},"properties":{"grupo":"cadunico","nome":"Unidade Móvel","municipio":"Ponta Grossa","ibge6":"411990","endereco":"Pasteur 50","bairro":"Centro"}},{"type":"Feature","geometry":{"type":"Point","coordinates":[-52.832801,-26.072435]},"properties":{"grupo":"cadunico","nome":"Postos de cadastro unico","municipio":"Bom Sucesso do Sul","ibge6":"410322","endereco":"Ignácio Drancka 00","bairro":"Centro"}},{"type":"Feature","geometry":{"type":"Point","coordinates":[-51.901345,-22.640432]},"properties":{"grupo":"cadunico","nome":"Posto de Cadastramento","municipio":"Santa Inês","ibge6":"412360","endereco":"Governador Munhoz da Rocha 210","bairro":"Centro"}},{"type":"Feature","geometry":{"type":"Point","coordinates":[-51.967692,-22.616962]},"properties":{"grupo":"cadunico","nome":"Prefeitura de Itaguaje","municipio":"Itaguajé","ibge6":"411090","endereco":"Conde Francisco Matarazzo 482","bairro":"centro"}},{"type":"Feature","geometry":{"type":"Point","coordinates":[-52.990601,-24.536719]},"properties":{"grupo":"cadunico","nome":"Posto de Cadastro Unico Ubiratã","municipio":"Ubiratã","ibge6":"412800","endereco":"Nilza de Oliveira Pipino 2090","bairro":"Centro"}},{"type":"Feature","geometry":{"type":"Point","coordinates":[-51.047405,-23.269814]},"properties":{"grupo":"cadunico","nome":"Unidade de Cadastro Único","municipio":"Ibiporã","ibge6":"410980","endereco":"Dezenove de Dezembro 74","bairro":"Centro"}},{"type":"Feature","geometry":{"type":"Point","coordinates":[-49.055,-25.306]},"properties":{"grupo":"cadunico","nome":"Centro de Atenção e Inclusão Social (CAIS) Jurema dos Santos Valenga","municipio":"Campina Grande do Sul","ibge6":"410400","endereco":"Telemaco Crisostomo da Silva 87","bairro":"Centro"}},{"type":"Feature","geometry":{"type":"Point","coordinates":[-53.614783,-25.055356]},"properties":{"grupo":"cadunico","nome":"POSTO DO CADASTRO UNICO","municipio":"Santa Tereza do Oeste","ibge6":"412402","endereco":"Governador Jose Silveira 1296","bairro":"Jd. União"}},{"type":"Feature","geometry":{"type":"Point","coordinates":[-52.469802,-24.888519]},"properties":{"grupo":"cadunico","nome":"Cad único","municipio":"Laranjal","ibge6":"411325","endereco":"Pernambuco 00","bairro":"centro"}},{"type":"Feature","geometry":{"type":"Point","coordinates":[-51.447988,-23.39441]},"properties":{"grupo":"cadunico","nome":"CENTRAL DE CADASTRO ÚNICO","municipio":"Arapongas","ibge6":"410150","endereco":"Gaturamo 1000","bairro":"Jd Aeroporto"}},{"type":"Feature","geometry":{"type":"Point","coordinates":[-52.771883,-23.416903]},"properties":{"grupo":"cadunico","nome":"Posto de Cadastro Unico","municipio":"Rondon","ibge6":"412260","endereco":"Brasil 2365","bairro":"centro"}},{"type":"Feature","geometry":{"type":"Point","coordinates":[-53.29457,-22.956951]},"properties":{"grupo":"cadunico","nome":"POSTOS DE CADASTRAMENTO DO CADÚNICO","municipio":"Santa Cruz de Monte Castelo","ibge6":"412330","endereco":"Nicaragua 704","bairro":"Centro"}},{"type":"Feature","geometry":{"type":"Point","coordinates":[-53.29457,-22.956259]},"properties":{"grupo":"cadunico","nome":"POSTOS DE CADASTRAMENTO DO CADÚNICO","municipio":"Santa Cruz de Monte Castelo","ibge6":"412330","endereco":"Nicaragua 704","bairro":"Centro"}},{"type":"Feature","geometry":{"type":"Point","coordinates":[-51.823905,-23.196474]},"properties":{"grupo":"cadunico","nome":"Setor de Castro Único","municipio":"Iguaraçu","ibge6":"411000","endereco":"Antonio Cezário 118","bairro":"Centro"}},{"type":"Feature","geometry":{"type":"Point","coordinates":[-50.125144,-24.604962]},"properties":{"grupo":"cadunico","nome":"Posto de Cadastramento CONCEIÇÃO ROSA SANTOS SILVA","municipio":"Castro","ibge6":"410490","endereco":"Principal 00","bairro":"Guararema"}},{"type":"Feature","geometry":{"type":"Point","coordinates":[-52.637141,-23.672012]},"properties":{"grupo":"cadunico","nome":"Posto de Cadastramento - Estação do Ofício","municipio":"Cianorte","ibge6":"410550","endereco":"Capixingui 75","bairro":"Jardim Alto da Cidade"}},{"type":"Feature","geometry":{"type":"Point","coordinates":[-52.338588,-26.418699]},"properties":{"grupo":"cadunico","nome":"Posto de Cadastramento","municipio":"Clevelândia","ibge6":"410570","endereco":"Crescêncio Martins 1060","bairro":"Soledade"}},{"type":"Feature","geometry":{"type":"Point","coordinates":[-52.273986,-24.594932]},"properties":{"grupo":"cadunico","nome":"CADASTRO ÚNICO","municipio":"Roncador","ibge6":"412250","endereco":"Rio de Janeiro 0","bairro":"Centro"}},{"type":"Feature","geometry":{"type":"Point","coordinates":[-52.803576,-24.59468]},"properties":{"grupo":"cadunico","nome":"Posto de Cadastramento Cadastro Único","municipio":"Campina da Lagoa","ibge6":"410390","endereco":"Juscelino Kubitschek 996","bairro":"centro"}},{"type":"Feature","geometry":{"type":"Point","coordinates":[-52.097533,-23.346689]},"properties":{"grupo":"cadunico","nome":"Posto de Cadastramento e ATENDIMENTO DO CADASTRO ÚNICO","municipio":"Mandaguaçu","ibge6":"411410","endereco":"Benicio Moreira Niza 114","bairro":"Centro"}},{"type":"Feature","geometry":{"type":"Point","coordinates":[-52.053201,-23.462361]},"properties":{"grupo":"cadunico","nome":"POSTOS DO CADASTRO ÚNICO CENTRAL","municipio":"Paiçandu","ibge6":"411750","endereco":"Marechal Floriano 195","bairro":"Jardim João de Queiroz"}},{"type":"Feature","geometry":{"type":"Point","coordinates":[-53.294506,-22.95701]},"properties":{"grupo":"cadunico","nome":"POSTOS DE CADASTRAMENTO DO CADÚNICO","municipio":"Santa Cruz de Monte Castelo","ibge6":"412330","endereco":"Nicaragua 704","bairro":"Centro"}},{"type":"Feature","geometry":{"type":"Point","coordinates":[-50.007738,-24.788775]},"properties":{"grupo":"cadunico","nome":"Posto de Cadastramento do Órgão Gestor / SMAS","municipio":"Castro","ibge6":"410490","endereco":"Padre Damaso 81","bairro":"Centro"}},{"type":"Feature","geometry":{"type":"Point","coordinates":[-52.719097,-24.796104]},"properties":{"grupo":"cadunico","nome":"Posto de Cadastramento Cadastro Único - CadÚnico","municipio":"Altamira do Paraná","ibge6":"410045","endereco":"João Zolim 00","bairro":"centro"}},{"type":"Feature","geometry":{"type":"Point","coordinates":[-51.96905,-22.83922]},"properties":{"grupo":"cadunico","nome":"Posto de Cadastramento CadÚnico","municipio":"Colorado","ibge6":"410590","endereco":"Paraná 513","bairro":"Centro"}},{"type":"Feature","geometry":{"type":"Point","coordinates":[-50.29776,-25.685218]},"properties":{"grupo":"cadunico","nome":"POSTOS DE CADASTRAMENTO DO CADASTRO UNICO","municipio":"São João do Triunfo","ibge6":"412510","endereco":"Francisco Neves Filho 139","bairro":"Centro"}},{"type":"Feature","geometry":{"type":"Point","coordinates":[-51.086,-26.23]},"properties":{"grupo":"cadunico","nome":"Posto de Cadastramento Bolsa Família","municipio":"União da Vitória","ibge6":"412820","endereco":"Visconde de Guarapuava 15","bairro":"Centro"}},{"type":"Feature","geometry":{"type":"Point","coordinates":[-52.156218,-23.503561]},"properties":{"grupo":"cadunico","nome":"POSTOS DO CADASTRO ÚNICO DISTRITO ÁGUA BOA","municipio":"Paiçandu","ibge6":"411750","endereco":"Ipiranga 480","bairro":"Distrito Água Boa"}},{"type":"Feature","geometry":{"type":"Point","coordinates":[-51.872506,-23.443374]},"properties":{"grupo":"cadunico","nome":"Cadastro Único Central","municipio":"Sarandi","ibge6":"412625","endereco":"Taí 777","bairro":"Centro"}},{"type":"Feature","geometry":{"type":"Point","coordinates":[-49.515955,-25.454212]},"properties":{"grupo":"cadunico","nome":"DIVISÃO DE TRANSFERENCIAS DE RENDAS E BENEFICIOS","municipio":"Campo Largo","ibge6":"410420","endereco":"Padre Natal Pigatto 925","bairro":"Cambui"}},{"type":"Feature","geometry":{"type":"Point","coordinates":[-50.850353,-24.658508]},"properties":{"grupo":"cadunico","nome":"Posto de Cadastramento CRAS Nossa Senhora de Lourdes","municipio":"Reserva","ibge6":"412170","endereco":"Cândido de Abreu 170","bairro":"Lourdes"}},{"type":"Feature","geometry":{"type":"Point","coordinates":[-48.539035,-25.819035]},"properties":{"grupo":"cadunico","nome":"POSTO DE CADASTRAMENTO CADÚNICO - SMAS","municipio":"Matinhos","ibge6":"411570","endereco":"Benvenuto Gussi 232","bairro":"Centro"}},{"type":"Feature","geometry":{"type":"Point","coordinates":[-51.770121,-23.147364]},"properties":{"grupo":"cadunico","nome":"CADASTRO UNICO DE MUNHOZ DE MELLO","municipio":"Munhoz de Melo","ibge6":"411630","endereco":"Interventor Manoel Ribas 859","bairro":"Centro"}},{"type":"Feature","geometry":{"type":"Point","coordinates":[-49.640522,-25.23306]},"properties":{"grupo":"cadunico","nome":"UNIDADE DE ATENDIMENTO SOCIAL - TRÊS CORREGOS","municipio":"Campo Largo","ibge6":"410420","endereco":"Nair Ferreira Leal da Trindade 0","bairro":"Três Córregos"}},{"type":"Feature","geometry":{"type":"Point","coordinates":[-53.07729,-23.784]},"properties":{"grupo":"cadunico","nome":"CADASTRO ÚNICO","municipio":"Cruzeiro do Oeste","ibge6":"410660","endereco":"Rio Branco 36","bairro":"Centro"}},{"type":"Feature","geometry":{"type":"Point","coordinates":[-52.270761,-24.288768]},"properties":{"grupo":"cadunico","nome":"Posto de Cadastro Único - Cadúnico","municipio":"Luiziana","ibge6":"411373","endereco":"Raimundo Antonio de Souza 484","bairro":"centro"}},{"type":"Feature","geometry":{"type":"Point","coordinates":[-53.741274,-24.734339]},"properties":{"grupo":"cadunico","nome":"GESTÃO MUNICIPAL DO CADASTRO ÚNICO","municipio":"Toledo","ibge6":"412770","endereco":"Maripa 5077","bairro":"Centro"}},{"type":"Feature","geometry":{"type":"Point","coordinates":[-49.147219,-25.325784]},"properties":{"grupo":"cadunico","nome":"Posto de Cadastramento Monte Castelo","municipio":"Colombo","ibge6":"410580","endereco":"Do Ipe 992","bairro":"Monte Castelo"}},{"type":"Feature","geometry":{"type":"Point","coordinates":[-52.54411,-25.308513]},"properties":{"grupo":"cadunico","nome":"Posto de Cadastramento Único CADUNICO","municipio":"Nova Laranjeiras","ibge6":"411705","endereco":"Professor Estanislau kuratkoswski 1044","bairro":"Centro"}},{"type":"Feature","geometry":{"type":"Point","coordinates":[-49.102831,-25.369214]},"properties":{"grupo":"cadunico","nome":"Posto de Cadastramento Único - PRAÇA CEU","municipio":"Quatro Barras","ibge6":"412080","endereco":"Santa Catarina 0","bairro":"Jardim Menino Deus"}},{"type":"Feature","geometry":{"type":"Point","coordinates":[-52.777333,-26.26601]},"properties":{"grupo":"cadunico","nome":"Posto de atendimento Cadastro Unico","municipio":"Vitorino","ibge6":"412870","endereco":"Lehmann 217","bairro":"Centro"}},{"type":"Feature","geometry":{"type":"Point","coordinates":[-50.003161,-25.422307]},"properties":{"grupo":"cadunico","nome":"Posto de Cadastramento","municipio":"Palmeira","ibge6":"411770","endereco":"Diogo de freitas 279","bairro":"Centro"}},{"type":"Feature","geometry":{"type":"Point","coordinates":[-52.049,-23.458]},"properties":{"grupo":"cadunico","nome":"Posto de Cadastramento - CADASTRO ÚNICO CATEDRAL","municipio":"Paiçandu","ibge6":"411750","endereco":"Altamiro de Paula Andrade 306","bairro":"Jardim Pioneiro"}},{"type":"Feature","geometry":{"type":"Point","coordinates":[-48.902084,-25.219702]},"properties":{"grupo":"cadunico","nome":"Posto de Cadastramento Único - CAIS PAIOL DE BAIXO","municipio":"Campina Grande do Sul","ibge6":"410400","endereco":"João Florêncio dos Reis 0","bairro":"Paiol de Baixo"}},{"type":"Feature","geometry":{"type":"Point","coordinates":[-49.506975,-25.355365]},"properties":{"grupo":"cadunico","nome":"Posto de Cadastramento Único - Bateias","municipio":"Campo Largo","ibge6":"410420","endereco":"do Cerne 0","bairro":"Bateias"}},{"type":"Feature","geometry":{"type":"Point","coordinates":[-49.800333,-26.106617]},"properties":{"grupo":"cadunico","nome":"Posto de Cadastramento Único - Rio Negro","municipio":"Rio Negro","ibge6":"412230","endereco":"Dr Vicente Machado 148","bairro":"Centro"}},{"type":"Feature","geometry":{"type":"Point","coordinates":[-49.073859,-25.369195]},"properties":{"grupo":"cadunico","nome":"Posto de Cadastramento Único - CRAS LEONOR","municipio":"Quatro Barras","ibge6":"412080","endereco":"Nilo Fávaro 99","bairro":"Centro"}},{"type":"Feature","geometry":{"type":"Point","coordinates":[-50.975211,-23.256399]},"properties":{"grupo":"cadunico","nome":"Posto de Cadastramento Único Jataizinho","municipio":"Jataizinho","ibge6":"411270","endereco":"Nicola Pansardi 609","bairro":"Centro"}},{"type":"Feature","geometry":{"type":"Point","coordinates":[-53.291255,-24.793806]},"properties":{"grupo":"cadunico","nome":"Posto de Cadastramento","municipio":"Corbélia","ibge6":"410630","endereco":"Açucena 840","bairro":"Centro"}},{"type":"Feature","geometry":{"type":"Point","coordinates":[-49.267332,-25.336986]},"properties":{"grupo":"cadunico","nome":"Posto de Cadastramento Único Central de Atendimento","municipio":"Almirante Tamandaré","ibge6":"410040","endereco":"Frei Mauro 353","bairro":"Vila Santa Terezinha"}},{"type":"Feature","geometry":{"type":"Point","coordinates":[-52.032,-26.228]},"properties":{"grupo":"cadunico","nome":"Posto de Cadastramento","municipio":"Coronel Domingos Soares","ibge6":"410645","endereco":"Jose Salvador 3132","bairro":"Centro"}},{"type":"Feature","geometry":{"type":"Point","coordinates":[-51.462729,-23.548409]},"properties":{"grupo":"cadunico","nome":"Posto de Cadastramento \"Central de Cadastro Único\"","municipio":"Apucarana","ibge6":"410140","endereco":"Osório Ribas de Paula 1273","bairro":"Centro"}},{"type":"Feature","geometry":{"type":"Point","coordinates":[-50.827518,-25.886871]},"properties":{"grupo":"cadunico","nome":"Posto de Cadastramento","municipio":"Mallet","ibge6":"411390","endereco":"Vicente Machado 48","bairro":"Centro"}},{"type":"Feature","geometry":{"type":"Point","coordinates":[-54.248,-25.092]},"properties":{"grupo":"cadunico","nome":"Posto de Cadastramento","municipio":"Missal","ibge6":"411605","endereco":"Nossa Senhora da Conceição 745","bairro":"Centro"}},{"type":"Feature","geometry":{"type":"Point","coordinates":[-51.376988,-24.930755]},"properties":{"grupo":"cadunico","nome":"Posto de Cadastramento","municipio":"Turvo","ibge6":"412796","endereco":"Faxinal da Boa Vista 0","bairro":"Faxinal da Boa Vista"}},{"type":"Feature","geometry":{"type":"Point","coordinates":[-49.053904,-25.390613]},"properties":{"grupo":"cadunico","nome":"Posto de Cadastramento - Borda do Campo","municipio":"Quatro Barras","ibge6":"412080","endereco":"Prefeito Domingos Mocelin Neto 2462","bairro":"Borda do Campo"}},{"type":"Feature","geometry":{"type":"Point","coordinates":[-53.451297,-24.958223]},"properties":{"grupo":"restaurante","nome":"Restaurante Popular","municipio":"Cascavel","ibge6":"410481","endereco":"Rua São Paulo, 94","bairro":"Centro","situacao":"EM FUNCIONAMENTO"}},{"type":"Feature","geometry":{"type":"Point","coordinates":[-51.161442,-23.307459]},"properties":{"grupo":"restaurante","nome":"Restaurante Popular","municipio":"Londrina","ibge6":"411370","endereco":"Rua Professor João Cândido, 10","bairro":"Centro","situacao":"EM FUNCIONAMENTO"}},{"type":"Feature","geometry":{"type":"Point","coordinates":[-51.939544,-23.411242]},"properties":{"grupo":"restaurante","nome":"Restaurante Popular","municipio":"Maringá","ibge6":"411520","endereco":"Av. Lauro Werneck, 500","bairro":"Zona 07","situacao":"EM FUNCIONAMENTO"}},{"type":"Feature","geometry":{"type":"Point","coordinates":[-48.568035,-25.572495]},"properties":{"grupo":"restaurante","nome":"Restaurante Popular","municipio":"Paranaguá","ibge6":"411820","endereco":"Rua Felipe Chede, 745","bairro":"João Gualberto","situacao":"EM FUNCIONAMENTO"}},{"type":"Feature","geometry":{"type":"Point","coordinates":[-50.156257,-25.092867]},"properties":{"grupo":"restaurante","nome":"Restaurante Popular","municipio":"Ponta Grossa","ibge6":"411990","endereco":"Rua Benjamin Costant, s/n","bairro":"Parque Ambiental","situacao":"EM FUNCIONAMENTO"}},{"type":"Feature","geometry":{"type":"Point","coordinates":[-53.739989,-24.722197]},"properties":{"grupo":"restaurante","nome":"Restaurante Popular","municipio":"Toledo","ibge6":"412770","endereco":"Rua Angela Tonial, 88","bairro":"Vila Paulista","situacao":"EM FUNCIONAMENTO"}},{"type":"Feature","geometry":{"type":"Point","coordinates":[-51.767063,-23.701712]},"properties":{"grupo":"cozinha","nome":"Cozinha Comunitária","municipio":"Bom Sucesso","ibge6":"410320","endereco":"Rua José Flauzino Vilas Boas, S/N","bairro":"Bairro Vila Bom Fim","situacao":"EM FUNCIONAMENTO"}},{"type":"Feature","geometry":{"type":"Point","coordinates":[-52.201699,-22.750964]},"properties":{"grupo":"cozinha","nome":"Cozinha Comunitária","municipio":"Inajá","ibge6":"411030","endereco":"Av. Antonio Veiga Martins, 80","situacao":"EM FUNCIONAMENTO"}},{"type":"Feature","geometry":{"type":"Point","coordinates":[-52.472763,-24.886748]},"properties":{"grupo":"cozinha","nome":"Cozinha Comunitária","municipio":"Laranjal","ibge6":"411325","endereco":"Rua São Paulo","bairro":"Centro","situacao":"EM FUNCIONAMENTO"}},{"type":"Feature","geometry":{"type":"Point","coordinates":[-53.879399,-25.059088]},"properties":{"grupo":"cozinha","nome":"Cozinha Comunitária","municipio":"Vera Cruz do Oeste","ibge6":"412855","endereco":"Galpão da Vila Rural Primavera de São Sebastião","situacao":"EM FUNCIONAMENTO"}},{"type":"Feature","geometry":{"type":"Point","coordinates":[-52.575202,-24.676619]},"properties":{"grupo":"cozinha","nome":"Cozinha Comunitária","municipio":"Nova Cantu","ibge6":"411680","endereco":"Praça da Igreja - Anexa ao Salão Paroquial de Santo Rei","situacao":"EM FUNCIONAMENTO"}},{"type":"Feature","geometry":{"type":"Point","coordinates":[-51.903094,-22.638293]},"properties":{"grupo":"cozinha","nome":"Cozinha Comunitária","municipio":"Santa Inês","ibge6":"412360","endereco":"Rua Claro Ferreira Lima, s/n","bairro":"Centro","situacao":"EM FUNCIONAMENTO"}},{"type":"Feature","geometry":{"type":"Point","coordinates":[-49.180877,-25.553506]},"properties":{"grupo":"cozinha","nome":"Cozinha Comunitária","municipio":"São Pedro do Paraná","ibge6":"412590","endereco":"Rua Porto Alegre, s/n","situacao":"PARALISADO"}},{"type":"Feature","geometry":{"type":"Point","coordinates":[-52.982341,-24.541892]},"properties":{"grupo":"cozinha","nome":"Cozinha Comunitária","municipio":"Ubiratã","ibge6":"412800","endereco":"Avenida João Medeiros, s/n","bairro":"Vila Recife","situacao":"EM FUNCIONAMENTO"}},{"type":"Feature","geometry":{"type":"Point","coordinates":[-50.044388,-23.514591]},"properties":{"grupo":"cozinha","nome":"Cozinha Comunitária","municipio":"Guapirama","ibge6":"410900","endereco":"Rua Paraná, s/n","situacao":"EM FUNCIONAMENTO"}},{"type":"Feature","geometry":{"type":"Point","coordinates":[-51.602912,-22.831251]},"properties":{"grupo":"cozinha","nome":"Cozinha Comunitária","municipio":"Centenário do Sul","ibge6":"410510","endereco":"Rua Desembargador Munhós de Melo, 1164","bairro":"Centenário/Sul","situacao":"EM FUNCIONAMENTO"}},{"type":"Feature","geometry":{"type":"Point","coordinates":[-53.44981,-24.929544]},"properties":{"grupo":"banco","nome":"Banco de Alimentos","municipio":"Cascavel","ibge6":"410480","endereco":"BR 467 km 110,6","bairro":"Bras Madeira","situacao":"EM FUNCIONAMENTO"}},{"type":"Feature","geometry":{"type":"Point","coordinates":[-49.224308,-25.440322]},"properties":{"grupo":"banco","nome":"Banco de Alimentos","municipio":"Curitiba","ibge6":"410690","endereco":"Rua Cap. João Busse, 660","situacao":"EM FUNCIONAMENTO"}},{"type":"Feature","geometry":{"type":"Point","coordinates":[-54.561031,-25.471985]},"properties":{"grupo":"banco","nome":"Banco de Alimentos","municipio":"Foz do Iguaçu","ibge6":"410830","endereco":"Av. Andradina, s/n","bairro":"Cidade Nova","situacao":"EM FUNCIONAMENTO"}},{"type":"Feature","geometry":{"type":"Point","coordinates":[-53.320571,-23.786647]},"properties":{"grupo":"banco","nome":"Banco de Alimentos","municipio":"Umuarama","ibge6":"412810","endereco":"Av. Julio Cesar Jarros, 2.684","bairro":"Jd Alto da Boa Vista","situacao":"EM FUNCIONAMENTO"}},{"type":"Feature","geometry":{"type":"Point","coordinates":[-49.301319,-25.552954]},"properties":{"grupo":"banco","nome":"Banco de Alimentos","municipio":"Curitiba","ibge6":"410690","endereco":"Br 116,Km 111, 22.881","bairro":"Tatuquara","situacao":"EM FUNCIONAMENTO"}},{"type":"Feature","geometry":{"type":"Point","coordinates":[-51.096855,-23.293763]},"properties":{"grupo":"banco","nome":"Banco de Alimentos","municipio":"Londrina","ibge6":"411370","endereco":"Av. Brasilia, 10000","bairro":"Gleba Ribeirão Lindóia","situacao":"EM FUNCIONAMENTO"}},{"type":"Feature","geometry":{"type":"Point","coordinates":[-51.99704,-23.469412]},"properties":{"grupo":"banco","nome":"Banco de Alimentos","municipio":"Maringá","ibge6":"411520","endereco":"Rod 317 Km 6,5, 6330","bairro":"Maringá","situacao":"EM FUNCIONAMENTO"}},{"type":"Feature","geometry":{"type":"Point","coordinates":[-50.151553,-25.095105]},"properties":{"grupo":"banco","nome":"Banco de Alimentos","municipio":"Ponta Grossa","ibge6":"411990","endereco":"Rua Joaquim Nabuco, 59","bairro":"Centro","situacao":"EM FUNCIONAMENTO"}}]}