{"type":"FeatureCollection","otimizacao":{"tolerancia":5e-05,"casas":5},"features":[{"type":"Feature","properties":{"name":"Estrada de Ferro Engenheiro Bley","operator":"Rumo S/A","usage":"main"},"geometry":{"type":"LineString","coordinates":[[-48.98292,-25.44688],[-48.98345,-25.44799],[-48.98432,-25.44844],[-48.98464,-25.44878],[-48.98474,-25.44922],[-48.98455,-25.45026],[-48.9847,-25.45062],[-48.98484,-25.45076],[-48.98585,-25.45123],[-48.9861,-25.45143],[-48.9862,-25.45178],[-48.98621,-25.45252],[-48.98677,-25.45344],[-48.98696,-25.45464],[-48.98781,-25.45565],[-48.98814,-25.45684],[-48.9883,-25.45708],[-48.98935,-25.45781],[-48.98962,-25.45811],[-48.98973,-25.45845],[-48.9897,-25.45935],[-48.98983,-25.4597],[-48.99198,-25.46262],[-48.99325,-25.46345],[-48.99364,-25.46383],[-48.99406,-25.46455],[-48.99457,-25.46666],[-48.99479,-25.46689],[-48.99606,-25.4675],[-48.99646,-25.46798],[-48.99671,-25.46863],[-48.99679,-25.46958],[-48.9971,-25.47029],[-48.9985,-25.47111],[-48.99945,-25.47256],[-49.0002,-25.47324],[-49.00133,-25.4745],[-49.00177,-25.47472],[-49.00245,-25.47474],[-49.00303,-25.47463],[-49.00395,-25.47396],[-49.00529,-25.4734],[-49.00572,-25.47336],[-49.0069,-25.47347],[-49.00741,-25.4734]]}},{"type":"Feature","properties":{"name":"Estrada de Ferro Engenheiro Bley","operator":"Rumo S/A","usage":"main"},"geometry":{"type":"LineString","coordinates":[[-49.11996,-25.44362],[-49.12025,-25.44356]]}},{"type":"Feature","properties":{"name":null,"operator":"Rumo S/A","usage":null},"geometry":{"type":"LineString","coordinates":[[-49.06741,-25.44027],[-49.06203,-25.43938],[-49.06136,-25.43938],[-49.06045,-25.43961],[-49.05984,-25.43994],[-49.0581,-25.44141]]}},{"type":"Feature","properties":{"name":null,"operator":"Rumo S/A","usage":null},"geometry":{"type":"LineString","coordinates":[[-49.0117,-25.47217],[-49.01249,-25.47201],[-49.01344,-25.47208],[-49.01821,-25.47361],[-49.01909,-25.47354],[-49.0205,-25.47299]]}},{"type":"Feature","properties":{"name":"Estrada de Ferro Engenheiro Bley","operator":"Rumo S/A","usage":"main"},"geometry":{"type":"LineString","coordinates":[[-49.00741,-25.4734],[-49.01166,-25.47218]]}},{"type":"Feature","properties":{"name":"Estrada de Ferro Engenheiro Bley","operator":"Rumo S/A","usage":"main"},"geometry":{"type":"LineString","coordinates":[[-49.01166,-25.47218],[-49.01237,-25.47204],[-49.01343,-25.47211],[-49.01632,-25.473],[-49.01784,-25.47357],[-49.01845,-25.47366],[-49.01922,-25.47354],[-49.02198,-25.47241],[-49.02262,-25.47233],[-49.02394,-25.4724],[-49.02438,-25.47231],[-49.02496,-25.4719],[-49.02551,-25.471],[-49.02586,-25.47063],[-49.02625,-25.47043],[-49.02789,-25.46995],[-49.02845,-25.46949],[-49.02863,-25.46906],[-49.02861,-25.46856],[-49.02814,-25.46743],[-49.02809,-25.46699],[-49.02828,-25.46645],[-49.02868,-25.46607],[-49.03031,-25.46516],[-49.03095,-25.46505],[-49.03173,-25.46529],[-49.0326,-25.46619],[-49.0329,-25.4664],[-49.03339,-25.46651],[-49.034,-25.46646],[-49.03458,-25.46626],[-49.03494,-25.46602],[-49.03657,-25.4643],[-49.03895,-25.46341],[-49.04087,-25.46178],[-49.04383,-25.45972],[-49.04487,-25.4585],[-49.04501,-25.45812],[-49.04505,-25.45769],[-49.04476,-25.45618],[-49.04483,-25.45532],[-49.04587,-25.45342],[-49.04623,-25.45257],[-49.04681,-25.45055],[-49.04677,-25.44946],[-49.04687,-25.44902],[-49.048,-25.44764],[-49.04817,-25.44725],[-49.04836,-25.4464],[-49.04862,-25.44597],[-49.04894,-25.44572],[-49.04944,-25.44554],[-49.05096,-25.44557],[-49.05152,-25.44547],[-49.05212,-25.44509],[-49.0528,-25.44426],[-49.0532,-25.44395],[-49.05372,-25.44377],[-49.05509,-25.44366],[-49.05574,-25.44341],[-49.05625,-25.44305],[-49.05968,-25.44002],[-49.06018,-25.43969],[-49.06073,-25.43947],[-49.06162,-25.43933],[-49.0625,-25.43941],[-49.0683,-25.44043],[-49.06971,-25.44082],[-49.07062,-25.44123],[-49.07165,-25.44186],[-49.07258,-25.44268],[-49.07406,-25.44427],[-49.07503,-25.44486],[-49.07574,-25.4451],[-49.07627,-25.44518],[-49.08131,-25.44538],[-49.08235,-25.44564],[-49.08298,-25.446],[-49.08614,-25.44887],[-49.08692,-25.44926],[-49.08746,-25.44936],[-49.09605,-25.44924],[-49.09654,-25.44915],[-49.09725,-25.44877],[-49.09758,-25.44838],[-49.09835,-25.44672],[-49.09869,-25.44623],[-49.09909,-25.44583],[-49.10009,-25.4452],[-49.10112,-25.44491],[-49.11178,-25.44364],[-49.11268,-25.44365],[-49.11613,-25.44422],[-49.11682,-25.44425],[-49.11748,-25.44417],[-49.11996,-25.44362]]}},{"type":"Feature","properties":{"name":null,"operator":"Rumo S/A","usage":null},"geometry":{"type":"LineString","coordinates":[[-49.10151,-25.44485],[-49.11122,-25.4437]]}},{"type":"Feature","properties":{"name":null,"operator":"Rumo S/A","usage":null},"geometry":{"type":"LineString","coordinates":[[-49.21293,-25.45162],[-49.21403,-25.45118],[-49.21492,-25.4507],[-49.21516,-25.45039],[-49.21541,-25.44977],[-49.21533,-25.44931],[-49.21466,-25.44846],[-49.21428,-25.44784],[-49.21421,-25.44753],[-49.21435,-25.44703]]}},{"type":"Feature","properties":{"name":null,"operator":"Rumo S/A","usage":null},"geometry":{"type":"LineString","coordinates":[[-49.21241,-25.45057],[-49.21317,-25.44868],[-49.21393,-25.44801],[-49.21435,-25.44703]]}},{"type":"Feature","properties":{"name":null,"operator":"Rumo S/A","usage":null},"geometry":{"type":"LineString","coordinates":[[-49.21516,-25.45039],[-49.2149,-25.45081],[-49.21362,-25.45145],[-49.21308,-25.45164],[-49.21254,-25.45146],[-49.21225,-25.45102],[-49.21223,-25.4507],[-49.21276,-25.44936],[-49.21317,-25.44868]]}},{"type":"Feature","properties":{"name":null,"operator":"Rumo S/A","usage":null},"geometry":{"type":"LineString","coordinates":[[-49.21397,-25.44916],[-49.21419,-25.4485],[-49.21413,-25.44758]]}},{"type":"Feature","properties":{"name":null,"operator":"Rumo S/A","usage":null},"geometry":{"type":"LineString","coordinates":[[-49.21435,-25.44928],[-49.21455,-25.44868],[-49.21449,-25.44829],[-49.21428,-25.44784]]}},{"type":"Feature","properties":{"name":null,"operator":"Rumo S/A","usage":null},"geometry":{"type":"LineString","coordinates":[[-49.21405,-25.44779],[-49.21376,-25.44859]]}},{"type":"Feature","properties":{"name":null,"operator":"Rumo S/A","usage":null},"geometry":{"type":"LineString","coordinates":[[-49.21495,-25.44947],[-49.21501,-25.44906],[-49.21489,-25.44875]]}},{"type":"Feature","properties":{"name":"Estrada de Ferro Engenheiro Bley","operator":"Rumo S/A","usage":"main"},"geometry":{"type":"LineString","coordinates":[[-49.19829,-25.44387],[-49.19936,-25.44413],[-49.19985,-25.44437]]}},{"type":"Feature","properties":{"name":"Estrada de Ferro Engenheiro Bley","operator":"Rumo S/A","usage":"main"},"geometry":{"type":"LineString","coordinates":[[-49.1989,-25.46163],[-49.20056,-25.45358]]}},{"type":"Feature","properties":{"name":"Estrada de Ferro Engenheiro Bley","operator":"Rumo S/A","usage":"main"},"geometry":{"type":"LineString","coordinates":[[-49.19887,-25.46179],[-49.1989,-25.46163]]}},{"type":"Feature","properties":{"name":null,"operator":"Rumo S/A","usage":"branch"},"geometry":{"type":"LineString","coordinates":[[-49.20168,-25.44824],[-49.20232,-25.44545],[-49.20272,-25.44468],[-49.20328,-25.44415]]}},{"type":"Feature","properties":{"name":"Estrada de Ferro Engenheiro Bley","operator":"Rumo S/A","usage":"main"},"geometry":{"type":"LineString","coordinates":[[-49.20056,-25.45358],[-49.20059,-25.45346]]}},{"type":"Feature","properties":{"name":"Estrada de Ferro Engenheiro Bley","operator":"Rumo S/A","usage":"main"},"geometry":{"type":"LineString","coordinates":[[-49.1902,-25.44618],[-49.19086,-25.44603],[-49.19698,-25.44394],[-49.19756,-25.44385],[-49.19829,-25.44387]]}},{"type":"Feature","properties":{"name":null,"operator":"Rumo S/A","usage":null},"geometry":{"type":"LineString","coordinates":[[-49.21597,-25.443],[-49.2163,-25.44264],[-49.21732,-25.44213]]}},{"type":"Feature","properties":{"name":"Estrada de Ferro Engenheiro Bley","operator":"Rumo S/A","usage":"main"},"geometry":{"type":"LineString","coordinates":[[-49.2003,-25.44465],[-49.20101,-25.44533],[-49.20152,-25.4462],[-49.20178,-25.44732],[-49.20168,-25.44824]]}},{"type":"Feature","properties":{"name":"Estrada de Ferro Engenheiro Bley","operator":"Rumo S/A","usage":"main"},"geometry":{"type":"LineString","coordinates":[[-49.19985,-25.44437],[-49.2003,-25.44465]]}},{"type":"Feature","properties":{"name":null,"operator":"Rumo S/A","usage":"branch"},"geometry":{"type":"LineString","coordinates":[[-49.20328,-25.44415],[-49.20349,-25.444]]}},{"type":"Feature","properties":{"name":null,"operator":"Rumo S/A","usage":"branch"},"geometry":{"type":"LineString","coordinates":[[-49.20349,-25.444],[-49.20423,-25.44361],[-49.20525,-25.44335]]}},{"type":"Feature","properties":{"name":null,"operator":null,"usage":null},"geometry":{"type":"LineString","coordinates":[[-49.23436,-25.53841],[-49.23444,-25.53905],[-49.23476,-25.53963],[-49.23636,-25.54082],[-49.23736,-25.54178]]}},{"type":"Feature","properties":{"name":null,"operator":null,"usage":null},"geometry":{"type":"LineString","coordinates":[[-49.23329,-25.53756],[-49.23361,-25.53743],[-49.23385,-25.53717],[-49.23398,-25.53676],[-49.23391,-25.53647]]}},{"type":"Feature","properties":{"name":null,"operator":"ALL","usage":null},"geometry":{"type":"LineString","coordinates":[[-49.23434,-25.53822],[-49.23426,-25.53794],[-49.23404,-25.53768],[-49.23372,-25.53754],[-49.23329,-25.53756]]}},{"type":"Feature","properties":{"name":null,"operator":null,"usage":null},"geometry":{"type":"LineString","coordinates":[[-49.23787,-25.54206],[-49.23647,-25.54131],[-49.23512,-25.54029]]}},{"type":"Feature","properties":{"name":null,"operator":null,"usage":null},"geometry":{"type":"LineString","coordinates":[[-49.23365,-25.53496],[-49.23692,-25.53969],[-49.23768,-25.54107],[-49.23831,-25.54199],[-49.24129,-25.5447],[-49.24216,-25.54534],[-49.24344,-25.54611]]}},{"type":"Feature","properties":{"name":null,"operator":"Rumo S/A","usage":"main"},"geometry":{"type":"LineString","coordinates":[[-49.24577,-25.54697],[-49.24424,-25.54649],[-49.24255,-25.54569],[-49.24121,-25.54475],[-49.23834,-25.54222],[-49.22953,-25.5295]]}},{"type":"Feature","properties":{"name":null,"operator":null,"usage":null},"geometry":{"type":"LineString","coordinates":[[-49.23315,-25.53542],[-49.23233,-25.53469],[-49.23192,-25.53413]]}},{"type":"Feature","properties":{"name":null,"operator":"ALL","usage":null},"geometry":{"type":"LineString","coordinates":[[-49.35193,-25.55137],[-49.35538,-25.55121],[-49.35657,-25.55125],[-49.35793,-25.55145],[-49.35968,-25.55202],[-49.36225,-25.55303],[-49.36322,-25.55357],[-49.36438,-25.55445]]}},{"type":"Feature","properties":{"name":null,"operator":"ALL","usage":null},"geometry":{"type":"LineString","coordinates":[[-49.3499,-25.55183],[-49.35432,-25.55129],[-49.35538,-25.55125],[-49.35755,-25.55141],[-49.35937,-25.55196]]}},{"type":"Feature","properties":{"name":null,"operator":"ALL","usage":null},"geometry":{"type":"LineString","coordinates":[[-49.3557,-25.55188],[-49.35252,-25.55194],[-49.35084,-25.55179]]}},{"type":"Feature","properties":{"name":null,"operator":"ALL","usage":null},"geometry":{"type":"LineString","coordinates":[[-49.35186,-25.55171],[-49.35553,-25.55157],[-49.35728,-25.55159]]}},{"type":"Feature","properties":{"name":null,"operator":"ALL","usage":null},"geometry":{"type":"LineString","coordinates":[[-49.35908,-25.55203],[-49.35675,-25.552],[-49.3557,-25.55188]]}},{"type":"Feature","properties":{"name":null,"operator":"ALL","usage":null},"geometry":{"type":"LineString","coordinates":[[-49.40823,-25.56014],[-49.4033,-25.56146],[-49.40297,-25.56158],[-49.40237,-25.56202],[-49.40161,-25.56225]]}},{"type":"Feature","properties":{"name":null,"operator":"ALL","usage":null},"geometry":{"type":"LineString","coordinates":[[-49.39738,-25.56356],[-49.39892,-25.56298],[-49.40161,-25.56225]]}},{"type":"Feature","properties":{"name":null,"operator":"Rumo S/A","usage":"main"},"geometry":{"type":"LineString","coordinates":[[-49.41369,-25.56125],[-49.41199,-25.56062]]}},{"type":"Feature","properties":{"name":null,"operator":"Rumo S/A","usage":"main"},"geometry":{"type":"LineString","coordinates":[[-49.39617,-25.56403],[-49.39421,-25.56452],[-49.39349,-25.5646],[-49.39265,-25.56457],[-49.37896,-25.56251],[-49.37761,-25.56224]]}},{"type":"Feature","properties":{"name":null,"operator":"ALL","usage":null},"geometry":{"type":"LineString","coordinates":[[-49.3962,-25.56416],[-49.39419,-25.56466],[-49.39303,-25.56471],[-49.37826,-25.56243],[-49.37677,-25.56207],[-49.37492,-25.56135],[-49.3685,-25.55794],[-49.36671,-25.55667],[-49.36478,-25.55484]]}},{"type":"Feature","properties":{"name":null,"operator":"ALL","usage":null},"geometry":{"type":"LineString","coordinates":[[-49.40488,-25.56221],[-49.39876,-25.56383]]}},{"type":"Feature","properties":{"name":"Ramal de Rio Branco do Sul","operator":"Rumo S/A","usage":"branch"},"geometry":{"type":"LineString","coordinates":[[-49.26319,-25.36275],[-49.2623,-25.36334],[-49.26181,-25.36397],[-49.2608,-25.36444],[-49.26055,-25.36471],[-49.26047,-25.365],[-49.26051,-25.36653],[-49.26074,-25.36734],[-49.26098,-25.36769],[-49.26164,-25.36819],[-49.2618,-25.36849],[-49.26182,-25.36888],[-49.26145,-25.36985],[-49.26153,-25.37026],[-49.26202,-25.37084],[-49.26305,-25.37148],[-49.26358,-25.3724],[-49.26433,-25.37301],[-49.26448,-25.37324],[-49.26453,-25.37351],[-49.26443,-25.37396],[-49.26299,-25.37557],[-49.26281,-25.37601],[-49.26284,-25.37653],[-49.26316,-25.37724],[-49.2632,-25.3776],[-49.26272,-25.37873],[-49.26257,-25.37983],[-49.26211,-25.38043],[-49.2619,-25.38092],[-49.26193,-25.38142],[-49.26228,-25.38244],[-49.26214,-25.38317],[-49.26137,-25.38497],[-49.26097,-25.38552],[-49.26034,-25.38613],[-49.26002,-25.38668],[-49.25996,-25.38707],[-49.26001,-25.38766],[-49.26054,-25.38884],[-49.26053,-25.38939],[-49.2603,-25.38974],[-49.26006,-25.38993],[-49.25871,-25.3902],[-49.2585,-25.39029],[-49.25815,-25.39067],[-49.258,-25.39121],[-49.25808,-25.39232],[-49.25808,-25.39335],[-49.25801,-25.39374],[-49.25789,-25.39397],[-49.25765,-25.39416],[-49.25602,-25.39493],[-49.25549,-25.39535],[-49.25524,-25.39593],[-49.25529,-25.39674],[-49.25524,-25.39707],[-49.25495,-25.39749],[-49.2541,-25.39828],[-49.25272,-25.39904],[-49.25241,-25.39913],[-49.25077,-25.39925],[-49.25029,-25.39945]]}},{"type":"Feature","properties":{"name":"Ramal de Rio Branco do Sul","operator":"Rumo S/A","usage":"branch"},"geometry":{"type":"LineString","coordinates":[[-49.26739,-25.34349],[-49.26711,-25.3438]]}},{"type":"Feature","properties":{"name":"Ramal de Rio Branco do Sul","operator":"Rumo S/A","usage":"branch"},"geometry":{"type":"LineString","coordinates":[[-49.31989,-25.19409],[-49.31981,-25.19437],[-49.31993,-25.19484],[-49.32025,-25.19522],[-49.32058,-25.19537],[-49.32097,-25.1954],[-49.32132,-25.1953],[-49.3216,-25.19508],[-49.32188,-25.19461]]}},{"type":"Feature","properties":{"name":"Estrada de Ferro Engenheiro Bley","operator":"Rumo S/A","usage":"main"},"geometry":{"type":"LineString","coordinates":[[-49.16889,-25.43882],[-49.1686,-25.43878]]}},{"type":"Feature","properties":{"name":"Estrada de Ferro Engenheiro Bley","operator":"Rumo S/A","usage":"main"},"geometry":{"type":"LineString","coordinates":[[-49.1686,-25.43878],[-49.16173,-25.43801]]}},{"type":"Feature","properties":{"name":"Estrada de Ferro São Paulo-Paraná","operator":"Rumo S/A","usage":"main"},"geometry":{"type":"LineString","coordinates":[[-51.34814,-23.29914],[-51.34777,-23.29883],[-51.34711,-23.29852],[-51.34648,-23.2984],[-51.34584,-23.29844],[-51.34503,-23.2987],[-51.34206,-23.30021],[-51.34147,-23.30032],[-51.34093,-23.30026],[-51.34025,-23.29995],[-51.33997,-23.29971],[-51.33844,-23.29715],[-51.33799,-23.29681],[-51.33718,-23.29658],[-51.33651,-23.29663],[-51.33615,-23.29676],[-51.3338,-23.29807],[-51.33344,-23.29816],[-51.33237,-23.29815],[-51.33149,-23.29788],[-51.33086,-23.2975],[-51.33057,-23.29721],[-51.33033,-23.29685],[-51.32974,-23.29547],[-51.32952,-23.29515],[-51.32906,-23.29478],[-51.32849,-23.29457],[-51.32471,-23.29373],[-51.32383,-23.29322],[-51.32298,-23.29259],[-51.32211,-23.29232],[-51.32068,-23.29231],[-51.31989,-23.29213],[-51.3192,-23.29166],[-51.31803,-23.29024],[-51.31767,-23.28969],[-51.31744,-23.28914],[-51.31746,-23.2884],[-51.31776,-23.28773],[-51.31881,-23.28627],[-51.31885,-23.28535],[-51.31859,-23.28459],[-51.31739,-23.28351],[-51.31708,-23.28333],[-51.31665,-23.28321],[-51.31584,-23.28319],[-51.31403,-23.28382],[-51.31194,-23.284],[-51.30947,-23.28464],[-51.3077,-23.28501],[-51.30644,-23.28506],[-51.30584,-23.285],[-51.30531,-23.28492],[-51.30478,-23.28471],[-51.30438,-23.28441],[-51.30324,-23.28294],[-51.30193,-23.28194],[-51.30135,-23.2812],[-51.30106,-23.28034],[-51.30113,-23.27824],[-51.30082,-23.27739],[-51.30029,-23.27697],[-51.29958,-23.2767],[-51.29792,-23.27658],[-51.29697,-23.27621],[-51.29615,-23.27551],[-51.29511,-23.27339],[-51.29482,-23.27307],[-51.29374,-23.27254],[-51.29307,-23.27251],[-51.2923,-23.27264],[-51.29152,-23.2729],[-51.28797,-23.27488],[-51.28372,-23.27639],[-51.28277,-23.27661],[-51.28135,-23.2766],[-51.27434,-23.27531],[-51.27372,-23.27532],[-51.27303,-23.27551],[-51.27235,-23.27596],[-51.27142,-23.27627],[-51.27022,-23.27643],[-51.26948,-23.27666],[-51.26834,-23.27744],[-51.26715,-23.27841],[-51.26682,-23.27861],[-51.26608,-23.2788],[-51.26517,-23.27874],[-51.26443,-23.2784],[-51.264,-23.27792],[-51.26338,-23.2769],[-51.26295,-23.27654],[-51.26219,-23.27623],[-51.26154,-23.27621],[-51.26107,-23.27631],[-51.25996,-23.27677],[-51.2591,-23.27682],[-51.25849,-23.27668],[-51.2578,-23.27633],[-51.2571,-23.27614],[-51.25627,-23.2762],[-51.25558,-23.27658],[-51.25522,-23.27707],[-51.25501,-23.27767],[-51.2549,-23.27842],[-51.25463,-23.27908],[-51.2541,-23.27968],[-51.2532,-23.28021],[-51.25176,-23.28076],[-51.25132,-23.28081],[-51.25041,-23.28067],[-51.24719,-23.27971],[-51.24158,-23.27913],[-51.23995,-23.27913],[-51.23629,-23.27991]]}},{"type":"Feature","properties":{"name":null,"operator":"Rumo S/A","usage":"main"},"geometry":{"type":"LineString","coordinates":[[-49.33254,-25.55433],[-49.33064,-25.55469],[-49.32933,-25.5548],[-49.3235,-25.55456],[-49.32234,-25.55464],[-49.32101,-25.55487],[-49.31992,-25.55517],[-49.31901,-25.55553],[-49.31715,-25.55654],[-49.31199,-25.56052],[-49.31074,-25.56114],[-49.30852,-25.56191]]}},{"type":"Feature","properties":{"name":null,"operator":"Rumo S/A","usage":"main"},"geometry":{"type":"LineString","coordinates":[[-49.333,-25.5542],[-49.33254,-25.55433]]}},{"type":"Feature","properties":{"name":null,"operator":"Rumo S/A","usage":"main"},"geometry":{"type":"LineString","coordinates":[[-49.33644,-25.55326],[-49.33583,-25.55342]]}},{"type":"Feature","properties":{"name":null,"operator":"Rumo S/A","usage":"main"},"geometry":{"type":"LineString","coordinates":[[-49.33583,-25.55342],[-49.333,-25.5542]]}},{"type":"Feature","properties":{"name":"Ramal de Curitiba","operator":"Rumo S/A","usage":"branch"},"geometry":{"type":"LineString","coordinates":[[-49.23373,-25.44199],[-49.23064,-25.44195],[-49.22967,-25.44172],[-49.22914,-25.44141],[-49.22673,-25.4393],[-49.22592,-25.43894],[-49.22526,-25.43886],[-49.22461,-25.43893],[-49.22408,-25.43912],[-49.21532,-25.44303],[-49.2139,-25.44344],[-49.21055,-25.4439],[-49.20931,-25.44399],[-49.20866,-25.44391],[-49.20642,-25.44331],[-49.20331,-25.44346],[-49.20072,-25.44331]]}},{"type":"Feature","properties":{"name":"Ramal de Rio Branco do Sul","operator":"Rumo S/A","usage":"branch"},"geometry":{"type":"LineString","coordinates":[[-49.29158,-25.28424],[-49.29114,-25.28469],[-49.28981,-25.2856],[-49.28954,-25.28597],[-49.28946,-25.28651],[-49.2896,-25.28685],[-49.29011,-25.28717],[-49.29113,-25.28709],[-49.2915,-25.28717],[-49.29185,-25.28735],[-49.29214,-25.28782],[-49.29207,-25.28838],[-49.29168,-25.28876],[-49.29032,-25.28895],[-49.28853,-25.28981],[-49.28798,-25.29029],[-49.28784,-25.29064],[-49.28784,-25.29095],[-49.28811,-25.2914],[-49.28988,-25.29228],[-49.29043,-25.29304],[-49.2915,-25.29379],[-49.2918,-25.2941],[-49.29196,-25.29451],[-49.29195,-25.29467],[-49.29156,-25.29555],[-49.29154,-25.296],[-49.29279,-25.29784],[-49.29307,-25.29798],[-49.29341,-25.29802],[-49.2943,-25.29785],[-49.29466,-25.29786],[-49.29596,-25.29839],[-49.29623,-25.29858],[-49.29646,-25.2989],[-49.29659,-25.2994],[-49.29662,-25.3004],[-49.29533,-25.30292],[-49.2953,-25.30328],[-49.29545,-25.30383],[-49.29544,-25.30421],[-49.29494,-25.30524],[-49.29489,-25.30551]]}},{"type":"Feature","properties":{"name":"Estrada de Ferro Engenheiro Bley","operator":"Rumo S/A","usage":"main"},"geometry":{"type":"LineString","coordinates":[[-48.97346,-25.42495],[-48.97323,-25.42537],[-48.9725,-25.426],[-48.97232,-25.42643],[-48.97237,-25.42691],[-48.97304,-25.42876],[-48.97306,-25.42916],[-48.97285,-25.43058],[-48.97319,-25.43154],[-48.97311,-25.43202],[-48.97294,-25.4323],[-48.9721,-25.43292],[-48.97184,-25.43333],[-48.97172,-25.43445],[-48.97186,-25.43506],[-48.97255,-25.43612],[-48.97292,-25.43642],[-48.97339,-25.43651],[-48.97439,-25.43644],[-48.97541,-25.43701],[-48.97608,-25.43705],[-48.97711,-25.43697],[-48.97749,-25.43707],[-48.97778,-25.43728],[-48.97801,-25.4376],[-48.97951,-25.44083],[-48.97993,-25.44198],[-48.98014,-25.44229],[-48.98079,-25.4429],[-48.98087,-25.44322],[-48.98073,-25.44403],[-48.98079,-25.44439],[-48.98107,-25.44475],[-48.9819,-25.44511],[-48.98219,-25.44534],[-48.98285,-25.44671]]}},{"type":"Feature","properties":{"name":"Estrada de Ferro Engenheiro Bley","operator":"Rumo S/A","usage":"main"},"geometry":{"type":"LineString","coordinates":[[-48.97364,-25.42451],[-48.97408,-25.42418],[-48.97429,-25.4239],[-48.97436,-25.4236],[-48.97433,-25.42325],[-48.9741,-25.42285],[-48.97305,-25.42214],[-48.97286,-25.42184],[-48.97256,-25.42095],[-48.97259,-25.42061],[-48.97281,-25.42],[-48.97282,-25.41964],[-48.97248,-25.41895],[-48.97243,-25.4186],[-48.97249,-25.41829],[-48.97262,-25.41809],[-48.97345,-25.41754],[-48.97372,-25.41714],[-48.97382,-25.41669],[-48.97374,-25.41638],[-48.97358,-25.41614],[-48.97321,-25.4159],[-48.97286,-25.41583],[-48.97244,-25.41589],[-48.97197,-25.4161],[-48.97106,-25.4169],[-48.96914,-25.41804],[-48.96889,-25.41837],[-48.96855,-25.41934],[-48.96838,-25.42046],[-48.96825,-25.42083],[-48.96805,-25.42104],[-48.96726,-25.42136],[-48.96696,-25.42157],[-48.96587,-25.42284],[-48.96556,-25.42308],[-48.96364,-25.42393],[-48.96317,-25.42404],[-48.96261,-25.42387],[-48.96182,-25.42305],[-48.96127,-25.42284],[-48.9609,-25.42287],[-48.95986,-25.42319],[-48.95838,-25.42321],[-48.95807,-25.42332],[-48.95779,-25.42355]]}},{"type":"Feature","properties":{"name":"Estrada de Ferro Engenheiro Bley","operator":"Rumo S/A","usage":"main"},"geometry":{"type":"LineString","coordinates":[[-48.90383,-25.44192],[-48.90356,-25.44165],[-48.90343,-25.44127],[-48.90352,-25.44086],[-48.90376,-25.44055],[-48.90404,-25.44038],[-48.90435,-25.44032],[-48.90544,-25.44041],[-48.90605,-25.44025],[-48.90637,-25.43993],[-48.90706,-25.43884],[-48.90799,-25.43816],[-48.90924,-25.4378],[-48.90966,-25.43756],[-48.9109,-25.436],[-48.91321,-25.43412],[-48.91367,-25.434],[-48.91401,-25.43401],[-48.91622,-25.43453],[-48.91673,-25.43454],[-48.91698,-25.43445],[-48.91726,-25.4342],[-48.91738,-25.43389],[-48.91737,-25.43355],[-48.91708,-25.43312],[-48.9166,-25.43295],[-48.91623,-25.433],[-48.9158,-25.43324],[-48.91524,-25.4334],[-48.91395,-25.43337],[-48.91334,-25.43323],[-48.91289,-25.43284],[-48.91279,-25.43258],[-48.91275,-25.43188],[-48.91265,-25.43155],[-48.91238,-25.43111],[-48.91205,-25.43084],[-48.91091,-25.43065],[-48.91054,-25.4305],[-48.90986,-25.42989],[-48.90953,-25.42933],[-48.90918,-25.42908],[-48.90868,-25.42899],[-48.90792,-25.42902],[-48.90667,-25.42874],[-48.90615,-25.42872],[-48.90577,-25.42888],[-48.90547,-25.42929],[-48.90552,-25.43022],[-48.90528,-25.43095],[-48.90524,-25.43135],[-48.90559,-25.43256],[-48.90524,-25.43342],[-48.90507,-25.43422],[-48.90486,-25.43449],[-48.90299,-25.43558],[-48.90279,-25.43592],[-48.90277,-25.43639]]}},{"type":"Feature","properties":{"name":"Tronco Principal Sul","operator":"Rumo S/A","usage":"main"},"geometry":{"type":"LineString","coordinates":[[-50.39651,-26.66993],[-50.39321,-26.68201],[-50.39314,-26.68247],[-50.39324,-26.68319]]}},{"type":"Feature","properties":{"name":"Tronco Principal Sul","operator":"Rumo S/A","usage":"main"},"geometry":{"type":"LineString","coordinates":[[-50.39244,-26.69878],[-50.39328,-26.6984],[-50.39428,-26.69823],[-50.39487,-26.69823],[-50.3954,-26.69833],[-50.39623,-26.69871],[-50.39971,-26.70221],[-50.40103,-26.70371],[-50.40173,-26.70478],[-50.40382,-26.70929],[-50.40392,-26.70995],[-50.40386,-26.71057],[-50.40338,-26.71159],[-50.40287,-26.71209],[-50.40241,-26.71236],[-50.40141,-26.71272],[-50.40077,-26.71278],[-50.39933,-26.71272]]}},{"type":"Feature","properties":{"name":"Tronco Principal Sul","operator":"Rumo S/A","usage":"main"},"geometry":{"type":"LineString","coordinates":[[-50.39244,-26.69878],[-50.39202,-26.69919],[-50.39178,-26.69993],[-50.39163,-26.70083],[-50.39102,-26.70222],[-50.39072,-26.70268]]}},{"type":"Feature","properties":{"name":"Tronco Principal Sul","operator":"Rumo S/A","usage":"main"},"geometry":{"type":"LineString","coordinates":[[-50.40574,-26.69364],[-50.40499,-26.69356],[-50.40445,-26.69341],[-50.40172,-26.69219],[-50.4006,-26.69207],[-50.39935,-26.69238],[-50.39774,-26.69354],[-50.39681,-26.69399],[-50.39591,-26.69412],[-50.39503,-26.69401],[-50.39407,-26.69357],[-50.39339,-26.69297],[-50.39306,-26.69245],[-50.39229,-26.69083],[-50.39157,-26.69023],[-50.39116,-26.69001]]}},{"type":"Feature","properties":{"name":"Tronco Principal Sul","operator":"Rumo S/A","usage":"main"},"geometry":{"type":"LineString","coordinates":[[-50.41508,-26.69196],[-50.41481,-26.69235],[-50.41438,-26.69263],[-50.41383,-26.69291],[-50.41321,-26.69307],[-50.40651,-26.69365],[-50.40574,-26.69364]]}},{"type":"Feature","properties":{"name":"Tronco Principal Sul","operator":"Rumo S/A","usage":"main"},"geometry":{"type":"LineString","coordinates":[[-50.23936,-26.49434],[-50.23912,-26.49368],[-50.23895,-26.4927],[-50.23841,-26.48741],[-50.23834,-26.48602],[-50.23895,-26.47709],[-50.23893,-26.47593],[-50.23861,-26.47513],[-50.23668,-26.47258],[-50.23615,-26.47154],[-50.23589,-26.4704],[-50.23607,-26.46461],[-50.23602,-26.46419],[-50.23585,-26.46366],[-50.23535,-26.46285],[-50.23471,-26.46231]]}},{"type":"Feature","properties":{"name":"Tronco Principal Sul","operator":"Rumo S/A","usage":"main"},"geometry":{"type":"LineString","coordinates":[[-49.96787,-26.37577],[-49.96365,-26.37482],[-49.96226,-26.37481],[-49.96169,-26.37494],[-49.96077,-26.37548],[-49.96041,-26.3758],[-49.95939,-26.37714],[-49.95885,-26.37764],[-49.95838,-26.37799],[-49.95777,-26.37818],[-49.95705,-26.37825],[-49.95632,-26.3782],[-49.95201,-26.37746],[-49.95084,-26.37742],[-49.95014,-26.37752],[-49.94872,-26.37803],[-49.94726,-26.37893],[-49.94662,-26.37923],[-49.94528,-26.37957],[-49.94456,-26.37962],[-49.94376,-26.37956],[-49.94039,-26.37852],[-49.93915,-26.3784],[-49.93854,-26.37844],[-49.93709,-26.37883],[-49.93269,-26.38085],[-49.93182,-26.38122],[-49.93128,-26.38133],[-49.93069,-26.38132],[-49.93013,-26.38121],[-49.92918,-26.38078],[-49.92831,-26.37996],[-49.92702,-26.37792],[-49.92675,-26.37762],[-49.92602,-26.37719],[-49.92517,-26.37691],[-49.92419,-26.37692],[-49.91538,-26.37799],[-49.91483,-26.37802],[-49.91379,-26.37783]]}},{"type":"Feature","properties":{"name":"Tronco Principal Sul","operator":"Rumo S/A","usage":"main"},"geometry":{"type":"LineString","coordinates":[[-49.81014,-25.55083],[-49.8059,-25.55286]]}},{"type":"Feature","properties":{"name":"Tronco Principal Sul","operator":"Rumo S/A","usage":"main"},"geometry":{"type":"LineString","coordinates":[[-50.39116,-26.69001],[-50.3906,-26.68979],[-50.38993,-26.68968],[-50.385,-26.68997],[-50.38238,-26.6898],[-50.38168,-26.68982],[-50.38096,-26.69],[-50.37798,-26.69118],[-50.37618,-26.69242],[-50.37573,-26.69284],[-50.37517,-26.69366],[-50.37475,-26.69513],[-50.37457,-26.69557],[-50.37427,-26.696],[-50.37375,-26.69649],[-50.37239,-26.6974],[-50.37171,-26.69796],[-50.37133,-26.69863],[-50.37068,-26.70029],[-50.37051,-26.701],[-50.37058,-26.7018],[-50.37097,-26.70269],[-50.37162,-26.70336],[-50.37264,-26.70421],[-50.37602,-26.70632],[-50.37666,-26.70659],[-50.37725,-26.70673],[-50.37869,-26.7069],[-50.38391,-26.7071],[-50.38479,-26.70704],[-50.38566,-26.70683],[-50.38662,-26.70644],[-50.38712,-26.70614],[-50.39048,-26.70304],[-50.39072,-26.70268]]}},{"type":"Feature","properties":{"name":"Tronco Principal Sul","operator":"Rumo S/A","usage":"main"},"geometry":{"type":"LineString","coordinates":[[-50.35431,-26.77193],[-50.35496,-26.77357],[-50.35507,-26.77408],[-50.35503,-26.7752],[-50.35479,-26.77586],[-50.34956,-26.78346],[-50.34902,-26.78448],[-50.34869,-26.78531],[-50.34849,-26.7862],[-50.34843,-26.78728],[-50.34857,-26.78857],[-50.34873,-26.78928],[-50.35107,-26.79375],[-50.35136,-26.79482],[-50.35136,-26.79541],[-50.35119,-26.79595],[-50.35092,-26.79641],[-50.34996,-26.79728],[-50.34865,-26.79765],[-50.34751,-26.79761],[-50.34286,-26.79717],[-50.34194,-26.79727],[-50.34117,-26.79754],[-50.33861,-26.79936],[-50.33789,-26.80001],[-50.3372,-26.80103],[-50.33601,-26.80351],[-50.3357,-26.80398],[-50.33487,-26.80459],[-50.33314,-26.80549],[-50.33248,-26.8062],[-50.33227,-26.80661],[-50.33206,-26.8074],[-50.33211,-26.80817],[-50.33223,-26.80856],[-50.33314,-26.81021],[-50.33333,-26.81127],[-50.33305,-26.81235],[-50.33196,-26.81422],[-50.33178,-26.81487],[-50.33176,-26.8153],[-50.33182,-26.8157],[-50.33212,-26.81647],[-50.33301,-26.81775],[-50.33329,-26.81852],[-50.33332,-26.81924],[-50.33312,-26.82203],[-50.33282,-26.82285],[-50.33241,-26.82343],[-50.3274,-26.82856],[-50.32683,-26.82894],[-50.3262,-26.82918],[-50.32581,-26.82928],[-50.32506,-26.8293],[-50.32427,-26.82915],[-50.31747,-26.82678],[-50.31663,-26.82662],[-50.31561,-26.82654],[-50.3113,-26.82689],[-50.31058,-26.82717],[-50.30869,-26.82825],[-50.3078,-26.82837],[-50.30236,-26.82872],[-50.3019,-26.82868],[-50.30092,-26.82842],[-50.29732,-26.82618],[-50.29594,-26.82467],[-50.29511,-26.82403],[-50.29392,-26.82343],[-50.2935,-26.8233],[-50.29265,-26.82324],[-50.29181,-26.82341],[-50.29099,-26.82377],[-50.29062,-26.82405],[-50.28999,-26.82489],[-50.28977,-26.82555],[-50.28942,-26.82865],[-50.28898,-26.82949],[-50.28825,-26.83022],[-50.28387,-26.8335],[-50.28348,-26.83402],[-50.28332,-26.8343],[-50.28312,-26.835],[-50.28307,-26.83536],[-50.28314,-26.83596],[-50.28341,-26.83661],[-50.28644,-26.84236],[-50.28675,-26.84313],[-50.28693,-26.84384],[-50.28698,-26.84476],[-50.28688,-26.84566],[-50.28674,-26.84612],[-50.28623,-26.84716],[-50.28363,-26.85135],[-50.28293,-26.8523],[-50.2753,-26.85851],[-50.27431,-26.8595],[-50.27358,-26.86065],[-50.27045,-26.86689],[-50.2703,-26.86741],[-50.27029,-26.86817],[-50.27037,-26.8685],[-50.27063,-26.86914],[-50.27089,-26.86948],[-50.27135,-26.86995],[-50.27289,-26.87098],[-50.27376,-26.87166],[-50.27489,-26.8728],[-50.2783,-26.87758],[-50.27864,-26.87834],[-50.2787,-26.87874],[-50.27907,-26.88303],[-50.27904,-26.88385],[-50.27882,-26.88451],[-50.27824,-26.88527],[-50.27772,-26.88568],[-50.2774,-26.88587],[-50.27654,-26.88612],[-50.27422,-26.88604],[-50.27323,-26.88619],[-50.27221,-26.8867],[-50.27173,-26.88718],[-50.27135,-26.88785],[-50.27115,-26.88884],[-50.27137,-26.88978],[-50.27152,-26.89011],[-50.27211,-26.8908],[-50.27334,-26.89173],[-50.27374,-26.8922],[-50.27403,-26.89274],[-50.27419,-26.89334],[-50.2741,-26.89434],[-50.27261,-26.89776],[-50.27225,-26.89877],[-50.27206,-26.90009],[-50.27214,-26.90162]]}},{"type":"Feature","properties":{"name":"Tronco Principal Sul","operator":"Rumo S/A","usage":"main"},"geometry":{"type":"LineString","coordinates":[[-50.39933,-26.71272],[-50.39823,-26.71286],[-50.39728,-26.7133]]}},{"type":"Feature","properties":{"name":"Tronco Principal Sul","operator":"Rumo S/A","usage":"main"},"geometry":{"type":"LineString","coordinates":[[-50.39821,-26.66337],[-50.39703,-26.664]]}},{"type":"Feature","properties":{"name":"Tronco Principal Sul","operator":"Rumo S/A","usage":"main"},"geometry":{"type":"LineString","coordinates":[[-50.39703,-26.664],[-50.39651,-26.66451],[-50.39626,-26.66493],[-50.39594,-26.66564],[-50.3959,-26.66599],[-50.39597,-26.66678],[-50.39662,-26.66899],[-50.39664,-26.66941],[-50.39651,-26.66993]]}},{"type":"Feature","properties":{"name":"Tronco Principal Sul","operator":"Rumo S/A","usage":"main"},"geometry":{"type":"LineString","coordinates":[[-50.39324,-26.68319],[-50.39343,-26.68348],[-50.39404,-26.68403],[-50.39474,-26.68442],[-50.39679,-26.68518],[-50.39776,-26.68544],[-50.3986,-26.68542],[-50.39968,-26.68512],[-50.40017,-26.68477],[-50.40087,-26.68406],[-50.40182,-26.68259],[-50.40262,-26.68157],[-50.40386,-26.68048],[-50.4046,-26.6801],[-50.40583,-26.67985],[-50.4068,-26.67996],[-50.40769,-26.68032]]}},{"type":"Feature","properties":{"name":"Tronco Principal Sul","operator":"Rumo S/A","usage":"main"},"geometry":{"type":"LineString","coordinates":[[-50.39821,-26.66337],[-50.39905,-26.66267],[-50.39946,-26.66209],[-50.39967,-26.66156],[-50.39973,-26.66103],[-50.39967,-26.66036],[-50.39944,-26.65974],[-50.39901,-26.65914],[-50.39859,-26.65879],[-50.39662,-26.65762],[-50.39426,-26.6565],[-50.39254,-26.65516],[-50.39204,-26.65465],[-50.39115,-26.65334],[-50.39088,-26.65308],[-50.39016,-26.6526],[-50.38936,-26.65233]]}},{"type":"Feature","properties":{"name":"Ramal de São Francisco","operator":"Rumo S/A","usage":"main"},"geometry":{"type":"LineString","coordinates":[[-48.75149,-26.38522],[-48.75069,-26.38516],[-48.75016,-26.38526],[-48.74956,-26.38555],[-48.74608,-26.38916],[-48.74546,-26.38949],[-48.7451,-26.38958],[-48.7444,-26.38959],[-48.73568,-26.38751],[-48.73512,-26.38727],[-48.73148,-26.38487],[-48.73082,-26.38461],[-48.72825,-26.38391],[-48.72761,-26.38367],[-48.72728,-26.38342],[-48.72677,-26.38285]]}},{"type":"Feature","properties":{"name":"Ramal de São Francisco","operator":"Rumo S/A","usage":"main"},"geometry":{"type":"LineString","coordinates":[[-48.75238,-26.3854],[-48.75149,-26.38522]]}},{"type":"Feature","properties":{"name":"Estrada de Ferro Engenheiro Bley","operator":"Rumo S/A","usage":"main"},"geometry":{"type":"LineString","coordinates":[[-48.94199,-25.42621],[-48.94173,-25.42609],[-48.94123,-25.42566],[-48.94039,-25.42539],[-48.93955,-25.42477],[-48.93807,-25.4244],[-48.93742,-25.42375],[-48.93644,-25.42317],[-48.93608,-25.42316],[-48.93493,-25.42356]]}},{"type":"Feature","properties":{"name":null,"operator":"Rumo S/A","usage":null},"geometry":{"type":"LineString","coordinates":[[-48.97823,-25.43799],[-48.97852,-25.43844],[-48.97925,-25.43882],[-48.97969,-25.43887],[-48.98024,-25.43864]]}},{"type":"Feature","properties":{"name":"Estrada de Ferro Engenheiro Bley","operator":"Rumo S/A","usage":"main"},"geometry":{"type":"LineString","coordinates":[[-48.93616,-25.44306],[-48.93597,-25.44335],[-48.93577,-25.4435],[-48.93525,-25.4436],[-48.9342,-25.4433],[-48.93294,-25.44318],[-48.93253,-25.44296],[-48.93212,-25.44221],[-48.9315,-25.44176],[-48.93136,-25.44154]]}},{"type":"Feature","properties":{"name":"Estrada de Ferro Engenheiro Bley","operator":"Rumo S/A","usage":"main"},"geometry":{"type":"LineString","coordinates":[[-48.92118,-25.43546],[-48.92073,-25.43546]]}},{"type":"Feature","properties":{"name":"Estrada de Ferro Engenheiro Bley","operator":"Rumo S/A","usage":"main"},"geometry":{"type":"LineString","coordinates":[[-48.92073,-25.43546],[-48.92042,-25.43555],[-48.92023,-25.4357]]}},{"type":"Feature","properties":{"name":"Estrada de Ferro Engenheiro Bley","operator":"Rumo S/A","usage":"main"},"geometry":{"type":"LineString","coordinates":[[-48.92192,-25.43623],[-48.92171,-25.43574],[-48.92148,-25.43555],[-48.92118,-25.43546]]}},{"type":"Feature","properties":{"name":"Estrada de Ferro Engenheiro Bley","operator":"Rumo S/A","usage":"main"},"geometry":{"type":"LineString","coordinates":[[-48.89732,-25.44225],[-48.89765,-25.44289],[-48.89774,-25.44336]]}},{"type":"Feature","properties":{"name":"Estrada de Ferro Engenheiro Bley","operator":"Rumo S/A","usage":"main"},"geometry":{"type":"LineString","coordinates":[[-48.88482,-25.46351],[-48.88422,-25.46561],[-48.88359,-25.46738],[-48.8818,-25.47033],[-48.88174,-25.47093],[-48.8821,-25.47244],[-48.88214,-25.47326],[-48.88105,-25.47584],[-48.88069,-25.47629],[-48.88002,-25.47655],[-48.87961,-25.47651],[-48.87842,-25.47604],[-48.87797,-25.47601],[-48.87761,-25.47611],[-48.87737,-25.47624],[-48.87706,-25.4766],[-48.87672,-25.47771],[-48.87627,-25.47804],[-48.87595,-25.4781],[-48.8755,-25.47802],[-48.87525,-25.47787],[-48.87495,-25.47752],[-48.87492,-25.47692],[-48.87534,-25.47553],[-48.87532,-25.4752],[-48.87521,-25.47495],[-48.87478,-25.47456],[-48.87376,-25.4742],[-48.87343,-25.47395],[-48.87319,-25.47354],[-48.87323,-25.4728],[-48.87315,-25.47253],[-48.87275,-25.47216],[-48.87233,-25.47207],[-48.8718,-25.47223],[-48.87091,-25.47313],[-48.87079,-25.47338],[-48.87069,-25.47438],[-48.87058,-25.47473],[-48.87032,-25.47512],[-48.86874,-25.47649],[-48.86846,-25.47715],[-48.86832,-25.47817],[-48.86805,-25.47872],[-48.86778,-25.47896],[-48.86737,-25.47915],[-48.86145,-25.48038],[-48.86074,-25.48029],[-48.86008,-25.47995],[-48.85964,-25.47983],[-48.85762,-25.47995],[-48.85716,-25.47993],[-48.8568,-25.47981],[-48.85645,-25.47961],[-48.85479,-25.47777],[-48.85422,-25.47758],[-48.85339,-25.47747],[-48.85304,-25.47734],[-48.8526,-25.47703],[-48.8522,-25.47637],[-48.85187,-25.47558],[-48.85142,-25.47495],[-48.85089,-25.4746],[-48.84987,-25.4743],[-48.84928,-25.4743],[-48.84873,-25.47444],[-48.84695,-25.47541],[-48.8459,-25.47573],[-48.83842,-25.47653],[-48.83717,-25.47673],[-48.83622,-25.47712],[-48.8352,-25.478]]}},{"type":"Feature","properties":{"name":"Estrada de Ferro Engenheiro Bley","operator":"Rumo S/A","usage":"main"},"geometry":{"type":"LineString","coordinates":[[-48.97346,-25.42495],[-48.97364,-25.42451]]}},{"type":"Feature","properties":{"name":"Estrada de Ferro Engenheiro Bley","operator":"Rumo S/A","usage":"main"},"geometry":{"type":"LineString","coordinates":[[-48.9426,-25.42636],[-48.94199,-25.42621]]}},{"type":"Feature","properties":{"name":null,"operator":"Rumo S/A","usage":null},"geometry":{"type":"LineString","coordinates":[[-48.97944,-25.4406],[-48.97923,-25.4399],[-48.97935,-25.43954],[-48.98104,-25.43788]]}},{"type":"Feature","properties":{"name":"Estrada de Ferro Engenheiro Bley","operator":"Rumo S/A","usage":"main"},"geometry":{"type":"LineString","coordinates":[[-48.92023,-25.4357],[-48.91994,-25.43624],[-48.9199,-25.43652],[-48.92004,-25.43704],[-48.92056,-25.43785],[-48.92051,-25.43827],[-48.92031,-25.43859]]}},{"type":"Feature","properties":{"name":"Estrada de Ferro Engenheiro Bley","operator":"Rumo S/A","usage":"main"},"geometry":{"type":"LineString","coordinates":[[-48.93637,-25.44195],[-48.93616,-25.44306]]}},{"type":"Feature","properties":{"name":"Estrada de Ferro Engenheiro Bley","operator":"Rumo S/A","usage":"main"},"geometry":{"type":"LineString","coordinates":[[-48.90624,-25.44113],[-48.9056,-25.44173],[-48.90489,-25.44205],[-48.90425,-25.44209],[-48.90383,-25.44192]]}},{"type":"Feature","properties":{"name":"Estrada de Ferro Central do Paraná","operator":"Rumo S/A","usage":"main"},"geometry":{"type":"LineString","coordinates":[[-51.40739,-23.60746],[-51.40758,-23.60695]]}},{"type":"Feature","properties":{"name":"Estrada de Ferro São Paulo-Paraná","operator":"Rumo S/A","usage":"main"},"geometry":{"type":"LineString","coordinates":[[-51.46563,-23.54826],[-51.4647,-23.54825],[-51.46415,-23.54803],[-51.4638,-23.54777],[-51.46334,-23.54712],[-51.46243,-23.54512],[-51.46221,-23.54481],[-51.46178,-23.54446],[-51.46133,-23.54428],[-51.4609,-23.54421],[-51.4593,-23.54426],[-51.45894,-23.5442],[-51.45842,-23.54394],[-51.45802,-23.54354],[-51.45779,-23.54314],[-51.45767,-23.54274],[-51.45775,-23.53987],[-51.45764,-23.53898],[-51.45637,-23.53472],[-51.45587,-23.53358],[-51.45548,-23.533],[-51.45466,-23.53217],[-51.45067,-23.5293],[-51.44982,-23.52889],[-51.44743,-23.52817],[-51.44683,-23.52782],[-51.44631,-23.52736],[-51.44573,-23.52654],[-51.4419,-23.51919],[-51.44148,-23.51859],[-51.44084,-23.51814],[-51.44008,-23.51797],[-51.43932,-23.51808],[-51.43762,-23.5187],[-51.43684,-23.51865],[-51.43623,-23.51839],[-51.43384,-23.5164],[-51.43326,-23.51551],[-51.43304,-23.51492],[-51.43296,-23.51393],[-51.43306,-23.51217],[-51.43289,-23.51144],[-51.43267,-23.51092],[-51.43229,-23.51032],[-51.4316,-23.50966],[-51.43082,-23.50921],[-51.42928,-23.5085],[-51.42869,-23.50802],[-51.42837,-23.50765],[-51.42805,-23.50714],[-51.42776,-23.50644],[-51.42766,-23.50589],[-51.42788,-23.50354],[-51.42763,-23.50235],[-51.42713,-23.50151],[-51.42533,-23.49973],[-51.42482,-23.4988],[-51.42464,-23.49808],[-51.42462,-23.4975],[-51.42376,-23.45347],[-51.42359,-23.43885],[-51.42591,-23.42278],[-51.42607,-23.42232],[-51.42779,-23.4194],[-51.42996,-23.412],[-51.43006,-23.41138],[-51.43003,-23.41081],[-51.42788,-23.40158],[-51.42748,-23.40054],[-51.41428,-23.37432]]}},{"type":"Feature","properties":{"name":"Estrada de Ferro São Paulo-Paraná","operator":"Rumo S/A","usage":"main"},"geometry":{"type":"LineString","coordinates":[[-51.36329,-23.30509],[-51.36313,-23.3051]]}},{"type":"Feature","properties":{"name":"Estrada de Ferro São Paulo-Paraná","operator":"Rumo S/A","usage":"main"},"geometry":{"type":"LineString","coordinates":[[-51.34846,-23.29947],[-51.34814,-23.29914]]}},{"type":"Feature","properties":{"name":"Estrada de Ferro São Paulo-Paraná","operator":"Rumo S/A","usage":"main"},"geometry":{"type":"LineString","coordinates":[[-51.4141,-23.37394],[-51.40968,-23.36532],[-51.40877,-23.36421],[-51.4068,-23.36252],[-51.40632,-23.36198],[-51.40588,-23.36124],[-51.40502,-23.35872],[-51.40481,-23.35835],[-51.4042,-23.3577],[-51.40348,-23.3572],[-51.403,-23.35699],[-51.38961,-23.35221],[-51.38883,-23.35176],[-51.38816,-23.35124],[-51.38741,-23.35037],[-51.38691,-23.3495],[-51.38658,-23.3486],[-51.38643,-23.34757],[-51.38646,-23.34683],[-51.38991,-23.33024],[-51.38995,-23.3294],[-51.38981,-23.32867],[-51.3894,-23.32783],[-51.38871,-23.32702],[-51.37952,-23.31818],[-51.37674,-23.31566]]}},{"type":"Feature","properties":{"name":"Estrada de Ferro São Paulo-Paraná","operator":"Rumo S/A","usage":"main"},"geometry":{"type":"LineString","coordinates":[[-51.41428,-23.37432],[-51.4141,-23.37394]]}},{"type":"Feature","properties":{"name":"Estrada de Ferro São Paulo-Paraná","operator":"Rumo S/A","usage":"main"},"geometry":{"type":"LineString","coordinates":[[-51.36313,-23.3051],[-51.36208,-23.30509],[-51.36131,-23.30488],[-51.35411,-23.30133],[-51.35336,-23.30116],[-51.35117,-23.30106],[-51.35025,-23.30083],[-51.34924,-23.30024],[-51.34846,-23.29947]]}},{"type":"Feature","properties":{"name":"Estrada de Ferro São Paulo-Paraná","operator":"Rumo S/A","usage":"main"},"geometry":{"type":"LineString","coordinates":[[-51.23629,-23.27991],[-51.2359,-23.28]]}},{"type":"Feature","properties":{"name":null,"operator":"ALL","usage":null},"geometry":{"type":"LineString","coordinates":[[-51.33004,-23.29616],[-51.33012,-23.29505],[-51.32986,-23.29441],[-51.32957,-23.29417],[-51.32917,-23.29409],[-51.32816,-23.29429],[-51.32729,-23.29431]]}},{"type":"Feature","properties":{"name":null,"operator":"Rumo S/A","usage":"main"},"geometry":{"type":"LineString","coordinates":[[-51.99147,-23.43585],[-51.98954,-23.43884],[-51.98915,-23.43957],[-51.98891,-23.4404],[-51.98883,-23.44113],[-51.98889,-23.442],[-51.98905,-23.44262],[-51.98953,-23.44362],[-51.99974,-23.45917]]}},{"type":"Feature","properties":{"name":"Linha Ourinhos-Cianorte","operator":"Rumo S/A","usage":"main"},"geometry":{"type":"LineString","coordinates":[[-51.57831,-23.59399],[-51.57824,-23.59519],[-51.57828,-23.59586],[-51.57857,-23.59664],[-51.57893,-23.59713],[-51.57937,-23.5975],[-51.57983,-23.59775],[-51.58296,-23.59924],[-51.58384,-23.59944],[-51.58599,-23.59938],[-51.5869,-23.59957],[-51.58765,-23.59995],[-51.59054,-23.60195],[-51.5919,-23.60253],[-51.60001,-23.60296],[-51.60061,-23.60294],[-51.60122,-23.60281],[-51.60217,-23.60237],[-51.60262,-23.60196],[-51.60479,-23.59924],[-51.60518,-23.59886],[-51.60575,-23.59854],[-51.60655,-23.59831],[-51.61288,-23.59764],[-51.61463,-23.59778],[-51.61571,-23.59805],[-51.61651,-23.59835],[-51.61759,-23.59894],[-51.6231,-23.60272],[-51.62411,-23.60308],[-51.62513,-23.6031],[-51.63485,-23.59994],[-51.63535,-23.59956],[-51.63597,-23.59874],[-51.63658,-23.59719],[-51.63696,-23.59649],[-51.63784,-23.5957],[-51.63821,-23.59552],[-51.63893,-23.59533],[-51.63979,-23.59532],[-51.64185,-23.59594],[-51.64227,-23.59599],[-51.6429,-23.59599],[-51.64389,-23.5957],[-51.64471,-23.59513],[-51.64511,-23.59463],[-51.64534,-23.59411],[-51.64547,-23.59353],[-51.64573,-23.59021],[-51.64609,-23.589],[-51.64678,-23.58786],[-51.64715,-23.58739],[-51.64835,-23.58648],[-51.6526,-23.58454],[-51.6535,-23.58366],[-51.65407,-23.58252],[-51.65564,-23.57822],[-51.65582,-23.57694],[-51.65583,-23.57631],[-51.65574,-23.57573],[-51.65492,-23.57328],[-51.65477,-23.57261],[-51.65489,-23.56977],[-51.65509,-23.56792],[-51.65527,-23.56725],[-51.6556,-23.56669],[-51.65611,-23.56615],[-51.6567,-23.56578],[-51.66084,-23.56462],[-51.66174,-23.56419],[-51.66251,-23.5637],[-51.66373,-23.56238],[-51.66413,-23.56163],[-51.66436,-23.56098],[-51.66766,-23.55061]]}},{"type":"Feature","properties":{"name":"Linha Ourinhos-Cianorte","operator":"Rumo S/A","usage":"main"},"geometry":{"type":"LineString","coordinates":[[-51.57831,-23.59362],[-51.57831,-23.59399]]}},{"type":"Feature","properties":{"name":"Linha Ourinhos-Cianorte","operator":"Rumo S/A","usage":"main"},"geometry":{"type":"LineString","coordinates":[[-51.72088,-23.50941],[-51.72104,-23.50984]]}},{"type":"Feature","properties":{"name":"Linha Ourinhos-Cianorte","operator":"Rumo S/A","usage":"main"},"geometry":{"type":"LineString","coordinates":[[-51.92754,-23.4192],[-51.92981,-23.41863],[-51.93302,-23.41826],[-51.94352,-23.41815]]}},{"type":"Feature","properties":{"name":"Linha Ourinhos-Cianorte","operator":"Rumo S/A","usage":"main"},"geometry":{"type":"LineString","coordinates":[[-51.94352,-23.41815],[-51.9529,-23.41808],[-51.95407,-23.4182]]}},{"type":"Feature","properties":{"name":null,"operator":"Codapar","usage":null},"geometry":{"type":"LineString","coordinates":[[-52.00579,-23.44569],[-52.00495,-23.44574],[-52.00448,-23.44593],[-52.00335,-23.44755]]}},{"type":"Feature","properties":{"name":null,"operator":"ALL","usage":null},"geometry":{"type":"LineString","coordinates":[[-50.98853,-23.26991],[-50.98839,-23.26811],[-50.98906,-23.26527]]}},{"type":"Feature","properties":{"name":"Estrada de Ferro Central do Paraná","operator":"Rumo S/A","usage":"main"},"geometry":{"type":"LineString","coordinates":[[-51.15895,-23.97892],[-51.16008,-23.97809],[-51.16151,-23.97749],[-51.17428,-23.97392],[-51.17575,-23.97335],[-51.1771,-23.97261],[-51.18238,-23.96847],[-51.18343,-23.96784],[-51.18404,-23.96765],[-51.18527,-23.96755],[-51.19114,-23.9684],[-51.19203,-23.96837],[-51.19286,-23.96808],[-51.19344,-23.96772],[-51.1939,-23.96727],[-51.19537,-23.96473],[-51.19565,-23.96407],[-51.19583,-23.9633],[-51.19595,-23.96125],[-51.1962,-23.96042],[-51.19662,-23.95965],[-51.19804,-23.95808],[-51.19848,-23.9574],[-51.19874,-23.95669],[-51.19881,-23.956],[-51.19864,-23.95529],[-51.19752,-23.95317],[-51.19726,-23.95251],[-51.1972,-23.95176],[-51.19736,-23.95108],[-51.19844,-23.94912],[-51.19868,-23.94848],[-51.19876,-23.94773],[-51.19861,-23.94702],[-51.19802,-23.94609],[-51.19756,-23.94571],[-51.19692,-23.94539],[-51.19517,-23.94473],[-51.19444,-23.94429],[-51.19397,-23.94376],[-51.19365,-23.9431],[-51.19355,-23.94246],[-51.1936,-23.94183],[-51.19386,-23.94112],[-51.19424,-23.94057],[-51.19473,-23.94013],[-51.1953,-23.9398],[-51.19601,-23.93961],[-51.20486,-23.93882],[-51.20562,-23.93856],[-51.21009,-23.9362],[-51.2107,-23.93578],[-51.21193,-23.9345],[-51.21235,-23.93386],[-51.21468,-23.92816],[-51.2158,-23.92564],[-51.2161,-23.9251],[-51.21765,-23.92326],[-51.21809,-23.92261],[-51.21836,-23.92197],[-51.21847,-23.92102],[-51.21842,-23.92063],[-51.21765,-23.91857],[-51.21717,-23.91709],[-51.21707,-23.91653],[-51.21776,-23.91331],[-51.21829,-23.91141],[-51.21891,-23.90996],[-51.21915,-23.90967],[-51.21988,-23.90911],[-51.22126,-23.90837],[-51.22189,-23.90816],[-51.22284,-23.90807],[-51.22326,-23.90813],[-51.22546,-23.90882],[-51.22778,-23.90901],[-51.22864,-23.90919],[-51.2291,-23.90939],[-51.23096,-23.9105],[-51.23182,-23.91077],[-51.23236,-23.91081],[-51.23297,-23.91073],[-51.23334,-23.91063],[-51.23411,-23.91024],[-51.23464,-23.90978],[-51.23777,-23.90612],[-51.23822,-23.9053],[-51.23938,-23.90267],[-51.23951,-23.90194],[-51.23931,-23.90097],[-51.23897,-23.90036],[-51.23775,-23.89879]]}},{"type":"Feature","properties":{"name":null,"operator":"Rumo S/A","usage":null},"geometry":{"type":"LineString","coordinates":[[-51.24087,-25.47128],[-51.24047,-25.47191],[-51.23772,-25.47496],[-51.2373,-25.4753],[-51.23485,-25.47659]]}},{"type":"Feature","properties":{"name":null,"operator":null,"usage":null},"geometry":{"type":"LineString","coordinates":[[-51.48762,-25.42347],[-51.48892,-25.42413],[-51.48909,-25.42465],[-51.48898,-25.42563]]}},{"type":"Feature","properties":{"name":"Ramal de Guarapuava","operator":"Rumo S/A","usage":"main"},"geometry":{"type":"LineString","coordinates":[[-51.48615,-25.41595],[-51.48726,-25.41989],[-51.48718,-25.42033],[-51.4866,-25.42136],[-51.48647,-25.42212],[-51.48685,-25.42285],[-51.48844,-25.42424],[-51.48868,-25.42488],[-51.48862,-25.42546],[-51.48838,-25.42586],[-51.48804,-25.4262],[-51.48761,-25.42641],[-51.4871,-25.42652],[-51.48659,-25.42646],[-51.48605,-25.42619],[-51.48134,-25.42287],[-51.48101,-25.42244],[-51.48025,-25.42046],[-51.47991,-25.42012],[-51.47832,-25.41918],[-51.47783,-25.41914],[-51.47733,-25.4192],[-51.47687,-25.41944],[-51.47652,-25.41978],[-51.4763,-25.42025],[-51.47596,-25.42314],[-51.4761,-25.42356],[-51.47693,-25.42468],[-51.47704,-25.42529],[-51.47688,-25.42584],[-51.47651,-25.4263],[-51.47468,-25.42739],[-51.47405,-25.42756],[-51.47156,-25.42777],[-51.47103,-25.42774],[-51.47044,-25.42744],[-51.46892,-25.42629],[-51.46844,-25.42603],[-51.46778,-25.42595],[-51.46568,-25.42608],[-51.46513,-25.42615],[-51.46467,-25.42631],[-51.46028,-25.42864],[-51.45972,-25.42885],[-51.45921,-25.42886],[-51.45872,-25.42873],[-51.45614,-25.4276],[-51.45562,-25.42756],[-51.45514,-25.42767],[-51.45474,-25.4279],[-51.45446,-25.42824],[-51.45428,-25.42866],[-51.45428,-25.42912],[-51.45446,-25.42956],[-51.45482,-25.42996],[-51.45537,-25.43022],[-51.45595,-25.43026],[-51.45985,-25.42938],[-51.46061,-25.42911],[-51.4623,-25.42801],[-51.46287,-25.42792],[-51.46341,-25.42802],[-51.46388,-25.42826],[-51.46426,-25.42874],[-51.46469,-25.42992],[-51.46471,-25.43039],[-51.46456,-25.43089],[-51.46415,-25.43138],[-51.46348,-25.43175],[-51.45963,-25.43329],[-51.45898,-25.43367],[-51.45837,-25.43418],[-51.45792,-25.43487],[-51.45638,-25.43824],[-51.45597,-25.43869],[-51.4552,-25.4392]]}},{"type":"Feature","properties":{"name":null,"operator":null,"usage":null},"geometry":{"type":"LineString","coordinates":[[-51.43829,-25.44292],[-51.43083,-25.4448],[-51.43022,-25.44506],[-51.42995,-25.44529]]}},{"type":"Feature","properties":{"name":null,"operator":"Rumo S/A","usage":null},"geometry":{"type":"LineString","coordinates":[[-51.48615,-25.41595],[-51.48723,-25.41989],[-51.48715,-25.4203],[-51.48656,-25.42133],[-51.48641,-25.4221],[-51.48653,-25.42246],[-51.4868,-25.42287],[-51.48819,-25.42398]]}},{"type":"Feature","properties":{"name":null,"operator":"Rumo S/A","usage":null},"geometry":{"type":"LineString","coordinates":[[-51.48798,-25.38738],[-51.48748,-25.3877],[-51.48735,-25.38795],[-51.48735,-25.38848]]}},{"type":"Feature","properties":{"name":null,"operator":"Estrada de Ferro Paraná Oeste S/A","usage":null},"geometry":{"type":"LineString","coordinates":[[-51.55039,-25.40323],[-51.54947,-25.40295]]}},{"type":"Feature","properties":{"name":null,"operator":"Rumo S/A","usage":null},"geometry":{"type":"LineString","coordinates":[[-51.48639,-25.40079],[-51.48695,-25.4004],[-51.48721,-25.39997]]}},{"type":"Feature","properties":{"name":null,"operator":"Rumo S/A","usage":null},"geometry":{"type":"LineString","coordinates":[[-51.48637,-25.3864],[-51.48687,-25.38723],[-51.48719,-25.38748],[-51.48771,-25.38749],[-51.48853,-25.38711]]}},{"type":"Feature","properties":{"name":null,"operator":"Estrada de Ferro Paraná Oeste S/A","usage":null},"geometry":{"type":"LineString","coordinates":[[-51.53751,-25.39551],[-51.54392,-25.39942],[-51.55039,-25.40323],[-51.55116,-25.40361]]}},{"type":"Feature","properties":{"name":null,"operator":"Rumo S/A","usage":null},"geometry":{"type":"LineString","coordinates":[[-51.48779,-25.39001],[-51.48549,-25.38508]]}},{"type":"Feature","properties":{"name":null,"operator":"ALL","usage":null},"geometry":{"type":"LineString","coordinates":[[-51.48598,-25.39646],[-51.48564,-25.39515]]}},{"type":"Feature","properties":{"name":null,"operator":"Rumo S/A","usage":null},"geometry":{"type":"LineString","coordinates":[[-51.48586,-25.40104],[-51.48639,-25.40079]]}},{"type":"Feature","properties":{"name":null,"operator":"Rumo S/A","usage":null},"geometry":{"type":"LineString","coordinates":[[-51.48779,-25.39001],[-51.48735,-25.38848],[-51.48637,-25.3864],[-51.48525,-25.38472]]}},{"type":"Feature","properties":{"name":"Estrada de Ferro Paraná Oeste","operator":"Estrada de Ferro Paraná Oeste S/A","usage":"main"},"geometry":{"type":"LineString","coordinates":[[-51.50157,-25.39178],[-51.49922,-25.38857],[-51.49864,-25.38795],[-51.49808,-25.38754],[-51.49725,-25.38716],[-51.49579,-25.38689],[-51.49407,-25.38713],[-51.49059,-25.38808],[-51.48949,-25.38858],[-51.48883,-25.38919],[-51.4885,-25.38963],[-51.48814,-25.39056],[-51.48806,-25.39107]]}},{"type":"Feature","properties":{"name":"Estrada de Ferro Paraná Oeste","operator":"Estrada de Ferro Paraná Oeste S/A","usage":"main"},"geometry":{"type":"LineString","coordinates":[[-51.73303,-25.39767],[-51.73116,-25.39739],[-51.72945,-25.3969],[-51.72858,-25.39655],[-51.72658,-25.39556],[-51.72168,-25.39276],[-51.72095,-25.39247],[-51.7201,-25.39237],[-51.71935,-25.39244],[-51.71873,-25.39267],[-51.71814,-25.393],[-51.7176,-25.39356],[-51.71722,-25.39417],[-51.71677,-25.39541],[-51.71646,-25.39599],[-51.71603,-25.39652],[-51.71535,-25.39696],[-51.71475,-25.39724],[-51.71381,-25.39734],[-51.71293,-25.39725],[-51.71225,-25.39698],[-51.70835,-25.39515],[-51.70769,-25.39465],[-51.70624,-25.39307],[-51.70549,-25.39263],[-51.70465,-25.39238],[-51.70378,-25.39235],[-51.70291,-25.39255],[-51.70212,-25.39299],[-51.70042,-25.39436],[-51.69955,-25.39479],[-51.6986,-25.39498],[-51.69765,-25.39491],[-51.6968,-25.39459],[-51.69307,-25.39267],[-51.69224,-25.39249],[-51.69147,-25.39251],[-51.69074,-25.39273],[-51.68996,-25.39315],[-51.68939,-25.39368],[-51.68857,-25.39529],[-51.68805,-25.39588],[-51.68738,-25.3963],[-51.68064,-25.39979],[-51.67969,-25.40068],[-51.67717,-25.40457],[-51.67646,-25.40521],[-51.67554,-25.40563],[-51.67446,-25.4058],[-51.67157,-25.40579],[-51.67039,-25.40598],[-51.66932,-25.40641],[-51.66614,-25.40938],[-51.66531,-25.40992],[-51.66434,-25.41024],[-51.66336,-25.41037],[-51.66168,-25.41042],[-51.66064,-25.41067],[-51.65991,-25.41114],[-51.6593,-25.41186],[-51.65782,-25.41407],[-51.65719,-25.41481],[-51.65628,-25.41533],[-51.65523,-25.41558],[-51.65406,-25.41552],[-51.65322,-25.41524],[-51.64675,-25.41177],[-51.64539,-25.4112],[-51.64384,-25.41085],[-51.64224,-25.41076],[-51.64038,-25.41105],[-51.62772,-25.41438]]}},{"type":"Feature","properties":{"name":"Ramal de Guarapuava","operator":"Rumo S/A","usage":"main"},"geometry":{"type":"LineString","coordinates":[[-51.4552,-25.4392],[-51.45434,-25.43971]]}},{"type":"Feature","properties":{"name":"Ramal de Guarapuava","operator":"Rumo S/A","usage":"main"},"geometry":{"type":"LineString","coordinates":[[-51.48589,-25.39378],[-51.48572,-25.39416]]}},{"type":"Feature","properties":{"name":null,"operator":"Estrada de Ferro Paraná Oeste S/A","usage":null},"geometry":{"type":"LineString","coordinates":[[-51.56912,-25.40829],[-51.5689,-25.40809],[-51.56842,-25.40785],[-51.56686,-25.40754],[-51.5662,-25.40768],[-51.56522,-25.40826]]}},{"type":"Feature","properties":{"name":"Estrada de Ferro Paraná Oeste","operator":"Estrada de Ferro Paraná Oeste S/A","usage":"main"},"geometry":{"type":"LineString","coordinates":[[-51.50359,-25.39566],[-51.50335,-25.39513]]}},{"type":"Feature","properties":{"name":"Estrada de Ferro Paraná Oeste","operator":"Estrada de Ferro Paraná Oeste S/A","usage":"main"},"geometry":{"type":"LineString","coordinates":[[-51.50335,-25.39513],[-51.50292,-25.39379],[-51.50184,-25.39213]]}},{"type":"Feature","properties":{"name":null,"operator":"Estrada de Ferro Paraná Oeste S/A","usage":null},"geometry":{"type":"LineString","coordinates":[[-51.5565,-25.40679],[-51.56211,-25.41001],[-51.56362,-25.41049],[-51.56494,-25.41059],[-51.56566,-25.41053],[-51.56826,-25.41002],[-51.569,-25.40965],[-51.56923,-25.4093],[-51.56931,-25.40875],[-51.56912,-25.40829],[-51.56838,-25.40721],[-51.56829,-25.40669],[-51.56837,-25.40644],[-51.56866,-25.40604],[-51.56889,-25.40588],[-51.56937,-25.40574],[-51.56991,-25.4058],[-51.57049,-25.4062],[-51.57067,-25.40653],[-51.57103,-25.40852],[-51.57104,-25.40904],[-51.57078,-25.40949],[-51.57045,-25.40971],[-51.56592,-25.41056]]}},{"type":"Feature","properties":{"name":null,"operator":"Ferroeste","usage":null},"geometry":{"type":"LineString","coordinates":[[-51.53636,-25.39505],[-51.53875,-25.39652]]}},{"type":"Feature","properties":{"name":"Ramal de Guarapuava","operator":"Rumo S/A","usage":"main"},"geometry":{"type":"LineString","coordinates":[[-51.45434,-25.43971],[-51.45302,-25.44048],[-51.45253,-25.4409],[-51.45224,-25.44143],[-51.45199,-25.44239],[-51.45171,-25.44298],[-51.4503,-25.44464],[-51.4499,-25.44498],[-51.44946,-25.4452],[-51.44887,-25.44532],[-51.44416,-25.44515],[-51.44365,-25.44494],[-51.4401,-25.44298],[-51.43956,-25.44286],[-51.43889,-25.44284],[-51.43829,-25.44292],[-51.43084,-25.44482],[-51.43024,-25.44508],[-51.42957,-25.44556],[-51.42909,-25.44603],[-51.42736,-25.44853],[-51.42714,-25.449],[-51.42705,-25.44949],[-51.42718,-25.45063],[-51.42716,-25.45118],[-51.42697,-25.45169],[-51.42662,-25.45217],[-51.42531,-25.45334],[-51.42493,-25.45382],[-51.42462,-25.45449],[-51.42413,-25.45668],[-51.42376,-25.45712],[-51.42324,-25.45739],[-51.42039,-25.45783],[-51.4198,-25.45782],[-51.4192,-25.45757],[-51.41815,-25.45666],[-51.41763,-25.45644],[-51.41715,-25.45641],[-51.41653,-25.45657],[-51.41616,-25.45683],[-51.41582,-25.45739],[-51.41541,-25.45953],[-51.41512,-25.46009],[-51.41462,-25.46051],[-51.41395,-25.46076],[-51.41178,-25.4609],[-51.41111,-25.46115],[-51.40846,-25.46289],[-51.40777,-25.46314],[-51.40608,-25.4633],[-51.40478,-25.46387],[-51.40407,-25.46405],[-51.39199,-25.46477]]}},{"type":"Feature","properties":{"name":"Estrada de Ferro Paraná Oeste","operator":"Estrada de Ferro Paraná Oeste S/A","usage":"main"},"geometry":{"type":"LineString","coordinates":[[-51.62772,-25.41438],[-51.62692,-25.41458]]}},{"type":"Feature","properties":{"name":null,"operator":"Rumo S/A","usage":null},"geometry":{"type":"LineString","coordinates":[[-51.48639,-25.40079],[-51.48691,-25.40036],[-51.48716,-25.39996]]}},{"type":"Feature","properties":{"name":null,"operator":"Estrada de Ferro Paraná Oeste S/A","usage":null},"geometry":{"type":"LineString","coordinates":[[-51.53613,-25.39457],[-51.53751,-25.39551],[-51.53875,-25.39652],[-51.54053,-25.39765],[-51.54966,-25.40302]]}},{"type":"Feature","properties":{"name":"Estrada de Ferro Paraná Oeste","operator":"Estrada de Ferro Paraná Oeste S/A","usage":"main"},"geometry":{"type":"LineString","coordinates":[[-51.62692,-25.41458],[-51.62573,-25.41478],[-51.62492,-25.41472],[-51.62054,-25.41327],[-51.61889,-25.41301],[-51.61699,-25.413],[-51.59758,-25.41401],[-51.596,-25.41397],[-51.59441,-25.4137],[-51.58111,-25.41001],[-51.57947,-25.40975],[-51.57515,-25.40937],[-51.57435,-25.40935],[-51.57208,-25.40958],[-51.56566,-25.4106],[-51.56437,-25.41065],[-51.56328,-25.41048],[-51.56205,-25.41004],[-51.5565,-25.40679],[-51.54395,-25.39937],[-51.53613,-25.39457],[-51.535,-25.39396],[-51.53335,-25.39344],[-51.53245,-25.3934],[-51.5293,-25.39384],[-51.52836,-25.39413],[-51.52793,-25.39436],[-51.5275,-25.39465],[-51.52681,-25.39535],[-51.52544,-25.3974],[-51.52473,-25.39832],[-51.52152,-25.40113],[-51.52087,-25.40152],[-51.5198,-25.40186],[-51.51872,-25.40191],[-51.51777,-25.40156],[-51.51514,-25.39978],[-51.51416,-25.39936],[-51.51301,-25.39931],[-51.512,-25.39957],[-51.51069,-25.40019],[-51.50964,-25.40038],[-51.50875,-25.40029],[-51.50765,-25.3998],[-51.50385,-25.39604],[-51.50359,-25.39566]]}},{"type":"Feature","properties":{"name":null,"operator":"Rumo S/A","usage":null},"geometry":{"type":"LineString","coordinates":[[-51.48502,-25.38294],[-51.48498,-25.38386],[-51.48514,-25.38448],[-51.48779,-25.39001]]}},{"type":"Feature","properties":{"name":null,"operator":"Rumo S/A","usage":null},"geometry":{"type":"LineString","coordinates":[[-51.48748,-25.38894],[-51.48606,-25.38594]]}},{"type":"Feature","properties":{"name":"Estrada de Ferro Paraná Oeste","operator":"Estrada de Ferro Paraná Oeste S/A","usage":"main"},"geometry":{"type":"LineString","coordinates":[[-51.50184,-25.39213],[-51.50157,-25.39178]]}},{"type":"Feature","properties":{"name":null,"operator":null,"usage":null},"geometry":{"type":"LineString","coordinates":[[-51.4866,-25.42136],[-51.48722,-25.42034],[-51.48737,-25.41995],[-51.48739,-25.41959],[-51.48711,-25.41854]]}},{"type":"Feature","properties":{"name":null,"operator":"Rumo S/A","usage":null},"geometry":{"type":"LineString","coordinates":[[-51.48574,-25.38545],[-51.48761,-25.38942]]}},{"type":"Feature","properties":{"name":null,"operator":"Rumo S/A","usage":null},"geometry":{"type":"LineString","coordinates":[[-51.48722,-25.38951],[-51.48641,-25.38871]]}},{"type":"Feature","properties":{"name":null,"operator":"Rumo S/A","usage":null},"geometry":{"type":"LineString","coordinates":[[-51.4875,-25.39919],[-51.48716,-25.39836],[-51.48677,-25.39768],[-51.48636,-25.39718]]}},{"type":"Feature","properties":{"name":null,"operator":"Rumo S/A","usage":null},"geometry":{"type":"LineString","coordinates":[[-51.48722,-25.38951],[-51.4862,-25.38773]]}},{"type":"Feature","properties":{"name":"Estrada de Ferro Paraná Oeste","operator":"Estrada de Ferro Paraná Oeste S/A","usage":"main"},"geometry":{"type":"LineString","coordinates":[[-52.70151,-25.14871],[-52.70245,-25.14785],[-52.70279,-25.14744],[-52.70313,-25.14693],[-52.70373,-25.14523],[-52.70437,-25.14449],[-52.70467,-25.14428],[-52.70533,-25.144],[-52.70872,-25.14291],[-52.70923,-25.14268],[-52.7097,-25.14232],[-52.71018,-25.14178],[-52.71275,-25.13776],[-52.71331,-25.13725],[-52.71401,-25.13688],[-52.71775,-25.13566],[-52.71854,-25.13558],[-52.71941,-25.13568],[-52.72021,-25.13602],[-52.72079,-25.13646],[-52.72181,-25.13751],[-52.72258,-25.13793],[-52.72332,-25.13813],[-52.72428,-25.13811],[-52.72518,-25.13783],[-52.72595,-25.13725],[-52.72764,-25.13546],[-52.72832,-25.13498],[-52.72908,-25.1347],[-52.72981,-25.13461],[-52.73041,-25.13465],[-52.731,-25.13481],[-52.7317,-25.1352],[-52.73227,-25.13571],[-52.73617,-25.14015],[-52.73678,-25.14056],[-52.73738,-25.14078],[-52.73803,-25.14086],[-52.73877,-25.14078],[-52.73941,-25.14054],[-52.74,-25.1401],[-52.7404,-25.13965],[-52.74065,-25.13909],[-52.74076,-25.13854],[-52.7405,-25.13582],[-52.74063,-25.13503],[-52.74095,-25.13431],[-52.74159,-25.13361],[-52.74232,-25.13324],[-52.74321,-25.13305],[-52.74425,-25.13308],[-52.7452,-25.13349],[-52.74582,-25.13401],[-52.74694,-25.13525],[-52.74797,-25.13588],[-52.74904,-25.13612],[-52.75023,-25.13598],[-52.7511,-25.13559],[-52.75167,-25.13499],[-52.75219,-25.13407],[-52.75264,-25.13293],[-52.75324,-25.13197],[-52.75424,-25.13128],[-52.75549,-25.13097],[-52.75695,-25.13109],[-52.7595,-25.13227],[-52.76056,-25.13262],[-52.76158,-25.13261],[-52.76255,-25.13238],[-52.76347,-25.1317],[-52.76513,-25.12974],[-52.76593,-25.12901],[-52.76705,-25.1283],[-52.77006,-25.12697],[-52.7725,-25.12572],[-52.77397,-25.12472],[-52.77511,-25.12423],[-52.77651,-25.12397],[-52.7796,-25.1238],[-52.78145,-25.12388],[-52.78375,-25.12418],[-52.78519,-25.12402],[-52.78651,-25.12351],[-52.78892,-25.12214],[-52.78982,-25.12187],[-52.79102,-25.12172],[-52.79203,-25.12182],[-52.79634,-25.12293],[-52.79744,-25.12306],[-52.79888,-25.12307],[-52.80257,-25.12212],[-52.80341,-25.12201],[-52.80411,-25.12208],[-52.80503,-25.12245],[-52.80579,-25.12306],[-52.80709,-25.12456],[-52.80782,-25.12504],[-52.80875,-25.12528],[-52.80977,-25.12525],[-52.81305,-25.12481],[-52.81403,-25.1245],[-52.81481,-25.12397],[-52.81538,-25.12319],[-52.81563,-25.12224],[-52.81552,-25.12123],[-52.81466,-25.11947],[-52.81452,-25.11858],[-52.81466,-25.11778],[-52.81486,-25.11731],[-52.81548,-25.11657],[-52.81617,-25.11611],[-52.81712,-25.11581],[-52.82054,-25.11539],[-52.82147,-25.11513],[-52.82223,-25.11481],[-52.82397,-25.11372],[-52.82484,-25.11333],[-52.8257,-25.11321],[-52.82759,-25.1133],[-52.82916,-25.11317],[-52.83174,-25.11279],[-52.83659,-25.11231],[-52.83773,-25.11239],[-52.83846,-25.11268],[-52.83918,-25.11327],[-52.83963,-25.11381],[-52.83988,-25.11453],[-52.84023,-25.11608],[-52.84064,-25.11684],[-52.84135,-25.11751],[-52.84209,-25.11788],[-52.84299,-25.11805],[-52.84683,-25.11843],[-52.84832,-25.11841],[-52.84931,-25.11816],[-52.85012,-25.11773],[-52.85192,-25.11637],[-52.85247,-25.11563],[-52.85272,-25.11498],[-52.8528,-25.11223],[-52.85303,-25.11169],[-52.85363,-25.11097],[-52.85438,-25.11046],[-52.85515,-25.11017],[-52.85965,-25.10928],[-52.8608,-25.10886],[-52.86334,-25.10742],[-52.86472,-25.10712],[-52.86684,-25.10694],[-52.86788,-25.10667],[-52.87005,-25.10584],[-52.87116,-25.10569],[-52.87219,-25.10578],[-52.87563,-25.10659],[-52.87665,-25.10667],[-52.87756,-25.10648],[-52.87827,-25.10619],[-52.88202,-25.10365],[-52.88287,-25.10321],[-52.88388,-25.10296],[-52.88485,-25.10288],[-52.8858,-25.10298],[-52.88866,-25.10353],[-52.88969,-25.10362],[-52.89077,-25.10354],[-52.89199,-25.10323],[-52.89782,-25.10062],[-52.89908,-25.10014],[-52.90008,-25.09995],[-52.90113,-25.10001],[-52.90365,-25.10087],[-52.90447,-25.101],[-52.90538,-25.10093],[-52.90734,-25.10029],[-52.90828,-25.10016],[-52.90916,-25.1003],[-52.91074,-25.10096],[-52.91166,-25.1011],[-52.91252,-25.101],[-52.91339,-25.10068],[-52.91401,-25.10021],[-52.91445,-25.09967],[-52.91477,-25.0989],[-52.91484,-25.09811],[-52.91473,-25.09665],[-52.91481,-25.09559],[-52.91561,-25.09351],[-52.91609,-25.09273],[-52.91664,-25.09221],[-52.91739,-25.09183],[-52.91823,-25.09159],[-52.91919,-25.09151],[-52.92002,-25.0917],[-52.92086,-25.09208],[-52.92319,-25.09336],[-52.92398,-25.09362],[-52.92489,-25.09372],[-52.92586,-25.09355],[-52.92867,-25.09248],[-52.92975,-25.09235],[-52.93093,-25.0926],[-52.93172,-25.09312],[-52.933,-25.09467],[-52.93366,-25.09525],[-52.9347,-25.09577],[-52.93657,-25.09609],[-52.9375,-25.09638],[-52.93856,-25.09697],[-52.94192,-25.09917],[-52.94287,-25.09951],[-52.9434,-25.09957],[-52.94412,-25.09955],[-52.94475,-25.0994],[-52.94549,-25.09904],[-52.94601,-25.0987],[-52.94673,-25.09781],[-52.94691,-25.09738],[-52.94711,-25.09641],[-52.94712,-25.09434],[-52.94732,-25.09361],[-52.94776,-25.09296],[-52.94839,-25.09241],[-52.94905,-25.09205],[-52.94985,-25.09188],[-52.95076,-25.09191],[-52.97713,-25.10038],[-52.97804,-25.1009],[-52.97833,-25.10116],[-52.97888,-25.10198],[-52.97953,-25.10346],[-52.97987,-25.1039],[-52.98023,-25.10422],[-52.98107,-25.10465],[-52.98222,-25.10482],[-52.98688,-25.10481],[-52.98783,-25.10491],[-52.99102,-25.10591],[-52.99189,-25.10602],[-52.99264,-25.10596]]}},{"type":"Feature","properties":{"name":"Estrada de Ferro Paraná Oeste","operator":"Estrada de Ferro Paraná Oeste S/A","usage":"main"},"geometry":{"type":"LineString","coordinates":[[-52.63395,-25.20226],[-52.63265,-25.20245],[-52.62951,-25.20252],[-52.62874,-25.2026],[-52.62808,-25.20282],[-52.6274,-25.20323],[-52.62692,-25.20366],[-52.62633,-25.20449],[-52.62492,-25.20675],[-52.62313,-25.20769],[-52.6226,-25.20809],[-52.62199,-25.20874],[-52.621,-25.21028],[-52.62022,-25.21118],[-52.61951,-25.2117],[-52.61899,-25.21221],[-52.61834,-25.21303],[-52.61809,-25.21367],[-52.61795,-25.21432],[-52.61759,-25.21953],[-52.61772,-25.22026],[-52.61793,-25.22089],[-52.61832,-25.22142],[-52.62079,-25.22329],[-52.62125,-25.22379],[-52.62155,-25.22439],[-52.62167,-25.22521],[-52.62137,-25.22645],[-52.62101,-25.22728],[-52.61956,-25.22988],[-52.61916,-25.23032],[-52.61832,-25.2308],[-52.61612,-25.23146],[-52.61535,-25.23186],[-52.61476,-25.23236],[-52.61445,-25.23289],[-52.6143,-25.23339],[-52.61424,-25.23411],[-52.61437,-25.23471],[-52.61461,-25.23527],[-52.61563,-25.23657],[-52.6159,-25.2371],[-52.61605,-25.23778],[-52.61591,-25.23854],[-52.61556,-25.23913],[-52.61509,-25.23962],[-52.61446,-25.23995],[-52.6133,-25.24036],[-52.61105,-25.24087],[-52.60953,-25.24108],[-52.60734,-25.24113],[-52.6068,-25.24102],[-52.60584,-25.2406],[-52.60192,-25.23851],[-52.60131,-25.23827],[-52.5998,-25.23806],[-52.59697,-25.23856],[-52.59628,-25.23854],[-52.59281,-25.2376],[-52.59177,-25.23747],[-52.5885,-25.23767],[-52.58784,-25.23765],[-52.58704,-25.23747],[-52.58616,-25.23701],[-52.58398,-25.23527],[-52.5833,-25.23484],[-52.58263,-25.2346],[-52.58169,-25.23449],[-52.58065,-25.23469],[-52.58008,-25.23497],[-52.5795,-25.2354],[-52.57902,-25.23596],[-52.57782,-25.23877],[-52.57687,-25.23954],[-52.57641,-25.23977],[-52.57545,-25.23999],[-52.57364,-25.23989],[-52.57267,-25.24008],[-52.57198,-25.2404],[-52.56901,-25.24226],[-52.56811,-25.24258],[-52.56722,-25.24262],[-52.56655,-25.24247],[-52.56563,-25.242],[-52.564,-25.24078],[-52.56317,-25.24055],[-52.56226,-25.24049],[-52.56148,-25.24061],[-52.55966,-25.24129],[-52.559,-25.24139],[-52.55827,-25.24127],[-52.55571,-25.24056],[-52.55354,-25.24058],[-52.55138,-25.24029],[-52.54678,-25.24097],[-52.54304,-25.2414]]}},{"type":"Feature","properties":{"name":"Estrada de Ferro Paraná Oeste","operator":"Estrada de Ferro Paraná Oeste S/A","usage":"main"},"geometry":{"type":"LineString","coordinates":[[-52.43131,-25.30299],[-52.43198,-25.30255],[-52.43386,-25.3003]]}},{"type":"Feature","properties":{"name":"Estrada de Ferro Paraná Oeste","operator":"Estrada de Ferro Paraná Oeste S/A","usage":"main"},"geometry":{"type":"LineString","coordinates":[[-52.18444,-25.24221],[-52.18346,-25.24215],[-52.18153,-25.24257],[-52.18081,-25.24266],[-52.18034,-25.24262],[-52.17909,-25.24223],[-52.17812,-25.24144],[-52.17741,-25.24066],[-52.17647,-25.24015],[-52.17603,-25.24002],[-52.17479,-25.23994],[-52.17253,-25.24046],[-52.17179,-25.2405],[-52.17106,-25.24028],[-52.16983,-25.23957],[-52.16946,-25.2391],[-52.16836,-25.23597],[-52.1678,-25.23516],[-52.16726,-25.23465],[-52.16585,-25.23416],[-52.16267,-25.23427],[-52.16213,-25.23419],[-52.16107,-25.23385],[-52.15968,-25.23292],[-52.15873,-25.23252],[-52.15763,-25.2324],[-52.15693,-25.23255],[-52.15481,-25.23347],[-52.15419,-25.23357],[-52.15351,-25.23357],[-52.15275,-25.2334],[-52.15143,-25.23293],[-52.15051,-25.23248],[-52.15006,-25.23208],[-52.14943,-25.23092],[-52.14928,-25.23004],[-52.1492,-25.2285],[-52.14903,-25.22801],[-52.14865,-25.22745],[-52.14812,-25.22687],[-52.14753,-25.22656],[-52.14591,-25.22601],[-52.1455,-25.22571],[-52.14487,-25.225],[-52.14445,-25.22367],[-52.14406,-25.22285],[-52.1436,-25.22239],[-52.14315,-25.22207],[-52.14258,-25.2218],[-52.14061,-25.22123],[-52.14014,-25.221],[-52.1388,-25.22004],[-52.13778,-25.21954],[-52.13658,-25.21936],[-52.13194,-25.21947],[-52.13079,-25.2192],[-52.13016,-25.21889],[-52.12972,-25.21854],[-52.12928,-25.21802],[-52.12797,-25.21621],[-52.12713,-25.21563],[-52.12557,-25.21484],[-52.12486,-25.21413],[-52.12446,-25.21335],[-52.12409,-25.21195],[-52.12383,-25.21136],[-52.12336,-25.21077],[-52.12291,-25.2104],[-52.12231,-25.21011],[-52.11797,-25.20871],[-52.11714,-25.20874],[-52.11601,-25.20909],[-52.11526,-25.20919],[-52.1141,-25.20907],[-52.11347,-25.20881],[-52.11174,-25.20748],[-52.11119,-25.20714],[-52.11033,-25.2069],[-52.10823,-25.20685],[-52.10719,-25.20657],[-52.10664,-25.20623],[-52.10494,-25.20468],[-52.10461,-25.20448],[-52.10382,-25.20423],[-52.10293,-25.20418],[-52.10226,-25.20435],[-52.09986,-25.20563],[-52.0988,-25.20584],[-52.09699,-25.20582],[-52.09582,-25.20546],[-52.0918,-25.20317],[-52.09116,-25.2026],[-52.09046,-25.20166],[-52.0884,-25.19713],[-52.08804,-25.19657],[-52.08742,-25.19601],[-52.08682,-25.19566],[-52.0861,-25.19538],[-52.08519,-25.19523],[-52.08092,-25.19547],[-52.08008,-25.19536],[-52.07954,-25.19514],[-52.07886,-25.19468],[-52.07844,-25.19421],[-52.07756,-25.19238],[-52.07731,-25.19203],[-52.0767,-25.19149],[-52.07593,-25.19107],[-52.07488,-25.19089],[-52.07288,-25.19085],[-52.06991,-25.19053],[-52.06914,-25.19061],[-52.065,-25.19151],[-52.06448,-25.19156],[-52.06396,-25.1915],[-52.06307,-25.19123],[-52.06235,-25.19075],[-52.06167,-25.1899],[-52.06059,-25.18885],[-52.06026,-25.18864],[-52.05879,-25.18812],[-52.05828,-25.18782],[-52.05766,-25.18717],[-52.05737,-25.18672],[-52.05721,-25.18627],[-52.05709,-25.18552],[-52.05713,-25.18505],[-52.05866,-25.18053],[-52.0589,-25.1799],[-52.06009,-25.1782],[-52.06062,-25.17722],[-52.06074,-25.17658],[-52.06067,-25.17589],[-52.06046,-25.17529],[-52.0602,-25.17483],[-52.05982,-25.17441],[-52.05928,-25.17407],[-52.05572,-25.17238],[-52.0544,-25.17185],[-52.05358,-25.17171],[-52.05294,-25.17174],[-52.052,-25.17199],[-52.04971,-25.17318],[-52.04844,-25.17335],[-52.04775,-25.17329],[-52.0469,-25.17307],[-52.04629,-25.17274],[-52.04483,-25.17145],[-52.04401,-25.17105],[-52.04313,-25.17087],[-52.04218,-25.17092],[-52.04015,-25.17135],[-52.03783,-25.17095],[-52.03669,-25.17091],[-52.03597,-25.17108],[-52.03404,-25.172],[-52.03302,-25.17236],[-52.03186,-25.17249],[-52.03075,-25.17246],[-52.02968,-25.17267],[-52.02918,-25.1729],[-52.02875,-25.1732],[-52.02824,-25.17379],[-52.0278,-25.17454],[-52.02769,-25.17536],[-52.02767,-25.17679],[-52.02751,-25.17727],[-52.02608,-25.17914],[-52.0258,-25.17967],[-52.02565,-25.18035],[-52.0254,-25.18299],[-52.02519,-25.18353],[-52.02486,-25.18401],[-52.02437,-25.18447],[-52.02341,-25.18499],[-52.02252,-25.18518],[-52.01983,-25.1852],[-52.01926,-25.18529],[-52.01617,-25.18617],[-52.01481,-25.18673],[-52.01402,-25.18754],[-52.01209,-25.19012],[-52.01188,-25.19054],[-52.01179,-25.1909],[-52.01178,-25.19173],[-52.01201,-25.19259],[-52.01251,-25.19334],[-52.01446,-25.19452],[-52.01489,-25.1949],[-52.0154,-25.19542],[-52.01587,-25.19642],[-52.01753,-25.20082],[-52.01777,-25.20167],[-52.0178,-25.20233],[-52.01771,-25.20283],[-52.01743,-25.20357],[-52.01704,-25.20404],[-52.0165,-25.20451],[-52.01589,-25.20481],[-52.01452,-25.205],[-52.01399,-25.20494],[-52.01272,-25.20431],[-52.01139,-25.2034],[-52.0105,-25.20301],[-52.00962,-25.20275],[-52.00871,-25.20262],[-52.00422,-25.20255],[-52.00347,-25.20267],[-52.00274,-25.20295],[-51.99957,-25.20469],[-51.99907,-25.20489],[-51.99837,-25.20507],[-51.9975,-25.20513],[-51.99701,-25.20511],[-51.99582,-25.20485]]}},{"type":"Feature","properties":{"name":"Estrada de Ferro Paraná Oeste","operator":"Estrada de Ferro Paraná Oeste S/A","usage":"main"},"geometry":{"type":"LineString","coordinates":[[-52.70151,-25.14871],[-52.70083,-25.14941]]}},{"type":"Feature","properties":{"name":"Estrada de Ferro Paraná Oeste","operator":"Estrada de Ferro Paraná Oeste S/A","usage":"main"},"geometry":{"type":"LineString","coordinates":[[-52.18444,-25.24221],[-52.18762,-25.24287],[-52.18872,-25.24346],[-52.19167,-25.24526],[-52.19232,-25.24545],[-52.193,-25.24554],[-52.1936,-25.24547],[-52.19581,-25.24485],[-52.19639,-25.24481],[-52.19713,-25.24493],[-52.1978,-25.24519],[-52.19883,-25.24604],[-52.19936,-25.24718],[-52.19964,-25.24834],[-52.20046,-25.24935],[-52.20187,-25.24992],[-52.20445,-25.2502],[-52.20564,-25.25087],[-52.20616,-25.2521],[-52.20729,-25.25358],[-52.20822,-25.25416],[-52.20953,-25.25439],[-52.21153,-25.25437],[-52.21294,-25.25465],[-52.21561,-25.25547],[-52.21814,-25.2557],[-52.22111,-25.25566],[-52.22303,-25.25595],[-52.22479,-25.25641],[-52.22617,-25.25657],[-52.23108,-25.25658],[-52.23197,-25.25646],[-52.23273,-25.25611],[-52.23451,-25.25463],[-52.23507,-25.25429],[-52.23582,-25.25409],[-52.23661,-25.25407],[-52.24089,-25.25464],[-52.24272,-25.25513],[-52.24476,-25.25592],[-52.24567,-25.25608],[-52.24645,-25.25606],[-52.24715,-25.25594],[-52.24893,-25.25507],[-52.24966,-25.25486],[-52.25038,-25.25488],[-52.2515,-25.25519],[-52.25371,-25.25654],[-52.25538,-25.25681],[-52.25663,-25.25671],[-52.2581,-25.25643],[-52.2622,-25.25508],[-52.26326,-25.25505],[-52.26563,-25.25505],[-52.26637,-25.25516],[-52.26794,-25.25584],[-52.26871,-25.256],[-52.26937,-25.25603],[-52.27115,-25.25567],[-52.27194,-25.25565],[-52.27583,-25.25638],[-52.27661,-25.25669],[-52.27715,-25.25717],[-52.27778,-25.25811],[-52.27818,-25.26032],[-52.27851,-25.26099],[-52.27975,-25.26237],[-52.28004,-25.2629],[-52.28054,-25.26465],[-52.28087,-25.26523],[-52.2813,-25.2657],[-52.28186,-25.26611],[-52.2825,-25.26639],[-52.28316,-25.26649],[-52.28646,-25.26653],[-52.28723,-25.26667],[-52.28827,-25.26711]]}},{"type":"Feature","properties":{"name":"Estrada de Ferro Paraná Oeste","operator":"Estrada de Ferro Paraná Oeste S/A","usage":"main"},"geometry":{"type":"LineString","coordinates":[[-52.43386,-25.3003],[-52.43501,-25.2997],[-52.43837,-25.29836],[-52.43901,-25.29823],[-52.44144,-25.29808],[-52.44236,-25.29773],[-52.44292,-25.29731],[-52.44326,-25.29694],[-52.44353,-25.29651],[-52.44404,-25.29526],[-52.44478,-25.29439],[-52.44787,-25.29265],[-52.4484,-25.29246],[-52.44947,-25.29231],[-52.4514,-25.29251],[-52.45219,-25.29249],[-52.45534,-25.2919],[-52.45741,-25.29175],[-52.4589,-25.29154],[-52.46232,-25.29089],[-52.46295,-25.29068],[-52.46336,-25.29048],[-52.46394,-25.29002],[-52.46435,-25.2895],[-52.46535,-25.28786],[-52.46589,-25.28731],[-52.46876,-25.28507],[-52.4691,-25.28469],[-52.46939,-25.28423],[-52.46959,-25.28362],[-52.47001,-25.27963],[-52.46991,-25.27854],[-52.46955,-25.27753],[-52.46876,-25.276],[-52.46823,-25.27451],[-52.46765,-25.27179],[-52.4672,-25.27089],[-52.4664,-25.26987],[-52.46612,-25.26907],[-52.46604,-25.26848],[-52.46612,-25.26788],[-52.46639,-25.26727],[-52.46757,-25.2653],[-52.46781,-25.26471],[-52.4679,-25.26409],[-52.46781,-25.26341],[-52.46737,-25.26198],[-52.46729,-25.2613],[-52.4674,-25.26064],[-52.46763,-25.26008],[-52.46798,-25.25958],[-52.46958,-25.25848],[-52.47006,-25.25809],[-52.47038,-25.25771],[-52.47085,-25.25681],[-52.47151,-25.25474],[-52.47159,-25.25408],[-52.47153,-25.25342],[-52.47078,-25.25152],[-52.47061,-25.25089],[-52.4706,-25.2503],[-52.47078,-25.24951],[-52.4711,-25.24894],[-52.47168,-25.24841],[-52.47249,-25.24795],[-52.47335,-25.24774],[-52.47423,-25.24776],[-52.47542,-25.2482],[-52.47716,-25.24932],[-52.47787,-25.24998],[-52.4791,-25.25166],[-52.47978,-25.25235],[-52.48059,-25.2529],[-52.48143,-25.25328],[-52.48849,-25.25457],[-52.48995,-25.25465],[-52.49162,-25.25453],[-52.49402,-25.25428],[-52.49511,-25.25399],[-52.49607,-25.25354],[-52.49816,-25.25224],[-52.49905,-25.25192],[-52.49989,-25.25187],[-52.50156,-25.25213],[-52.5025,-25.25212],[-52.50766,-25.25107],[-52.50858,-25.25075],[-52.51083,-25.24954],[-52.51158,-25.24923],[-52.51471,-25.24831],[-52.51981,-25.24572],[-52.52856,-25.24193],[-52.5293,-25.24183],[-52.53004,-25.24189],[-52.53086,-25.24212],[-52.53322,-25.24309],[-52.53461,-25.24338],[-52.53606,-25.24343],[-52.53808,-25.24328],[-52.53848,-25.24319],[-52.53917,-25.24293],[-52.54091,-25.24184],[-52.54169,-25.24157],[-52.54304,-25.2414]]}},{"type":"Feature","properties":{"name":"Estrada de Ferro Paraná Oeste","operator":"Estrada de Ferro Paraná Oeste S/A","usage":"main"},"geometry":{"type":"LineString","coordinates":[[-52.70083,-25.14941],[-52.70013,-25.15071],[-52.69978,-25.15121],[-52.69925,-25.15172],[-52.69568,-25.15393],[-52.69516,-25.15448],[-52.69475,-25.1552],[-52.69422,-25.15703],[-52.69383,-25.15795],[-52.69278,-25.15992],[-52.69247,-25.16108],[-52.69214,-25.16187],[-52.69154,-25.16253],[-52.6908,-25.16298],[-52.68997,-25.1632],[-52.68901,-25.16321],[-52.68665,-25.16276],[-52.68574,-25.16274],[-52.685,-25.16285],[-52.68401,-25.16312],[-52.68199,-25.164],[-52.68142,-25.16415],[-52.68072,-25.16415],[-52.67863,-25.16374],[-52.67737,-25.16388],[-52.6766,-25.16424],[-52.67596,-25.16483],[-52.67564,-25.16535],[-52.67549,-25.16579],[-52.67539,-25.16622],[-52.67529,-25.16807],[-52.67499,-25.16904],[-52.67453,-25.16974],[-52.67373,-25.17063],[-52.67085,-25.17342],[-52.67057,-25.17391],[-52.67,-25.1756],[-52.66957,-25.17646],[-52.66824,-25.17791],[-52.66778,-25.1786],[-52.66738,-25.18022],[-52.6669,-25.18132],[-52.6644,-25.18388],[-52.66283,-25.18494],[-52.65932,-25.18699],[-52.65844,-25.18736],[-52.65775,-25.18749],[-52.65715,-25.18749],[-52.6549,-25.18687],[-52.65425,-25.18681],[-52.6536,-25.1869],[-52.65291,-25.18714],[-52.6523,-25.18749],[-52.65114,-25.1887],[-52.65046,-25.18922],[-52.64983,-25.18953],[-52.64496,-25.1908],[-52.64406,-25.19116],[-52.64337,-25.19168],[-52.64286,-25.19228],[-52.64167,-25.19464],[-52.64112,-25.19529],[-52.63871,-25.19697],[-52.63555,-25.20124],[-52.63499,-25.20173],[-52.63395,-25.20226]]}},{"type":"Feature","properties":{"name":"Estrada de Ferro Paraná Oeste","operator":"Estrada de Ferro Paraná Oeste S/A","usage":"main"},"geometry":{"type":"LineString","coordinates":[[-52.28827,-25.26711],[-52.28885,-25.26741]]}},{"type":"Feature","properties":{"name":"Estrada de Ferro Paraná Oeste","operator":"Estrada de Ferro Paraná Oeste S/A","usage":"main"},"geometry":{"type":"LineString","coordinates":[[-52.28885,-25.26741],[-52.29235,-25.26936],[-52.29294,-25.2696],[-52.29357,-25.26972],[-52.29422,-25.26974],[-52.29616,-25.26938],[-52.2968,-25.26934],[-52.29735,-25.26941],[-52.29802,-25.26961],[-52.29999,-25.27063],[-52.3006,-25.2708],[-52.3013,-25.27084],[-52.30191,-25.27078],[-52.30258,-25.27054],[-52.30312,-25.27023],[-52.30433,-25.26927],[-52.30499,-25.26895],[-52.30671,-25.2685],[-52.30783,-25.268],[-52.30956,-25.26695],[-52.31031,-25.26667],[-52.31493,-25.26609],[-52.31578,-25.26605],[-52.31695,-25.26615],[-52.31777,-25.26636],[-52.31823,-25.26652],[-52.32284,-25.26895],[-52.32337,-25.26933],[-52.32376,-25.26979],[-52.32398,-25.27026],[-52.32408,-25.2708],[-52.32409,-25.2715],[-52.32394,-25.27287],[-52.32421,-25.27409],[-52.32531,-25.27557],[-52.32556,-25.27613],[-52.3258,-25.27864],[-52.32618,-25.2795],[-52.32679,-25.28026],[-52.32758,-25.28082],[-52.32852,-25.2812],[-52.33039,-25.2815],[-52.33136,-25.28175],[-52.33197,-25.28214],[-52.33342,-25.28382],[-52.33412,-25.28433],[-52.33492,-25.28463],[-52.33599,-25.28471],[-52.33697,-25.28446],[-52.339,-25.28352],[-52.34011,-25.28314],[-52.34103,-25.28307],[-52.34334,-25.28349],[-52.3443,-25.28386],[-52.34544,-25.28459],[-52.34641,-25.28498],[-52.3475,-25.28505],[-52.35068,-25.28457],[-52.35145,-25.28463],[-52.35277,-25.28495],[-52.35352,-25.28498],[-52.35507,-25.28475],[-52.35585,-25.28473],[-52.35666,-25.28494],[-52.35733,-25.28528],[-52.35889,-25.28688],[-52.35954,-25.28729],[-52.36018,-25.28756],[-52.36084,-25.28766],[-52.3616,-25.28764],[-52.36225,-25.28743],[-52.36368,-25.28718],[-52.36451,-25.2872],[-52.36529,-25.28743],[-52.36598,-25.28779],[-52.36651,-25.28833],[-52.36726,-25.28934],[-52.3679,-25.28998],[-52.37022,-25.29151],[-52.37091,-25.29213],[-52.37221,-25.29392],[-52.37287,-25.29449],[-52.37352,-25.29479],[-52.37418,-25.29495],[-52.37562,-25.29507],[-52.37646,-25.2953],[-52.37845,-25.29666],[-52.37913,-25.29701],[-52.37997,-25.29712],[-52.3809,-25.29706],[-52.38225,-25.29659],[-52.383,-25.29644],[-52.38374,-25.2965],[-52.3844,-25.29665],[-52.38559,-25.29727],[-52.38691,-25.29775],[-52.39244,-25.29943],[-52.39415,-25.30053],[-52.39538,-25.30094],[-52.39641,-25.30092],[-52.39711,-25.30071],[-52.3976,-25.30045],[-52.39854,-25.29976],[-52.39915,-25.29948],[-52.39985,-25.2993],[-52.40048,-25.29926],[-52.40115,-25.29937],[-52.40182,-25.29962],[-52.40361,-25.30064],[-52.40444,-25.30096],[-52.40645,-25.30149],[-52.40729,-25.30179],[-52.40865,-25.30252],[-52.40919,-25.30269]]}},{"type":"Feature","properties":{"name":"Estrada de Ferro Paraná Oeste","operator":"Estrada de Ferro Paraná Oeste S/A","usage":"main"},"geometry":{"type":"LineString","coordinates":[[-52.40919,-25.30269],[-52.40981,-25.30272],[-52.41034,-25.30265],[-52.41153,-25.30226],[-52.41217,-25.30196]]}},{"type":"Feature","properties":{"name":null,"operator":"Ferroeste","usage":null},"geometry":{"type":"LineString","coordinates":[[-52.73558,-25.13953],[-52.73509,-25.13884],[-52.73231,-25.13564],[-52.73175,-25.13514],[-52.73102,-25.13475],[-52.7304,-25.13458],[-52.72979,-25.13455],[-52.72906,-25.13466],[-52.72829,-25.13495],[-52.72759,-25.13545],[-52.72699,-25.13611]]}},{"type":"Feature","properties":{"name":"Estrada de Ferro Paraná Oeste","operator":"Estrada de Ferro Paraná Oeste S/A","usage":"main"},"geometry":{"type":"LineString","coordinates":[[-52.41217,-25.30196],[-52.41255,-25.3016],[-52.41279,-25.30122],[-52.41297,-25.30072],[-52.41328,-25.2992],[-52.4137,-25.29852],[-52.41418,-25.29803],[-52.41512,-25.29752],[-52.41551,-25.29739],[-52.41655,-25.29733],[-52.42037,-25.29765],[-52.42102,-25.29792],[-52.42164,-25.29838],[-52.42275,-25.29968],[-52.42458,-25.30098],[-52.4257,-25.30284],[-52.42656,-25.30354],[-52.42712,-25.30379],[-52.42781,-25.30393],[-52.4285,-25.30393],[-52.43051,-25.30335],[-52.43131,-25.30299]]}},{"type":"Feature","properties":{"name":null,"operator":"Estrada de Ferro Paraná Oeste S/A","usage":"main"},"geometry":{"type":"LineString","coordinates":[[-53.33225,-24.98804],[-53.33215,-24.98804]]}},{"type":"Feature","properties":{"name":null,"operator":"Ferroeste","usage":null},"geometry":{"type":"LineString","coordinates":[[-52.92927,-25.09238],[-52.93019,-25.09246],[-52.93107,-25.09282],[-52.93181,-25.0934],[-52.93288,-25.0947],[-52.93337,-25.09518],[-52.93387,-25.09553],[-52.93487,-25.09592],[-52.93652,-25.09614],[-52.93743,-25.09642],[-52.93856,-25.09697]]}},{"type":"Feature","properties":{"name":"Estrada de Ferro Paraná Oeste","operator":"Estrada de Ferro Paraná Oeste S/A","usage":"main"},"geometry":{"type":"LineString","coordinates":[[-52.99264,-25.10596],[-52.99317,-25.10588]]}},{"type":"Feature","properties":{"name":"Estrada de Ferro Paraná Oeste","operator":"Estrada de Ferro Paraná Oeste S/A","usage":"main"},"geometry":{"type":"LineString","coordinates":[[-52.99317,-25.10588],[-52.9943,-25.10578],[-52.99515,-25.10587],[-52.99581,-25.10607],[-52.99656,-25.10647],[-52.99832,-25.10813],[-52.99918,-25.10872],[-53.00345,-25.1111],[-53.00458,-25.11152],[-53.00585,-25.11158],[-53.00628,-25.11149],[-53.00722,-25.11106],[-53.00888,-25.10963],[-53.00973,-25.10919],[-53.01069,-25.10906],[-53.0124,-25.10927],[-53.01334,-25.10927],[-53.01387,-25.10923],[-53.01507,-25.10885],[-53.01582,-25.10841],[-53.01637,-25.10792],[-53.01687,-25.10723],[-53.0176,-25.10552],[-53.01813,-25.10481],[-53.01888,-25.10425],[-53.01965,-25.10391],[-53.02055,-25.10378],[-53.02333,-25.10397],[-53.0244,-25.10389],[-53.02675,-25.10354],[-53.02788,-25.1031],[-53.02922,-25.10205],[-53.03017,-25.10158],[-53.03118,-25.10133],[-53.03374,-25.10136],[-53.03471,-25.10112],[-53.03574,-25.10065],[-53.03644,-25.09992],[-53.03679,-25.09931],[-53.03742,-25.09783],[-53.03803,-25.09718],[-53.03888,-25.09673],[-53.03988,-25.09648],[-53.04303,-25.09588],[-53.04406,-25.0958],[-53.04496,-25.09599],[-53.04599,-25.0966],[-53.04918,-25.09897],[-53.05005,-25.09934],[-53.05098,-25.09946],[-53.05197,-25.09936],[-53.05295,-25.09902],[-53.05414,-25.09845],[-53.05497,-25.09826],[-53.0557,-25.0983],[-53.05652,-25.09854],[-53.05894,-25.1001],[-53.05993,-25.1005],[-53.06086,-25.10069],[-53.06182,-25.10071],[-53.06279,-25.10055],[-53.06374,-25.1002],[-53.06669,-25.09855],[-53.06751,-25.0982],[-53.06857,-25.09803],[-53.07019,-25.09797],[-53.07115,-25.09775],[-53.07293,-25.09704],[-53.07376,-25.09686],[-53.07461,-25.09688],[-53.07556,-25.09707],[-53.07645,-25.09752],[-53.07921,-25.09995],[-53.08001,-25.10032],[-53.08059,-25.10047],[-53.09041,-25.10246],[-53.0916,-25.10261],[-53.09267,-25.10243],[-53.09417,-25.10205],[-53.09501,-25.10195],[-53.09591,-25.10203],[-53.09694,-25.10238],[-53.0991,-25.10344],[-53.10017,-25.1038],[-53.10449,-25.10451]]}},{"type":"Feature","properties":{"name":"Ramal de Guarapuava","operator":"Rumo S/A","usage":"main"},"geometry":{"type":"LineString","coordinates":[[-51.39199,-25.46477],[-51.38988,-25.46496],[-51.38866,-25.46577],[-51.38763,-25.46678],[-51.38703,-25.46786],[-51.38713,-25.46908],[-51.38866,-25.47176],[-51.38849,-25.47255],[-51.38806,-25.47367],[-51.38666,-25.47472],[-51.38473,-25.47569],[-51.38241,-25.47712],[-51.38046,-25.47803],[-51.3769,-25.47916],[-51.37551,-25.48005],[-51.37472,-25.48045],[-51.37154,-25.48042],[-51.37076,-25.48014],[-51.37035,-25.47978],[-51.37001,-25.47933],[-51.36985,-25.47861],[-51.36981,-25.47701],[-51.36838,-25.47372],[-51.36829,-25.47192],[-51.36778,-25.47109],[-51.36693,-25.47032],[-51.36647,-25.46953],[-51.36654,-25.46842],[-51.36706,-25.46717],[-51.36692,-25.46634],[-51.36559,-25.46392],[-51.36473,-25.46263],[-51.36389,-25.46213],[-51.35961,-25.46168],[-51.35833,-25.46162],[-51.35663,-25.46078],[-51.3549,-25.45975],[-51.3537,-25.45943],[-51.35247,-25.45983],[-51.35146,-25.46001],[-51.35019,-25.45965],[-51.34932,-25.4588],[-51.34874,-25.4578],[-51.34796,-25.45734],[-51.34625,-25.45669],[-51.34535,-25.45669],[-51.34134,-25.45844],[-51.34105,-25.45872],[-51.3407,-25.45914],[-51.33902,-25.46231],[-51.33681,-25.4662],[-51.33639,-25.46658],[-51.33479,-25.46712],[-51.33014,-25.46818],[-51.32932,-25.46807],[-51.32829,-25.46751],[-51.32681,-25.46653]]}},{"type":"Feature","properties":{"name":"Ramal de São Francisco","operator":"Rumo S/A","usage":"main"},"geometry":{"type":"LineString","coordinates":[[-49.27497,-26.38418],[-49.27521,-26.38409],[-49.27608,-26.384],[-49.2766,-26.38365],[-49.27715,-26.38258],[-49.27806,-26.38137],[-49.27856,-26.38022],[-49.28006,-26.37896],[-49.28026,-26.3786],[-49.28037,-26.37779],[-49.28083,-26.37733],[-49.28148,-26.37722],[-49.2819,-26.37737],[-49.2822,-26.37767],[-49.28259,-26.37867],[-49.28328,-26.3792],[-49.28405,-26.37963],[-49.28513,-26.37966],[-49.28603,-26.37957],[-49.28663,-26.37935],[-49.28746,-26.37836],[-49.28851,-26.37765],[-49.28899,-26.37723],[-49.28959,-26.37639],[-49.28967,-26.376],[-49.28961,-26.37554]]}},{"type":"Feature","properties":{"name":"Ramal de Curitiba","operator":"Rumo S/A","usage":"branch"},"geometry":{"type":"LineString","coordinates":[[-49.20056,-25.4433],[-49.20039,-25.44329]]}},{"type":"Feature","properties":{"name":"Estrada de Ferro Engenheiro Bley","operator":"Rumo S/A","usage":"main"},"geometry":{"type":"LineString","coordinates":[[-49.1902,-25.44618],[-49.18918,-25.44628],[-49.18844,-25.44622],[-49.18763,-25.44598],[-49.18702,-25.44568],[-49.18646,-25.44527],[-49.18231,-25.4415],[-49.18184,-25.4412],[-49.18136,-25.44102],[-49.17769,-25.43985],[-49.16889,-25.43882]]}},{"type":"Feature","properties":{"name":"Linha Ourinhos-Cianorte","operator":"Rumo S/A","usage":"main"},"geometry":{"type":"LineString","coordinates":[[-51.90833,-23.4258],[-51.92754,-23.4192]]}},{"type":"Feature","properties":{"name":"Tronco Principal Sul","operator":"Rumo S/A","usage":"main"},"geometry":{"type":"LineString","coordinates":[[-49.80231,-26.11148],[-49.802,-26.11178]]}},{"type":"Feature","properties":{"name":"Tronco Principal Sul","operator":"Rumo S/A","usage":"main"},"geometry":{"type":"LineString","coordinates":[[-49.84708,-26.24815],[-49.84646,-26.24737],[-49.84632,-26.24708],[-49.84617,-26.24641],[-49.84619,-26.24571],[-49.84641,-26.24406],[-49.84629,-26.24312],[-49.84601,-26.24256],[-49.84474,-26.24082],[-49.8444,-26.24042],[-49.84371,-26.23985],[-49.83933,-26.23786],[-49.83833,-26.23702],[-49.83778,-26.23627],[-49.83511,-26.23085],[-49.83495,-26.22997],[-49.83521,-26.22729],[-49.835,-26.22652],[-49.83455,-26.2258],[-49.83385,-26.22521],[-49.83277,-26.22482],[-49.83172,-26.22479],[-49.82967,-26.22516],[-49.82856,-26.22517],[-49.82819,-26.2251],[-49.82451,-26.22381]]}},{"type":"Feature","properties":{"name":"Tronco Principal Sul","operator":"Rumo S/A","usage":"main"},"geometry":{"type":"LineString","coordinates":[[-49.82451,-26.22381],[-49.82356,-26.22349]]}},{"type":"Feature","properties":{"name":"Tronco Principal Sul","operator":"Rumo S/A","usage":"main"},"geometry":{"type":"LineString","coordinates":[[-49.80231,-26.11148],[-49.80295,-26.11091]]}},{"type":"Feature","properties":{"name":"Tronco Principal Sul","operator":"Rumo S/A","usage":"main"},"geometry":{"type":"LineString","coordinates":[[-49.82356,-26.22349],[-49.82305,-26.22328],[-49.82254,-26.22293],[-49.82215,-26.22247],[-49.82183,-26.22189],[-49.82172,-26.22152],[-49.82166,-26.22087],[-49.82175,-26.22022],[-49.82328,-26.21552],[-49.82337,-26.21478],[-49.82332,-26.21397],[-49.82058,-26.20586],[-49.8203,-26.20531],[-49.82007,-26.20504],[-49.81367,-26.19816],[-49.81327,-26.19754],[-49.8131,-26.19719],[-49.81255,-26.19502],[-49.81165,-26.19111],[-49.81165,-26.19032],[-49.81187,-26.18952],[-49.81234,-26.18876],[-49.81323,-26.18794],[-49.81729,-26.18575],[-49.81773,-26.1854],[-49.81826,-26.18472],[-49.81843,-26.18432],[-49.81859,-26.1835],[-49.81851,-26.18284],[-49.81821,-26.18216],[-49.81475,-26.17666],[-49.81382,-26.17405]]}},{"type":"Feature","properties":{"name":"Tronco Principal Sul","operator":"Rumo S/A","usage":"main"},"geometry":{"type":"LineString","coordinates":[[-49.761,-26.02651],[-49.76288,-26.02453]]}},{"type":"Feature","properties":{"name":"Tronco Principal Sul","operator":"Rumo S/A","usage":"main"},"geometry":{"type":"LineString","coordinates":[[-49.80726,-26.09717],[-49.80356,-26.09486]]}},{"type":"Feature","properties":{"name":"Tronco Principal Sul","operator":"Rumo S/A","usage":"main"},"geometry":{"type":"LineString","coordinates":[[-49.76288,-26.02453],[-49.76547,-26.02167],[-49.76578,-26.02124],[-49.76614,-26.02036],[-49.76603,-26.01537],[-49.76608,-26.01488],[-49.76661,-26.01375],[-49.77007,-26.00788],[-49.7707,-26.00653],[-49.77081,-26.00591],[-49.77128,-25.99879],[-49.77148,-25.99829],[-49.77195,-25.99758],[-49.77396,-25.99576],[-49.77432,-25.99514],[-49.77452,-25.99449],[-49.77458,-25.99386],[-49.77449,-25.99325],[-49.773,-25.98927],[-49.77293,-25.98821],[-49.77321,-25.98718],[-49.77712,-25.97992],[-49.77741,-25.97844],[-49.7775,-25.97219],[-49.77745,-25.97138],[-49.77692,-25.97002],[-49.77291,-25.96135],[-49.77231,-25.96069],[-49.76761,-25.95834],[-49.76683,-25.95761],[-49.76639,-25.95694],[-49.76612,-25.95604],[-49.76526,-25.95221],[-49.7649,-25.95169],[-49.76402,-25.95086],[-49.76332,-25.95053],[-49.7608,-25.9497]]}},{"type":"Feature","properties":{"name":"Estrada de Ferro Sorocabana","operator":"Rumo S/A","usage":"main"},"geometry":{"type":"LineString","coordinates":[[-48.42326,-22.85912],[-48.42385,-22.85831],[-48.42437,-22.85787],[-48.42498,-22.85752],[-48.42564,-22.85729],[-48.42634,-22.85718],[-48.42705,-22.85719],[-48.42774,-22.85733],[-48.42872,-22.85773]]}},{"type":"Feature","properties":{"name":null,"operator":"Rumo S/A","usage":null},"geometry":{"type":"LineString","coordinates":[[-49.80824,-26.10296],[-49.80731,-26.10405],[-49.80493,-26.10861],[-49.80453,-26.10963],[-49.80411,-26.11007]]}},{"type":"Feature","properties":{"name":"Ramal de São Francisco","operator":"Rumo S/A","usage":"main"},"geometry":{"type":"LineString","coordinates":[[-49.7368,-26.16177],[-49.733,-26.1664],[-49.73277,-26.16685],[-49.73233,-26.16832],[-49.73174,-26.16906],[-49.73133,-26.16937],[-49.7285,-26.17103],[-49.72692,-26.17254],[-49.7263,-26.17273],[-49.72514,-26.17272],[-49.7246,-26.17283],[-49.7243,-26.17299],[-49.72398,-26.17329],[-49.7234,-26.17411],[-49.72308,-26.17436],[-49.72243,-26.17457],[-49.72201,-26.17456],[-49.72137,-26.17438],[-49.72078,-26.17389],[-49.72056,-26.17337],[-49.72055,-26.17304],[-49.72069,-26.17245],[-49.72188,-26.171],[-49.72206,-26.17065],[-49.72211,-26.17031],[-49.72195,-26.16967],[-49.72175,-26.16936],[-49.72127,-26.169],[-49.71953,-26.16859],[-49.71927,-26.16846],[-49.71884,-26.16803],[-49.7187,-26.16765],[-49.71868,-26.1673],[-49.71903,-26.16628],[-49.71908,-26.16592],[-49.71892,-26.16527],[-49.71845,-26.16483],[-49.71677,-26.16417],[-49.71629,-26.16376],[-49.71604,-26.16317],[-49.71573,-26.16095],[-49.71545,-26.16031],[-49.71525,-26.16006],[-49.71345,-26.15886],[-49.71304,-26.1582],[-49.71249,-26.15683],[-49.71171,-26.15632],[-49.71134,-26.15622],[-49.71085,-26.15621],[-49.71008,-26.15647],[-49.70764,-26.15816],[-49.70738,-26.15859],[-49.70706,-26.15942],[-49.70673,-26.15983]]}},{"type":"Feature","properties":{"name":"Ramal de São Francisco","operator":"Rumo S/A","usage":"main"},"geometry":{"type":"LineString","coordinates":[[-49.80188,-26.11155],[-49.80066,-26.11219],[-49.79683,-26.11288],[-49.79532,-26.1137],[-49.79319,-26.11377],[-49.79051,-26.11414],[-49.79017,-26.11412],[-49.78968,-26.11394],[-49.78846,-26.11298],[-49.78716,-26.11222],[-49.78689,-26.11175],[-49.78656,-26.11073],[-49.78614,-26.11033],[-49.78556,-26.11015],[-49.78476,-26.11032],[-49.78453,-26.11045],[-49.78417,-26.11096],[-49.78351,-26.11395],[-49.78077,-26.11826],[-49.78028,-26.11883],[-49.77839,-26.12045],[-49.7778,-26.12059],[-49.77522,-26.12047],[-49.77343,-26.11988],[-49.77182,-26.11983],[-49.77123,-26.11966],[-49.77074,-26.1193],[-49.77042,-26.11875],[-49.76895,-26.11492],[-49.76849,-26.11422],[-49.76792,-26.11375],[-49.76724,-26.11348],[-49.7665,-26.11349],[-49.76624,-26.11358],[-49.76573,-26.11397],[-49.76515,-26.1151],[-49.76511,-26.11573],[-49.76547,-26.11663],[-49.76552,-26.11709],[-49.7654,-26.11753],[-49.76512,-26.11795],[-49.76448,-26.11832],[-49.76214,-26.11849],[-49.76097,-26.11872],[-49.75569,-26.12107],[-49.75459,-26.12187],[-49.75249,-26.12408],[-49.75215,-26.12473],[-49.75182,-26.12566],[-49.7513,-26.12771],[-49.75122,-26.12883],[-49.75128,-26.12945],[-49.75168,-26.13051],[-49.75263,-26.13194],[-49.7529,-26.13249],[-49.75285,-26.13312],[-49.75258,-26.13357]]}},{"type":"Feature","properties":{"name":"Ramal de São Francisco","operator":"Rumo S/A","usage":"main"},"geometry":{"type":"LineString","coordinates":[[-49.73707,-26.16144],[-49.7368,-26.16177]]}},{"type":"Feature","properties":{"name":"Ramal de São Francisco","operator":"Rumo S/A","usage":"main"},"geometry":{"type":"LineString","coordinates":[[-49.6902,-26.18502],[-49.69043,-26.18508]]}},{"type":"Feature","properties":{"name":"Ramal de São Francisco","operator":"Rumo S/A","usage":"main"},"geometry":{"type":"LineString","coordinates":[[-49.80219,-26.11134],[-49.80188,-26.11155]]}},{"type":"Feature","properties":{"name":"Ramal de São Francisco","operator":"Rumo S/A","usage":"main"},"geometry":{"type":"LineString","coordinates":[[-49.65262,-26.19962],[-49.65293,-26.20007],[-49.65314,-26.20067],[-49.65322,-26.20121],[-49.65313,-26.20186],[-49.6523,-26.205],[-49.65126,-26.20952],[-49.65101,-26.21005],[-49.65059,-26.21065],[-49.64997,-26.21108],[-49.64921,-26.21118],[-49.64317,-26.21047],[-49.64184,-26.20973],[-49.64139,-26.20959],[-49.64073,-26.20955],[-49.6401,-26.20933],[-49.6397,-26.20901],[-49.63932,-26.2084],[-49.63897,-26.20802],[-49.63838,-26.20772],[-49.63799,-26.20767],[-49.63716,-26.20785],[-49.63526,-26.2089],[-49.63467,-26.20947],[-49.63414,-26.20985],[-49.63368,-26.20999],[-49.63327,-26.21001],[-49.63225,-26.20982],[-49.63169,-26.20986],[-49.63135,-26.20998],[-49.63012,-26.21073],[-49.62983,-26.21083],[-49.62851,-26.21092],[-49.62786,-26.21117],[-49.62457,-26.21425],[-49.62444,-26.21448],[-49.62433,-26.21531],[-49.62421,-26.21562],[-49.62375,-26.21617],[-49.62302,-26.21643],[-49.62112,-26.21682],[-49.62052,-26.21683],[-49.62016,-26.21672],[-49.61768,-26.21591],[-49.6173,-26.21576],[-49.61697,-26.21549],[-49.61667,-26.21489],[-49.61655,-26.21388],[-49.61654,-26.21302],[-49.61679,-26.21158],[-49.61673,-26.21104],[-49.61631,-26.21045],[-49.61555,-26.21011],[-49.61509,-26.21012],[-49.61469,-26.21023],[-49.61412,-26.21062],[-49.61398,-26.21081],[-49.61382,-26.2114],[-49.61385,-26.21214],[-49.61369,-26.21314],[-49.61328,-26.21356],[-49.61203,-26.2143],[-49.61101,-26.21442],[-49.60922,-26.21436],[-49.60758,-26.21394],[-49.60697,-26.21387],[-49.60639,-26.21393],[-49.60549,-26.21431],[-49.60498,-26.21484],[-49.6048,-26.21516],[-49.60469,-26.21563],[-49.60403,-26.226],[-49.60394,-26.22638],[-49.60372,-26.22674]]}},{"type":"Feature","properties":{"name":"Estrada de Ferro Engenheiro Bley","operator":"Rumo S/A","usage":"main"},"geometry":{"type":"LineString","coordinates":[[-48.93478,-25.42677],[-48.93541,-25.42702]]}},{"type":"Feature","properties":{"name":"Estrada de Ferro Engenheiro Bley","operator":"Rumo S/A","usage":"main"},"geometry":{"type":"LineString","coordinates":[[-48.95779,-25.42355],[-48.95764,-25.42371]]}},{"type":"Feature","properties":{"name":"Estrada de Ferro Engenheiro Bley","operator":"Rumo S/A","usage":"main"},"geometry":{"type":"LineString","coordinates":[[-48.92271,-25.43707],[-48.92214,-25.43657],[-48.92192,-25.43623]]}},{"type":"Feature","properties":{"name":"Estrada de Ferro Engenheiro Bley","operator":"Rumo S/A","usage":null},"geometry":{"type":"LineString","coordinates":[[-48.94383,-25.42676],[-48.94484,-25.42716],[-48.94726,-25.42888],[-48.94759,-25.42897],[-48.94858,-25.42891],[-48.94902,-25.42913],[-48.94982,-25.4297],[-48.95111,-25.42994],[-48.95194,-25.43039]]}},{"type":"Feature","properties":{"name":null,"operator":"Rumo S/A","usage":null},"geometry":{"type":"LineString","coordinates":[[-48.91761,-25.4399],[-48.91869,-25.43954],[-48.91911,-25.43932]]}},{"type":"Feature","properties":{"name":"Estrada de Ferro Engenheiro Bley","operator":"Rumo S/A","usage":"main"},"geometry":{"type":"LineString","coordinates":[[-48.9361,-25.42865],[-48.93562,-25.43013],[-48.93583,-25.43063],[-48.93656,-25.4316],[-48.93667,-25.43187],[-48.93644,-25.43318],[-48.93648,-25.43442]]}},{"type":"Feature","properties":{"name":"Estrada de Ferro Engenheiro Bley","operator":"Rumo S/A","usage":"main"},"geometry":{"type":"LineString","coordinates":[[-48.95764,-25.42371],[-48.95742,-25.42409],[-48.95746,-25.42533],[-48.95723,-25.42585],[-48.95657,-25.42666],[-48.95648,-25.42753],[-48.95619,-25.42842],[-48.95566,-25.42958],[-48.95493,-25.43091],[-48.9547,-25.43121],[-48.95431,-25.43141],[-48.95407,-25.43142],[-48.95357,-25.43124],[-48.95123,-25.43002],[-48.9498,-25.42973],[-48.94864,-25.42897],[-48.94829,-25.42892],[-48.94751,-25.429],[-48.94724,-25.42891],[-48.94482,-25.42719],[-48.94429,-25.42693],[-48.9426,-25.42636]]}},{"type":"Feature","properties":{"name":"Tronco Principal Sul","operator":"Rumo S/A","usage":"main"},"geometry":{"type":"LineString","coordinates":[[-49.84708,-26.24815],[-49.84828,-26.24905],[-49.84872,-26.24947],[-49.84911,-26.25006],[-49.84933,-26.2507],[-49.84939,-26.25134],[-49.84928,-26.25188],[-49.849,-26.25245],[-49.8486,-26.25301],[-49.84637,-26.25529],[-49.84589,-26.2561],[-49.84578,-26.25675],[-49.84583,-26.2576],[-49.84603,-26.25809],[-49.84648,-26.2587],[-49.84878,-26.2613],[-49.84898,-26.26168],[-49.84914,-26.26263],[-49.8491,-26.26792],[-49.84918,-26.26839],[-49.84942,-26.26894],[-49.84976,-26.26942],[-49.85185,-26.27098],[-49.85232,-26.27145],[-49.85297,-26.27239],[-49.8532,-26.27287],[-49.85542,-26.28236],[-49.85582,-26.28335],[-49.85792,-26.2871],[-49.85897,-26.28812],[-49.85979,-26.28864],[-49.86349,-26.29016],[-49.86427,-26.29073],[-49.86506,-26.29171],[-49.87092,-26.30107],[-49.87196,-26.30258],[-49.87242,-26.30307],[-49.87415,-26.30424],[-49.87785,-26.3064],[-49.87857,-26.30686],[-49.87917,-26.30737],[-49.88061,-26.3088],[-49.89256,-26.32187],[-49.89371,-26.32279],[-49.89886,-26.32562],[-49.89938,-26.32597],[-49.90016,-26.32677],[-49.90052,-26.32725],[-49.90132,-26.32914],[-49.90208,-26.33158],[-49.9022,-26.33215],[-49.90222,-26.33322],[-49.90198,-26.3342],[-49.90169,-26.33487],[-49.90079,-26.3362],[-49.90019,-26.33761],[-49.89992,-26.33937],[-49.89954,-26.34338],[-49.89969,-26.34457],[-49.89986,-26.34497],[-49.90019,-26.3456],[-49.90145,-26.34743],[-49.90193,-26.34848],[-49.90208,-26.34957],[-49.90178,-26.35196],[-49.9018,-26.35284]]}},{"type":"Feature","properties":{"name":null,"operator":"Rumo S/A","usage":null},"geometry":{"type":"LineString","coordinates":[[-49.32083,-25.19216],[-49.32156,-25.19228],[-49.32188,-25.19246],[-49.32211,-25.19272]]}},{"type":"Feature","properties":{"name":null,"operator":"Rumo S/A","usage":null},"geometry":{"type":"LineString","coordinates":[[-49.32168,-25.19498],[-49.32226,-25.19411],[-49.32234,-25.19378],[-49.32228,-25.19341],[-49.32166,-25.19252],[-49.32144,-25.19236],[-49.32083,-25.19216]]}},{"type":"Feature","properties":{"name":null,"operator":"ALL","usage":null},"geometry":{"type":"LineString","coordinates":[[-51.27589,-23.27558],[-51.27992,-23.27626],[-51.28057,-23.27644]]}},{"type":"Feature","properties":{"name":null,"operator":"ALL","usage":null},"geometry":{"type":"LineString","coordinates":[[-51.28029,-23.27639],[-51.27434,-23.27531]]}},{"type":"Feature","properties":{"name":null,"operator":"ALL","usage":null},"geometry":{"type":"LineString","coordinates":[[-49.89067,-22.99543],[-49.89043,-22.99595],[-49.88958,-22.99895]]}},{"type":"Feature","properties":{"name":null,"operator":"ALL","usage":null},"geometry":{"type":"LineString","coordinates":[[-49.89073,-22.99391],[-49.89091,-22.99443],[-49.89088,-22.99474],[-49.88948,-22.99942]]}},{"type":"Feature","properties":{"name":null,"operator":"ALL","usage":null},"geometry":{"type":"LineString","coordinates":[[-49.89078,-22.99507],[-49.8907,-22.99566],[-49.88971,-22.99892]]}},{"type":"Feature","properties":{"name":null,"operator":"ALL","usage":null},"geometry":{"type":"LineString","coordinates":[[-49.92114,-22.95743],[-49.92211,-22.95801],[-49.92243,-22.95825],[-49.92264,-22.95854],[-49.92289,-22.95926],[-49.9229,-22.95958],[-49.92279,-22.95999],[-49.9141,-22.97497]]}},{"type":"Feature","properties":{"name":null,"operator":"ALL","usage":null},"geometry":{"type":"LineString","coordinates":[[-49.91521,-22.97323],[-49.91536,-22.97282]]}},{"type":"Feature","properties":{"name":null,"operator":"ALL","usage":null},"geometry":{"type":"LineString","coordinates":[[-49.91584,-22.97218],[-49.91418,-22.975]]}},{"type":"Feature","properties":{"name":null,"operator":"ALL","usage":null},"geometry":{"type":"LineString","coordinates":[[-49.91425,-22.97502],[-49.91562,-22.97264],[-49.9163,-22.97123]]}},{"type":"Feature","properties":{"name":null,"operator":"ALL","usage":null},"geometry":{"type":"LineString","coordinates":[[-50.98266,-23.2533],[-50.97786,-23.25141]]}},{"type":"Feature","properties":{"name":null,"operator":"Rumo S/A","usage":null},"geometry":{"type":"LineString","coordinates":[[-50.0594,-23.05404],[-50.0572,-23.05477],[-50.05617,-23.05481],[-50.05395,-23.05516]]}},{"type":"Feature","properties":{"name":null,"operator":"Rumo S/A","usage":null},"geometry":{"type":"LineString","coordinates":[[-50.05861,-23.05355],[-50.05824,-23.05375],[-50.05489,-23.05493],[-50.05436,-23.05504]]}},{"type":"Feature","properties":{"name":null,"operator":"ALL","usage":null},"geometry":{"type":"LineString","coordinates":[[-50.05819,-25.22665],[-50.05756,-25.22602],[-50.05749,-25.22586],[-50.05753,-25.22547],[-50.05783,-25.22517],[-50.06426,-25.22295]]}},{"type":"Feature","properties":{"name":null,"operator":"ALL","usage":null},"geometry":{"type":"LineString","coordinates":[[-50.08343,-25.1964],[-50.08351,-25.19561],[-50.08335,-25.19534],[-50.08268,-25.19477],[-50.08211,-25.19454],[-50.07976,-25.19414]]}},{"type":"Feature","properties":{"name":null,"operator":"ALL","usage":null},"geometry":{"type":"LineString","coordinates":[[-50.05987,-25.23146],[-50.06148,-25.22972],[-50.06277,-25.22785],[-50.06417,-25.22528],[-50.06523,-25.22291],[-50.06578,-25.22116],[-50.06599,-25.22011],[-50.06668,-25.21515],[-50.06679,-25.21342],[-50.06693,-25.21248]]}},{"type":"Feature","properties":{"name":null,"operator":"ALL","usage":null},"geometry":{"type":"LineString","coordinates":[[-50.0643,-25.22453],[-50.06174,-25.2285],[-50.06137,-25.22872],[-50.06084,-25.22881],[-50.06049,-25.22872],[-50.06011,-25.22848],[-50.05819,-25.22665],[-50.05461,-25.22354]]}},{"type":"Feature","properties":{"name":null,"operator":"ALL","usage":null},"geometry":{"type":"LineString","coordinates":[[-50.06011,-25.22848],[-50.06056,-25.22884]]}},{"type":"Feature","properties":{"name":null,"operator":"ALL","usage":null},"geometry":{"type":"LineString","coordinates":[[-50.05967,-25.22808],[-50.05612,-25.22493]]}},{"type":"Feature","properties":{"name":null,"operator":"ALL","usage":null},"geometry":{"type":"LineString","coordinates":[[-50.06424,-25.22291],[-50.05931,-25.22459]]}},{"type":"Feature","properties":{"name":"Tronco Principal Sul","operator":"Rumo S/A","usage":"main"},"geometry":{"type":"LineString","coordinates":[[-50.05335,-25.24153],[-50.05303,-25.24215]]}},{"type":"Feature","properties":{"name":null,"operator":"ALL","usage":null},"geometry":{"type":"LineString","coordinates":[[-50.05631,-25.22515],[-50.05943,-25.22794]]}},{"type":"Feature","properties":{"name":"Tronco Principal Sul","operator":"Rumo S/A","usage":"main"},"geometry":{"type":"LineString","coordinates":[[-50.07818,-25.20174],[-50.07968,-25.20136],[-50.0804,-25.20107],[-50.08133,-25.20054],[-50.08193,-25.20009],[-50.08251,-25.19955],[-50.08319,-25.19866],[-50.08364,-25.19784],[-50.08404,-25.19655],[-50.0847,-25.19318],[-50.08465,-25.192],[-50.08435,-25.19081],[-50.08405,-25.19021],[-50.08229,-25.18767],[-50.0819,-25.18639],[-50.08189,-25.18533],[-50.0821,-25.18438],[-50.08407,-25.17938],[-50.08428,-25.17847],[-50.08444,-25.17722],[-50.08459,-25.17478],[-50.08487,-25.17358],[-50.08529,-25.1724],[-50.08626,-25.17062],[-50.08718,-25.16947],[-50.09362,-25.16241],[-50.09444,-25.16105],[-50.09485,-25.15988],[-50.09502,-25.15906],[-50.0951,-25.15784],[-50.09498,-25.15658],[-50.09357,-25.14639],[-50.09334,-25.14559],[-50.093,-25.14499],[-50.09239,-25.14428],[-50.09017,-25.14285],[-50.08965,-25.14224],[-50.08919,-25.14147],[-50.08896,-25.14049],[-50.08898,-25.13974],[-50.08924,-25.13889],[-50.08988,-25.138],[-50.09102,-25.13687],[-50.09173,-25.13597],[-50.09222,-25.13495],[-50.09242,-25.13388],[-50.09245,-25.13299],[-50.09213,-25.13173],[-50.09103,-25.12819],[-50.09096,-25.12693],[-50.09127,-25.12551],[-50.09253,-25.12214],[-50.09264,-25.12092],[-50.09252,-25.12012],[-50.09212,-25.11905],[-50.0887,-25.1119],[-50.08842,-25.11075],[-50.08836,-25.10987],[-50.08841,-25.10916],[-50.08858,-25.10847],[-50.08899,-25.10761],[-50.09247,-25.10133],[-50.09324,-25.0997],[-50.09419,-25.09826],[-50.09573,-25.0956],[-50.09633,-25.09488],[-50.09702,-25.09425],[-50.09819,-25.09343],[-50.09919,-25.09294],[-50.10033,-25.09255],[-50.10221,-25.09226],[-50.10587,-25.09241],[-50.10692,-25.09221],[-50.10777,-25.09177],[-50.10848,-25.09108],[-50.10902,-25.08993],[-50.1096,-25.08597]]}},{"type":"Feature","properties":{"name":null,"operator":"ALL","usage":null},"geometry":{"type":"LineString","coordinates":[[-50.06421,-25.22283],[-50.0596,-25.22445]]}},{"type":"Feature","properties":{"name":null,"operator":"ALL","usage":null},"geometry":{"type":"LineString","coordinates":[[-50.08352,-25.1962],[-50.08405,-25.19346]]}},{"type":"Feature","properties":{"name":"Tronco Principal Sul","operator":"Rumo S/A","usage":"main"},"geometry":{"type":"LineString","coordinates":[[-50.067,-25.21209],[-50.06683,-25.21343],[-50.06673,-25.21515],[-50.06593,-25.22075],[-50.06529,-25.22293],[-50.06456,-25.22457],[-50.06281,-25.22787],[-50.06152,-25.22974],[-50.06038,-25.23105],[-50.05894,-25.2324],[-50.05752,-25.23406],[-50.05655,-25.23556],[-50.05335,-25.24153]]}},{"type":"Feature","properties":{"name":null,"operator":"ALL","usage":null},"geometry":{"type":"LineString","coordinates":[[-50.05909,-25.22472],[-50.0596,-25.22445],[-50.06423,-25.22287]]}},{"type":"Feature","properties":{"name":null,"operator":"ALL","usage":null},"geometry":{"type":"LineString","coordinates":[[-50.07974,-25.19424],[-50.08207,-25.19457],[-50.08261,-25.19478],[-50.08301,-25.19504]]}},{"type":"Feature","properties":{"name":null,"operator":"ALL","usage":null},"geometry":{"type":"LineString","coordinates":[[-50.06957,-25.20847],[-50.07051,-25.20787],[-50.07194,-25.20674],[-50.0723,-25.20637],[-50.07311,-25.20526]]}},{"type":"Feature","properties":{"name":null,"operator":"ALL","usage":null},"geometry":{"type":"LineString","coordinates":[[-50.08322,-25.19521],[-50.08292,-25.19487],[-50.08245,-25.19458],[-50.07976,-25.19406]]}},{"type":"Feature","properties":{"name":null,"operator":"ALL","usage":null},"geometry":{"type":"LineString","coordinates":[[-50.07857,-25.20068],[-50.08206,-25.1991],[-50.08241,-25.19863],[-50.08273,-25.19801]]}},{"type":"Feature","properties":{"name":null,"operator":"ALL","usage":null},"geometry":{"type":"LineString","coordinates":[[-50.06349,-25.22638],[-50.06506,-25.22283],[-50.06558,-25.22111]]}},{"type":"Feature","properties":{"name":null,"operator":"ALL","usage":null},"geometry":{"type":"LineString","coordinates":[[-50.05798,-25.22508],[-50.05715,-25.22532],[-50.05681,-25.22527],[-50.05636,-25.22506]]}},{"type":"Feature","properties":{"name":null,"operator":"ALL","usage":null},"geometry":{"type":"LineString","coordinates":[[-50.08242,-25.18842],[-50.08211,-25.18805],[-50.08198,-25.18776],[-50.08147,-25.18629],[-50.08145,-25.18552],[-50.08178,-25.1848]]}},{"type":"Feature","properties":{"name":null,"operator":"ALL","usage":null},"geometry":{"type":"LineString","coordinates":[[-50.0723,-25.20637],[-50.07277,-25.20558],[-50.07292,-25.20514],[-50.07297,-25.20485],[-50.07289,-25.20456],[-50.07276,-25.20436],[-50.07107,-25.20323]]}},{"type":"Feature","properties":{"name":"Tronco Principal Sul","operator":"Rumo S/A","usage":"main"},"geometry":{"type":"LineString","coordinates":[[-50.05303,-25.24215],[-50.05197,-25.24419],[-50.05137,-25.24601],[-50.05109,-25.24766],[-50.05108,-25.24939],[-50.05133,-25.25106],[-50.05187,-25.25288],[-50.05416,-25.25735],[-50.05453,-25.25851],[-50.05468,-25.25941],[-50.05458,-25.26121],[-50.05382,-25.26437],[-50.05345,-25.26528],[-50.05298,-25.26616],[-50.05176,-25.26778],[-50.05091,-25.26863],[-50.04766,-25.27115],[-50.04476,-25.27353],[-50.04404,-25.2744],[-50.04197,-25.27734],[-50.03866,-25.28227],[-50.038,-25.2836],[-50.03765,-25.28455],[-50.03681,-25.28869],[-50.03647,-25.28961],[-50.0356,-25.29097],[-50.03493,-25.29166],[-50.03417,-25.29227],[-50.03297,-25.29291],[-50.03163,-25.2933],[-50.03099,-25.29339],[-50.02974,-25.29344],[-50.02658,-25.29325],[-50.02424,-25.29328],[-50.01736,-25.29429],[-50.01594,-25.29438],[-50.01296,-25.29408],[-50.01167,-25.29406],[-50.00936,-25.29441],[-50.00829,-25.29473],[-50.00641,-25.29556],[-50.00535,-25.29624],[-50.00448,-25.29693],[-49.99966,-25.30137],[-49.99879,-25.30205],[-49.99253,-25.30571]]}},{"type":"Feature","properties":{"name":null,"operator":"ALL","usage":null},"geometry":{"type":"LineString","coordinates":[[-50.05982,-25.22818],[-50.05918,-25.22779],[-50.05645,-25.22536],[-50.05595,-25.22474]]}},{"type":"Feature","properties":{"name":null,"operator":"ALL","usage":null},"geometry":{"type":"LineString","coordinates":[[-50.08204,-25.18434],[-50.08162,-25.18517],[-50.08153,-25.18553],[-50.08154,-25.18629],[-50.08214,-25.18795],[-50.08242,-25.18842],[-50.08315,-25.18904]]}},{"type":"Feature","properties":{"name":null,"operator":"ALL","usage":null},"geometry":{"type":"LineString","coordinates":[[-50.08443,-25.19428],[-50.08245,-25.19865],[-50.08225,-25.19895],[-50.08187,-25.19926],[-50.07861,-25.20072]]}},{"type":"Feature","properties":{"name":null,"operator":"ALL","usage":null},"geometry":{"type":"LineString","coordinates":[[-50.06558,-25.22111],[-50.06572,-25.22024],[-50.06571,-25.21975],[-50.06537,-25.21926],[-50.06507,-25.2191],[-50.06466,-25.219],[-50.06062,-25.21878]]}},{"type":"Feature","properties":{"name":null,"operator":"Rumo S/A","usage":null},"geometry":{"type":"LineString","coordinates":[[-50.07601,-25.20233],[-50.07722,-25.20189],[-50.07966,-25.20131],[-50.08039,-25.20101],[-50.08131,-25.20048],[-50.08283,-25.19909],[-50.08356,-25.19781],[-50.0838,-25.1972],[-50.08463,-25.19318],[-50.0846,-25.19199],[-50.0843,-25.19084],[-50.084,-25.19022],[-50.08224,-25.18769],[-50.08192,-25.18682],[-50.08181,-25.18586],[-50.0819,-25.18478],[-50.08204,-25.18434],[-50.08329,-25.18136]]}},{"type":"Feature","properties":{"name":"Tronco Principal Sul","operator":"Rumo S/A","usage":"main"},"geometry":{"type":"LineString","coordinates":[[-49.8059,-25.55286],[-49.80503,-25.55327],[-49.80423,-25.55383],[-49.79986,-25.55861],[-49.79822,-25.56055],[-49.7966,-25.56349],[-49.79499,-25.56524],[-49.7928,-25.56641],[-49.78968,-25.56762],[-49.784,-25.57026],[-49.78138,-25.57161],[-49.77497,-25.57573]]}},{"type":"Feature","properties":{"name":"Estrada de Ferro Central do Paraná","operator":"Rumo S/A","usage":"main"},"geometry":{"type":"LineString","coordinates":[[-50.70029,-24.9488],[-50.70439,-24.94947],[-50.70551,-24.94936],[-50.70666,-24.94884],[-50.70726,-24.94832],[-50.70901,-24.94599],[-50.70948,-24.94554],[-50.71045,-24.94492],[-50.71114,-24.9448],[-50.71172,-24.94479],[-50.71278,-24.94496],[-50.71397,-24.94549],[-50.71784,-24.94689],[-50.71977,-24.9477],[-50.7204,-24.94785],[-50.72159,-24.94794],[-50.72231,-24.94781],[-50.72321,-24.94745],[-50.72408,-24.94684],[-50.72437,-24.94651],[-50.72509,-24.94523],[-50.72588,-24.94348],[-50.72611,-24.94309],[-50.72674,-24.94244],[-50.72766,-24.94184],[-50.73208,-24.94027],[-50.73274,-24.93988],[-50.73321,-24.93941],[-50.73363,-24.93869],[-50.73496,-24.93528],[-50.73566,-24.93445],[-50.73649,-24.93395],[-50.73879,-24.93281],[-50.7405,-24.93181],[-50.74945,-24.92638],[-50.75207,-24.9241],[-50.7531,-24.92342],[-50.75806,-24.92074],[-50.75905,-24.92004],[-50.75981,-24.91916],[-50.76038,-24.91795],[-50.76058,-24.91702],[-50.76046,-24.91096],[-50.76062,-24.91],[-50.76117,-24.90885],[-50.76177,-24.90806],[-50.76258,-24.90676],[-50.76305,-24.90525],[-50.76302,-24.90412],[-50.76207,-24.90097],[-50.76196,-24.89997],[-50.76311,-24.8956],[-50.76361,-24.89395],[-50.76454,-24.89209],[-50.76707,-24.88781],[-50.7677,-24.88712],[-50.76836,-24.8866],[-50.7693,-24.88619],[-50.77618,-24.88481],[-50.77728,-24.88471],[-50.77837,-24.88476],[-50.77951,-24.885],[-50.78462,-24.88673],[-50.78574,-24.88688],[-50.78684,-24.88681],[-50.7908,-24.88591],[-50.79425,-24.88487],[-50.79525,-24.8847],[-50.79614,-24.88471],[-50.79713,-24.88487],[-50.80595,-24.88748],[-50.80773,-24.88781],[-50.80995,-24.88788],[-50.81102,-24.88774],[-50.81196,-24.88746],[-50.81295,-24.88694],[-50.81484,-24.88517],[-50.81555,-24.88474],[-50.81666,-24.88428],[-50.81931,-24.88383],[-50.82006,-24.8836],[-50.82757,-24.88041],[-50.82876,-24.87972],[-50.82972,-24.87881],[-50.83194,-24.87631],[-50.83651,-24.8732],[-50.83755,-24.8726],[-50.83856,-24.87228],[-50.84135,-24.87207],[-50.84259,-24.87183],[-50.84348,-24.87153],[-50.84399,-24.87119],[-50.84493,-24.87026],[-50.84559,-24.86902],[-50.84588,-24.8677],[-50.84641,-24.86396],[-50.84667,-24.86321],[-50.8472,-24.86257],[-50.84838,-24.86157],[-50.84888,-24.86096],[-50.84911,-24.86031],[-50.84935,-24.8592],[-50.84911,-24.85815],[-50.84858,-24.85751],[-50.84763,-24.85685],[-50.84657,-24.85642],[-50.84365,-24.85634],[-50.84258,-24.85624],[-50.84142,-24.85559],[-50.84067,-24.85459],[-50.84011,-24.85339],[-50.83991,-24.85219],[-50.84028,-24.85102],[-50.84103,-24.84988],[-50.84169,-24.84856],[-50.84176,-24.84753],[-50.84144,-24.8463],[-50.83997,-24.84357],[-50.83938,-24.8422],[-50.83928,-24.84126],[-50.83952,-24.84038],[-50.84108,-24.83657],[-50.84217,-24.8336],[-50.84257,-24.83269],[-50.8431,-24.83197],[-50.84395,-24.83115],[-50.84576,-24.82993],[-50.8485,-24.82747],[-50.8507,-24.82508],[-50.85152,-24.82439],[-50.85242,-24.82387],[-50.8537,-24.82336],[-50.85491,-24.82308],[-50.85627,-24.823],[-50.86249,-24.82294],[-50.8639,-24.82257],[-50.86476,-24.822],[-50.86553,-24.82126],[-50.86623,-24.82005],[-50.8666,-24.81875],[-50.8672,-24.79965],[-50.86732,-24.79246],[-50.86863,-24.74776],[-50.86872,-24.74666],[-50.86907,-24.74564],[-50.86971,-24.74464],[-50.8704,-24.74396],[-50.87123,-24.74344],[-50.87213,-24.74304],[-50.87317,-24.74276],[-50.88387,-24.74247],[-50.88506,-24.74266],[-50.88593,-24.74298],[-50.89211,-24.74647],[-50.8931,-24.74673],[-50.89418,-24.74677],[-50.89517,-24.74656],[-50.89615,-24.74611],[-50.89695,-24.74549],[-50.89743,-24.74474],[-50.8978,-24.74379],[-50.8979,-24.74257],[-50.8973,-24.7395],[-50.8975,-24.73822],[-50.89815,-24.73709],[-50.89896,-24.73637],[-50.8999,-24.73587],[-50.90112,-24.73554],[-50.90208,-24.73551],[-50.90473,-24.73604],[-50.90583,-24.73608],[-50.90684,-24.7359],[-50.90803,-24.73528],[-50.90884,-24.7346],[-50.90938,-24.73365],[-50.90968,-24.73269],[-50.91013,-24.72901],[-50.91062,-24.72731],[-50.91117,-24.72629],[-50.91202,-24.72527],[-50.9178,-24.7192],[-50.92546,-24.71133],[-50.92606,-24.71041],[-50.92641,-24.70929],[-50.92634,-24.70822],[-50.92488,-24.70146],[-50.92456,-24.70062]]}},{"type":"Feature","properties":{"name":"Estrada de Ferro Central do Paraná","operator":"Rumo S/A","usage":"main"},"geometry":{"type":"LineString","coordinates":[[-50.37556,-24.9432],[-50.37506,-24.94277],[-50.37461,-24.94218],[-50.37432,-24.94134],[-50.37433,-24.94047],[-50.37547,-24.93723],[-50.37578,-24.93534],[-50.37554,-24.9334],[-50.37498,-24.93198],[-50.37426,-24.93069],[-50.37357,-24.93018],[-50.37292,-24.92984],[-50.37165,-24.92962],[-50.37061,-24.92979],[-50.37008,-24.93],[-50.3696,-24.93031],[-50.36772,-24.9326],[-50.36694,-24.93316],[-50.36572,-24.93354],[-50.36443,-24.9335],[-50.36355,-24.93325],[-50.3574,-24.93098],[-50.35695,-24.93085],[-50.35603,-24.93076],[-50.35478,-24.93094],[-50.35353,-24.93143],[-50.35229,-24.93236],[-50.35002,-24.93443],[-50.34921,-24.93483],[-50.34838,-24.93509],[-50.34717,-24.93513],[-50.34599,-24.93484],[-50.34505,-24.93427],[-50.34467,-24.9339],[-50.34416,-24.93296],[-50.34408,-24.93242],[-50.34413,-24.93179],[-50.34435,-24.93113],[-50.34469,-24.93057],[-50.34501,-24.93021],[-50.35181,-24.92408],[-50.35262,-24.92318],[-50.35308,-24.92194],[-50.35315,-24.92085],[-50.35295,-24.91976],[-50.3521,-24.91756],[-50.35124,-24.91664],[-50.35016,-24.91617],[-50.34868,-24.91614],[-50.34738,-24.91668],[-50.34447,-24.91964],[-50.34055,-24.92217],[-50.33936,-24.9236],[-50.33719,-24.92911],[-50.33701,-24.9304],[-50.33773,-24.93374],[-50.3389,-24.93798],[-50.34018,-24.94174],[-50.34571,-24.94966],[-50.34589,-24.9516],[-50.34502,-24.95329],[-50.3434,-24.9558],[-50.33977,-24.96464],[-50.33919,-24.96528],[-50.33826,-24.96588],[-50.33722,-24.96609],[-50.335,-24.96591],[-50.33362,-24.96614],[-50.33249,-24.96672],[-50.33167,-24.96751],[-50.33124,-24.96839],[-50.33108,-24.96954],[-50.33194,-24.97479],[-50.33219,-24.97736],[-50.3314,-24.97974],[-50.32898,-24.98221],[-50.32763,-24.98457],[-50.32649,-24.99073],[-50.3267,-24.99272],[-50.32874,-24.99575],[-50.32926,-24.99696],[-50.32933,-24.998],[-50.32856,-24.99957],[-50.32639,-25.00311],[-50.32523,-25.00518],[-50.32374,-25.00974],[-50.32323,-25.01074],[-50.32121,-25.01372],[-50.32098,-25.01456],[-50.32098,-25.0153],[-50.32142,-25.01634],[-50.32356,-25.01856],[-50.32391,-25.01998],[-50.32368,-25.02342],[-50.3234,-25.0245],[-50.32304,-25.02504],[-50.3223,-25.02564],[-50.32136,-25.02603],[-50.32024,-25.02609],[-50.31745,-25.0257],[-50.31587,-25.02616],[-50.31219,-25.02899],[-50.31034,-25.03052],[-50.30888,-25.03291],[-50.30849,-25.03442],[-50.30746,-25.03551],[-50.30481,-25.0364],[-50.30232,-25.03692],[-50.30161,-25.03692],[-50.3006,-25.03674],[-50.29641,-25.03563],[-50.29523,-25.03542],[-50.29444,-25.03538],[-50.29181,-25.03555],[-50.29099,-25.03569],[-50.29011,-25.03609],[-50.28973,-25.03645],[-50.28853,-25.03822],[-50.28802,-25.03875],[-50.28747,-25.03911],[-50.28677,-25.0394],[-50.286,-25.03954],[-50.2853,-25.03946],[-50.28444,-25.03918],[-50.28373,-25.03873],[-50.28322,-25.0381],[-50.28273,-25.03714],[-50.28221,-25.03424],[-50.28177,-25.03338],[-50.28122,-25.03283],[-50.28065,-25.03241],[-50.28012,-25.03224],[-50.27907,-25.03207],[-50.27803,-25.03228],[-50.27734,-25.03264],[-50.27686,-25.03308],[-50.27306,-25.03784],[-50.27241,-25.0384],[-50.27086,-25.03916],[-50.27,-25.03936],[-50.26581,-25.03995],[-50.26386,-25.0401],[-50.2627,-25.04002],[-50.25429,-25.03866],[-50.25335,-25.03866],[-50.25043,-25.03941],[-50.24951,-25.03945],[-50.24415,-25.03891],[-50.24331,-25.03897],[-50.24257,-25.03921],[-50.24084,-25.04051],[-50.23743,-25.04332],[-50.23703,-25.04378],[-50.23636,-25.04479],[-50.23542,-25.04708],[-50.23425,-25.04958],[-50.2331,-25.05152],[-50.23262,-25.05202],[-50.22935,-25.05435],[-50.22415,-25.05698],[-50.21925,-25.05984],[-50.21869,-25.06003],[-50.21729,-25.06032],[-50.21586,-25.06045],[-50.21492,-25.06062],[-50.21441,-25.06082],[-50.21395,-25.06113],[-50.21337,-25.06172],[-50.2106,-25.06826],[-50.21051,-25.06892],[-50.21052,-25.07308],[-50.21027,-25.07373],[-50.20981,-25.07442],[-50.20872,-25.07514],[-50.20759,-25.07546],[-50.20594,-25.07576],[-50.20527,-25.076],[-50.20474,-25.07642],[-50.20282,-25.07854],[-50.20204,-25.079],[-50.20148,-25.07916],[-50.19654,-25.0796],[-50.19591,-25.07946],[-50.19514,-25.07907],[-50.19261,-25.07693],[-50.19205,-25.07675],[-50.19105,-25.07661],[-50.18754,-25.07709],[-50.18587,-25.07715],[-50.17924,-25.07547],[-50.17838,-25.07518],[-50.17774,-25.07478],[-50.17729,-25.07429],[-50.17678,-25.07327],[-50.17638,-25.07209],[-50.17598,-25.07154],[-50.17552,-25.07109],[-50.17498,-25.0708]]}},{"type":"Feature","properties":{"name":"Estrada de Ferro Central do Paraná","operator":"Rumo S/A","usage":"main"},"geometry":{"type":"LineString","coordinates":[[-50.56331,-25.00257],[-50.56284,-25.00178],[-50.56135,-24.99832],[-50.56109,-24.99792],[-50.56078,-24.99757],[-50.56012,-24.99711],[-50.55977,-24.99695],[-50.55902,-24.99678],[-50.55864,-24.99674],[-50.55791,-24.99683],[-50.55752,-24.99693],[-50.55699,-24.99721],[-50.55118,-25.00127]]}},{"type":"Feature","properties":{"name":"Estrada de Ferro Central do Paraná","operator":"Rumo S/A","usage":"main"},"geometry":{"type":"LineString","coordinates":[[-50.62358,-24.99552],[-50.62187,-24.99626],[-50.62089,-24.99691],[-50.62035,-24.99751],[-50.61995,-24.99816],[-50.61973,-24.99886],[-50.61965,-24.99958],[-50.61971,-25.0003],[-50.6199,-25.00108],[-50.62027,-25.00179],[-50.62155,-25.00375]]}},{"type":"Feature","properties":{"name":"Estrada de Ferro Central do Paraná","operator":"Rumo S/A","usage":"main"},"geometry":{"type":"LineString","coordinates":[[-50.56331,-25.00257],[-50.5643,-25.00376],[-50.56469,-25.00405],[-50.5708,-25.00813],[-50.57251,-25.00897],[-50.57372,-25.00923],[-50.59184,-25.01059],[-50.59272,-25.01068],[-50.59321,-25.01082],[-50.59378,-25.0111],[-50.59432,-25.01147],[-50.59463,-25.01185],[-50.59491,-25.01226],[-50.59511,-25.0128],[-50.59517,-25.01347],[-50.59483,-25.01626],[-50.59486,-25.01674],[-50.59505,-25.01734],[-50.59714,-25.02209],[-50.59775,-25.02307],[-50.59813,-25.0235],[-50.59851,-25.02378],[-50.59903,-25.02402],[-50.60042,-25.02411],[-50.6012,-25.02391],[-50.60323,-25.02312]]}},{"type":"Feature","properties":{"name":"Estrada de Ferro Central do Paraná","operator":"Rumo S/A","usage":"main"},"geometry":{"type":"LineString","coordinates":[[-50.55118,-25.00127],[-50.55059,-25.00166]]}},{"type":"Feature","properties":{"name":"Estrada de Ferro Central do Paraná","operator":"Rumo S/A","usage":"main"},"geometry":{"type":"LineString","coordinates":[[-50.55059,-25.00166],[-50.54886,-25.00289]]}},{"type":"Feature","properties":{"name":"Estrada de Ferro Central do Paraná","operator":"Rumo S/A","usage":"main"},"geometry":{"type":"LineString","coordinates":[[-50.6241,-24.99529],[-50.62358,-24.99552]]}},{"type":"Feature","properties":{"name":"Estrada de Ferro Central do Paraná","operator":"Rumo S/A","usage":"main"},"geometry":{"type":"LineString","coordinates":[[-50.70029,-24.9488],[-50.69934,-24.94879],[-50.69862,-24.94894],[-50.69768,-24.94946],[-50.69698,-24.95009],[-50.69511,-24.95247],[-50.69423,-24.95307],[-50.68872,-24.95482],[-50.68424,-24.95708],[-50.6834,-24.95765],[-50.68233,-24.95878],[-50.68187,-24.95955],[-50.68161,-24.96016],[-50.68135,-24.96141],[-50.68084,-24.96646],[-50.68043,-24.96745],[-50.68001,-24.96793],[-50.67948,-24.96829],[-50.67868,-24.96863],[-50.67788,-24.96876],[-50.67689,-24.96861],[-50.6765,-24.96846],[-50.67413,-24.96686],[-50.67381,-24.96656],[-50.67198,-24.96321],[-50.67143,-24.96247],[-50.67081,-24.96201],[-50.6699,-24.96168],[-50.66899,-24.96163],[-50.66856,-24.96169],[-50.66813,-24.96179],[-50.66734,-24.96221],[-50.66675,-24.96279],[-50.66653,-24.96314],[-50.66624,-24.96388],[-50.6662,-24.96583],[-50.66603,-24.96672],[-50.66565,-24.96741],[-50.66505,-24.96797],[-50.66427,-24.96839],[-50.6569,-24.97007],[-50.65582,-24.97043],[-50.65493,-24.97093],[-50.651,-24.97386],[-50.6503,-24.97418],[-50.64976,-24.97432],[-50.64915,-24.97436],[-50.64788,-24.97425],[-50.64725,-24.97432],[-50.64602,-24.97478],[-50.64446,-24.97597],[-50.64398,-24.97652],[-50.64373,-24.977],[-50.64358,-24.97756],[-50.64319,-24.97978],[-50.64303,-24.98031],[-50.64242,-24.98119],[-50.64202,-24.98151],[-50.63864,-24.98346],[-50.6366,-24.9855],[-50.63625,-24.98595],[-50.63585,-24.98689],[-50.6344,-24.99194],[-50.63383,-24.99312],[-50.63334,-24.99371],[-50.63278,-24.99421],[-50.63203,-24.9947],[-50.63117,-24.99501],[-50.63041,-24.99518],[-50.6295,-24.99521],[-50.62563,-24.99497],[-50.62493,-24.99502],[-50.6241,-24.99529]]}},{"type":"Feature","properties":{"name":"Estrada de Ferro Central do Paraná","operator":"Rumo S/A","usage":"main"},"geometry":{"type":"LineString","coordinates":[[-50.52269,-25.00211],[-50.52322,-25.00276],[-50.52752,-25.00954],[-50.52835,-25.0104],[-50.52961,-25.01126],[-50.53087,-25.01175],[-50.53205,-25.01191],[-50.53267,-25.01192],[-50.54056,-25.01094],[-50.54188,-25.01073],[-50.54292,-25.01035],[-50.54356,-25.00993],[-50.54439,-25.00916],[-50.54477,-25.00867],[-50.54522,-25.00788],[-50.54639,-25.00533],[-50.5468,-25.00467],[-50.54781,-25.00363],[-50.54886,-25.00289]]}},{"type":"Feature","properties":{"name":"Estrada de Ferro Central do Paraná","operator":"Rumo S/A","usage":"main"},"geometry":{"type":"LineString","coordinates":[[-50.38975,-24.9468],[-50.39039,-24.94765]]}},{"type":"Feature","properties":{"name":"Estrada de Ferro Central do Paraná","operator":"Rumo S/A","usage":"main"},"geometry":{"type":"LineString","coordinates":[[-50.37586,-24.9434],[-50.37636,-24.94374],[-50.37753,-24.94406],[-50.3778,-24.94407],[-50.3842,-24.94254],[-50.38512,-24.9425],[-50.38605,-24.94266],[-50.387,-24.94322],[-50.38751,-24.9437],[-50.38975,-24.9468]]}},{"type":"Feature","properties":{"name":"Estrada de Ferro Central do Paraná","operator":"Rumo S/A","usage":"main"},"geometry":{"type":"LineString","coordinates":[[-50.41677,-25.00157],[-50.41297,-24.99181],[-50.41233,-24.99077],[-50.41186,-24.99039],[-50.4112,-24.99008],[-50.41024,-24.98993],[-50.40643,-24.98977],[-50.40538,-24.98955],[-50.40448,-24.98907],[-50.39676,-24.98241],[-50.39636,-24.98175],[-50.39617,-24.98116],[-50.3961,-24.98041],[-50.39625,-24.97966],[-50.39656,-24.97912],[-50.3974,-24.97835],[-50.40499,-24.97294],[-50.40794,-24.97074],[-50.41235,-24.96683],[-50.4128,-24.96622],[-50.41306,-24.96552],[-50.41315,-24.96496],[-50.41313,-24.96443],[-50.41293,-24.96388],[-50.41261,-24.96326],[-50.41222,-24.96285],[-50.41131,-24.96214],[-50.4105,-24.96164],[-50.40547,-24.95955],[-50.4046,-24.95929],[-50.39565,-24.95753],[-50.39475,-24.95724],[-50.39389,-24.95677],[-50.3933,-24.95621],[-50.39256,-24.95481],[-50.39214,-24.95105],[-50.39196,-24.95006],[-50.39145,-24.94906],[-50.39039,-24.94765]]}},{"type":"Feature","properties":{"name":"Estrada de Ferro Central do Paraná","operator":"Rumo S/A","usage":"main"},"geometry":{"type":"LineString","coordinates":[[-50.42784,-25.00211],[-50.42745,-25.00348],[-50.42635,-25.0049],[-50.42453,-25.00581],[-50.42224,-25.00618],[-50.42022,-25.00589],[-50.41822,-25.00455],[-50.41757,-25.00337],[-50.41677,-25.00157]]}},{"type":"Feature","properties":{"name":"Estrada de Ferro Central do Paraná","operator":"Rumo S/A","usage":"main"},"geometry":{"type":"LineString","coordinates":[[-50.52269,-25.00211],[-50.52212,-25.00165],[-50.52141,-25.00127],[-50.52047,-25.00099],[-50.51972,-25.00093],[-50.51693,-25.0011],[-50.51588,-25.00097],[-50.51342,-25.00028],[-50.51259,-25.00014],[-50.5117,-25.00016],[-50.50591,-25.00163],[-50.5051,-25.0016],[-50.50429,-25.00134],[-50.50361,-25.00087],[-50.50304,-25.00019],[-50.50118,-24.99639],[-50.5007,-24.99571],[-50.50005,-24.9952],[-50.49913,-24.99481],[-50.49812,-24.99474],[-50.49706,-24.99497],[-50.49637,-24.99533],[-50.49582,-24.99579],[-50.49307,-24.9988],[-50.49241,-24.99934],[-50.49165,-24.9997],[-50.49103,-24.99986],[-50.49013,-24.99986],[-50.48923,-24.99961],[-50.48844,-24.9991],[-50.48781,-24.99824],[-50.4863,-24.995],[-50.48581,-24.99422],[-50.48482,-24.99296],[-50.48445,-24.99217],[-50.48403,-24.99066],[-50.48363,-24.98999],[-50.48302,-24.98941],[-50.48219,-24.98898],[-50.48122,-24.9888],[-50.48009,-24.98898],[-50.47554,-24.99075],[-50.47483,-24.99088],[-50.47393,-24.99086],[-50.47311,-24.99062],[-50.47243,-24.99014],[-50.47194,-24.98963],[-50.47152,-24.98878],[-50.47073,-24.98603],[-50.47047,-24.98552],[-50.47006,-24.98501],[-50.46953,-24.98461],[-50.46879,-24.98427],[-50.46786,-24.98413],[-50.46422,-24.98444],[-50.46341,-24.98468],[-50.46268,-24.98507],[-50.46082,-24.98653],[-50.45986,-24.98711],[-50.45866,-24.98746],[-50.45717,-24.98748],[-50.45336,-24.98713],[-50.45191,-24.98739],[-50.45054,-24.98802],[-50.44602,-24.99141],[-50.44441,-24.99229],[-50.43194,-24.998],[-50.4303,-24.9989],[-50.4293,-24.99977],[-50.42858,-25.00069],[-50.42803,-25.00161],[-50.42784,-25.00211]]}},{"type":"Feature","properties":{"name":"Estrada de Ferro Central do Paraná","operator":"Rumo S/A","usage":"main"},"geometry":{"type":"LineString","coordinates":[[-50.88747,-24.57472],[-50.88529,-24.57341],[-50.88223,-24.57097],[-50.88165,-24.57037],[-50.88125,-24.5696],[-50.88113,-24.5686],[-50.88173,-24.56169],[-50.88261,-24.55931],[-50.88298,-24.55705],[-50.88326,-24.55648],[-50.8838,-24.55583],[-50.89078,-24.55022],[-50.89129,-24.54972],[-50.89194,-24.54872],[-50.89313,-24.54578],[-50.89345,-24.54537],[-50.89523,-24.54369],[-50.89575,-24.54296],[-50.89599,-24.54216],[-50.89602,-24.54166],[-50.89596,-24.54121],[-50.89552,-24.54017],[-50.89484,-24.53947],[-50.89389,-24.53899],[-50.89275,-24.53879],[-50.88951,-24.53941],[-50.88638,-24.53936],[-50.88547,-24.53915],[-50.88466,-24.53872],[-50.88427,-24.53837],[-50.88375,-24.53761]]}},{"type":"Feature","properties":{"name":"Estrada de Ferro Central do Paraná","operator":"Rumo S/A","usage":"main"},"geometry":{"type":"LineString","coordinates":[[-50.89038,-24.50314],[-50.89078,-24.50224],[-50.89091,-24.50169],[-50.89081,-24.50079],[-50.8906,-24.50025],[-50.88896,-24.49773],[-50.88871,-24.497],[-50.88862,-24.49627]]}},{"type":"Feature","properties":{"name":null,"operator":"Rumo S/A","usage":null},"geometry":{"type":"LineString","coordinates":[[-50.11497,-25.08035],[-50.11658,-25.08248],[-50.11688,-25.08273],[-50.11855,-25.08364]]}},{"type":"Feature","properties":{"name":"Estrada de Ferro Central do Paraná","operator":"Rumo S/A","usage":"branch"},"geometry":{"type":"LineString","coordinates":[[-50.11998,-25.06303],[-50.11639,-25.06453],[-50.11582,-25.06493],[-50.11522,-25.06556],[-50.1142,-25.06724],[-50.11104,-25.07333],[-50.11078,-25.07413],[-50.1107,-25.07466],[-50.11068,-25.07517],[-50.11078,-25.07595],[-50.11148,-25.0778],[-50.1125,-25.08001]]}},{"type":"Feature","properties":{"name":null,"operator":"Rumo S/A","usage":null},"geometry":{"type":"LineString","coordinates":[[-50.11272,-25.08033],[-50.11311,-25.08097],[-50.11352,-25.08146],[-50.11432,-25.08197]]}},{"type":"Feature","properties":{"name":null,"operator":"Rumo S/A","usage":null},"geometry":{"type":"LineString","coordinates":[[-50.11432,-25.08197],[-50.11398,-25.0819],[-50.11332,-25.08192],[-50.11291,-25.08204],[-50.1121,-25.08244]]}},{"type":"Feature","properties":{"name":null,"operator":"Rumo S/A","usage":null},"geometry":{"type":"LineString","coordinates":[[-50.11971,-25.08377],[-50.12054,-25.08386]]}},{"type":"Feature","properties":{"name":null,"operator":"Rumo S/A","usage":null},"geometry":{"type":"LineString","coordinates":[[-50.14233,-25.18017],[-50.13942,-25.17913],[-50.13843,-25.17907],[-50.13773,-25.17919],[-50.13703,-25.17946],[-50.1366,-25.17978],[-50.13605,-25.18041]]}},{"type":"Feature","properties":{"name":null,"operator":"Rumo S/A","usage":"main"},"geometry":{"type":"LineString","coordinates":[[-50.13277,-25.18342],[-50.13029,-25.18448],[-50.12954,-25.18509],[-50.12667,-25.18784],[-50.12563,-25.18845],[-50.12477,-25.18869],[-50.12385,-25.18875],[-50.12312,-25.18868],[-50.11869,-25.18761],[-50.11761,-25.18746],[-50.11302,-25.18744],[-50.11249,-25.18747],[-50.11131,-25.18777],[-50.11052,-25.18813],[-50.10962,-25.18878],[-50.1091,-25.18941],[-50.10735,-25.19317],[-50.10682,-25.19389],[-50.10566,-25.19469],[-50.10471,-25.19499],[-50.10376,-25.1951],[-50.09921,-25.19463],[-50.0972,-25.19463],[-50.09614,-25.19452],[-50.09547,-25.19432],[-50.09272,-25.19297],[-50.09171,-25.19273]]}},{"type":"Feature","properties":{"name":null,"operator":"Rumo S/A","usage":"main"},"geometry":{"type":"LineString","coordinates":[[-50.13307,-25.18331],[-50.13277,-25.18342]]}},{"type":"Feature","properties":{"name":null,"operator":"Rumo S/A","usage":null},"geometry":{"type":"LineString","coordinates":[[-50.14297,-25.18043],[-50.14177,-25.17991],[-50.13944,-25.17908],[-50.13895,-25.17902],[-50.13759,-25.17908],[-50.13735,-25.17891],[-50.1372,-25.17864],[-50.13732,-25.1782]]}},{"type":"Feature","properties":{"name":null,"operator":"Rumo S/A","usage":"main"},"geometry":{"type":"LineString","coordinates":[[-50.14297,-25.18043],[-50.14383,-25.18072],[-50.14433,-25.18079],[-50.14526,-25.18083],[-50.1457,-25.18076],[-50.14682,-25.18037],[-50.14865,-25.17929],[-50.14928,-25.17871],[-50.15481,-25.17208],[-50.15596,-25.17086],[-50.15696,-25.17023],[-50.1581,-25.16983],[-50.15921,-25.1697],[-50.16402,-25.17007],[-50.16567,-25.16993],[-50.16658,-25.16964],[-50.16742,-25.16921],[-50.17059,-25.16699],[-50.17119,-25.16672],[-50.17189,-25.16653],[-50.1726,-25.16645],[-50.17336,-25.1665],[-50.17536,-25.16685],[-50.17598,-25.16703],[-50.1768,-25.16743],[-50.17837,-25.16875],[-50.17883,-25.16905],[-50.18008,-25.16951],[-50.18088,-25.16959],[-50.18156,-25.16954],[-50.18223,-25.16939],[-50.18326,-25.16891],[-50.1846,-25.16777],[-50.18533,-25.16727],[-50.18646,-25.16689],[-50.18722,-25.16681],[-50.18831,-25.16692],[-50.18921,-25.16721],[-50.18964,-25.16743],[-50.19114,-25.1685],[-50.19215,-25.16895],[-50.19329,-25.16911],[-50.19599,-25.16909]]}},{"type":"Feature","properties":{"name":"Ramal de Bairro Oficinas","operator":"Rumo S/A","usage":"branch"},"geometry":{"type":"LineString","coordinates":[[-50.13548,-25.18144],[-50.13772,-25.17745],[-50.13793,-25.17676],[-50.13784,-25.17638],[-50.13756,-25.17596],[-50.13721,-25.17567],[-50.13595,-25.17526],[-50.13551,-25.17502],[-50.13516,-25.17465],[-50.13492,-25.17423],[-50.13477,-25.1737],[-50.13519,-25.17083],[-50.13507,-25.17036],[-50.13491,-25.17008],[-50.13456,-25.16982],[-50.13415,-25.16968],[-50.1337,-25.16966],[-50.13195,-25.16984],[-50.13143,-25.16974],[-50.1307,-25.16922],[-50.13054,-25.16892],[-50.13046,-25.16851],[-50.13051,-25.16816],[-50.13073,-25.16774],[-50.13403,-25.16423],[-50.13426,-25.16387],[-50.13428,-25.1631],[-50.13294,-25.16057],[-50.13289,-25.16022],[-50.133,-25.15977],[-50.13322,-25.15942],[-50.13353,-25.15916],[-50.13387,-25.15901],[-50.13423,-25.15894],[-50.13537,-25.15896],[-50.13584,-25.15886],[-50.13621,-25.15867],[-50.1366,-25.15814],[-50.13675,-25.15703],[-50.13692,-25.15658],[-50.13982,-25.15386],[-50.14017,-25.15321],[-50.14026,-25.15287],[-50.14024,-25.1524]]}},{"type":"Feature","properties":{"name":null,"operator":"Rumo S/A","usage":"main"},"geometry":{"type":"LineString","coordinates":[[-50.19705,-25.17541],[-50.19803,-25.1739]]}},{"type":"Feature","properties":{"name":"Estrada de Ferro Central do Paraná","operator":"Rumo S/A","usage":"main"},"geometry":{"type":"LineString","coordinates":[[-50.171,-25.07166],[-50.17044,-25.07203]]}},{"type":"Feature","properties":{"name":"Estrada de Ferro Central do Paraná","operator":"Rumo S/A","usage":"main"},"geometry":{"type":"LineString","coordinates":[[-50.17044,-25.07203],[-50.16984,-25.07233],[-50.16924,-25.07252],[-50.16861,-25.0726],[-50.16801,-25.07257],[-50.16749,-25.07244],[-50.16642,-25.07181]]}},{"type":"Feature","properties":{"name":"Estrada de Ferro Central do Paraná","operator":"Rumo S/A","usage":"main"},"geometry":{"type":"LineString","coordinates":[[-50.17498,-25.0708],[-50.17427,-25.07059],[-50.17335,-25.07058],[-50.17278,-25.07071],[-50.17217,-25.07097],[-50.171,-25.07166]]}},{"type":"Feature","properties":{"name":"Estrada de Ferro Central do Paraná","operator":"Rumo S/A","usage":"main"},"geometry":{"type":"LineString","coordinates":[[-50.16642,-25.07181],[-50.16591,-25.07125],[-50.16524,-25.06952],[-50.16502,-25.06868],[-50.1646,-25.06778],[-50.16421,-25.06727],[-50.16379,-25.06689],[-50.16115,-25.06559],[-50.15825,-25.06428],[-50.15748,-25.06417],[-50.15665,-25.06419],[-50.15386,-25.06484],[-50.153,-25.06482],[-50.15193,-25.06454],[-50.14969,-25.06295],[-50.1491,-25.06266],[-50.14843,-25.06255],[-50.14752,-25.06257],[-50.14528,-25.06318],[-50.14446,-25.06318],[-50.14373,-25.06307],[-50.14311,-25.06285],[-50.14237,-25.06232],[-50.14023,-25.06048],[-50.13963,-25.06012],[-50.13658,-25.05918],[-50.13574,-25.05914],[-50.13483,-25.05936],[-50.13408,-25.05974],[-50.13338,-25.06046],[-50.13303,-25.06125],[-50.13295,-25.06217],[-50.13306,-25.06548],[-50.13297,-25.06618],[-50.13252,-25.06719],[-50.13115,-25.06814],[-50.12987,-25.06835],[-50.129,-25.06813],[-50.1285,-25.06794],[-50.12808,-25.06767],[-50.12778,-25.06739],[-50.12731,-25.06671],[-50.12708,-25.06597],[-50.12706,-25.06522],[-50.12751,-25.06386],[-50.12834,-25.0618],[-50.1284,-25.06123],[-50.12827,-25.06039],[-50.12795,-25.05978],[-50.12749,-25.05928],[-50.12681,-25.05889],[-50.12594,-25.05865],[-50.12502,-25.05861],[-50.1242,-25.0588],[-50.12364,-25.05908],[-50.12328,-25.05938],[-50.12275,-25.06006],[-50.12198,-25.06156],[-50.12162,-25.06207],[-50.12107,-25.06253],[-50.11998,-25.06303]]}},{"type":"Feature","properties":{"name":"Tronco Principal Sul","operator":"Rumo S/A","usage":"main"},"geometry":{"type":"LineString","coordinates":[[-50.10618,-25.07219],[-50.10945,-25.06379],[-50.1102,-25.06272],[-50.11118,-25.06188],[-50.11278,-25.06081],[-50.11353,-25.06007],[-50.11412,-25.05899],[-50.11428,-25.05828],[-50.11425,-25.05724],[-50.114,-25.05647],[-50.11332,-25.05537],[-50.11282,-25.05489],[-50.11226,-25.05453],[-50.10872,-25.05322],[-50.10755,-25.05255],[-50.10672,-25.05175],[-50.10374,-25.04809],[-50.10314,-25.04707],[-50.10266,-25.04585],[-50.10119,-25.04144],[-50.1004,-25.03839],[-50.09994,-25.03734],[-50.09941,-25.03645],[-50.09869,-25.03572],[-50.09721,-25.03467],[-50.09586,-25.03407]]}},{"type":"Feature","properties":{"name":"Tronco Principal Sul","operator":"Rumo S/A","usage":"main"},"geometry":{"type":"LineString","coordinates":[[-50.09385,-25.03323],[-50.09206,-25.03264],[-50.08912,-25.03151],[-50.0881,-25.03109],[-50.08735,-25.03062],[-50.08692,-25.0303],[-50.08582,-25.02902],[-50.08403,-25.02569],[-50.08323,-25.02491],[-50.08239,-25.02437],[-50.08148,-25.02392],[-50.08081,-25.02375]]}},{"type":"Feature","properties":{"name":"Tronco Principal Sul","operator":"Rumo S/A","usage":"main"},"geometry":{"type":"LineString","coordinates":[[-49.99949,-25.00925],[-49.99886,-25.00895]]}},{"type":"Feature","properties":{"name":"Tronco Principal Sul","operator":"Rumo S/A","usage":"main"},"geometry":{"type":"LineString","coordinates":[[-50.09586,-25.03407],[-50.09385,-25.03323]]}},{"type":"Feature","properties":{"name":"Tronco Principal Sul","operator":"Rumo S/A","usage":"main"},"geometry":{"type":"LineString","coordinates":[[-50.06226,-25.02094],[-50.06172,-25.0208]]}},{"type":"Feature","properties":{"name":"Tronco Principal Sul","operator":"Rumo S/A","usage":"main"},"geometry":{"type":"LineString","coordinates":[[-50.07059,-25.02387],[-50.06849,-25.02431],[-50.06754,-25.02435]]}},{"type":"Feature","properties":{"name":"Tronco Principal Sul","operator":"Rumo S/A","usage":"main"},"geometry":{"type":"LineString","coordinates":[[-50.06172,-25.0208],[-50.06054,-25.02073],[-50.05561,-25.02078],[-50.05458,-25.02104],[-50.05338,-25.02164],[-50.05204,-25.02248],[-50.05129,-25.02281],[-50.05025,-25.02311],[-50.04251,-25.02402],[-50.04129,-25.02411],[-50.04002,-25.02406],[-50.03572,-25.0237],[-50.03455,-25.02352],[-50.03261,-25.02303],[-50.03084,-25.02226],[-50.02991,-25.02171],[-50.02582,-25.01826],[-50.02443,-25.01719],[-50.02294,-25.01639],[-50.02113,-25.01559],[-50.01794,-25.01482],[-50.01649,-25.01439],[-50.01522,-25.01383],[-50.01257,-25.01244],[-50.01115,-25.01181],[-50.00963,-25.01131],[-50.00325,-25.01017]]}},{"type":"Feature","properties":{"name":"Tronco Principal Sul","operator":"Rumo S/A","usage":"main"},"geometry":{"type":"LineString","coordinates":[[-50.08081,-25.02375],[-50.07977,-25.02361],[-50.07855,-25.02368]]}},{"type":"Feature","properties":{"name":"Tronco Principal Sul","operator":"Rumo S/A","usage":"main"},"geometry":{"type":"LineString","coordinates":[[-50.07855,-25.02368],[-50.07645,-25.02413],[-50.07541,-25.02426],[-50.07449,-25.0242],[-50.07217,-25.02384],[-50.07102,-25.02381],[-50.07059,-25.02387]]}},{"type":"Feature","properties":{"name":"Tronco Principal Sul","operator":"Rumo S/A","usage":"main"},"geometry":{"type":"LineString","coordinates":[[-49.99886,-25.00895],[-49.99775,-25.00836],[-49.99693,-25.00777],[-49.996,-25.00696],[-49.99521,-25.0061],[-49.99439,-25.00494],[-49.99338,-25.00275],[-49.99185,-24.9977],[-49.99134,-24.99654],[-49.97587,-24.96719],[-49.97407,-24.96425],[-49.97272,-24.96221],[-49.97179,-24.96112],[-49.96931,-24.95884],[-49.96829,-24.95766],[-49.96687,-24.95574],[-49.96565,-24.95431],[-49.96429,-24.95298],[-49.96185,-24.95113],[-49.9602,-24.95024],[-49.95691,-24.9488],[-49.9555,-24.94788],[-49.95487,-24.94736],[-49.9532,-24.9456],[-49.9474,-24.93891],[-49.9466,-24.93769],[-49.94619,-24.93635],[-49.94617,-24.93554],[-49.94627,-24.93467],[-49.94695,-24.93219],[-49.94714,-24.93109],[-49.9472,-24.93022],[-49.94712,-24.92935],[-49.94668,-24.92778],[-49.94622,-24.92687],[-49.9456,-24.92592],[-49.94446,-24.92449],[-49.94381,-24.92317],[-49.94364,-24.92254],[-49.94355,-24.92177],[-49.94367,-24.92084],[-49.94433,-24.91822],[-49.94435,-24.91738],[-49.94414,-24.91637],[-49.94376,-24.91554],[-49.94317,-24.91477],[-49.94159,-24.9131],[-49.94115,-24.91239],[-49.9408,-24.91148],[-49.94061,-24.91072],[-49.9397,-24.90629],[-49.93946,-24.90555],[-49.93912,-24.90498],[-49.93876,-24.90449],[-49.93818,-24.90395],[-49.93628,-24.9024],[-49.93511,-24.90113],[-49.92259,-24.88406],[-49.92172,-24.8828],[-49.9184,-24.87752],[-49.9172,-24.87602],[-49.91581,-24.87454],[-49.90882,-24.86832],[-49.90791,-24.86738],[-49.90613,-24.86521],[-49.90509,-24.86429],[-49.88763,-24.85164]]}},{"type":"Feature","properties":{"name":"Tronco Principal Sul","operator":"Rumo S/A","usage":"main"},"geometry":{"type":"LineString","coordinates":[[-50.06754,-25.02435],[-50.0664,-25.02412],[-50.0657,-25.02382],[-50.06505,-25.02337],[-50.06372,-25.02181],[-50.06274,-25.02115],[-50.06226,-25.02094]]}},{"type":"Feature","properties":{"name":null,"operator":"ALL","usage":null},"geometry":{"type":"LineString","coordinates":[[-50.13944,-25.15421],[-50.13904,-25.15486],[-50.13722,-25.15644],[-50.13695,-25.15689],[-50.13688,-25.15726]]}},{"type":"Feature","properties":{"name":null,"operator":"ALL","usage":null},"geometry":{"type":"LineString","coordinates":[[-50.14419,-25.14206],[-50.14716,-25.142],[-50.14751,-25.14215],[-50.14777,-25.14285]]}},{"type":"Feature","properties":{"name":null,"operator":"ALL","usage":null},"geometry":{"type":"LineString","coordinates":[[-50.1433,-25.1466],[-50.14506,-25.14444],[-50.1455,-25.14377],[-50.14572,-25.14358],[-50.14688,-25.14335],[-50.14729,-25.14313],[-50.14768,-25.14253],[-50.14768,-25.14195]]}},{"type":"Feature","properties":{"name":"Ramal de Bairro Oficinas","operator":"Rumo S/A","usage":"branch"},"geometry":{"type":"LineString","coordinates":[[-50.14024,-25.1524],[-50.14016,-25.15198]]}},{"type":"Feature","properties":{"name":null,"operator":"ALL","usage":null},"geometry":{"type":"LineString","coordinates":[[-50.14462,-25.1449],[-50.14446,-25.14516]]}},{"type":"Feature","properties":{"name":null,"operator":"ALL","usage":null},"geometry":{"type":"LineString","coordinates":[[-50.1433,-25.14645],[-50.14464,-25.14472]]}},{"type":"Feature","properties":{"name":null,"operator":"ALL","usage":null},"geometry":{"type":"LineString","coordinates":[[-50.14445,-25.14497],[-50.14425,-25.14533],[-50.14334,-25.14648]]}},{"type":"Feature","properties":{"name":null,"operator":"ALL","usage":null},"geometry":{"type":"LineString","coordinates":[[-50.14394,-25.14586],[-50.14418,-25.14564],[-50.14467,-25.14494]]}},{"type":"Feature","properties":{"name":null,"operator":"ALL","usage":null},"geometry":{"type":"LineString","coordinates":[[-50.14425,-25.14533],[-50.1455,-25.14377]]}},{"type":"Feature","properties":{"name":null,"operator":"Rumo S/A","usage":"main"},"geometry":{"type":"LineString","coordinates":[[-50.07818,-25.20174],[-50.08053,-25.20123],[-50.08179,-25.20079],[-50.08317,-25.20012],[-50.0842,-25.19947],[-50.08517,-25.1987],[-50.08597,-25.19793],[-50.0867,-25.19708],[-50.08839,-25.19422],[-50.08881,-25.19374],[-50.08933,-25.19331],[-50.09014,-25.19292],[-50.09092,-25.19273],[-50.09145,-25.19271]]}},{"type":"Feature","properties":{"name":"Tronco Principal Sul","operator":"Rumo S/A","usage":"main"},"geometry":{"type":"LineString","coordinates":[[-49.7608,-25.9497],[-49.7596,-25.94933],[-49.75867,-25.94893],[-49.75833,-25.9487],[-49.75645,-25.94683],[-49.75594,-25.94652],[-49.75383,-25.94579],[-49.75274,-25.94529],[-49.75212,-25.94465],[-49.75128,-25.94271]]}},{"type":"Feature","properties":{"name":"Ramal Itirapina-Panorama","operator":"Rumo S/A","usage":"branch"},"geometry":{"type":"LineString","coordinates":[[-48.17388,-22.42842],[-48.17505,-22.43055],[-48.17565,-22.43142],[-48.17609,-22.43186],[-48.17731,-22.43258],[-48.17859,-22.43289],[-48.17933,-22.43292],[-48.18057,-22.43283],[-48.20532,-22.43052],[-48.20698,-22.43024],[-48.20769,-22.42994],[-48.20829,-22.42957],[-48.20897,-22.42903],[-48.2095,-22.42841],[-48.21,-22.42764],[-48.2159,-22.41679],[-48.21628,-22.41623],[-48.21665,-22.41586],[-48.21712,-22.41554],[-48.2181,-22.41515],[-48.21882,-22.41505],[-48.24077,-22.41359],[-48.24144,-22.41349],[-48.24284,-22.41289],[-48.24335,-22.41254],[-48.24399,-22.41188],[-48.2483,-22.40639],[-48.24929,-22.40529],[-48.25033,-22.40455],[-48.25093,-22.40426],[-48.25171,-22.40402],[-48.25292,-22.40386],[-48.3246,-22.39769],[-48.32753,-22.39756],[-48.32855,-22.3976],[-48.33682,-22.39857],[-48.3375,-22.39858],[-48.33882,-22.39836],[-48.33945,-22.39813],[-48.34021,-22.39769],[-48.34648,-22.39296],[-48.34702,-22.39257],[-48.34771,-22.39221],[-48.34839,-22.39197],[-48.34916,-22.39181],[-48.35544,-22.39128],[-48.35692,-22.39083],[-48.35748,-22.39054],[-48.35845,-22.38978],[-48.35904,-22.3891],[-48.36954,-22.37568],[-48.37138,-22.3735],[-48.37209,-22.37295],[-48.37463,-22.37134],[-48.3757,-22.37085],[-48.37621,-22.37074],[-48.37687,-22.37075],[-48.37848,-22.37113]]}},{"type":"Feature","properties":{"name":"Estrada de Ferro Sorocabana","operator":"Rumo S/A","usage":"main"},"geometry":{"type":"LineString","coordinates":[[-48.04592,-23.00323],[-48.04771,-23.00359],[-48.04875,-23.00343],[-48.05119,-23.00217],[-48.05165,-23.00175],[-48.05376,-22.99917],[-48.05417,-22.99881],[-48.0551,-22.99839],[-48.06014,-22.99677],[-48.06084,-22.99616],[-48.06329,-22.99258],[-48.0639,-22.9921],[-48.06493,-22.99179],[-48.06716,-22.99178],[-48.06819,-22.99154],[-48.0692,-22.99087],[-48.07039,-22.98958],[-48.07106,-22.98917],[-48.0737,-22.98834],[-48.07563,-22.98808],[-48.07627,-22.9879],[-48.0766,-22.98775],[-48.07702,-22.98742],[-48.07834,-22.98604],[-48.07901,-22.98565],[-48.08067,-22.98503]]}},{"type":"Feature","properties":{"name":"Estrada de Ferro Sorocabana","operator":"Rumo S/A","usage":"main"},"geometry":{"type":"LineString","coordinates":[[-48.2954,-22.94132],[-48.29558,-22.94111]]}},{"type":"Feature","properties":{"name":"Estrada de Ferro Sorocabana","operator":"Rumo S/A","usage":"main"},"geometry":{"type":"LineString","coordinates":[[-48.31589,-22.92439],[-48.32227,-22.92127],[-48.32484,-22.92033],[-48.32756,-22.91816],[-48.32859,-22.91771],[-48.32984,-22.91747],[-48.33113,-22.91756],[-48.33213,-22.91786],[-48.33709,-22.92048],[-48.33811,-22.92083],[-48.33913,-22.92093],[-48.34236,-22.9203],[-48.34321,-22.92036],[-48.34418,-22.92065],[-48.3447,-22.92094],[-48.34599,-22.92191],[-48.34808,-22.92308],[-48.34857,-22.92343],[-48.34898,-22.92386],[-48.35007,-22.92541],[-48.35085,-22.92612],[-48.35179,-22.9266],[-48.35236,-22.92672],[-48.35295,-22.92678],[-48.35386,-22.92672],[-48.35492,-22.92637],[-48.35556,-22.92601],[-48.35724,-22.92473],[-48.3585,-22.92416],[-48.36188,-22.92351],[-48.3623,-22.92351],[-48.36489,-22.92394],[-48.36618,-22.92376],[-48.36686,-22.92347],[-48.36739,-22.92314],[-48.36831,-22.92214],[-48.36877,-22.92114],[-48.36928,-22.91905],[-48.36962,-22.91832],[-48.37024,-22.91756],[-48.3719,-22.91632],[-48.37228,-22.91589],[-48.37281,-22.91497],[-48.37329,-22.91346],[-48.3736,-22.91281],[-48.37387,-22.91241],[-48.37476,-22.91157],[-48.37554,-22.91116],[-48.37598,-22.91102],[-48.37854,-22.91054],[-48.37968,-22.91011],[-48.3804,-22.90958],[-48.38071,-22.90923],[-48.38109,-22.90868],[-48.38161,-22.90759],[-48.38223,-22.90675],[-48.38332,-22.90607],[-48.38425,-22.90576],[-48.38786,-22.90551],[-48.38845,-22.90533],[-48.38911,-22.905],[-48.3901,-22.90398]]}},{"type":"Feature","properties":{"name":"Estrada de Ferro Sorocabana","operator":"Rumo S/A","usage":"main"},"geometry":{"type":"LineString","coordinates":[[-48.1323,-22.95549],[-48.13276,-22.9552]]}},{"type":"Feature","properties":{"name":"Estrada de Ferro Sorocabana","operator":"Rumo S/A","usage":"main"},"geometry":{"type":"LineString","coordinates":[[-48.16383,-22.96932],[-48.167,-22.97217],[-48.17465,-22.97712],[-48.17508,-22.97753],[-48.17527,-22.97782],[-48.17589,-22.97914],[-48.17633,-22.97974],[-48.17675,-22.98005],[-48.17834,-22.98094],[-48.17876,-22.98137],[-48.17977,-22.98279],[-48.18032,-22.9832],[-48.18127,-22.98349],[-48.18383,-22.98341],[-48.18455,-22.98366],[-48.18622,-22.98447],[-48.18688,-22.98458],[-48.1902,-22.98418],[-48.19081,-22.9842],[-48.19171,-22.98441],[-48.19384,-22.98544],[-48.19559,-22.98581],[-48.19664,-22.98616],[-48.1974,-22.98672],[-48.19784,-22.98737],[-48.19846,-22.98927],[-48.19888,-22.9901],[-48.20047,-22.99171],[-48.201,-22.99209],[-48.20285,-22.99262],[-48.20354,-22.99299],[-48.20406,-22.99356],[-48.20505,-22.99503],[-48.20568,-22.99558],[-48.20633,-22.99583],[-48.20892,-22.99609],[-48.22047,-22.99385],[-48.22135,-22.99356],[-48.22205,-22.99316],[-48.2227,-22.99255],[-48.22327,-22.99165],[-48.22394,-22.98957],[-48.2244,-22.98868],[-48.22635,-22.98658],[-48.22672,-22.98634],[-48.22861,-22.98546],[-48.22936,-22.98486],[-48.23002,-22.98399],[-48.23106,-22.98209],[-48.23145,-22.98158],[-48.23187,-22.98122],[-48.23241,-22.98088],[-48.23488,-22.97983],[-48.23751,-22.9775],[-48.24248,-22.97489],[-48.24289,-22.97459],[-48.24454,-22.973],[-48.24822,-22.97074],[-48.24873,-22.97053],[-48.24958,-22.97033],[-48.25008,-22.97031],[-48.25412,-22.97052],[-48.25517,-22.97045],[-48.256,-22.97023],[-48.25854,-22.96899],[-48.25977,-22.96878],[-48.26225,-22.96905],[-48.26333,-22.96895],[-48.26435,-22.96858],[-48.26595,-22.96765],[-48.26727,-22.9674],[-48.26813,-22.96747],[-48.2693,-22.96783],[-48.27078,-22.96849],[-48.27362,-22.9701],[-48.27415,-22.97032],[-48.27519,-22.97055],[-48.27583,-22.97055],[-48.27671,-22.97037]]}},{"type":"Feature","properties":{"name":"Estrada de Ferro Sorocabana","operator":"Rumo S/A","usage":"main"},"geometry":{"type":"LineString","coordinates":[[-48.41908,-22.89106],[-48.42003,-22.89015],[-48.42044,-22.8894],[-48.42064,-22.88847],[-48.42065,-22.88788],[-48.42051,-22.88709],[-48.41994,-22.88607],[-48.41925,-22.88514],[-48.41878,-22.88466],[-48.418,-22.88414],[-48.41632,-22.88353],[-48.41571,-22.88318],[-48.41513,-22.88269],[-48.41449,-22.88178],[-48.41432,-22.88132],[-48.41419,-22.88079],[-48.41414,-22.87963],[-48.41482,-22.87687],[-48.41492,-22.87623],[-48.41498,-22.8743],[-48.41515,-22.87355],[-48.4155,-22.87293],[-48.41984,-22.86813],[-48.42021,-22.86753],[-48.42153,-22.86503],[-48.42172,-22.86427],[-48.42189,-22.8624],[-48.42268,-22.86033],[-48.42326,-22.85912]]}},{"type":"Feature","properties":{"name":"Estrada de Ferro Sorocabana","operator":"Rumo S/A","usage":"main"},"geometry":{"type":"LineString","coordinates":[[-48.41424,-22.89089],[-48.41524,-22.89139],[-48.4165,-22.89162],[-48.41796,-22.89148],[-48.41908,-22.89106]]}},{"type":"Feature","properties":{"name":"Estrada de Ferro Paraná Oeste","operator":"Estrada de Ferro Paraná Oeste S/A","usage":"main"},"geometry":{"type":"LineString","coordinates":[[-53.32853,-24.99341],[-53.3281,-24.9937],[-53.32749,-24.99393],[-53.32681,-24.994],[-53.3263,-24.99394],[-53.32537,-24.99353],[-53.32284,-24.99201],[-53.32151,-24.9913],[-53.3208,-24.99118],[-53.31958,-24.99141]]}},{"type":"Feature","properties":{"name":"Estrada de Ferro Paraná Oeste","operator":"Estrada de Ferro Paraná Oeste S/A","usage":"main"},"geometry":{"type":"LineString","coordinates":[[-53.32912,-24.98981],[-53.32918,-24.98996]]}},{"type":"Feature","properties":{"name":"Estrada de Ferro Paraná Oeste","operator":"Estrada de Ferro Paraná Oeste S/A","usage":"main"},"geometry":{"type":"LineString","coordinates":[[-53.32884,-24.99313],[-53.32853,-24.99341]]}},{"type":"Feature","properties":{"name":"Estrada de Ferro Paraná Oeste","operator":"Estrada de Ferro Paraná Oeste S/A","usage":"main"},"geometry":{"type":"LineString","coordinates":[[-53.32918,-24.98996],[-53.32934,-24.99195],[-53.32917,-24.99259],[-53.32884,-24.99313]]}},{"type":"Feature","properties":{"name":"Estrada de Ferro Paraná Oeste","operator":"Estrada de Ferro Paraná Oeste S/A","usage":"main"},"geometry":{"type":"LineString","coordinates":[[-53.32356,-24.98998],[-53.32691,-24.98886],[-53.32745,-24.98879],[-53.3282,-24.98892],[-53.32857,-24.98913],[-53.32912,-24.98981]]}},{"type":"Feature","properties":{"name":"Estrada de Ferro Sorocabana","operator":"Rumo S/A","usage":"main"},"geometry":{"type":"LineString","coordinates":[[-48.43527,-22.86406],[-48.43555,-22.86419]]}},{"type":"Feature","properties":{"name":"Estrada de Ferro Sorocabana","operator":"Rumo S/A","usage":"main"},"geometry":{"type":"LineString","coordinates":[[-48.43555,-22.86419],[-48.43735,-22.86509],[-48.43796,-22.86562],[-48.43914,-22.86746],[-48.43956,-22.8691],[-48.43972,-22.86947],[-48.44009,-22.8699],[-48.44061,-22.87019],[-48.44267,-22.87076],[-48.4435,-22.87135],[-48.44379,-22.87188],[-48.44424,-22.87359]]}},{"type":"Feature","properties":{"name":"Estrada de Ferro Sorocabana","operator":"Rumo S/A","usage":"main"},"geometry":{"type":"LineString","coordinates":[[-48.42872,-22.85773],[-48.42917,-22.85801],[-48.42963,-22.85843],[-48.43225,-22.86136]]}},{"type":"Feature","properties":{"name":"Ramal de São Francisco","operator":"Rumo S/A","usage":"main"},"geometry":{"type":"LineString","coordinates":[[-49.02202,-26.47841],[-49.02216,-26.47896],[-49.02256,-26.47943],[-49.02394,-26.48037],[-49.02443,-26.48058],[-49.02475,-26.48063],[-49.04073,-26.47815],[-49.04714,-26.47822],[-49.05017,-26.47909],[-49.05067,-26.47916],[-49.05833,-26.47952],[-49.06866,-26.48178],[-49.07285,-26.48172],[-49.07319,-26.48181],[-49.07378,-26.48218],[-49.07464,-26.48337],[-49.0765,-26.48537]]}},{"type":"Feature","properties":{"name":"Ramal de São Francisco","operator":"Rumo S/A","usage":"main"},"geometry":{"type":"LineString","coordinates":[[-49.29233,-26.37189],[-49.29068,-26.37274],[-49.29041,-26.37303],[-49.29026,-26.37398],[-49.2896,-26.37505],[-49.28961,-26.37554]]}},{"type":"Feature","properties":{"name":"Ramal de São Francisco","operator":"Rumo S/A","usage":"main"},"geometry":{"type":"LineString","coordinates":[[-49.25366,-26.38964],[-49.25397,-26.38952],[-49.25648,-26.38968],[-49.25698,-26.38985],[-49.25874,-26.39076],[-49.25995,-26.39086],[-49.26117,-26.3908],[-49.2616,-26.39071],[-49.26211,-26.39037],[-49.26245,-26.38977],[-49.2627,-26.38956],[-49.26328,-26.38942]]}},{"type":"Feature","properties":{"name":"Ramal de São Francisco","operator":"Rumo S/A","usage":"main"},"geometry":{"type":"LineString","coordinates":[[-49.30722,-26.31933],[-49.30723,-26.31989],[-49.30679,-26.32088],[-49.30678,-26.32127],[-49.30693,-26.32162],[-49.30728,-26.32189],[-49.30801,-26.32197],[-49.30894,-26.32142],[-49.30927,-26.32136],[-49.30949,-26.32141],[-49.30982,-26.32152],[-49.31166,-26.32287],[-49.31299,-26.32427],[-49.31322,-26.32461],[-49.3137,-26.32571],[-49.31375,-26.32644],[-49.31411,-26.3271],[-49.31415,-26.32732],[-49.31412,-26.32895],[-49.31331,-26.32997],[-49.31318,-26.33037],[-49.31318,-26.33071],[-49.31342,-26.3316],[-49.31341,-26.33191],[-49.31327,-26.33222],[-49.31299,-26.33249],[-49.31201,-26.33271],[-49.3117,-26.33296],[-49.31155,-26.3332],[-49.31142,-26.33412],[-49.31119,-26.33453],[-49.31038,-26.33496],[-49.31,-26.3353],[-49.30989,-26.33552],[-49.30989,-26.33606],[-49.31039,-26.33679],[-49.31045,-26.33731],[-49.31038,-26.33751],[-49.30967,-26.3382],[-49.30951,-26.33848],[-49.30936,-26.33915],[-49.30941,-26.33944],[-49.30976,-26.33989],[-49.31003,-26.34002],[-49.31028,-26.34009],[-49.31075,-26.33998],[-49.3114,-26.33955],[-49.31168,-26.33908],[-49.31185,-26.33843],[-49.31216,-26.33807],[-49.31274,-26.3378],[-49.31325,-26.33774],[-49.31391,-26.33808],[-49.31431,-26.3386],[-49.3148,-26.33951],[-49.31515,-26.33985],[-49.31537,-26.33997],[-49.31591,-26.34002],[-49.31627,-26.34025],[-49.31654,-26.34067],[-49.31648,-26.34112],[-49.31627,-26.34149],[-49.31582,-26.3417],[-49.31526,-26.34165],[-49.31504,-26.34153],[-49.31471,-26.34117],[-49.31481,-26.34044],[-49.31477,-26.34016],[-49.31418,-26.33906],[-49.31372,-26.3388],[-49.31328,-26.33878],[-49.31272,-26.33903],[-49.31184,-26.3399],[-49.31158,-26.34027],[-49.31094,-26.34195],[-49.31061,-26.34255],[-49.31039,-26.34273],[-49.30976,-26.34288],[-49.30889,-26.34267],[-49.30827,-26.34203],[-49.30787,-26.34123],[-49.30796,-26.34054],[-49.30783,-26.34005],[-49.30742,-26.33964],[-49.30714,-26.33957],[-49.30667,-26.33925],[-49.30626,-26.33851],[-49.30591,-26.33808],[-49.3057,-26.33799],[-49.30489,-26.33798],[-49.30393,-26.33866],[-49.30359,-26.33882],[-49.30301,-26.33874],[-49.30252,-26.33882],[-49.30223,-26.33893],[-49.3019,-26.33919],[-49.3014,-26.34049],[-49.30092,-26.34096],[-49.30073,-26.34139],[-49.30084,-26.34183],[-49.30146,-26.34265],[-49.30186,-26.34278],[-49.30214,-26.34277],[-49.30255,-26.34267],[-49.30356,-26.34214],[-49.30409,-26.34087],[-49.30391,-26.33991],[-49.30403,-26.33946],[-49.30432,-26.3391],[-49.30483,-26.33897],[-49.30551,-26.33905],[-49.30608,-26.33933],[-49.3067,-26.34025],[-49.30673,-26.34044],[-49.30651,-26.3411],[-49.30651,-26.34148],[-49.30672,-26.34231],[-49.30658,-26.34267],[-49.30615,-26.34299],[-49.30604,-26.3432],[-49.30599,-26.34353],[-49.30611,-26.3442],[-49.30604,-26.3445],[-49.30564,-26.34489],[-49.30471,-26.34542],[-49.30248,-26.34901],[-49.30222,-26.34921],[-49.30115,-26.34951],[-49.30083,-26.34979],[-49.30037,-26.35077],[-49.3003,-26.3511],[-49.30036,-26.35135],[-49.30094,-26.35237],[-49.30101,-26.35307],[-49.30084,-26.35365],[-49.30045,-26.35422],[-49.29993,-26.35465],[-49.2997,-26.35498],[-49.29967,-26.35603],[-49.29903,-26.35814],[-49.29803,-26.35916],[-49.29684,-26.35965],[-49.29658,-26.35993],[-49.29625,-26.36053],[-49.29595,-26.36073],[-49.29555,-26.36083],[-49.29508,-26.36081],[-49.29451,-26.36049],[-49.2943,-26.36007],[-49.29438,-26.35949],[-49.29556,-26.35807],[-49.29559,-26.35785],[-49.29548,-26.35744],[-49.29515,-26.35709],[-49.29352,-26.35644],[-49.29299,-26.35651],[-49.29192,-26.35703],[-49.29083,-26.35684],[-49.29035,-26.3569],[-49.28916,-26.35751],[-49.28697,-26.35965],[-49.28673,-26.35975],[-49.28628,-26.35979],[-49.28578,-26.35962],[-49.28549,-26.35925],[-49.28545,-26.35899],[-49.28563,-26.35825],[-49.28592,-26.35786],[-49.28636,-26.35765],[-49.28786,-26.35782],[-49.2886,-26.35759],[-49.29105,-26.35512],[-49.29123,-26.35466],[-49.29117,-26.35428],[-49.291,-26.35405],[-49.2903,-26.35352],[-49.2895,-26.35246],[-49.28917,-26.35223],[-49.28851,-26.3522],[-49.28732,-26.35236],[-49.28691,-26.35259],[-49.28576,-26.35369],[-49.28561,-26.35405],[-49.28569,-26.35458],[-49.28617,-26.355],[-49.28701,-26.35533],[-49.28729,-26.35576],[-49.28723,-26.3563],[-49.28709,-26.35653],[-49.2867,-26.35683],[-49.28625,-26.35691],[-49.28559,-26.35683],[-49.28515,-26.35692],[-49.28375,-26.35785],[-49.28354,-26.3584],[-49.28355,-26.35861],[-49.28386,-26.35929],[-49.28367,-26.36018],[-49.28384,-26.36068],[-49.28403,-26.36089],[-49.28432,-26.36104],[-49.2847,-26.36111],[-49.28504,-26.36111],[-49.28584,-26.36086],[-49.28612,-26.36085],[-49.28812,-26.36181],[-49.28875,-26.36171],[-49.28951,-26.36142],[-49.28997,-26.36144],[-49.2913,-26.36184],[-49.2916,-26.36213],[-49.29164,-26.3625],[-49.29158,-26.3629],[-49.2913,-26.36331],[-49.29105,-26.36343],[-49.29001,-26.36356],[-49.28857,-26.36346],[-49.28764,-26.3638],[-49.28736,-26.36383],[-49.28645,-26.36368],[-49.2862,-26.36371],[-49.28567,-26.36401],[-49.28549,-26.36424],[-49.2854,-26.36451],[-49.28556,-26.36498],[-49.28586,-26.36535],[-49.28659,-26.36588],[-49.28674,-26.36609],[-49.28677,-26.3665],[-49.28655,-26.36687],[-49.28619,-26.36712],[-49.28521,-26.36719],[-49.28469,-26.36743],[-49.28445,-26.36791],[-49.28443,-26.3682],[-49.28458,-26.36855],[-49.28528,-26.36931],[-49.28584,-26.37124],[-49.28644,-26.37204],[-49.28647,-26.37236],[-49.28622,-26.37345],[-49.28641,-26.37388]]}},{"type":"Feature","properties":{"name":"Ramal de São Francisco","operator":"Rumo S/A","usage":"main"},"geometry":{"type":"LineString","coordinates":[[-49.28796,-26.37429],[-49.28875,-26.3738],[-49.28894,-26.3734],[-49.28886,-26.37246],[-49.28894,-26.3721],[-49.29028,-26.37031],[-49.29071,-26.37011],[-49.29115,-26.37003],[-49.29154,-26.37006],[-49.29239,-26.37041],[-49.2926,-26.37058],[-49.29279,-26.37097],[-49.29267,-26.37153]]}},{"type":"Feature","properties":{"name":"Ramal de São Francisco","operator":"Rumo S/A","usage":"main"},"geometry":{"type":"LineString","coordinates":[[-49.27443,-26.38496],[-49.27445,-26.38518],[-49.27466,-26.38554],[-49.27532,-26.38612],[-49.27571,-26.38733],[-49.2761,-26.38811],[-49.27613,-26.38831],[-49.27603,-26.3887],[-49.27556,-26.38916],[-49.27534,-26.38922],[-49.27445,-26.38906],[-49.27377,-26.38906],[-49.27336,-26.38891],[-49.27255,-26.38817],[-49.27094,-26.38792],[-49.27059,-26.38766],[-49.27029,-26.38708],[-49.26999,-26.38672],[-49.26955,-26.38651],[-49.26931,-26.38649],[-49.26871,-26.3867],[-49.26795,-26.38752],[-49.26676,-26.38811],[-49.26569,-26.38883],[-49.26477,-26.38899],[-49.2638,-26.38938],[-49.26328,-26.38942]]}},{"type":"Feature","properties":{"name":"Ramal de São Francisco","operator":"Rumo S/A","usage":"main"},"geometry":{"type":"LineString","coordinates":[[-49.29267,-26.37153],[-49.29233,-26.37189]]}},{"type":"Feature","properties":{"name":"Ramal de São Francisco","operator":"Rumo S/A","usage":"main"},"geometry":{"type":"LineString","coordinates":[[-49.27443,-26.38496],[-49.27465,-26.3844],[-49.27497,-26.38418]]}},{"type":"Feature","properties":{"name":"Ramal de São Francisco","operator":"Rumo S/A","usage":"main"},"geometry":{"type":"LineString","coordinates":[[-49.28796,-26.37429],[-49.28734,-26.37431],[-49.28674,-26.37411],[-49.28641,-26.37388]]}},{"type":"Feature","properties":{"name":"Ramal de São Francisco","operator":"Rumo S/A","usage":"main"},"geometry":{"type":"LineString","coordinates":[[-49.30737,-26.3189],[-49.30722,-26.31933]]}},{"type":"Feature","properties":{"name":"Ramal de São Francisco","operator":"Rumo S/A","usage":"main"},"geometry":{"type":"LineString","coordinates":[[-49.32689,-26.2841],[-49.32748,-26.28511],[-49.32756,-26.28571],[-49.32724,-26.28624],[-49.32626,-26.28749],[-49.32543,-26.289],[-49.32498,-26.28948],[-49.32452,-26.29034],[-49.32397,-26.29097],[-49.32389,-26.29127],[-49.32395,-26.29204],[-49.32384,-26.29242],[-49.32328,-26.29309],[-49.32285,-26.2932],[-49.32198,-26.29319],[-49.32158,-26.29341],[-49.32132,-26.2938],[-49.32131,-26.29435],[-49.32186,-26.29578],[-49.32137,-26.29754],[-49.32131,-26.29872],[-49.32124,-26.29893],[-49.3203,-26.29994],[-49.319,-26.30155],[-49.3188,-26.30203],[-49.31882,-26.3027],[-49.31865,-26.30309],[-49.31612,-26.30435],[-49.3146,-26.30696],[-49.31346,-26.30791],[-49.31237,-26.30836],[-49.31201,-26.30864],[-49.31182,-26.30901],[-49.31181,-26.30921],[-49.31209,-26.30994],[-49.31198,-26.31052],[-49.31166,-26.31079],[-49.3105,-26.31126],[-49.30945,-26.31244],[-49.30924,-26.3128],[-49.30907,-26.3138],[-49.30889,-26.31404],[-49.30804,-26.31453],[-49.30737,-26.31475],[-49.30681,-26.3153],[-49.30667,-26.3156],[-49.30674,-26.31603],[-49.30764,-26.31812],[-49.3076,-26.31852],[-49.30737,-26.3189]]}},{"type":"Feature","properties":{"name":"Ramal de São Francisco","operator":"Rumo S/A","usage":"main"},"geometry":{"type":"LineString","coordinates":[[-49.23665,-26.43201],[-49.23686,-26.43165]]}},{"type":"Feature","properties":{"name":"Ramal de São Francisco","operator":"Rumo S/A","usage":"main"},"geometry":{"type":"LineString","coordinates":[[-49.23686,-26.43165],[-49.23828,-26.4289],[-49.24198,-26.42223],[-49.24256,-26.42174],[-49.243,-26.42157],[-49.24492,-26.42126],[-49.24551,-26.42108],[-49.24617,-26.42057],[-49.24643,-26.42015],[-49.2492,-26.41015],[-49.24917,-26.40977],[-49.24898,-26.40943],[-49.24818,-26.40863],[-49.24802,-26.40831],[-49.24799,-26.40765],[-49.24811,-26.40734],[-49.24834,-26.40706],[-49.25107,-26.40546],[-49.25162,-26.40489],[-49.25181,-26.40432],[-49.25177,-26.40371],[-49.25167,-26.40344],[-49.25072,-26.40225],[-49.25034,-26.40149],[-49.24987,-26.39922],[-49.2499,-26.39747],[-49.24969,-26.39632],[-49.2498,-26.395],[-49.24976,-26.39472],[-49.24966,-26.39439],[-49.24857,-26.39279],[-49.2484,-26.39198],[-49.24872,-26.39137],[-49.24935,-26.39098],[-49.25092,-26.39096],[-49.25366,-26.38964]]}},{"type":"Feature","properties":{"name":"Linha Rubião Júnior-Bauru","operator":"Rumo S/A","usage":"main"},"geometry":{"type":"LineString","coordinates":[[-48.55289,-22.78419],[-48.55224,-22.78382]]}},{"type":"Feature","properties":{"name":"Linha Rubião Júnior-Bauru","operator":"Rumo S/A","usage":"main"},"geometry":{"type":"LineString","coordinates":[[-48.58878,-22.6993],[-48.58965,-22.69796],[-48.58984,-22.69751],[-48.58989,-22.697],[-48.58981,-22.69552],[-48.58984,-22.69514],[-48.59003,-22.69479],[-48.59088,-22.69392],[-48.59169,-22.6922],[-48.59252,-22.69167],[-48.59395,-22.69125],[-48.59441,-22.69082],[-48.59459,-22.69042],[-48.59474,-22.68968],[-48.59531,-22.68834],[-48.59529,-22.68781],[-48.5951,-22.68743],[-48.5932,-22.68586],[-48.59305,-22.68552],[-48.59298,-22.68512],[-48.59312,-22.68475],[-48.59365,-22.68389],[-48.59382,-22.68316],[-48.59372,-22.68265],[-48.59345,-22.68226],[-48.59335,-22.68193],[-48.59333,-22.68156],[-48.59362,-22.68015],[-48.59335,-22.67778],[-48.59294,-22.67675],[-48.5924,-22.67607],[-48.59224,-22.6757],[-48.59222,-22.67528],[-48.59236,-22.67486],[-48.59338,-22.67347],[-48.59494,-22.67229],[-48.59569,-22.67133],[-48.59597,-22.67112],[-48.5978,-22.6704],[-48.59856,-22.6704],[-48.59985,-22.67102],[-48.60014,-22.67108],[-48.60054,-22.67109],[-48.60168,-22.67085],[-48.60215,-22.67086],[-48.60406,-22.67141],[-48.60478,-22.67121],[-48.60507,-22.67097],[-48.60527,-22.67065],[-48.6055,-22.66955],[-48.60563,-22.66928],[-48.60628,-22.66863],[-48.60675,-22.66795],[-48.60672,-22.66717],[-48.60616,-22.66654],[-48.6058,-22.66639],[-48.60486,-22.66623],[-48.6046,-22.66612],[-48.60408,-22.66561],[-48.60394,-22.66528],[-48.60405,-22.66344],[-48.60351,-22.66274],[-48.6028,-22.66234],[-48.60206,-22.66168],[-48.60121,-22.66073],[-48.60098,-22.66036],[-48.60088,-22.66002],[-48.60076,-22.65828],[-48.60063,-22.65756],[-48.60041,-22.65694],[-48.59776,-22.65308],[-48.5972,-22.65203],[-48.5971,-22.65155],[-48.59707,-22.65074],[-48.59714,-22.64968],[-48.59729,-22.64879],[-48.59745,-22.64841],[-48.59836,-22.64742],[-48.59871,-22.64725],[-48.59906,-22.64716],[-48.60097,-22.64735],[-48.60132,-22.64728],[-48.60299,-22.6463],[-48.60323,-22.64598],[-48.60345,-22.64549],[-48.60448,-22.6424],[-48.60469,-22.64209],[-48.6052,-22.64171],[-48.60555,-22.64159],[-48.60593,-22.64158],[-48.60729,-22.64167],[-48.60907,-22.64106],[-48.61017,-22.64087],[-48.61098,-22.64048],[-48.61335,-22.63869],[-48.61374,-22.63851],[-48.61413,-22.63845],[-48.61471,-22.63854],[-48.61589,-22.63912],[-48.61629,-22.63919],[-48.61692,-22.63903],[-48.6172,-22.63881],[-48.61743,-22.63851],[-48.61754,-22.6382],[-48.61753,-22.63718],[-48.61763,-22.63668],[-48.61796,-22.63621],[-48.6186,-22.63557],[-48.61887,-22.63509],[-48.61913,-22.63326],[-48.61915,-22.63286],[-48.61893,-22.63227],[-48.61783,-22.63105],[-48.61773,-22.63067],[-48.61778,-22.63007],[-48.61809,-22.62956],[-48.61833,-22.62938],[-48.61956,-22.6289],[-48.6202,-22.62849],[-48.62075,-22.62788],[-48.62187,-22.6262],[-48.6229,-22.62533],[-48.62323,-22.62459],[-48.62316,-22.623],[-48.62339,-22.62245],[-48.62466,-22.62043],[-48.62593,-22.61927],[-48.62698,-22.61791],[-48.62716,-22.61732],[-48.62748,-22.61545],[-48.62738,-22.61476],[-48.627,-22.61383],[-48.62694,-22.61311],[-48.6275,-22.61173],[-48.62822,-22.61094],[-48.62909,-22.61021],[-48.62973,-22.61004],[-48.63013,-22.61003],[-48.63191,-22.61046],[-48.63345,-22.61131],[-48.63385,-22.61137],[-48.63456,-22.6112],[-48.63485,-22.61098],[-48.63499,-22.61075],[-48.63514,-22.61038],[-48.63513,-22.61002],[-48.63503,-22.60971],[-48.63421,-22.60864],[-48.63409,-22.60798],[-48.63428,-22.60714],[-48.63458,-22.60633],[-48.63485,-22.60596],[-48.6353,-22.6055],[-48.63792,-22.60374],[-48.63976,-22.60297],[-48.64163,-22.60178],[-48.64216,-22.60159],[-48.64253,-22.60157],[-48.64294,-22.60167],[-48.6433,-22.60185],[-48.64357,-22.6021],[-48.64373,-22.60238],[-48.644,-22.60341],[-48.64426,-22.60397],[-48.64482,-22.60459],[-48.64523,-22.60491],[-48.64571,-22.60511],[-48.64613,-22.60518],[-48.64781,-22.60507],[-48.64813,-22.60516],[-48.6492,-22.60574],[-48.64951,-22.60582],[-48.65014,-22.60578],[-48.65047,-22.60565],[-48.651,-22.60513],[-48.65117,-22.60469],[-48.6512,-22.60425],[-48.65032,-22.6023],[-48.64986,-22.60048],[-48.65002,-22.59927],[-48.65027,-22.59871],[-48.65053,-22.59835],[-48.65123,-22.59789],[-48.65269,-22.59744],[-48.65429,-22.59643],[-48.657,-22.59538],[-48.65877,-22.59418],[-48.65949,-22.59384],[-48.65997,-22.59371],[-48.66089,-22.59371],[-48.6616,-22.59388],[-48.66856,-22.59657],[-48.66917,-22.59708],[-48.66937,-22.59736],[-48.66972,-22.59818],[-48.67022,-22.59984],[-48.67044,-22.60018],[-48.67083,-22.6005],[-48.67118,-22.60061],[-48.67189,-22.60055],[-48.67225,-22.60034],[-48.67252,-22.60003],[-48.67297,-22.59891],[-48.67342,-22.59628],[-48.6738,-22.59536],[-48.67431,-22.59458],[-48.67473,-22.59413],[-48.67699,-22.59243],[-48.67811,-22.59133],[-48.67866,-22.59115],[-48.67917,-22.59117],[-48.68094,-22.59162],[-48.68298,-22.59159],[-48.6845,-22.59207],[-48.68486,-22.59232],[-48.6853,-22.59288],[-48.68573,-22.59423],[-48.68589,-22.59447],[-48.68615,-22.59473],[-48.68646,-22.5949],[-48.68708,-22.59504],[-48.68801,-22.59498],[-48.68983,-22.59462],[-48.69199,-22.59476],[-48.69251,-22.5947],[-48.69311,-22.59443],[-48.69489,-22.59307],[-48.6954,-22.59288],[-48.69601,-22.59283],[-48.69679,-22.59303],[-48.6972,-22.5933],[-48.69755,-22.59368],[-48.69807,-22.59462],[-48.69851,-22.59501],[-48.6991,-22.59519],[-48.70035,-22.59524]]}},{"type":"Feature","properties":{"name":"Linha Rubião Júnior-Bauru","operator":"Rumo S/A","usage":"main"},"geometry":{"type":"LineString","coordinates":[[-48.58827,-22.70019],[-48.58878,-22.6993]]}},{"type":"Feature","properties":{"name":null,"operator":"Rumo S/A","usage":"main"},"geometry":{"type":"LineString","coordinates":[[-48.8352,-25.478],[-48.83506,-25.47816]]}},{"type":"Feature","properties":{"name":null,"operator":null,"usage":null},"geometry":{"type":"LineString","coordinates":[[-48.63318,-26.2406],[-48.63273,-26.24038],[-48.63084,-26.23871],[-48.63044,-26.23785],[-48.62994,-26.23604]]}},{"type":"Feature","properties":{"name":null,"operator":"Rumo S/A","usage":"main"},"geometry":{"type":"LineString","coordinates":[[-49.56135,-25.59822],[-49.56054,-25.59797]]}},{"type":"Feature","properties":{"name":null,"operator":"Rumo S/A","usage":"main"},"geometry":{"type":"LineString","coordinates":[[-49.56054,-25.59797],[-49.55745,-25.59692],[-49.55573,-25.59646],[-49.55434,-25.59618],[-49.55249,-25.59596]]}},{"type":"Feature","properties":{"name":null,"operator":"Rumo S/A","usage":"main"},"geometry":{"type":"LineString","coordinates":[[-49.55249,-25.59596],[-49.55174,-25.59594]]}},{"type":"Feature","properties":{"name":null,"operator":"Rumo S/A","usage":"main"},"geometry":{"type":"LineString","coordinates":[[-49.55174,-25.59594],[-49.55118,-25.59592],[-49.54816,-25.59616],[-49.53503,-25.59803],[-49.53392,-25.59807],[-49.53265,-25.59807],[-49.52645,-25.59672],[-49.52427,-25.59633],[-49.52258,-25.59639],[-49.52134,-25.59656],[-49.52024,-25.5968],[-49.51871,-25.59729],[-49.51566,-25.59862],[-49.51226,-25.60073],[-49.5101,-25.60199],[-49.50958,-25.6022],[-49.50887,-25.60244],[-49.50679,-25.60293],[-49.50511,-25.6031],[-49.50347,-25.6029],[-49.50201,-25.60254],[-49.50064,-25.60198],[-49.49925,-25.60114],[-49.49487,-25.59751],[-49.49227,-25.5956],[-49.49123,-25.59502],[-49.48544,-25.59276],[-49.48431,-25.59236],[-49.48315,-25.59206],[-49.48165,-25.59187],[-49.47999,-25.59187],[-49.47449,-25.59234],[-49.47309,-25.59237],[-49.47079,-25.59213],[-49.46957,-25.59187],[-49.46826,-25.59144],[-49.46732,-25.59102],[-49.46302,-25.58826],[-49.46092,-25.58744],[-49.46018,-25.58721],[-49.45852,-25.58695],[-49.4537,-25.58672],[-49.4522,-25.58639],[-49.45081,-25.58595],[-49.44951,-25.58535],[-49.44889,-25.58498],[-49.44729,-25.58376],[-49.44438,-25.58132],[-49.44204,-25.5799],[-49.44,-25.57906],[-49.43163,-25.57688]]}},{"type":"Feature","properties":{"name":null,"operator":"Rumo S/A","usage":"main"},"geometry":{"type":"LineString","coordinates":[[-49.71888,-25.60368],[-49.71795,-25.60337],[-49.71685,-25.60284],[-49.71337,-25.60046],[-49.7126,-25.60004],[-49.71147,-25.59954],[-49.71013,-25.59911],[-49.7085,-25.5988],[-49.69715,-25.59803],[-49.69562,-25.59779],[-49.69368,-25.5972],[-49.69279,-25.59681],[-49.68705,-25.59284],[-49.68471,-25.59169],[-49.68041,-25.58984],[-49.67769,-25.5888],[-49.67348,-25.58798],[-49.66688,-25.58551],[-49.66389,-25.58422],[-49.65994,-25.58175],[-49.65805,-25.58089],[-49.65649,-25.58042],[-49.65501,-25.58017],[-49.65276,-25.58011],[-49.64705,-25.5803]]}},{"type":"Feature","properties":{"name":"Linha Rubião Júnior-Bauru","operator":"Rumo S/A","usage":"main"},"geometry":{"type":"LineString","coordinates":[[-48.79205,-22.59265],[-48.79467,-22.59474],[-48.79536,-22.59508],[-48.79629,-22.59521],[-48.79885,-22.59489],[-48.79948,-22.59465],[-48.80047,-22.59394],[-48.80203,-22.59332],[-48.80421,-22.59228],[-48.80616,-22.5916],[-48.80784,-22.5912],[-48.81369,-22.5903],[-48.81504,-22.58989],[-48.81613,-22.58932],[-48.82833,-22.581],[-48.82968,-22.58001],[-48.83065,-22.57899],[-48.83128,-22.57802],[-48.83175,-22.57688],[-48.83507,-22.56348],[-48.83564,-22.56231],[-48.83647,-22.56125],[-48.8371,-22.56062],[-48.83814,-22.55986],[-48.83918,-22.55933],[-48.84026,-22.55897],[-48.84131,-22.55877],[-48.84307,-22.55877],[-48.84903,-22.55925],[-48.85005,-22.55915],[-48.85101,-22.55863],[-48.85159,-22.55807],[-48.85538,-22.55347],[-48.86335,-22.54695],[-48.86458,-22.54628],[-48.87149,-22.54304],[-48.8729,-22.54219],[-48.87394,-22.54131],[-48.87482,-22.54038],[-48.87763,-22.53582],[-48.88669,-22.52569],[-48.88713,-22.52522],[-48.89438,-22.51891],[-48.89549,-22.51819],[-48.89893,-22.51664],[-48.92258,-22.50663],[-48.94844,-22.49143],[-48.94966,-22.49096],[-48.95381,-22.48991],[-48.95526,-22.48936],[-48.95711,-22.48819],[-48.96382,-22.48325],[-48.96948,-22.47978],[-48.97036,-22.47935],[-48.97128,-22.47904],[-48.97233,-22.47883],[-48.97344,-22.47875],[-48.97874,-22.47903],[-48.97936,-22.47904],[-48.98057,-22.4789],[-48.9821,-22.4785],[-48.98273,-22.47824],[-48.98627,-22.47596],[-48.98687,-22.47569],[-48.98833,-22.47546],[-48.99163,-22.47519],[-48.99226,-22.47497],[-48.99283,-22.47449],[-48.99321,-22.47393],[-48.99446,-22.47083],[-48.9972,-22.4658]]}},{"type":"Feature","properties":{"name":"Ramal de São Francisco","operator":"Rumo S/A","usage":"main"},"geometry":{"type":"LineString","coordinates":[[-49.60342,-26.22723],[-49.60257,-26.22861],[-49.60217,-26.22885],[-49.60124,-26.229],[-49.60052,-26.22885],[-49.60015,-26.22869],[-49.59946,-26.22809],[-49.59823,-26.22628],[-49.59758,-26.22512],[-49.59753,-26.2247],[-49.59761,-26.22375],[-49.59754,-26.22344],[-49.59729,-26.22303],[-49.59709,-26.22288],[-49.59654,-26.22262],[-49.59585,-26.22258],[-49.59354,-26.22358],[-49.59285,-26.22365],[-49.59253,-26.22354],[-49.59197,-26.22312],[-49.59132,-26.2222],[-49.59083,-26.22186],[-49.58987,-26.22177],[-49.5893,-26.22202],[-49.58899,-26.22233],[-49.58881,-26.22267],[-49.58878,-26.22342],[-49.58899,-26.22378],[-49.58983,-26.22467],[-49.58999,-26.22503],[-49.59023,-26.22612],[-49.59073,-26.22733],[-49.59125,-26.22837],[-49.59208,-26.22921],[-49.59225,-26.22949],[-49.59237,-26.22985],[-49.59238,-26.23022],[-49.5918,-26.23135],[-49.59171,-26.23252],[-49.59161,-26.23276],[-49.59105,-26.2335],[-49.59087,-26.23391],[-49.59083,-26.23431],[-49.59134,-26.23568],[-49.59136,-26.23609],[-49.59125,-26.23663],[-49.59079,-26.23726],[-49.59028,-26.23761],[-49.58936,-26.23779],[-49.58872,-26.23771],[-49.58817,-26.23744],[-49.5876,-26.23685],[-49.58644,-26.23363],[-49.58583,-26.23266],[-49.58516,-26.23217],[-49.58475,-26.232],[-49.58211,-26.23137],[-49.58167,-26.23116],[-49.58122,-26.23071],[-49.58106,-26.23027],[-49.58091,-26.22943],[-49.58064,-26.22906],[-49.58016,-26.2287],[-49.57922,-26.22817],[-49.57809,-26.22735],[-49.57785,-26.22676],[-49.57785,-26.22631],[-49.57809,-26.22572],[-49.5789,-26.22453],[-49.57901,-26.22417],[-49.579,-26.22045],[-49.57891,-26.21962],[-49.57851,-26.21888],[-49.57774,-26.21829],[-49.57703,-26.21806],[-49.57631,-26.21809],[-49.57566,-26.21842],[-49.575,-26.21894],[-49.57474,-26.21918],[-49.57459,-26.21946],[-49.5745,-26.21976],[-49.5745,-26.22218],[-49.57438,-26.22297],[-49.57328,-26.22429],[-49.5731,-26.2247],[-49.57288,-26.22622],[-49.5727,-26.22658],[-49.57228,-26.22701],[-49.57114,-26.22756],[-49.57068,-26.22795],[-49.56978,-26.22942],[-49.56913,-26.23131],[-49.56889,-26.23171],[-49.56804,-26.23266],[-49.56713,-26.234],[-49.5659,-26.23473],[-49.56567,-26.23495],[-49.56497,-26.23605],[-49.56417,-26.23651]]}},{"type":"Feature","properties":{"name":"Ramal de São Francisco","operator":"Rumo S/A","usage":"main"},"geometry":{"type":"LineString","coordinates":[[-49.60372,-26.22674],[-49.60342,-26.22723]]}},{"type":"Feature","properties":{"name":"Ramal de São Francisco","operator":"Rumo S/A","usage":"main"},"geometry":{"type":"LineString","coordinates":[[-49.0765,-26.48537],[-49.07693,-26.48586]]}},{"type":"Feature","properties":{"name":"Ramal de São Francisco","operator":"Rumo S/A","usage":"main"},"geometry":{"type":"LineString","coordinates":[[-49.07693,-26.48586],[-49.07739,-26.48627],[-49.07795,-26.48647],[-49.07833,-26.48649],[-49.07901,-26.48627],[-49.0794,-26.48591],[-49.07995,-26.48476],[-49.08064,-26.48376],[-49.08099,-26.4834],[-49.08196,-26.48281],[-49.0835,-26.48109],[-49.08375,-26.48092],[-49.08949,-26.47854],[-49.09008,-26.4784],[-49.09074,-26.47836],[-49.09699,-26.47822],[-49.0975,-26.47814],[-49.09821,-26.47785],[-49.09873,-26.47749],[-49.10159,-26.47491],[-49.10254,-26.47451],[-49.10344,-26.47345],[-49.10391,-26.4732],[-49.10615,-26.47242],[-49.1066,-26.47218],[-49.10704,-26.47174],[-49.10928,-26.46868],[-49.11248,-26.46598],[-49.11303,-26.46567]]}},{"type":"Feature","properties":{"name":"Tronco Principal Sul","operator":"Rumo S/A","usage":"main"},"geometry":{"type":"LineString","coordinates":[[-47.8685,-23.3756],[-47.88116,-23.37707],[-47.88223,-23.37732],[-47.88282,-23.37754],[-47.88395,-23.37818],[-47.88678,-23.38088],[-47.88828,-23.38237],[-47.88942,-23.38393],[-47.89019,-23.38561],[-47.89168,-23.38945],[-47.89744,-23.40223],[-47.89824,-23.40378],[-47.90096,-23.40781],[-47.90158,-23.40856],[-47.90633,-23.41277],[-47.90735,-23.4133],[-47.90792,-23.41345],[-47.90852,-23.41352],[-47.90949,-23.41344],[-47.91074,-23.41302],[-47.91374,-23.41171],[-47.91423,-23.41157],[-47.9154,-23.4115],[-47.91694,-23.41158],[-47.91789,-23.41179],[-47.91836,-23.41197],[-47.91934,-23.41263],[-47.92291,-23.41653],[-47.92396,-23.41813],[-47.92699,-23.42521],[-47.92719,-23.42634],[-47.92714,-23.42916],[-47.9275,-23.43049],[-47.92797,-23.4314],[-47.932,-23.43764],[-47.93241,-23.43857],[-47.93322,-23.44175],[-47.93366,-23.44256],[-47.93483,-23.44401],[-47.93535,-23.44494],[-47.93554,-23.44564],[-47.93558,-23.44658],[-47.93541,-23.44734],[-47.93461,-23.44977],[-47.9345,-23.45117],[-47.93558,-23.45782],[-47.93581,-23.45851],[-47.9365,-23.45958],[-47.94201,-23.46352],[-47.94243,-23.46391],[-47.94508,-23.46707],[-47.94634,-23.46812],[-47.94779,-23.46875],[-47.95337,-23.4703],[-47.95435,-23.47081],[-47.95474,-23.47113],[-47.95519,-23.47163],[-47.95552,-23.47215],[-47.95577,-23.47277],[-47.95594,-23.47354],[-47.95591,-23.4744],[-47.95526,-23.47696],[-47.95518,-23.47807],[-47.95609,-23.481],[-47.95637,-23.48144],[-47.95669,-23.48176],[-47.95848,-23.48276],[-47.95987,-23.4839],[-47.96092,-23.48444],[-47.96174,-23.48464],[-47.9654,-23.48504],[-47.96629,-23.48528],[-47.96835,-23.4862],[-47.96948,-23.48633],[-47.97123,-23.48626],[-47.97193,-23.48643],[-47.97258,-23.48683],[-47.97308,-23.48742],[-47.97326,-23.48777],[-47.97339,-23.48844],[-47.97342,-23.48997],[-47.97352,-23.49075],[-47.97455,-23.49399],[-47.97458,-23.49496],[-47.97423,-23.49722],[-47.97437,-23.49821],[-47.97486,-23.49922],[-47.97564,-23.50003],[-47.97647,-23.50053],[-47.97903,-23.50174],[-47.97947,-23.50192],[-47.98025,-23.50209],[-47.98107,-23.50212],[-47.98886,-23.50139],[-47.99007,-23.50155],[-47.99102,-23.5019],[-47.99144,-23.50213],[-47.99214,-23.50268],[-47.99299,-23.5037],[-47.9932,-23.50411],[-47.99385,-23.50608],[-47.99426,-23.50684],[-47.9945,-23.50713],[-48.0009,-23.51345],[-48.00115,-23.51384],[-48.00146,-23.5147],[-48.00226,-23.52019],[-48.0026,-23.52133],[-48.00324,-23.52279],[-48.00424,-23.52429],[-48.01129,-23.53206],[-48.01191,-23.533],[-48.0129,-23.53522],[-48.01309,-23.53581],[-48.01318,-23.53636],[-48.01316,-23.53691],[-48.01293,-23.53778],[-48.01268,-23.53825],[-48.01241,-23.53867],[-48.01087,-23.53998],[-48.01011,-23.54089],[-48.00918,-23.54221],[-48.009,-23.54255],[-48.00882,-23.54331],[-48.00886,-23.54372],[-48.00944,-23.54548],[-48.00996,-23.54618],[-48.01168,-23.54774],[-48.01227,-23.54866],[-48.0125,-23.54925],[-48.01263,-23.54987],[-48.01265,-23.55085],[-48.01189,-23.55577],[-48.01189,-23.55622],[-48.01244,-23.56018],[-48.01258,-23.56064],[-48.01309,-23.56148],[-48.01346,-23.56191],[-48.01754,-23.56481],[-48.01839,-23.56519],[-48.02102,-23.56591]]}},{"type":"Feature","properties":{"name":"Tronco Principal Sul","operator":"Rumo S/A","usage":"main"},"geometry":{"type":"LineString","coordinates":[[-48.04962,-23.58529],[-48.04998,-23.58544]]}},{"type":"Feature","properties":{"name":"Tronco Principal Sul","operator":"Rumo S/A","usage":"main"},"geometry":{"type":"LineString","coordinates":[[-48.04998,-23.58544],[-48.05075,-23.58568],[-48.05248,-23.58596],[-48.05502,-23.5861],[-48.0557,-23.58623],[-48.05624,-23.58655],[-48.05738,-23.58808],[-48.05798,-23.58856],[-48.05856,-23.5888],[-48.05886,-23.58884],[-48.05949,-23.58889],[-48.06026,-23.58883],[-48.06203,-23.58838],[-48.06297,-23.58784],[-48.06761,-23.58277],[-48.0684,-23.58222],[-48.06951,-23.58199],[-48.07472,-23.5815]]}},{"type":"Feature","properties":{"name":"Tronco Principal Sul","operator":"Rumo S/A","usage":"main"},"geometry":{"type":"LineString","coordinates":[[-48.20885,-23.60621],[-48.20917,-23.60626]]}},{"type":"Feature","properties":{"name":"Tronco Principal Sul","operator":"Rumo S/A","usage":"main"},"geometry":{"type":"LineString","coordinates":[[-48.16113,-23.60623],[-48.16147,-23.6063]]}},{"type":"Feature","properties":{"name":"Tronco Principal Sul","operator":"Rumo S/A","usage":"main"},"geometry":{"type":"LineString","coordinates":[[-48.16147,-23.6063],[-48.16443,-23.60692],[-48.16512,-23.60696],[-48.16614,-23.60688],[-48.16675,-23.60675],[-48.16778,-23.60637],[-48.17299,-23.60365],[-48.17344,-23.60348],[-48.17424,-23.60343],[-48.17572,-23.6037],[-48.17648,-23.6036],[-48.17712,-23.6032],[-48.18187,-23.59872],[-48.18242,-23.59837],[-48.18296,-23.59822],[-48.18349,-23.59825],[-48.18429,-23.59858],[-48.18538,-23.59979],[-48.18593,-23.60013],[-48.18624,-23.60023],[-48.19343,-23.60013],[-48.19414,-23.60021],[-48.19445,-23.60033],[-48.19495,-23.60068],[-48.19617,-23.602],[-48.1964,-23.60216],[-48.19703,-23.60239],[-48.19808,-23.60247],[-48.20035,-23.60168],[-48.20129,-23.60172],[-48.20186,-23.60194],[-48.20391,-23.60345],[-48.20448,-23.60362],[-48.20561,-23.60372],[-48.20619,-23.6039],[-48.2067,-23.60428],[-48.20794,-23.60571],[-48.20853,-23.6061],[-48.20885,-23.60621]]}},{"type":"Feature","properties":{"name":null,"operator":"ALL","usage":null},"geometry":{"type":"LineString","coordinates":[[-48.23383,-23.59242],[-48.22842,-23.59496],[-48.22791,-23.59504],[-48.2273,-23.595],[-48.22672,-23.59482],[-48.22621,-23.59446]]}},{"type":"Feature","properties":{"name":"Ramal de São Francisco","operator":"Rumo S/A","usage":"main"},"geometry":{"type":"LineString","coordinates":[[-49.46288,-26.28332],[-49.45696,-26.2855],[-49.45653,-26.28559],[-49.45604,-26.28556],[-49.45564,-26.28539],[-49.45491,-26.28465],[-49.45451,-26.28438],[-49.45404,-26.28423],[-49.4536,-26.28419],[-49.45317,-26.28431],[-49.44898,-26.2863],[-49.44828,-26.28649],[-49.4468,-26.28656],[-49.43824,-26.28546],[-49.43734,-26.28545],[-49.43623,-26.28564],[-49.43107,-26.28703],[-49.4303,-26.28713],[-49.42951,-26.28711],[-49.42866,-26.28693],[-49.42769,-26.28653],[-49.42535,-26.28486],[-49.42429,-26.28434],[-49.42317,-26.28413],[-49.42078,-26.28416],[-49.41964,-26.28392],[-49.41129,-26.28013],[-49.40936,-26.2795],[-49.40281,-26.27808],[-49.40156,-26.27773],[-49.40052,-26.27725],[-49.40017,-26.27701],[-49.39761,-26.27484],[-49.39684,-26.27443],[-49.39573,-26.27407],[-49.39505,-26.27391],[-49.39013,-26.27336],[-49.38907,-26.27338],[-49.3885,-26.27353],[-49.38402,-26.27563]]}},{"type":"Feature","properties":{"name":null,"operator":"ALL","usage":null},"geometry":{"type":"LineString","coordinates":[[-49.33843,-26.28356],[-49.33731,-26.28181],[-49.3367,-26.28113],[-49.33648,-26.28095],[-49.33561,-26.28062]]}},{"type":"Feature","properties":{"name":null,"operator":"ALL","usage":null},"geometry":{"type":"LineString","coordinates":[[-49.33595,-26.28098],[-49.34006,-26.28537]]}},{"type":"Feature","properties":{"name":"Ramal de São Francisco","operator":"Rumo S/A","usage":"main"},"geometry":{"type":"LineString","coordinates":[[-49.34128,-26.28671],[-49.33528,-26.28028]]}},{"type":"Feature","properties":{"name":null,"operator":"ALL","usage":null},"geometry":{"type":"LineString","coordinates":[[-49.338,-26.28072],[-49.33771,-26.28093],[-49.33742,-26.28137],[-49.3374,-26.28181],[-49.33751,-26.28211]]}},{"type":"Feature","properties":{"name":null,"operator":"ALL","usage":null},"geometry":{"type":"LineString","coordinates":[[-49.33635,-26.28089],[-49.3371,-26.28107],[-49.33747,-26.28102],[-49.338,-26.28072]]}},{"type":"Feature","properties":{"name":"Ramal de São Francisco","operator":"Rumo S/A","usage":"main"},"geometry":{"type":"LineString","coordinates":[[-49.48151,-26.28699],[-49.47965,-26.28676],[-49.47911,-26.28664],[-49.4788,-26.28645],[-49.47834,-26.28593],[-49.47761,-26.28351],[-49.4773,-26.28319],[-49.47652,-26.28288],[-49.47571,-26.28292],[-49.47528,-26.28311],[-49.47483,-26.28344],[-49.47431,-26.28397],[-49.47395,-26.28418],[-49.4734,-26.2843],[-49.47289,-26.28429],[-49.47219,-26.28402],[-49.47194,-26.28384],[-49.47134,-26.28307],[-49.47082,-26.28262],[-49.47014,-26.28243],[-49.46949,-26.28247],[-49.46914,-26.28258],[-49.46864,-26.28293],[-49.46765,-26.28396],[-49.46694,-26.28419],[-49.46634,-26.28412],[-49.46596,-26.28397],[-49.4648,-26.28322],[-49.46415,-26.28305],[-49.46359,-26.28308],[-49.4632,-26.28321]]}},{"type":"Feature","properties":{"name":"Tronco Principal Sul","operator":"Rumo S/A","usage":"main"},"geometry":{"type":"LineString","coordinates":[[-50.37638,-26.64088],[-50.37602,-26.64042],[-50.37544,-26.64003],[-50.37481,-26.63979],[-50.37407,-26.63969]]}},{"type":"Feature","properties":{"name":"Tronco Principal Sul","operator":"Rumo S/A","usage":"main"},"geometry":{"type":"LineString","coordinates":[[-50.37721,-26.64357],[-50.37688,-26.64196]]}},{"type":"Feature","properties":{"name":"Tronco Principal Sul","operator":"Rumo S/A","usage":"main"},"geometry":{"type":"LineString","coordinates":[[-50.38936,-26.65233],[-50.38809,-26.65196]]}},{"type":"Feature","properties":{"name":"Tronco Principal Sul","operator":"Rumo S/A","usage":"main"},"geometry":{"type":"LineString","coordinates":[[-50.37688,-26.64196],[-50.37657,-26.64116]]}},{"type":"Feature","properties":{"name":"Tronco Principal Sul","operator":"Rumo S/A","usage":"main"},"geometry":{"type":"LineString","coordinates":[[-50.36808,-26.63794],[-50.3661,-26.63732]]}},{"type":"Feature","properties":{"name":"Tronco Principal Sul","operator":"Rumo S/A","usage":"main"},"geometry":{"type":"LineString","coordinates":[[-50.37657,-26.64116],[-50.37638,-26.64088]]}},{"type":"Feature","properties":{"name":"Tronco Principal Sul","operator":"Rumo S/A","usage":"main"},"geometry":{"type":"LineString","coordinates":[[-50.37407,-26.63969],[-50.37278,-26.63973]]}},{"type":"Feature","properties":{"name":"Tronco Principal Sul","operator":"Rumo S/A","usage":"main"},"geometry":{"type":"LineString","coordinates":[[-50.38809,-26.65196],[-50.38781,-26.65186],[-50.38716,-26.65143]]}},{"type":"Feature","properties":{"name":"Tronco Principal Sul","operator":"Rumo S/A","usage":"main"},"geometry":{"type":"LineString","coordinates":[[-50.37075,-26.63941],[-50.36895,-26.63831],[-50.36808,-26.63794]]}},{"type":"Feature","properties":{"name":"Tronco Principal Sul","operator":"Rumo S/A","usage":"main"},"geometry":{"type":"LineString","coordinates":[[-50.3849,-26.6495],[-50.38317,-26.64894],[-50.38277,-26.64874],[-50.37915,-26.64638]]}},{"type":"Feature","properties":{"name":"Tronco Principal Sul","operator":"Rumo S/A","usage":"main"},"geometry":{"type":"LineString","coordinates":[[-50.37278,-26.63973],[-50.37174,-26.63968],[-50.37075,-26.63941]]}},{"type":"Feature","properties":{"name":"Tronco Principal Sul","operator":"Rumo S/A","usage":"main"},"geometry":{"type":"LineString","coordinates":[[-50.3661,-26.63732],[-50.36505,-26.63684],[-50.36472,-26.63661],[-50.36374,-26.63547],[-50.36337,-26.63473],[-50.36328,-26.6341],[-50.3634,-26.63323],[-50.36432,-26.63131],[-50.36443,-26.63081]]}},{"type":"Feature","properties":{"name":"Tronco Principal Sul","operator":"Rumo S/A","usage":"main"},"geometry":{"type":"LineString","coordinates":[[-50.38716,-26.65143],[-50.38588,-26.65011],[-50.38543,-26.64976],[-50.3849,-26.6495]]}},{"type":"Feature","properties":{"name":"Tronco Principal Sul","operator":"Rumo S/A","usage":"main"},"geometry":{"type":"LineString","coordinates":[[-50.37915,-26.64638],[-50.3784,-26.6457],[-50.3778,-26.64491],[-50.37721,-26.64357]]}},{"type":"Feature","properties":{"name":"Tronco Principal Sul","operator":"Rumo S/A","usage":"main"},"geometry":{"type":"LineString","coordinates":[[-50.36443,-26.63081],[-50.36426,-26.62971],[-50.36407,-26.62918]]}},{"type":"Feature","properties":{"name":"Tronco Principal Sul","operator":"Rumo S/A","usage":"main"},"geometry":{"type":"LineString","coordinates":[[-50.3633,-26.62687],[-50.3626,-26.62497]]}},{"type":"Feature","properties":{"name":"Tronco Principal Sul","operator":"Rumo S/A","usage":"main"},"geometry":{"type":"LineString","coordinates":[[-50.36407,-26.62918],[-50.3633,-26.62687]]}},{"type":"Feature","properties":{"name":"Tronco Principal Sul","operator":"Rumo S/A","usage":"main"},"geometry":{"type":"LineString","coordinates":[[-50.3626,-26.62497],[-50.36236,-26.62365],[-50.36253,-26.62212],[-50.36252,-26.62134],[-50.36223,-26.62059],[-50.3617,-26.61991],[-50.36095,-26.61942],[-50.35847,-26.61874],[-50.35775,-26.61835],[-50.35739,-26.61806],[-50.35598,-26.61654],[-50.35567,-26.61573],[-50.35516,-26.61281],[-50.35366,-26.60912],[-50.35316,-26.60825],[-50.35062,-26.60466],[-50.34922,-26.6035],[-50.34862,-26.60262],[-50.34849,-26.60227],[-50.34842,-26.60165],[-50.34888,-26.5995],[-50.34891,-26.59902],[-50.34882,-26.59843],[-50.34858,-26.5979],[-50.34808,-26.59726],[-50.34764,-26.59692],[-50.34543,-26.59567],[-50.34484,-26.595],[-50.34447,-26.59426],[-50.3438,-26.59219],[-50.34305,-26.58942],[-50.34308,-26.58864],[-50.34322,-26.5882],[-50.34369,-26.5874],[-50.34621,-26.58513],[-50.34666,-26.58414],[-50.34668,-26.58357],[-50.34661,-26.58301],[-50.3464,-26.58248],[-50.34499,-26.58041],[-50.34415,-26.57798],[-50.34401,-26.57769],[-50.34336,-26.57684],[-50.34234,-26.57605],[-50.34137,-26.57559],[-50.34062,-26.57537],[-50.33997,-26.57528],[-50.33676,-26.57532],[-50.33605,-26.57515],[-50.33546,-26.57487],[-50.33496,-26.57447],[-50.33458,-26.574],[-50.33313,-26.57145],[-50.33235,-26.57064],[-50.33127,-26.57007],[-50.32812,-26.56909],[-50.32719,-26.56867],[-50.32636,-26.56809],[-50.32402,-26.56576],[-50.32351,-26.56543],[-50.32295,-26.5652],[-50.32217,-26.56507],[-50.32141,-26.5651],[-50.32035,-26.56546],[-50.31979,-26.56586],[-50.31864,-26.56705],[-50.31807,-26.56748],[-50.31752,-26.56775],[-50.31703,-26.56788],[-50.31623,-26.56794],[-50.31497,-26.56771],[-50.30978,-26.56638],[-50.30889,-26.56583],[-50.30715,-26.56432],[-50.30682,-26.56416],[-50.30595,-26.56394],[-50.30484,-26.56398],[-50.30403,-26.56428],[-50.30207,-26.56535],[-50.30143,-26.5655],[-50.30073,-26.56555],[-50.29956,-26.56538],[-50.29364,-26.56341],[-50.29291,-26.56297],[-50.29243,-26.56256],[-50.29188,-26.56177],[-50.28905,-26.5534],[-50.28853,-26.55252],[-50.28803,-26.55204],[-50.28716,-26.55151],[-50.28672,-26.55135],[-50.28408,-26.55083],[-50.28296,-26.55028],[-50.28256,-26.54998],[-50.27708,-26.54381],[-50.2762,-26.54317],[-50.27512,-26.54287],[-50.27331,-26.54271],[-50.27258,-26.54255],[-50.27177,-26.54216],[-50.27026,-26.5408],[-50.26936,-26.54032],[-50.26826,-26.54014],[-50.26502,-26.5406],[-50.26379,-26.54039],[-50.26336,-26.54022],[-50.2625,-26.53972],[-50.25687,-26.53482]]}},{"type":"Feature","properties":{"name":"Tronco Principal Sul","operator":"Rumo S/A","usage":"main"},"geometry":{"type":"LineString","coordinates":[[-50.25687,-26.53482],[-50.25633,-26.53436]]}},{"type":"Feature","properties":{"name":"Tronco Principal Sul","operator":"Rumo S/A","usage":"main"},"geometry":{"type":"LineString","coordinates":[[-50.25633,-26.53436],[-50.25326,-26.53168],[-50.25277,-26.53109],[-50.25119,-26.52726],[-50.25103,-26.52663],[-50.25101,-26.52594],[-50.25149,-26.52206],[-50.25149,-26.52102],[-50.25139,-26.5201],[-50.25092,-26.51831],[-50.24958,-26.51504],[-50.24907,-26.51404],[-50.24834,-26.51315],[-50.24771,-26.5126],[-50.24531,-26.51091]]}},{"type":"Feature","properties":{"name":"Tronco Principal Sul","operator":"Rumo S/A","usage":"main"},"geometry":{"type":"LineString","coordinates":[[-50.27214,-26.90162],[-50.27229,-26.90526]]}},{"type":"Feature","properties":{"name":"Tronco Principal Sul","operator":"Rumo S/A","usage":"main"},"geometry":{"type":"LineString","coordinates":[[-50.27229,-26.90526],[-50.27245,-26.90919],[-50.27264,-26.91014],[-50.27306,-26.91102],[-50.27361,-26.91175],[-50.27452,-26.91253],[-50.27563,-26.9131],[-50.2808,-26.91464],[-50.28195,-26.91469],[-50.28374,-26.91435],[-50.28492,-26.91428],[-50.28835,-26.91504],[-50.29039,-26.91565],[-50.29158,-26.91627],[-50.2922,-26.91679],[-50.29518,-26.92042],[-50.29564,-26.92084],[-50.29701,-26.92178],[-50.29885,-26.92256],[-50.29977,-26.92305],[-50.30049,-26.92359],[-50.30104,-26.92418],[-50.30295,-26.92726],[-50.30345,-26.92816],[-50.30366,-26.92871],[-50.30374,-26.9293],[-50.30395,-26.93537],[-50.30424,-26.93627],[-50.31401,-26.95049],[-50.31908,-26.95639],[-50.32149,-26.96262],[-50.32193,-26.96314],[-50.32244,-26.96353],[-50.32709,-26.96535],[-50.32778,-26.96581],[-50.32824,-26.96634],[-50.32921,-26.9688],[-50.33128,-26.97451],[-50.33144,-26.97514],[-50.33134,-26.97614],[-50.32962,-26.98275],[-50.32972,-26.98389],[-50.33027,-26.98482],[-50.33063,-26.98517],[-50.33146,-26.98562],[-50.33265,-26.98586],[-50.33781,-26.98524],[-50.3388,-26.98532],[-50.33986,-26.98567],[-50.34328,-26.98731],[-50.35368,-26.99144],[-50.35446,-26.99154],[-50.35826,-26.99143],[-50.35941,-26.99153],[-50.36031,-26.99185],[-50.36108,-26.99234],[-50.36165,-26.99292],[-50.36291,-26.9951],[-50.3632,-26.99567],[-50.36333,-26.99612],[-50.36349,-26.99744],[-50.36346,-26.99791],[-50.36323,-26.99889],[-50.36276,-26.99984],[-50.35769,-27.00806],[-50.3565,-27.00955],[-50.35387,-27.01211],[-50.35314,-27.01307],[-50.35281,-27.01374],[-50.35256,-27.0145],[-50.35151,-27.02054],[-50.35072,-27.02283],[-50.35064,-27.02329],[-50.35061,-27.0241],[-50.35072,-27.02498],[-50.35118,-27.02696],[-50.35157,-27.02776],[-50.35205,-27.02826],[-50.3531,-27.02882],[-50.35528,-27.02918],[-50.35609,-27.02952],[-50.35673,-27.03001],[-50.35701,-27.03034],[-50.35736,-27.03109],[-50.35748,-27.03201],[-50.35706,-27.03368],[-50.35699,-27.03423],[-50.35706,-27.03657],[-50.35692,-27.03708],[-50.3566,-27.03767],[-50.35629,-27.03802]]}},{"type":"Feature","properties":{"name":"Ramal Itirapina-Panorama","operator":"Rumo S/A","usage":"branch"},"geometry":{"type":"LineString","coordinates":[[-48.68595,-22.36684],[-48.68459,-22.36627],[-48.68364,-22.36601],[-48.67658,-22.36531],[-48.66762,-22.36233],[-48.66708,-22.36191],[-48.66655,-22.36135],[-48.66265,-22.35631],[-48.66199,-22.35574],[-48.66132,-22.35542],[-48.66065,-22.35523],[-48.65916,-22.35534],[-48.65001,-22.35778],[-48.64868,-22.358],[-48.6477,-22.35809],[-48.64657,-22.35804],[-48.64452,-22.35767],[-48.61369,-22.34605],[-48.59814,-22.34013],[-48.59254,-22.33792],[-48.59124,-22.33711],[-48.59012,-22.33613],[-48.58962,-22.33557],[-48.58871,-22.33417],[-48.58184,-22.31761],[-48.58101,-22.31649],[-48.58027,-22.31591],[-48.57902,-22.31529],[-48.57788,-22.31505],[-48.57565,-22.31488],[-48.57511,-22.31493],[-48.57069,-22.3163],[-48.5698,-22.31634],[-48.56906,-22.31617],[-48.56818,-22.31565],[-48.56765,-22.31497],[-48.5673,-22.31414],[-48.56711,-22.31255]]}},{"type":"Feature","properties":{"name":"Linha Ourinhos-Cianorte","operator":"Rumo S/A","usage":"main"},"geometry":{"type":"LineString","coordinates":[[-51.96978,-23.42425],[-51.97429,-23.42965],[-51.97487,-23.43016],[-51.97565,-23.43069],[-51.97714,-23.43135],[-51.97866,-23.43166],[-51.97997,-23.43167],[-51.98899,-23.4304],[-51.98986,-23.4305],[-51.99065,-23.43079],[-51.99119,-23.43114],[-51.99162,-23.43154],[-51.99206,-23.43218],[-51.99225,-23.43265],[-51.99238,-23.43338],[-51.99234,-23.43398],[-51.99217,-23.43459],[-51.99193,-23.43506]]}},{"type":"Feature","properties":{"name":"Tronco Principal Sul","operator":"Rumo S/A","usage":"main"},"geometry":{"type":"LineString","coordinates":[[-48.88113,-23.96683],[-48.88079,-23.96655],[-48.88054,-23.96611],[-48.88048,-23.96575],[-48.8807,-23.96497],[-48.88096,-23.9646],[-48.88121,-23.96438],[-48.88156,-23.96423],[-48.8833,-23.96419],[-48.88389,-23.96398],[-48.8844,-23.96356],[-48.88471,-23.96292],[-48.88467,-23.962],[-48.88437,-23.96121],[-48.88415,-23.9609],[-48.88331,-23.96014],[-48.88301,-23.95965],[-48.88298,-23.95894],[-48.88307,-23.9586],[-48.88356,-23.95804],[-48.88387,-23.95784],[-48.88423,-23.95774],[-48.88497,-23.95776],[-48.8864,-23.95824],[-48.88712,-23.95816],[-48.88782,-23.9578],[-48.88823,-23.9572],[-48.88834,-23.95685],[-48.88835,-23.95561],[-48.88852,-23.95503],[-48.89015,-23.95326],[-48.89095,-23.95252],[-48.89131,-23.952],[-48.8914,-23.95168],[-48.89143,-23.95129],[-48.89131,-23.95093],[-48.89043,-23.94992],[-48.89032,-23.94962],[-48.89031,-23.94845],[-48.8902,-23.94804],[-48.88975,-23.94739],[-48.88906,-23.9471],[-48.88863,-23.94707],[-48.88678,-23.94758],[-48.88585,-23.94761],[-48.88535,-23.94749],[-48.88469,-23.94708],[-48.88443,-23.94676],[-48.8843,-23.94637],[-48.88437,-23.94568],[-48.88469,-23.94517],[-48.88658,-23.94332],[-48.88689,-23.9431],[-48.89062,-23.94121],[-48.89087,-23.94091],[-48.89111,-23.94016],[-48.89085,-23.9394],[-48.89036,-23.9389],[-48.88697,-23.93709],[-48.88654,-23.93698],[-48.88603,-23.93701],[-48.88527,-23.9373],[-48.88353,-23.93921],[-48.88254,-23.93972],[-48.88194,-23.93982],[-48.88136,-23.93979],[-48.88075,-23.93964],[-48.88031,-23.93938],[-48.87955,-23.93863],[-48.87874,-23.93733],[-48.87829,-23.93625],[-48.87789,-23.93384],[-48.87775,-23.93333],[-48.87751,-23.93286],[-48.87692,-23.93207],[-48.87217,-23.92672],[-48.8718,-23.92623],[-48.87166,-23.92569],[-48.87172,-23.9252],[-48.87193,-23.92474],[-48.87225,-23.92436],[-48.87387,-23.92348],[-48.87431,-23.92307],[-48.8746,-23.9226],[-48.87478,-23.92201],[-48.875,-23.91819],[-48.87491,-23.91768],[-48.87462,-23.91712],[-48.87428,-23.91672],[-48.8738,-23.9164],[-48.87323,-23.91618],[-48.87264,-23.91609],[-48.87158,-23.9163],[-48.87107,-23.9166],[-48.8663,-23.92079],[-48.86577,-23.92113],[-48.86532,-23.9213],[-48.86472,-23.92143],[-48.864,-23.92146],[-48.86314,-23.92134],[-48.86152,-23.92074],[-48.86049,-23.92061],[-48.85961,-23.9208],[-48.85834,-23.92147],[-48.85775,-23.92164],[-48.8481,-23.9226],[-48.84701,-23.92252],[-48.84627,-23.92221],[-48.84586,-23.92191],[-48.84538,-23.92132],[-48.84471,-23.92018],[-48.84441,-23.91984],[-48.84356,-23.91933],[-48.84261,-23.91915],[-48.84207,-23.9192],[-48.83992,-23.91971],[-48.83944,-23.91976],[-48.83845,-23.91964],[-48.83761,-23.91927],[-48.8371,-23.91893],[-48.82845,-23.91099],[-48.82785,-23.91052],[-48.82704,-23.9101],[-48.82176,-23.90852],[-48.82101,-23.90836],[-48.8202,-23.90836],[-48.81894,-23.90851],[-48.81811,-23.90843],[-48.81731,-23.90812],[-48.81681,-23.90765],[-48.81377,-23.90369],[-48.81308,-23.90319],[-48.81204,-23.90279],[-48.81116,-23.90266],[-48.81011,-23.90271],[-48.80933,-23.90297],[-48.8081,-23.90377],[-48.80743,-23.90404],[-48.80692,-23.90413],[-48.80642,-23.90411],[-48.80545,-23.9037],[-48.79649,-23.89841],[-48.79613,-23.89807],[-48.79533,-23.89597],[-48.7948,-23.89509],[-48.79275,-23.89282],[-48.79222,-23.89242],[-48.79161,-23.89217],[-48.78411,-23.89165],[-48.78344,-23.8915],[-48.78286,-23.89119],[-48.78113,-23.88951],[-48.78061,-23.88928],[-48.77971,-23.88916],[-48.77024,-23.89076],[-48.76962,-23.89079],[-48.769,-23.89071],[-48.76781,-23.89011],[-48.76301,-23.887],[-48.76264,-23.88665],[-48.76241,-23.88625],[-48.7622,-23.88573],[-48.76209,-23.88519],[-48.76334,-23.87678],[-48.76372,-23.87582],[-48.76411,-23.87543],[-48.76452,-23.87515],[-48.76587,-23.87452],[-48.76619,-23.87423],[-48.76648,-23.87378],[-48.76663,-23.87317],[-48.76657,-23.8726],[-48.76627,-23.87211],[-48.76582,-23.87169],[-48.76525,-23.87146],[-48.76479,-23.87138],[-48.76265,-23.87181],[-48.76206,-23.87184],[-48.76147,-23.87171],[-48.76107,-23.87144],[-48.76055,-23.87085],[-48.76005,-23.86953],[-48.75978,-23.86918],[-48.75934,-23.86889],[-48.75885,-23.86876],[-48.75834,-23.86873],[-48.75783,-23.86887],[-48.75744,-23.8691],[-48.75641,-23.86997],[-48.75572,-23.87024],[-48.75527,-23.87027],[-48.75472,-23.87014],[-48.75426,-23.8699],[-48.75392,-23.86953],[-48.75372,-23.86911],[-48.75268,-23.86507],[-48.75244,-23.86465],[-48.75211,-23.86431],[-48.75166,-23.86402],[-48.75115,-23.86387],[-48.7479,-23.86364],[-48.74598,-23.86303],[-48.74558,-23.863],[-48.74388,-23.86336],[-48.7433,-23.86323],[-48.7429,-23.86297],[-48.74259,-23.86262],[-48.74225,-23.86154],[-48.74205,-23.86118],[-48.74174,-23.8609],[-48.7413,-23.86069],[-48.7404,-23.86046],[-48.74005,-23.86029],[-48.73974,-23.85999],[-48.73959,-23.85971],[-48.73925,-23.85845],[-48.73907,-23.8581],[-48.73842,-23.85763],[-48.7294,-23.85558],[-48.72887,-23.85558],[-48.7265,-23.85619],[-48.72573,-23.85603],[-48.72524,-23.8557],[-48.72507,-23.85549],[-48.72491,-23.85507],[-48.72494,-23.85432],[-48.72523,-23.85309],[-48.72513,-23.85253],[-48.72475,-23.85198],[-48.72439,-23.85174],[-48.72374,-23.85157],[-48.71961,-23.8516],[-48.719,-23.85171],[-48.71874,-23.85183],[-48.71834,-23.85219],[-48.71778,-23.8534],[-48.71746,-23.85376],[-48.71692,-23.85404],[-48.71662,-23.85411],[-48.71632,-23.85412],[-48.71566,-23.85392],[-48.71459,-23.85311],[-48.71401,-23.85295],[-48.71346,-23.853],[-48.71287,-23.85331],[-48.71265,-23.85353],[-48.71131,-23.85521],[-48.71087,-23.85555],[-48.70962,-23.8562],[-48.70842,-23.8575],[-48.70799,-23.85782],[-48.70244,-23.85986],[-48.69952,-23.85976],[-48.6989,-23.85958],[-48.69316,-23.85592],[-48.68954,-23.85179],[-48.6889,-23.85069],[-48.68803,-23.84678],[-48.68772,-23.84613],[-48.68713,-23.84543],[-48.68567,-23.84433],[-48.68322,-23.84327],[-48.68153,-23.8431],[-48.68113,-23.8429],[-48.68086,-23.84261],[-48.68066,-23.84228],[-48.6806,-23.84094],[-48.68043,-23.8405],[-48.67972,-23.83939],[-48.67927,-23.83899],[-48.67799,-23.8381],[-48.67776,-23.83778],[-48.67755,-23.83692],[-48.67748,-23.83531],[-48.67739,-23.83489],[-48.67715,-23.83449],[-48.67639,-23.83363],[-48.67563,-23.83261],[-48.67391,-23.82967],[-48.67283,-23.82856],[-48.67262,-23.82824],[-48.67249,-23.8279],[-48.67229,-23.82624],[-48.67201,-23.82559],[-48.66871,-23.82266],[-48.6677,-23.82234],[-48.66196,-23.82131],[-48.6615,-23.82132],[-48.66103,-23.82151],[-48.65981,-23.82246],[-48.6594,-23.82257],[-48.65896,-23.82256],[-48.65838,-23.82243],[-48.65322,-23.82061],[-48.65239,-23.82072],[-48.65118,-23.82143],[-48.65037,-23.82151],[-48.64996,-23.82136],[-48.6496,-23.82112],[-48.64891,-23.81999],[-48.64862,-23.81968],[-48.64677,-23.81841],[-48.64643,-23.81806],[-48.64566,-23.81698],[-48.64402,-23.81548],[-48.64102,-23.81194],[-48.64057,-23.81156],[-48.64005,-23.81135],[-48.63441,-23.81036],[-48.63354,-23.80995],[-48.63326,-23.80969],[-48.63257,-23.8087],[-48.63025,-23.80686],[-48.62647,-23.80513],[-48.62279,-23.80253],[-48.6222,-23.8018],[-48.62135,-23.80032],[-48.62091,-23.7999],[-48.62041,-23.79961],[-48.61989,-23.79946],[-48.61886,-23.79933],[-48.58845,-23.79612],[-48.58638,-23.79561]]}},{"type":"Feature","properties":{"name":"Tronco Principal Sul","operator":"Rumo S/A","usage":"main"},"geometry":{"type":"LineString","coordinates":[[-48.91719,-24.00293],[-48.91716,-24.00203],[-48.91729,-24.00123]]}},{"type":"Feature","properties":{"name":"Tronco Principal Sul","operator":"Rumo S/A","usage":"main"},"geometry":{"type":"LineString","coordinates":[[-48.96293,-24.18667],[-48.96313,-24.18729],[-48.96348,-24.18795],[-48.96419,-24.18885],[-48.96508,-24.1896],[-48.96712,-24.19083],[-48.96761,-24.19129],[-48.96828,-24.19229],[-48.96842,-24.19267],[-48.96855,-24.19366],[-48.96834,-24.19531],[-48.96814,-24.19577],[-48.96807,-24.1963],[-48.96814,-24.19725],[-48.96827,-24.19765],[-48.96877,-24.19841],[-48.96907,-24.19868],[-48.97064,-24.19969],[-48.97095,-24.19996],[-48.97142,-24.20066],[-48.97177,-24.20157],[-48.97177,-24.20476],[-48.97202,-24.20572],[-48.97238,-24.20636],[-48.97277,-24.20683],[-48.97433,-24.20821],[-48.97476,-24.20896],[-48.97495,-24.20993],[-48.97477,-24.21076],[-48.97454,-24.2112],[-48.97265,-24.21383],[-48.97224,-24.21496],[-48.97205,-24.21626],[-48.97227,-24.21737],[-48.97291,-24.21869],[-48.97492,-24.22113],[-48.97534,-24.2219],[-48.97555,-24.22249],[-48.97568,-24.22322],[-48.97563,-24.22438],[-48.9755,-24.22496],[-48.97511,-24.22586]]}},{"type":"Feature","properties":{"name":"Ramal Itirapina-Panorama","operator":"Rumo S/A","usage":"branch"},"geometry":{"type":"LineString","coordinates":[[-48.77358,-22.3579],[-48.77342,-22.3578]]}},{"type":"Feature","properties":{"name":"Ramal Itirapina-Panorama","operator":"Rumo S/A","usage":"branch"},"geometry":{"type":"LineString","coordinates":[[-48.69943,-22.3625],[-48.70072,-22.36256],[-48.70478,-22.3637]]}},{"type":"Feature","properties":{"name":"Ramal Itirapina-Panorama","operator":"Rumo S/A","usage":"branch"},"geometry":{"type":"LineString","coordinates":[[-48.3839,-22.37356],[-48.3846,-22.37357],[-48.38621,-22.37333],[-48.38983,-22.37158],[-48.39064,-22.37138],[-48.39146,-22.3714],[-48.39191,-22.37149],[-48.39285,-22.37195],[-48.39844,-22.37628],[-48.39912,-22.37663],[-48.39994,-22.37684],[-48.40073,-22.37686],[-48.40143,-22.37674],[-48.40248,-22.37635],[-48.42921,-22.35447],[-48.43022,-22.35344],[-48.43631,-22.34554],[-48.43684,-22.34495],[-48.43713,-22.34474],[-48.43776,-22.34438],[-48.43874,-22.34411],[-48.44158,-22.34402],[-48.44247,-22.34394],[-48.44329,-22.34376],[-48.45908,-22.33753],[-48.45983,-22.33739],[-48.46045,-22.33738],[-48.46117,-22.33753],[-48.46213,-22.33796],[-48.4625,-22.33824],[-48.46304,-22.33884],[-48.46454,-22.3413],[-48.46543,-22.34253],[-48.46586,-22.3429],[-48.46667,-22.34332],[-48.46776,-22.34347],[-48.46879,-22.34328],[-48.46959,-22.34283],[-48.46998,-22.34249],[-48.47315,-22.33904],[-48.47401,-22.33856],[-48.4746,-22.33841],[-48.47569,-22.33841],[-48.47678,-22.33877],[-48.47737,-22.3392],[-48.48056,-22.3422],[-48.4813,-22.3426],[-48.48224,-22.34283],[-48.48263,-22.34285],[-48.48374,-22.3426],[-48.49567,-22.33751],[-48.49607,-22.33741],[-48.49684,-22.33737],[-48.50022,-22.33797],[-48.50078,-22.33801],[-48.50174,-22.33787]]}},{"type":"Feature","properties":{"name":"Linha Ourinhos-Cianorte","operator":"Rumo S/A","usage":"main"},"geometry":{"type":"LineString","coordinates":[[-51.95907,-23.4209],[-51.95989,-23.42128],[-51.96077,-23.4215],[-51.96487,-23.42173],[-51.96645,-23.42193],[-51.96735,-23.42223],[-51.96816,-23.42267],[-51.96901,-23.42342],[-51.96978,-23.42425]]}},{"type":"Feature","properties":{"name":"Linha Ourinhos-Cianorte","operator":"Rumo S/A","usage":"main"},"geometry":{"type":"LineString","coordinates":[[-51.95407,-23.4182],[-51.9553,-23.4186],[-51.95609,-23.41898],[-51.95907,-23.4209]]}},{"type":"Feature","properties":{"name":"Estrada de Ferro Sorocabana","operator":"Rumo S/A","usage":"main"},"geometry":{"type":"LineString","coordinates":[[-48.00192,-23.00859],[-48.00213,-23.00847]]}},{"type":"Feature","properties":{"name":"Estrada de Ferro Sorocabana","operator":"Rumo S/A","usage":"main"},"geometry":{"type":"LineString","coordinates":[[-48.00213,-23.00847],[-48.00274,-23.00811],[-48.0039,-23.00774],[-48.00504,-23.00772],[-48.00572,-23.00785],[-48.00687,-23.00839],[-48.00726,-23.00871],[-48.00773,-23.00919],[-48.00875,-23.0106],[-48.00931,-23.01107],[-48.01145,-23.01196],[-48.01313,-23.01239],[-48.01372,-23.01248],[-48.01467,-23.01236],[-48.01648,-23.0115]]}},{"type":"Feature","properties":{"name":null,"operator":"Rumo S/A","usage":null},"geometry":{"type":"LineString","coordinates":[[-49.25866,-25.43796],[-49.2591,-25.43736]]}},{"type":"Feature","properties":{"name":null,"operator":"Rumo S/A","usage":null},"geometry":{"type":"LineString","coordinates":[[-49.25887,-25.43805],[-49.25931,-25.43752]]}},{"type":"Feature","properties":{"name":null,"operator":"Rumo S/A","usage":null},"geometry":{"type":"LineString","coordinates":[[-49.25858,-25.43826],[-49.25881,-25.43782],[-49.25915,-25.4374]]}},{"type":"Feature","properties":{"name":null,"operator":"Rumo S/A","usage":null},"geometry":{"type":"LineString","coordinates":[[-49.25851,-25.43858],[-49.25867,-25.43828],[-49.25936,-25.43755]]}},{"type":"Feature","properties":{"name":null,"operator":"ALL","usage":null},"geometry":{"type":"LineString","coordinates":[[-49.93015,-24.89437],[-49.92529,-24.88761],[-49.92298,-24.88458]]}},{"type":"Feature","properties":{"name":null,"operator":"ALL","usage":null},"geometry":{"type":"LineString","coordinates":[[-49.92903,-24.89274],[-49.92845,-24.89182],[-49.92581,-24.88819],[-49.92529,-24.88761]]}},{"type":"Feature","properties":{"name":"Tronco Principal Sul","operator":"Rumo S/A","usage":"main"},"geometry":{"type":"LineString","coordinates":[[-49.88763,-24.85164],[-49.88169,-24.84735],[-49.87994,-24.84582],[-49.87016,-24.83547],[-49.86932,-24.83419],[-49.86885,-24.83328],[-49.86847,-24.83224],[-49.86828,-24.83143],[-49.86772,-24.8275],[-49.86743,-24.82636],[-49.86672,-24.82466],[-49.86583,-24.82332],[-49.86474,-24.82214],[-49.86395,-24.82143],[-49.86292,-24.82057],[-49.85943,-24.81806],[-49.85804,-24.8169]]}},{"type":"Feature","properties":{"name":"Estrada de Ferro Engenheiro Bley","operator":"Rumo S/A","usage":"main"},"geometry":{"type":"LineString","coordinates":[[-48.901,-25.43943],[-48.90008,-25.44049],[-48.89966,-25.44076],[-48.89922,-25.44088],[-48.89788,-25.44079],[-48.8975,-25.44094],[-48.89727,-25.44121],[-48.89717,-25.44154],[-48.89717,-25.44181],[-48.89732,-25.44225]]}},{"type":"Feature","properties":{"name":"Estrada de Ferro Engenheiro Bley","operator":"Rumo S/A","usage":"main"},"geometry":{"type":"LineString","coordinates":[[-48.90277,-25.43639],[-48.90288,-25.43775]]}},{"type":"Feature","properties":{"name":null,"operator":"ALL","usage":null},"geometry":{"type":"LineString","coordinates":[[-49.34128,-26.28671],[-49.33613,-26.28117]]}},{"type":"Feature","properties":{"name":"Tronco Principal Sul","operator":"Rumo S/A","usage":"main"},"geometry":{"type":"LineString","coordinates":[[-49.80938,-26.10075],[-49.80949,-26.09985],[-49.80928,-26.09897],[-49.8089,-26.09837],[-49.80845,-26.09795]]}},{"type":"Feature","properties":{"name":null,"operator":null,"usage":null},"geometry":{"type":"LineString","coordinates":[[-48.96398,-24.16369],[-48.96544,-24.16434],[-48.96634,-24.16494],[-48.97026,-24.16893]]}},{"type":"Feature","properties":{"name":"Tronco Principal Sul","operator":"Rumo S/A","usage":"main"},"geometry":{"type":"LineString","coordinates":[[-48.93995,-24.07777],[-48.93755,-24.07714],[-48.9364,-24.07647],[-48.93572,-24.07577],[-48.93549,-24.07542],[-48.93515,-24.07462],[-48.93506,-24.07412],[-48.9351,-24.07317],[-48.9354,-24.07222],[-48.93558,-24.07185],[-48.93689,-24.06999],[-48.93738,-24.06882],[-48.93743,-24.06834],[-48.93711,-24.06534],[-48.93712,-24.06385],[-48.93731,-24.06274],[-48.93819,-24.05996],[-48.93835,-24.0593],[-48.93838,-24.05874],[-48.93828,-24.05812],[-48.93785,-24.05707],[-48.93722,-24.05621],[-48.93529,-24.05446],[-48.93487,-24.05369],[-48.93472,-24.05322],[-48.93467,-24.0527],[-48.93478,-24.05168],[-48.93493,-24.05129],[-48.93538,-24.05059],[-48.9362,-24.04966],[-48.93665,-24.04898],[-48.93707,-24.04794],[-48.93713,-24.04748],[-48.93707,-24.04649],[-48.93684,-24.04559],[-48.9362,-24.04382],[-48.93605,-24.04283],[-48.93614,-24.04171],[-48.9366,-24.0395],[-48.93655,-24.03876],[-48.93624,-24.03801],[-48.93598,-24.03764],[-48.93528,-24.03705],[-48.93366,-24.03601],[-48.93324,-24.03553],[-48.93217,-24.03389],[-48.93154,-24.03332],[-48.93035,-24.03266],[-48.92553,-24.03049],[-48.9249,-24.02994],[-48.92446,-24.0293],[-48.92424,-24.02836],[-48.92428,-24.02779],[-48.92513,-24.02548],[-48.92525,-24.02486],[-48.92527,-24.02419],[-48.925,-24.02208],[-48.92506,-24.02119],[-48.92536,-24.02018],[-48.92658,-24.01811],[-48.92709,-24.01688],[-48.92722,-24.01581],[-48.92712,-24.01401],[-48.92688,-24.01341],[-48.92613,-24.01256],[-48.92317,-24.01099],[-48.92192,-24.01003],[-48.92093,-24.00904],[-48.92029,-24.00825],[-48.91787,-24.00483],[-48.91739,-24.00377],[-48.91719,-24.00293]]}},{"type":"Feature","properties":{"name":"Tronco Principal Sul","operator":"Rumo S/A","usage":"main"},"geometry":{"type":"LineString","coordinates":[[-48.94189,-24.10347],[-48.94153,-24.10298],[-48.94065,-24.10216],[-48.94024,-24.10156],[-48.93993,-24.10039],[-48.94002,-24.09969],[-48.94025,-24.09907],[-48.94071,-24.09844],[-48.94129,-24.09805],[-48.94425,-24.09723],[-48.94492,-24.09691],[-48.94565,-24.09638],[-48.94587,-24.09612],[-48.94603,-24.09574]]}},{"type":"Feature","properties":{"name":"Tronco Principal Sul","operator":"Rumo S/A","usage":"main"},"geometry":{"type":"LineString","coordinates":[[-48.94643,-24.09277],[-48.94628,-24.08953],[-48.94663,-24.08761],[-48.94704,-24.08638],[-48.94869,-24.0829],[-48.94884,-24.08181],[-48.94846,-24.08061],[-48.9481,-24.08002],[-48.94758,-24.07954],[-48.94708,-24.07918],[-48.94627,-24.07887],[-48.94443,-24.07862]]}},{"type":"Feature","properties":{"name":"Tronco Principal Sul","operator":"Rumo S/A","usage":"main"},"geometry":{"type":"LineString","coordinates":[[-48.94224,-24.10482],[-48.9421,-24.10401],[-48.94189,-24.10347]]}},{"type":"Feature","properties":{"name":"Tronco Principal Sul","operator":"Rumo S/A","usage":"main"},"geometry":{"type":"LineString","coordinates":[[-48.94603,-24.09574],[-48.94633,-24.09403],[-48.94643,-24.09277]]}},{"type":"Feature","properties":{"name":"Tronco Principal Sul","operator":"Rumo S/A","usage":"main"},"geometry":{"type":"LineString","coordinates":[[-48.94443,-24.07862],[-48.94277,-24.07837],[-48.93995,-24.07777]]}},{"type":"Feature","properties":{"name":"Tronco Principal Sul","operator":"Rumo S/A","usage":"main"},"geometry":{"type":"LineString","coordinates":[[-48.95444,-24.13573],[-48.9547,-24.13301],[-48.95455,-24.13215],[-48.95431,-24.1317],[-48.95391,-24.13123],[-48.95329,-24.13074],[-48.95271,-24.13049],[-48.95212,-24.13037],[-48.94993,-24.13029],[-48.94921,-24.13003],[-48.94861,-24.12963],[-48.94807,-24.12912],[-48.94738,-24.12751],[-48.94672,-24.12635],[-48.94592,-24.12566],[-48.94467,-24.12494],[-48.94414,-24.12455],[-48.94356,-24.12397],[-48.9431,-24.12299],[-48.943,-24.12236],[-48.94294,-24.12058],[-48.94272,-24.11978],[-48.94232,-24.11904],[-48.94096,-24.11744],[-48.94031,-24.11655],[-48.93925,-24.11476],[-48.9389,-24.11385],[-48.93862,-24.11259],[-48.93853,-24.11177],[-48.93863,-24.11106],[-48.93888,-24.11045],[-48.93952,-24.10949],[-48.942,-24.10632],[-48.94222,-24.1056],[-48.94224,-24.10482]]}},{"type":"Feature","properties":{"name":"Tronco Principal Sul","operator":"Rumo S/A","usage":"main"},"geometry":{"type":"LineString","coordinates":[[-48.95739,-24.13874],[-48.9564,-24.13827],[-48.95557,-24.13771],[-48.95469,-24.1367],[-48.95454,-24.1364],[-48.95444,-24.13573]]}},{"type":"Feature","properties":{"name":null,"operator":"ALL","usage":null},"geometry":{"type":"LineString","coordinates":[[-48.90706,-24.40171],[-48.90378,-24.40577],[-48.90332,-24.40631],[-48.90288,-24.40667]]}},{"type":"Feature","properties":{"name":"Tronco Principal Sul","operator":"Rumo S/A","usage":"main"},"geometry":{"type":"LineString","coordinates":[[-48.58638,-23.79561],[-48.58611,-23.79554]]}},{"type":"Feature","properties":{"name":null,"operator":"ALL","usage":null},"geometry":{"type":"LineString","coordinates":[[-48.59867,-23.79721],[-48.59402,-23.79674]]}},{"type":"Feature","properties":{"name":null,"operator":"ALL","usage":null},"geometry":{"type":"LineString","coordinates":[[-48.59899,-23.79724],[-48.59789,-23.79718],[-48.5891,-23.79619]]}},{"type":"Feature","properties":{"name":"Tronco Principal Sul","operator":"Rumo S/A","usage":"main"},"geometry":{"type":"LineString","coordinates":[[-49.5423,-24.58672],[-49.54924,-24.59279],[-49.54969,-24.59341],[-49.55016,-24.59421],[-49.55047,-24.59539],[-49.55059,-24.59752],[-49.55128,-24.59937],[-49.55187,-24.60015],[-49.55248,-24.60073],[-49.55566,-24.60291],[-49.55798,-24.6052],[-49.55985,-24.60632],[-49.5607,-24.60668],[-49.56494,-24.60815],[-49.56579,-24.60859],[-49.56653,-24.60922],[-49.56709,-24.60986],[-49.56886,-24.61279],[-49.56931,-24.61338],[-49.56996,-24.61397],[-49.57069,-24.61448],[-49.57211,-24.61502],[-49.57582,-24.61571],[-49.57672,-24.61574],[-49.58941,-24.61534],[-49.59028,-24.61548],[-49.59109,-24.6158],[-49.59197,-24.61636],[-49.60607,-24.62654],[-49.60713,-24.62723],[-49.60763,-24.62752],[-49.60851,-24.62785],[-49.61075,-24.62856],[-49.61169,-24.6291],[-49.61233,-24.62971],[-49.61263,-24.63012],[-49.61372,-24.63255],[-49.61529,-24.6345],[-49.61651,-24.6362],[-49.61712,-24.63677],[-49.61784,-24.63719],[-49.61854,-24.63744],[-49.6194,-24.6376],[-49.62261,-24.63777],[-49.62353,-24.63797],[-49.6243,-24.63834],[-49.62661,-24.64005],[-49.6274,-24.64042],[-49.63837,-24.64419],[-49.63942,-24.64462],[-49.64038,-24.64514],[-49.64128,-24.64576],[-49.64498,-24.64907]]}},{"type":"Feature","properties":{"name":"Tronco Principal Sul","operator":"Rumo S/A","usage":"main"},"geometry":{"type":"LineString","coordinates":[[-49.25028,-24.39845],[-49.2464,-24.39721],[-49.24544,-24.3967],[-49.24466,-24.39609],[-49.24154,-24.39229],[-49.24092,-24.39135],[-49.23817,-24.38429],[-49.23715,-24.38229],[-49.23671,-24.38176],[-49.23622,-24.38136],[-49.2356,-24.38102],[-49.23494,-24.38076],[-49.23102,-24.37989],[-49.23034,-24.37962],[-49.22962,-24.37914],[-49.22912,-24.37863],[-49.22863,-24.37796],[-49.22835,-24.37727],[-49.22768,-24.37439],[-49.22689,-24.37328],[-49.22639,-24.37283],[-49.22589,-24.37252],[-49.22461,-24.37207],[-49.22396,-24.37198],[-49.21787,-24.37219],[-49.21655,-24.37206],[-49.21554,-24.37167],[-49.2146,-24.37101],[-49.21218,-24.36845],[-49.21113,-24.36786],[-49.20996,-24.36754],[-49.20843,-24.36754],[-49.2051,-24.36797],[-49.20168,-24.36826],[-49.20099,-24.36842],[-49.19904,-24.3691],[-49.19448,-24.37081],[-49.19316,-24.37104],[-49.19234,-24.37108],[-49.19107,-24.371],[-49.19035,-24.37084],[-49.18973,-24.37064],[-49.18789,-24.36976],[-49.18419,-24.36858],[-49.18317,-24.36791],[-49.17874,-24.36349],[-49.17642,-24.36013],[-49.1756,-24.35936],[-49.17511,-24.35907],[-49.17227,-24.35795],[-49.17183,-24.35771],[-49.16528,-24.35232],[-49.15811,-24.34791],[-49.15118,-24.34381],[-49.15015,-24.34303],[-49.14981,-24.34262],[-49.14937,-24.34159],[-49.14746,-24.33387],[-49.14684,-24.33264],[-49.14523,-24.3305],[-49.14418,-24.32841],[-49.1435,-24.32746],[-49.14265,-24.3267],[-49.14206,-24.32633],[-49.14095,-24.32585],[-49.13861,-24.32521],[-49.13726,-24.32502],[-49.13423,-24.32491],[-49.1333,-24.3247],[-49.13279,-24.32449],[-49.13192,-24.32394],[-49.13125,-24.32317],[-49.13082,-24.32227],[-49.13012,-24.31996],[-49.12954,-24.319],[-49.12912,-24.31851],[-49.12872,-24.31819],[-49.12748,-24.31747],[-49.12688,-24.31726],[-49.12473,-24.3169],[-49.12308,-24.31645],[-49.12247,-24.31619],[-49.12002,-24.31471],[-49.11865,-24.31409],[-49.11728,-24.3139],[-49.11453,-24.31393],[-49.11327,-24.31355],[-49.11235,-24.31303],[-49.11201,-24.31273],[-49.11016,-24.3102],[-49.10925,-24.30926],[-49.1079,-24.30839],[-49.10712,-24.30809],[-49.10643,-24.30791],[-49.10478,-24.30784],[-49.10309,-24.30814],[-49.10229,-24.30839],[-49.09793,-24.31062],[-49.09728,-24.31085],[-49.09584,-24.31111]]}},{"type":"Feature","properties":{"name":null,"operator":null,"usage":null},"geometry":{"type":"LineString","coordinates":[[-49.25613,-24.4014],[-49.25486,-24.4005],[-49.25331,-24.39964],[-49.25024,-24.39854]]}},{"type":"Feature","properties":{"name":"Malha Oeste","operator":"Rumo S/A","usage":null},"geometry":{"type":"LineString","coordinates":[[-48.00818,-23.00981],[-48.00914,-23.01092],[-48.01125,-23.01189]]}},{"type":"Feature","properties":{"name":null,"operator":"Rumo S/A","usage":null},"geometry":{"type":"LineString","coordinates":[[-48.01103,-23.01178],[-48.0094,-23.01106],[-48.00902,-23.01078],[-48.0085,-23.01023]]}},{"type":"Feature","properties":{"name":null,"operator":"Rumo S/A","usage":null},"geometry":{"type":"LineString","coordinates":[[-48.01092,-23.01171],[-48.00929,-23.01097],[-48.00868,-23.01042]]}},{"type":"Feature","properties":{"name":"Estrada de Ferro Sorocabana","operator":"Rumo S/A","usage":"main"},"geometry":{"type":"LineString","coordinates":[[-48.01648,-23.0115],[-48.01663,-23.01142]]}},{"type":"Feature","properties":{"name":"Estrada de Ferro Sorocabana","operator":"Rumo S/A","usage":"main"},"geometry":{"type":"LineString","coordinates":[[-48.01663,-23.01142],[-48.01723,-23.01112],[-48.01802,-23.01091],[-48.01857,-23.01092],[-48.01918,-23.01107],[-48.02477,-23.0141],[-48.02567,-23.01433],[-48.02659,-23.01425],[-48.02742,-23.01385],[-48.02802,-23.01319],[-48.02896,-23.01087],[-48.02943,-23.01015],[-48.03678,-23.00258],[-48.03744,-23.00204],[-48.03846,-23.00172],[-48.03929,-23.00175],[-48.04586,-23.00321]]}},{"type":"Feature","properties":{"name":null,"operator":"Rumo S/A","usage":null},"geometry":{"type":"LineString","coordinates":[[-48.10789,-22.96045],[-48.1012,-22.96272],[-48.09873,-22.96367]]}},{"type":"Feature","properties":{"name":"Estrada de Ferro Sorocabana","operator":"Rumo S/A","usage":"main"},"geometry":{"type":"LineString","coordinates":[[-48.12905,-22.95645],[-48.13112,-22.95606],[-48.1323,-22.95549]]}},{"type":"Feature","properties":{"name":"Estrada de Ferro Sorocabana","operator":"Rumo S/A","usage":"main"},"geometry":{"type":"LineString","coordinates":[[-48.1263,-22.95696],[-48.12661,-22.9569]]}},{"type":"Feature","properties":{"name":"Estrada de Ferro Sorocabana","operator":"Rumo S/A","usage":"main"},"geometry":{"type":"LineString","coordinates":[[-48.12661,-22.9569],[-48.12898,-22.95647]]}},{"type":"Feature","properties":{"name":"Tronco Principal Sul","operator":"Rumo S/A","usage":"main"},"geometry":{"type":"LineString","coordinates":[[-48.58606,-23.79552],[-48.58498,-23.79512],[-48.58457,-23.79474],[-48.58431,-23.79436],[-48.58296,-23.79053],[-48.58117,-23.78584],[-48.58036,-23.78463],[-48.57885,-23.7827],[-48.57848,-23.78236],[-48.57803,-23.7821],[-48.57744,-23.78194],[-48.57684,-23.78193],[-48.57636,-23.78205],[-48.57477,-23.78296],[-48.57381,-23.78324],[-48.57269,-23.78327],[-48.57153,-23.78297],[-48.56696,-23.7804],[-48.56612,-23.77973],[-48.5658,-23.77937],[-48.56531,-23.77848],[-48.56513,-23.77739],[-48.56513,-23.77695],[-48.56553,-23.77513],[-48.5655,-23.7743],[-48.5653,-23.77377],[-48.56492,-23.77325],[-48.56448,-23.77288],[-48.564,-23.77261],[-48.56251,-23.77216],[-48.56195,-23.77207],[-48.56137,-23.7721],[-48.55996,-23.77243],[-48.55949,-23.7724],[-48.55905,-23.77227],[-48.55867,-23.77206],[-48.55659,-23.77027],[-48.556,-23.76989],[-48.55554,-23.76967],[-48.55425,-23.76929],[-48.5535,-23.76918],[-48.55219,-23.76924],[-48.54954,-23.76995],[-48.54669,-23.76991],[-48.5461,-23.76982],[-48.54561,-23.76961],[-48.54523,-23.76928],[-48.54496,-23.76883],[-48.54479,-23.76821],[-48.5448,-23.76788],[-48.54498,-23.76727],[-48.5455,-23.76666],[-48.54618,-23.76603]]}},{"type":"Feature","properties":{"name":"Tronco Principal Sul","operator":"Rumo S/A","usage":"main"},"geometry":{"type":"LineString","coordinates":[[-49.09345,-24.311],[-49.09059,-24.31001],[-49.08907,-24.30975],[-49.0876,-24.30986],[-49.08629,-24.31031],[-49.08536,-24.31093],[-49.08463,-24.31182],[-49.08402,-24.31323],[-49.08388,-24.31397],[-49.08389,-24.31616],[-49.08345,-24.3181],[-49.08285,-24.31892],[-49.0821,-24.31964],[-49.08092,-24.3204],[-49.07656,-24.32197],[-49.07473,-24.32253],[-49.07364,-24.32262],[-49.0723,-24.32245],[-49.0688,-24.32145],[-49.06775,-24.32138],[-49.06676,-24.32142],[-49.0645,-24.32219],[-49.06322,-24.32305],[-49.06187,-24.32382],[-49.05985,-24.32464],[-49.05824,-24.32499],[-49.05,-24.32569],[-49.04818,-24.32568],[-49.04673,-24.32554],[-49.0416,-24.32375],[-49.03934,-24.32221],[-49.03698,-24.32088],[-49.03544,-24.31954],[-49.03257,-24.31852],[-49.03123,-24.3179],[-49.02948,-24.31615],[-49.02692,-24.31379],[-49.02575,-24.31204]]}},{"type":"Feature","properties":{"name":"Tronco Principal Sul","operator":"Rumo S/A","usage":"main"},"geometry":{"type":"LineString","coordinates":[[-49.4346,-24.4903],[-49.44052,-24.49267],[-49.44324,-24.49358],[-49.44493,-24.49433],[-49.44649,-24.49565],[-49.44728,-24.49686],[-49.44755,-24.49815],[-49.44722,-24.5017],[-49.44732,-24.50301],[-49.44831,-24.50562],[-49.4486,-24.50684],[-49.44867,-24.50816],[-49.44685,-24.51558],[-49.44692,-24.51724],[-49.4468,-24.5238],[-49.44687,-24.52463],[-49.44707,-24.52549],[-49.44764,-24.52666],[-49.45245,-24.53206],[-49.4533,-24.5328],[-49.45436,-24.5334],[-49.45619,-24.53395],[-49.45767,-24.53393],[-49.45925,-24.53349],[-49.46567,-24.53024],[-49.46635,-24.52998],[-49.46693,-24.52983],[-49.46794,-24.52974],[-49.46901,-24.52979],[-49.4704,-24.53025],[-49.47113,-24.53062],[-49.47188,-24.53114],[-49.47274,-24.53207],[-49.47497,-24.53579],[-49.47551,-24.53657],[-49.47654,-24.53745],[-49.48056,-24.53976],[-49.48168,-24.54091],[-49.48392,-24.54394],[-49.48466,-24.54467],[-49.48528,-24.54524],[-49.48653,-24.54611],[-49.48794,-24.54679]]}},{"type":"Feature","properties":{"name":"Estrada de Ferro Central do Paraná","operator":"Rumo S/A","usage":"main"},"geometry":{"type":"LineString","coordinates":[[-51.29073,-23.74413],[-51.28839,-23.74487],[-51.28744,-23.74506],[-51.28671,-23.74503],[-51.28606,-23.74484],[-51.28544,-23.74449],[-51.28495,-23.74406],[-51.28459,-23.74366],[-51.28437,-23.74326],[-51.28415,-23.74228],[-51.28419,-23.74194],[-51.28449,-23.7411],[-51.28549,-23.73962],[-51.28576,-23.73938],[-51.28648,-23.73897],[-51.28766,-23.73866],[-51.29012,-23.73839],[-51.29113,-23.73812],[-51.29209,-23.73761],[-51.29399,-23.73605],[-51.29462,-23.73576],[-51.29535,-23.7356],[-51.29815,-23.73583],[-51.29906,-23.73574],[-51.29999,-23.73544],[-51.30072,-23.73499],[-51.30127,-23.73448],[-51.30165,-23.73384],[-51.30191,-23.73316],[-51.30204,-23.73248],[-51.30176,-23.72612],[-51.30185,-23.72542],[-51.30207,-23.72469],[-51.30243,-23.72395],[-51.30537,-23.72047],[-51.30632,-23.71962],[-51.30718,-23.71906],[-51.30804,-23.71865],[-51.31823,-23.71581],[-51.3197,-23.71505],[-51.32037,-23.71444],[-51.32116,-23.71338],[-51.32142,-23.71287],[-51.32248,-23.70975],[-51.3235,-23.70845],[-51.32418,-23.70793],[-51.334,-23.70231],[-51.34449,-23.69331],[-51.34863,-23.69035],[-51.34995,-23.68923],[-51.3508,-23.68789],[-51.35276,-23.6805],[-51.35297,-23.67992],[-51.35337,-23.67921],[-51.35597,-23.67592],[-51.35649,-23.67489],[-51.35669,-23.67401],[-51.35684,-23.67134],[-51.35716,-23.67042],[-51.35749,-23.66986],[-51.35844,-23.6688],[-51.37347,-23.65851],[-51.37439,-23.65754],[-51.37472,-23.657],[-51.37508,-23.65628],[-51.37539,-23.6549],[-51.37537,-23.65413],[-51.3748,-23.65087],[-51.3748,-23.65038],[-51.37506,-23.64917],[-51.37528,-23.64855],[-51.3756,-23.64802],[-51.3782,-23.6449],[-51.37894,-23.64358],[-51.37908,-23.64299],[-51.37908,-23.64243],[-51.37852,-23.63778],[-51.37866,-23.63674],[-51.37924,-23.63568],[-51.38143,-23.63368],[-51.38207,-23.6329],[-51.3824,-23.63204],[-51.38297,-23.62923],[-51.38326,-23.62855],[-51.38368,-23.62798],[-51.38477,-23.62714],[-51.38946,-23.62564],[-51.39002,-23.62537],[-51.39237,-23.62372],[-51.39309,-23.62336],[-51.39576,-23.62268],[-51.39647,-23.62241],[-51.39708,-23.62204],[-51.39758,-23.62162],[-51.39806,-23.621],[-51.39842,-23.62024],[-51.39902,-23.61762],[-51.39901,-23.61661],[-51.39816,-23.61386],[-51.39821,-23.61294],[-51.39855,-23.61204],[-51.39905,-23.61142],[-51.3994,-23.61113],[-51.4,-23.6108],[-51.405,-23.60943],[-51.4056,-23.60919],[-51.4066,-23.60852],[-51.40739,-23.60746]]}},{"type":"Feature","properties":{"name":"Estrada de Ferro Central do Paraná","operator":"Rumo S/A","usage":"main"},"geometry":{"type":"LineString","coordinates":[[-51.30221,-23.74888],[-51.30222,-23.74871]]}},{"type":"Feature","properties":{"name":"Estrada de Ferro Central do Paraná","operator":"Rumo S/A","usage":"main"},"geometry":{"type":"LineString","coordinates":[[-51.14583,-23.98849],[-51.14671,-23.98819],[-51.14819,-23.9872],[-51.14876,-23.98698],[-51.15133,-23.98642],[-51.15204,-23.98601]]}},{"type":"Feature","properties":{"name":"Estrada de Ferro Central do Paraná","operator":"Rumo S/A","usage":"main"},"geometry":{"type":"LineString","coordinates":[[-51.09593,-24.02099],[-51.09392,-24.01768],[-51.0936,-24.0169]]}},{"type":"Feature","properties":{"name":"Estrada de Ferro Central do Paraná","operator":"Rumo S/A","usage":"main"},"geometry":{"type":"LineString","coordinates":[[-51.11591,-23.99778],[-51.11739,-23.99788],[-51.1179,-23.99785],[-51.11855,-23.99768],[-51.11914,-23.99739],[-51.12181,-23.99529],[-51.12277,-23.99496],[-51.12401,-23.99494],[-51.1264,-23.99528],[-51.127,-23.99525],[-51.12768,-23.99509],[-51.12806,-23.99492],[-51.12867,-23.99449],[-51.1294,-23.99359]]}},{"type":"Feature","properties":{"name":"Estrada de Ferro Central do Paraná","operator":"Rumo S/A","usage":"main"},"geometry":{"type":"LineString","coordinates":[[-51.10659,-24.00341],[-51.1081,-24.00265]]}},{"type":"Feature","properties":{"name":"Estrada de Ferro Central do Paraná","operator":"Rumo S/A","usage":"main"},"geometry":{"type":"LineString","coordinates":[[-51.13818,-23.9904],[-51.14583,-23.98849]]}},{"type":"Feature","properties":{"name":"Estrada de Ferro Central do Paraná","operator":"Rumo S/A","usage":"main"},"geometry":{"type":"LineString","coordinates":[[-51.15204,-23.98601],[-51.1575,-23.98023]]}},{"type":"Feature","properties":{"name":"Estrada de Ferro Central do Paraná","operator":"Rumo S/A","usage":"main"},"geometry":{"type":"LineString","coordinates":[[-51.1081,-24.00265],[-51.11034,-24.00149],[-51.11083,-24.00118],[-51.1114,-24.00066]]}},{"type":"Feature","properties":{"name":"Estrada de Ferro Central do Paraná","operator":"Rumo S/A","usage":"main"},"geometry":{"type":"LineString","coordinates":[[-51.10308,-24.00579],[-51.1041,-24.00492]]}},{"type":"Feature","properties":{"name":"Estrada de Ferro Central do Paraná","operator":"Rumo S/A","usage":"main"},"geometry":{"type":"LineString","coordinates":[[-51.11213,-23.99981],[-51.1129,-23.99903]]}},{"type":"Feature","properties":{"name":"Estrada de Ferro Central do Paraná","operator":"Rumo S/A","usage":"main"},"geometry":{"type":"LineString","coordinates":[[-51.09482,-24.01392],[-51.09491,-24.01382]]}},{"type":"Feature","properties":{"name":"Estrada de Ferro Central do Paraná","operator":"Rumo S/A","usage":"main"},"geometry":{"type":"LineString","coordinates":[[-51.1041,-24.00492],[-51.10508,-24.0042],[-51.10659,-24.00341]]}},{"type":"Feature","properties":{"name":"Estrada de Ferro Central do Paraná","operator":"Rumo S/A","usage":"main"},"geometry":{"type":"LineString","coordinates":[[-51.10144,-24.00717],[-51.10308,-24.00579]]}},{"type":"Feature","properties":{"name":"Estrada de Ferro Central do Paraná","operator":"Rumo S/A","usage":"main"},"geometry":{"type":"LineString","coordinates":[[-51.1114,-24.00066],[-51.11154,-24.0005]]}},{"type":"Feature","properties":{"name":"Estrada de Ferro Central do Paraná","operator":"Rumo S/A","usage":"main"},"geometry":{"type":"LineString","coordinates":[[-51.1377,-23.99053],[-51.13818,-23.9904]]}},{"type":"Feature","properties":{"name":"Estrada de Ferro Central do Paraná","operator":"Rumo S/A","usage":"main"},"geometry":{"type":"LineString","coordinates":[[-51.09491,-24.01382],[-51.10144,-24.00717]]}},{"type":"Feature","properties":{"name":"Estrada de Ferro Central do Paraná","operator":"Rumo S/A","usage":"main"},"geometry":{"type":"LineString","coordinates":[[-51.11154,-24.0005],[-51.11213,-23.99981]]}},{"type":"Feature","properties":{"name":"Estrada de Ferro Central do Paraná","operator":"Rumo S/A","usage":"main"},"geometry":{"type":"LineString","coordinates":[[-51.1129,-23.99903],[-51.11386,-23.9982],[-51.11435,-23.99794],[-51.11492,-23.99779],[-51.11591,-23.99778]]}},{"type":"Feature","properties":{"name":"Estrada de Ferro Central do Paraná","operator":"Rumo S/A","usage":"main"},"geometry":{"type":"LineString","coordinates":[[-51.0936,-24.0169],[-51.09353,-24.01623],[-51.09378,-24.01526],[-51.09408,-24.01472],[-51.09482,-24.01392]]}},{"type":"Feature","properties":{"name":"Estrada de Ferro Central do Paraná","operator":"Rumo S/A","usage":"main"},"geometry":{"type":"LineString","coordinates":[[-51.1294,-23.99359],[-51.13032,-23.99255],[-51.13114,-23.99207],[-51.13251,-23.99168],[-51.1377,-23.99053]]}},{"type":"Feature","properties":{"name":null,"operator":"ALL","usage":null},"geometry":{"type":"LineString","coordinates":[[-48.56844,-22.72666],[-48.56832,-22.727],[-48.56795,-22.7276],[-48.5645,-22.73215]]}},{"type":"Feature","properties":{"name":null,"operator":"ALL","usage":null},"geometry":{"type":"LineString","coordinates":[[-50.78305,-25.56423],[-50.78332,-25.56647],[-50.78326,-25.56688],[-50.78298,-25.56737],[-50.78255,-25.5677],[-50.77908,-25.56957]]}},{"type":"Feature","properties":{"name":"Ramal de Guarapuava","operator":"Rumo S.A.","usage":"main"},"geometry":{"type":"LineString","coordinates":[[-50.76541,-25.57196],[-50.76505,-25.57182]]}},{"type":"Feature","properties":{"name":"Ramal de Guarapuava","operator":"Rumo S/A","usage":"main"},"geometry":{"type":"LineString","coordinates":[[-50.71945,-25.55272],[-50.71958,-25.5515],[-50.71954,-25.55096],[-50.71945,-25.55066],[-50.71871,-25.54926],[-50.71866,-25.54865],[-50.71873,-25.54789],[-50.71866,-25.54741],[-50.71769,-25.54566],[-50.71533,-25.54358],[-50.71425,-25.54251],[-50.71379,-25.54164],[-50.71318,-25.53964],[-50.71292,-25.53917],[-50.71245,-25.53882],[-50.71185,-25.53867],[-50.71118,-25.53877],[-50.70994,-25.53928],[-50.70932,-25.53931],[-50.70875,-25.53908],[-50.70642,-25.53668],[-50.70629,-25.53646],[-50.70619,-25.536],[-50.70614,-25.53473],[-50.70583,-25.53424],[-50.70537,-25.5339],[-50.70485,-25.53376],[-50.70428,-25.53382],[-50.70285,-25.53428],[-50.70221,-25.53418],[-50.70163,-25.53382],[-50.69934,-25.53168],[-50.69879,-25.53131],[-50.6974,-25.53074],[-50.69673,-25.53035],[-50.69632,-25.52984],[-50.6956,-25.52837],[-50.69525,-25.52799],[-50.69475,-25.52766],[-50.69226,-25.5264],[-50.69188,-25.52611],[-50.69159,-25.5256],[-50.69141,-25.52395],[-50.69113,-25.52355],[-50.6907,-25.52325],[-50.69,-25.52309],[-50.68942,-25.52319],[-50.68773,-25.5245],[-50.68729,-25.52465],[-50.68644,-25.52467],[-50.68599,-25.52452],[-50.68532,-25.52404],[-50.68434,-25.52271],[-50.68364,-25.52221],[-50.68016,-25.52101],[-50.67888,-25.5208],[-50.67765,-25.52075],[-50.66934,-25.521],[-50.66336,-25.52189],[-50.66267,-25.52209],[-50.66236,-25.52228],[-50.66133,-25.52328],[-50.66064,-25.52376],[-50.65979,-25.5239],[-50.65888,-25.52367],[-50.6565,-25.52215],[-50.65621,-25.52184],[-50.65604,-25.5214],[-50.65604,-25.52102],[-50.6562,-25.52059]]}},{"type":"Feature","properties":{"name":"Ramal de Guarapuava","operator":"Rumo S/A","usage":"main"},"geometry":{"type":"LineString","coordinates":[[-50.76541,-25.57196],[-50.76773,-25.57286],[-50.76834,-25.57295],[-50.7686,-25.57291],[-50.77211,-25.57185],[-50.77262,-25.57163],[-50.77425,-25.56998],[-50.77477,-25.5697],[-50.77539,-25.56964],[-50.77704,-25.57014],[-50.77771,-25.57016],[-50.77821,-25.57],[-50.77908,-25.56957],[-50.78239,-25.56784],[-50.78298,-25.56741],[-50.78328,-25.56694],[-50.78336,-25.56661],[-50.78276,-25.56218],[-50.78287,-25.56108],[-50.78325,-25.56006],[-50.78362,-25.55949],[-50.78439,-25.55869],[-50.78534,-25.55807],[-50.79221,-25.5552],[-50.79266,-25.55509],[-50.79416,-25.5551],[-50.79475,-25.55496],[-50.79608,-25.55388],[-50.79666,-25.55357],[-50.79736,-25.55348],[-50.79872,-25.55393],[-50.79928,-25.55391],[-50.79958,-25.5538],[-50.80004,-25.55344],[-50.80057,-25.55273],[-50.80091,-25.55241],[-50.80176,-25.55204],[-50.80231,-25.55199],[-50.80282,-25.55207],[-50.80354,-25.55242],[-50.80404,-25.55296],[-50.8054,-25.55517],[-50.80596,-25.55562],[-50.80626,-25.55574],[-50.81053,-25.55657],[-50.81114,-25.55657],[-50.81286,-25.55604],[-50.8134,-25.5561],[-50.81365,-25.55618],[-50.8141,-25.5565],[-50.81523,-25.55808],[-50.81541,-25.55824],[-50.81597,-25.55846],[-50.81658,-25.55845],[-50.81687,-25.55836],[-50.81734,-25.55804],[-50.8183,-25.55717],[-50.81874,-25.55701],[-50.8192,-25.557],[-50.82732,-25.56004],[-50.82797,-25.56006],[-50.82832,-25.55998],[-50.82877,-25.55975],[-50.83037,-25.55751],[-50.83064,-25.55726],[-50.83385,-25.55607],[-50.83553,-25.55592],[-50.83604,-25.55568],[-50.83629,-25.55545],[-50.83658,-25.55487],[-50.83659,-25.55435],[-50.8365,-25.55407],[-50.83576,-25.55277],[-50.83549,-25.55174],[-50.83557,-25.55062],[-50.83589,-25.54983],[-50.83617,-25.54944],[-50.83667,-25.54899],[-50.83737,-25.5487],[-50.83919,-25.54884],[-50.83984,-25.54866],[-50.84011,-25.5485],[-50.84092,-25.5476],[-50.84147,-25.54724],[-50.84217,-25.54711],[-50.84283,-25.54721],[-50.84311,-25.54736],[-50.8449,-25.5491],[-50.84631,-25.54969],[-50.84736,-25.55057],[-50.84788,-25.55077],[-50.84848,-25.55078],[-50.84881,-25.5507],[-50.85133,-25.54919],[-50.85164,-25.54913],[-50.85231,-25.54921],[-50.85257,-25.54931],[-50.85457,-25.55099],[-50.85487,-25.55115],[-50.8565,-25.55131],[-50.85697,-25.55153],[-50.85735,-25.55192],[-50.85784,-25.55289],[-50.85805,-25.5531],[-50.85859,-25.5534],[-50.85896,-25.55347],[-50.85926,-25.55347],[-50.85988,-25.55325],[-50.86134,-25.55172],[-50.86254,-25.55105],[-50.86303,-25.55087],[-50.86465,-25.55082],[-50.86522,-25.55054],[-50.86557,-25.55013],[-50.86567,-25.54987],[-50.8657,-25.54852],[-50.86586,-25.54805],[-50.86646,-25.54751],[-50.86698,-25.54735],[-50.86729,-25.54735],[-50.87031,-25.54755],[-50.87101,-25.54767],[-50.8715,-25.54798],[-50.8723,-25.5494],[-50.8727,-25.54978],[-50.87327,-25.54997],[-50.87506,-25.5499],[-50.87647,-25.55017],[-50.87676,-25.55016],[-50.87873,-25.54951],[-50.87926,-25.54945],[-50.8798,-25.54957],[-50.88025,-25.54987],[-50.88044,-25.5501],[-50.88399,-25.55509],[-50.88438,-25.55552],[-50.88497,-25.55577],[-50.88693,-25.55597],[-50.88756,-25.55612],[-50.8881,-25.55659],[-50.8887,-25.55735],[-50.88896,-25.55753],[-50.88925,-25.55763],[-50.88991,-25.55763],[-50.8934,-25.55694],[-50.89373,-25.55695],[-50.89426,-25.55713],[-50.89451,-25.55733],[-50.89774,-25.56107],[-50.89802,-25.56156],[-50.89809,-25.56186],[-50.89806,-25.56221],[-50.89745,-25.5649],[-50.89824,-25.56881],[-50.89824,-25.56924],[-50.89775,-25.57125],[-50.89775,-25.57174],[-50.89798,-25.57226],[-50.89836,-25.5726],[-50.89892,-25.57283],[-50.89978,-25.5729],[-50.90076,-25.57279],[-50.90122,-25.57252],[-50.90142,-25.57232],[-50.90165,-25.57186],[-50.9019,-25.57049],[-50.90237,-25.56998],[-50.90298,-25.56972],[-50.90362,-25.56974],[-50.90392,-25.56986],[-50.90499,-25.5707],[-50.90554,-25.57096],[-50.9069,-25.57092],[-50.90748,-25.57068],[-50.90881,-25.56912],[-50.90919,-25.56854],[-50.90981,-25.56731],[-50.91,-25.56709],[-50.91053,-25.56679],[-50.91343,-25.56602],[-50.91585,-25.56657],[-50.91635,-25.56675],[-50.91743,-25.56792],[-50.91782,-25.56819],[-50.9216,-25.56902],[-50.92224,-25.56896],[-50.92283,-25.56865],[-50.9232,-25.56813],[-50.9234,-25.56671],[-50.92363,-25.56627],[-50.92404,-25.56589],[-50.92488,-25.56568],[-50.92545,-25.5658],[-50.92657,-25.56631],[-50.92716,-25.56632],[-50.92841,-25.56596],[-50.9289,-25.5659],[-50.93202,-25.56633],[-50.93677,-25.56825],[-50.94062,-25.56896],[-50.94148,-25.56901],[-50.94214,-25.56871],[-50.94261,-25.56823],[-50.94274,-25.56762],[-50.94266,-25.56652],[-50.94282,-25.56607],[-50.94314,-25.56566],[-50.94338,-25.56548],[-50.94392,-25.56525],[-50.94422,-25.56521],[-50.94609,-25.56551],[-50.94668,-25.56544],[-50.94735,-25.56503],[-50.94806,-25.56408],[-50.94847,-25.56374],[-50.94897,-25.56356],[-50.95024,-25.56354],[-50.95085,-25.56344],[-50.95193,-25.56267],[-50.95253,-25.56248],[-50.95315,-25.5625],[-50.95455,-25.56306],[-50.95525,-25.56302],[-50.95574,-25.56279],[-50.95609,-25.56242],[-50.95624,-25.56218],[-50.95655,-25.56118],[-50.95711,-25.56059],[-50.95761,-25.5604],[-50.95908,-25.56023],[-50.9596,-25.55991],[-50.96,-25.55927],[-50.96009,-25.55805],[-50.96047,-25.5572],[-50.96055,-25.55674],[-50.96047,-25.55626],[-50.9599,-25.55497],[-50.95989,-25.55444],[-50.95996,-25.55417],[-50.96016,-25.55386],[-50.96065,-25.55346],[-50.96131,-25.55328],[-50.96525,-25.55326],[-50.96729,-25.55286],[-50.96769,-25.55284],[-50.96831,-25.55294],[-50.97149,-25.55477],[-50.97175,-25.55503],[-50.97196,-25.55558],[-50.97191,-25.5562],[-50.97056,-25.55993],[-50.97039,-25.56068],[-50.97022,-25.56241],[-50.97011,-25.56271],[-50.96965,-25.56326],[-50.96901,-25.56352],[-50.96838,-25.5635],[-50.96734,-25.56327],[-50.96669,-25.56339],[-50.96609,-25.56377],[-50.96546,-25.56495],[-50.96496,-25.56536],[-50.96464,-25.56551],[-50.96421,-25.56557],[-50.963,-25.56546],[-50.96223,-25.56572],[-50.96179,-25.56628],[-50.96167,-25.5669],[-50.96186,-25.56749],[-50.96236,-25.56793],[-50.96303,-25.56816],[-50.96422,-25.5683],[-50.96473,-25.56861],[-50.96508,-25.56907],[-50.9657,-25.57032],[-50.96576,-25.57085],[-50.96551,-25.57149],[-50.96503,-25.57192],[-50.96358,-25.57264],[-50.96323,-25.57289],[-50.96287,-25.57339],[-50.96276,-25.57423],[-50.96284,-25.57452],[-50.96313,-25.57495],[-50.9637,-25.57538],[-50.96432,-25.57552],[-50.96572,-25.57548],[-50.96604,-25.57554],[-50.96658,-25.57585],[-50.96693,-25.57633],[-50.96705,-25.57683],[-50.96691,-25.57745],[-50.96673,-25.5777],[-50.966,-25.57858],[-50.9648,-25.57925],[-50.96437,-25.57978],[-50.96427,-25.5804],[-50.96451,-25.58154],[-50.96439,-25.5829],[-50.96447,-25.58319],[-50.96465,-25.58345],[-50.96606,-25.58434],[-50.96692,-25.58535],[-50.96759,-25.58558],[-50.96824,-25.58555],[-50.96858,-25.58542],[-50.96965,-25.58446],[-50.97032,-25.58421],[-50.97079,-25.58421],[-50.97109,-25.5843],[-50.97241,-25.58508],[-50.97275,-25.58519],[-50.97311,-25.58525],[-50.97349,-25.58519],[-50.9742,-25.58482],[-50.97595,-25.58349],[-50.97632,-25.58299],[-50.9764,-25.58275],[-50.97639,-25.58223],[-50.9756,-25.58037],[-50.97553,-25.58002],[-50.97568,-25.57943],[-50.97672,-25.5772],[-50.97713,-25.57673],[-50.97741,-25.57658],[-50.97941,-25.57599],[-50.97992,-25.57572],[-50.98086,-25.57436],[-50.98184,-25.57361],[-50.98324,-25.57113],[-50.98445,-25.57005],[-50.98498,-25.56986],[-50.9861,-25.56986],[-50.98664,-25.56976],[-50.98823,-25.56884],[-50.99026,-25.56825],[-50.99082,-25.56827],[-50.99211,-25.56872],[-50.9933,-25.56883],[-50.9946,-25.56926],[-50.99661,-25.56921],[-50.9972,-25.56897],[-50.99972,-25.5675],[-51.00013,-25.56713],[-51.00047,-25.5666],[-51.00094,-25.56625],[-51.00123,-25.56615],[-51.00193,-25.56613],[-51.00324,-25.56663],[-51.00431,-25.56669],[-51.00665,-25.56583],[-51.00913,-25.56576],[-51.01076,-25.56607],[-51.01254,-25.56625],[-51.01329,-25.5665],[-51.01448,-25.56715],[-51.01706,-25.56775],[-51.01757,-25.56774],[-51.01872,-25.56728],[-51.01918,-25.56724],[-51.01982,-25.56744],[-51.02086,-25.56794],[-51.02137,-25.56799],[-51.02183,-25.56791],[-51.02282,-25.56733],[-51.0235,-25.56714],[-51.02505,-25.56727],[-51.02677,-25.5668],[-51.0274,-25.56675],[-51.03016,-25.56692],[-51.03076,-25.56676],[-51.03328,-25.56573],[-51.03351,-25.56567],[-51.03409,-25.5657],[-51.03439,-25.56579],[-51.03486,-25.5661],[-51.03508,-25.56636],[-51.03525,-25.56685],[-51.0352,-25.56733],[-51.03465,-25.56863],[-51.03468,-25.5691],[-51.03482,-25.56943],[-51.03524,-25.56987],[-51.03883,-25.57275],[-51.03948,-25.57307],[-51.04018,-25.57315],[-51.0421,-25.57287],[-51.04247,-25.5729],[-51.043,-25.57306],[-51.0445,-25.57416],[-51.04512,-25.57442],[-51.04546,-25.57445],[-51.04617,-25.57426],[-51.04798,-25.57275],[-51.04851,-25.5724],[-51.04952,-25.5721],[-51.05063,-25.57218],[-51.05718,-25.57481],[-51.05922,-25.57622],[-51.05975,-25.57651],[-51.06314,-25.57738],[-51.06337,-25.57754],[-51.06374,-25.578],[-51.06457,-25.57976],[-51.06499,-25.58045],[-51.06624,-25.58153],[-51.06666,-25.58172],[-51.06717,-25.58184],[-51.06792,-25.58172],[-51.07156,-25.58],[-51.07199,-25.57988],[-51.07251,-25.57992],[-51.07475,-25.58053],[-51.0755,-25.58055],[-51.07838,-25.57953],[-51.07988,-25.5793],[-51.08054,-25.57907],[-51.08086,-25.57885],[-51.0812,-25.57844],[-51.08141,-25.57772],[-51.08092,-25.56713],[-51.08077,-25.56628],[-51.08054,-25.56571],[-51.0791,-25.56312],[-51.07882,-25.56282],[-51.07856,-25.56263],[-51.07797,-25.56242],[-51.07666,-25.56222],[-51.07606,-25.56173],[-51.07585,-25.56106],[-51.0758,-25.55889],[-51.07606,-25.55818],[-51.07649,-25.5578],[-51.0806,-25.5564],[-51.0815,-25.55656],[-51.08177,-25.55672],[-51.08263,-25.55761],[-51.08295,-25.55778],[-51.08355,-25.55788],[-51.08419,-25.55776],[-51.08914,-25.5561],[-51.09012,-25.55612],[-51.09146,-25.55665],[-51.09222,-25.55676],[-51.09285,-25.55662],[-51.0946,-25.55584],[-51.09546,-25.55575],[-51.09588,-25.55582],[-51.09755,-25.55647],[-51.09779,-25.55665],[-51.09857,-25.55768],[-51.09877,-25.55784],[-51.09934,-25.55803],[-51.09995,-25.55797],[-51.10154,-25.55753],[-51.10373,-25.55731],[-51.10469,-25.55738],[-51.106,-25.55768],[-51.10685,-25.55764],[-51.10735,-25.55746],[-51.10787,-25.55712],[-51.1082,-25.55681],[-51.10852,-25.55611],[-51.1086,-25.55572],[-51.10831,-25.55354],[-51.10848,-25.55304],[-51.10868,-25.5528],[-51.10936,-25.55246],[-51.11059,-25.55215],[-51.1123,-25.55214],[-51.11264,-25.55205],[-51.11311,-25.55177],[-51.11464,-25.54985],[-51.1159,-25.54731],[-51.11611,-25.54666],[-51.1161,-25.54633],[-51.11575,-25.54485],[-51.11583,-25.54425],[-51.11621,-25.54369],[-51.11692,-25.54333],[-51.11736,-25.54328],[-51.1194,-25.54354],[-51.12037,-25.54395],[-51.12101,-25.54444],[-51.12415,-25.54763],[-51.12498,-25.5482],[-51.12727,-25.54889],[-51.12779,-25.54889],[-51.12858,-25.54865],[-51.12896,-25.54839],[-51.12919,-25.54809],[-51.12954,-25.54733],[-51.12972,-25.5415],[-51.12923,-25.53872],[-51.12976,-25.53574],[-51.13012,-25.53519],[-51.13037,-25.53498],[-51.13336,-25.53366],[-51.13389,-25.53336],[-51.1344,-25.53289],[-51.13467,-25.53209],[-51.13521,-25.52694],[-51.13531,-25.52663],[-51.13551,-25.52628],[-51.13685,-25.52495],[-51.13752,-25.52415],[-51.1379,-25.52232],[-51.1381,-25.52196],[-51.13848,-25.52159],[-51.13923,-25.52137],[-51.14145,-25.52149],[-51.14236,-25.5214],[-51.143,-25.52093],[-51.14386,-25.51962],[-51.14458,-25.51926],[-51.14504,-25.51925],[-51.14655,-25.51954],[-51.14731,-25.51947],[-51.14765,-25.51929],[-51.14797,-25.51898],[-51.14818,-25.51857],[-51.14843,-25.5172],[-51.14877,-25.51672],[-51.14902,-25.51656],[-51.14934,-25.51642],[-51.14975,-25.51636],[-51.15012,-25.5164],[-51.15147,-25.51701],[-51.15185,-25.51708],[-51.15269,-25.5169],[-51.15304,-25.5167],[-51.15337,-25.51635],[-51.15391,-25.5152],[-51.15413,-25.51494],[-51.1576,-25.51282],[-51.16014,-25.51198],[-51.16265,-25.51127],[-51.16333,-25.51116],[-51.16407,-25.51126],[-51.16468,-25.51151],[-51.1651,-25.51185],[-51.16552,-25.51236],[-51.16593,-25.51372],[-51.16625,-25.51418],[-51.16672,-25.51452],[-51.16719,-25.51462],[-51.16772,-25.5146],[-51.16821,-25.51438],[-51.1686,-25.51401],[-51.169,-25.51324],[-51.16938,-25.51278],[-51.17075,-25.51201],[-51.17108,-25.51165],[-51.17122,-25.51114],[-51.17113,-25.51064],[-51.17066,-25.50958],[-51.1706,-25.50904],[-51.17084,-25.50762],[-51.1711,-25.50717],[-51.17152,-25.50685],[-51.1731,-25.50607],[-51.17351,-25.50572],[-51.17381,-25.50522],[-51.17414,-25.50374],[-51.17442,-25.50321],[-51.17493,-25.50275],[-51.17557,-25.50249],[-51.17745,-25.50205],[-51.17808,-25.50178],[-51.17922,-25.50069],[-51.17971,-25.50039],[-51.18403,-25.49928],[-51.18515,-25.49881],[-51.19014,-25.49559],[-51.19054,-25.4952],[-51.19141,-25.49409],[-51.1918,-25.49375],[-51.19276,-25.49342],[-51.19461,-25.49346],[-51.19517,-25.49334],[-51.19565,-25.49306],[-51.19602,-25.49272],[-51.19627,-25.49225],[-51.19765,-25.48919],[-51.19795,-25.48867],[-51.19839,-25.48826],[-51.19886,-25.48801],[-51.19943,-25.4879],[-51.20222,-25.48793],[-51.20309,-25.48784],[-51.20414,-25.48755],[-51.20502,-25.48722],[-51.20565,-25.48665],[-51.20647,-25.4854],[-51.20724,-25.48483],[-51.20778,-25.48471],[-51.21072,-25.48484],[-51.21122,-25.48478],[-51.2117,-25.48457],[-51.21372,-25.48302],[-51.21506,-25.48144],[-51.21552,-25.48109],[-51.21609,-25.48087],[-51.21838,-25.48076],[-51.219,-25.48063],[-51.21957,-25.4803],[-51.21992,-25.47989],[-51.22017,-25.47937],[-51.22047,-25.47615],[-51.22067,-25.47562],[-51.2211,-25.4752],[-51.2217,-25.47502],[-51.22229,-25.47502],[-51.22326,-25.47524],[-51.22507,-25.47514],[-51.2253,-25.4752],[-51.22563,-25.47535],[-51.22598,-25.47565],[-51.22641,-25.47665],[-51.22654,-25.47726],[-51.22648,-25.47777],[-51.22529,-25.47913],[-51.22511,-25.47945],[-51.22505,-25.47982],[-51.22528,-25.48104],[-51.22528,-25.48143],[-51.22456,-25.48261],[-51.22444,-25.48295],[-51.22439,-25.48446],[-51.22431,-25.48487],[-51.22414,-25.48529],[-51.22322,-25.48657],[-51.22307,-25.48709],[-51.22318,-25.48763],[-51.22339,-25.48802],[-51.22381,-25.48831],[-51.22429,-25.48848],[-51.22474,-25.48852],[-51.22517,-25.48838],[-51.22562,-25.4881],[-51.2259,-25.48777],[-51.22639,-25.48647],[-51.22665,-25.48602],[-51.22865,-25.48347],[-51.2289,-25.48292],[-51.22895,-25.48064],[-51.23046,-25.47846],[-51.23125,-25.47789],[-51.23339,-25.47731],[-51.23396,-25.47706],[-51.23729,-25.47524],[-51.23768,-25.47491],[-51.24103,-25.4711],[-51.24189,-25.47072],[-51.24306,-25.47047],[-51.2435,-25.47027],[-51.24436,-25.46966],[-51.24468,-25.46952],[-51.2451,-25.46945],[-51.24566,-25.46955],[-51.24634,-25.46999],[-51.24654,-25.47043],[-51.24671,-25.47139],[-51.24693,-25.47191],[-51.24733,-25.47227],[-51.24785,-25.4725],[-51.24844,-25.47257],[-51.25498,-25.47252],[-51.25556,-25.47261],[-51.25658,-25.47309],[-51.25783,-25.47409],[-51.25841,-25.47441],[-51.26178,-25.47574],[-51.26241,-25.47589],[-51.2631,-25.47592],[-51.26589,-25.47574],[-51.26667,-25.47581],[-51.26904,-25.4766],[-51.26982,-25.47669],[-51.27179,-25.47631],[-51.27234,-25.47629],[-51.27408,-25.47658],[-51.27461,-25.47654],[-51.27517,-25.47638],[-51.27561,-25.47606],[-51.27682,-25.47461],[-51.27739,-25.47426],[-51.27798,-25.47411],[-51.27859,-25.47412],[-51.2792,-25.47431],[-51.28132,-25.47524],[-51.28195,-25.47566],[-51.28379,-25.47728],[-51.28408,-25.47778],[-51.28451,-25.47906],[-51.28483,-25.47948],[-51.28524,-25.47976],[-51.28581,-25.48002],[-51.28823,-25.48079],[-51.28897,-25.48098],[-51.28956,-25.48096],[-51.29009,-25.48076],[-51.29061,-25.48039],[-51.29211,-25.47904],[-51.2928,-25.47855],[-51.29435,-25.47783],[-51.29486,-25.47766],[-51.29587,-25.47749],[-51.29648,-25.47723],[-51.29694,-25.47681],[-51.29783,-25.47569],[-51.29807,-25.47523],[-51.29819,-25.47466],[-51.29819,-25.47344],[-51.29827,-25.47297],[-51.29898,-25.47175],[-51.2991,-25.47125],[-51.29904,-25.47014],[-51.29913,-25.46957],[-51.29937,-25.46914],[-51.29977,-25.46887],[-51.30038,-25.46871],[-51.30099,-25.46879],[-51.30151,-25.46904],[-51.30231,-25.46982],[-51.30287,-25.47005],[-51.30416,-25.47025],[-51.30467,-25.47049],[-51.30576,-25.4712],[-51.30632,-25.47136],[-51.30681,-25.47129],[-51.30816,-25.47082],[-51.30865,-25.47078],[-51.30914,-25.47088],[-51.30962,-25.4712],[-51.31186,-25.47348],[-51.31226,-25.47379],[-51.31395,-25.47414],[-51.31436,-25.47436],[-51.31563,-25.47572],[-51.31607,-25.47597],[-51.31694,-25.47608],[-51.31992,-25.47595],[-51.32045,-25.47584],[-51.32095,-25.47559],[-51.32297,-25.47431],[-51.3233,-25.47389],[-51.32348,-25.47341],[-51.32352,-25.47292],[-51.32332,-25.46893],[-51.32343,-25.46821],[-51.32381,-25.46734],[-51.32428,-25.46679],[-51.32484,-25.46649],[-51.3253,-25.46635],[-51.32627,-25.46639],[-51.32681,-25.46653]]}},{"type":"Feature","properties":{"name":null,"operator":"Rumo S.A.","usage":null},"geometry":{"type":"LineString","coordinates":[[-50.65965,-25.5134],[-50.6597,-25.5138],[-50.65929,-25.51621],[-50.65634,-25.52034]]}},{"type":"Feature","properties":{"name":null,"operator":"Rumo S/A","usage":null},"geometry":{"type":"LineString","coordinates":[[-50.54705,-25.40921],[-50.54732,-25.40867],[-50.54774,-25.40838],[-50.548,-25.40833],[-50.5485,-25.4084],[-50.54896,-25.40876],[-50.54912,-25.40921],[-50.54979,-25.41278]]}},{"type":"Feature","properties":{"name":null,"operator":"Rumo S/A","usage":"main"},"geometry":{"type":"LineString","coordinates":[[-50.54285,-25.40926],[-50.54242,-25.40888]]}},{"type":"Feature","properties":{"name":null,"operator":"Rumo S/A","usage":null},"geometry":{"type":"LineString","coordinates":[[-50.63906,-25.46045],[-50.63932,-25.46119],[-50.63994,-25.46225],[-50.63983,-25.46345],[-50.64007,-25.46392],[-50.64066,-25.46423],[-50.64352,-25.465],[-50.64446,-25.46512]]}},{"type":"Feature","properties":{"name":null,"operator":"Rumo S/A","usage":"main"},"geometry":{"type":"LineString","coordinates":[[-50.54242,-25.40888],[-50.54157,-25.40811],[-50.54136,-25.40763],[-50.54139,-25.40713],[-50.54149,-25.40688],[-50.5422,-25.40591],[-50.54244,-25.40447],[-50.54309,-25.40272],[-50.54313,-25.40193],[-50.54324,-25.40153],[-50.54404,-25.4009],[-50.54416,-25.40072],[-50.54419,-25.40019],[-50.5441,-25.39994],[-50.54373,-25.39957],[-50.54248,-25.39902],[-50.54221,-25.39879],[-50.54199,-25.39833],[-50.54195,-25.39804],[-50.54215,-25.39748],[-50.54294,-25.39686],[-50.54317,-25.39653],[-50.54324,-25.39593],[-50.54297,-25.3954],[-50.54251,-25.39508],[-50.5398,-25.39445],[-50.53934,-25.39454],[-50.53902,-25.39472],[-50.53814,-25.3958],[-50.53502,-25.39854],[-50.53471,-25.39899],[-50.53438,-25.39979],[-50.53284,-25.40173],[-50.5326,-25.40191],[-50.5323,-25.402],[-50.53149,-25.40192],[-50.5309,-25.40195],[-50.53038,-25.40235],[-50.52972,-25.40393],[-50.52905,-25.40497],[-50.52896,-25.40531],[-50.52887,-25.40679],[-50.52867,-25.40746],[-50.52825,-25.40792],[-50.52578,-25.40924],[-50.52481,-25.40971],[-50.52092,-25.41056],[-50.52026,-25.4106],[-50.51775,-25.41039],[-50.51191,-25.41107],[-50.51069,-25.41161],[-50.50898,-25.41196],[-50.50727,-25.41262],[-50.50277,-25.41382],[-50.50149,-25.41368],[-50.50069,-25.41331],[-50.49905,-25.41189],[-50.49848,-25.41153],[-50.49769,-25.41134],[-50.49601,-25.41127],[-50.49559,-25.41117],[-50.49529,-25.41101],[-50.49463,-25.41017],[-50.4944,-25.40999],[-50.49407,-25.40987],[-50.49362,-25.40985],[-50.4927,-25.41],[-50.49236,-25.40989],[-50.49205,-25.40973],[-50.49091,-25.40884],[-50.49055,-25.40866],[-50.48988,-25.40857],[-50.48874,-25.40884],[-50.48709,-25.40876],[-50.48574,-25.40897],[-50.48527,-25.4088],[-50.48446,-25.40784],[-50.48429,-25.40737],[-50.48422,-25.40645],[-50.48398,-25.40609],[-50.48356,-25.40587],[-50.48282,-25.40571],[-50.48261,-25.40559],[-50.48228,-25.40519],[-50.48208,-25.4044],[-50.48175,-25.40382],[-50.48127,-25.4034],[-50.48069,-25.40315],[-50.47989,-25.40308],[-50.47959,-25.40318],[-50.4791,-25.40362],[-50.47901,-25.40405],[-50.47905,-25.40423],[-50.47947,-25.40496],[-50.4795,-25.40518],[-50.47939,-25.40566],[-50.47899,-25.406],[-50.47833,-25.4061],[-50.47791,-25.40594],[-50.47722,-25.40548],[-50.47584,-25.40533],[-50.47559,-25.40522],[-50.47519,-25.40492],[-50.4738,-25.40318],[-50.47367,-25.4028],[-50.47369,-25.40217],[-50.47351,-25.40174],[-50.47255,-25.40114],[-50.4723,-25.40084],[-50.47209,-25.39889],[-50.47178,-25.39825],[-50.47159,-25.39806],[-50.4712,-25.39789],[-50.46962,-25.39792],[-50.46883,-25.39772],[-50.46855,-25.39748],[-50.46839,-25.39721],[-50.46825,-25.39608],[-50.46694,-25.39504],[-50.46672,-25.39472],[-50.46669,-25.39441],[-50.46685,-25.39401],[-50.46681,-25.39369],[-50.46781,-25.3921],[-50.46787,-25.39148],[-50.46782,-25.39127],[-50.46738,-25.39051],[-50.46729,-25.39013],[-50.46745,-25.38974],[-50.46802,-25.38887],[-50.46805,-25.38837],[-50.46784,-25.38787],[-50.46597,-25.38555],[-50.46579,-25.38539],[-50.46487,-25.38502],[-50.46444,-25.38455],[-50.46441,-25.38323],[-50.46401,-25.3805],[-50.46307,-25.37876],[-50.46285,-25.37805],[-50.46296,-25.37756],[-50.46312,-25.37729],[-50.46414,-25.37654],[-50.46426,-25.37636],[-50.46435,-25.37591],[-50.46426,-25.3756],[-50.46409,-25.37535],[-50.46119,-25.37339],[-50.45967,-25.37181],[-50.45934,-25.37131],[-50.45915,-25.37061],[-50.45868,-25.36772],[-50.45879,-25.36732],[-50.45947,-25.36635],[-50.46011,-25.36492],[-50.46059,-25.36449],[-50.46122,-25.36442],[-50.46167,-25.36461],[-50.46234,-25.36517],[-50.46281,-25.36528],[-50.46338,-25.36513],[-50.46372,-25.36475],[-50.4638,-25.36455],[-50.46384,-25.36418],[-50.46373,-25.36386],[-50.46325,-25.36353],[-50.46212,-25.36325],[-50.46181,-25.36294],[-50.46168,-25.3624],[-50.46187,-25.36147],[-50.46182,-25.36107],[-50.46168,-25.36079],[-50.46141,-25.36055],[-50.46108,-25.36041],[-50.45973,-25.36047],[-50.45843,-25.36026],[-50.45795,-25.36046],[-50.45777,-25.36067],[-50.45762,-25.36094],[-50.45748,-25.36161],[-50.45718,-25.36194],[-50.45655,-25.36218],[-50.45536,-25.3621],[-50.45495,-25.36213],[-50.45459,-25.36227],[-50.45411,-25.36276],[-50.45374,-25.36344],[-50.45365,-25.36394],[-50.4538,-25.36446],[-50.45477,-25.36553],[-50.45479,-25.36609],[-50.45466,-25.36634],[-50.45442,-25.36658],[-50.45411,-25.3667],[-50.45215,-25.36698],[-50.45115,-25.36691],[-50.45063,-25.36707],[-50.45004,-25.36754],[-50.44971,-25.36819],[-50.44941,-25.36858],[-50.44883,-25.36881],[-50.44834,-25.36881],[-50.44819,-25.36875],[-50.44784,-25.36832],[-50.44738,-25.36734],[-50.44713,-25.36703],[-50.44599,-25.36591],[-50.44551,-25.36567],[-50.44421,-25.36546],[-50.44302,-25.3645],[-50.44249,-25.36423],[-50.44105,-25.36375],[-50.44083,-25.36358],[-50.44067,-25.3633],[-50.44049,-25.36246],[-50.44034,-25.36217],[-50.43882,-25.36073],[-50.43825,-25.36004],[-50.4375,-25.35787],[-50.4373,-25.35752],[-50.43602,-25.35688],[-50.43572,-25.35665],[-50.43555,-25.35639],[-50.43547,-25.35611],[-50.43556,-25.3552],[-50.43529,-25.35466],[-50.4347,-25.35438],[-50.43444,-25.35436],[-50.43299,-25.35464],[-50.43269,-25.35497],[-50.43209,-25.35709],[-50.43188,-25.35735],[-50.43131,-25.35772],[-50.43097,-25.35778],[-50.43061,-25.35778],[-50.42991,-25.35743],[-50.42772,-25.35453],[-50.42734,-25.35367],[-50.42728,-25.35323],[-50.42743,-25.35243],[-50.4278,-25.35179],[-50.42911,-25.35075],[-50.42943,-25.35041],[-50.42956,-25.35009],[-50.42956,-25.34971],[-50.42924,-25.34868],[-50.42918,-25.34825],[-50.42921,-25.34794],[-50.42964,-25.34691],[-50.42965,-25.34661],[-50.42957,-25.34633],[-50.42913,-25.34591],[-50.42882,-25.34581],[-50.42822,-25.3458],[-50.42699,-25.34594],[-50.42552,-25.34556],[-50.42524,-25.3456],[-50.42487,-25.34579],[-50.42046,-25.34888]]}},{"type":"Feature","properties":{"name":null,"operator":"Rumo S/A","usage":"main"},"geometry":{"type":"LineString","coordinates":[[-50.65975,-25.48505],[-50.65895,-25.48383],[-50.65883,-25.48315]]}},{"type":"Feature","properties":{"name":null,"operator":"Rumo S/A","usage":null},"geometry":{"type":"LineString","coordinates":[[-50.64066,-25.46423],[-50.64352,-25.465]]}},{"type":"Feature","properties":{"name":null,"operator":"Rumo S/A","usage":"main"},"geometry":{"type":"LineString","coordinates":[[-50.31704,-25.2994],[-50.31595,-25.29898],[-50.31571,-25.29879],[-50.31531,-25.29779],[-50.31467,-25.29742],[-50.31387,-25.29741],[-50.31347,-25.29754],[-50.31307,-25.29781],[-50.31242,-25.29847],[-50.31106,-25.2991],[-50.30999,-25.29918],[-50.30944,-25.29902],[-50.30892,-25.29869],[-50.30852,-25.2983],[-50.30823,-25.29785],[-50.30787,-25.29703],[-50.3078,-25.29562],[-50.30767,-25.29529],[-50.30741,-25.29502],[-50.30651,-25.29451],[-50.30635,-25.29427],[-50.30624,-25.29393],[-50.30615,-25.29271],[-50.30601,-25.29244],[-50.30575,-25.29221],[-50.30542,-25.29208],[-50.30509,-25.29206],[-50.30475,-25.29215],[-50.30404,-25.29268],[-50.30333,-25.293],[-50.30243,-25.29298],[-50.30207,-25.29287],[-50.29929,-25.29137],[-50.29861,-25.2906],[-50.2984,-25.29013],[-50.29831,-25.2897],[-50.29839,-25.28861],[-50.29921,-25.28445],[-50.2992,-25.28382],[-50.299,-25.28353],[-50.29868,-25.28333],[-50.2983,-25.28327],[-50.2979,-25.28332],[-50.29745,-25.28366],[-50.29729,-25.28396],[-50.29636,-25.28674],[-50.2961,-25.28704],[-50.29577,-25.28725],[-50.29512,-25.28727],[-50.29419,-25.28688],[-50.29361,-25.28628],[-50.2933,-25.28564],[-50.29281,-25.28348],[-50.29268,-25.28316],[-50.29244,-25.28289],[-50.29218,-25.28272],[-50.29181,-25.28262],[-50.29076,-25.28258],[-50.29021,-25.28234],[-50.29004,-25.28213],[-50.28974,-25.28132],[-50.28924,-25.28087],[-50.28882,-25.28067],[-50.28844,-25.28061],[-50.28808,-25.28069],[-50.28725,-25.28122],[-50.28697,-25.28128],[-50.28658,-25.28122],[-50.28629,-25.28106],[-50.28479,-25.27977],[-50.28435,-25.27957],[-50.28383,-25.27947],[-50.28343,-25.2795],[-50.28259,-25.27981],[-50.28147,-25.2809],[-50.281,-25.2815],[-50.27988,-25.28447],[-50.27946,-25.28642],[-50.27929,-25.28663],[-50.27885,-25.28688],[-50.27774,-25.28695],[-50.27701,-25.2867],[-50.27673,-25.28644],[-50.27639,-25.28573],[-50.27584,-25.28393],[-50.27545,-25.28339],[-50.27511,-25.28317],[-50.27471,-25.28307],[-50.2733,-25.28302],[-50.2728,-25.28278],[-50.27242,-25.28227]]}},{"type":"Feature","properties":{"name":"Estrada de Ferro Central do Paraná","operator":"Rumo S/A","usage":"main"},"geometry":{"type":"LineString","coordinates":[[-50.88824,-24.49041],[-50.88775,-24.4889],[-50.88768,-24.48814],[-50.88848,-24.48502],[-50.88889,-24.48435],[-50.88971,-24.48349],[-50.89201,-24.48227],[-50.89278,-24.4816],[-50.89324,-24.48098],[-50.89349,-24.48037],[-50.89362,-24.47948],[-50.89356,-24.47902],[-50.89314,-24.47806],[-50.89275,-24.47759],[-50.89031,-24.47598],[-50.88934,-24.47514],[-50.88598,-24.47081],[-50.88539,-24.46993],[-50.88449,-24.46815],[-50.88297,-24.46597],[-50.88212,-24.46419],[-50.88195,-24.46339],[-50.88198,-24.46295],[-50.88213,-24.46242],[-50.88245,-24.4618],[-50.88743,-24.45549],[-50.88814,-24.45422],[-50.88853,-24.4529],[-50.8886,-24.45236],[-50.88884,-24.4459]]}},{"type":"Feature","properties":{"name":null,"operator":"ALL","usage":null},"geometry":{"type":"LineString","coordinates":[[-50.8888,-24.55183],[-50.88825,-24.5522],[-50.88374,-24.55583],[-50.88323,-24.5564],[-50.88291,-24.55709],[-50.88261,-24.55931]]}},{"type":"Feature","properties":{"name":"Estrada de Ferro Central do Paraná","operator":"Rumo S/A","usage":"main"},"geometry":{"type":"LineString","coordinates":[[-50.88933,-24.57648],[-50.88836,-24.57535],[-50.88747,-24.57472]]}},{"type":"Feature","properties":{"name":"Estrada de Ferro Central do Paraná","operator":"Rumo S/A","usage":"main"},"geometry":{"type":"LineString","coordinates":[[-50.88822,-24.50481],[-50.88977,-24.50379],[-50.89038,-24.50314]]}},{"type":"Feature","properties":{"name":"Estrada de Ferro Central do Paraná","operator":"Rumo S/A","usage":"main"},"geometry":{"type":"LineString","coordinates":[[-50.88862,-24.49627],[-50.88891,-24.49398],[-50.88887,-24.49295],[-50.88854,-24.49114],[-50.88824,-24.49041]]}},{"type":"Feature","properties":{"name":"Estrada de Ferro Central do Paraná","operator":"Rumo S/A","usage":"main"},"geometry":{"type":"LineString","coordinates":[[-50.88884,-24.4459],[-50.88903,-24.44086],[-50.88993,-24.43819],[-50.89017,-24.43705],[-50.88883,-24.42905],[-50.8887,-24.42843],[-50.88835,-24.42759],[-50.88769,-24.42678],[-50.88717,-24.42631],[-50.87618,-24.4187],[-50.87503,-24.4178],[-50.87464,-24.4173],[-50.87424,-24.41656],[-50.87403,-24.41589],[-50.87383,-24.4144]]}},{"type":"Feature","properties":{"name":"Estrada de Ferro Central do Paraná","operator":"Rumo S/A","usage":"main"},"geometry":{"type":"LineString","coordinates":[[-51.09621,-24.03335],[-51.09931,-24.03216],[-51.09992,-24.03186],[-51.10041,-24.03149],[-51.10083,-24.03096],[-51.10109,-24.03034],[-51.1012,-24.02971],[-51.10117,-24.02911],[-51.10102,-24.02855],[-51.10058,-24.02781],[-51.10025,-24.02747],[-51.09865,-24.02635],[-51.0984,-24.02612],[-51.09796,-24.02548],[-51.09593,-24.02099]]}},{"type":"Feature","properties":{"name":"Estrada de Ferro Central do Paraná","operator":"Rumo S/A","usage":"main"},"geometry":{"type":"LineString","coordinates":[[-51.06722,-24.06089],[-51.06699,-24.06174],[-51.067,-24.06224],[-51.0676,-24.06507],[-51.06765,-24.06571],[-51.06752,-24.06636],[-51.06731,-24.06686],[-51.06697,-24.06726],[-51.06265,-24.07115],[-51.06159,-24.07238],[-51.06076,-24.07353],[-51.06041,-24.07452],[-51.06036,-24.07505],[-51.0605,-24.07597],[-51.06079,-24.07668],[-51.06175,-24.07816],[-51.0621,-24.07891],[-51.06228,-24.07955],[-51.06226,-24.08061],[-51.06215,-24.08106],[-51.06183,-24.08174],[-51.06133,-24.08244],[-51.06062,-24.08323],[-51.05872,-24.0853],[-51.05786,-24.08612],[-51.05685,-24.08675],[-51.05341,-24.08834],[-51.052,-24.08916],[-51.04854,-24.09164],[-51.04755,-24.09268],[-51.04702,-24.09348],[-51.04659,-24.09448],[-51.04475,-24.10193],[-51.04477,-24.1027],[-51.04494,-24.10342],[-51.04531,-24.10415],[-51.04562,-24.10452],[-51.04661,-24.1053],[-51.04767,-24.1057],[-51.04986,-24.10605],[-51.05065,-24.10626]]}},{"type":"Feature","properties":{"name":"Estrada de Ferro Central do Paraná","operator":"Rumo S/A","usage":"main"},"geometry":{"type":"LineString","coordinates":[[-51.09192,-24.03567],[-51.09523,-24.0338],[-51.09621,-24.03335]]}},{"type":"Feature","properties":{"name":"Estrada de Ferro Central do Paraná","operator":"Rumo S/A","usage":"main"},"geometry":{"type":"LineString","coordinates":[[-51.05145,-24.13991],[-51.05246,-24.14151],[-51.05278,-24.14247],[-51.0528,-24.14317],[-51.05249,-24.14517],[-51.05263,-24.14621],[-51.05298,-24.14687],[-51.05425,-24.14861],[-51.05463,-24.1495],[-51.05472,-24.15005],[-51.05469,-24.15054],[-51.05455,-24.15106],[-51.0542,-24.15176],[-51.05352,-24.1525],[-51.05115,-24.15406],[-51.05057,-24.15467],[-51.05023,-24.15527],[-51.04931,-24.1576],[-51.0472,-24.16104],[-51.04669,-24.16166],[-51.04617,-24.16221],[-51.04375,-24.16385],[-51.04311,-24.16441],[-51.03673,-24.1707],[-51.03412,-24.173],[-51.03305,-24.17417],[-51.02658,-24.18224],[-51.02478,-24.18431],[-51.02311,-24.18606],[-51.02233,-24.18718],[-51.01826,-24.19611],[-51.01763,-24.19726],[-51.0171,-24.19795],[-51.0126,-24.20271],[-51.01198,-24.20314],[-51.00628,-24.2064],[-51.00432,-24.20762],[-51.00303,-24.20863],[-51.00209,-24.20964],[-51.00144,-24.21049],[-50.99853,-24.21525],[-50.99784,-24.21616],[-50.99675,-24.21744],[-50.99594,-24.21826],[-50.99182,-24.22193],[-50.99107,-24.22268]]}},{"type":"Feature","properties":{"name":"Estrada de Ferro Central do Paraná","operator":"Rumo S/A","usage":"main"},"geometry":{"type":"LineString","coordinates":[[-50.88933,-24.57648],[-50.8896,-24.57739],[-50.88958,-24.57807],[-50.88915,-24.57961],[-50.88842,-24.58171],[-50.88832,-24.58262],[-50.88842,-24.58353],[-50.88874,-24.58428],[-50.88898,-24.58462],[-50.89251,-24.5889],[-50.89303,-24.58968],[-50.8933,-24.59026],[-50.89355,-24.59117],[-50.89384,-24.59459],[-50.8941,-24.59525],[-50.8946,-24.59594],[-50.89487,-24.59621],[-50.89558,-24.59666],[-50.89627,-24.59689],[-50.89706,-24.597],[-50.89778,-24.59694],[-50.9002,-24.5964],[-50.9008,-24.59634],[-50.90438,-24.59678],[-50.90706,-24.59642],[-50.90793,-24.59644],[-50.90881,-24.59674],[-50.90959,-24.59724],[-50.91015,-24.59787],[-50.91046,-24.59865],[-50.91053,-24.59898],[-50.91051,-24.59972],[-50.91032,-24.60042],[-50.91001,-24.60101],[-50.90847,-24.60287],[-50.9075,-24.60441],[-50.9048,-24.6071],[-50.90443,-24.60778],[-50.90419,-24.60856],[-50.90375,-24.61109],[-50.90304,-24.61409],[-50.90294,-24.61496],[-50.90296,-24.61582],[-50.90309,-24.61676],[-50.90336,-24.61764],[-50.90421,-24.61972],[-50.90441,-24.62054],[-50.90436,-24.62202],[-50.90386,-24.62507],[-50.9039,-24.62579],[-50.9041,-24.62656],[-50.90433,-24.6272],[-50.90496,-24.62827],[-50.90852,-24.6352],[-50.909,-24.63696],[-50.91134,-24.64791],[-50.91155,-24.64844],[-50.91227,-24.6496],[-50.91346,-24.65105]]}},{"type":"Feature","properties":{"name":"Estrada de Ferro Sorocabana","operator":"Rumo S/A","usage":"main"},"geometry":{"type":"LineString","coordinates":[[-48.48979,-22.88903],[-48.4915,-22.88951],[-48.49192,-22.88976],[-48.49214,-22.88994],[-48.49243,-22.8904],[-48.49255,-22.89119]]}},{"type":"Feature","properties":{"name":"Estrada de Ferro Sorocabana","operator":"Rumo S/A","usage":"main"},"geometry":{"type":"LineString","coordinates":[[-48.48949,-22.88899],[-48.48979,-22.88903]]}},{"type":"Feature","properties":{"name":"Estrada de Ferro Sorocabana","operator":"Rumo S/A","usage":"main"},"geometry":{"type":"LineString","coordinates":[[-48.44477,-22.87542],[-48.44488,-22.87557]]}},{"type":"Feature","properties":{"name":"Estrada de Ferro Sorocabana","operator":"Rumo S/A","usage":"main"},"geometry":{"type":"LineString","coordinates":[[-48.44488,-22.87557],[-48.44532,-22.87588],[-48.4459,-22.87598],[-48.44908,-22.87519],[-48.45188,-22.875],[-48.45265,-22.87523],[-48.45897,-22.87799],[-48.46028,-22.87814],[-48.46276,-22.87773],[-48.46325,-22.87772],[-48.46458,-22.87796],[-48.46513,-22.87821],[-48.46602,-22.87886],[-48.46666,-22.87972],[-48.46848,-22.88264],[-48.46902,-22.88313],[-48.46979,-22.8836],[-48.47073,-22.8839],[-48.47127,-22.88396],[-48.47345,-22.88394],[-48.4764,-22.88377],[-48.47752,-22.88389],[-48.47828,-22.88415],[-48.48025,-22.88508],[-48.48112,-22.88558],[-48.48179,-22.88623],[-48.48336,-22.88811],[-48.48407,-22.88864],[-48.48461,-22.88891],[-48.48506,-22.88907],[-48.48594,-22.8892],[-48.48887,-22.88897],[-48.48949,-22.88899]]}},{"type":"Feature","properties":{"name":"Linha Rubião Júnior-Bauru","operator":"Rumo S/A","usage":"main"},"geometry":{"type":"LineString","coordinates":[[-48.55224,-22.78382],[-48.54921,-22.78206],[-48.54879,-22.78149],[-48.54873,-22.78086],[-48.5488,-22.78057],[-48.54919,-22.78004],[-48.55038,-22.77943],[-48.55099,-22.77892],[-48.5513,-22.77853],[-48.55171,-22.77768],[-48.55178,-22.77685],[-48.55173,-22.7755],[-48.55277,-22.7713],[-48.55433,-22.7644],[-48.55501,-22.76097],[-48.55594,-22.75485],[-48.55634,-22.75357],[-48.5566,-22.75309],[-48.55687,-22.75264],[-48.55844,-22.75085],[-48.55896,-22.75],[-48.55935,-22.74895],[-48.55974,-22.74653],[-48.55988,-22.74488],[-48.55927,-22.743],[-48.55921,-22.74243],[-48.55956,-22.74113],[-48.55925,-22.74001],[-48.55904,-22.7376],[-48.55917,-22.73685],[-48.55971,-22.73506],[-48.55993,-22.73462],[-48.56044,-22.73408]]}},{"type":"Feature","properties":{"name":"Estrada de Ferro Central do Paraná","operator":"Rumo S/A","usage":"main"},"geometry":{"type":"LineString","coordinates":[[-51.07943,-24.04304],[-51.0794,-24.04174],[-51.07969,-24.04105],[-51.07996,-24.04063],[-51.08042,-24.04019],[-51.08099,-24.03982],[-51.08158,-24.03958],[-51.08222,-24.03946],[-51.08402,-24.03958],[-51.0848,-24.03956],[-51.08544,-24.03942],[-51.09192,-24.03567]]}},{"type":"Feature","properties":{"name":"Estrada de Ferro Central do Paraná","operator":"Rumo S/A","usage":"main"},"geometry":{"type":"LineString","coordinates":[[-51.06722,-24.06089],[-51.06805,-24.05925]]}},{"type":"Feature","properties":{"name":"Estrada de Ferro Central do Paraná","operator":"Rumo S/A","usage":"main"},"geometry":{"type":"LineString","coordinates":[[-51.06805,-24.05925],[-51.06855,-24.05823],[-51.0687,-24.05755],[-51.06869,-24.05686],[-51.06852,-24.05566],[-51.06856,-24.05513],[-51.06876,-24.05445],[-51.06925,-24.0538],[-51.07141,-24.05215],[-51.07182,-24.05169],[-51.07219,-24.05097],[-51.07294,-24.04893],[-51.07351,-24.04803],[-51.07412,-24.0474],[-51.07497,-24.04688],[-51.07766,-24.04608],[-51.0782,-24.04581],[-51.0787,-24.0454],[-51.0791,-24.04487],[-51.07932,-24.04436],[-51.07943,-24.04385],[-51.07943,-24.04304]]}},{"type":"Feature","properties":{"name":"Estrada de Ferro Central do Paraná","operator":"Rumo S/A","usage":"main"},"geometry":{"type":"LineString","coordinates":[[-51.05065,-24.10626],[-51.05185,-24.10701],[-51.05255,-24.10775],[-51.05299,-24.10858],[-51.05315,-24.10966]]}},{"type":"Feature","properties":{"name":null,"operator":null,"usage":null},"geometry":{"type":"LineString","coordinates":[[-50.91345,-24.65099],[-50.91191,-24.649],[-50.91138,-24.64791],[-50.909,-24.63696]]}},{"type":"Feature","properties":{"name":null,"operator":null,"usage":null},"geometry":{"type":"LineString","coordinates":[[-50.90908,-24.63718],[-50.9092,-24.63748],[-50.91142,-24.6479],[-50.91194,-24.64898],[-50.91346,-24.65094]]}},{"type":"Feature","properties":{"name":"Tronco Principal Sul","operator":"Rumo S/A","usage":"main"},"geometry":{"type":"LineString","coordinates":[[-50.1096,-25.08597],[-50.11011,-25.08241],[-50.11006,-25.08151],[-50.10981,-25.08082],[-50.10954,-25.08042],[-50.10684,-25.07786],[-50.10635,-25.07719],[-50.1059,-25.07636],[-50.10568,-25.07583],[-50.10552,-25.0746],[-50.10566,-25.07356],[-50.10618,-25.07219]]}},{"type":"Feature","properties":{"name":null,"operator":"MRS Logística S/A","usage":null},"geometry":{"type":"LineString","coordinates":[[-48.70815,-22.36467],[-48.70872,-22.36481],[-48.7093,-22.3648],[-48.71025,-22.36432],[-48.71063,-22.36395],[-48.71213,-22.36042],[-48.71623,-22.35569],[-48.71776,-22.3538],[-48.71866,-22.35152],[-48.71965,-22.34953],[-48.72322,-22.34394]]}},{"type":"Feature","properties":{"name":"Linha Ourinhos-Cianorte","operator":"Rumo S/A","usage":"branch"},"geometry":{"type":"LineString","coordinates":[[-51.99147,-23.43585],[-51.98949,-23.43922],[-51.98926,-23.43986],[-51.98921,-23.44026],[-51.98937,-23.44119],[-51.98952,-23.44154],[-51.99021,-23.4424],[-51.991,-23.44291],[-51.99204,-23.44316],[-51.99514,-23.44292],[-51.99619,-23.44297],[-51.9968,-23.44308],[-51.99794,-23.44345],[-51.99937,-23.4443],[-52.00107,-23.44517],[-52.00213,-23.44551],[-52.00313,-23.44568],[-52.004,-23.44571],[-52.01378,-23.44518]]}},{"type":"Feature","properties":{"name":"Linha Rubião Júnior-Bauru","operator":"Rumo S/A","usage":"main"},"geometry":{"type":"LineString","coordinates":[[-48.79205,-22.59265],[-48.79184,-22.59248]]}},{"type":"Feature","properties":{"name":"Linha Rubião Júnior-Bauru","operator":"Rumo S/A","usage":"main"},"geometry":{"type":"LineString","coordinates":[[-48.70065,-22.59525],[-48.70035,-22.59524]]}},{"type":"Feature","properties":{"name":"Linha Rubião Júnior-Bauru","operator":"Rumo S/A","usage":"main"},"geometry":{"type":"LineString","coordinates":[[-48.79184,-22.59248],[-48.7905,-22.59154],[-48.79008,-22.59133],[-48.78437,-22.58927],[-48.78253,-22.58896],[-48.78107,-22.58904],[-48.78045,-22.58925],[-48.7774,-22.59102],[-48.77577,-22.59116],[-48.77534,-22.59135],[-48.77506,-22.5916],[-48.77483,-22.59205],[-48.77482,-22.59346],[-48.77474,-22.59376],[-48.77449,-22.59418],[-48.77401,-22.59453],[-48.77189,-22.59551],[-48.77129,-22.5959],[-48.771,-22.59629],[-48.77063,-22.59736],[-48.77028,-22.59776],[-48.76915,-22.5984],[-48.76822,-22.59922],[-48.76773,-22.59941],[-48.76719,-22.59943],[-48.76593,-22.59918],[-48.76533,-22.59921],[-48.76385,-22.59954],[-48.76294,-22.59941],[-48.76205,-22.59905],[-48.7606,-22.59773],[-48.76001,-22.59755],[-48.75815,-22.59784],[-48.75641,-22.59736],[-48.75547,-22.5973],[-48.75356,-22.59754],[-48.75039,-22.59728],[-48.74957,-22.59744],[-48.74828,-22.59787],[-48.7461,-22.59914],[-48.74532,-22.59977],[-48.7448,-22.60002],[-48.74437,-22.60005],[-48.7438,-22.59993],[-48.74343,-22.59968],[-48.74284,-22.59905],[-48.74238,-22.5987],[-48.74187,-22.59858],[-48.74137,-22.59865],[-48.74078,-22.599],[-48.73985,-22.6003],[-48.73964,-22.60042],[-48.73906,-22.60055],[-48.73676,-22.60005],[-48.73444,-22.59857],[-48.73412,-22.59845],[-48.72902,-22.5972],[-48.72745,-22.59711],[-48.72035,-22.5974],[-48.71919,-22.59729],[-48.71816,-22.59707],[-48.71713,-22.59668],[-48.71627,-22.59622],[-48.71321,-22.5942],[-48.71122,-22.5936],[-48.70776,-22.59321],[-48.70613,-22.59274],[-48.70563,-22.59276],[-48.70512,-22.59301],[-48.7028,-22.59495],[-48.70246,-22.59514],[-48.70177,-22.5953],[-48.70065,-22.59525]]}},{"type":"Feature","properties":{"name":null,"operator":"Rumo S/A","usage":"main"},"geometry":{"type":"LineString","coordinates":[[-49.34323,-25.55236],[-49.34295,-25.55239]]}},{"type":"Feature","properties":{"name":null,"operator":"Rumo S/A","usage":"main"},"geometry":{"type":"LineString","coordinates":[[-49.34295,-25.55239],[-49.33745,-25.55306],[-49.33644,-25.55326]]}},{"type":"Feature","properties":{"name":null,"operator":"ALL","usage":null},"geometry":{"type":"LineString","coordinates":[[-50.4634,-25.37488],[-50.46116,-25.37329],[-50.4596,-25.37163],[-50.45932,-25.3711],[-50.45877,-25.36837]]}},{"type":"Feature","properties":{"name":null,"operator":"Rumo S/A","usage":"main"},"geometry":{"type":"LineString","coordinates":[[-48.6739,-25.52331],[-48.66945,-25.52617],[-48.66883,-25.52648],[-48.66821,-25.52656],[-48.6677,-25.5265],[-48.66444,-25.52535],[-48.66391,-25.52521],[-48.66297,-25.52522],[-48.66184,-25.52562],[-48.65798,-25.52753],[-48.65752,-25.52769],[-48.6489,-25.5288],[-48.64838,-25.52898],[-48.64799,-25.52925],[-48.64765,-25.52962],[-48.64638,-25.53235],[-48.64587,-25.53302],[-48.64553,-25.5333],[-48.64111,-25.53609],[-48.63009,-25.54638]]}},{"type":"Feature","properties":{"name":null,"operator":"Rumo S/A","usage":"main"},"geometry":{"type":"LineString","coordinates":[[-48.74099,-25.50798],[-48.74071,-25.50801]]}},{"type":"Feature","properties":{"name":null,"operator":"Rumo S/A","usage":"main"},"geometry":{"type":"LineString","coordinates":[[-48.62576,-25.55969],[-48.62514,-25.56012],[-48.62457,-25.56039],[-48.61399,-25.56387],[-48.61339,-25.56395],[-48.61285,-25.56392],[-48.61234,-25.5638],[-48.61187,-25.56358]]}},{"type":"Feature","properties":{"name":"Estrada de Ferro Engenheiro Bley","operator":"Rumo S/A","usage":"main"},"geometry":{"type":"LineString","coordinates":[[-48.937,-25.43585],[-48.93701,-25.43617],[-48.93656,-25.43718],[-48.93669,-25.43796],[-48.93667,-25.43838],[-48.93639,-25.43882],[-48.9358,-25.43923],[-48.93561,-25.43959]]}},{"type":"Feature","properties":{"name":"Estrada de Ferro Engenheiro Bley","operator":"Rumo S/A","usage":"main"},"geometry":{"type":"LineString","coordinates":[[-48.93648,-25.43442],[-48.93655,-25.43494],[-48.93685,-25.4355]]}},{"type":"Feature","properties":{"name":null,"operator":"Rumo S/A","usage":"main"},"geometry":{"type":"LineString","coordinates":[[-48.55607,-25.54962],[-48.55415,-25.54887],[-48.55259,-25.54804],[-48.53503,-25.53671],[-48.53398,-25.53601],[-48.53324,-25.53537],[-48.53248,-25.53435],[-48.5321,-25.53352],[-48.52317,-25.50988],[-48.52259,-25.50907],[-48.52186,-25.50825],[-48.52163,-25.50805],[-48.52126,-25.50789],[-48.51968,-25.50753],[-48.51852,-25.50751],[-48.51755,-25.50768],[-48.51666,-25.50799]]}},{"type":"Feature","properties":{"name":"Ferrovia Conde Francisco Matarazzo","operator":null,"usage":"branch"},"geometry":{"type":"LineString","coordinates":[[-48.71702,-25.4324],[-48.71739,-25.43206],[-48.71751,-25.43163],[-48.7173,-25.43103],[-48.71682,-25.43073]]}},{"type":"Feature","properties":{"name":null,"operator":"Rumo S/A","usage":"main"},"geometry":{"type":"LineString","coordinates":[[-48.83023,-25.48603],[-48.83015,-25.48647]]}},{"type":"Feature","properties":{"name":"Ramal de Antonina","operator":"Rumo S/A","usage":"branch"},"geometry":{"type":"LineString","coordinates":[[-48.7533,-25.45038],[-48.75372,-25.4508]]}},{"type":"Feature","properties":{"name":"Ramal de Antonina","operator":"Rumo S/A","usage":"branch"},"geometry":{"type":"LineString","coordinates":[[-48.80249,-25.45814],[-48.80326,-25.45845]]}},{"type":"Feature","properties":{"name":"Ramal de Antonina","operator":"Rumo S/A","usage":"branch"},"geometry":{"type":"LineString","coordinates":[[-48.832,-25.47231],[-48.83129,-25.47188]]}},{"type":"Feature","properties":{"name":null,"operator":"Rumo S/A","usage":"main"},"geometry":{"type":"LineString","coordinates":[[-48.61187,-25.56358],[-48.61132,-25.56333]]}},{"type":"Feature","properties":{"name":"Ramal de Antonina","operator":"Rumo S/A","usage":"branch"},"geometry":{"type":"LineString","coordinates":[[-48.83129,-25.47188],[-48.83023,-25.47122],[-48.82968,-25.47065],[-48.82458,-25.46358],[-48.82425,-25.46331],[-48.82339,-25.46296],[-48.82268,-25.46213],[-48.8223,-25.46179],[-48.82205,-25.46167],[-48.82139,-25.46148],[-48.81988,-25.46142],[-48.81835,-25.46058],[-48.81743,-25.45997],[-48.81715,-25.45989],[-48.81662,-25.45994],[-48.81534,-25.46046],[-48.81475,-25.46051],[-48.81412,-25.46033],[-48.81221,-25.45916],[-48.81172,-25.459],[-48.80467,-25.45888],[-48.80406,-25.45877],[-48.80326,-25.45845]]}},{"type":"Feature","properties":{"name":"Ramal de Antonina","operator":"Rumo S/A","usage":"branch"},"geometry":{"type":"LineString","coordinates":[[-48.83556,-25.47624],[-48.83569,-25.47682],[-48.83565,-25.47719],[-48.8352,-25.478]]}},{"type":"Feature","properties":{"name":"Ramal de Antonina","operator":"Rumo S/A","usage":"branch"},"geometry":{"type":"LineString","coordinates":[[-48.71944,-25.43159],[-48.72096,-25.43219],[-48.7218,-25.433],[-48.72208,-25.43317],[-48.7256,-25.43444],[-48.72985,-25.43652],[-48.73017,-25.43681],[-48.73109,-25.43826],[-48.73112,-25.43849],[-48.73091,-25.43937],[-48.73095,-25.43986],[-48.73109,-25.4401],[-48.73213,-25.44116],[-48.73242,-25.44135],[-48.73289,-25.44144],[-48.73394,-25.44135],[-48.73448,-25.4414],[-48.73497,-25.44155],[-48.74685,-25.44685],[-48.74727,-25.44694],[-48.74767,-25.44691],[-48.7486,-25.44668],[-48.74906,-25.44665],[-48.74993,-25.44687],[-48.7503,-25.44713],[-48.7533,-25.45038]]}},{"type":"Feature","properties":{"name":"Ramal de Antonina","operator":"Rumo S/A","usage":"branch"},"geometry":{"type":"LineString","coordinates":[[-48.71944,-25.43159],[-48.71557,-25.4303]]}},{"type":"Feature","properties":{"name":null,"operator":"Rumo S/A","usage":"main"},"geometry":{"type":"LineString","coordinates":[[-48.83015,-25.48647],[-48.82888,-25.49323],[-48.82848,-25.494],[-48.82783,-25.49465],[-48.82727,-25.49498],[-48.81525,-25.49892]]}},{"type":"Feature","properties":{"name":"Ramal de Antonina","operator":"Rumo S/A","usage":"branch"},"geometry":{"type":"LineString","coordinates":[[-48.75372,-25.4508],[-48.75481,-25.45182],[-48.75519,-25.45211],[-48.75572,-25.45235],[-48.76208,-25.45344],[-48.76313,-25.45382],[-48.76342,-25.45408],[-48.76522,-25.45734],[-48.7657,-25.45805],[-48.76792,-25.46071],[-48.76849,-25.46161],[-48.76871,-25.46205],[-48.76898,-25.46328],[-48.76903,-25.46526],[-48.76924,-25.46589],[-48.76945,-25.46617],[-48.77004,-25.46657],[-48.77037,-25.46666],[-48.7707,-25.46667],[-48.77163,-25.46645],[-48.77237,-25.46657],[-48.7727,-25.46681],[-48.77357,-25.46818],[-48.77417,-25.46851],[-48.77651,-25.46907],[-48.77727,-25.46903],[-48.77764,-25.46889],[-48.787,-25.46311],[-48.78799,-25.46166],[-48.78846,-25.46126],[-48.78877,-25.46117],[-48.7891,-25.46119],[-48.79107,-25.46161]]}},{"type":"Feature","properties":{"name":"Ramal de Antonina","operator":"Rumo S/A","usage":"branch"},"geometry":{"type":"LineString","coordinates":[[-48.8353,-25.4756],[-48.83483,-25.47455],[-48.83437,-25.47382],[-48.83345,-25.47311],[-48.832,-25.47231]]}},{"type":"Feature","properties":{"name":"Ramal de Antonina","operator":"Rumo S/A","usage":"branch"},"geometry":{"type":"LineString","coordinates":[[-48.83717,-25.47673],[-48.83658,-25.47684],[-48.83623,-25.47681],[-48.83585,-25.47664],[-48.83556,-25.47624]]}},{"type":"Feature","properties":{"name":null,"operator":"Rumo S/A","usage":null},"geometry":{"type":"LineString","coordinates":[[-48.71735,-25.43088],[-48.71558,-25.43027]]}},{"type":"Feature","properties":{"name":null,"operator":null,"usage":null},"geometry":{"type":"LineString","coordinates":[[-48.85101,-26.32141],[-48.85035,-26.32163],[-48.84909,-26.32232]]}},{"type":"Feature","properties":{"name":null,"operator":null,"usage":null},"geometry":{"type":"LineString","coordinates":[[-48.84584,-26.32234],[-48.84651,-26.32227],[-48.84848,-26.32236],[-48.84909,-26.32232]]}},{"type":"Feature","properties":{"name":null,"operator":"Rumo S/A;Cargill Agrícola S/A","usage":"industrial"},"geometry":{"type":"LineString","coordinates":[[-51.99106,-23.43663],[-51.98934,-23.43931],[-51.98913,-23.43991],[-51.9891,-23.44042],[-51.9893,-23.44148],[-51.9897,-23.44213],[-51.99026,-23.44271],[-51.99131,-23.4433]]}},{"type":"Feature","properties":{"name":null,"operator":null,"usage":null},"geometry":{"type":"LineString","coordinates":[[-48.84909,-26.32232],[-48.84844,-26.3225],[-48.84533,-26.32231]]}},{"type":"Feature","properties":{"name":"Ramal de São Francisco","operator":"Rumo S/A","usage":"main"},"geometry":{"type":"LineString","coordinates":[[-48.81122,-26.34991],[-48.81057,-26.35014],[-48.80862,-26.35023],[-48.80702,-26.35092]]}},{"type":"Feature","properties":{"name":"Ramal de São Francisco","operator":"Rumo S/A","usage":"main"},"geometry":{"type":"LineString","coordinates":[[-48.80191,-26.34988],[-48.80036,-26.34951],[-48.79991,-26.34949],[-48.7983,-26.34957],[-48.79777,-26.34975],[-48.79652,-26.35084],[-48.79594,-26.35161],[-48.79552,-26.35292],[-48.79505,-26.35388],[-48.79406,-26.35448],[-48.78856,-26.35726],[-48.78753,-26.35788],[-48.78687,-26.35838],[-48.78356,-26.36341],[-48.78344,-26.36371],[-48.78298,-26.36603],[-48.78269,-26.3667],[-48.77874,-26.37264],[-48.77824,-26.37504],[-48.77791,-26.37572],[-48.77744,-26.37611],[-48.77513,-26.37691],[-48.77465,-26.37717],[-48.77425,-26.37754],[-48.77257,-26.37982],[-48.77227,-26.38002],[-48.77081,-26.38061],[-48.76417,-26.38307],[-48.76369,-26.38321],[-48.76077,-26.38354],[-48.76027,-26.38374],[-48.75976,-26.38408],[-48.7582,-26.38543],[-48.75721,-26.38594],[-48.75638,-26.38605],[-48.75556,-26.38601],[-48.75238,-26.3854]]}},{"type":"Feature","properties":{"name":"Ramal de São Francisco","operator":"Rumo S/A","usage":"main"},"geometry":{"type":"LineString","coordinates":[[-48.8423,-26.32323],[-48.84014,-26.32387]]}},{"type":"Feature","properties":{"name":"Ramal de São Francisco","operator":"Rumo S/A","usage":"main"},"geometry":{"type":"LineString","coordinates":[[-48.84497,-26.32242],[-48.84837,-26.32141],[-48.85101,-26.32141],[-48.85155,-26.32151],[-48.85212,-26.32184],[-48.85549,-26.32479],[-48.85576,-26.32493],[-48.86044,-26.32643],[-48.86109,-26.3265],[-48.86271,-26.32629],[-48.86333,-26.32636],[-48.86411,-26.32673],[-48.86459,-26.32735]]}},{"type":"Feature","properties":{"name":"Ramal de São Francisco","operator":"Rumo S/A","usage":"main"},"geometry":{"type":"LineString","coordinates":[[-48.84497,-26.32242],[-48.8423,-26.32323]]}},{"type":"Feature","properties":{"name":"Ramal de São Francisco","operator":"Rumo S/A","usage":"main"},"geometry":{"type":"LineString","coordinates":[[-49.17641,-26.44856],[-49.17663,-26.4481],[-49.17653,-26.44717],[-49.17659,-26.44685],[-49.17672,-26.44658],[-49.17697,-26.44639],[-49.17757,-26.44625],[-49.17946,-26.44653],[-49.1799,-26.44651],[-49.18032,-26.44638],[-49.18148,-26.44536],[-49.18327,-26.44448],[-49.18458,-26.44353],[-49.1853,-26.44341],[-49.18676,-26.44361],[-49.18737,-26.44352],[-49.18774,-26.44338],[-49.19038,-26.44203],[-49.19178,-26.44075],[-49.1922,-26.44056],[-49.19272,-26.44045],[-49.19438,-26.44032],[-49.19483,-26.44015],[-49.19643,-26.43867],[-49.19691,-26.43842],[-49.20125,-26.4377],[-49.20216,-26.43772],[-49.20254,-26.43783],[-49.20436,-26.43879],[-49.20471,-26.43907],[-49.20519,-26.44012],[-49.20699,-26.4414],[-49.20757,-26.4415],[-49.20858,-26.44133],[-49.20897,-26.4414],[-49.21024,-26.44208],[-49.2107,-26.44213],[-49.21124,-26.44197],[-49.21211,-26.44102],[-49.21267,-26.44065],[-49.22045,-26.43954],[-49.22256,-26.43891],[-49.22495,-26.43918],[-49.22521,-26.43914],[-49.22594,-26.43874]]}},{"type":"Feature","properties":{"name":"Ramal de São Francisco","operator":"Rumo S/A","usage":"main"},"geometry":{"type":"LineString","coordinates":[[-49.12092,-26.46444],[-49.12393,-26.46426],[-49.1265,-26.46481],[-49.12695,-26.46485],[-49.12762,-26.46473],[-49.13103,-26.46222],[-49.13149,-26.46199],[-49.13363,-26.46146],[-49.13441,-26.46105]]}},{"type":"Feature","properties":{"name":"Ramal de São Francisco","operator":"Rumo S/A","usage":"main"},"geometry":{"type":"LineString","coordinates":[[-49.12079,-26.46445],[-49.12092,-26.46444]]}},{"type":"Feature","properties":{"name":null,"operator":"Rumo S/A","usage":"main"},"geometry":{"type":"LineString","coordinates":[[-49.24616,-25.54707],[-49.24577,-25.54697]]}},{"type":"Feature","properties":{"name":"Estrada de Ferro Central do Paraná","operator":"Rumo S/A","usage":"main"},"geometry":{"type":"LineString","coordinates":[[-50.92456,-24.70062],[-50.92413,-24.70001],[-50.92356,-24.69949],[-50.92023,-24.69749],[-50.91975,-24.69713],[-50.91902,-24.69634],[-50.9186,-24.69535],[-50.91844,-24.69413],[-50.91807,-24.68745],[-50.91819,-24.68624],[-50.91869,-24.68387],[-50.91875,-24.68266],[-50.91848,-24.6813],[-50.91714,-24.67779],[-50.91699,-24.67721],[-50.91688,-24.67597],[-50.91698,-24.67427],[-50.91854,-24.65831],[-50.91841,-24.65761],[-50.9179,-24.6564],[-50.91346,-24.65105]]}},{"type":"Feature","properties":{"name":"Ramal de São Francisco","operator":"Rumo S/A","usage":"main"},"geometry":{"type":"LineString","coordinates":[[-48.84011,-26.32388],[-48.84004,-26.3239]]}},{"type":"Feature","properties":{"name":"Tronco Principal Sul","operator":"Rumo S/A","usage":"main"},"geometry":{"type":"LineString","coordinates":[[-49.91379,-26.37783],[-49.91081,-26.37714]]}},{"type":"Feature","properties":{"name":"Tronco Principal Sul","operator":"Rumo S/A","usage":"main"},"geometry":{"type":"LineString","coordinates":[[-49.91081,-26.37714],[-49.90955,-26.37684],[-49.9091,-26.37666],[-49.9083,-26.37617],[-49.90796,-26.37582],[-49.90751,-26.37496],[-49.90644,-26.37233]]}},{"type":"Feature","properties":{"name":"Ramal de Apiaí","operator":"Rumo S/A","usage":"branch"},"geometry":{"type":"LineString","coordinates":[[-48.97355,-24.28314],[-48.97425,-24.28478],[-48.97588,-24.2882],[-48.97616,-24.28912],[-48.97621,-24.29053],[-48.976,-24.29144],[-48.97571,-24.29238],[-48.97497,-24.29364],[-48.97318,-24.29519],[-48.9635,-24.30126],[-48.96257,-24.30197],[-48.96184,-24.30267],[-48.96034,-24.30466],[-48.95988,-24.3055],[-48.95584,-24.31659],[-48.95544,-24.31754],[-48.95485,-24.31865],[-48.95359,-24.31991],[-48.95255,-24.32064],[-48.95082,-24.32144],[-48.9477,-24.32253],[-48.94679,-24.32291],[-48.94608,-24.32331],[-48.94477,-24.3243],[-48.94351,-24.32561],[-48.94319,-24.32619],[-48.94208,-24.32886],[-48.94057,-24.33196],[-48.93942,-24.33459],[-48.93851,-24.33631],[-48.93808,-24.33677],[-48.93303,-24.34118],[-48.92853,-24.3463],[-48.92756,-24.34776],[-48.92559,-24.35157],[-48.9243,-24.3537],[-48.9219,-24.35813],[-48.92141,-24.35936],[-48.92056,-24.36423],[-48.92015,-24.366],[-48.91902,-24.36942],[-48.9181,-24.37169],[-48.91568,-24.38209],[-48.91372,-24.39096],[-48.91291,-24.39405],[-48.91221,-24.39536],[-48.90767,-24.40103],[-48.90327,-24.4063],[-48.90274,-24.40681],[-48.90071,-24.40837],[-48.89787,-24.41034],[-48.89403,-24.41323],[-48.89197,-24.41463],[-48.89123,-24.41539],[-48.89082,-24.41591],[-48.88876,-24.41908],[-48.8869,-24.42167],[-48.88657,-24.42227],[-48.88606,-24.42375],[-48.88537,-24.42695],[-48.88506,-24.42776],[-48.88445,-24.42876],[-48.88373,-24.42951],[-48.88288,-24.43012],[-48.88054,-24.43121],[-48.87187,-24.43452],[-48.87055,-24.43548],[-48.86996,-24.43615],[-48.86946,-24.43698],[-48.86892,-24.43836],[-48.86813,-24.44374],[-48.86789,-24.4448],[-48.8676,-24.44552],[-48.8672,-24.4463],[-48.86328,-24.45215],[-48.86295,-24.45276],[-48.86246,-24.45413],[-48.86215,-24.4554],[-48.86194,-24.457],[-48.86162,-24.45769],[-48.86119,-24.45832],[-48.85978,-24.45994],[-48.85599,-24.46378],[-48.85531,-24.46429],[-48.85435,-24.46481],[-48.85204,-24.4654],[-48.84531,-24.46684],[-48.84382,-24.46751],[-48.84315,-24.46796],[-48.84247,-24.46855],[-48.84192,-24.4693],[-48.84142,-24.4705],[-48.84126,-24.47151],[-48.84102,-24.47524],[-48.84155,-24.48069],[-48.84173,-24.48147],[-48.84206,-24.48221],[-48.84247,-24.48288],[-48.84687,-24.48755],[-48.84769,-24.48889],[-48.84815,-24.49051],[-48.8482,-24.49136],[-48.84803,-24.49244],[-48.84751,-24.49453]]}},{"type":"Feature","properties":{"name":"Ramal de Apiaí","operator":"Rumo S/A","usage":"branch"},"geometry":{"type":"LineString","coordinates":[[-48.85558,-24.51597],[-48.8557,-24.51643]]}},{"type":"Feature","properties":{"name":"Ramal de Apiaí","operator":"Rumo S/A","usage":"branch"},"geometry":{"type":"LineString","coordinates":[[-48.8557,-24.51643],[-48.85602,-24.51772],[-48.85772,-24.51995]]}},{"type":"Feature","properties":{"name":"Tronco Principal Sul","operator":"Rumo S/A","usage":"main"},"geometry":{"type":"LineString","coordinates":[[-48.44796,-23.67401],[-48.44783,-23.67361]]}},{"type":"Feature","properties":{"name":"Tronco Principal Sul","operator":"Rumo S/A","usage":"main"},"geometry":{"type":"LineString","coordinates":[[-48.44783,-23.67361],[-48.4475,-23.67283],[-48.44726,-23.67256],[-48.44519,-23.67143],[-48.44131,-23.66834],[-48.44076,-23.66777],[-48.44029,-23.66712],[-48.43996,-23.66639],[-48.43974,-23.6657],[-48.43964,-23.66501],[-48.43966,-23.66419],[-48.44011,-23.66213],[-48.44042,-23.66011],[-48.4407,-23.65411],[-48.4409,-23.65339],[-48.44117,-23.65285],[-48.44175,-23.65207],[-48.44254,-23.65142],[-48.44337,-23.65103],[-48.44413,-23.65081],[-48.44676,-23.65033],[-48.44723,-23.65007],[-48.44744,-23.64984],[-48.44768,-23.64932],[-48.44771,-23.64902],[-48.44746,-23.64769],[-48.44744,-23.64706],[-48.44771,-23.64283],[-48.44848,-23.63958],[-48.44863,-23.63928],[-48.44923,-23.63878],[-48.45122,-23.63837],[-48.45181,-23.63807],[-48.45233,-23.63754],[-48.45257,-23.63706],[-48.45265,-23.63627],[-48.45226,-23.63387],[-48.45228,-23.63334],[-48.45238,-23.63297],[-48.45268,-23.63252],[-48.45401,-23.63078],[-48.45434,-23.63047],[-48.45486,-23.63015],[-48.45699,-23.62976],[-48.45786,-23.62927],[-48.45848,-23.62863],[-48.4589,-23.62766],[-48.45899,-23.62556],[-48.4591,-23.625],[-48.46073,-23.62095],[-48.46085,-23.62062],[-48.46088,-23.62019],[-48.46043,-23.61881],[-48.46024,-23.61839],[-48.46001,-23.6181],[-48.45714,-23.61559],[-48.45587,-23.61473],[-48.45239,-23.61323],[-48.45026,-23.61295],[-48.44832,-23.61349],[-48.44787,-23.61343],[-48.44749,-23.61327],[-48.44716,-23.61299],[-48.4469,-23.61248],[-48.44591,-23.60811],[-48.44583,-23.60719],[-48.44588,-23.60656],[-48.44603,-23.60607],[-48.44725,-23.60308],[-48.44715,-23.60236],[-48.44669,-23.60173],[-48.44639,-23.6015],[-48.44595,-23.60134],[-48.44366,-23.601],[-48.44127,-23.60141],[-48.44037,-23.60122],[-48.43474,-23.59688],[-48.43424,-23.59659],[-48.43371,-23.59638],[-48.4315,-23.59633],[-48.43074,-23.59615],[-48.43017,-23.59582],[-48.42975,-23.59533],[-48.42945,-23.59477],[-48.42938,-23.59417],[-48.42953,-23.59353],[-48.42992,-23.59291],[-48.43107,-23.59145],[-48.43236,-23.59047],[-48.43283,-23.58994],[-48.43304,-23.58948],[-48.43312,-23.58891],[-48.43307,-23.58663],[-48.43316,-23.58586],[-48.43343,-23.58501],[-48.43386,-23.58426],[-48.43573,-23.5819],[-48.43588,-23.58139],[-48.43587,-23.58084],[-48.43566,-23.58015],[-48.43536,-23.57971],[-48.43493,-23.57936],[-48.43294,-23.57846],[-48.43226,-23.57797],[-48.43175,-23.57738],[-48.43142,-23.57682],[-48.43101,-23.57475],[-48.43086,-23.57433],[-48.43065,-23.57399],[-48.43034,-23.57371],[-48.43,-23.57352],[-48.42916,-23.57335],[-48.4274,-23.57353],[-48.4271,-23.57352],[-48.42684,-23.57341],[-48.42327,-23.57015],[-48.42291,-23.56996],[-48.42199,-23.56986],[-48.42154,-23.56994],[-48.39877,-23.57727],[-48.39832,-23.57734],[-48.39792,-23.57732],[-48.39701,-23.57695],[-48.39598,-23.5757],[-48.39342,-23.5738],[-48.39311,-23.57345],[-48.39261,-23.57244],[-48.39234,-23.57215],[-48.39162,-23.57181],[-48.39121,-23.57176],[-48.39077,-23.57183],[-48.39029,-23.57203],[-48.38571,-23.57515],[-48.38529,-23.57551],[-48.38213,-23.57895],[-48.38122,-23.57961],[-48.37397,-23.58246],[-48.37341,-23.58262],[-48.37284,-23.58266],[-48.37212,-23.58249],[-48.36671,-23.57966],[-48.36582,-23.57955],[-48.36484,-23.57986],[-48.35862,-23.58403],[-48.35777,-23.58443],[-48.35665,-23.5846],[-48.35387,-23.58472],[-48.35341,-23.58462],[-48.35234,-23.5841],[-48.35157,-23.58402],[-48.35115,-23.58407],[-48.3489,-23.58475],[-48.34679,-23.58495],[-48.34623,-23.58508],[-48.34461,-23.58588],[-48.34231,-23.58718],[-48.34188,-23.58753],[-48.34158,-23.5879],[-48.34107,-23.58886],[-48.34065,-23.58935],[-48.34022,-23.58961],[-48.3383,-23.59043],[-48.33763,-23.59086],[-48.33728,-23.59121],[-48.3358,-23.59381],[-48.33547,-23.59414],[-48.33509,-23.59438],[-48.33399,-23.59484],[-48.33364,-23.59508],[-48.33089,-23.59747],[-48.3295,-23.59857],[-48.32904,-23.59883],[-48.328,-23.59918],[-48.32714,-23.59922],[-48.3212,-23.59792]]}},{"type":"Feature","properties":{"name":"Ramal de Guarapuava","operator":"Rumo S/A","usage":"main"},"geometry":{"type":"LineString","coordinates":[[-51.48735,-25.39221],[-51.48637,-25.39297],[-51.48589,-25.39378]]}},{"type":"Feature","properties":{"name":null,"operator":"Rumo S/A","usage":null},"geometry":{"type":"LineString","coordinates":[[-51.48779,-25.39001],[-51.48803,-25.39056],[-51.48806,-25.39107]]}},{"type":"Feature","properties":{"name":"Ramal de Guarapuava","operator":"Rumo S/A","usage":"main"},"geometry":{"type":"LineString","coordinates":[[-51.48806,-25.39107],[-51.48784,-25.39175],[-51.48735,-25.39221]]}},{"type":"Feature","properties":{"name":"Ramal Itirapina-Panorama","operator":"Rumo S/A","usage":"branch"},"geometry":{"type":"LineString","coordinates":[[-48.72935,-22.36698],[-48.72819,-22.36659],[-48.72727,-22.36645],[-48.72634,-22.36643],[-48.72079,-22.36742],[-48.71909,-22.36743]]}},{"type":"Feature","properties":{"name":"Ramal Itirapina-Panorama","operator":"Rumo S/A","usage":"branch"},"geometry":{"type":"LineString","coordinates":[[-48.72945,-22.36703],[-48.72935,-22.36698]]}},{"type":"Feature","properties":{"name":null,"operator":null,"usage":"industrial"},"geometry":{"type":"LineString","coordinates":[[-48.6339,-26.29118],[-48.63399,-26.29073],[-48.63419,-26.29051],[-48.63587,-26.28969],[-48.6361,-26.28936],[-48.63615,-26.28873]]}},{"type":"Feature","properties":{"name":null,"operator":null,"usage":"industrial"},"geometry":{"type":"LineString","coordinates":[[-48.63152,-26.29168],[-48.63187,-26.29037],[-48.63206,-26.29012],[-48.63238,-26.28991],[-48.63277,-26.28982],[-48.63489,-26.29017]]}},{"type":"Feature","properties":{"name":null,"operator":null,"usage":"industrial"},"geometry":{"type":"LineString","coordinates":[[-48.63626,-26.29329],[-48.63604,-26.29282],[-48.63571,-26.2916],[-48.63621,-26.28949],[-48.63621,-26.28891],[-48.63448,-26.28403]]}},{"type":"Feature","properties":{"name":null,"operator":null,"usage":"industrial"},"geometry":{"type":"LineString","coordinates":[[-48.63586,-26.28806],[-48.63462,-26.28455]]}},{"type":"Feature","properties":{"name":null,"operator":null,"usage":"industrial"},"geometry":{"type":"LineString","coordinates":[[-48.63487,-26.29446],[-48.63566,-26.29101],[-48.63607,-26.28998]]}},{"type":"Feature","properties":{"name":null,"operator":null,"usage":"industrial"},"geometry":{"type":"LineString","coordinates":[[-48.63068,-26.29022],[-48.63122,-26.28982],[-48.63161,-26.28966],[-48.63277,-26.28982]]}},{"type":"Feature","properties":{"name":null,"operator":null,"usage":"industrial"},"geometry":{"type":"LineString","coordinates":[[-48.63107,-26.28992],[-48.63137,-26.28969],[-48.63181,-26.28961],[-48.6341,-26.29006]]}},{"type":"Feature","properties":{"name":null,"operator":null,"usage":"industrial"},"geometry":{"type":"LineString","coordinates":[[-48.64275,-26.3286],[-48.64133,-26.32869],[-48.63923,-26.32826],[-48.63859,-26.32807],[-48.63798,-26.32761]]}},{"type":"Feature","properties":{"name":null,"operator":"ALL","usage":"industrial"},"geometry":{"type":"LineString","coordinates":[[-48.63651,-26.2943],[-48.63586,-26.29165],[-48.63595,-26.29077],[-48.63636,-26.28941],[-48.63637,-26.28893],[-48.63409,-26.28252],[-48.63407,-26.2822],[-48.63416,-26.28185],[-48.6348,-26.28109]]}},{"type":"Feature","properties":{"name":null,"operator":"ALL","usage":"industrial"},"geometry":{"type":"LineString","coordinates":[[-48.6348,-26.28109],[-48.6403,-26.2756]]}},{"type":"Feature","properties":{"name":null,"operator":null,"usage":"industrial"},"geometry":{"type":"LineString","coordinates":[[-48.6368,-26.27903],[-48.63985,-26.27598]]}},{"type":"Feature","properties":{"name":null,"operator":"ALL","usage":"industrial"},"geometry":{"type":"LineString","coordinates":[[-48.6403,-26.2756],[-48.6407,-26.2749],[-48.64081,-26.27455],[-48.64113,-26.27217]]}},{"type":"Feature","properties":{"name":null,"operator":null,"usage":"industrial"},"geometry":{"type":"LineString","coordinates":[[-48.63569,-26.28773],[-48.63469,-26.28488]]}},{"type":"Feature","properties":{"name":null,"operator":null,"usage":"industrial"},"geometry":{"type":"LineString","coordinates":[[-48.63658,-26.27932],[-48.6403,-26.2756]]}},{"type":"Feature","properties":{"name":"Ramal de São Francisco","operator":"Rumo S/A","usage":"main"},"geometry":{"type":"LineString","coordinates":[[-48.63652,-26.29448],[-48.63651,-26.29408],[-48.63591,-26.29165],[-48.636,-26.29078],[-48.63641,-26.28941],[-48.63642,-26.28892],[-48.63424,-26.28284],[-48.63412,-26.2822],[-48.63421,-26.28187],[-48.63452,-26.28143],[-48.64034,-26.27562],[-48.64075,-26.27491],[-48.64085,-26.27456],[-48.64123,-26.27133]]}},{"type":"Feature","properties":{"name":null,"operator":null,"usage":"industrial"},"geometry":{"type":"LineString","coordinates":[[-48.63602,-26.2884],[-48.63556,-26.28748],[-48.63479,-26.28529],[-48.63454,-26.28423]]}},{"type":"Feature","properties":{"name":"Ramal de São Francisco","operator":"Rumo S/A","usage":"main"},"geometry":{"type":"LineString","coordinates":[[-48.64491,-26.26362],[-48.64551,-26.26297],[-48.64591,-26.26205],[-48.64596,-26.26152],[-48.64558,-26.25876],[-48.64245,-26.25149],[-48.64202,-26.25092],[-48.64141,-26.25046],[-48.63493,-26.24695],[-48.63439,-26.2465],[-48.63413,-26.24591],[-48.63411,-26.24526],[-48.63431,-26.2447],[-48.63508,-26.24329],[-48.6352,-26.24254]]}},{"type":"Feature","properties":{"name":"Ramal de São Francisco","operator":"Rumo S/A","usage":"main"},"geometry":{"type":"LineString","coordinates":[[-48.64475,-26.26377],[-48.64491,-26.26362]]}},{"type":"Feature","properties":{"name":"Ramal de São Francisco","operator":"Rumo S/A","usage":"main"},"geometry":{"type":"LineString","coordinates":[[-48.64123,-26.27133],[-48.64126,-26.2704],[-48.64146,-26.26969],[-48.64193,-26.26659],[-48.64235,-26.26608],[-48.64475,-26.26377]]}},{"type":"Feature","properties":{"name":"Ramal de São Francisco","operator":"Rumo S/A","usage":"main"},"geometry":{"type":"LineString","coordinates":[[-48.63547,-26.29588],[-48.6363,-26.29512],[-48.63652,-26.29448]]}},{"type":"Feature","properties":{"name":"Ramal de São Francisco","operator":"Rumo S/A","usage":"main"},"geometry":{"type":"LineString","coordinates":[[-48.64824,-26.32976],[-48.63546,-26.32712],[-48.63477,-26.32667],[-48.63368,-26.32538],[-48.63314,-26.32489],[-48.63086,-26.32388],[-48.63002,-26.32332],[-48.62955,-26.32269],[-48.62908,-26.32175],[-48.62813,-26.32046],[-48.628,-26.31996],[-48.62816,-26.31918],[-48.62838,-26.31888],[-48.62962,-26.31784],[-48.62982,-26.3175],[-48.63051,-26.31622],[-48.63394,-26.30874],[-48.6344,-26.30715],[-48.63469,-26.30486],[-48.63463,-26.30449],[-48.63431,-26.30388],[-48.63401,-26.30303],[-48.63379,-26.30192],[-48.63405,-26.30127],[-48.63463,-26.3005],[-48.63483,-26.29978],[-48.6348,-26.29695],[-48.63504,-26.29628],[-48.63547,-26.29588]]}},{"type":"Feature","properties":{"name":"Estrada de Ferro Central do Paraná","operator":"Rumo S/A","usage":"main"},"geometry":{"type":"LineString","coordinates":[[-51.04939,-24.13539],[-51.04926,-24.13258]]}},{"type":"Feature","properties":{"name":"Estrada de Ferro Central do Paraná","operator":"Rumo S/A","usage":"main"},"geometry":{"type":"LineString","coordinates":[[-51.05007,-24.1377],[-51.04961,-24.13672],[-51.04939,-24.13539]]}},{"type":"Feature","properties":{"name":"Estrada de Ferro Central do Paraná","operator":"Rumo S/A","usage":"main"},"geometry":{"type":"LineString","coordinates":[[-51.05007,-24.1377],[-51.05145,-24.13991]]}},{"type":"Feature","properties":{"name":"Estrada de Ferro Central do Paraná","operator":"Rumo S/A","usage":"main"},"geometry":{"type":"LineString","coordinates":[[-51.05315,-24.10966],[-51.05302,-24.11044],[-51.05273,-24.11121],[-51.05238,-24.11177],[-51.05184,-24.11235],[-51.05121,-24.11277],[-51.0504,-24.11311],[-51.04858,-24.11363],[-51.0477,-24.11401],[-51.04683,-24.11471],[-51.04649,-24.11519],[-51.04521,-24.11758],[-51.0447,-24.11823],[-51.04077,-24.12201],[-51.04036,-24.12261],[-51.04011,-24.12335],[-51.04006,-24.12417],[-51.04026,-24.12494],[-51.04063,-24.12559],[-51.04102,-24.12605],[-51.04204,-24.12676],[-51.0469,-24.129],[-51.04791,-24.12958],[-51.04847,-24.13014],[-51.04888,-24.13082],[-51.04903,-24.13125],[-51.04926,-24.13258]]}},{"type":"Feature","properties":{"name":"Tronco Principal Sul","operator":"Rumo S/A","usage":"main"},"geometry":{"type":"LineString","coordinates":[[-49.64506,-24.64915],[-49.6464,-24.65038],[-49.64767,-24.65176],[-49.64833,-24.65273],[-49.64873,-24.65354],[-49.6527,-24.66528],[-49.65326,-24.66671],[-49.65365,-24.66741],[-49.65466,-24.66849],[-49.66,-24.67219],[-49.66125,-24.6735],[-49.66216,-24.67491],[-49.66368,-24.679],[-49.66419,-24.67989],[-49.66461,-24.68045],[-49.66804,-24.68405],[-49.66925,-24.68496],[-49.67486,-24.68737],[-49.67543,-24.68776],[-49.67592,-24.68824],[-49.67631,-24.68878],[-49.68025,-24.69671],[-49.68125,-24.69818],[-49.68254,-24.69944],[-49.68329,-24.7],[-49.68396,-24.70038],[-49.68582,-24.70117],[-49.68661,-24.70137],[-49.70363,-24.7042],[-49.7065,-24.70495],[-49.70941,-24.70611],[-49.71195,-24.70755],[-49.71349,-24.70863],[-49.71482,-24.70976],[-49.72283,-24.71717],[-49.73266,-24.72454],[-49.73545,-24.72603],[-49.73664,-24.72678],[-49.74463,-24.73378],[-49.74693,-24.7357],[-49.7562,-24.74248],[-49.75907,-24.74419],[-49.76069,-24.74493],[-49.76219,-24.7455],[-49.76421,-24.74609],[-49.77207,-24.7476],[-49.77365,-24.74809],[-49.77507,-24.74889],[-49.77631,-24.74984],[-49.77748,-24.75118],[-49.78711,-24.76312],[-49.79163,-24.76858],[-49.79248,-24.7694],[-49.79342,-24.7701],[-49.7946,-24.77077],[-49.79579,-24.77124],[-49.80246,-24.77268],[-49.80405,-24.77332],[-49.80482,-24.7737],[-49.80552,-24.77418],[-49.80673,-24.77524],[-49.80784,-24.7767],[-49.80896,-24.77878],[-49.81065,-24.78246],[-49.81131,-24.78339],[-49.81592,-24.78823],[-49.82834,-24.80095],[-49.82947,-24.80178],[-49.83109,-24.80262],[-49.83248,-24.80307],[-49.83401,-24.80334],[-49.83698,-24.80371],[-49.84642,-24.80467],[-49.84777,-24.80497],[-49.84906,-24.80547],[-49.85029,-24.80613],[-49.85137,-24.80692],[-49.85239,-24.80786],[-49.85326,-24.80904],[-49.85626,-24.81467],[-49.85704,-24.81584],[-49.85791,-24.81678]]}},{"type":"Feature","properties":{"name":"Tronco Principal Sul","operator":"Rumo S/A","usage":"main"},"geometry":{"type":"LineString","coordinates":[[-49.85804,-24.8169],[-49.85791,-24.81678]]}},{"type":"Feature","properties":{"name":"Tronco Principal Sul","operator":"Rumo S/A","usage":"main"},"geometry":{"type":"LineString","coordinates":[[-49.93344,-25.3409],[-49.93267,-25.3415],[-49.93213,-25.3418],[-49.93114,-25.34219],[-49.92943,-25.34247],[-49.92635,-25.34261],[-49.92524,-25.34282],[-49.92454,-25.34305],[-49.92328,-25.3437],[-49.9228,-25.34406],[-49.922,-25.34484],[-49.92141,-25.34563],[-49.92091,-25.34658],[-49.92061,-25.34764],[-49.92051,-25.34852],[-49.92067,-25.3501],[-49.92194,-25.35537]]}},{"type":"Feature","properties":{"name":"Tronco Principal Sul","operator":"Rumo S/A","usage":"main"},"geometry":{"type":"LineString","coordinates":[[-49.92194,-25.35537],[-49.92207,-25.35589]]}},{"type":"Feature","properties":{"name":"Tronco Principal Sul","operator":"Rumo S/A","usage":"main"},"geometry":{"type":"LineString","coordinates":[[-49.93936,-25.33661],[-49.93857,-25.33699]]}},{"type":"Feature","properties":{"name":"Tronco Principal Sul","operator":"Rumo S/A","usage":"main"},"geometry":{"type":"LineString","coordinates":[[-49.9774,-25.31691],[-49.97702,-25.31719]]}},{"type":"Feature","properties":{"name":"Tronco Principal Sul","operator":"Rumo S/A","usage":"main"},"geometry":{"type":"LineString","coordinates":[[-49.9232,-25.36065],[-49.92325,-25.36125]]}},{"type":"Feature","properties":{"name":"Tronco Principal Sul","operator":"Rumo S/A","usage":"main"},"geometry":{"type":"LineString","coordinates":[[-49.93374,-25.34062],[-49.93344,-25.3409]]}},{"type":"Feature","properties":{"name":"Tronco Principal Sul","operator":"Rumo S/A","usage":"main"},"geometry":{"type":"LineString","coordinates":[[-49.91946,-25.37477],[-49.91967,-25.37557]]}},{"type":"Feature","properties":{"name":"Tronco Principal Sul","operator":"Rumo S/A","usage":"main"},"geometry":{"type":"LineString","coordinates":[[-49.93857,-25.33699],[-49.93734,-25.33756],[-49.93616,-25.33829],[-49.93558,-25.33877],[-49.93374,-25.34062]]}},{"type":"Feature","properties":{"name":"Tronco Principal Sul","operator":"Rumo S/A","usage":"main"},"geometry":{"type":"LineString","coordinates":[[-49.92207,-25.35589],[-49.9232,-25.36065]]}},{"type":"Feature","properties":{"name":"Tronco Principal Sul","operator":"Rumo S/A","usage":"main"},"geometry":{"type":"LineString","coordinates":[[-49.97702,-25.31719],[-49.97463,-25.31884],[-49.96983,-25.32151],[-49.96885,-25.32221],[-49.96616,-25.32449],[-49.96435,-25.32568],[-49.96318,-25.32629],[-49.96059,-25.32727],[-49.95717,-25.32826],[-49.95358,-25.32945],[-49.95177,-25.33033],[-49.94875,-25.33212],[-49.93936,-25.33661]]}},{"type":"Feature","properties":{"name":"Tronco Principal Sul","operator":"Rumo S/A","usage":"main"},"geometry":{"type":"LineString","coordinates":[[-49.91967,-25.37557],[-49.92156,-25.38331],[-49.92169,-25.38468],[-49.92157,-25.38562],[-49.92121,-25.38679],[-49.92072,-25.38775],[-49.9197,-25.3892],[-49.91913,-25.39026],[-49.91878,-25.39132],[-49.91839,-25.39347],[-49.91807,-25.39459],[-49.91764,-25.39552],[-49.91699,-25.39655],[-49.91654,-25.39708],[-49.91282,-25.40066],[-49.9122,-25.4015],[-49.91166,-25.40256],[-49.91122,-25.40381],[-49.91055,-25.40705],[-49.91038,-25.40859],[-49.91036,-25.40975],[-49.91052,-25.41134],[-49.91146,-25.41604],[-49.9116,-25.41741],[-49.91159,-25.41869],[-49.9113,-25.4202],[-49.90952,-25.42518],[-49.90892,-25.42629],[-49.90821,-25.42711],[-49.90728,-25.42792]]}},{"type":"Feature","properties":{"name":"Tronco Principal Sul","operator":"Rumo S/A","usage":"main"},"geometry":{"type":"LineString","coordinates":[[-49.92325,-25.36125],[-49.92329,-25.36187],[-49.92313,-25.36294],[-49.92283,-25.36404],[-49.92184,-25.36585],[-49.92047,-25.3679],[-49.91976,-25.36945],[-49.91953,-25.37026],[-49.91933,-25.37107],[-49.91922,-25.37218],[-49.91924,-25.37328],[-49.91946,-25.37477]]}},{"type":"Feature","properties":{"name":"Tronco Principal Sul","operator":"Rumo S/A","usage":"main"},"geometry":{"type":"LineString","coordinates":[[-49.90728,-25.42792],[-49.90677,-25.42828]]}},{"type":"Feature","properties":{"name":"Tronco Principal Sul","operator":"Rumo S/A","usage":"main"},"geometry":{"type":"LineString","coordinates":[[-49.89326,-25.47382],[-49.89016,-25.4761],[-49.88835,-25.4771],[-49.88433,-25.47854],[-49.88274,-25.47934],[-49.88124,-25.48043],[-49.87742,-25.48418],[-49.87625,-25.4852],[-49.87531,-25.48584],[-49.87427,-25.48641],[-49.87254,-25.4871],[-49.8707,-25.4875],[-49.86912,-25.48758],[-49.86126,-25.48718],[-49.85902,-25.48719],[-49.85734,-25.48752],[-49.85656,-25.48775]]}},{"type":"Feature","properties":{"name":"Linha Rubião Júnior-Bauru","operator":"Rumo S/A","usage":"main"},"geometry":{"type":"LineString","coordinates":[[-48.56051,-22.73404],[-48.56318,-22.73334],[-48.56394,-22.73287],[-48.56798,-22.72746],[-48.56842,-22.72672],[-48.56854,-22.7263],[-48.56841,-22.72521],[-48.56847,-22.72463],[-48.56874,-22.72402],[-48.56996,-22.72233],[-48.57009,-22.72185],[-48.57001,-22.72068],[-48.57013,-22.72029],[-48.57034,-22.71999],[-48.57063,-22.71976],[-48.57104,-22.71962],[-48.57248,-22.71972],[-48.57294,-22.71963],[-48.57669,-22.7173],[-48.57712,-22.71691],[-48.57736,-22.71647],[-48.57756,-22.71478],[-48.57796,-22.71355],[-48.57788,-22.71233],[-48.57798,-22.71187],[-48.57888,-22.71074],[-48.57928,-22.70986],[-48.57963,-22.70956],[-48.58015,-22.70935],[-48.58069,-22.70939],[-48.58166,-22.70978],[-48.58217,-22.70985],[-48.58246,-22.70983],[-48.58293,-22.70965],[-48.5833,-22.70933],[-48.58353,-22.70886],[-48.58421,-22.70637],[-48.58444,-22.70475],[-48.58514,-22.70273],[-48.58554,-22.70232],[-48.58677,-22.70183],[-48.58726,-22.70152],[-48.5878,-22.70097],[-48.58827,-22.70019]]}},{"type":"Feature","properties":{"name":"Linha Rubião Júnior-Bauru","operator":"Rumo S/A","usage":"main"},"geometry":{"type":"LineString","coordinates":[[-48.56044,-22.73408],[-48.56051,-22.73404]]}},{"type":"Feature","properties":{"name":"Ramal de São Francisco","operator":"Rumo S/A","usage":"main"},"geometry":{"type":"LineString","coordinates":[[-49.52957,-26.25048],[-49.52604,-26.24902],[-49.52574,-26.24883],[-49.52518,-26.24811],[-49.52468,-26.24768],[-49.52385,-26.24742],[-49.52341,-26.24749],[-49.52291,-26.24769],[-49.52258,-26.24798],[-49.52242,-26.24827],[-49.52157,-26.25154],[-49.5215,-26.25247],[-49.52168,-26.25357],[-49.52138,-26.25571],[-49.52093,-26.25671],[-49.52053,-26.25712],[-49.51992,-26.25741],[-49.51922,-26.25745],[-49.5177,-26.25725],[-49.51722,-26.25729],[-49.51686,-26.25741]]}},{"type":"Feature","properties":{"name":"Ramal de São Francisco","operator":"Rumo S/A","usage":"main"},"geometry":{"type":"LineString","coordinates":[[-49.52976,-26.25055],[-49.52957,-26.25048]]}},{"type":"Feature","properties":{"name":"Ramal Itirapina-Panorama","operator":"Rumo S/A","usage":"branch"},"geometry":{"type":"LineString","coordinates":[[-48.77342,-22.3578],[-48.77265,-22.35747],[-48.77155,-22.35731],[-48.76828,-22.35767],[-48.7674,-22.35789],[-48.75669,-22.36141],[-48.75532,-22.36214],[-48.74701,-22.3686],[-48.74645,-22.36896],[-48.74488,-22.36953],[-48.74094,-22.37017],[-48.73919,-22.37038],[-48.73702,-22.37033],[-48.73418,-22.36973],[-48.73342,-22.36945],[-48.72945,-22.36703]]}},{"type":"Feature","properties":{"name":null,"operator":"Rumo S/A","usage":"main"},"geometry":{"type":"LineString","coordinates":[[-48.81525,-25.49892],[-48.8149,-25.49903]]}},{"type":"Feature","properties":{"name":null,"operator":"Rumo S/A","usage":"main"},"geometry":{"type":"LineString","coordinates":[[-48.78828,-25.50462],[-48.7832,-25.50448],[-48.78283,-25.5046],[-48.78216,-25.50503],[-48.78122,-25.50599],[-48.78047,-25.50629],[-48.77274,-25.50595],[-48.77191,-25.50615],[-48.76969,-25.50737],[-48.7686,-25.50754],[-48.76747,-25.50736]]}},{"type":"Feature","properties":{"name":"Ramal de São Francisco","operator":"Rumo S/A","usage":"main"},"geometry":{"type":"LineString","coordinates":[[-49.11303,-26.46567],[-49.11521,-26.46511],[-49.11659,-26.46441],[-49.11721,-26.46421],[-49.11805,-26.46415],[-49.11975,-26.46447],[-49.12079,-26.46445]]}},{"type":"Feature","properties":{"name":"Estrada de Ferro Central do Paraná","operator":"Rumo S/A","usage":"main"},"geometry":{"type":"LineString","coordinates":[[-51.26145,-23.85135],[-51.26037,-23.84846],[-51.26033,-23.84777],[-51.26062,-23.84677],[-51.26177,-23.84512],[-51.26222,-23.84468],[-51.26503,-23.84307],[-51.26669,-23.84192],[-51.26763,-23.84108],[-51.26809,-23.84026],[-51.26818,-23.83968],[-51.26806,-23.83863],[-51.26778,-23.83806],[-51.26583,-23.83526],[-51.26548,-23.83462],[-51.26524,-23.83354],[-51.26531,-23.83283],[-51.26554,-23.83206],[-51.26585,-23.83151],[-51.26996,-23.82643],[-51.27056,-23.82537],[-51.27072,-23.82464],[-51.27069,-23.82355],[-51.26914,-23.81709],[-51.26907,-23.81638],[-51.26915,-23.81573],[-51.26937,-23.81517],[-51.2697,-23.81472],[-51.27349,-23.81123],[-51.27387,-23.81067],[-51.27434,-23.80943],[-51.27504,-23.80554],[-51.27503,-23.80476],[-51.27482,-23.80402],[-51.27446,-23.8034],[-51.27219,-23.8004],[-51.2718,-23.79977],[-51.27157,-23.79904],[-51.27145,-23.79745],[-51.27188,-23.7959],[-51.27575,-23.78781],[-51.27598,-23.78706],[-51.27609,-23.78625],[-51.27596,-23.78531],[-51.27569,-23.78451],[-51.27529,-23.78381],[-51.27473,-23.78316],[-51.27402,-23.78259],[-51.27303,-23.7821],[-51.26952,-23.78068],[-51.26868,-23.78012],[-51.2682,-23.77938],[-51.26799,-23.77868],[-51.26801,-23.77786],[-51.26825,-23.77704],[-51.27016,-23.77438],[-51.27388,-23.76816],[-51.27517,-23.76616],[-51.27576,-23.76542],[-51.2764,-23.76488],[-51.27712,-23.76433],[-51.27803,-23.76386],[-51.279,-23.76357],[-51.28186,-23.76304],[-51.28289,-23.76262],[-51.28378,-23.76189],[-51.28443,-23.76114],[-51.2858,-23.75841],[-51.28638,-23.75769],[-51.28705,-23.75703],[-51.2877,-23.75662],[-51.28857,-23.75624],[-51.29199,-23.7552],[-51.29271,-23.75512],[-51.29383,-23.7553],[-51.29714,-23.7566],[-51.29758,-23.75669],[-51.29804,-23.75674],[-51.29883,-23.75664],[-51.29966,-23.75632],[-51.3005,-23.75563],[-51.30087,-23.75503],[-51.30103,-23.75459],[-51.30196,-23.75071],[-51.30221,-23.74888]]}},{"type":"Feature","properties":{"name":"Estrada de Ferro Central do Paraná","operator":"Rumo S/A","usage":"main"},"geometry":{"type":"LineString","coordinates":[[-51.27168,-23.87132],[-51.27174,-23.87129]]}},{"type":"Feature","properties":{"name":"Ramal Itirapina-Panorama","operator":"Rumo S/A","usage":"branch"},"geometry":{"type":"LineString","coordinates":[[-48.17388,-22.42842],[-48.17383,-22.42831]]}},{"type":"Feature","properties":{"name":"Ramal Itirapina-Panorama","operator":"Rumo S/A","usage":"branch"},"geometry":{"type":"LineString","coordinates":[[-48.17383,-22.42831],[-48.16604,-22.41261],[-48.16582,-22.41204],[-48.16568,-22.41147],[-48.16567,-22.41029],[-48.16706,-22.40341],[-48.16703,-22.40259],[-48.16672,-22.40149],[-48.16379,-22.39695],[-48.15773,-22.38786],[-48.15745,-22.38734],[-48.15718,-22.38657],[-48.15708,-22.38591],[-48.15682,-22.38217],[-48.15655,-22.38117],[-48.15627,-22.38064],[-48.15563,-22.37981],[-48.15496,-22.37926],[-48.14468,-22.37212],[-48.14251,-22.37053],[-48.13328,-22.36159],[-48.13287,-22.36093],[-48.13266,-22.36037],[-48.13255,-22.35962],[-48.13267,-22.35849],[-48.13495,-22.3523],[-48.13516,-22.35154],[-48.13529,-22.35024],[-48.13511,-22.34898],[-48.13462,-22.34774],[-48.13217,-22.34324],[-48.13163,-22.34208],[-48.1315,-22.34154],[-48.13129,-22.33741],[-48.13103,-22.33658],[-48.13058,-22.33601],[-48.12998,-22.33552],[-48.12909,-22.33515],[-48.12535,-22.33467],[-48.12384,-22.33468],[-48.12257,-22.33494],[-48.12206,-22.33517],[-48.12157,-22.33551],[-48.12109,-22.33605],[-48.12075,-22.33712],[-48.12064,-22.33834],[-48.12046,-22.33921],[-48.1202,-22.33973],[-48.11981,-22.34019],[-48.11932,-22.34057],[-48.11876,-22.34084],[-48.11825,-22.34096],[-48.11761,-22.34101],[-48.11656,-22.34078],[-48.11577,-22.34033],[-48.11078,-22.33662],[-48.10975,-22.33572],[-48.10901,-22.33492],[-48.10833,-22.334],[-48.1078,-22.33308],[-48.10735,-22.33201],[-48.1071,-22.33114],[-48.10682,-22.32924],[-48.10687,-22.32725]]}},{"type":"Feature","properties":{"name":"Ramal de São Francisco","operator":"Rumo S/A","usage":"main"},"geometry":{"type":"LineString","coordinates":[[-48.82523,-26.33916],[-48.82516,-26.33923]]}},{"type":"Feature","properties":{"name":"Ramal de São Francisco","operator":"Rumo S/A","usage":"main"},"geometry":{"type":"LineString","coordinates":[[-48.82516,-26.33923],[-48.82454,-26.33968],[-48.82408,-26.33984],[-48.81634,-26.3404],[-48.81595,-26.34047],[-48.81532,-26.34082],[-48.81383,-26.34266],[-48.81373,-26.34322],[-48.81383,-26.34405],[-48.81379,-26.34443],[-48.81338,-26.34499],[-48.81225,-26.34617],[-48.81209,-26.34668],[-48.81216,-26.34774],[-48.81211,-26.34897],[-48.81168,-26.34959],[-48.81131,-26.34986]]}},{"type":"Feature","properties":{"name":"Ramal de São Francisco","operator":"Rumo S/A","usage":"main"},"geometry":{"type":"LineString","coordinates":[[-48.90554,-26.37384],[-48.91003,-26.37906],[-48.9131,-26.38162],[-48.91356,-26.38209],[-48.9158,-26.38668],[-48.91626,-26.38736],[-48.91698,-26.3878],[-48.91798,-26.38785],[-48.91842,-26.38774],[-48.91956,-26.38723],[-48.92077,-26.38681],[-48.92141,-26.38684],[-48.92236,-26.38721]]}},{"type":"Feature","properties":{"name":"Ramal de São Francisco","operator":"Rumo S/A","usage":"main"},"geometry":{"type":"LineString","coordinates":[[-48.88342,-26.35839],[-48.88368,-26.35855]]}},{"type":"Feature","properties":{"name":"Ramal de São Francisco","operator":"Rumo S/A","usage":"main"},"geometry":{"type":"LineString","coordinates":[[-48.90529,-26.37354],[-48.90554,-26.37384]]}},{"type":"Feature","properties":{"name":"Ramal de São Francisco","operator":"Rumo S/A","usage":"main"},"geometry":{"type":"LineString","coordinates":[[-48.88368,-26.35855],[-48.90359,-26.37169],[-48.90395,-26.37199],[-48.90529,-26.37354]]}},{"type":"Feature","properties":{"name":"Ramal de São Francisco","operator":"Rumo S/A","usage":"main"},"geometry":{"type":"LineString","coordinates":[[-48.80693,-26.35093],[-48.80622,-26.35098],[-48.80191,-26.34988]]}},{"type":"Feature","properties":{"name":"Ramal de São Francisco","operator":"Rumo S/A","usage":"main"},"geometry":{"type":"LineString","coordinates":[[-48.80702,-26.35092],[-48.80693,-26.35093]]}},{"type":"Feature","properties":{"name":"Ramal de São Francisco","operator":"Rumo S/A","usage":"main"},"geometry":{"type":"LineString","coordinates":[[-48.81131,-26.34986],[-48.81122,-26.34991]]}},{"type":"Feature","properties":{"name":"Ramal de São Francisco","operator":"Rumo S/A","usage":"main"},"geometry":{"type":"LineString","coordinates":[[-48.84014,-26.32387],[-48.84011,-26.32388]]}},{"type":"Feature","properties":{"name":"Ramal de São Francisco","operator":"Rumo S/A","usage":"main"},"geometry":{"type":"LineString","coordinates":[[-48.84004,-26.3239],[-48.83953,-26.32411],[-48.83922,-26.32436],[-48.83591,-26.3289],[-48.83559,-26.32924],[-48.83341,-26.33036],[-48.83303,-26.33072],[-48.83285,-26.33102],[-48.83225,-26.3332],[-48.83178,-26.33381],[-48.82864,-26.33648],[-48.82697,-26.33756],[-48.82523,-26.33916]]}},{"type":"Feature","properties":{"name":"Ramal de São Francisco","operator":"Rumo S/A","usage":"main"},"geometry":{"type":"LineString","coordinates":[[-48.87735,-26.34564],[-48.87735,-26.3457]]}},{"type":"Feature","properties":{"name":"Ramal de São Francisco","operator":"Rumo S/A","usage":"main"},"geometry":{"type":"LineString","coordinates":[[-48.87735,-26.3457],[-48.8773,-26.35204],[-48.87733,-26.35246],[-48.87755,-26.35309],[-48.8781,-26.35362],[-48.88089,-26.35498],[-48.88142,-26.35532],[-48.88182,-26.35584],[-48.88213,-26.35713],[-48.88235,-26.35755],[-48.88278,-26.35797],[-48.88342,-26.35839]]}},{"type":"Feature","properties":{"name":"Ramal de São Francisco","operator":"Rumo S/A","usage":"main"},"geometry":{"type":"LineString","coordinates":[[-48.94162,-26.42426],[-48.94466,-26.43073],[-48.94522,-26.43364],[-48.94592,-26.43484],[-48.94598,-26.43509],[-48.94621,-26.43765],[-48.94619,-26.43803],[-48.94593,-26.43869],[-48.94247,-26.44363],[-48.94235,-26.44399],[-48.9418,-26.44715],[-48.94185,-26.44791],[-48.94356,-26.4533],[-48.94374,-26.45363],[-48.944,-26.45385],[-48.94681,-26.45581],[-48.94761,-26.4561],[-48.95198,-26.45686],[-48.95448,-26.45739],[-48.9548,-26.45738],[-48.95677,-26.45693],[-48.95771,-26.45697],[-48.95808,-26.45709],[-48.95843,-26.45731],[-48.9623,-26.46123],[-48.96429,-26.46502],[-48.9648,-26.46572],[-48.96552,-26.46621],[-48.96775,-26.467],[-48.96818,-26.46707],[-48.96906,-26.46702],[-48.97195,-26.46575],[-48.97266,-26.4656],[-48.97351,-26.46567],[-48.97424,-26.46593],[-48.97758,-26.46798],[-48.97981,-26.46861],[-48.98097,-26.46926],[-48.9827,-26.47003],[-48.98747,-26.47243],[-48.98831,-26.47248],[-48.98933,-26.4724],[-48.99408,-26.47288],[-48.9945,-26.47299],[-48.99618,-26.4737],[-49.00053,-26.47471],[-49.00094,-26.47489],[-49.00187,-26.47557],[-49.00261,-26.47581],[-49.00956,-26.47539],[-49.01468,-26.47701]]}},{"type":"Feature","properties":{"name":"Ramal de São Francisco","operator":"Rumo S/A","usage":"main"},"geometry":{"type":"LineString","coordinates":[[-48.94157,-26.42417],[-48.94162,-26.42426]]}},{"type":"Feature","properties":{"name":"Ramal de São Francisco","operator":"Rumo S/A","usage":"main"},"geometry":{"type":"LineString","coordinates":[[-48.92236,-26.38721],[-48.92257,-26.38731]]}},{"type":"Feature","properties":{"name":"Ramal de São Francisco","operator":"Rumo S/A","usage":"main"},"geometry":{"type":"LineString","coordinates":[[-48.92257,-26.38731],[-48.93196,-26.39147],[-48.9323,-26.39164],[-48.9328,-26.39216],[-48.93298,-26.39278],[-48.93279,-26.39346],[-48.92937,-26.40071],[-48.92901,-26.40621],[-48.92903,-26.4068],[-48.93272,-26.41359],[-48.93776,-26.41789],[-48.93859,-26.41904],[-48.93985,-26.42248],[-48.94039,-26.42303],[-48.94137,-26.42383],[-48.94157,-26.42417]]}},{"type":"Feature","properties":{"name":"Estrada de Ferro Central do Paraná","operator":"Rumo S/A","usage":"main"},"geometry":{"type":"LineString","coordinates":[[-50.11135,-25.06818],[-50.10905,-25.06868],[-50.10799,-25.06924],[-50.10714,-25.07015],[-50.10618,-25.07219]]}},{"type":"Feature","properties":{"name":"Estrada de Ferro Central do Paraná","operator":"Rumo S/A","usage":"main"},"geometry":{"type":"LineString","coordinates":[[-50.11343,-25.06728],[-50.1127,-25.0677],[-50.11135,-25.06818]]}},{"type":"Feature","properties":{"name":"Tronco Principal Sul","operator":"Rumo S/A","usage":"main"},"geometry":{"type":"LineString","coordinates":[[-50.23471,-26.46231],[-50.23045,-26.45944],[-50.22991,-26.45894],[-50.2294,-26.45829],[-50.22902,-26.45734],[-50.229,-26.45619],[-50.2292,-26.4546],[-50.22943,-26.45129],[-50.22971,-26.44959],[-50.22999,-26.44903],[-50.23074,-26.4483],[-50.23167,-26.44793],[-50.23347,-26.447],[-50.23413,-26.4462],[-50.23442,-26.44511],[-50.2344,-26.44447],[-50.23424,-26.444],[-50.23389,-26.44328],[-50.2331,-26.442],[-50.23285,-26.44146],[-50.23263,-26.44053],[-50.23278,-26.43725],[-50.23266,-26.43609],[-50.2304,-26.43023],[-50.22974,-26.42831],[-50.22892,-26.42635],[-50.22877,-26.42578],[-50.2288,-26.42466],[-50.22923,-26.4236],[-50.22957,-26.42311],[-50.23096,-26.42167],[-50.23279,-26.41959],[-50.23317,-26.41888],[-50.23335,-26.41836],[-50.2334,-26.41715],[-50.23325,-26.41522],[-50.23286,-26.41311],[-50.23138,-26.40944],[-50.23102,-26.40811],[-50.23104,-26.40755],[-50.23157,-26.40532],[-50.23165,-26.40447],[-50.23122,-26.40263],[-50.22834,-26.39782],[-50.22767,-26.39693],[-50.22724,-26.39611],[-50.22696,-26.3953],[-50.22691,-26.39394],[-50.22705,-26.38809],[-50.22688,-26.38707],[-50.22587,-26.38285],[-50.22514,-26.3804],[-50.22437,-26.3788],[-50.22263,-26.37717],[-50.22102,-26.3755],[-50.21997,-26.37472],[-50.21811,-26.37383],[-50.2166,-26.37326],[-50.21538,-26.37299],[-50.21467,-26.37304],[-50.21261,-26.37342],[-50.2076,-26.37496],[-50.20658,-26.37505],[-50.19446,-26.37506],[-50.19374,-26.37518],[-50.19303,-26.37552],[-50.19202,-26.3764],[-50.18658,-26.38491],[-50.18601,-26.38572],[-50.18534,-26.38642],[-50.17761,-26.39124],[-50.17683,-26.39152],[-50.17573,-26.3915],[-50.17505,-26.39132],[-50.1746,-26.39113],[-50.17353,-26.39025]]}},{"type":"Feature","properties":{"name":"Tronco Principal Sul","operator":"Rumo S/A","usage":"main"},"geometry":{"type":"LineString","coordinates":[[-50.24531,-26.51091],[-50.24459,-26.51029],[-50.24405,-26.50967],[-50.24342,-26.50849],[-50.24308,-26.50731],[-50.24306,-26.50464],[-50.24291,-26.50376],[-50.24084,-26.49827]]}},{"type":"Feature","properties":{"name":"Tronco Principal Sul","operator":"Rumo S/A","usage":"main"},"geometry":{"type":"LineString","coordinates":[[-50.24084,-26.49827],[-50.24062,-26.49769]]}},{"type":"Feature","properties":{"name":"Tronco Principal Sul","operator":"Rumo S/A","usage":"main"},"geometry":{"type":"LineString","coordinates":[[-50.24062,-26.49769],[-50.23936,-26.49434]]}},{"type":"Feature","properties":{"name":"Linha Ourinhos-Cianorte","operator":"Rumo S/A","usage":"main"},"geometry":{"type":"LineString","coordinates":[[-51.72058,-23.50864],[-51.72088,-23.50941]]}},{"type":"Feature","properties":{"name":"Linha Ourinhos-Cianorte","operator":"Rumo S/A","usage":"main"},"geometry":{"type":"LineString","coordinates":[[-51.72047,-23.50833],[-51.72058,-23.50864]]}},{"type":"Feature","properties":{"name":"Linha Ourinhos-Cianorte","operator":"Rumo S/A","usage":"main"},"geometry":{"type":"LineString","coordinates":[[-51.66766,-23.55061],[-51.66789,-23.54993]]}},{"type":"Feature","properties":{"name":"Linha Ourinhos-Cianorte","operator":"Rumo S/A","usage":"main"},"geometry":{"type":"LineString","coordinates":[[-51.66789,-23.54993],[-51.66894,-23.54681],[-51.66914,-23.5464],[-51.66967,-23.54566],[-51.6716,-23.54353],[-51.67209,-23.54269],[-51.67236,-23.54197],[-51.67252,-23.54057],[-51.67221,-23.53806],[-51.67226,-23.53709],[-51.67409,-23.53124],[-51.67455,-23.53008],[-51.67474,-23.52977],[-51.67531,-23.52918],[-51.67817,-23.52701],[-51.67897,-23.52631],[-51.67934,-23.52572],[-51.6822,-23.52021],[-51.6827,-23.51955],[-51.68358,-23.5187],[-51.68495,-23.51792],[-51.68578,-23.51764],[-51.6865,-23.5175],[-51.69462,-23.51707],[-51.69743,-23.51633],[-51.70296,-23.51472],[-51.70514,-23.51401],[-51.70605,-23.51349],[-51.7067,-23.51295],[-51.71458,-23.50493],[-51.71511,-23.5045],[-51.71598,-23.50415],[-51.71681,-23.50406],[-51.71758,-23.50417],[-51.71822,-23.50443],[-51.71874,-23.50477],[-51.71938,-23.50557],[-51.72047,-23.50833]]}},{"type":"Feature","properties":{"name":null,"operator":"Rumo S/A","usage":"main"},"geometry":{"type":"LineString","coordinates":[[-50.09145,-25.19271],[-50.09171,-25.19273]]}},{"type":"Feature","properties":{"name":"Estrada de Ferro Central do Paraná","operator":"Rumo S/A","usage":"main"},"geometry":{"type":"LineString","coordinates":[[-50.6038,-25.02291],[-50.61202,-25.01968],[-50.61283,-25.01928],[-50.61344,-25.01885],[-50.61394,-25.01827],[-50.6142,-25.0176],[-50.61434,-25.01681],[-50.61439,-25.01453],[-50.61454,-25.0141],[-50.61479,-25.01375],[-50.62109,-25.00794],[-50.6216,-25.00725],[-50.62192,-25.00649],[-50.62203,-25.00579],[-50.622,-25.00514],[-50.62183,-25.00442],[-50.62155,-25.00375]]}},{"type":"Feature","properties":{"name":"Estrada de Ferro Central do Paraná","operator":"Rumo S/A","usage":"main"},"geometry":{"type":"LineString","coordinates":[[-50.60323,-25.02312],[-50.6038,-25.02291]]}},{"type":"Feature","properties":{"name":null,"operator":"ALL","usage":null},"geometry":{"type":"LineString","coordinates":[[-48.49268,-22.89606],[-48.4925,-22.89496]]}},{"type":"Feature","properties":{"name":null,"operator":"ALL","usage":null},"geometry":{"type":"LineString","coordinates":[[-48.49295,-22.89765],[-48.49256,-22.89588],[-48.4925,-22.89496]]}},{"type":"Feature","properties":{"name":"Ferrovia Fepasa","operator":"ALL","usage":null},"geometry":{"type":"LineString","coordinates":[[-48.49334,-22.89959],[-48.49252,-22.89596],[-48.4925,-22.89496]]}},{"type":"Feature","properties":{"name":null,"operator":"ALL","usage":null},"geometry":{"type":"LineString","coordinates":[[-48.4929,-22.89717],[-48.49262,-22.89598],[-48.4925,-22.89496]]}},{"type":"Feature","properties":{"name":null,"operator":"ALL","usage":null},"geometry":{"type":"LineString","coordinates":[[-48.49226,-22.89521],[-48.49236,-22.89226]]}},{"type":"Feature","properties":{"name":null,"operator":"ALL","usage":null},"geometry":{"type":"LineString","coordinates":[[-48.49219,-22.89615],[-48.4923,-22.89244]]}},{"type":"Feature","properties":{"name":null,"operator":"Rumo S/A","usage":"main"},"geometry":{"type":"LineString","coordinates":[[-49.64207,-25.58154],[-49.64178,-25.58167]]}},{"type":"Feature","properties":{"name":null,"operator":"Rumo S/A","usage":"main"},"geometry":{"type":"LineString","coordinates":[[-49.64178,-25.58167],[-49.62973,-25.58703],[-49.62858,-25.5877],[-49.6276,-25.58841],[-49.62674,-25.58928],[-49.6258,-25.59046],[-49.62519,-25.59175],[-49.62413,-25.59536],[-49.62345,-25.59701],[-49.62273,-25.59807],[-49.6209,-25.59986],[-49.6199,-25.60057],[-49.61894,-25.6011],[-49.61807,-25.60144],[-49.61612,-25.60195],[-49.61471,-25.60209],[-49.6136,-25.60207],[-49.61199,-25.60183],[-49.6072,-25.60067],[-49.60488,-25.60032],[-49.60327,-25.60039],[-49.60185,-25.6006],[-49.59367,-25.60222],[-49.59181,-25.60231],[-49.59062,-25.60216],[-49.58887,-25.60176],[-49.58759,-25.60126],[-49.58637,-25.60059],[-49.58573,-25.60013]]}},{"type":"Feature","properties":{"name":null,"operator":"Rumo S/A","usage":"main"},"geometry":{"type":"LineString","coordinates":[[-49.64705,-25.5803],[-49.6465,-25.58036]]}},{"type":"Feature","properties":{"name":null,"operator":"Rumo S/A","usage":"main"},"geometry":{"type":"LineString","coordinates":[[-49.6465,-25.58036],[-49.64418,-25.58081],[-49.64207,-25.58154]]}},{"type":"Feature","properties":{"name":"Tronco Principal Sul","operator":"Rumo S/A","usage":"main"},"geometry":{"type":"LineString","coordinates":[[-49.73795,-25.61444],[-49.73771,-25.61388],[-49.73748,-25.61298],[-49.73752,-25.61205],[-49.73775,-25.61124],[-49.73834,-25.61031],[-49.74063,-25.60783]]}},{"type":"Feature","properties":{"name":"Ramal Itirapina-Panorama","operator":"Rumo S/A","usage":"branch"},"geometry":{"type":"LineString","coordinates":[[-48.7788,-22.36215],[-48.77745,-22.36151],[-48.77669,-22.36097],[-48.77456,-22.35882]]}},{"type":"Feature","properties":{"name":"Ramal Itirapina-Panorama","operator":"Rumo S/A","usage":"branch"},"geometry":{"type":"LineString","coordinates":[[-48.78496,-22.36243],[-48.78484,-22.36245]]}},{"type":"Feature","properties":{"name":"Ramal Itirapina-Panorama","operator":"Rumo S/A","usage":"branch"},"geometry":{"type":"LineString","coordinates":[[-48.83271,-22.33482],[-48.81602,-22.34615],[-48.81522,-22.34674],[-48.81432,-22.34758],[-48.81313,-22.34905],[-48.81218,-22.35081],[-48.81172,-22.35225],[-48.81085,-22.35643],[-48.81055,-22.35741],[-48.8088,-22.36126],[-48.80794,-22.36264],[-48.80728,-22.36334],[-48.80647,-22.36403],[-48.80567,-22.36453],[-48.80466,-22.365],[-48.80359,-22.36531],[-48.8019,-22.36553],[-48.80101,-22.36553],[-48.79918,-22.3652],[-48.79842,-22.36491],[-48.79749,-22.36447],[-48.79487,-22.3628],[-48.79393,-22.36234],[-48.79267,-22.36188],[-48.79177,-22.36169],[-48.79106,-22.3616],[-48.78948,-22.36166],[-48.78496,-22.36243]]}},{"type":"Feature","properties":{"name":"Tronco Principal Sul","operator":"Rumo S/A","usage":"main"},"geometry":{"type":"LineString","coordinates":[[-49.09572,-24.31112],[-49.09418,-24.31114],[-49.09345,-24.311]]}},{"type":"Feature","properties":{"name":"Tronco Principal Sul","operator":"Rumo S/A","usage":"main"},"geometry":{"type":"LineString","coordinates":[[-49.09584,-24.31111],[-49.09572,-24.31112]]}},{"type":"Feature","properties":{"name":"Tronco Principal Sul","operator":"Rumo S/A","usage":"main"},"geometry":{"type":"LineString","coordinates":[[-49.89366,-25.47341],[-49.89326,-25.47382]]}},{"type":"Feature","properties":{"name":"Tronco Principal Sul","operator":"Rumo S/A","usage":"main"},"geometry":{"type":"LineString","coordinates":[[-49.90677,-25.42828],[-49.90498,-25.42971],[-49.90428,-25.43054],[-49.90337,-25.43209],[-49.90286,-25.43384],[-49.90278,-25.43483],[-49.90279,-25.43732],[-49.90266,-25.43843],[-49.90244,-25.43941],[-49.90082,-25.44404],[-49.89864,-25.44821],[-49.89728,-25.45187],[-49.89688,-25.45477],[-49.89688,-25.45649],[-49.89672,-25.45781],[-49.89558,-25.46229],[-49.89529,-25.4638],[-49.89515,-25.46541],[-49.89505,-25.46885],[-49.89494,-25.47039],[-49.8948,-25.47125],[-49.89446,-25.47216],[-49.89405,-25.47291],[-49.89366,-25.47341]]}},{"type":"Feature","properties":{"name":"Tronco Principal Sul","operator":"Rumo S/A","usage":"main"},"geometry":{"type":"LineString","coordinates":[[-50.39728,-26.7133],[-50.39661,-26.71395],[-50.39622,-26.71467],[-50.3959,-26.71712],[-50.39563,-26.71788],[-50.39507,-26.71849],[-50.39374,-26.71952],[-50.39325,-26.72009],[-50.39306,-26.72046],[-50.39295,-26.72086],[-50.39293,-26.72304],[-50.39286,-26.72358],[-50.39269,-26.72406],[-50.39076,-26.72734],[-50.39011,-26.72884],[-50.38991,-26.72953],[-50.38883,-26.73493],[-50.38837,-26.73592],[-50.38783,-26.7365],[-50.38712,-26.73692],[-50.38658,-26.73709],[-50.38611,-26.73718],[-50.3841,-26.73717],[-50.38357,-26.73728],[-50.38297,-26.73753],[-50.3823,-26.73794],[-50.38161,-26.73894],[-50.38143,-26.7396],[-50.38144,-26.74025],[-50.38356,-26.74737],[-50.38357,-26.74783],[-50.38346,-26.74838],[-50.38282,-26.74943],[-50.38221,-26.74988],[-50.38173,-26.7501],[-50.3806,-26.75033],[-50.3774,-26.75001],[-50.37628,-26.74982],[-50.37524,-26.74951],[-50.37394,-26.74887],[-50.3731,-26.74826],[-50.37145,-26.74679],[-50.37096,-26.74647],[-50.37042,-26.74626],[-50.36937,-26.74612],[-50.36717,-26.74647],[-50.36654,-26.7465],[-50.36552,-26.74636],[-50.36249,-26.74558],[-50.36197,-26.74551],[-50.36135,-26.74555],[-50.36032,-26.74587],[-50.35957,-26.74643],[-50.35918,-26.7469],[-50.35901,-26.7472],[-50.3588,-26.74791],[-50.35873,-26.74939],[-50.35863,-26.74992],[-50.35841,-26.75052],[-50.35808,-26.75109],[-50.35756,-26.75158],[-50.35264,-26.75516],[-50.35194,-26.75593],[-50.35149,-26.75687],[-50.35137,-26.75795],[-50.35152,-26.75872],[-50.35254,-26.76137],[-50.35274,-26.76213],[-50.35248,-26.76685],[-50.3527,-26.76779],[-50.35417,-26.77158]]}},{"type":"Feature","properties":{"name":"Tronco Principal Sul","operator":"Rumo S/A","usage":"main"},"geometry":{"type":"LineString","coordinates":[[-50.35417,-26.77158],[-50.35431,-26.77193]]}},{"type":"Feature","properties":{"name":null,"operator":"Rumo S/A","usage":"main"},"geometry":{"type":"LineString","coordinates":[[-49.43137,-25.57682],[-49.43058,-25.57665],[-49.42908,-25.57609]]}},{"type":"Feature","properties":{"name":null,"operator":"Rumo S/A","usage":"main"},"geometry":{"type":"LineString","coordinates":[[-49.43163,-25.57688],[-49.43137,-25.57682]]}},{"type":"Feature","properties":{"name":null,"operator":"Rumo S/A","usage":"main"},"geometry":{"type":"LineString","coordinates":[[-49.30796,-25.56207],[-49.30522,-25.56292],[-49.3022,-25.56331],[-49.29566,-25.56379],[-49.29432,-25.56379],[-49.29295,-25.56366],[-49.29136,-25.56336],[-49.27998,-25.56028],[-49.2784,-25.55975],[-49.27706,-25.55915],[-49.2715,-25.55593],[-49.27002,-25.55522],[-49.26877,-25.55481],[-49.26201,-25.55342],[-49.26069,-25.55302],[-49.2594,-25.55249],[-49.25248,-25.54868],[-49.25131,-25.54822],[-49.25005,-25.54784],[-49.24883,-25.54757],[-49.24682,-25.54726],[-49.24616,-25.54707]]}},{"type":"Feature","properties":{"name":null,"operator":"Rumo S/A","usage":"main"},"geometry":{"type":"LineString","coordinates":[[-49.30852,-25.56191],[-49.30821,-25.562]]}},{"type":"Feature","properties":{"name":"Tronco Principal Sul","operator":"Rumo S/A","usage":"main"},"geometry":{"type":"LineString","coordinates":[[-50.41088,-26.68393],[-50.41233,-26.68574],[-50.41322,-26.68779],[-50.41456,-26.68919],[-50.41501,-26.68986],[-50.41526,-26.69067],[-50.41526,-26.6912],[-50.41508,-26.69196]]}},{"type":"Feature","properties":{"name":"Tronco Principal Sul","operator":"Rumo S/A","usage":"main"},"geometry":{"type":"LineString","coordinates":[[-50.40769,-26.68032],[-50.41088,-26.68393]]}},{"type":"Feature","properties":{"name":null,"operator":"Rumo S/A","usage":null},"geometry":{"type":"LineString","coordinates":[[-49.80356,-26.09486],[-49.80286,-26.09366],[-49.80246,-26.09337],[-49.80173,-26.09299],[-49.80028,-26.09267],[-49.79613,-26.09015],[-49.795,-26.08939],[-49.79118,-26.0862],[-49.79034,-26.08561]]}},{"type":"Feature","properties":{"name":null,"operator":"ALL","usage":null},"geometry":{"type":"LineString","coordinates":[[-49.80089,-26.11262],[-49.80119,-26.11236]]}},{"type":"Feature","properties":{"name":null,"operator":"Rumo S/A","usage":null},"geometry":{"type":"LineString","coordinates":[[-49.80316,-26.0946],[-49.80253,-26.09434],[-49.79539,-26.08996],[-49.79454,-26.08933],[-49.79068,-26.086],[-49.79034,-26.08561]]}},{"type":"Feature","properties":{"name":"Estrada de Ferro Central do Paraná","operator":"Rumo S/A","usage":"main"},"geometry":{"type":"LineString","coordinates":[[-51.25352,-23.88705],[-51.25359,-23.88706]]}},{"type":"Feature","properties":{"name":"Estrada de Ferro Central do Paraná","operator":"Rumo S/A","usage":"main"},"geometry":{"type":"LineString","coordinates":[[-51.23775,-23.89879],[-51.23772,-23.89875]]}},{"type":"Feature","properties":{"name":"Estrada de Ferro Central do Paraná","operator":"Rumo S/A","usage":"main"},"geometry":{"type":"LineString","coordinates":[[-51.23772,-23.89875],[-51.23715,-23.89787],[-51.2369,-23.89691],[-51.23674,-23.89247],[-51.23702,-23.89152],[-51.23738,-23.89097],[-51.23778,-23.89057],[-51.2387,-23.89005],[-51.24702,-23.88712],[-51.24784,-23.88689],[-51.24916,-23.88672],[-51.25352,-23.88705]]}},{"type":"Feature","properties":{"name":"Estrada de Ferro Central do Paraná","operator":"Rumo S/A","usage":"main"},"geometry":{"type":"LineString","coordinates":[[-51.25359,-23.88706],[-51.25535,-23.88715],[-51.25611,-23.88699],[-51.25652,-23.88682],[-51.25717,-23.88637],[-51.25777,-23.88548],[-51.25797,-23.88476],[-51.2579,-23.88372],[-51.25757,-23.883],[-51.25625,-23.88095],[-51.25609,-23.88046],[-51.25603,-23.8797],[-51.2562,-23.87895],[-51.25692,-23.8774],[-51.25743,-23.8766],[-51.25797,-23.87609],[-51.25857,-23.87573],[-51.25935,-23.87553],[-51.26016,-23.87552],[-51.26103,-23.87572],[-51.26358,-23.87718],[-51.26449,-23.87734],[-51.26495,-23.87734],[-51.26578,-23.87714],[-51.2665,-23.87677],[-51.26704,-23.87619],[-51.2696,-23.8728],[-51.27168,-23.87132]]}},{"type":"Feature","properties":{"name":"Tronco Principal Sul","operator":"Rumo S/A","usage":"main"},"geometry":{"type":"LineString","coordinates":[[-48.12561,-23.60131],[-48.12583,-23.60128]]}},{"type":"Feature","properties":{"name":"Tronco Principal Sul","operator":"Rumo S/A","usage":"main"},"geometry":{"type":"LineString","coordinates":[[-48.12583,-23.60128],[-48.12643,-23.60124],[-48.12711,-23.60138],[-48.12749,-23.60162],[-48.12854,-23.60268],[-48.12931,-23.6032],[-48.1319,-23.60413],[-48.13238,-23.60437],[-48.13327,-23.60534],[-48.13366,-23.60565],[-48.13532,-23.60632],[-48.13552,-23.60649],[-48.13634,-23.60768],[-48.13683,-23.60802],[-48.1373,-23.60818],[-48.13784,-23.60822],[-48.13963,-23.60812],[-48.14027,-23.60789],[-48.14392,-23.60619],[-48.14445,-23.60603],[-48.14537,-23.60591],[-48.14653,-23.60553],[-48.14688,-23.60551],[-48.14746,-23.60562],[-48.14888,-23.60626],[-48.15028,-23.60647],[-48.15058,-23.60659],[-48.15087,-23.60676],[-48.15144,-23.60729],[-48.15282,-23.60798],[-48.15305,-23.60816],[-48.15351,-23.60878],[-48.15407,-23.60925],[-48.15458,-23.60942],[-48.15524,-23.60945],[-48.15589,-23.6093],[-48.15661,-23.6089],[-48.1587,-23.60658],[-48.15915,-23.60624],[-48.15941,-23.60612],[-48.16005,-23.60604],[-48.16113,-23.60623]]}},{"type":"Feature","properties":{"name":"Estrada de Ferro Engenheiro Bley","operator":"Rumo S/A","usage":"main"},"geometry":{"type":"LineString","coordinates":[[-49.15211,-25.43713],[-49.15089,-25.43704],[-49.14926,-25.43633],[-49.14748,-25.4362],[-49.14699,-25.43595],[-49.14602,-25.43507],[-49.14524,-25.43475],[-49.14119,-25.43411],[-49.14046,-25.43415],[-49.13993,-25.43429]]}},{"type":"Feature","properties":{"name":"Tronco Principal Sul","operator":"Rumo S/A","usage":"main"},"geometry":{"type":"LineString","coordinates":[[-49.49177,-24.5488],[-49.497,-24.55147],[-49.49864,-24.55253],[-49.49982,-24.55379],[-49.50479,-24.56013],[-49.5078,-24.56376],[-49.50863,-24.56442],[-49.5144,-24.56784],[-49.51573,-24.56848],[-49.51689,-24.56889],[-49.52055,-24.56928],[-49.52153,-24.56946],[-49.52258,-24.56976],[-49.52352,-24.57032],[-49.52449,-24.571],[-49.52648,-24.57353],[-49.5287,-24.57654],[-49.5297,-24.57748],[-49.5333,-24.57996],[-49.53728,-24.58241],[-49.54223,-24.58666]]}},{"type":"Feature","properties":{"name":"Tronco Principal Sul","operator":"Rumo S/A","usage":"main"},"geometry":{"type":"LineString","coordinates":[[-49.48794,-24.54679],[-49.49177,-24.5488]]}},{"type":"Feature","properties":{"name":"Linha Rubião Júnior-Bauru","operator":"Rumo S/A","usage":"main"},"geometry":{"type":"LineString","coordinates":[[-48.49247,-22.89426],[-48.4925,-22.89496],[-48.49275,-22.89552],[-48.49357,-22.89607],[-48.49435,-22.89628],[-48.49492,-22.89624],[-48.49543,-22.89605],[-48.49756,-22.89464],[-48.49845,-22.89379],[-48.499,-22.89307],[-48.50184,-22.88796],[-48.50266,-22.88671],[-48.50351,-22.88591],[-48.50508,-22.88491],[-48.50617,-22.88448],[-48.50691,-22.88428],[-48.52316,-22.8804],[-48.52421,-22.87999],[-48.52484,-22.87965],[-48.52551,-22.87918],[-48.52635,-22.87842],[-48.52922,-22.87512],[-48.52968,-22.87468],[-48.53104,-22.87366],[-48.5393,-22.86822],[-48.54061,-22.86699],[-48.54093,-22.8666],[-48.54155,-22.86554],[-48.54185,-22.86488],[-48.54224,-22.8631],[-48.54228,-22.86234],[-48.54211,-22.86109],[-48.54136,-22.85825],[-48.54105,-22.85752],[-48.53949,-22.85481],[-48.53881,-22.85307],[-48.53847,-22.85185],[-48.53841,-22.8507],[-48.53788,-22.84738],[-48.53782,-22.84628],[-48.53812,-22.84478],[-48.53849,-22.84375],[-48.53889,-22.84302],[-48.5394,-22.84231],[-48.54329,-22.83858],[-48.5437,-22.83808],[-48.54487,-22.83631],[-48.54641,-22.83343],[-48.54735,-22.83211],[-48.54861,-22.83094],[-48.54922,-22.83048],[-48.55114,-22.82953],[-48.55214,-22.82896],[-48.55291,-22.82841],[-48.55339,-22.82789],[-48.55861,-22.8205],[-48.55975,-22.81946],[-48.56224,-22.81761],[-48.56303,-22.8167],[-48.56357,-22.81588],[-48.5641,-22.81471],[-48.56827,-22.80452],[-48.56882,-22.80362],[-48.57087,-22.80091],[-48.57146,-22.79967],[-48.57191,-22.79831],[-48.57201,-22.79732],[-48.57193,-22.79597],[-48.57148,-22.79181],[-48.57125,-22.79074],[-48.57083,-22.78948],[-48.5705,-22.78903],[-48.57008,-22.78877],[-48.56967,-22.78869],[-48.56836,-22.78866],[-48.56797,-22.78851],[-48.56757,-22.78818],[-48.56676,-22.78729],[-48.56635,-22.78708],[-48.56584,-22.78704],[-48.5654,-22.78711],[-48.56442,-22.78764],[-48.56393,-22.78778],[-48.5634,-22.7878],[-48.56311,-22.7877],[-48.5627,-22.78744],[-48.56245,-22.78714],[-48.56188,-22.78583],[-48.56158,-22.78545],[-48.56131,-22.78527],[-48.56086,-22.78514],[-48.55809,-22.78466],[-48.55679,-22.78403],[-48.55643,-22.78394],[-48.55567,-22.78403],[-48.55479,-22.78452],[-48.55425,-22.78469],[-48.55366,-22.78462],[-48.55289,-22.78419]]}},{"type":"Feature","properties":{"name":"Ramal de São Francisco","operator":"Rumo S/A","usage":"main"},"geometry":{"type":"LineString","coordinates":[[-48.72677,-26.38285],[-48.72668,-26.38273]]}},{"type":"Feature","properties":{"name":null,"operator":null,"usage":null},"geometry":{"type":"LineString","coordinates":[[-51.99472,-23.45315],[-51.99474,-23.45351],[-51.99446,-23.45483]]}},{"type":"Feature","properties":{"name":null,"operator":"Rumo S/A","usage":null},"geometry":{"type":"LineString","coordinates":[[-51.99451,-23.45484],[-51.99479,-23.45347],[-51.99469,-23.45287],[-51.99433,-23.45197],[-51.99236,-23.44878],[-51.99187,-23.44756]]}},{"type":"Feature","properties":{"name":null,"operator":null,"usage":null},"geometry":{"type":"LineString","coordinates":[[-51.99359,-23.45572],[-51.99428,-23.45252],[-51.99426,-23.45224],[-51.99394,-23.45131]]}},{"type":"Feature","properties":{"name":null,"operator":null,"usage":null},"geometry":{"type":"LineString","coordinates":[[-51.99396,-23.4514],[-51.99429,-23.45219],[-51.99433,-23.45254],[-51.99362,-23.45573]]}},{"type":"Feature","properties":{"name":null,"operator":null,"usage":null},"geometry":{"type":"LineString","coordinates":[[-51.99444,-23.45224],[-51.99465,-23.4535],[-51.99388,-23.45714],[-51.99362,-23.45756],[-51.99307,-23.45788]]}},{"type":"Feature","properties":{"name":null,"operator":null,"usage":null},"geometry":{"type":"LineString","coordinates":[[-51.99449,-23.45244],[-51.99468,-23.45352],[-51.99394,-23.45712],[-51.99367,-23.45758],[-51.99309,-23.45792]]}},{"type":"Feature","properties":{"name":null,"operator":null,"usage":null},"geometry":{"type":"LineString","coordinates":[[-51.99446,-23.45483],[-51.99397,-23.45719],[-51.99374,-23.45757],[-51.99312,-23.45796]]}},{"type":"Feature","properties":{"name":null,"operator":null,"usage":null},"geometry":{"type":"LineString","coordinates":[[-51.99451,-23.45484],[-51.99438,-23.45565],[-51.99394,-23.45734],[-51.99354,-23.45778],[-51.99313,-23.45799]]}},{"type":"Feature","properties":{"name":null,"operator":null,"usage":null},"geometry":{"type":"LineString","coordinates":[[-51.99472,-23.45315],[-51.99451,-23.45245]]}},{"type":"Feature","properties":{"name":null,"operator":null,"usage":null},"geometry":{"type":"LineString","coordinates":[[-51.99402,-23.45147],[-51.99428,-23.45201],[-51.99438,-23.45249],[-51.9937,-23.45561]]}},{"type":"Feature","properties":{"name":null,"operator":"Rumo S/A","usage":null},"geometry":{"type":"LineString","coordinates":[[-51.99352,-23.45055],[-51.99466,-23.45228],[-51.9951,-23.45319],[-51.99514,-23.4536],[-51.9949,-23.45469]]}},{"type":"Feature","properties":{"name":null,"operator":null,"usage":null},"geometry":{"type":"LineString","coordinates":[[-51.99321,-23.45546],[-51.99381,-23.45268],[-51.99405,-23.45202],[-51.99401,-23.45156]]}},{"type":"Feature","properties":{"name":null,"operator":"Rumo S/A","usage":null},"geometry":{"type":"LineString","coordinates":[[-51.9988,-23.45781],[-51.99701,-23.456],[-51.99555,-23.45365]]}},{"type":"Feature","properties":{"name":null,"operator":"Rumo S/A","usage":null},"geometry":{"type":"LineString","coordinates":[[-51.99684,-23.45584],[-51.99486,-23.4526]]}},{"type":"Feature","properties":{"name":null,"operator":"Rumo S/A","usage":null},"geometry":{"type":"LineString","coordinates":[[-51.99555,-23.45365],[-51.99466,-23.45228]]}},{"type":"Feature","properties":{"name":null,"operator":"Rumo S/A","usage":null},"geometry":{"type":"LineString","coordinates":[[-51.9964,-23.45485],[-51.99338,-23.45035]]}},{"type":"Feature","properties":{"name":null,"operator":null,"usage":null},"geometry":{"type":"LineString","coordinates":[[-51.99401,-23.45869],[-51.99439,-23.45771],[-51.99461,-23.45685]]}},{"type":"Feature","properties":{"name":null,"operator":null,"usage":null},"geometry":{"type":"LineString","coordinates":[[-51.99376,-23.45237],[-51.99307,-23.45542]]}},{"type":"Feature","properties":{"name":null,"operator":null,"usage":null},"geometry":{"type":"LineString","coordinates":[[-51.9939,-23.45239],[-51.99367,-23.45277]]}},{"type":"Feature","properties":{"name":null,"operator":null,"usage":null},"geometry":{"type":"LineString","coordinates":[[-51.99382,-23.45238],[-51.99369,-23.45269]]}},{"type":"Feature","properties":{"name":null,"operator":"Rumo S/A","usage":null},"geometry":{"type":"LineString","coordinates":[[-51.99873,-23.4577],[-51.9974,-23.45636],[-51.9963,-23.45478]]}},{"type":"Feature","properties":{"name":null,"operator":null,"usage":null},"geometry":{"type":"LineString","coordinates":[[-51.99501,-23.45297],[-51.99531,-23.45359],[-51.99528,-23.45408],[-51.99432,-23.45775],[-51.99396,-23.45867]]}},{"type":"Feature","properties":{"name":null,"operator":null,"usage":null},"geometry":{"type":"LineString","coordinates":[[-51.99531,-23.45391],[-51.99525,-23.45441],[-51.99461,-23.45685]]}},{"type":"Feature","properties":{"name":null,"operator":"Rumo S/A","usage":null},"geometry":{"type":"LineString","coordinates":[[-51.99675,-23.4557],[-51.99642,-23.45496]]}},{"type":"Feature","properties":{"name":null,"operator":"Rumo S/A","usage":null},"geometry":{"type":"LineString","coordinates":[[-51.99901,-23.45813],[-51.99704,-23.45613],[-51.99684,-23.45584]]}},{"type":"Feature","properties":{"name":null,"operator":"Rumo S/A","usage":null},"geometry":{"type":"LineString","coordinates":[[-51.99971,-23.45919],[-51.98947,-23.44359],[-51.98895,-23.44241],[-51.9888,-23.44162],[-51.98879,-23.441],[-51.98905,-23.43973],[-51.98939,-23.43902],[-51.992,-23.43487],[-51.99227,-23.43413],[-51.99234,-23.43336],[-51.99225,-23.43278],[-51.99197,-23.43209],[-51.99158,-23.43155],[-51.99104,-23.43107],[-51.9904,-23.43072],[-51.98989,-23.43055],[-51.98915,-23.43044],[-51.98839,-23.43049],[-51.97982,-23.43172],[-51.97823,-23.43164],[-51.97703,-23.43135],[-51.97562,-23.43071],[-51.97433,-23.42974],[-51.97062,-23.42524]]}},{"type":"Feature","properties":{"name":null,"operator":"Rumo S/A","usage":null},"geometry":{"type":"LineString","coordinates":[[-51.99861,-23.45756],[-51.9926,-23.44847],[-51.99151,-23.4467]]}},{"type":"Feature","properties":{"name":null,"operator":"Rumo S/A","usage":null},"geometry":{"type":"LineString","coordinates":[[-51.99167,-23.44704],[-51.99846,-23.4574]]}},{"type":"Feature","properties":{"name":null,"operator":"Rumo S/A","usage":null},"geometry":{"type":"LineString","coordinates":[[-51.99833,-23.45727],[-51.99174,-23.44722]]}},{"type":"Feature","properties":{"name":null,"operator":"Rumo S/A","usage":null},"geometry":{"type":"LineString","coordinates":[[-51.99818,-23.45713],[-51.99202,-23.44785],[-51.99159,-23.44686]]}},{"type":"Feature","properties":{"name":null,"operator":"Rumo S/A","usage":null},"geometry":{"type":"LineString","coordinates":[[-51.99193,-23.44729],[-51.99862,-23.45746]]}},{"type":"Feature","properties":{"name":null,"operator":"Bunge Alimentos S/A","usage":"industrial"},"geometry":{"type":"LineString","coordinates":[[-51.98389,-23.43104],[-51.98262,-23.43102],[-51.97996,-23.43142],[-51.97899,-23.43146],[-51.97822,-23.43138],[-51.97712,-23.43102]]}},{"type":"Feature","properties":{"name":null,"operator":"Bunge Alimentos S/A","usage":"industrial"},"geometry":{"type":"LineString","coordinates":[[-51.98367,-23.43101],[-51.98265,-23.43098],[-51.9799,-23.43138],[-51.97891,-23.4314],[-51.97804,-23.43128],[-51.97702,-23.43095]]}},{"type":"Feature","properties":{"name":null,"operator":"Bunge Alimentos S/A","usage":"industrial"},"geometry":{"type":"LineString","coordinates":[[-51.98347,-23.43097],[-51.98262,-23.43095],[-51.9801,-23.43132],[-51.97903,-23.43135],[-51.97827,-23.43129],[-51.9772,-23.431]]}},{"type":"Feature","properties":{"name":null,"operator":"Bunge Alimentos S/A","usage":"industrial"},"geometry":{"type":"LineString","coordinates":[[-51.98438,-23.43101],[-51.98389,-23.43104],[-51.98292,-23.4309],[-51.97987,-23.43125],[-51.97855,-23.43129],[-51.97681,-23.43088]]}},{"type":"Feature","properties":{"name":null,"operator":null,"usage":null},"geometry":{"type":"LineString","coordinates":[[-51.98203,-23.43159],[-51.97969,-23.43194]]}},{"type":"Feature","properties":{"name":null,"operator":null,"usage":null},"geometry":{"type":"LineString","coordinates":[[-51.9817,-23.43164],[-51.97969,-23.43197]]}},{"type":"Feature","properties":{"name":null,"operator":null,"usage":null},"geometry":{"type":"LineString","coordinates":[[-51.97489,-23.42976],[-51.97353,-23.42837],[-51.97264,-23.42764],[-51.97039,-23.42496]]}},{"type":"Feature","properties":{"name":null,"operator":null,"usage":"industrial"},"geometry":{"type":"LineString","coordinates":[[-51.9729,-23.42808],[-51.97218,-23.42741],[-51.97069,-23.42559]]}},{"type":"Feature","properties":{"name":null,"operator":null,"usage":"industrial"},"geometry":{"type":"LineString","coordinates":[[-51.97063,-23.42564],[-51.97218,-23.42741]]}},{"type":"Feature","properties":{"name":null,"operator":null,"usage":"industrial"},"geometry":{"type":"LineString","coordinates":[[-51.97072,-23.42554],[-51.97263,-23.42781]]}},{"type":"Feature","properties":{"name":null,"operator":null,"usage":"industrial"},"geometry":{"type":"LineString","coordinates":[[-51.97161,-23.42683],[-51.97235,-23.42773]]}},{"type":"Feature","properties":{"name":null,"operator":null,"usage":null},"geometry":{"type":"LineString","coordinates":[[-51.97491,-23.42974],[-51.97401,-23.42886]]}},{"type":"Feature","properties":{"name":null,"operator":null,"usage":null},"geometry":{"type":"LineString","coordinates":[[-51.98095,-23.43158],[-51.98202,-23.43155],[-51.98672,-23.43086]]}},{"type":"Feature","properties":{"name":null,"operator":null,"usage":null},"geometry":{"type":"LineString","coordinates":[[-51.9866,-23.43095],[-51.98203,-23.43159]]}},{"type":"Feature","properties":{"name":null,"operator":null,"usage":null},"geometry":{"type":"LineString","coordinates":[[-51.9831,-23.43144],[-51.98123,-23.43175]]}},{"type":"Feature","properties":{"name":null,"operator":null,"usage":null},"geometry":{"type":"LineString","coordinates":[[-51.97971,-23.43201],[-51.98117,-23.43176]]}},{"type":"Feature","properties":{"name":null,"operator":null,"usage":null},"geometry":{"type":"LineString","coordinates":[[-51.98672,-23.4309],[-51.98556,-23.43103]]}},{"type":"Feature","properties":{"name":null,"operator":null,"usage":null},"geometry":{"type":"LineString","coordinates":[[-51.98148,-23.4315],[-51.98468,-23.43116]]}},{"type":"Feature","properties":{"name":null,"operator":"Bunge Alimentos S/A","usage":"industrial"},"geometry":{"type":"LineString","coordinates":[[-51.97696,-23.42845],[-51.97597,-23.42941],[-51.97582,-23.42993],[-51.97589,-23.43022],[-51.97607,-23.43046],[-51.97681,-23.43088]]}},{"type":"Feature","properties":{"name":null,"operator":null,"usage":null},"geometry":{"type":"LineString","coordinates":[[-51.99445,-23.45197],[-51.99471,-23.45261],[-51.99485,-23.45335],[-51.99464,-23.45456]]}},{"type":"Feature","properties":{"name":null,"operator":null,"usage":null},"geometry":{"type":"LineString","coordinates":[[-51.99409,-23.45622],[-51.99376,-23.45731],[-51.99349,-23.45762],[-51.99305,-23.45785]]}},{"type":"Feature","properties":{"name":null,"operator":"Shell do Brasil S/A Petróleo;Rumo S/A","usage":"industrial"},"geometry":{"type":"LineString","coordinates":[[-51.89356,-23.43364],[-51.89305,-23.43404],[-51.89207,-23.43453],[-51.89015,-23.43527]]}},{"type":"Feature","properties":{"name":null,"operator":"Shell do Brasil S/A Petróleo;Rumo S/A","usage":"industrial"},"geometry":{"type":"LineString","coordinates":[[-51.89343,-23.43375],[-51.8931,-23.43408],[-51.89246,-23.43441],[-51.89016,-23.43533]]}},{"type":"Feature","properties":{"name":null,"operator":null,"usage":null},"geometry":{"type":"LineString","coordinates":[[-51.90093,-23.42951],[-51.89244,-23.43411],[-51.89094,-23.43475],[-51.88754,-23.43596]]}},{"type":"Feature","properties":{"name":null,"operator":null,"usage":null},"geometry":{"type":"LineString","coordinates":[[-51.89863,-23.43077],[-51.89278,-23.43403],[-51.891,-23.43482],[-51.88936,-23.43535]]}},{"type":"Feature","properties":{"name":null,"operator":null,"usage":null},"geometry":{"type":"LineString","coordinates":[[-51.89822,-23.43105],[-51.8922,-23.43436],[-51.89026,-23.43513],[-51.88969,-23.43526]]}},{"type":"Feature","properties":{"name":null,"operator":null,"usage":null},"geometry":{"type":"LineString","coordinates":[[-51.90096,-23.42958],[-51.89933,-23.43047],[-51.89891,-23.43062]]}},{"type":"Feature","properties":{"name":null,"operator":"Rumo S/A","usage":null},"geometry":{"type":"LineString","coordinates":[[-51.46563,-23.54826],[-51.46677,-23.54805],[-51.46817,-23.54761],[-51.46957,-23.54751],[-51.47095,-23.54775],[-51.47192,-23.54813],[-51.47247,-23.54844],[-51.47374,-23.54941],[-51.47568,-23.55109],[-51.4772,-23.55193],[-51.47769,-23.55237],[-51.47798,-23.55282],[-51.47813,-23.55325],[-51.4787,-23.5565]]}},{"type":"Feature","properties":{"name":null,"operator":"Rumo S/A","usage":null},"geometry":{"type":"LineString","coordinates":[[-51.46677,-23.54805],[-51.46734,-23.54794],[-51.46809,-23.54767],[-51.46954,-23.54756],[-51.47101,-23.54782],[-51.47214,-23.5483],[-51.47374,-23.54946],[-51.47495,-23.55057],[-51.47587,-23.55127],[-51.47745,-23.55218],[-51.47782,-23.55262],[-51.47803,-23.55305],[-51.4783,-23.55438]]}},{"type":"Feature","properties":{"name":null,"operator":"Rumo S/A","usage":null},"geometry":{"type":"LineString","coordinates":[[-51.23542,-23.28011],[-51.23332,-23.28062],[-51.23268,-23.2807],[-51.22954,-23.28047],[-51.22835,-23.28057],[-51.22741,-23.28088],[-51.22592,-23.2817],[-51.22519,-23.28198],[-51.22378,-23.28236],[-51.2213,-23.28271]]}},{"type":"Feature","properties":{"name":null,"operator":null,"usage":null},"geometry":{"type":"LineString","coordinates":[[-51.22398,-23.28229],[-51.22049,-23.2828]]}},{"type":"Feature","properties":{"name":null,"operator":null,"usage":null},"geometry":{"type":"LineString","coordinates":[[-51.22416,-23.28223],[-51.22048,-23.28277]]}},{"type":"Feature","properties":{"name":null,"operator":null,"usage":null},"geometry":{"type":"LineString","coordinates":[[-51.21555,-23.28475],[-51.2151,-23.2852],[-51.21434,-23.28572],[-51.21397,-23.28576],[-51.21312,-23.28563]]}},{"type":"Feature","properties":{"name":null,"operator":null,"usage":null},"geometry":{"type":"LineString","coordinates":[[-51.2151,-23.2852],[-51.21406,-23.28612],[-51.2136,-23.28624],[-51.21302,-23.28617]]}},{"type":"Feature","properties":{"name":null,"operator":null,"usage":null},"geometry":{"type":"LineString","coordinates":[[-51.23403,-23.28046],[-51.23265,-23.28066],[-51.2295,-23.28044],[-51.22857,-23.2805],[-51.22774,-23.2807],[-51.22587,-23.28168],[-51.22494,-23.28203]]}},{"type":"Feature","properties":{"name":null,"operator":null,"usage":null},"geometry":{"type":"LineString","coordinates":[[-51.22485,-23.28203],[-51.22578,-23.28166],[-51.22763,-23.28066],[-51.22823,-23.28046],[-51.22944,-23.28039],[-51.23156,-23.28061]]}},{"type":"Feature","properties":{"name":null,"operator":null,"usage":null},"geometry":{"type":"LineString","coordinates":[[-51.23138,-23.28056],[-51.22895,-23.28034],[-51.22651,-23.2807]]}},{"type":"Feature","properties":{"name":null,"operator":null,"usage":null},"geometry":{"type":"LineString","coordinates":[[-51.22835,-23.28038],[-51.22661,-23.28055]]}},{"type":"Feature","properties":{"name":null,"operator":null,"usage":null},"geometry":{"type":"LineString","coordinates":[[-51.22824,-23.28038],[-51.22654,-23.2806],[-51.22413,-23.28078]]}},{"type":"Feature","properties":{"name":null,"operator":null,"usage":null},"geometry":{"type":"LineString","coordinates":[[-51.22801,-23.28041],[-51.22654,-23.28063],[-51.22413,-23.28082]]}},{"type":"Feature","properties":{"name":null,"operator":null,"usage":null},"geometry":{"type":"LineString","coordinates":[[-51.22771,-23.28045],[-51.22641,-23.28067]]}},{"type":"Feature","properties":{"name":"Ramal de São Francisco","operator":"Rumo S/A","usage":"main"},"geometry":{"type":"LineString","coordinates":[[-48.86459,-26.32735],[-48.86499,-26.3289],[-48.86535,-26.32954],[-48.86587,-26.32993],[-48.86733,-26.33055],[-48.86924,-26.33174],[-48.86998,-26.33188],[-48.87253,-26.33146],[-48.87283,-26.33145],[-48.87346,-26.33159],[-48.8764,-26.33307],[-48.87669,-26.33326],[-48.87786,-26.33443],[-48.87813,-26.33524],[-48.87827,-26.33687],[-48.87837,-26.33726],[-48.87857,-26.33769],[-48.88026,-26.33999],[-48.88036,-26.34021],[-48.88042,-26.34073],[-48.88028,-26.3413],[-48.87994,-26.34177],[-48.8778,-26.34326],[-48.87757,-26.34352],[-48.87732,-26.34414],[-48.87735,-26.34564]]}},{"type":"Feature","properties":{"name":null,"operator":"Rumo S/A","usage":null},"geometry":{"type":"LineString","coordinates":[[-51.47467,-23.55032],[-51.47227,-23.54851],[-51.47118,-23.54799],[-51.47024,-23.54775],[-51.46956,-23.54767],[-51.46886,-23.54768],[-51.46777,-23.54783]]}},{"type":"Feature","properties":{"name":null,"operator":"Rumo S/A","usage":null},"geometry":{"type":"LineString","coordinates":[[-51.47495,-23.55057],[-51.47242,-23.54865],[-51.47153,-23.54817],[-51.47089,-23.54793],[-51.46937,-23.5477],[-51.46861,-23.54773],[-51.46753,-23.54792]]}},{"type":"Feature","properties":{"name":null,"operator":"Rumo S/A","usage":null},"geometry":{"type":"LineString","coordinates":[[-51.47866,-23.55671],[-51.47814,-23.5538],[-51.47802,-23.55332],[-51.47783,-23.55297],[-51.47751,-23.5526],[-51.4769,-23.55211],[-51.47227,-23.5486],[-51.4717,-23.54828],[-51.47086,-23.54796],[-51.46956,-23.54775],[-51.46864,-23.54777],[-51.46554,-23.54832],[-51.46469,-23.54829],[-51.46409,-23.54804],[-51.46359,-23.54761],[-51.46288,-23.54625]]}},{"type":"Feature","properties":{"name":null,"operator":"Rumo S/A","usage":null},"geometry":{"type":"LineString","coordinates":[[-51.46673,-23.54814],[-51.46901,-23.54781],[-51.47004,-23.54786],[-51.47091,-23.54805],[-51.47176,-23.5484],[-51.47338,-23.54951]]}},{"type":"Feature","properties":{"name":null,"operator":"Rumo S/A","usage":null},"geometry":{"type":"LineString","coordinates":[[-51.47005,-23.548],[-51.46915,-23.54788],[-51.46799,-23.54795]]}},{"type":"Feature","properties":{"name":null,"operator":"Rumo S/A","usage":null},"geometry":{"type":"LineString","coordinates":[[-51.47181,-23.54844],[-51.4709,-23.54812]]}},{"type":"Feature","properties":{"name":null,"operator":null,"usage":null},"geometry":{"type":"LineString","coordinates":[[-51.47049,-23.54796],[-51.46964,-23.54786],[-51.46867,-23.54789]]}},{"type":"Feature","properties":{"name":null,"operator":null,"usage":null},"geometry":{"type":"LineString","coordinates":[[-51.46881,-23.54799],[-51.46778,-23.54799]]}},{"type":"Feature","properties":{"name":"Ramal de Curitiba","operator":"Rumo S/A","usage":"branch"},"geometry":{"type":"LineString","coordinates":[[-49.26021,-25.43987],[-49.25982,-25.44002],[-49.25958,-25.43998],[-49.25859,-25.43932]]}},{"type":"Feature","properties":{"name":null,"operator":"Rumo S/A","usage":null},"geometry":{"type":"LineString","coordinates":[[-49.25447,-25.43638],[-49.25519,-25.43676],[-49.25708,-25.43799],[-49.25797,-25.43879]]}},{"type":"Feature","properties":{"name":null,"operator":"Rumo S/A","usage":null},"geometry":{"type":"LineString","coordinates":[[-49.25764,-25.43845],[-49.25718,-25.43802],[-49.25527,-25.43676],[-49.25404,-25.43609]]}},{"type":"Feature","properties":{"name":null,"operator":"ALL","usage":null},"geometry":{"type":"LineString","coordinates":[[-50.06558,-25.22111],[-50.06589,-25.21944],[-50.06659,-25.21424],[-50.06682,-25.21315]]}},{"type":"Feature","properties":{"name":null,"operator":"ALL","usage":null},"geometry":{"type":"LineString","coordinates":[[-50.06394,-25.22558],[-50.06517,-25.22289],[-50.0658,-25.22073],[-50.06662,-25.21496],[-50.06666,-25.2141]]}},{"type":"Feature","properties":{"name":null,"operator":"ALL","usage":null},"geometry":{"type":"LineString","coordinates":[[-50.06364,-25.22608],[-50.06509,-25.22285],[-50.06573,-25.22065],[-50.06669,-25.21377]]}},{"type":"Feature","properties":{"name":null,"operator":"ALL","usage":null},"geometry":{"type":"LineString","coordinates":[[-50.06382,-25.22577],[-50.06487,-25.2237],[-50.06541,-25.22231],[-50.06574,-25.22116],[-50.06595,-25.22011],[-50.06667,-25.21456]]}},{"type":"Feature","properties":{"name":null,"operator":"ALL","usage":null},"geometry":{"type":"LineString","coordinates":[[-50.05955,-25.23181],[-50.06145,-25.22969],[-50.06272,-25.22783],[-50.06382,-25.22577],[-50.06513,-25.22287],[-50.06577,-25.22068],[-50.06666,-25.21432]]}},{"type":"Feature","properties":{"name":null,"operator":null,"usage":null},"geometry":{"type":"LineString","coordinates":[[-50.06661,-25.21348],[-50.066,-25.21794]]}},{"type":"Feature","properties":{"name":null,"operator":null,"usage":null},"geometry":{"type":"LineString","coordinates":[[-50.06599,-25.21773],[-50.06653,-25.21373]]}},{"type":"Feature","properties":{"name":null,"operator":null,"usage":null},"geometry":{"type":"LineString","coordinates":[[-50.06601,-25.2182],[-50.06656,-25.21375],[-50.06672,-25.21319]]}},{"type":"Feature","properties":{"name":null,"operator":null,"usage":null},"geometry":{"type":"LineString","coordinates":[[-50.06647,-25.2139],[-50.06598,-25.21753]]}},{"type":"Feature","properties":{"name":null,"operator":null,"usage":null},"geometry":{"type":"LineString","coordinates":[[-50.0668,-25.21289],[-50.06659,-25.21392],[-50.06602,-25.21847]]}},{"type":"Feature","properties":{"name":"Ramal de São Francisco","operator":"Rumo S/A","usage":"main"},"geometry":{"type":"LineString","coordinates":[[-49.02192,-26.47791],[-49.02202,-26.47841]]}},{"type":"Feature","properties":{"name":"Ramal de São Francisco","operator":"Rumo S/A","usage":"main"},"geometry":{"type":"LineString","coordinates":[[-49.01468,-26.47701],[-49.01539,-26.47717],[-49.01831,-26.47737],[-49.01993,-26.47684],[-49.0206,-26.47674],[-49.02102,-26.47683],[-49.02144,-26.47707],[-49.02174,-26.47742],[-49.02192,-26.47791]]}},{"type":"Feature","properties":{"name":null,"operator":null,"usage":"industrial"},"geometry":{"type":"LineString","coordinates":[[-51.2159,-23.28041],[-51.21294,-23.28028]]}},{"type":"Feature","properties":{"name":null,"operator":null,"usage":"industrial"},"geometry":{"type":"LineString","coordinates":[[-51.21701,-23.28043],[-51.21216,-23.28022]]}},{"type":"Feature","properties":{"name":null,"operator":null,"usage":"industrial"},"geometry":{"type":"LineString","coordinates":[[-51.21676,-23.28038],[-51.21721,-23.28044]]}},{"type":"Feature","properties":{"name":null,"operator":null,"usage":"industrial"},"geometry":{"type":"LineString","coordinates":[[-51.21636,-23.28017],[-51.21472,-23.27964],[-51.21626,-23.28009]]}},{"type":"Feature","properties":{"name":null,"operator":null,"usage":"industrial"},"geometry":{"type":"LineString","coordinates":[[-51.21683,-23.28035],[-51.21626,-23.28009]]}},{"type":"Feature","properties":{"name":null,"operator":null,"usage":"industrial"},"geometry":{"type":"LineString","coordinates":[[-51.21708,-23.28042],[-51.21636,-23.28017]]}},{"type":"Feature","properties":{"name":null,"operator":null,"usage":"industrial"},"geometry":{"type":"LineString","coordinates":[[-51.21259,-23.27948],[-51.21212,-23.27939],[-51.20981,-23.27933]]}},{"type":"Feature","properties":{"name":null,"operator":null,"usage":"industrial"},"geometry":{"type":"LineString","coordinates":[[-51.21336,-23.27952],[-51.20966,-23.27932]]}},{"type":"Feature","properties":{"name":null,"operator":null,"usage":"industrial"},"geometry":{"type":"LineString","coordinates":[[-51.21146,-23.27964],[-51.20857,-23.27948],[-51.20737,-23.27951],[-51.2064,-23.27963]]}},{"type":"Feature","properties":{"name":null,"operator":null,"usage":"industrial"},"geometry":{"type":"LineString","coordinates":[[-51.21216,-23.28022],[-51.21153,-23.28013]]}},{"type":"Feature","properties":{"name":null,"operator":null,"usage":"industrial"},"geometry":{"type":"LineString","coordinates":[[-51.21461,-23.2801],[-51.20721,-23.2797]]}},{"type":"Feature","properties":{"name":null,"operator":null,"usage":"industrial"},"geometry":{"type":"LineString","coordinates":[[-51.2137,-23.27993],[-51.20823,-23.27964]]}},{"type":"Feature","properties":{"name":null,"operator":null,"usage":"industrial"},"geometry":{"type":"LineString","coordinates":[[-51.20819,-23.27967],[-51.21353,-23.27996]]}},{"type":"Feature","properties":{"name":null,"operator":null,"usage":"industrial"},"geometry":{"type":"LineString","coordinates":[[-51.21444,-23.28008],[-51.21353,-23.27996]]}},{"type":"Feature","properties":{"name":null,"operator":null,"usage":"industrial"},"geometry":{"type":"LineString","coordinates":[[-51.21632,-23.28035],[-51.2137,-23.27993]]}},{"type":"Feature","properties":{"name":null,"operator":null,"usage":"industrial"},"geometry":{"type":"LineString","coordinates":[[-51.21537,-23.28022],[-51.2058,-23.27971]]}},{"type":"Feature","properties":{"name":null,"operator":null,"usage":"industrial"},"geometry":{"type":"LineString","coordinates":[[-51.20555,-23.27973],[-51.21621,-23.2803]]}},{"type":"Feature","properties":{"name":null,"operator":null,"usage":"industrial"},"geometry":{"type":"LineString","coordinates":[[-51.20683,-23.27972],[-51.21493,-23.28016]]}},{"type":"Feature","properties":{"name":null,"operator":null,"usage":"industrial"},"geometry":{"type":"LineString","coordinates":[[-51.21568,-23.28032],[-51.22075,-23.2805]]}},{"type":"Feature","properties":{"name":null,"operator":null,"usage":"industrial"},"geometry":{"type":"LineString","coordinates":[[-51.21336,-23.27952],[-51.21389,-23.2796],[-51.21557,-23.28016],[-51.21668,-23.28037]]}},{"type":"Feature","properties":{"name":null,"operator":null,"usage":"industrial"},"geometry":{"type":"LineString","coordinates":[[-51.21094,-23.28041],[-51.20623,-23.28041]]}},{"type":"Feature","properties":{"name":null,"operator":null,"usage":"industrial"},"geometry":{"type":"LineString","coordinates":[[-51.21243,-23.28018],[-51.21189,-23.28023],[-51.21122,-23.28041],[-51.20609,-23.28037]]}},{"type":"Feature","properties":{"name":null,"operator":null,"usage":"industrial"},"geometry":{"type":"LineString","coordinates":[[-51.21046,-23.28003],[-51.21014,-23.28005]]}},{"type":"Feature","properties":{"name":null,"operator":null,"usage":"industrial"},"geometry":{"type":"LineString","coordinates":[[-51.20823,-23.27964],[-51.20756,-23.27969]]}},{"type":"Feature","properties":{"name":null,"operator":null,"usage":"industrial"},"geometry":{"type":"LineString","coordinates":[[-51.21146,-23.27968],[-51.20828,-23.27951],[-51.20523,-23.27975]]}},{"type":"Feature","properties":{"name":null,"operator":null,"usage":"industrial"},"geometry":{"type":"LineString","coordinates":[[-51.20819,-23.27967],[-51.20557,-23.27977]]}},{"type":"Feature","properties":{"name":null,"operator":null,"usage":"industrial"},"geometry":{"type":"LineString","coordinates":[[-51.21568,-23.28032],[-51.20456,-23.27975]]}},{"type":"Feature","properties":{"name":"Estrada de Ferro São Paulo-Paraná","operator":"Rumo S/A","usage":"main"},"geometry":{"type":"LineString","coordinates":[[-51.23542,-23.28011],[-51.23435,-23.28032],[-51.23361,-23.28033],[-51.23297,-23.28024],[-51.23181,-23.27983],[-51.22868,-23.27851],[-51.22816,-23.27836],[-51.22731,-23.27828],[-51.22632,-23.2784],[-51.22565,-23.27862],[-51.22496,-23.27902],[-51.22347,-23.28014],[-51.22275,-23.28046],[-51.22182,-23.28065],[-51.20437,-23.27974]]}},{"type":"Feature","properties":{"name":null,"operator":"Rumo S/A","usage":null},"geometry":{"type":"LineString","coordinates":[[-49.80698,-26.10502],[-49.80544,-26.10786],[-49.80464,-26.10955],[-49.80432,-26.10992],[-49.80375,-26.11033]]}},{"type":"Feature","properties":{"name":null,"operator":"Rumo S/A","usage":null},"geometry":{"type":"LineString","coordinates":[[-49.79786,-26.1127],[-49.79848,-26.11266],[-49.79958,-26.11301],[-49.80087,-26.11276],[-49.80108,-26.11257],[-49.8016,-26.11174]]}},{"type":"Feature","properties":{"name":"Ramal de São Francisco","operator":"Rumo S/A","usage":"main"},"geometry":{"type":"LineString","coordinates":[[-49.80406,-26.11017],[-49.8035,-26.1105]]}},{"type":"Feature","properties":{"name":null,"operator":"ALL","usage":null},"geometry":{"type":"LineString","coordinates":[[-49.8008,-26.11225],[-49.80145,-26.11185]]}},{"type":"Feature","properties":{"name":"Ramal de São Francisco","operator":"Rumo S/A","usage":"main"},"geometry":{"type":"LineString","coordinates":[[-49.8035,-26.1105],[-49.80219,-26.11134]]}},{"type":"Feature","properties":{"name":null,"operator":"Rumo S/A","usage":null},"geometry":{"type":"LineString","coordinates":[[-49.7967,-26.11271],[-49.79837,-26.11241],[-49.79919,-26.11246]]}},{"type":"Feature","properties":{"name":null,"operator":"ALL","usage":null},"geometry":{"type":"LineString","coordinates":[[-49.80084,-26.11247],[-49.80167,-26.11168]]}},{"type":"Feature","properties":{"name":"Tronco Principal Sul","operator":"Rumo S/A","usage":"main"},"geometry":{"type":"LineString","coordinates":[[-50.11078,-26.358],[-50.11036,-26.35795]]}},{"type":"Feature","properties":{"name":"Tronco Principal Sul","operator":"Rumo S/A","usage":"main"},"geometry":{"type":"LineString","coordinates":[[-50.03052,-26.37895],[-50.03009,-26.37854]]}},{"type":"Feature","properties":{"name":"Tronco Principal Sul","operator":"Rumo S/A","usage":"main"},"geometry":{"type":"LineString","coordinates":[[-50.03009,-26.37854],[-50.02859,-26.37703],[-50.02736,-26.37597],[-50.02689,-26.37557],[-50.02635,-26.37532],[-50.02521,-26.37499],[-50.02116,-26.37503],[-50.02056,-26.37496],[-50.01964,-26.37466],[-50.01859,-26.37406],[-50.01826,-26.37372],[-50.0175,-26.3724],[-50.01522,-26.36746],[-50.01449,-26.36663],[-50.01413,-26.36637],[-50.01327,-26.366],[-50.01292,-26.36595],[-50.01203,-26.36595],[-50.00467,-26.36664],[-50.00364,-26.36701],[-50.00218,-26.36867],[-50.00167,-26.36908],[-50.00098,-26.36944],[-50.00033,-26.3696],[-49.99908,-26.3697],[-49.98534,-26.36697],[-49.98414,-26.36676],[-49.98316,-26.36682],[-49.98224,-26.36721],[-49.98147,-26.36775],[-49.97822,-26.37265],[-49.97692,-26.37388],[-49.97252,-26.37606],[-49.97133,-26.37641],[-49.97018,-26.37634],[-49.96787,-26.37577]]}},{"type":"Feature","properties":{"name":"Tronco Principal Sul","operator":"Rumo S/A","usage":"main"},"geometry":{"type":"LineString","coordinates":[[-50.08742,-26.35461],[-50.08673,-26.35451],[-50.08587,-26.35427],[-50.08445,-26.35345],[-50.08327,-26.35291],[-50.08196,-26.35257],[-50.08084,-26.35244],[-50.07822,-26.3525],[-50.07408,-26.35274],[-50.07336,-26.35293],[-50.07237,-26.35347],[-50.07167,-26.35412],[-50.06737,-26.36117],[-50.06684,-26.3619],[-50.06629,-26.36235],[-50.06554,-26.36276],[-50.06038,-26.36456],[-50.05972,-26.36491],[-50.05821,-26.3668],[-50.05726,-26.36816],[-50.05692,-26.36942],[-50.05726,-26.374],[-50.05692,-26.37517],[-50.05509,-26.37791],[-50.05446,-26.37851],[-50.0518,-26.38049],[-50.0512,-26.38117],[-50.05081,-26.38186],[-50.05004,-26.38469],[-50.04961,-26.3858],[-50.0493,-26.38629],[-50.04872,-26.38685],[-50.04816,-26.38721],[-50.04758,-26.38748],[-50.04695,-26.38762]]}},{"type":"Feature","properties":{"name":"Tronco Principal Sul","operator":"Rumo S/A","usage":"main"},"geometry":{"type":"LineString","coordinates":[[-49.85381,-25.48908],[-49.85331,-25.48938],[-49.85237,-25.49015],[-49.84493,-25.4975],[-49.84386,-25.49888],[-49.84311,-25.50029],[-49.8426,-25.5018],[-49.84234,-25.50326],[-49.84205,-25.50752],[-49.84184,-25.5092],[-49.84144,-25.51131],[-49.84094,-25.51332],[-49.84055,-25.51453],[-49.839,-25.51819],[-49.83829,-25.52027],[-49.83811,-25.52206],[-49.83817,-25.52337],[-49.83883,-25.52641],[-49.83891,-25.52736],[-49.83885,-25.52831],[-49.83868,-25.52908],[-49.83805,-25.53052],[-49.83769,-25.53107],[-49.8368,-25.53201],[-49.83577,-25.5327],[-49.82264,-25.53885],[-49.82106,-25.53979],[-49.81985,-25.54082],[-49.81878,-25.54194],[-49.81808,-25.54298],[-49.816,-25.54678],[-49.81482,-25.54816],[-49.81326,-25.54932],[-49.81014,-25.55083]]}},{"type":"Feature","properties":{"name":"Tronco Principal Sul","operator":"Rumo S/A","usage":"main"},"geometry":{"type":"LineString","coordinates":[[-49.77428,-25.57617],[-49.77093,-25.57826],[-49.7689,-25.5792],[-49.76799,-25.57948],[-49.76347,-25.58037],[-49.76136,-25.58042],[-49.75592,-25.57979],[-49.75357,-25.57977],[-49.75119,-25.57993],[-49.74876,-25.5803],[-49.7467,-25.5811],[-49.74583,-25.58172],[-49.74401,-25.58343],[-49.74261,-25.58503],[-49.74198,-25.58614],[-49.74173,-25.58705],[-49.74161,-25.58824],[-49.74169,-25.58928],[-49.74271,-25.59347],[-49.74328,-25.59618],[-49.74342,-25.59892],[-49.74319,-25.60077],[-49.74277,-25.6026],[-49.74273,-25.60463],[-49.74237,-25.6058],[-49.74203,-25.60633],[-49.74154,-25.60686]]}},{"type":"Feature","properties":{"name":"Tronco Principal Sul","operator":"Rumo S/A","usage":"main"},"geometry":{"type":"LineString","coordinates":[[-49.77497,-25.57573],[-49.77428,-25.57617]]}},{"type":"Feature","properties":{"name":null,"operator":"Rumo S/A","usage":null},"geometry":{"type":"LineString","coordinates":[[-49.74044,-25.608],[-49.73961,-25.60857],[-49.73875,-25.60895],[-49.73778,-25.60909],[-49.73697,-25.60904],[-49.72665,-25.60523]]}},{"type":"Feature","properties":{"name":"Tronco Principal Sul","operator":"Rumo S/A","usage":"main"},"geometry":{"type":"LineString","coordinates":[[-49.74154,-25.60686],[-49.74089,-25.60757]]}},{"type":"Feature","properties":{"name":"Tronco Principal Sul","operator":"Rumo S/A","usage":"main"},"geometry":{"type":"LineString","coordinates":[[-49.74427,-25.62546],[-49.74414,-25.62512]]}},{"type":"Feature","properties":{"name":"Tronco Principal Sul","operator":"Rumo S/A","usage":"main"},"geometry":{"type":"LineString","coordinates":[[-49.74414,-25.62512],[-49.74344,-25.62334],[-49.74082,-25.62051],[-49.74049,-25.61999],[-49.73795,-25.61444]]}},{"type":"Feature","properties":{"name":"Tronco Principal Sul","operator":"Rumo S/A","usage":"main"},"geometry":{"type":"LineString","coordinates":[[-49.7456,-25.62912],[-49.74427,-25.62546]]}},{"type":"Feature","properties":{"name":"Tronco Principal Sul","operator":"Rumo S/A","usage":"main"},"geometry":{"type":"LineString","coordinates":[[-49.74572,-25.62945],[-49.7456,-25.62912]]}},{"type":"Feature","properties":{"name":"Tronco Principal Sul","operator":"Rumo S/A","usage":"main"},"geometry":{"type":"LineString","coordinates":[[-49.73361,-25.76004],[-49.73464,-25.7469],[-49.73462,-25.74552],[-49.73425,-25.74432],[-49.73375,-25.74355],[-49.73317,-25.74281],[-49.72908,-25.73892],[-49.72861,-25.73817],[-49.72846,-25.73763],[-49.72868,-25.72472],[-49.72888,-25.72386],[-49.7292,-25.7232],[-49.73113,-25.71987],[-49.73144,-25.71918],[-49.73158,-25.71833],[-49.73146,-25.71761],[-49.73024,-25.71514],[-49.72998,-25.71439],[-49.7295,-25.71177],[-49.72929,-25.71115],[-49.72884,-25.71045],[-49.72798,-25.7097]]}},{"type":"Feature","properties":{"name":"Tronco Principal Sul","operator":"Rumo S/A","usage":"main"},"geometry":{"type":"LineString","coordinates":[[-49.7336,-25.76052],[-49.73361,-25.76004]]}},{"type":"Feature","properties":{"name":"Tronco Principal Sul","operator":"Rumo S/A","usage":"main"},"geometry":{"type":"LineString","coordinates":[[-49.75128,-25.94271],[-49.75074,-25.9414]]}},{"type":"Feature","properties":{"name":"Tronco Principal Sul","operator":"Rumo S/A","usage":"main"},"geometry":{"type":"LineString","coordinates":[[-49.75074,-25.9414],[-49.74799,-25.93462],[-49.74765,-25.93395],[-49.74725,-25.93337],[-49.74189,-25.92816]]}},{"type":"Feature","properties":{"name":"Tronco Principal Sul","operator":"Rumo S/A","usage":"main"},"geometry":{"type":"LineString","coordinates":[[-49.72777,-25.70952],[-49.72614,-25.70813],[-49.7257,-25.70722],[-49.72553,-25.70633],[-49.72649,-25.70105],[-49.72718,-25.69979],[-49.7289,-25.69831],[-49.72954,-25.69722],[-49.73051,-25.69331],[-49.73287,-25.68935],[-49.73416,-25.68524],[-49.73474,-25.68452],[-49.73568,-25.68386],[-49.73752,-25.6828],[-49.73816,-25.68222],[-49.73853,-25.68149],[-49.73874,-25.68086],[-49.7387,-25.67854],[-49.73994,-25.67575],[-49.73985,-25.67486],[-49.73868,-25.67319],[-49.73851,-25.67268],[-49.73857,-25.67229],[-49.73888,-25.67163],[-49.74046,-25.6701],[-49.74071,-25.66941],[-49.74088,-25.66763],[-49.74278,-25.66253],[-49.7428,-25.66184],[-49.74258,-25.66127],[-49.74215,-25.66069],[-49.74156,-25.66023],[-49.73888,-25.6595],[-49.7383,-25.65922],[-49.73778,-25.6587],[-49.73753,-25.65802],[-49.73852,-25.64782],[-49.73868,-25.64677],[-49.7389,-25.64629],[-49.73978,-25.64522],[-49.73999,-25.64449],[-49.73989,-25.64289],[-49.74013,-25.64234],[-49.74089,-25.64169],[-49.74202,-25.64131],[-49.74291,-25.64062],[-49.74319,-25.64007],[-49.74371,-25.6367],[-49.74591,-25.63381],[-49.74643,-25.63295],[-49.74658,-25.63224],[-49.74651,-25.63164],[-49.74572,-25.62945]]}},{"type":"Feature","properties":{"name":"Tronco Principal Sul","operator":"Rumo S/A","usage":"main"},"geometry":{"type":"LineString","coordinates":[[-49.72798,-25.7097],[-49.72777,-25.70952]]}},{"type":"Feature","properties":{"name":"Tronco Principal Sul","operator":"Rumo S/A","usage":"main"},"geometry":{"type":"LineString","coordinates":[[-49.74537,-25.80758],[-49.74423,-25.80635]]}},{"type":"Feature","properties":{"name":"Tronco Principal Sul","operator":"Rumo S/A","usage":"main"},"geometry":{"type":"LineString","coordinates":[[-49.74423,-25.80635],[-49.74367,-25.80577],[-49.74327,-25.80518],[-49.74298,-25.8045],[-49.74169,-25.79992],[-49.7415,-25.79892],[-49.74163,-25.79813],[-49.742,-25.79741],[-49.74448,-25.79514],[-49.74477,-25.79478],[-49.74512,-25.79412],[-49.74528,-25.79347],[-49.7453,-25.79273],[-49.74469,-25.79016],[-49.74426,-25.78878],[-49.7436,-25.78758],[-49.74264,-25.78632],[-49.73781,-25.7821],[-49.73749,-25.78152],[-49.73725,-25.78074],[-49.73725,-25.78021],[-49.7374,-25.77961],[-49.73791,-25.77873],[-49.73889,-25.77801],[-49.74132,-25.77703],[-49.74175,-25.77671],[-49.74207,-25.77635],[-49.74242,-25.77579],[-49.74282,-25.77461],[-49.7429,-25.77399],[-49.74286,-25.77335],[-49.74271,-25.77281],[-49.74208,-25.77183],[-49.73459,-25.76355],[-49.73409,-25.76264],[-49.73375,-25.7617],[-49.7336,-25.76097],[-49.7336,-25.76052]]}},{"type":"Feature","properties":{"name":"Tronco Principal Sul","operator":"Rumo S/A","usage":"main"},"geometry":{"type":"LineString","coordinates":[[-49.74154,-25.92782],[-49.73976,-25.92596],[-49.73918,-25.92506],[-49.73856,-25.92346],[-49.73803,-25.92121],[-49.73775,-25.91569],[-49.73746,-25.9148],[-49.73645,-25.91258],[-49.73638,-25.91172],[-49.73653,-25.9109],[-49.73716,-25.90996],[-49.73764,-25.90957],[-49.74344,-25.90763],[-49.74398,-25.90728],[-49.74432,-25.90693],[-49.74459,-25.90651],[-49.74489,-25.9057],[-49.74532,-25.90291],[-49.74554,-25.90202],[-49.74704,-25.89904],[-49.74752,-25.8984],[-49.75029,-25.89663],[-49.751,-25.89587],[-49.75163,-25.89428],[-49.75163,-25.89332],[-49.75138,-25.8925],[-49.75061,-25.89165],[-49.74728,-25.8899],[-49.74672,-25.88939],[-49.74628,-25.8887],[-49.74604,-25.8876],[-49.74583,-25.88535],[-49.74562,-25.88425],[-49.74508,-25.88328],[-49.74338,-25.88112],[-49.74304,-25.8802],[-49.74304,-25.8796],[-49.74316,-25.87895],[-49.74346,-25.87837],[-49.74379,-25.87795],[-49.74437,-25.87751],[-49.74691,-25.87623],[-49.74755,-25.87566],[-49.74794,-25.87502],[-49.74818,-25.87371],[-49.74804,-25.87305],[-49.74772,-25.87248],[-49.74716,-25.87191],[-49.74299,-25.86826],[-49.74254,-25.86759],[-49.74222,-25.86678],[-49.74217,-25.86611],[-49.74237,-25.86475],[-49.74542,-25.85228],[-49.74572,-25.85164],[-49.74813,-25.84829],[-49.74867,-25.84731],[-49.74874,-25.84672],[-49.74871,-25.84594],[-49.74856,-25.84532],[-49.74827,-25.84462],[-49.74435,-25.83886],[-49.74402,-25.83815],[-49.74342,-25.8356],[-49.7418,-25.8268],[-49.74171,-25.82582],[-49.74181,-25.8249],[-49.74208,-25.82372],[-49.74402,-25.8192],[-49.74419,-25.81859],[-49.74424,-25.81798],[-49.74411,-25.81649],[-49.7441,-25.81481],[-49.74449,-25.81395],[-49.74624,-25.81137],[-49.7465,-25.8109],[-49.74664,-25.81023],[-49.74665,-25.80964],[-49.74646,-25.80905],[-49.74622,-25.8086],[-49.74537,-25.80758]]}},{"type":"Feature","properties":{"name":"Tronco Principal Sul","operator":"Rumo S/A","usage":"main"},"geometry":{"type":"LineString","coordinates":[[-49.74189,-25.92816],[-49.74154,-25.92782]]}},{"type":"Feature","properties":{"name":"Estrada de Ferro Paraná Oeste","operator":"Estrada de Ferro Paraná Oeste S/A","usage":"main"},"geometry":{"type":"LineString","coordinates":[[-51.8715,-25.27487],[-51.87049,-25.27665],[-51.87017,-25.27773],[-51.86998,-25.2792],[-51.86944,-25.28635],[-51.86926,-25.28696],[-51.86876,-25.28775],[-51.86775,-25.28845],[-51.85987,-25.29134],[-51.85889,-25.29187],[-51.85532,-25.29434],[-51.85323,-25.29529],[-51.85092,-25.29567],[-51.84611,-25.29529],[-51.84511,-25.29535],[-51.84401,-25.2958],[-51.84323,-25.29645],[-51.84287,-25.29692],[-51.84267,-25.29753],[-51.84194,-25.30137],[-51.84203,-25.30214],[-51.84296,-25.30563],[-51.84311,-25.30697],[-51.84302,-25.30771],[-51.84242,-25.30903],[-51.83717,-25.31763],[-51.83476,-25.32026],[-51.83352,-25.3212],[-51.83229,-25.32197],[-51.82905,-25.32339],[-51.82008,-25.32535],[-51.81833,-25.32606],[-51.81724,-25.32684],[-51.81658,-25.32742],[-51.81326,-25.33096],[-51.81282,-25.33134],[-51.81174,-25.33203],[-51.81069,-25.33247],[-51.80891,-25.33275],[-51.80421,-25.33288],[-51.803,-25.33302],[-51.8016,-25.33332],[-51.79942,-25.33417],[-51.79782,-25.33509],[-51.79694,-25.33576],[-51.79621,-25.33644],[-51.79531,-25.33744],[-51.79137,-25.3424],[-51.79075,-25.34272],[-51.79002,-25.34296],[-51.78286,-25.34383],[-51.78145,-25.34431],[-51.78034,-25.345],[-51.77981,-25.34548],[-51.7792,-25.34617],[-51.77871,-25.34698],[-51.77849,-25.34757],[-51.77825,-25.34848],[-51.77798,-25.35148],[-51.77766,-25.35356],[-51.77704,-25.35507],[-51.77557,-25.3564],[-51.77264,-25.35857],[-51.77138,-25.3598],[-51.77002,-25.36188],[-51.76709,-25.36869],[-51.76416,-25.37503],[-51.76374,-25.37673],[-51.76374,-25.38212],[-51.76343,-25.38335],[-51.76278,-25.38447],[-51.76208,-25.38523],[-51.76101,-25.38597],[-51.76021,-25.38632],[-51.75877,-25.38665],[-51.75633,-25.38679],[-51.75502,-25.38708],[-51.75416,-25.38742],[-51.75335,-25.38781],[-51.75024,-25.38987],[-51.74899,-25.39082],[-51.74825,-25.3919],[-51.74784,-25.39309],[-51.74716,-25.39577],[-51.74687,-25.39654],[-51.74651,-25.3972],[-51.74576,-25.39792],[-51.74487,-25.39846],[-51.74382,-25.39869],[-51.7427,-25.39871],[-51.73303,-25.39767]]}},{"type":"Feature","properties":{"name":"Estrada de Ferro Paraná Oeste","operator":"Estrada de Ferro Paraná Oeste S/A","usage":"main"},"geometry":{"type":"LineString","coordinates":[[-51.87174,-25.27449],[-51.8715,-25.27487]]}},{"type":"Feature","properties":{"name":"Tronco Principal Sul","operator":"Rumo S/A","usage":"main"},"geometry":{"type":"LineString","coordinates":[[-50.00288,-25.01012],[-50.00118,-25.00983],[-49.99949,-25.00925]]}},{"type":"Feature","properties":{"name":"Tronco Principal Sul","operator":"Rumo S/A","usage":"main"},"geometry":{"type":"LineString","coordinates":[[-50.00325,-25.01017],[-50.00288,-25.01012]]}},{"type":"Feature","properties":{"name":"Estrada de Ferro Paraná Oeste","operator":"Estrada de Ferro Paraná Oeste S/A","usage":"main"},"geometry":{"type":"LineString","coordinates":[[-51.99582,-25.20485],[-51.99378,-25.20442]]}},{"type":"Feature","properties":{"name":"Estrada de Ferro Paraná Oeste","operator":"Estrada de Ferro Paraná Oeste S/A","usage":"main"},"geometry":{"type":"LineString","coordinates":[[-51.96905,-25.21021],[-51.96858,-25.21026],[-51.96753,-25.2101],[-51.96581,-25.20939],[-51.96495,-25.20919],[-51.95965,-25.20885],[-51.95841,-25.2086],[-51.95771,-25.20827],[-51.95683,-25.20754],[-51.95473,-25.2054],[-51.95417,-25.20495],[-51.95351,-25.20457],[-51.94823,-25.2022],[-51.9469,-25.20206],[-51.94603,-25.20228],[-51.94089,-25.20443],[-51.9403,-25.20449],[-51.93851,-25.20421],[-51.93748,-25.20422],[-51.93659,-25.20448],[-51.93602,-25.20482],[-51.9356,-25.2052],[-51.93528,-25.20563],[-51.93503,-25.20618],[-51.93491,-25.2066],[-51.93451,-25.21104],[-51.93433,-25.21199],[-51.9335,-25.21313],[-51.93119,-25.21427],[-51.93036,-25.21483],[-51.92973,-25.21597],[-51.92915,-25.21676],[-51.92855,-25.21737],[-51.92783,-25.21782],[-51.9267,-25.21804],[-51.92306,-25.21828],[-51.92197,-25.21806],[-51.92125,-25.21765],[-51.92052,-25.21701],[-51.91759,-25.21237],[-51.91707,-25.20953],[-51.91612,-25.2084],[-51.91455,-25.20773],[-51.9112,-25.20717],[-51.90943,-25.20679],[-51.90806,-25.20679],[-51.90587,-25.20754],[-51.90534,-25.20877],[-51.90534,-25.21001],[-51.90513,-25.21162],[-51.90283,-25.21607],[-51.90199,-25.21739],[-51.90116,-25.21796],[-51.90001,-25.21843],[-51.89708,-25.21862],[-51.89603,-25.21928],[-51.89509,-25.22099],[-51.89394,-25.22203],[-51.89142,-25.22307],[-51.88912,-25.22364],[-51.88766,-25.22411],[-51.88577,-25.22544],[-51.88431,-25.22572],[-51.8819,-25.22544],[-51.88054,-25.22544],[-51.87939,-25.22601],[-51.87771,-25.22752],[-51.87635,-25.228],[-51.87317,-25.22819],[-51.87179,-25.22848],[-51.87133,-25.22874],[-51.87067,-25.22942],[-51.87024,-25.23013],[-51.87012,-25.23078],[-51.87168,-25.23973],[-51.87204,-25.24051],[-51.87593,-25.24532],[-51.87713,-25.24709],[-51.87908,-25.25024],[-51.88023,-25.25232],[-51.88061,-25.25358],[-51.88085,-25.25485],[-51.881,-25.25749],[-51.88048,-25.26012],[-51.87968,-25.26225],[-51.87384,-25.27116],[-51.87174,-25.27449]]}},{"type":"Feature","properties":{"name":null,"operator":null,"usage":null},"geometry":{"type":"LineString","coordinates":[[-49.23384,-25.53517],[-49.23676,-25.5393],[-49.23782,-25.54118]]}},{"type":"Feature","properties":{"name":"Estrada de Ferro Central do Paraná","operator":"Rumo S/A","usage":"main"},"geometry":{"type":"LineString","coordinates":[[-50.37556,-24.9432],[-50.37586,-24.9434]]}},{"type":"Feature","properties":{"name":"Tronco Principal Sul","operator":"Rumo S/A","usage":"main"},"geometry":{"type":"LineString","coordinates":[[-49.99253,-25.30571],[-49.99188,-25.3061]]}},{"type":"Feature","properties":{"name":"Tronco Principal Sul","operator":"Rumo S/A","usage":"main"},"geometry":{"type":"LineString","coordinates":[[-49.99188,-25.3061],[-49.99013,-25.30714],[-49.98815,-25.30857],[-49.98406,-25.31225],[-49.98199,-25.31376],[-49.9774,-25.31691]]}},{"type":"Feature","properties":{"name":null,"operator":"Rumo S/A","usage":"main"},"geometry":{"type":"LineString","coordinates":[[-49.58537,-25.59988],[-49.58372,-25.5987],[-49.58219,-25.59798],[-49.58113,-25.59778],[-49.57954,-25.59767],[-49.57348,-25.59739],[-49.57273,-25.59747],[-49.56943,-25.59811],[-49.56569,-25.59894],[-49.56502,-25.599],[-49.56429,-25.59897],[-49.56288,-25.59867],[-49.56135,-25.59822]]}},{"type":"Feature","properties":{"name":null,"operator":"Rumo S/A","usage":"main"},"geometry":{"type":"LineString","coordinates":[[-49.58573,-25.60013],[-49.58537,-25.59988]]}},{"type":"Feature","properties":{"name":null,"operator":"Rumo S/A","usage":"main"},"geometry":{"type":"LineString","coordinates":[[-50.27227,-25.28206],[-50.27155,-25.28041],[-50.27103,-25.28008],[-50.27069,-25.28003],[-50.27011,-25.28022],[-50.26988,-25.28044],[-50.26956,-25.28105],[-50.26922,-25.28147],[-50.26675,-25.28324],[-50.26614,-25.28344],[-50.26442,-25.2834],[-50.26341,-25.28371],[-50.26313,-25.28371],[-50.2626,-25.28353],[-50.26238,-25.2833],[-50.26226,-25.28308],[-50.26225,-25.28266],[-50.2625,-25.28219],[-50.26398,-25.28133],[-50.26425,-25.2811],[-50.26439,-25.28084],[-50.26439,-25.28027],[-50.26424,-25.28],[-50.26375,-25.27968],[-50.26339,-25.27964],[-50.26311,-25.2797],[-50.26136,-25.28067],[-50.26105,-25.28077],[-50.26031,-25.28085],[-50.25928,-25.28074],[-50.2586,-25.28081],[-50.25583,-25.28169],[-50.25529,-25.28161],[-50.25444,-25.28092],[-50.25382,-25.28063],[-50.25066,-25.28044],[-50.24702,-25.27912],[-50.24606,-25.27858],[-50.24582,-25.27853],[-50.2455,-25.27856],[-50.24391,-25.27904],[-50.24347,-25.2791],[-50.24314,-25.27905],[-50.24259,-25.27874],[-50.23993,-25.27662],[-50.23924,-25.27618],[-50.23576,-25.27518],[-50.23492,-25.27461],[-50.23438,-25.27386],[-50.23334,-25.26976],[-50.23316,-25.26937],[-50.23281,-25.2691],[-50.23237,-25.26901],[-50.23197,-25.26908],[-50.23167,-25.26925],[-50.23135,-25.2695],[-50.23118,-25.26976],[-50.23099,-25.27036],[-50.23082,-25.27153],[-50.23068,-25.27183],[-50.2304,-25.27208],[-50.22997,-25.27222],[-50.22963,-25.27221],[-50.22927,-25.27205],[-50.22846,-25.27121],[-50.22809,-25.27108],[-50.2277,-25.27105],[-50.22727,-25.2712],[-50.22677,-25.27165],[-50.22646,-25.27218],[-50.22638,-25.27264],[-50.22648,-25.27318],[-50.22725,-25.27457],[-50.22738,-25.275],[-50.2275,-25.27702],[-50.22731,-25.27753],[-50.227,-25.27782],[-50.22599,-25.27826],[-50.22441,-25.27836],[-50.22339,-25.27869],[-50.22259,-25.27866],[-50.22205,-25.27839],[-50.22112,-25.27751],[-50.22085,-25.27713],[-50.21974,-25.27478],[-50.21973,-25.27434],[-50.21999,-25.27374],[-50.22001,-25.27346],[-50.21975,-25.2729],[-50.21916,-25.27256],[-50.21819,-25.27222],[-50.21679,-25.2712],[-50.2164,-25.27083],[-50.21615,-25.2702],[-50.21613,-25.26982],[-50.21635,-25.26886],[-50.21656,-25.26836],[-50.21688,-25.26792],[-50.21799,-25.26683],[-50.21811,-25.26656],[-50.21803,-25.26596],[-50.21758,-25.26555],[-50.21733,-25.26546],[-50.21703,-25.26543],[-50.216,-25.26562],[-50.2157,-25.26558],[-50.2154,-25.26542],[-50.21515,-25.26519],[-50.21502,-25.26493],[-50.21487,-25.26414],[-50.21466,-25.26377],[-50.21436,-25.2635],[-50.21404,-25.26334],[-50.21287,-25.26325],[-50.21246,-25.26312],[-50.21218,-25.26294],[-50.21199,-25.26269],[-50.21183,-25.26224],[-50.21191,-25.26153],[-50.21217,-25.26095],[-50.21263,-25.26038],[-50.21278,-25.25981],[-50.21275,-25.25946],[-50.21232,-25.25826],[-50.21237,-25.25678],[-50.21253,-25.25616],[-50.21295,-25.25548],[-50.21364,-25.25479],[-50.21422,-25.25463],[-50.21453,-25.25465],[-50.21567,-25.255],[-50.21661,-25.25493],[-50.22012,-25.25284],[-50.22076,-25.25232],[-50.22088,-25.25169],[-50.22077,-25.25137],[-50.22057,-25.25111],[-50.21947,-25.2503],[-50.21933,-25.25012],[-50.21796,-25.24757],[-50.2177,-25.24671],[-50.21764,-25.24554],[-50.21776,-25.24474],[-50.21839,-25.24313],[-50.21998,-25.24054],[-50.22003,-25.24027],[-50.22001,-25.23983],[-50.2198,-25.23939],[-50.21958,-25.23915],[-50.21853,-25.23854],[-50.21842,-25.23833],[-50.21837,-25.23789],[-50.21853,-25.23745],[-50.2187,-25.23726],[-50.21899,-25.23711],[-50.21951,-25.23699],[-50.22326,-25.23658],[-50.22379,-25.2364],[-50.22399,-25.2362],[-50.22413,-25.23576],[-50.22406,-25.23536],[-50.2239,-25.23509],[-50.22309,-25.23457],[-50.22288,-25.23434],[-50.2225,-25.23373],[-50.22245,-25.23351],[-50.22247,-25.23322],[-50.22337,-25.23166],[-50.22347,-25.2311],[-50.22341,-25.23059],[-50.22327,-25.23024],[-50.22305,-25.23],[-50.22248,-25.22977],[-50.22218,-25.22976],[-50.22184,-25.22986],[-50.22066,-25.2305],[-50.2196,-25.2304],[-50.21834,-25.23041],[-50.21471,-25.22879],[-50.21405,-25.22894],[-50.21325,-25.2297],[-50.2127,-25.22998],[-50.21221,-25.23001],[-50.21168,-25.22979],[-50.2098,-25.22751],[-50.20956,-25.22688],[-50.20946,-25.22553],[-50.20874,-25.2239],[-50.20861,-25.22332],[-50.20874,-25.2228],[-50.20892,-25.22249],[-50.21188,-25.22005],[-50.21198,-25.21971],[-50.21195,-25.21933],[-50.21184,-25.2191],[-50.21161,-25.21884],[-50.21128,-25.21872],[-50.21095,-25.21869],[-50.21057,-25.21879],[-50.21028,-25.21899],[-50.20971,-25.21985],[-50.20941,-25.22013],[-50.2082,-25.22087],[-50.20786,-25.221],[-50.20684,-25.22113],[-50.20638,-25.22101],[-50.20471,-25.22031],[-50.20432,-25.22005],[-50.2038,-25.21943],[-50.20329,-25.21811],[-50.20325,-25.21779],[-50.2038,-25.21508],[-50.20376,-25.21303],[-50.20365,-25.21266],[-50.20325,-25.21224],[-50.20215,-25.21136],[-50.20176,-25.20983],[-50.20158,-25.20946],[-50.20138,-25.20922],[-50.20049,-25.20871],[-50.20007,-25.20809],[-50.20011,-25.20703],[-50.20031,-25.20565],[-50.2015,-25.20348],[-50.20171,-25.20301],[-50.20175,-25.20271],[-50.2015,-25.20216],[-50.20107,-25.20186],[-50.20071,-25.20177],[-50.19902,-25.20182],[-50.19863,-25.20165],[-50.1983,-25.20115],[-50.19831,-25.20073],[-50.19839,-25.20053],[-50.19937,-25.19904],[-50.19946,-25.19855],[-50.19924,-25.19807],[-50.19832,-25.19735],[-50.19798,-25.19697],[-50.19781,-25.19656],[-50.19781,-25.19606],[-50.19803,-25.19553],[-50.19915,-25.19419],[-50.19922,-25.19365],[-50.19902,-25.19318],[-50.1978,-25.19221],[-50.19761,-25.19199],[-50.19744,-25.19157],[-50.19747,-25.19092],[-50.19804,-25.18987],[-50.19816,-25.18948],[-50.19822,-25.18892],[-50.19817,-25.18827],[-50.19792,-25.18744],[-50.19583,-25.18214],[-50.19524,-25.17947],[-50.19531,-25.17875],[-50.19554,-25.17783],[-50.19705,-25.17541]]}},{"type":"Feature","properties":{"name":null,"operator":"Rumo S/A","usage":"main"},"geometry":{"type":"LineString","coordinates":[[-50.27242,-25.28227],[-50.27227,-25.28206]]}},{"type":"Feature","properties":{"name":"Estrada de Ferro Engenheiro Bley","operator":"Rumo S/A","usage":"main"},"geometry":{"type":"LineString","coordinates":[[-49.21444,-25.50777],[-49.21001,-25.50311],[-49.20884,-25.50174],[-49.20407,-25.49471],[-49.20356,-25.49384],[-49.20281,-25.49223],[-49.20063,-25.4863],[-49.20016,-25.48439],[-49.19793,-25.46885],[-49.19791,-25.4669],[-49.19804,-25.46579],[-49.19887,-25.46179]]}},{"type":"Feature","properties":{"name":"Estrada de Ferro Engenheiro Bley","operator":"Rumo S/A","usage":"main"},"geometry":{"type":"LineString","coordinates":[[-49.21473,-25.50812],[-49.21444,-25.50777]]}},{"type":"Feature","properties":{"name":"Estrada de Ferro Engenheiro Bley","operator":"Rumo S/A","usage":"main"},"geometry":{"type":"LineString","coordinates":[[-48.92031,-25.43859],[-48.92021,-25.4387]]}},{"type":"Feature","properties":{"name":"Estrada de Ferro Engenheiro Bley","operator":"Rumo S/A","usage":"main"},"geometry":{"type":"LineString","coordinates":[[-48.92021,-25.4387],[-48.91973,-25.43905],[-48.91863,-25.43949],[-48.91826,-25.43953],[-48.91733,-25.43943],[-48.91634,-25.43982],[-48.91585,-25.4399],[-48.91408,-25.43975],[-48.9132,-25.43922],[-48.9128,-25.4391],[-48.91105,-25.43927],[-48.91005,-25.43953],[-48.90894,-25.43944],[-48.90859,-25.43948],[-48.90797,-25.43966],[-48.9076,-25.43987],[-48.90624,-25.44113]]}},{"type":"Feature","properties":{"name":null,"operator":"Rumo S/A","usage":"main"},"geometry":{"type":"LineString","coordinates":[[-49.42908,-25.57609],[-49.42824,-25.57567],[-49.42687,-25.57479],[-49.42539,-25.57346],[-49.41678,-25.5635],[-49.4159,-25.56277],[-49.41369,-25.56125]]}},{"type":"Feature","properties":{"name":null,"operator":"Rumo S/A","usage":"main"},"geometry":{"type":"LineString","coordinates":[[-49.72145,-25.60417],[-49.72008,-25.60396],[-49.71888,-25.60368]]}},{"type":"Feature","properties":{"name":null,"operator":"Rumo S/A","usage":"main"},"geometry":{"type":"LineString","coordinates":[[-49.72243,-25.60429],[-49.72145,-25.60417]]}},{"type":"Feature","properties":{"name":"Estrada de Ferro Central do Paraná","operator":"Rumo S/A","usage":"main"},"geometry":{"type":"LineString","coordinates":[[-50.86837,-24.40542],[-50.86822,-24.40535]]}},{"type":"Feature","properties":{"name":"Estrada de Ferro Central do Paraná","operator":"Rumo S/A","usage":"main"},"geometry":{"type":"LineString","coordinates":[[-50.86822,-24.40535],[-50.86742,-24.40495]]}},{"type":"Feature","properties":{"name":"Estrada de Ferro Central do Paraná","operator":"Rumo S/A","usage":"main"},"geometry":{"type":"LineString","coordinates":[[-50.86742,-24.40495],[-50.86568,-24.40394]]}},{"type":"Feature","properties":{"name":"Ramal de São Francisco","operator":"Rumo S/A","usage":"main"},"geometry":{"type":"LineString","coordinates":[[-49.51333,-26.26385],[-49.51263,-26.2636],[-49.51201,-26.26313],[-49.51056,-26.26106],[-49.51014,-26.26084],[-49.50978,-26.26076],[-49.50942,-26.26075],[-49.50891,-26.26087],[-49.50843,-26.26116],[-49.50823,-26.26138],[-49.50803,-26.26192],[-49.50798,-26.26297],[-49.50833,-26.26502],[-49.50824,-26.26554],[-49.50799,-26.26594],[-49.50743,-26.26641],[-49.50689,-26.26662]]}},{"type":"Feature","properties":{"name":"Ramal de São Francisco","operator":"Rumo S/A","usage":"main"},"geometry":{"type":"LineString","coordinates":[[-49.51534,-26.26082],[-49.51527,-26.26123],[-49.51542,-26.26254],[-49.51536,-26.26293],[-49.5152,-26.26327],[-49.51472,-26.26367],[-49.51437,-26.2638],[-49.51401,-26.26387],[-49.51333,-26.26385]]}},{"type":"Feature","properties":{"name":null,"operator":"Rumo S/A","usage":"main"},"geometry":{"type":"LineString","coordinates":[[-49.22944,-25.52938],[-49.21473,-25.50812]]}},{"type":"Feature","properties":{"name":null,"operator":null,"usage":null},"geometry":{"type":"LineString","coordinates":[[-49.23064,-25.5315],[-49.23692,-25.54061]]}},{"type":"Feature","properties":{"name":null,"operator":null,"usage":null},"geometry":{"type":"LineString","coordinates":[[-49.23315,-25.53542],[-49.2311,-25.5324]]}},{"type":"Feature","properties":{"name":null,"operator":"Rumo S/A","usage":null},"geometry":{"type":"LineString","coordinates":[[-49.25888,-25.43953],[-49.25858,-25.43922],[-49.25846,-25.4388],[-49.25871,-25.4378],[-49.25898,-25.43735],[-49.25989,-25.43646]]}},{"type":"Feature","properties":{"name":"Ferrovia do Minuano","operator":"Klabin S.A.;Rumo S/A","usage":"branch"},"geometry":{"type":"LineString","coordinates":[[-50.82039,-24.29573],[-50.82137,-24.29612],[-50.82228,-24.29625],[-50.8238,-24.29606],[-50.8246,-24.29572],[-50.83038,-24.29223],[-50.83205,-24.29113],[-50.83673,-24.28771],[-50.83761,-24.28721],[-50.83857,-24.28691],[-50.83973,-24.28673],[-50.84106,-24.28664],[-50.85602,-24.28694],[-50.85815,-24.28686],[-50.85954,-24.28652],[-50.86056,-24.28599],[-50.8706,-24.28014],[-50.87201,-24.27952],[-50.87636,-24.27784],[-50.87738,-24.27717],[-50.87933,-24.2757],[-50.88041,-24.27535],[-50.88129,-24.27529],[-50.88235,-24.27543],[-50.88724,-24.27714],[-50.88825,-24.27756],[-50.88916,-24.27803],[-50.89007,-24.27862],[-50.89459,-24.28235],[-50.89521,-24.28309],[-50.89553,-24.2838],[-50.89564,-24.28447],[-50.89559,-24.2852],[-50.8952,-24.28616],[-50.89484,-24.28664],[-50.8934,-24.28779]]}},{"type":"Feature","properties":{"name":null,"operator":"Codapar","usage":null},"geometry":{"type":"LineString","coordinates":[[-52.00987,-23.44539],[-52.00917,-23.44551],[-52.00579,-23.44569]]}},{"type":"Feature","properties":{"name":null,"operator":"Multitrans Transporte e Armazéns Gerais Ltda;Rumo S/A","usage":null},"geometry":{"type":"LineString","coordinates":[[-52.01378,-23.44518],[-52.01504,-23.44502],[-52.01608,-23.44477],[-52.01769,-23.44408]]}},{"type":"Feature","properties":{"name":null,"operator":"Rumo S/A;Cargill Agrícola S/A","usage":"industrial"},"geometry":{"type":"LineString","coordinates":[[-51.99327,-23.44324],[-51.99509,-23.44307],[-51.99583,-23.44309],[-51.99685,-23.44325],[-51.99798,-23.44364]]}},{"type":"Feature","properties":{"name":"Linha Ourinhos-Cianorte","operator":"Rumo S/A","usage":"main"},"geometry":{"type":"LineString","coordinates":[[-51.57831,-23.59362],[-51.57825,-23.5932],[-51.578,-23.59257],[-51.57739,-23.59184],[-51.57142,-23.58605],[-51.57008,-23.5852],[-51.56888,-23.58477],[-51.56825,-23.58467],[-51.56729,-23.58465],[-51.56054,-23.58507],[-51.55937,-23.58479],[-51.55829,-23.58414],[-51.55757,-23.58337],[-51.55501,-23.57882],[-51.54531,-23.56588],[-51.54485,-23.56536],[-51.54408,-23.56473],[-51.54298,-23.56407],[-51.54234,-23.56385],[-51.5397,-23.56321],[-51.53547,-23.5611],[-51.53492,-23.56093],[-51.53388,-23.56085],[-51.53334,-23.56095],[-51.53281,-23.56116],[-51.53189,-23.56185],[-51.53054,-23.5636],[-51.5302,-23.56393],[-51.52963,-23.56434],[-51.52897,-23.56454],[-51.5249,-23.56497],[-51.52382,-23.56495],[-51.52306,-23.56476],[-51.51978,-23.56347],[-51.51907,-23.56336],[-51.51843,-23.56341],[-51.51755,-23.56371],[-51.51206,-23.56697],[-51.51104,-23.56729],[-51.50988,-23.56734],[-51.50918,-23.56721],[-51.50842,-23.56691],[-51.50677,-23.56574],[-51.50587,-23.56532],[-51.4942,-23.56258],[-51.49245,-23.56232],[-51.49158,-23.5623],[-51.48878,-23.56247],[-51.48758,-23.5623],[-51.48657,-23.56184],[-51.48503,-23.56051],[-51.48414,-23.55997],[-51.48306,-23.5597],[-51.48126,-23.55965],[-51.48025,-23.55934],[-51.47972,-23.55899],[-51.47933,-23.5586],[-51.47898,-23.55804],[-51.47883,-23.55758]]}},{"type":"Feature","properties":{"name":"Estrada de Ferro Central do Paraná","operator":"Rumo S/A","usage":"main"},"geometry":{"type":"LineString","coordinates":[[-51.40758,-23.60695],[-51.40768,-23.60661],[-51.40838,-23.60063],[-51.40855,-23.59979],[-51.4093,-23.59782],[-51.41085,-23.59442],[-51.41086,-23.59403],[-51.41078,-23.59336],[-51.41057,-23.59274],[-51.4081,-23.58785],[-51.40786,-23.58725],[-51.40775,-23.58672],[-51.40776,-23.58613],[-51.4081,-23.58516],[-51.40851,-23.5846],[-51.40929,-23.58406],[-51.41679,-23.58065],[-51.4177,-23.58017],[-51.41818,-23.57982],[-51.42958,-23.56874],[-51.42999,-23.56823],[-51.43028,-23.56765],[-51.43043,-23.56657],[-51.43026,-23.56578],[-51.42984,-23.56502],[-51.42933,-23.5645],[-51.42832,-23.56395],[-51.42505,-23.56303],[-51.42434,-23.56273],[-51.42341,-23.56198],[-51.42308,-23.56149],[-51.42286,-23.56095],[-51.42275,-23.56037],[-51.42279,-23.55968],[-51.42305,-23.55892],[-51.42337,-23.55844],[-51.42406,-23.55777],[-51.42687,-23.55541],[-51.4274,-23.55507],[-51.42814,-23.55476],[-51.42886,-23.55462],[-51.42979,-23.55464],[-51.43078,-23.5549],[-51.43318,-23.55615],[-51.43393,-23.55632],[-51.43461,-23.55632],[-51.43566,-23.55601],[-51.43788,-23.55461],[-51.43874,-23.5542],[-51.43979,-23.55401],[-51.4423,-23.554],[-51.44322,-23.55379],[-51.44398,-23.55343],[-51.44557,-23.55223],[-51.44615,-23.55158],[-51.44649,-23.55096],[-51.44673,-23.55007],[-51.44661,-23.54795],[-51.44675,-23.54712],[-51.44927,-23.54086],[-51.44987,-23.54011],[-51.45066,-23.53955],[-51.45172,-23.53917],[-51.45249,-23.53908],[-51.45344,-23.53917],[-51.45416,-23.5394],[-51.45496,-23.53988],[-51.4553,-23.54018],[-51.45586,-23.5409],[-51.45692,-23.54306],[-51.45741,-23.54358],[-51.45798,-23.54395],[-51.45869,-23.54421],[-51.4593,-23.54431],[-51.46115,-23.54428],[-51.4619,-23.5446],[-51.4624,-23.54514],[-51.46339,-23.5474],[-51.46386,-23.54793],[-51.46424,-23.54817],[-51.46485,-23.54836],[-51.46535,-23.54837],[-51.4687,-23.5478],[-51.46966,-23.54779],[-51.47107,-23.54807],[-51.47193,-23.54844],[-51.47247,-23.54878],[-51.47725,-23.55243],[-51.4777,-23.5529],[-51.47793,-23.55328],[-51.4781,-23.55381],[-51.47883,-23.55758]]}},{"type":"Feature","properties":{"name":null,"operator":"Rumo S/A","usage":null},"geometry":{"type":"LineString","coordinates":[[-51.3701,-23.66087],[-51.36016,-23.66764]]}},{"type":"Feature","properties":{"name":"Estrada de Ferro Central do Paraná","operator":"Rumo S/A","usage":"main"},"geometry":{"type":"LineString","coordinates":[[-51.29224,-23.74404],[-51.29146,-23.74399],[-51.29073,-23.74413]]}},{"type":"Feature","properties":{"name":"Estrada de Ferro Central do Paraná","operator":"Rumo S/A","usage":"main"},"geometry":{"type":"LineString","coordinates":[[-51.30222,-23.74871],[-51.30208,-23.74784],[-51.30177,-23.74729],[-51.30078,-23.74651],[-51.29996,-23.7462],[-51.29224,-23.74404]]}},{"type":"Feature","properties":{"name":"Estrada de Ferro Central do Paraná","operator":"Rumo S/A","usage":"main"},"geometry":{"type":"LineString","coordinates":[[-51.1575,-23.98023],[-51.15895,-23.97892]]}},{"type":"Feature","properties":{"name":"Ferrovia do Minuano","operator":"Klabin S.A.;Rumo S/A","usage":"branch"},"geometry":{"type":"LineString","coordinates":[[-50.81994,-24.29544],[-50.81862,-24.29464],[-50.81798,-24.29403],[-50.81756,-24.29333],[-50.81647,-24.29076],[-50.81603,-24.29013],[-50.81234,-24.2861],[-50.80902,-24.28188],[-50.8082,-24.28042],[-50.80461,-24.27243],[-50.80454,-24.27201],[-50.80463,-24.27093],[-50.80485,-24.27032],[-50.80516,-24.26987],[-50.80588,-24.26918],[-50.80939,-24.26656],[-50.80995,-24.26584],[-50.81025,-24.26506],[-50.81031,-24.26427],[-50.81011,-24.26323],[-50.80834,-24.26032],[-50.80729,-24.25907],[-50.80603,-24.258],[-50.8046,-24.2572],[-50.80333,-24.25671],[-50.80129,-24.25627],[-50.80057,-24.25621],[-50.79914,-24.25626],[-50.79079,-24.25708],[-50.78961,-24.25709],[-50.78412,-24.257],[-50.78173,-24.25685],[-50.78015,-24.25663],[-50.77933,-24.25634],[-50.77854,-24.25595],[-50.77786,-24.25545],[-50.77718,-24.25472],[-50.77676,-24.254],[-50.77641,-24.25295],[-50.77621,-24.24828],[-50.77609,-24.24763],[-50.77579,-24.2467],[-50.77536,-24.24595],[-50.77455,-24.24511],[-50.77384,-24.24456],[-50.7654,-24.24082],[-50.76416,-24.24038],[-50.76336,-24.24021],[-50.76171,-24.24019],[-50.76118,-24.24026],[-50.75978,-24.24077],[-50.75869,-24.24144]]}},{"type":"Feature","properties":{"name":"Ferrovia do Minuano","operator":"Klabin S.A.;Rumo S/A","usage":"branch"},"geometry":{"type":"LineString","coordinates":[[-50.82039,-24.29573],[-50.81994,-24.29544]]}},{"type":"Feature","properties":{"name":null,"operator":"Estrada de Ferro Paraná Oeste S/A","usage":null},"geometry":{"type":"LineString","coordinates":[[-51.56782,-25.40769],[-51.5671,-25.40749],[-51.56664,-25.40749],[-51.56616,-25.40764],[-51.56561,-25.40802]]}},{"type":"Feature","properties":{"name":null,"operator":"Estrada de Ferro Paraná Oeste S/A","usage":null},"geometry":{"type":"LineString","coordinates":[[-51.55287,-25.40462],[-51.5543,-25.40556],[-51.55473,-25.40596],[-51.55557,-25.40654],[-51.55565,-25.40672],[-51.55561,-25.40707],[-51.55542,-25.40736],[-51.55512,-25.40755],[-51.55472,-25.40751],[-51.554,-25.40698],[-51.55397,-25.40674],[-51.55417,-25.40641]]}},{"type":"Feature","properties":{"name":null,"operator":"Estrada de Ferro Paraná Oeste S/A","usage":null},"geometry":{"type":"LineString","coordinates":[[-51.5477,-25.40191],[-51.54431,-25.39988]]}},{"type":"Feature","properties":{"name":null,"operator":"Estrada de Ferro Paraná Oeste S/A","usage":null},"geometry":{"type":"LineString","coordinates":[[-51.54574,-25.40081],[-51.54049,-25.3977],[-51.53928,-25.39685]]}},{"type":"Feature","properties":{"name":null,"operator":"Estrada de Ferro Paraná Oeste S/A","usage":null},"geometry":{"type":"LineString","coordinates":[[-51.54568,-25.40058],[-51.54431,-25.39988]]}},{"type":"Feature","properties":{"name":null,"operator":"Estrada de Ferro Paraná Oeste S/A","usage":null},"geometry":{"type":"LineString","coordinates":[[-51.55,-25.403],[-51.54941,-25.40275],[-51.54568,-25.40058],[-51.5379,-25.39584]]}},{"type":"Feature","properties":{"name":null,"operator":"Estrada de Ferro Paraná Oeste S/A","usage":null},"geometry":{"type":"LineString","coordinates":[[-51.54495,-25.4002],[-51.53836,-25.39621]]}},{"type":"Feature","properties":{"name":null,"operator":null,"usage":null},"geometry":{"type":"LineString","coordinates":[[-48.58315,-23.79111],[-48.58239,-23.78928],[-48.58167,-23.78711]]}},{"type":"Feature","properties":{"name":null,"operator":null,"usage":null},"geometry":{"type":"LineString","coordinates":[[-48.57869,-23.79417],[-48.57915,-23.79333],[-48.57983,-23.79262],[-48.58249,-23.79058],[-48.58265,-23.79014],[-48.58261,-23.78982]]}},{"type":"Feature","properties":{"name":"Tronco Principal Sul","operator":"Rumo S/A","usage":"main"},"geometry":{"type":"LineString","coordinates":[[-49.85656,-25.48775],[-49.85557,-25.48809],[-49.85381,-25.48908]]}},{"type":"Feature","properties":{"name":"Ramal Itirapina-Panorama","operator":"Rumo S/A","usage":"branch"},"geometry":{"type":"LineString","coordinates":[[-48.77887,-22.36218],[-48.7788,-22.36215]]}},{"type":"Feature","properties":{"name":"Ramal Itirapina-Panorama","operator":"Rumo S/A","usage":"branch"},"geometry":{"type":"LineString","coordinates":[[-48.78484,-22.36245],[-48.783,-22.36276],[-48.78143,-22.3628],[-48.78057,-22.36269],[-48.77887,-22.36218]]}},{"type":"Feature","properties":{"name":"Ramal Itirapina-Panorama","operator":"Rumo S/A","usage":"branch"},"geometry":{"type":"LineString","coordinates":[[-48.38059,-22.37158],[-48.38125,-22.37184],[-48.38154,-22.37204],[-48.38268,-22.3731],[-48.38318,-22.37337],[-48.38381,-22.37355]]}},{"type":"Feature","properties":{"name":"Ramal Itirapina-Panorama","operator":"Rumo S/A","usage":"branch"},"geometry":{"type":"LineString","coordinates":[[-48.38051,-22.37156],[-48.38059,-22.37158]]}},{"type":"Feature","properties":{"name":"Ramal Itirapina-Panorama","operator":"Rumo S/A","usage":"branch"},"geometry":{"type":"LineString","coordinates":[[-48.38381,-22.37355],[-48.3839,-22.37356]]}},{"type":"Feature","properties":{"name":"Ramal Itirapina-Panorama","operator":"Rumo S/A","usage":"branch"},"geometry":{"type":"LineString","coordinates":[[-48.77394,-22.3582],[-48.77358,-22.3579]]}},{"type":"Feature","properties":{"name":"Ramal Itirapina-Panorama","operator":"Rumo S/A","usage":"branch"},"geometry":{"type":"LineString","coordinates":[[-48.77456,-22.35882],[-48.77394,-22.3582]]}},{"type":"Feature","properties":{"name":"Ramal Itirapina-Panorama","operator":"Rumo S/A","usage":"branch"},"geometry":{"type":"LineString","coordinates":[[-48.37923,-22.37132],[-48.38051,-22.37156]]}},{"type":"Feature","properties":{"name":"Ramal Itirapina-Panorama","operator":"Rumo S/A","usage":"branch"},"geometry":{"type":"LineString","coordinates":[[-48.37848,-22.37113],[-48.37923,-22.37132]]}},{"type":"Feature","properties":{"name":"Ferrovia Itirapina-Bauru-Panorama","operator":"Rumo S/A Malha Paulista","usage":"freight"},"geometry":{"type":"LineString","coordinates":[[-48.37925,-22.37124],[-48.3785,-22.37106]]}},{"type":"Feature","properties":{"name":"Ferrovia Itirapina-Bauru-Panorama","operator":"Rumo S/A Malha Paulista","usage":"freight"},"geometry":{"type":"LineString","coordinates":[[-48.38022,-22.37148],[-48.37925,-22.37124]]}},{"type":"Feature","properties":{"name":"Ferrovia Itirapina-Bauru-Panorama","operator":"Rumo S/A Malha Paulista","usage":"freight"},"geometry":{"type":"LineString","coordinates":[[-48.3785,-22.37106],[-48.37667,-22.37069],[-48.37593,-22.37075],[-48.37541,-22.37091],[-48.37461,-22.37131],[-48.37208,-22.37291],[-48.37097,-22.37386]]}},{"type":"Feature","properties":{"name":"Ramal Itirapina-Panorama","operator":"Rumo S/A","usage":"branch"},"geometry":{"type":"LineString","coordinates":[[-48.686,-22.36686],[-48.68595,-22.36684]]}},{"type":"Feature","properties":{"name":"Ramal Itirapina-Panorama","operator":"Rumo S/A","usage":"branch"},"geometry":{"type":"LineString","coordinates":[[-48.69943,-22.3625],[-48.69882,-22.36258],[-48.69793,-22.36286],[-48.69675,-22.36354],[-48.69596,-22.36435],[-48.69433,-22.36646],[-48.69363,-22.36704],[-48.6928,-22.36753],[-48.69208,-22.36783],[-48.69128,-22.36802],[-48.6904,-22.36809],[-48.68903,-22.368],[-48.68821,-22.36778],[-48.686,-22.36686]]}},{"type":"Feature","properties":{"name":"Ramal Itirapina-Panorama","operator":"Rumo S/A","usage":"branch"},"geometry":{"type":"LineString","coordinates":[[-48.70585,-22.36401],[-48.70802,-22.36464]]}},{"type":"Feature","properties":{"name":"Ramal Itirapina-Panorama","operator":"Rumo S/A","usage":"branch"},"geometry":{"type":"LineString","coordinates":[[-48.70478,-22.3637],[-48.70585,-22.36401]]}},{"type":"Feature","properties":{"name":"Ramal Itirapina-Panorama","operator":"Rumo S/A","usage":"branch"},"geometry":{"type":"LineString","coordinates":[[-48.71902,-22.36743],[-48.71714,-22.36721],[-48.71223,-22.36589],[-48.70802,-22.36464]]}},{"type":"Feature","properties":{"name":"Ramal Itirapina-Panorama","operator":"Rumo S/A","usage":"branch"},"geometry":{"type":"LineString","coordinates":[[-48.71909,-22.36743],[-48.71902,-22.36743]]}},{"type":"Feature","properties":{"name":"Ramal de São Francisco","operator":"Rumo S/A","usage":"main"},"geometry":{"type":"LineString","coordinates":[[-49.32684,-26.28387],[-49.32689,-26.2841]]}},{"type":"Feature","properties":{"name":"Ramal de São Francisco","operator":"Rumo S/A","usage":"main"},"geometry":{"type":"LineString","coordinates":[[-49.33528,-26.28028],[-49.33427,-26.27956],[-49.33355,-26.27923],[-49.33295,-26.27907],[-49.33163,-26.27899],[-49.33043,-26.27916],[-49.32952,-26.27941],[-49.32904,-26.27967],[-49.32855,-26.28006],[-49.32718,-26.28205],[-49.32683,-26.28322],[-49.32684,-26.28387]]}},{"type":"Feature","properties":{"name":"Estrada de Ferro Paraná Oeste","operator":"Estrada de Ferro Paraná Oeste S/A","usage":"main"},"geometry":{"type":"LineString","coordinates":[[-53.10449,-25.10451],[-53.10664,-25.10483],[-53.10746,-25.10487],[-53.10799,-25.10479],[-53.10879,-25.1045],[-53.10919,-25.10427],[-53.10984,-25.10367],[-53.11095,-25.10138],[-53.11138,-25.10093],[-53.11249,-25.10035],[-53.11347,-25.10018],[-53.11504,-25.10054],[-53.11768,-25.10158],[-53.11947,-25.10221],[-53.1201,-25.10234],[-53.12083,-25.10228],[-53.12156,-25.10211],[-53.12223,-25.10182],[-53.12308,-25.10111],[-53.12348,-25.10049],[-53.1238,-25.09959],[-53.12429,-25.09721],[-53.12457,-25.09651],[-53.12532,-25.09536],[-53.12574,-25.09488],[-53.13313,-25.08899],[-53.13582,-25.08692],[-53.1367,-25.08641],[-53.13765,-25.08605],[-53.14491,-25.08417],[-53.14666,-25.08379],[-53.1474,-25.08349],[-53.14863,-25.08275],[-53.14934,-25.0821],[-53.15007,-25.08114],[-53.15101,-25.0794],[-53.15138,-25.07888],[-53.15178,-25.07848],[-53.15242,-25.07807],[-53.15307,-25.0778],[-53.15399,-25.07764],[-53.15739,-25.07791],[-53.16081,-25.07828],[-53.16161,-25.07852],[-53.16217,-25.0788],[-53.16273,-25.07922],[-53.16489,-25.08111],[-53.16553,-25.08195],[-53.16636,-25.08342],[-53.16689,-25.08401],[-53.16745,-25.0844],[-53.17646,-25.08779],[-53.17772,-25.08803],[-53.17934,-25.08816],[-53.18141,-25.0881],[-53.18431,-25.08788],[-53.1864,-25.08782],[-53.18895,-25.08754],[-53.19012,-25.08719],[-53.19059,-25.08689],[-53.19112,-25.0864],[-53.19169,-25.08557],[-53.19596,-25.07841],[-53.19669,-25.07778],[-53.19787,-25.07726],[-53.19949,-25.07676],[-53.20028,-25.07631],[-53.20487,-25.07062],[-53.20572,-25.06974],[-53.20739,-25.06847],[-53.2087,-25.06733],[-53.21053,-25.06627],[-53.21813,-25.06402],[-53.21885,-25.0636],[-53.21957,-25.06297],[-53.22234,-25.05826],[-53.22297,-25.05744],[-53.22373,-25.05679],[-53.22818,-25.05345],[-53.22883,-25.05286],[-53.22927,-25.05195],[-53.22959,-25.05005],[-53.22977,-25.04953],[-53.23051,-25.04852],[-53.2315,-25.04785],[-53.2331,-25.04756],[-53.23563,-25.04738],[-53.23784,-25.047],[-53.2477,-25.04459],[-53.25778,-25.04127],[-53.25888,-25.04088],[-53.2596,-25.04047],[-53.26024,-25.03989],[-53.26064,-25.03924],[-53.26088,-25.03852],[-53.26093,-25.03785],[-53.26049,-25.03564],[-53.26053,-25.03514],[-53.26072,-25.03453],[-53.26144,-25.03355],[-53.26395,-25.03179],[-53.26434,-25.03115],[-53.26468,-25.03051],[-53.26481,-25.02974],[-53.26456,-25.02808],[-53.26458,-25.02733],[-53.26468,-25.02681],[-53.26499,-25.02619],[-53.26587,-25.02521],[-53.26643,-25.02489],[-53.26722,-25.02465],[-53.27061,-25.0241],[-53.27152,-25.02418],[-53.27385,-25.02496],[-53.27476,-25.025],[-53.27556,-25.02481],[-53.2761,-25.02455],[-53.27677,-25.02404],[-53.27718,-25.02349],[-53.27978,-25.01895],[-53.28032,-25.01823],[-53.2815,-25.01717],[-53.28218,-25.01674],[-53.28365,-25.01612],[-53.28992,-25.0145],[-53.29109,-25.01409],[-53.29193,-25.01364],[-53.29258,-25.01318],[-53.29346,-25.01237],[-53.29494,-25.01079],[-53.29549,-25.01],[-53.29576,-25.00927],[-53.29591,-25.00862],[-53.2959,-25.00799],[-53.29475,-25.00337],[-53.29462,-25.00218],[-53.29473,-25.00152],[-53.29497,-25.00092],[-53.29528,-25.0004],[-53.29604,-24.99955],[-53.29657,-24.99919],[-53.29752,-24.99883],[-53.32356,-24.98998]]}},{"type":"Feature","properties":{"name":null,"operator":"Estrada de Ferro Paraná Oeste S/A","usage":null},"geometry":{"type":"LineString","coordinates":[[-53.33215,-24.98804],[-53.33093,-24.98807]]}},{"type":"Feature","properties":{"name":"Ramal de São Francisco","operator":"Rumo S/A","usage":"main"},"geometry":{"type":"LineString","coordinates":[[-49.22594,-26.43874],[-49.22611,-26.43865]]}},{"type":"Feature","properties":{"name":"Ramal de São Francisco","operator":"Rumo S/A","usage":"main"},"geometry":{"type":"LineString","coordinates":[[-49.22611,-26.43865],[-49.23582,-26.43316],[-49.23621,-26.43279],[-49.23665,-26.43201]]}},{"type":"Feature","properties":{"name":"Tronco Principal Sul","operator":"Rumo S/A","usage":"main"},"geometry":{"type":"LineString","coordinates":[[-48.54701,-23.76338],[-48.54553,-23.75991],[-48.54511,-23.75925],[-48.54404,-23.75796],[-48.54282,-23.75703],[-48.54161,-23.7564],[-48.54002,-23.75596],[-48.53877,-23.75583],[-48.53812,-23.75585],[-48.53494,-23.7562],[-48.53461,-23.75616],[-48.53397,-23.75592],[-48.53342,-23.75543],[-48.5331,-23.75479],[-48.53301,-23.75402],[-48.53381,-23.75178],[-48.53398,-23.75092],[-48.53403,-23.75005],[-48.53377,-23.74871],[-48.53246,-23.74602],[-48.53203,-23.74546],[-48.53165,-23.74518],[-48.53005,-23.74439],[-48.52967,-23.7441],[-48.52945,-23.7438],[-48.52923,-23.743],[-48.52956,-23.74125],[-48.52945,-23.74046],[-48.52902,-23.73946],[-48.5283,-23.73851],[-48.52768,-23.73798],[-48.52678,-23.73744],[-48.52588,-23.73708],[-48.52507,-23.73689],[-48.52419,-23.73682],[-48.5224,-23.73706],[-48.52175,-23.73731],[-48.51845,-23.73892],[-48.51743,-23.73899],[-48.5165,-23.73874],[-48.51577,-23.73826],[-48.51547,-23.73795],[-48.51415,-23.7359],[-48.51397,-23.73547],[-48.51395,-23.73464],[-48.51433,-23.73321],[-48.51432,-23.73277],[-48.51417,-23.73233],[-48.51387,-23.73181],[-48.51355,-23.73148],[-48.51008,-23.72913],[-48.50898,-23.7287],[-48.50837,-23.7286],[-48.50724,-23.72869],[-48.50677,-23.72881],[-48.50595,-23.72924],[-48.50515,-23.72991],[-48.50238,-23.7327],[-48.5016,-23.73311],[-48.50107,-23.73319],[-48.50046,-23.73316],[-48.49995,-23.73301],[-48.49917,-23.73248],[-48.49844,-23.7315],[-48.49811,-23.7312],[-48.49734,-23.73093],[-48.49633,-23.73102],[-48.49402,-23.73143],[-48.49355,-23.73143],[-48.49305,-23.73129],[-48.49262,-23.73107],[-48.49178,-23.73009],[-48.49144,-23.72981],[-48.48922,-23.72891],[-48.48883,-23.72865],[-48.48851,-23.72831],[-48.48833,-23.72793],[-48.48826,-23.72753],[-48.48837,-23.72597],[-48.48822,-23.72562],[-48.48754,-23.72485],[-48.48718,-23.7242],[-48.48662,-23.72164],[-48.48647,-23.72129],[-48.48587,-23.72063],[-48.48463,-23.71987],[-48.4844,-23.71958],[-48.48384,-23.71818],[-48.48212,-23.71663],[-48.48115,-23.71502],[-48.48107,-23.71462],[-48.48112,-23.71425],[-48.48148,-23.71359],[-48.48194,-23.71309],[-48.48212,-23.71266],[-48.48217,-23.71233],[-48.4821,-23.71197],[-48.48173,-23.71136],[-48.479,-23.70986],[-48.47862,-23.70974],[-48.47783,-23.70982],[-48.47654,-23.71043],[-48.47615,-23.71047],[-48.47574,-23.71039],[-48.47538,-23.71024],[-48.47513,-23.70999],[-48.4748,-23.70943],[-48.47467,-23.70885],[-48.47422,-23.70817],[-48.47346,-23.70783],[-48.47189,-23.70747],[-48.47076,-23.70649],[-48.47036,-23.70627],[-48.46992,-23.70614],[-48.46339,-23.70538],[-48.46301,-23.70526],[-48.45703,-23.7021],[-48.45635,-23.70165],[-48.45592,-23.70108],[-48.45448,-23.69796],[-48.45415,-23.69752],[-48.45296,-23.69648],[-48.4527,-23.69594],[-48.45253,-23.69531],[-48.4523,-23.6949],[-48.45181,-23.69447],[-48.44912,-23.69325],[-48.44873,-23.69299],[-48.44843,-23.69267],[-48.44821,-23.69213],[-48.44812,-23.69075],[-48.44795,-23.6903],[-48.44634,-23.68777],[-48.44586,-23.68729],[-48.44499,-23.68672],[-48.44464,-23.68613],[-48.4446,-23.68556],[-48.44488,-23.68404],[-48.4446,-23.68331],[-48.44427,-23.68298],[-48.44285,-23.68237],[-48.4425,-23.68211],[-48.4422,-23.68174],[-48.44201,-23.6813],[-48.44187,-23.67801],[-48.44194,-23.67767],[-48.44225,-23.67719],[-48.44262,-23.67688],[-48.44306,-23.67671],[-48.44683,-23.67609],[-48.44737,-23.67582],[-48.44777,-23.67545],[-48.44798,-23.67512],[-48.44807,-23.67476],[-48.44796,-23.67401]]}},{"type":"Feature","properties":{"name":"Tronco Principal Sul","operator":"Rumo S/A","usage":"main"},"geometry":{"type":"LineString","coordinates":[[-48.54618,-23.76603],[-48.54664,-23.76556],[-48.54701,-23.76489],[-48.54714,-23.76417],[-48.54701,-23.76338]]}},{"type":"Feature","properties":{"name":"Tronco Principal Sul","operator":"Rumo S/A","usage":"main"},"geometry":{"type":"LineString","coordinates":[[-48.58611,-23.79554],[-48.58606,-23.79552]]}},{"type":"Feature","properties":{"name":null,"operator":"Rumo S/A","usage":"main"},"geometry":{"type":"LineString","coordinates":[[-48.83349,-25.47993],[-48.83112,-25.48269],[-48.83067,-25.48357]]}},{"type":"Feature","properties":{"name":"Tronco Principal Sul","operator":"Rumo S/A","usage":"main"},"geometry":{"type":"LineString","coordinates":[[-48.02131,-23.56599],[-48.02513,-23.5669],[-48.0256,-23.56715],[-48.02668,-23.56807],[-48.02767,-23.56873],[-48.03008,-23.56972],[-48.03083,-23.57012],[-48.03179,-23.57107],[-48.03243,-23.57159],[-48.03513,-23.57273],[-48.03545,-23.57297],[-48.03572,-23.57332],[-48.03634,-23.57591],[-48.03685,-23.57668]]}},{"type":"Feature","properties":{"name":"Tronco Principal Sul","operator":"Rumo S/A","usage":"main"},"geometry":{"type":"LineString","coordinates":[[-48.02102,-23.56591],[-48.02131,-23.56599]]}},{"type":"Feature","properties":{"name":"Tronco Principal Sul","operator":"Rumo S/A","usage":"main"},"geometry":{"type":"LineString","coordinates":[[-48.03705,-23.57683],[-48.04,-23.578]]}},{"type":"Feature","properties":{"name":"Tronco Principal Sul","operator":"Rumo S/A","usage":"main"},"geometry":{"type":"LineString","coordinates":[[-48.03685,-23.57668],[-48.03705,-23.57683]]}},{"type":"Feature","properties":{"name":"Linha Ourinhos-Cianorte","operator":"Rumo S/A","usage":"main"},"geometry":{"type":"LineString","coordinates":[[-51.80845,-23.48012],[-51.8126,-23.47993],[-51.81414,-23.47969],[-51.8399,-23.47019]]}},{"type":"Feature","properties":{"name":"Linha Ourinhos-Cianorte","operator":"Rumo S/A","usage":"main"},"geometry":{"type":"LineString","coordinates":[[-51.80834,-23.48013],[-51.80845,-23.48012]]}},{"type":"Feature","properties":{"name":"Tronco Principal Sul","operator":"Rumo S/A","usage":"main"},"geometry":{"type":"LineString","coordinates":[[-48.04,-23.578],[-48.04125,-23.57853],[-48.04352,-23.57897]]}},{"type":"Feature","properties":{"name":"Linha Ourinhos-Cianorte","operator":"Rumo S/A","usage":"main"},"geometry":{"type":"LineString","coordinates":[[-51.84004,-23.47014],[-51.84486,-23.46834],[-51.84823,-23.46722],[-51.85013,-23.46671],[-51.86055,-23.46458],[-51.86155,-23.46419],[-51.86231,-23.46373],[-51.86315,-23.46301],[-51.8639,-23.46203],[-51.86499,-23.45958],[-51.86547,-23.4588],[-51.87152,-23.45255],[-51.87204,-23.45178],[-51.873,-23.44983],[-51.87377,-23.44877],[-51.87445,-23.44819],[-51.87989,-23.44441],[-51.88056,-23.44374],[-51.88106,-23.44304],[-51.88153,-23.44202],[-51.88204,-23.44013],[-51.88241,-23.43929],[-51.8832,-23.43816],[-51.88388,-23.43754],[-51.88426,-23.43726],[-51.88523,-23.43676],[-51.89023,-23.43506],[-51.89247,-23.43414],[-51.9054,-23.42708],[-51.90681,-23.4264],[-51.90833,-23.4258]]}},{"type":"Feature","properties":{"name":"Linha Ourinhos-Cianorte","operator":"Rumo S/A","usage":"main"},"geometry":{"type":"LineString","coordinates":[[-51.8399,-23.47019],[-51.84004,-23.47014]]}},{"type":"Feature","properties":{"name":"Estrada de Ferro Sorocabana","operator":"Rumo S/A","usage":"main"},"geometry":{"type":"LineString","coordinates":[[-48.39039,-22.90351],[-48.39078,-22.90257],[-48.39085,-22.90172],[-48.39064,-22.90073],[-48.38976,-22.89885],[-48.38964,-22.89773],[-48.38979,-22.89636],[-48.38998,-22.89562],[-48.39027,-22.89491],[-48.39135,-22.89297],[-48.3936,-22.89022],[-48.39618,-22.88683],[-48.39779,-22.88361],[-48.39808,-22.88316],[-48.39862,-22.88264],[-48.39935,-22.88222],[-48.40013,-22.88191],[-48.40081,-22.88178],[-48.40149,-22.88176],[-48.40224,-22.88186],[-48.40291,-22.8821],[-48.40362,-22.88251],[-48.406,-22.88411],[-48.40647,-22.88434],[-48.40749,-22.88463],[-48.40918,-22.88484],[-48.41024,-22.88521],[-48.41078,-22.88553],[-48.41162,-22.88641],[-48.41187,-22.88681],[-48.41266,-22.88886],[-48.41302,-22.8895],[-48.41383,-22.89055],[-48.41424,-22.89089]]}},{"type":"Feature","properties":{"name":"Estrada de Ferro Sorocabana","operator":"Rumo S/A","usage":"main"},"geometry":{"type":"LineString","coordinates":[[-48.3901,-22.90398],[-48.39039,-22.90351]]}},{"type":"Feature","properties":{"name":"Estrada de Ferro Sorocabana","operator":"Rumo S/A","usage":"main"},"geometry":{"type":"LineString","coordinates":[[-48.04586,-23.00321],[-48.04592,-23.00323]]}},{"type":"Feature","properties":{"name":"Estrada de Ferro Sorocabana","operator":"Rumo S/A","usage":"main"},"geometry":{"type":"LineString","coordinates":[[-48.12898,-22.95647],[-48.12905,-22.95645]]}},{"type":"Feature","properties":{"name":"Estrada de Ferro Sorocabana","operator":"Rumo S/A","usage":"main"},"geometry":{"type":"LineString","coordinates":[[-48.15266,-22.96353],[-48.15347,-22.96401],[-48.15766,-22.96525],[-48.1631,-22.96872],[-48.1638,-22.96929]]}},{"type":"Feature","properties":{"name":"Estrada de Ferro Sorocabana","operator":"Rumo S/A","usage":"main"},"geometry":{"type":"LineString","coordinates":[[-48.15263,-22.9635],[-48.15266,-22.96353]]}},{"type":"Feature","properties":{"name":"Estrada de Ferro Sorocabana","operator":"Rumo S/A","usage":"main"},"geometry":{"type":"LineString","coordinates":[[-48.1638,-22.96929],[-48.16383,-22.96932]]}},{"type":"Feature","properties":{"name":null,"operator":"Rumo S/A","usage":null},"geometry":{"type":"LineString","coordinates":[[-48.15698,-22.96512],[-48.15778,-22.96543],[-48.16201,-22.96814],[-48.16232,-22.96826]]}},{"type":"Feature","properties":{"name":null,"operator":"Rumo S/A","usage":null},"geometry":{"type":"LineString","coordinates":[[-48.1566,-22.96497],[-48.1578,-22.9654],[-48.16217,-22.9682]]}},{"type":"Feature","properties":{"name":null,"operator":"Rumo S/A","usage":null},"geometry":{"type":"LineString","coordinates":[[-48.15537,-22.96456],[-48.15724,-22.96512],[-48.15782,-22.96537],[-48.16367,-22.96918]]}},{"type":"Feature","properties":{"name":"Estrada de Ferro Sorocabana","operator":"Rumo S/A","usage":"main"},"geometry":{"type":"LineString","coordinates":[[-48.13276,-22.9552],[-48.13344,-22.95459],[-48.13374,-22.95397],[-48.13425,-22.95232],[-48.13459,-22.95179],[-48.13486,-22.95154],[-48.1354,-22.95119],[-48.13618,-22.95097],[-48.1371,-22.95102],[-48.1375,-22.95117],[-48.13819,-22.95162],[-48.13864,-22.95226],[-48.13882,-22.95283],[-48.13914,-22.95476],[-48.13951,-22.95535],[-48.14001,-22.9558],[-48.14068,-22.95612],[-48.1427,-22.95681],[-48.1438,-22.95728],[-48.14438,-22.95778],[-48.14555,-22.95907],[-48.1458,-22.95929],[-48.14629,-22.95954],[-48.14756,-22.95987],[-48.15004,-22.96036],[-48.1508,-22.96068],[-48.15115,-22.96093],[-48.15142,-22.96125],[-48.15213,-22.96277],[-48.15263,-22.9635]]}},{"type":"Feature","properties":{"name":"Linha Ourinhos-Cianorte","operator":"Rumo S/A","usage":"main"},"geometry":{"type":"LineString","coordinates":[[-51.72104,-23.50984],[-51.72167,-23.51139],[-51.7221,-23.512],[-51.72261,-23.51245],[-51.72363,-23.51299],[-51.72694,-23.51422],[-51.72791,-23.51452],[-51.72897,-23.51456],[-51.73199,-23.51383],[-51.73261,-23.51377],[-51.73358,-23.51389],[-51.73452,-23.51429],[-51.73519,-23.5148],[-51.73576,-23.51566],[-51.73627,-23.51781],[-51.73662,-23.51865],[-51.73709,-23.5193],[-51.73746,-23.51961],[-51.73829,-23.5201],[-51.73946,-23.52043],[-51.74384,-23.52045],[-51.74493,-23.52058],[-51.74563,-23.52082],[-51.74645,-23.52132],[-51.74848,-23.52327],[-51.74957,-23.52401],[-51.75039,-23.5243],[-51.75115,-23.52443],[-51.75233,-23.52438],[-51.75332,-23.52412],[-51.75426,-23.52363],[-51.75477,-23.52319],[-51.78281,-23.49492],[-51.78411,-23.49402],[-51.78513,-23.49351],[-51.79586,-23.48922],[-51.79772,-23.48839],[-51.79854,-23.4878],[-51.79939,-23.48687],[-51.79992,-23.48593],[-51.80055,-23.48406],[-51.80091,-23.48326],[-51.80138,-23.48254],[-51.80241,-23.48152],[-51.80364,-23.48079],[-51.80492,-23.48037],[-51.80587,-23.48025],[-51.80834,-23.48013]]}},{"type":"Feature","properties":{"name":null,"operator":null,"usage":null},"geometry":{"type":"LineString","coordinates":[[-48.67466,-22.36471],[-48.67675,-22.36532],[-48.68244,-22.3658],[-48.6838,-22.366],[-48.68415,-22.36612]]}},{"type":"Feature","properties":{"name":null,"operator":null,"usage":null},"geometry":{"type":"LineString","coordinates":[[-48.70988,-22.36454],[-48.71041,-22.36412],[-48.71065,-22.36382],[-48.71208,-22.36041],[-48.71459,-22.35746]]}},{"type":"Feature","properties":{"name":null,"operator":null,"usage":null},"geometry":{"type":"LineString","coordinates":[[-48.71086,-22.36323],[-48.712,-22.36037],[-48.71447,-22.35749]]}},{"type":"Feature","properties":{"name":null,"operator":"MRS Logística S/A","usage":null},"geometry":{"type":"LineString","coordinates":[[-48.71466,-22.35748],[-48.71217,-22.36044],[-48.71091,-22.36361],[-48.71083,-22.36429],[-48.71089,-22.36467],[-48.71107,-22.36503],[-48.71157,-22.36555],[-48.71223,-22.36589]]}},{"type":"Feature","properties":{"name":null,"operator":null,"usage":null},"geometry":{"type":"LineString","coordinates":[[-48.71096,-22.36327],[-48.71121,-22.36278]]}},{"type":"Feature","properties":{"name":null,"operator":null,"usage":null},"geometry":{"type":"LineString","coordinates":[[-48.7103,-22.3642],[-48.71074,-22.36355],[-48.71205,-22.36039],[-48.7176,-22.35397],[-48.71788,-22.35342],[-48.71806,-22.35248]]}},{"type":"Feature","properties":{"name":null,"operator":null,"usage":null},"geometry":{"type":"LineString","coordinates":[[-48.7147,-22.35744],[-48.71515,-22.35685]]}},{"type":"Feature","properties":{"name":null,"operator":null,"usage":null},"geometry":{"type":"LineString","coordinates":[[-48.71814,-22.35283],[-48.71858,-22.35147],[-48.7198,-22.34907],[-48.72028,-22.34848]]}},{"type":"Feature","properties":{"name":null,"operator":null,"usage":null},"geometry":{"type":"LineString","coordinates":[[-48.72013,-22.34865],[-48.71961,-22.34951],[-48.71862,-22.3515],[-48.71837,-22.35223]]}},{"type":"Feature","properties":{"name":null,"operator":null,"usage":null},"geometry":{"type":"LineString","coordinates":[[-48.7183,-22.35221],[-48.71855,-22.35146],[-48.71976,-22.34905],[-48.72041,-22.34824],[-48.72125,-22.34692]]}},{"type":"Feature","properties":{"name":null,"operator":null,"usage":null},"geometry":{"type":"LineString","coordinates":[[-48.37097,-22.37386],[-48.36954,-22.37568]]}},{"type":"Feature","properties":{"name":null,"operator":"Rumo S/A","usage":"main"},"geometry":{"type":"LineString","coordinates":[[-50.66094,-25.4875],[-50.66007,-25.48554],[-50.65975,-25.48505]]}},{"type":"Feature","properties":{"name":null,"operator":"Rumo S/A","usage":"main"},"geometry":{"type":"LineString","coordinates":[[-50.65883,-25.48315],[-50.65904,-25.48245],[-50.65952,-25.48144],[-50.65961,-25.48096],[-50.65954,-25.48016],[-50.65899,-25.47868],[-50.65959,-25.47674],[-50.6596,-25.47644],[-50.65946,-25.47611],[-50.65908,-25.47576]]}},{"type":"Feature","properties":{"name":"Tronco Principal Sul","operator":"Rumo S/A","usage":"main"},"geometry":{"type":"LineString","coordinates":[[-48.04352,-23.57897],[-48.04359,-23.57898]]}},{"type":"Feature","properties":{"name":"Tronco Principal Sul","operator":"Rumo S/A","usage":"main"},"geometry":{"type":"LineString","coordinates":[[-48.04359,-23.57898],[-48.04437,-23.57915],[-48.04486,-23.57951],[-48.04732,-23.58277],[-48.04832,-23.58426],[-48.04881,-23.58485],[-48.04962,-23.58529]]}},{"type":"Feature","properties":{"name":null,"operator":"Rumo S/A","usage":null},"geometry":{"type":"LineString","coordinates":[[-48.49598,-22.89571],[-48.49501,-22.89619],[-48.49423,-22.89622],[-48.49333,-22.8959],[-48.49271,-22.89538],[-48.49256,-22.89504],[-48.49251,-22.89451],[-48.49257,-22.89147]]}},{"type":"Feature","properties":{"name":null,"operator":"ALL","usage":null},"geometry":{"type":"LineString","coordinates":[[-48.49209,-22.89733],[-48.49223,-22.89265],[-48.49242,-22.89194]]}},{"type":"Feature","properties":{"name":"Estrada de Ferro Sorocabana","operator":"Rumo S/A","usage":"main"},"geometry":{"type":"LineString","coordinates":[[-48.4444,-22.8742],[-48.44477,-22.87542]]}},{"type":"Feature","properties":{"name":"Estrada de Ferro Sorocabana","operator":"Rumo S/A","usage":"main"},"geometry":{"type":"LineString","coordinates":[[-48.44424,-22.87359],[-48.4444,-22.8742]]}},{"type":"Feature","properties":{"name":null,"operator":"Rumo S/A","usage":null},"geometry":{"type":"LineString","coordinates":[[-48.44449,-22.87453],[-48.44448,-22.87418],[-48.44385,-22.87188],[-48.44354,-22.87132],[-48.44269,-22.87074],[-48.4412,-22.87034]]}},{"type":"Feature","properties":{"name":null,"operator":null,"usage":null},"geometry":{"type":"LineString","coordinates":[[-51.99408,-23.45651],[-51.99413,-23.45604]]}},{"type":"Feature","properties":{"name":null,"operator":"Rumo S/A","usage":"branch"},"geometry":{"type":"LineString","coordinates":[[-51.99483,-23.45169],[-51.99455,-23.45121]]}},{"type":"Feature","properties":{"name":null,"operator":"Rumo S/A","usage":"branch"},"geometry":{"type":"LineString","coordinates":[[-51.9951,-23.45219],[-51.99485,-23.45173]]}},{"type":"Feature","properties":{"name":null,"operator":"Rumo S/A","usage":"branch"},"geometry":{"type":"LineString","coordinates":[[-51.99543,-23.45277],[-51.99513,-23.45224]]}},{"type":"Feature","properties":{"name":null,"operator":"Rumo S/A;Cargill Agrícola S/A","usage":"industrial"},"geometry":{"type":"LineString","coordinates":[[-51.99249,-23.44337],[-51.9929,-23.44332]]}},{"type":"Feature","properties":{"name":null,"operator":"Rumo S/A;Cargill Agrícola S/A","usage":"industrial"},"geometry":{"type":"LineString","coordinates":[[-51.99136,-23.44332],[-51.99166,-23.44345],[-51.99199,-23.44348],[-51.99327,-23.44324]]}},{"type":"Feature","properties":{"name":null,"operator":"Multitrans Transporte e Armazéns Gerais Ltda","usage":null},"geometry":{"type":"LineString","coordinates":[[-52.01292,-23.44512],[-52.01362,-23.44514]]}},{"type":"Feature","properties":{"name":null,"operator":"Multitrans Transporte e Armazéns Gerais Ltda","usage":null},"geometry":{"type":"LineString","coordinates":[[-52.00797,-23.44545],[-52.0144,-23.44509]]}},{"type":"Feature","properties":{"name":null,"operator":"Multitrans Transporte e Armazéns Gerais Ltda","usage":null},"geometry":{"type":"LineString","coordinates":[[-52.01055,-23.44524],[-52.00998,-23.44534]]}},{"type":"Feature","properties":{"name":null,"operator":"Multitrans Transporte e Armazéns Gerais Ltda","usage":null},"geometry":{"type":"LineString","coordinates":[[-52.01444,-23.44509],[-52.01622,-23.44468],[-52.01766,-23.44406]]}},{"type":"Feature","properties":{"name":null,"operator":"Multitrans Transporte e Armazéns Gerais Ltda","usage":null},"geometry":{"type":"LineString","coordinates":[[-52.01093,-23.44524],[-52.00846,-23.44537],[-52.00744,-23.44553]]}},{"type":"Feature","properties":{"name":null,"operator":null,"usage":null},"geometry":{"type":"LineString","coordinates":[[-51.99412,-23.45656],[-51.99407,-23.45695]]}},{"type":"Feature","properties":{"name":null,"operator":"Codapar","usage":"industrial"},"geometry":{"type":"LineString","coordinates":[[-52.00323,-23.44783],[-52.0035,-23.44749]]}},{"type":"Feature","properties":{"name":null,"operator":"Codapar","usage":null},"geometry":{"type":"LineString","coordinates":[[-52.00432,-23.44618],[-52.00302,-23.44823]]}},{"type":"Feature","properties":{"name":null,"operator":"Codapar","usage":null},"geometry":{"type":"LineString","coordinates":[[-52.00523,-23.44572],[-52.00471,-23.44583],[-52.00441,-23.44605],[-52.003,-23.44817]]}},{"type":"Feature","properties":{"name":null,"operator":"Bunge Alimentos S/A","usage":"industrial"},"geometry":{"type":"LineString","coordinates":[[-51.98317,-23.43106],[-51.98264,-23.43105],[-51.98023,-23.43139]]}},{"type":"Feature","properties":{"name":null,"operator":"Rumo S/A","usage":"branch"},"geometry":{"type":"LineString","coordinates":[[-51.99069,-23.43723],[-51.99121,-23.43646],[-51.99199,-23.43504],[-51.99237,-23.43405],[-51.99242,-23.43332],[-51.99233,-23.43277],[-51.9921,-23.43218],[-51.9916,-23.43146],[-51.99098,-23.43094],[-51.99052,-23.43069],[-51.98992,-23.43048],[-51.98923,-23.43037],[-51.98827,-23.43043],[-51.9845,-23.43099]]}},{"type":"Feature","properties":{"name":null,"operator":null,"usage":"industrial"},"geometry":{"type":"LineString","coordinates":[[-51.97098,-23.42585],[-51.97126,-23.42628]]}},{"type":"Feature","properties":{"name":null,"operator":null,"usage":null},"geometry":{"type":"LineString","coordinates":[[-51.97486,-23.42979],[-51.97387,-23.42872]]}},{"type":"Feature","properties":{"name":null,"operator":"Rumo S/A","usage":"branch"},"geometry":{"type":"LineString","coordinates":[[-51.98333,-23.4314],[-51.98272,-23.43145]]}},{"type":"Feature","properties":{"name":null,"operator":"Bunge Alimentos S/A","usage":"industrial"},"geometry":{"type":"LineString","coordinates":[[-51.98413,-23.43104],[-51.98279,-23.43107],[-51.97999,-23.43148],[-51.97898,-23.4315],[-51.97794,-23.43134],[-51.97681,-23.43088]]}},{"type":"Feature","properties":{"name":null,"operator":"Rumo S/A;Cargill Agrícola S/A","usage":"industrial"},"geometry":{"type":"LineString","coordinates":[[-51.98924,-23.4406],[-51.98937,-23.4414],[-51.98985,-23.4422],[-51.99032,-23.44266],[-51.99113,-23.44317],[-51.99163,-23.44338],[-51.99208,-23.44344],[-51.99397,-23.44302]]}},{"type":"Feature","properties":{"name":null,"operator":"Rumo S/A","usage":"branch"},"geometry":{"type":"LineString","coordinates":[[-51.98392,-23.43111],[-51.9845,-23.43099]]}},{"type":"Feature","properties":{"name":null,"operator":"Rumo S/A","usage":"branch"},"geometry":{"type":"LineString","coordinates":[[-51.98501,-23.43095],[-51.9845,-23.43099]]}},{"type":"Feature","properties":{"name":null,"operator":"Rumo S/A","usage":"branch"},"geometry":{"type":"LineString","coordinates":[[-51.99193,-23.43506],[-51.99146,-23.43577]]}},{"type":"Feature","properties":{"name":null,"operator":null,"usage":null},"geometry":{"type":"LineString","coordinates":[[-51.99402,-23.45645],[-51.99364,-23.45741]]}},{"type":"Feature","properties":{"name":null,"operator":"Rumo S/A;Cargill Agrícola S/A","usage":"industrial"},"geometry":{"type":"LineString","coordinates":[[-51.99055,-23.43736],[-51.98954,-23.43902],[-51.98921,-23.43981],[-51.98914,-23.44051],[-51.98929,-23.44133],[-51.98956,-23.44187],[-51.98987,-23.44228],[-51.99063,-23.44292],[-51.9916,-23.44341],[-51.99202,-23.44346],[-51.99233,-23.4434]]}},{"type":"Feature","properties":{"name":null,"operator":"Rumo S/A;Cargill Agrícola S/A","usage":"industrial"},"geometry":{"type":"LineString","coordinates":[[-51.99801,-23.44358],[-51.99696,-23.44321],[-51.99583,-23.44302],[-51.99422,-23.44306],[-51.99349,-23.44319]]}},{"type":"Feature","properties":{"name":null,"operator":"Rumo S/A;Cargill Agrícola S/A","usage":"industrial"},"geometry":{"type":"LineString","coordinates":[[-51.998,-23.44361],[-51.9971,-23.44328],[-51.99614,-23.44309],[-51.99512,-23.44304],[-51.99376,-23.44313]]}},{"type":"Feature","properties":{"name":null,"operator":"Rumo S/A;Cargill Agrícola S/A","usage":"industrial"},"geometry":{"type":"LineString","coordinates":[[-51.99481,-23.44316],[-51.9931,-23.44328]]}},{"type":"Feature","properties":{"name":null,"operator":"Rumo S/A;Cargill Agrícola S/A","usage":"industrial"},"geometry":{"type":"LineString","coordinates":[[-51.99796,-23.44367],[-51.99667,-23.44325],[-51.99561,-23.44311],[-51.99327,-23.44324]]}},{"type":"Feature","properties":{"name":"Ferrovia do Minuano","operator":"Klabin S.A.;Rumo S/A","usage":"branch"},"geometry":{"type":"LineString","coordinates":[[-50.75222,-24.24672],[-50.7499,-24.24774],[-50.74231,-24.25145],[-50.7345,-24.25445]]}},{"type":"Feature","properties":{"name":null,"operator":"Rumo S/A","usage":"main"},"geometry":{"type":"LineString","coordinates":[[-50.65817,-25.47395],[-50.65783,-25.47278],[-50.65734,-25.47184],[-50.65707,-25.47149],[-50.65631,-25.47095],[-50.65611,-25.47037],[-50.65612,-25.47016],[-50.65629,-25.46985],[-50.65718,-25.46923],[-50.65756,-25.46872],[-50.65805,-25.46715],[-50.65825,-25.46628],[-50.65823,-25.46604],[-50.65798,-25.46567],[-50.65711,-25.465],[-50.65661,-25.46409],[-50.65613,-25.46384],[-50.65563,-25.46384],[-50.65542,-25.46392],[-50.65462,-25.46466],[-50.65441,-25.46477],[-50.65392,-25.46482],[-50.65349,-25.46463],[-50.65244,-25.46387],[-50.65106,-25.46358],[-50.65071,-25.46329],[-50.65038,-25.46272],[-50.65018,-25.46254],[-50.64969,-25.46238],[-50.64889,-25.46238],[-50.64831,-25.46253],[-50.64782,-25.46282],[-50.64738,-25.46333],[-50.64674,-25.46441],[-50.6461,-25.46494],[-50.64534,-25.46507],[-50.64396,-25.46513],[-50.64312,-25.46495],[-50.64062,-25.46427],[-50.64016,-25.46405],[-50.63996,-25.46385],[-50.63979,-25.46337],[-50.63991,-25.46251],[-50.63987,-25.46224],[-50.63927,-25.46119],[-50.6389,-25.45983],[-50.63866,-25.45938],[-50.63816,-25.45914],[-50.6376,-25.45915],[-50.63645,-25.45983],[-50.6359,-25.45984],[-50.63563,-25.45975],[-50.63526,-25.45943],[-50.63495,-25.45873],[-50.63476,-25.45853],[-50.63414,-25.4583],[-50.63374,-25.4583],[-50.63298,-25.45847],[-50.6327,-25.45865],[-50.6322,-25.45923],[-50.63186,-25.45941],[-50.63094,-25.45941],[-50.63043,-25.45955],[-50.63013,-25.45986],[-50.62974,-25.46059],[-50.62951,-25.46077],[-50.6285,-25.46118],[-50.62823,-25.46122],[-50.62774,-25.46112],[-50.62667,-25.46046],[-50.62614,-25.46033],[-50.62586,-25.46036],[-50.62541,-25.46061],[-50.62495,-25.46145],[-50.62452,-25.46175],[-50.62401,-25.46179],[-50.62353,-25.46162],[-50.62319,-25.46123],[-50.62308,-25.45967],[-50.62291,-25.45931],[-50.62248,-25.45873],[-50.62246,-25.4582],[-50.62268,-25.45783],[-50.62378,-25.45716],[-50.62484,-25.45515],[-50.62481,-25.45462],[-50.62448,-25.45416],[-50.62422,-25.45401],[-50.62305,-25.45373],[-50.62235,-25.45314],[-50.62208,-25.453],[-50.62161,-25.45296],[-50.62047,-25.4531],[-50.61996,-25.45287],[-50.6198,-25.4527],[-50.61963,-25.45223],[-50.6197,-25.45062],[-50.61952,-25.45012],[-50.61908,-25.44972],[-50.61682,-25.44828],[-50.61655,-25.44794],[-50.61647,-25.44734],[-50.61708,-25.4465],[-50.61722,-25.44609],[-50.61719,-25.44585],[-50.61694,-25.44543],[-50.61642,-25.44518],[-50.61605,-25.44517],[-50.61569,-25.44528],[-50.6152,-25.44567],[-50.61492,-25.44601],[-50.61466,-25.44657],[-50.61474,-25.44716],[-50.61468,-25.44751],[-50.61419,-25.44801],[-50.61231,-25.44843],[-50.6111,-25.44831],[-50.61072,-25.44845],[-50.61052,-25.44861],[-50.60902,-25.45088],[-50.60804,-25.45151],[-50.60737,-25.45302],[-50.60708,-25.45336],[-50.60627,-25.45378],[-50.60555,-25.4546],[-50.60454,-25.4549],[-50.60295,-25.45615],[-50.60246,-25.45631],[-50.60164,-25.45637],[-50.60103,-25.45673],[-50.60045,-25.45691],[-50.59947,-25.45694],[-50.59894,-25.45707],[-50.59295,-25.45991],[-50.59261,-25.45999],[-50.59214,-25.46],[-50.59188,-25.45991],[-50.59156,-25.45961],[-50.5914,-25.45914],[-50.59149,-25.45872],[-50.59176,-25.45819],[-50.59174,-25.45762],[-50.59104,-25.45631],[-50.59084,-25.45614],[-50.59037,-25.45599],[-50.58976,-25.45612],[-50.58814,-25.45711],[-50.58789,-25.45751],[-50.58777,-25.4582],[-50.58746,-25.45856],[-50.58681,-25.45874],[-50.58631,-25.45862],[-50.58598,-25.45832],[-50.58586,-25.45809],[-50.58564,-25.45725],[-50.58536,-25.45671],[-50.58368,-25.45411],[-50.58321,-25.45385],[-50.58228,-25.4538],[-50.58187,-25.45367],[-50.58114,-25.45281],[-50.58096,-25.45269],[-50.57943,-25.45236],[-50.57907,-25.4521],[-50.57892,-25.45185],[-50.57884,-25.45167],[-50.57886,-25.45118],[-50.57953,-25.44967],[-50.57957,-25.44936],[-50.57946,-25.44882],[-50.57905,-25.4479],[-50.57904,-25.44765],[-50.57925,-25.44666],[-50.57946,-25.44469],[-50.57939,-25.44424],[-50.57863,-25.44336],[-50.57793,-25.44183],[-50.57656,-25.44063],[-50.5761,-25.43927],[-50.57594,-25.43774],[-50.57529,-25.43703],[-50.57516,-25.43668],[-50.57522,-25.43502],[-50.57506,-25.43445],[-50.5746,-25.43343],[-50.57425,-25.433],[-50.5738,-25.43268],[-50.57275,-25.43226],[-50.57229,-25.43184],[-50.57142,-25.42896],[-50.57112,-25.42848],[-50.57071,-25.42817],[-50.56921,-25.42749],[-50.56875,-25.42744],[-50.5681,-25.42752],[-50.56758,-25.42737],[-50.56718,-25.42687],[-50.56705,-25.42638],[-50.56686,-25.42608],[-50.56644,-25.42585],[-50.56538,-25.42557],[-50.56465,-25.42478],[-50.56425,-25.4246],[-50.56379,-25.42459],[-50.5634,-25.42474],[-50.56312,-25.42499],[-50.56271,-25.42576],[-50.56203,-25.42618],[-50.5615,-25.42627],[-50.56082,-25.42608],[-50.55964,-25.42517],[-50.55944,-25.42486],[-50.5593,-25.42417],[-50.55911,-25.42382],[-50.55819,-25.42333],[-50.5579,-25.42328],[-50.55741,-25.42337],[-50.55633,-25.42408],[-50.55578,-25.42423],[-50.55524,-25.42417],[-50.55405,-25.42355],[-50.55383,-25.42336],[-50.55356,-25.4229],[-50.55281,-25.42106],[-50.55222,-25.41988],[-50.55016,-25.41722],[-50.54961,-25.41491],[-50.54987,-25.41369],[-50.54986,-25.41319],[-50.54912,-25.40903],[-50.54896,-25.40869],[-50.54865,-25.40842],[-50.54824,-25.4083],[-50.54779,-25.40833],[-50.54741,-25.40852],[-50.54715,-25.40889],[-50.54651,-25.41058],[-50.54602,-25.41105],[-50.54549,-25.41119],[-50.54491,-25.41103],[-50.54285,-25.40926]]}},{"type":"Feature","properties":{"name":null,"operator":"ALL","usage":null},"geometry":{"type":"LineString","coordinates":[[-49.23849,-25.54241],[-49.23771,-25.54146]]}},{"type":"Feature","properties":{"name":"Tronco Principal Sul","operator":"Rumo S/A","usage":"main"},"geometry":{"type":"LineString","coordinates":[[-49.79289,-26.1265],[-49.79307,-26.12419]]}},{"type":"Feature","properties":{"name":"Tronco Principal Sul","operator":"Rumo S/A","usage":"main"},"geometry":{"type":"LineString","coordinates":[[-49.7931,-26.12382],[-49.79336,-26.12056],[-49.79342,-26.1202],[-49.79377,-26.11932],[-49.79448,-26.11858],[-49.79661,-26.11753]]}},{"type":"Feature","properties":{"name":"Tronco Principal Sul","operator":"Rumo S/A","usage":"main"},"geometry":{"type":"LineString","coordinates":[[-49.80295,-26.11091],[-49.8042,-26.11007],[-49.80469,-26.10957],[-49.80824,-26.10296]]}},{"type":"Feature","properties":{"name":"Tronco Principal Sul","operator":"Rumo S/A","usage":"main"},"geometry":{"type":"LineString","coordinates":[[-49.79661,-26.11753],[-49.79794,-26.11683],[-49.79926,-26.1158],[-49.79979,-26.11517],[-49.80139,-26.11248],[-49.802,-26.11178]]}},{"type":"Feature","properties":{"name":"Tronco Principal Sul","operator":"Rumo S/A","usage":"main"},"geometry":{"type":"LineString","coordinates":[[-49.80405,-26.14072],[-49.80244,-26.14007],[-49.80181,-26.1397],[-49.79337,-26.13192],[-49.79295,-26.13138],[-49.7927,-26.13082],[-49.79263,-26.13005],[-49.79289,-26.1265]]}},{"type":"Feature","properties":{"name":"Tronco Principal Sul","operator":"Rumo S/A","usage":"main"},"geometry":{"type":"LineString","coordinates":[[-49.80845,-26.09795],[-49.80806,-26.09768]]}},{"type":"Feature","properties":{"name":"Tronco Principal Sul","operator":"Rumo S/A","usage":"main"},"geometry":{"type":"LineString","coordinates":[[-49.81256,-26.17192],[-49.80946,-26.17023],[-49.80886,-26.16982],[-49.80681,-26.16797],[-49.80649,-26.16745],[-49.80629,-26.16687],[-49.8064,-26.16206],[-49.80635,-26.16162],[-49.80563,-26.15892],[-49.80554,-26.15781],[-49.80696,-26.15208],[-49.80873,-26.14843],[-49.80895,-26.14777],[-49.80906,-26.14703],[-49.8092,-26.1443],[-49.80915,-26.14399],[-49.80888,-26.14337],[-49.80868,-26.14302],[-49.80826,-26.14256],[-49.80774,-26.14221],[-49.80405,-26.14072]]}},{"type":"Feature","properties":{"name":"Tronco Principal Sul","operator":"Rumo S/A","usage":"main"},"geometry":{"type":"LineString","coordinates":[[-49.9099,-26.3567],[-49.90906,-26.35623],[-49.90846,-26.35609],[-49.90511,-26.35577],[-49.90451,-26.35566],[-49.90363,-26.35533],[-49.90287,-26.35481],[-49.90219,-26.35401],[-49.902,-26.35364],[-49.9018,-26.35284]]}},{"type":"Feature","properties":{"name":"Tronco Principal Sul","operator":"Rumo S/A","usage":"main"},"geometry":{"type":"LineString","coordinates":[[-49.90778,-26.36778],[-49.91076,-26.36616],[-49.9115,-26.36543],[-49.91202,-26.36444],[-49.91213,-26.36395],[-49.91213,-26.36296],[-49.91203,-26.36243],[-49.91074,-26.35777],[-49.91054,-26.35737],[-49.9099,-26.3567]]}},{"type":"Feature","properties":{"name":"Tronco Principal Sul","operator":"Rumo S/A","usage":"main"},"geometry":{"type":"LineString","coordinates":[[-49.90644,-26.37233],[-49.90609,-26.37138],[-49.90601,-26.37054],[-49.90608,-26.36998],[-49.90639,-26.36915],[-49.90669,-26.36873],[-49.90732,-26.3681],[-49.90778,-26.36778]]}},{"type":"Feature","properties":{"name":"Estrada de Ferro Sorocabana","operator":"Rumo S/A","usage":"main"},"geometry":{"type":"LineString","coordinates":[[-48.08077,-22.98499],[-48.08339,-22.984],[-48.08377,-22.98383],[-48.08425,-22.98346],[-48.08451,-22.98318],[-48.08483,-22.98237],[-48.08492,-22.9805],[-48.08508,-22.97989],[-48.08539,-22.97935],[-48.08597,-22.97878],[-48.08805,-22.97762],[-48.08837,-22.97737],[-48.08888,-22.97672],[-48.09039,-22.97342],[-48.0906,-22.97263],[-48.09068,-22.97003],[-48.09076,-22.96956],[-48.09106,-22.9689],[-48.09155,-22.96834],[-48.09218,-22.96792],[-48.09581,-22.96636],[-48.09644,-22.96586],[-48.09771,-22.96436],[-48.09873,-22.96367],[-48.1086,-22.96021]]}},{"type":"Feature","properties":{"name":"Estrada de Ferro Sorocabana","operator":"Rumo S/A","usage":"main"},"geometry":{"type":"LineString","coordinates":[[-48.08067,-22.98503],[-48.08077,-22.98499]]}},{"type":"Feature","properties":{"name":"Estrada de Ferro Sorocabana","operator":"Rumo S/A","usage":"main"},"geometry":{"type":"LineString","coordinates":[[-48.1086,-22.96021],[-48.10952,-22.95997],[-48.1263,-22.95696]]}},{"type":"Feature","properties":{"name":null,"operator":null,"usage":null},"geometry":{"type":"LineString","coordinates":[[-48.21956,-22.99403],[-48.21906,-22.99421],[-48.21582,-22.99485],[-48.21511,-22.99492]]}},{"type":"Feature","properties":{"name":null,"operator":null,"usage":null},"geometry":{"type":"LineString","coordinates":[[-48.21939,-22.9941],[-48.21549,-22.99489]]}},{"type":"Feature","properties":{"name":null,"operator":null,"usage":null},"geometry":{"type":"LineString","coordinates":[[-48.22291,-22.99228],[-48.22213,-22.99303],[-48.22116,-22.99358],[-48.21981,-22.99392],[-48.21382,-22.99515]]}},{"type":"Feature","properties":{"name":null,"operator":null,"usage":null},"geometry":{"type":"LineString","coordinates":[[-48.30318,-22.93589],[-48.30142,-22.93587],[-48.30056,-22.9361],[-48.29949,-22.93671],[-48.29577,-22.94088]]}},{"type":"Feature","properties":{"name":null,"operator":null,"usage":null},"geometry":{"type":"LineString","coordinates":[[-48.29653,-22.94012],[-48.29945,-22.9368],[-48.30029,-22.93627],[-48.30142,-22.93587]]}},{"type":"Feature","properties":{"name":null,"operator":null,"usage":null},"geometry":{"type":"LineString","coordinates":[[-48.38013,-22.90981],[-48.37927,-22.91025],[-48.37862,-22.91047],[-48.37647,-22.91086],[-48.37534,-22.91119],[-48.37451,-22.9117],[-48.37387,-22.91241]]}},{"type":"Feature","properties":{"name":null,"operator":"Rumo S/A","usage":null},"geometry":{"type":"LineString","coordinates":[[-48.98391,-22.47751],[-48.98666,-22.4758],[-48.9875,-22.47558],[-48.9897,-22.47534]]}},{"type":"Feature","properties":{"name":"Tronco Principal Sul","operator":"Rumo S/A","usage":"main"},"geometry":{"type":"LineString","coordinates":[[-49.74089,-25.60757],[-49.74063,-25.60783]]}},{"type":"Feature","properties":{"name":"Tronco Principal Sul","operator":"Rumo S/A","usage":"main"},"geometry":{"type":"LineString","coordinates":[[-49.73795,-25.61444],[-49.73762,-25.61373],[-49.73744,-25.61298],[-49.73699,-25.60984],[-49.73676,-25.60946],[-49.73648,-25.60918],[-49.7349,-25.60833]]}},{"type":"Feature","properties":{"name":"Tronco Principal Sul","operator":"Rumo S/A","usage":"main"},"geometry":{"type":"LineString","coordinates":[[-49.80824,-26.10296],[-49.80938,-26.10075]]}},{"type":"Feature","properties":{"name":"Estrada de Ferro Central do Paraná","operator":"Rumo S/A","usage":"main"},"geometry":{"type":"LineString","coordinates":[[-50.11998,-25.06303],[-50.11637,-25.06448],[-50.11563,-25.06505],[-50.11403,-25.06681],[-50.11343,-25.06728]]}},{"type":"Feature","properties":{"name":null,"operator":"Rumo S/A","usage":null},"geometry":{"type":"LineString","coordinates":[[-50.0757,-25.2026],[-50.07507,-25.20301],[-50.07427,-25.20375],[-50.07267,-25.20614],[-50.07229,-25.20664],[-50.07158,-25.20735],[-50.06874,-25.20932],[-50.06816,-25.20985],[-50.06769,-25.21047],[-50.06734,-25.21114],[-50.067,-25.21209]]}},{"type":"Feature","properties":{"name":"Ramal de Curitiba","operator":"Rumo S/A","usage":"branch"},"geometry":{"type":"LineString","coordinates":[[-49.20039,-25.44329],[-49.1995,-25.44326],[-49.19869,-25.44334],[-49.19678,-25.44396]]}},{"type":"Feature","properties":{"name":null,"operator":"Rumo S/A","usage":"main"},"geometry":{"type":"LineString","coordinates":[[-50.14297,-25.18043],[-50.1394,-25.17917],[-50.13841,-25.17911],[-50.13775,-25.17923],[-50.13706,-25.17951],[-50.13642,-25.18002],[-50.13512,-25.18205],[-50.13468,-25.18251],[-50.13415,-25.18288],[-50.13307,-25.18331]]}},{"type":"Feature","properties":{"name":"Estrada de Ferro São Paulo-Paraná","operator":"Rumo S/A","usage":"main"},"geometry":{"type":"LineString","coordinates":[[-51.47883,-23.55758],[-51.47817,-23.55325],[-51.47789,-23.55257],[-51.47742,-23.55204],[-51.47596,-23.55123],[-51.47512,-23.55062],[-51.4738,-23.54941],[-51.47263,-23.54852],[-51.47174,-23.54801],[-51.47119,-23.54779],[-51.47031,-23.54757],[-51.4695,-23.54748],[-51.46826,-23.54755],[-51.46683,-23.548],[-51.46563,-23.54826]]}},{"type":"Feature","properties":{"name":"Linha Ourinhos-Cianorte","operator":"Rumo S/A","usage":"main"},"geometry":{"type":"LineString","coordinates":[[-51.99193,-23.43506],[-51.99147,-23.43585]]}},{"type":"Feature","properties":{"name":"Tronco Principal Sul","operator":"Rumo S/A","usage":"main"},"geometry":{"type":"LineString","coordinates":[[-49.80356,-26.09486],[-49.79546,-26.08987],[-49.79034,-26.08561],[-49.78736,-26.08301]]}},{"type":"Feature","properties":{"name":"Tronco Principal Sul","operator":"Rumo S/A","usage":"main"},"geometry":{"type":"LineString","coordinates":[[-49.77765,-26.07469],[-49.76889,-26.06538]]}},{"type":"Feature","properties":{"name":"Tronco Principal Sul","operator":"Rumo S/A","usage":"main"},"geometry":{"type":"LineString","coordinates":[[-49.78736,-26.08301],[-49.77857,-26.07563],[-49.77765,-26.07469]]}},{"type":"Feature","properties":{"name":"Tronco Principal Sul","operator":"Rumo S/A","usage":"main"},"geometry":{"type":"LineString","coordinates":[[-49.76889,-26.06538],[-49.765,-26.06125],[-49.76465,-26.06052],[-49.76458,-26.06007],[-49.76461,-26.05925],[-49.76491,-26.05742],[-49.7649,-26.05676],[-49.76482,-26.0564],[-49.76452,-26.05575],[-49.76313,-26.05345],[-49.76297,-26.05292],[-49.76294,-26.0523],[-49.76305,-26.05174],[-49.76337,-26.05102],[-49.76517,-26.04848],[-49.76543,-26.04781],[-49.76549,-26.04708],[-49.76536,-26.0466],[-49.76495,-26.04577],[-49.76415,-26.04506],[-49.7618,-26.04343],[-49.76113,-26.0427],[-49.76072,-26.04195],[-49.76053,-26.04105],[-49.76061,-26.04012],[-49.76091,-26.03938],[-49.76229,-26.03698],[-49.76248,-26.03609],[-49.76237,-26.03526],[-49.76198,-26.03449],[-49.7617,-26.03415],[-49.76129,-26.03378],[-49.7596,-26.03263],[-49.75891,-26.03193],[-49.75845,-26.03088],[-49.75839,-26.03029],[-49.7585,-26.02965],[-49.75867,-26.02922],[-49.75927,-26.02842],[-49.761,-26.02651]]}},{"type":"Feature","properties":{"name":null,"operator":"Rumo S/A","usage":"main"},"geometry":{"type":"LineString","coordinates":[[-49.72665,-25.60523],[-49.73174,-25.60719],[-49.73697,-25.60908],[-49.73779,-25.60914],[-49.73876,-25.60899],[-49.73964,-25.60861],[-49.74044,-25.608]]}},{"type":"Feature","properties":{"name":null,"operator":"Rumo S/A","usage":"main"},"geometry":{"type":"LineString","coordinates":[[-49.72665,-25.60523],[-49.72506,-25.60469],[-49.72243,-25.60429]]}},{"type":"Feature","properties":{"name":null,"operator":"Rumo S/A","usage":null},"geometry":{"type":"LineString","coordinates":[[-49.74169,-25.62146],[-49.74086,-25.62049],[-49.74053,-25.61997],[-49.7379,-25.61422],[-49.73765,-25.61357],[-49.73753,-25.61298],[-49.73756,-25.61206],[-49.73779,-25.61125],[-49.73807,-25.61072],[-49.74049,-25.60799]]}},{"type":"Feature","properties":{"name":null,"operator":"Rumo S/A","usage":null},"geometry":{"type":"LineString","coordinates":[[-49.19017,-25.44632],[-49.19392,-25.44497]]}},{"type":"Feature","properties":{"name":"Estrada de Ferro Engenheiro Bley","operator":"Rumo S/A","usage":"main"},"geometry":{"type":"LineString","coordinates":[[-49.19678,-25.44396],[-49.1902,-25.44618]]}},{"type":"Feature","properties":{"name":"Estrada de Ferro Engenheiro Bley","operator":"Rumo S/A","usage":"main"},"geometry":{"type":"LineString","coordinates":[[-49.19678,-25.44396],[-49.19736,-25.44382],[-49.19829,-25.44387]]}},{"type":"Feature","properties":{"name":"Estrada de Ferro Engenheiro Bley","operator":"Rumo S/A","usage":"main"},"geometry":{"type":"LineString","coordinates":[[-49.20059,-25.45346],[-49.20168,-25.44824]]}},{"type":"Feature","properties":{"name":null,"operator":"Rumo S/A","usage":"main"},"geometry":{"type":"LineString","coordinates":[[-49.74063,-25.60783],[-49.74044,-25.608]]}},{"type":"Feature","properties":{"name":null,"operator":"Rumo S/A","usage":null},"geometry":{"type":"LineString","coordinates":[[-49.7354,-25.60857],[-49.73646,-25.60922],[-49.73673,-25.60949],[-49.73695,-25.60986],[-49.7374,-25.61265]]}},{"type":"Feature","properties":{"name":"Estrada de Ferro São Paulo-Paraná","operator":"Rumo S/A","usage":"main"},"geometry":{"type":"LineString","coordinates":[[-51.2359,-23.28],[-51.23542,-23.28011]]}},{"type":"Feature","properties":{"name":"Estrada de Ferro Engenheiro Bley","operator":"Rumo S/A","usage":"main"},"geometry":{"type":"LineString","coordinates":[[-48.93094,-25.42163],[-48.93119,-25.42216],[-48.93219,-25.42322]]}},{"type":"Feature","properties":{"name":"Estrada de Ferro Engenheiro Bley","operator":"Rumo S/A","usage":"main"},"geometry":{"type":"LineString","coordinates":[[-48.93219,-25.42322],[-48.93305,-25.42414],[-48.93328,-25.42451],[-48.93346,-25.42505],[-48.93351,-25.42585],[-48.93368,-25.42627],[-48.93403,-25.42657],[-48.93478,-25.42677]]}},{"type":"Feature","properties":{"name":"Estrada de Ferro Engenheiro Bley","operator":"Rumo S/A","usage":"main"},"geometry":{"type":"LineString","coordinates":[[-49.16173,-25.43801],[-49.15434,-25.43716],[-49.15211,-25.43713]]}},{"type":"Feature","properties":{"name":null,"operator":"Estrada de Ferro Paraná Oeste S/A","usage":"industrial"},"geometry":{"type":"LineString","coordinates":[[-53.31486,-24.99312],[-53.31641,-24.9926],[-53.31699,-24.9923]]}},{"type":"Feature","properties":{"name":null,"operator":"Estrada de Ferro Paraná Oeste S/A","usage":"industrial"},"geometry":{"type":"LineString","coordinates":[[-53.31448,-24.99325],[-53.31486,-24.99312]]}},{"type":"Feature","properties":{"name":null,"operator":"Estrada de Ferro Paraná Oeste S/A","usage":"industrial"},"geometry":{"type":"LineString","coordinates":[[-53.31168,-24.99412],[-53.31448,-24.99325]]}},{"type":"Feature","properties":{"name":null,"operator":"Estrada de Ferro Paraná Oeste S/A","usage":"industrial"},"geometry":{"type":"LineString","coordinates":[[-53.31555,-24.99274],[-53.31449,-24.99286],[-53.30439,-24.99634]]}},{"type":"Feature","properties":{"name":null,"operator":"Estrada de Ferro Paraná Oeste S/A","usage":"freight"},"geometry":{"type":"LineString","coordinates":[[-53.31958,-24.99141],[-53.3201,-24.9912]]}},{"type":"Feature","properties":{"name":null,"operator":"Estrada de Ferro Paraná Oeste S/A","usage":"freight"},"geometry":{"type":"LineString","coordinates":[[-53.31958,-24.99141],[-53.31925,-24.99149]]}},{"type":"Feature","properties":{"name":null,"operator":"Estrada de Ferro Paraná Oeste S/A","usage":"industrial"},"geometry":{"type":"LineString","coordinates":[[-53.30463,-24.99678],[-53.30621,-24.996]]}},{"type":"Feature","properties":{"name":null,"operator":"Estrada de Ferro Paraná Oeste S/A","usage":"industrial"},"geometry":{"type":"LineString","coordinates":[[-53.32244,-24.99166],[-53.32365,-24.99217]]}},{"type":"Feature","properties":{"name":"Estrada de Ferro Paraná Oeste","operator":"Estrada de Ferro Paraná Oeste S/A","usage":null},"geometry":{"type":"LineString","coordinates":[[-53.31475,-24.99301],[-53.31322,-24.99345],[-53.2975,-24.99879],[-53.29657,-24.99919]]}},{"type":"Feature","properties":{"name":"Estrada de Ferro Paraná Oeste","operator":"Estrada de Ferro Paraná Oeste S/A","usage":"main"},"geometry":{"type":"LineString","coordinates":[[-53.30621,-24.996],[-53.31958,-24.99141]]}},{"type":"Feature","properties":{"name":null,"operator":"Estrada de Ferro Paraná Oeste S/A","usage":"industrial"},"geometry":{"type":"LineString","coordinates":[[-53.30418,-24.99692],[-53.30463,-24.99678]]}},{"type":"Feature","properties":{"name":null,"operator":"Estrada de Ferro Paraná Oeste S/A","usage":"industrial"},"geometry":{"type":"LineString","coordinates":[[-53.30145,-24.99752],[-53.30308,-24.9971],[-53.30418,-24.99692]]}},{"type":"Feature","properties":{"name":null,"operator":"Estrada de Ferro Paraná Oeste S/A","usage":null},"geometry":{"type":"LineString","coordinates":[[-53.32049,-24.9912],[-53.32115,-24.99115],[-53.32156,-24.99127],[-53.32244,-24.99166],[-53.32451,-24.99283],[-53.32592,-24.99342],[-53.32681,-24.99367],[-53.32773,-24.99375],[-53.32853,-24.99341]]}},{"type":"Feature","properties":{"name":null,"operator":"Estrada de Ferro Paraná Oeste S/A","usage":null},"geometry":{"type":"LineString","coordinates":[[-53.32514,-24.98933],[-53.32037,-24.99094],[-53.31965,-24.99135]]}},{"type":"Feature","properties":{"name":null,"operator":"Estrada de Ferro Paraná Oeste S/A","usage":null},"geometry":{"type":"LineString","coordinates":[[-53.33093,-24.98807],[-53.32974,-24.98805],[-53.32844,-24.98823],[-53.32514,-24.98933],[-53.32356,-24.98998]]}},{"type":"Feature","properties":{"name":null,"operator":"Rumo S/A","usage":"main"},"geometry":{"type":"LineString","coordinates":[[-50.6562,-25.52059],[-50.65678,-25.51964],[-50.65925,-25.51613],[-50.65966,-25.5137],[-50.65953,-25.51261],[-50.65974,-25.51217],[-50.65991,-25.51202],[-50.66034,-25.51186],[-50.6615,-25.51173],[-50.6629,-25.51063],[-50.66313,-25.51032],[-50.66356,-25.50929],[-50.66468,-25.50828],[-50.66499,-25.50758],[-50.665,-25.50708],[-50.66475,-25.5052],[-50.66458,-25.50486],[-50.66387,-25.50438],[-50.66361,-25.50409],[-50.66352,-25.50376],[-50.6635,-25.50238],[-50.66323,-25.50158],[-50.66327,-25.50124],[-50.66362,-25.50048],[-50.66371,-25.50003],[-50.66352,-25.49889],[-50.66373,-25.4956],[-50.66328,-25.49404],[-50.66309,-25.49365],[-50.66259,-25.493],[-50.6625,-25.49249],[-50.66251,-25.49222],[-50.66285,-25.4914],[-50.66274,-25.49022],[-50.66305,-25.48869],[-50.66283,-25.48817],[-50.66255,-25.48796],[-50.6623,-25.48787],[-50.66145,-25.48781],[-50.66094,-25.4875]]}},{"type":"Feature","properties":{"name":"Ramal de Guarapuava","operator":"Rumo S/A","usage":"main"},"geometry":{"type":"LineString","coordinates":[[-50.76505,-25.57182],[-50.76371,-25.57126],[-50.7631,-25.57077],[-50.76089,-25.56626],[-50.76047,-25.56589],[-50.76012,-25.56574],[-50.7595,-25.56565],[-50.75872,-25.5659],[-50.7583,-25.56628],[-50.75752,-25.56759],[-50.75726,-25.5678],[-50.75671,-25.56802],[-50.75613,-25.56802],[-50.75551,-25.56775],[-50.75506,-25.56725],[-50.75438,-25.56452],[-50.75402,-25.56398],[-50.75346,-25.56366],[-50.75278,-25.56358],[-50.74814,-25.5645],[-50.7475,-25.56431],[-50.74616,-25.56355],[-50.74455,-25.56346],[-50.744,-25.56321],[-50.74363,-25.56276],[-50.74346,-25.56216],[-50.74358,-25.56161],[-50.74415,-25.56054],[-50.74435,-25.55919],[-50.74467,-25.55875],[-50.7461,-25.55769],[-50.74635,-25.55715],[-50.74632,-25.5565],[-50.74602,-25.55605],[-50.74559,-25.55575],[-50.74453,-25.55539],[-50.74387,-25.55532],[-50.74324,-25.55548],[-50.74214,-25.55614],[-50.74146,-25.55627],[-50.74096,-25.55616],[-50.74,-25.55547],[-50.73946,-25.55519],[-50.73887,-25.55513],[-50.73789,-25.5552],[-50.73739,-25.5551],[-50.73695,-25.55488],[-50.73553,-25.55391],[-50.73457,-25.55267],[-50.73434,-25.55249],[-50.73297,-25.55189],[-50.73272,-25.55171],[-50.73174,-25.55057],[-50.72906,-25.54925],[-50.72849,-25.5491],[-50.72818,-25.54911],[-50.72758,-25.5493],[-50.72736,-25.54948],[-50.72697,-25.55],[-50.72691,-25.55028],[-50.7269,-25.55055],[-50.7278,-25.55451],[-50.72762,-25.55533],[-50.72631,-25.55683],[-50.72606,-25.55697],[-50.7255,-25.55711],[-50.72425,-25.55709],[-50.72395,-25.55719],[-50.72346,-25.55752],[-50.72265,-25.55839],[-50.72234,-25.55857],[-50.72169,-25.55868],[-50.72108,-25.55853],[-50.72061,-25.55824],[-50.72031,-25.55779],[-50.72021,-25.55739],[-50.72015,-25.55591],[-50.71934,-25.55404],[-50.71945,-25.55272]]}},{"type":"Feature","properties":{"name":"Ramal de Bairro Oficinas","operator":"Rumo S/A","usage":"branch"},"geometry":{"type":"LineString","coordinates":[[-50.14016,-25.15198],[-50.14016,-25.15125],[-50.14059,-25.15046],[-50.14094,-25.15017],[-50.14218,-25.14971],[-50.143,-25.14919],[-50.14538,-25.1469],[-50.14646,-25.14543],[-50.14712,-25.14439],[-50.14773,-25.14325],[-50.14778,-25.14299],[-50.14768,-25.14195],[-50.14729,-25.13993]]}},{"type":"Feature","properties":{"name":null,"operator":"Rumo S/A","usage":"main"},"geometry":{"type":"LineString","coordinates":[[-50.19599,-25.16909],[-50.19667,-25.16931],[-50.19697,-25.1696],[-50.19716,-25.16994],[-50.19732,-25.17091],[-50.19748,-25.17126],[-50.19825,-25.17188],[-50.1985,-25.1722],[-50.1986,-25.17251],[-50.19859,-25.17291],[-50.19803,-25.1739]]}},{"type":"Feature","properties":{"name":"Tronco Principal Sul","operator":"Rumo S/A","usage":"main"},"geometry":{"type":"LineString","coordinates":[[-50.067,-25.21209],[-50.06729,-25.21113],[-50.06813,-25.20981],[-50.0687,-25.20928],[-50.07154,-25.20733],[-50.07264,-25.20612],[-50.07354,-25.20468],[-50.07424,-25.20374],[-50.07504,-25.20298],[-50.07568,-25.20255]]}},{"type":"Feature","properties":{"name":null,"operator":"Rumo S/A","usage":"main"},"geometry":{"type":"LineString","coordinates":[[-48.55627,-25.54967],[-48.55607,-25.54962]]}},{"type":"Feature","properties":{"name":null,"operator":"Rumo S/A","usage":"main"},"geometry":{"type":"LineString","coordinates":[[-48.61132,-25.56333],[-48.60773,-25.56191],[-48.59832,-25.55738],[-48.59562,-25.55636],[-48.59304,-25.55575],[-48.55982,-25.55039],[-48.55766,-25.55002],[-48.55627,-25.54967]]}},{"type":"Feature","properties":{"name":null,"operator":null,"usage":null},"geometry":{"type":"LineString","coordinates":[[-48.55628,-25.54964],[-48.55609,-25.54958]]}},{"type":"Feature","properties":{"name":null,"operator":null,"usage":null},"geometry":{"type":"LineString","coordinates":[[-48.55982,-25.55039],[-48.55628,-25.54964]]}},{"type":"Feature","properties":{"name":null,"operator":null,"usage":"industrial"},"geometry":{"type":"LineString","coordinates":[[-48.53883,-25.53804],[-48.53648,-25.53655]]}},{"type":"Feature","properties":{"name":null,"operator":null,"usage":"industrial"},"geometry":{"type":"LineString","coordinates":[[-48.52192,-25.5082],[-48.52168,-25.50783],[-48.52143,-25.50696],[-48.52128,-25.50674],[-48.52088,-25.50662],[-48.52048,-25.50677]]}},{"type":"Feature","properties":{"name":null,"operator":null,"usage":null},"geometry":{"type":"LineString","coordinates":[[-48.53703,-25.53807],[-48.53666,-25.53793],[-48.53625,-25.53795],[-48.53489,-25.53931]]}},{"type":"Feature","properties":{"name":null,"operator":null,"usage":null},"geometry":{"type":"LineString","coordinates":[[-48.54624,-25.54448],[-48.544,-25.54361],[-48.54077,-25.54153],[-48.53893,-25.53975]]}},{"type":"Feature","properties":{"name":null,"operator":null,"usage":"industrial"},"geometry":{"type":"LineString","coordinates":[[-48.50451,-25.50654],[-48.50495,-25.50689],[-48.50546,-25.50709],[-48.5072,-25.50732],[-48.50782,-25.50748],[-48.50906,-25.50897]]}},{"type":"Feature","properties":{"name":null,"operator":null,"usage":null},"geometry":{"type":"LineString","coordinates":[[-48.5272,-25.52111],[-48.52676,-25.51998]]}},{"type":"Feature","properties":{"name":null,"operator":null,"usage":null},"geometry":{"type":"LineString","coordinates":[[-48.53768,-25.53849],[-48.53677,-25.53791],[-48.53629,-25.53787],[-48.53615,-25.53793],[-48.53483,-25.53926]]}},{"type":"Feature","properties":{"name":null,"operator":null,"usage":"industrial"},"geometry":{"type":"LineString","coordinates":[[-48.5032,-25.50604],[-48.49702,-25.50524]]}},{"type":"Feature","properties":{"name":null,"operator":null,"usage":"industrial"},"geometry":{"type":"LineString","coordinates":[[-48.50746,-25.50403],[-48.50723,-25.50394],[-48.50447,-25.50357]]}},{"type":"Feature","properties":{"name":null,"operator":null,"usage":null},"geometry":{"type":"LineString","coordinates":[[-48.55047,-25.54658],[-48.53783,-25.53842]]}},{"type":"Feature","properties":{"name":null,"operator":null,"usage":"industrial"},"geometry":{"type":"LineString","coordinates":[[-48.5197,-25.50616],[-48.51847,-25.50727],[-48.51769,-25.50741]]}},{"type":"Feature","properties":{"name":null,"operator":null,"usage":"industrial"},"geometry":{"type":"LineString","coordinates":[[-48.50603,-25.50636],[-48.50786,-25.50661]]}},{"type":"Feature","properties":{"name":null,"operator":null,"usage":"industrial"},"geometry":{"type":"LineString","coordinates":[[-48.51185,-25.505],[-48.50983,-25.50473],[-48.50818,-25.50435]]}},{"type":"Feature","properties":{"name":null,"operator":null,"usage":null},"geometry":{"type":"LineString","coordinates":[[-48.53848,-25.53922],[-48.53932,-25.54058],[-48.54032,-25.54159],[-48.54381,-25.54386],[-48.54505,-25.54436],[-48.54733,-25.54483],[-48.54959,-25.54615]]}},{"type":"Feature","properties":{"name":null,"operator":null,"usage":null},"geometry":{"type":"LineString","coordinates":[[-48.53204,-25.51104],[-48.53085,-25.51166]]}},{"type":"Feature","properties":{"name":null,"operator":null,"usage":null},"geometry":{"type":"LineString","coordinates":[[-48.53947,-25.5392],[-48.54669,-25.54385]]}},{"type":"Feature","properties":{"name":null,"operator":null,"usage":"industrial"},"geometry":{"type":"LineString","coordinates":[[-48.51827,-25.50741],[-48.51737,-25.50747],[-48.51714,-25.50739],[-48.51646,-25.5066]]}},{"type":"Feature","properties":{"name":null,"operator":null,"usage":"industrial"},"geometry":{"type":"LineString","coordinates":[[-48.54183,-25.54008],[-48.53948,-25.5385]]}},{"type":"Feature","properties":{"name":null,"operator":null,"usage":"industrial"},"geometry":{"type":"LineString","coordinates":[[-48.52176,-25.50741],[-48.52172,-25.50671],[-48.52189,-25.50519]]}},{"type":"Feature","properties":{"name":null,"operator":null,"usage":"industrial"},"geometry":{"type":"LineString","coordinates":[[-48.51098,-25.50427],[-48.50969,-25.50423],[-48.50903,-25.50443]]}},{"type":"Feature","properties":{"name":null,"operator":null,"usage":null},"geometry":{"type":"LineString","coordinates":[[-48.53371,-25.53143],[-48.53196,-25.53201]]}},{"type":"Feature","properties":{"name":null,"operator":null,"usage":"industrial"},"geometry":{"type":"LineString","coordinates":[[-48.50823,-25.50666],[-48.50787,-25.50655]]}},{"type":"Feature","properties":{"name":null,"operator":null,"usage":null},"geometry":{"type":"LineString","coordinates":[[-48.52268,-25.50459],[-48.52248,-25.50738],[-48.52258,-25.50851],[-48.52274,-25.50896],[-48.52338,-25.50996],[-48.52389,-25.51132],[-48.52405,-25.51197]]}},{"type":"Feature","properties":{"name":null,"operator":null,"usage":"industrial"},"geometry":{"type":"LineString","coordinates":[[-48.51334,-25.50409],[-48.50464,-25.50298]]}},{"type":"Feature","properties":{"name":null,"operator":null,"usage":null},"geometry":{"type":"LineString","coordinates":[[-48.54845,-25.54527],[-48.54757,-25.54461]]}},{"type":"Feature","properties":{"name":null,"operator":null,"usage":null},"geometry":{"type":"LineString","coordinates":[[-48.53489,-25.50925],[-48.5345,-25.50926],[-48.53414,-25.50937],[-48.53393,-25.50956],[-48.53367,-25.51025],[-48.53348,-25.51045],[-48.53185,-25.51123]]}},{"type":"Feature","properties":{"name":null,"operator":null,"usage":"industrial"},"geometry":{"type":"LineString","coordinates":[[-48.51341,-25.50586],[-48.51025,-25.50547],[-48.50987,-25.50554],[-48.50956,-25.50581],[-48.50936,-25.5067],[-48.50895,-25.50753],[-48.50892,-25.5079],[-48.50901,-25.50815],[-48.5097,-25.509],[-48.51035,-25.50997]]}},{"type":"Feature","properties":{"name":null,"operator":null,"usage":null},"geometry":{"type":"LineString","coordinates":[[-48.53888,-25.53896],[-48.54713,-25.54428]]}},{"type":"Feature","properties":{"name":null,"operator":null,"usage":"industrial"},"geometry":{"type":"LineString","coordinates":[[-48.51865,-25.5074],[-48.51796,-25.50735],[-48.51715,-25.50717],[-48.51689,-25.50697],[-48.51656,-25.50654]]}},{"type":"Feature","properties":{"name":null,"operator":null,"usage":null},"geometry":{"type":"LineString","coordinates":[[-48.53886,-25.5404],[-48.53825,-25.53912],[-48.53793,-25.53869]]}},{"type":"Feature","properties":{"name":null,"operator":null,"usage":"industrial"},"geometry":{"type":"LineString","coordinates":[[-48.5224,-25.50864],[-48.52208,-25.50781],[-48.52208,-25.50641]]}},{"type":"Feature","properties":{"name":null,"operator":null,"usage":"industrial"},"geometry":{"type":"LineString","coordinates":[[-48.51469,-25.50423],[-48.51394,-25.50425],[-48.51334,-25.50409],[-48.50465,-25.50294]]}},{"type":"Feature","properties":{"name":null,"operator":null,"usage":null},"geometry":{"type":"LineString","coordinates":[[-48.54507,-25.5442],[-48.54538,-25.54432]]}},{"type":"Feature","properties":{"name":null,"operator":null,"usage":"industrial"},"geometry":{"type":"LineString","coordinates":[[-48.50562,-25.50619],[-48.50772,-25.50647]]}},{"type":"Feature","properties":{"name":null,"operator":null,"usage":"industrial"},"geometry":{"type":"LineString","coordinates":[[-48.53103,-25.53107],[-48.53065,-25.53005],[-48.53064,-25.52972]]}},{"type":"Feature","properties":{"name":null,"operator":null,"usage":null},"geometry":{"type":"LineString","coordinates":[[-48.54159,-25.54175],[-48.5425,-25.54219],[-48.54563,-25.54417]]}},{"type":"Feature","properties":{"name":null,"operator":"Rumo S/A","usage":"branch"},"geometry":{"type":"LineString","coordinates":[[-48.51257,-25.50501],[-48.51301,-25.50496],[-48.51394,-25.50441],[-48.51469,-25.50423],[-48.51877,-25.50389],[-48.51948,-25.50392],[-48.51978,-25.50409],[-48.5211,-25.50538],[-48.52129,-25.50581],[-48.52179,-25.50766],[-48.52206,-25.50825],[-48.52244,-25.50878]]}},{"type":"Feature","properties":{"name":null,"operator":null,"usage":null},"geometry":{"type":"LineString","coordinates":[[-48.54017,-25.54021],[-48.54301,-25.5421]]}},{"type":"Feature","properties":{"name":null,"operator":null,"usage":null},"geometry":{"type":"LineString","coordinates":[[-48.52263,-25.50426],[-48.5224,-25.50749]]}},{"type":"Feature","properties":{"name":null,"operator":null,"usage":"industrial"},"geometry":{"type":"LineString","coordinates":[[-48.51437,-25.50698],[-48.51358,-25.50623],[-48.51331,-25.50612],[-48.51256,-25.50601],[-48.51205,-25.50603],[-48.51106,-25.50658],[-48.51032,-25.50676]]}},{"type":"Feature","properties":{"name":null,"operator":null,"usage":null},"geometry":{"type":"LineString","coordinates":[[-48.54727,-25.54442],[-48.55033,-25.54639]]}},{"type":"Feature","properties":{"name":null,"operator":null,"usage":null},"geometry":{"type":"LineString","coordinates":[[-48.52916,-25.51249],[-48.52619,-25.51398]]}},{"type":"Feature","properties":{"name":null,"operator":null,"usage":null},"geometry":{"type":"LineString","coordinates":[[-48.53588,-25.50822],[-48.53429,-25.5079],[-48.53378,-25.50809],[-48.53343,-25.50854],[-48.53315,-25.51031],[-48.53279,-25.51071]]}},{"type":"Feature","properties":{"name":null,"operator":null,"usage":"industrial"},"geometry":{"type":"LineString","coordinates":[[-48.53323,-25.51047],[-48.53347,-25.5101],[-48.53397,-25.50821]]}},{"type":"Feature","properties":{"name":null,"operator":null,"usage":null},"geometry":{"type":"LineString","coordinates":[[-48.53885,-25.53931],[-48.54645,-25.54422]]}},{"type":"Feature","properties":{"name":null,"operator":null,"usage":null},"geometry":{"type":"LineString","coordinates":[[-48.53824,-25.53864],[-48.5504,-25.54649]]}},{"type":"Feature","properties":{"name":null,"operator":null,"usage":"industrial"},"geometry":{"type":"LineString","coordinates":[[-48.50495,-25.50689],[-48.50777,-25.50736],[-48.50817,-25.5077],[-48.5093,-25.50913]]}},{"type":"Feature","properties":{"name":null,"operator":null,"usage":null},"geometry":{"type":"LineString","coordinates":[[-48.5337,-25.53139],[-48.53207,-25.53191],[-48.53188,-25.53212],[-48.53183,-25.53246]]}},{"type":"Feature","properties":{"name":null,"operator":null,"usage":null},"geometry":{"type":"LineString","coordinates":[[-48.52993,-25.5123],[-48.52677,-25.51392]]}},{"type":"Feature","properties":{"name":null,"operator":null,"usage":"industrial"},"geometry":{"type":"LineString","coordinates":[[-48.51413,-25.50669],[-48.51376,-25.50627],[-48.51349,-25.50611],[-48.51206,-25.50591],[-48.50916,-25.50731]]}},{"type":"Feature","properties":{"name":null,"operator":null,"usage":"industrial"},"geometry":{"type":"LineString","coordinates":[[-48.54157,-25.54007],[-48.54034,-25.53924],[-48.54022,-25.53909]]}},{"type":"Feature","properties":{"name":null,"operator":null,"usage":"industrial"},"geometry":{"type":"LineString","coordinates":[[-48.51306,-25.50579],[-48.51025,-25.50543],[-48.50986,-25.50551],[-48.50957,-25.50573],[-48.50946,-25.50594],[-48.50932,-25.50669],[-48.50897,-25.50736],[-48.50887,-25.50783],[-48.50898,-25.50816],[-48.5099,-25.50935]]}},{"type":"Feature","properties":{"name":null,"operator":null,"usage":"industrial"},"geometry":{"type":"LineString","coordinates":[[-48.50842,-25.50504],[-48.50561,-25.50466],[-48.50496,-25.50476],[-48.50453,-25.50515],[-48.50438,-25.50582],[-48.50447,-25.50613],[-48.50467,-25.50642],[-48.50529,-25.50686]]}},{"type":"Feature","properties":{"name":null,"operator":null,"usage":null},"geometry":{"type":"LineString","coordinates":[[-48.53759,-25.53836],[-48.53845,-25.53904],[-48.5395,-25.54062],[-48.54047,-25.54157],[-48.5439,-25.54378],[-48.54505,-25.54424]]}},{"type":"Feature","properties":{"name":null,"operator":null,"usage":"industrial"},"geometry":{"type":"LineString","coordinates":[[-48.51024,-25.50532],[-48.50977,-25.50534],[-48.50942,-25.50556],[-48.50912,-25.50665],[-48.50874,-25.50707],[-48.50827,-25.50717],[-48.50727,-25.50703]]}},{"type":"Feature","properties":{"name":null,"operator":null,"usage":"industrial"},"geometry":{"type":"LineString","coordinates":[[-48.52573,-25.50426],[-48.5258,-25.50401],[-48.52573,-25.50378],[-48.52538,-25.5035],[-48.52349,-25.50359]]}},{"type":"Feature","properties":{"name":null,"operator":null,"usage":null},"geometry":{"type":"LineString","coordinates":[[-48.52655,-25.51898],[-48.526,-25.51751],[-48.52589,-25.517]]}},{"type":"Feature","properties":{"name":null,"operator":null,"usage":null},"geometry":{"type":"LineString","coordinates":[[-48.52243,-25.50425],[-48.5222,-25.50762],[-48.52233,-25.50827],[-48.52259,-25.50878]]}},{"type":"Feature","properties":{"name":null,"operator":null,"usage":null},"geometry":{"type":"LineString","coordinates":[[-48.53886,-25.5404],[-48.5388,-25.54084],[-48.53843,-25.54113],[-48.53797,-25.54117],[-48.5377,-25.54107],[-48.5375,-25.54088],[-48.53739,-25.54062],[-48.53741,-25.54032],[-48.53814,-25.53925],[-48.53809,-25.53891],[-48.53777,-25.53855]]}},{"type":"Feature","properties":{"name":null,"operator":null,"usage":"industrial"},"geometry":{"type":"LineString","coordinates":[[-48.53317,-25.51051],[-48.53357,-25.51006],[-48.53404,-25.50822]]}},{"type":"Feature","properties":{"name":null,"operator":null,"usage":"industrial"},"geometry":{"type":"LineString","coordinates":[[-48.51399,-25.50647],[-48.51374,-25.50616],[-48.51343,-25.50601],[-48.51206,-25.50583],[-48.51168,-25.50595],[-48.51065,-25.50656]]}},{"type":"Feature","properties":{"name":null,"operator":null,"usage":null},"geometry":{"type":"LineString","coordinates":[[-48.53988,-25.53937],[-48.54638,-25.54356]]}},{"type":"Feature","properties":{"name":null,"operator":null,"usage":"industrial"},"geometry":{"type":"LineString","coordinates":[[-48.50842,-25.50504],[-48.50529,-25.50469],[-48.50498,-25.50479],[-48.50461,-25.5051],[-48.50444,-25.50551],[-48.50444,-25.50593],[-48.50456,-25.50621],[-48.50486,-25.50655],[-48.50543,-25.50687],[-48.50697,-25.5071]]}},{"type":"Feature","properties":{"name":null,"operator":null,"usage":"industrial"},"geometry":{"type":"LineString","coordinates":[[-48.49703,-25.5052],[-48.50375,-25.50612],[-48.50412,-25.50624],[-48.50504,-25.50684],[-48.50574,-25.50697]]}},{"type":"Feature","properties":{"name":null,"operator":null,"usage":"industrial"},"geometry":{"type":"LineString","coordinates":[[-48.54034,-25.53951],[-48.5392,-25.53831],[-48.5365,-25.53652]]}},{"type":"Feature","properties":{"name":null,"operator":null,"usage":"industrial"},"geometry":{"type":"LineString","coordinates":[[-48.52213,-25.50836],[-48.5219,-25.50803],[-48.52151,-25.50684],[-48.52137,-25.50665],[-48.52087,-25.5065],[-48.52045,-25.50673]]}},{"type":"Feature","properties":{"name":null,"operator":null,"usage":"industrial"},"geometry":{"type":"LineString","coordinates":[[-48.51031,-25.50431],[-48.51329,-25.50466],[-48.5137,-25.50455]]}},{"type":"Feature","properties":{"name":null,"operator":null,"usage":null},"geometry":{"type":"LineString","coordinates":[[-48.53914,-25.5401],[-48.54072,-25.5416],[-48.54396,-25.54368],[-48.5458,-25.5444]]}},{"type":"Feature","properties":{"name":null,"operator":null,"usage":null},"geometry":{"type":"LineString","coordinates":[[-48.53064,-25.51182],[-48.52693,-25.51377]]}},{"type":"Feature","properties":{"name":null,"operator":null,"usage":null},"geometry":{"type":"LineString","coordinates":[[-48.52751,-25.52153],[-48.52738,-25.5213],[-48.527,-25.52113],[-48.5268,-25.52112],[-48.52606,-25.52134]]}},{"type":"Feature","properties":{"name":null,"operator":null,"usage":"industrial"},"geometry":{"type":"LineString","coordinates":[[-48.51234,-25.50547],[-48.50962,-25.50515]]}},{"type":"Feature","properties":{"name":null,"operator":null,"usage":null},"geometry":{"type":"LineString","coordinates":[[-48.5227,-25.50603],[-48.52282,-25.50438]]}},{"type":"Feature","properties":{"name":null,"operator":null,"usage":null},"geometry":{"type":"LineString","coordinates":[[-48.53196,-25.51098],[-48.53085,-25.51166]]}},{"type":"Feature","properties":{"name":null,"operator":null,"usage":"industrial"},"geometry":{"type":"LineString","coordinates":[[-48.50447,-25.50353],[-48.50727,-25.50391],[-48.5078,-25.50433],[-48.50835,-25.50441]]}},{"type":"Feature","properties":{"name":null,"operator":null,"usage":null},"geometry":{"type":"LineString","coordinates":[[-48.54783,-25.54501],[-48.54689,-25.54464],[-48.54524,-25.54434],[-48.54385,-25.54379],[-48.54037,-25.54154],[-48.53947,-25.54064],[-48.53859,-25.53939]]}},{"type":"Feature","properties":{"name":null,"operator":null,"usage":"industrial"},"geometry":{"type":"LineString","coordinates":[[-48.51807,-25.50743],[-48.51709,-25.50726],[-48.51649,-25.50658]]}},{"type":"Feature","properties":{"name":null,"operator":null,"usage":"industrial"},"geometry":{"type":"LineString","coordinates":[[-48.54149,-25.54026],[-48.54186,-25.54054]]}},{"type":"Feature","properties":{"name":null,"operator":null,"usage":"industrial"},"geometry":{"type":"LineString","coordinates":[[-48.51258,-25.50497],[-48.50964,-25.50456]]}},{"type":"Feature","properties":{"name":null,"operator":null,"usage":"industrial"},"geometry":{"type":"LineString","coordinates":[[-48.51325,-25.50461],[-48.51296,-25.50463]]}},{"type":"Feature","properties":{"name":null,"operator":null,"usage":null},"geometry":{"type":"LineString","coordinates":[[-48.54117,-25.54168],[-48.54421,-25.54361],[-48.54676,-25.54458]]}},{"type":"Feature","properties":{"name":null,"operator":null,"usage":"industrial"},"geometry":{"type":"LineString","coordinates":[[-48.5091,-25.50895],[-48.50885,-25.50871]]}},{"type":"Feature","properties":{"name":null,"operator":null,"usage":null},"geometry":{"type":"LineString","coordinates":[[-48.52743,-25.52135],[-48.5272,-25.52111]]}},{"type":"Feature","properties":{"name":null,"operator":null,"usage":null},"geometry":{"type":"LineString","coordinates":[[-48.54029,-25.54108],[-48.54103,-25.54156],[-48.54168,-25.54187],[-48.54421,-25.5435],[-48.54469,-25.54372]]}},{"type":"Feature","properties":{"name":null,"operator":null,"usage":null},"geometry":{"type":"LineString","coordinates":[[-48.52257,-25.50445],[-48.52232,-25.50738],[-48.52239,-25.50823]]}},{"type":"Feature","properties":{"name":null,"operator":null,"usage":"industrial"},"geometry":{"type":"LineString","coordinates":[[-48.54034,-25.53951],[-48.54149,-25.54026]]}},{"type":"Feature","properties":{"name":null,"operator":null,"usage":"industrial"},"geometry":{"type":"LineString","coordinates":[[-48.52199,-25.50777],[-48.52189,-25.50655],[-48.52209,-25.50439]]}},{"type":"Feature","properties":{"name":null,"operator":null,"usage":"industrial"},"geometry":{"type":"LineString","coordinates":[[-48.5174,-25.50724],[-48.51705,-25.50706],[-48.51659,-25.50652]]}},{"type":"Feature","properties":{"name":null,"operator":null,"usage":"industrial"},"geometry":{"type":"LineString","coordinates":[[-48.50603,-25.50636],[-48.50567,-25.50625]]}},{"type":"Feature","properties":{"name":null,"operator":null,"usage":null},"geometry":{"type":"LineString","coordinates":[[-48.54876,-25.54557],[-48.5473,-25.54479],[-48.54522,-25.54437],[-48.54383,-25.54382],[-48.54047,-25.54166],[-48.53944,-25.54066],[-48.53825,-25.53891],[-48.53728,-25.53816]]}},{"type":"Feature","properties":{"name":null,"operator":null,"usage":"industrial"},"geometry":{"type":"LineString","coordinates":[[-48.51257,-25.50501],[-48.51151,-25.50499],[-48.51001,-25.5048],[-48.50848,-25.50443]]}},{"type":"Feature","properties":{"name":null,"operator":null,"usage":null},"geometry":{"type":"LineString","coordinates":[[-48.53913,-25.53954],[-48.54605,-25.54401],[-48.54713,-25.54456]]}},{"type":"Feature","properties":{"name":null,"operator":null,"usage":null},"geometry":{"type":"LineString","coordinates":[[-48.54512,-25.5441],[-48.54602,-25.54444]]}},{"type":"Feature","properties":{"name":null,"operator":null,"usage":"industrial"},"geometry":{"type":"LineString","coordinates":[[-48.51665,-25.50796],[-48.51699,-25.50788]]}},{"type":"Feature","properties":{"name":null,"operator":null,"usage":null},"geometry":{"type":"LineString","coordinates":[[-48.53929,-25.53913],[-48.54682,-25.54399]]}},{"type":"Feature","properties":{"name":null,"operator":null,"usage":null},"geometry":{"type":"LineString","coordinates":[[-48.53211,-25.53331],[-48.53101,-25.53026]]}},{"type":"Feature","properties":{"name":null,"operator":null,"usage":null},"geometry":{"type":"LineString","coordinates":[[-48.54171,-25.54183],[-48.5448,-25.54374],[-48.54549,-25.54408]]}},{"type":"Feature","properties":{"name":null,"operator":null,"usage":"industrial"},"geometry":{"type":"LineString","coordinates":[[-48.5418,-25.54012],[-48.53977,-25.53874]]}},{"type":"Feature","properties":{"name":null,"operator":null,"usage":"industrial"},"geometry":{"type":"LineString","coordinates":[[-48.52205,-25.50807],[-48.52192,-25.50768],[-48.52185,-25.50702],[-48.52193,-25.50519]]}},{"type":"Feature","properties":{"name":null,"operator":"Rumo S/A","usage":"branch"},"geometry":{"type":"LineString","coordinates":[[-48.51392,-25.50591],[-48.51364,-25.5057],[-48.51307,-25.50548],[-48.50564,-25.50452],[-48.50521,-25.50456],[-48.5047,-25.50486],[-48.50445,-25.50514],[-48.5043,-25.50561],[-48.50432,-25.50597],[-48.50445,-25.50626],[-48.5047,-25.50655],[-48.50508,-25.50678],[-48.50574,-25.50697],[-48.50822,-25.50728],[-48.50879,-25.50717],[-48.50902,-25.50697],[-48.5092,-25.50665],[-48.50934,-25.50592],[-48.50949,-25.50564],[-48.50977,-25.50542],[-48.51005,-25.50533],[-48.51188,-25.50554],[-48.51291,-25.50553],[-48.51352,-25.5057],[-48.51403,-25.50605]]}},{"type":"Feature","properties":{"name":null,"operator":null,"usage":null},"geometry":{"type":"LineString","coordinates":[[-48.53337,-25.53144],[-48.53301,-25.53159]]}},{"type":"Feature","properties":{"name":null,"operator":null,"usage":"industrial"},"geometry":{"type":"LineString","coordinates":[[-48.50459,-25.50578],[-48.50479,-25.5061],[-48.50534,-25.5063],[-48.50785,-25.50667],[-48.5081,-25.50664]]}},{"type":"Feature","properties":{"name":null,"operator":null,"usage":null},"geometry":{"type":"LineString","coordinates":[[-48.52274,-25.50438],[-48.52252,-25.50739],[-48.52262,-25.50851],[-48.52273,-25.50886],[-48.52342,-25.50995],[-48.52393,-25.51147]]}},{"type":"Feature","properties":{"name":null,"operator":"Rumo S/A","usage":"branch"},"geometry":{"type":"LineString","coordinates":[[-48.53783,-25.53842],[-48.53365,-25.53565],[-48.53291,-25.53486],[-48.53243,-25.53409],[-48.5233,-25.50998],[-48.52266,-25.50903],[-48.52183,-25.50811],[-48.5215,-25.5079],[-48.51969,-25.50746],[-48.51819,-25.50747],[-48.51616,-25.50814],[-48.51565,-25.50813],[-48.51535,-25.50792],[-48.51342,-25.50525],[-48.51314,-25.50508],[-48.51269,-25.50501]]}},{"type":"Feature","properties":{"name":null,"operator":null,"usage":null},"geometry":{"type":"LineString","coordinates":[[-48.53806,-25.53871],[-48.55256,-25.54807],[-48.55415,-25.54887]]}},{"type":"Feature","properties":{"name":null,"operator":null,"usage":null},"geometry":{"type":"LineString","coordinates":[[-48.53489,-25.50921],[-48.53449,-25.50922],[-48.53412,-25.50934],[-48.53384,-25.50964],[-48.53364,-25.51023],[-48.53338,-25.51048],[-48.53196,-25.51116]]}},{"type":"Feature","properties":{"name":null,"operator":null,"usage":"industrial"},"geometry":{"type":"LineString","coordinates":[[-48.51996,-25.50933],[-48.51859,-25.50769],[-48.51822,-25.50759],[-48.5173,-25.50777]]}},{"type":"Feature","properties":{"name":null,"operator":null,"usage":null},"geometry":{"type":"LineString","coordinates":[[-48.53869,-25.53888],[-48.54727,-25.54442]]}},{"type":"Feature","properties":{"name":null,"operator":null,"usage":"industrial"},"geometry":{"type":"LineString","coordinates":[[-48.51795,-25.50747],[-48.51745,-25.50754],[-48.51712,-25.50744],[-48.51643,-25.50662]]}},{"type":"Feature","properties":{"name":null,"operator":null,"usage":"industrial"},"geometry":{"type":"LineString","coordinates":[[-48.54149,-25.54026],[-48.54045,-25.53953],[-48.53933,-25.53834],[-48.5389,-25.53796],[-48.53859,-25.5378]]}},{"type":"Feature","properties":{"name":null,"operator":null,"usage":"industrial"},"geometry":{"type":"LineString","coordinates":[[-48.52191,-25.50812],[-48.52172,-25.50782],[-48.5214,-25.5068],[-48.5211,-25.5066],[-48.52063,-25.50665],[-48.51966,-25.50736]]}},{"type":"Feature","properties":{"name":null,"operator":null,"usage":"industrial"},"geometry":{"type":"LineString","coordinates":[[-48.5047,-25.50672],[-48.50511,-25.50691],[-48.50722,-25.5072],[-48.5079,-25.50738],[-48.5082,-25.50767],[-48.50914,-25.50893]]}},{"type":"Feature","properties":{"name":null,"operator":null,"usage":null},"geometry":{"type":"LineString","coordinates":[[-48.54507,-25.5442],[-48.54392,-25.54375],[-48.54053,-25.54156],[-48.53938,-25.54045]]}},{"type":"Feature","properties":{"name":null,"operator":null,"usage":"industrial"},"geometry":{"type":"LineString","coordinates":[[-48.50925,-25.50633],[-48.50913,-25.50673],[-48.50894,-25.50699],[-48.50841,-25.50721],[-48.50541,-25.5068],[-48.50476,-25.50639],[-48.50449,-25.50592],[-48.50455,-25.50545],[-48.50471,-25.50509],[-48.50498,-25.50479]]}},{"type":"Feature","properties":{"name":null,"operator":null,"usage":null},"geometry":{"type":"LineString","coordinates":[[-48.52659,-25.51897],[-48.52592,-25.51718]]}},{"type":"Feature","properties":{"name":null,"operator":null,"usage":"industrial"},"geometry":{"type":"LineString","coordinates":[[-48.52206,-25.5075],[-48.52202,-25.50671],[-48.52222,-25.5044]]}},{"type":"Feature","properties":{"name":null,"operator":null,"usage":null},"geometry":{"type":"LineString","coordinates":[[-48.54348,-25.54235],[-48.54301,-25.5421]]}},{"type":"Feature","properties":{"name":null,"operator":null,"usage":"industrial"},"geometry":{"type":"LineString","coordinates":[[-48.51666,-25.50799],[-48.51607,-25.5082],[-48.51572,-25.50819],[-48.5155,-25.5081],[-48.51498,-25.5075],[-48.51451,-25.50717],[-48.51399,-25.50647],[-48.51364,-25.50614],[-48.51334,-25.50602],[-48.51217,-25.50586],[-48.51172,-25.50598],[-48.50914,-25.50728]]}},{"type":"Feature","properties":{"name":null,"operator":null,"usage":null},"geometry":{"type":"LineString","coordinates":[[-48.54713,-25.54428],[-48.55027,-25.54631]]}},{"type":"Feature","properties":{"name":null,"operator":null,"usage":null},"geometry":{"type":"LineString","coordinates":[[-48.52913,-25.51245],[-48.52681,-25.51371]]}},{"type":"Feature","properties":{"name":null,"operator":null,"usage":null},"geometry":{"type":"LineString","coordinates":[[-48.53589,-25.50817],[-48.53451,-25.50787],[-48.53412,-25.50786],[-48.53383,-25.508],[-48.53351,-25.50829],[-48.53337,-25.50861],[-48.53338,-25.50888]]}},{"type":"Feature","properties":{"name":null,"operator":null,"usage":"industrial"},"geometry":{"type":"LineString","coordinates":[[-48.52208,-25.50837],[-48.52181,-25.50793],[-48.52147,-25.50685],[-48.52117,-25.50658],[-48.5207,-25.50658],[-48.51964,-25.50733]]}},{"type":"Feature","properties":{"name":null,"operator":null,"usage":null},"geometry":{"type":"LineString","coordinates":[[-48.53746,-25.53827],[-48.53714,-25.53803]]}},{"type":"Feature","properties":{"name":null,"operator":null,"usage":null},"geometry":{"type":"LineString","coordinates":[[-48.53849,-25.5388],[-48.53988,-25.53937]]}},{"type":"Feature","properties":{"name":null,"operator":null,"usage":"industrial"},"geometry":{"type":"LineString","coordinates":[[-48.50509,-25.50697],[-48.5072,-25.50728],[-48.50785,-25.50745],[-48.50926,-25.50916]]}},{"type":"Feature","properties":{"name":null,"operator":null,"usage":null},"geometry":{"type":"LineString","coordinates":[[-48.53368,-25.53135],[-48.53337,-25.53144]]}},{"type":"Feature","properties":{"name":null,"operator":null,"usage":null},"geometry":{"type":"LineString","coordinates":[[-48.52248,-25.50761],[-48.52254,-25.5085],[-48.52262,-25.50867]]}},{"type":"Feature","properties":{"name":null,"operator":null,"usage":"industrial"},"geometry":{"type":"LineString","coordinates":[[-48.51427,-25.50689],[-48.51354,-25.50616],[-48.51216,-25.50594],[-48.51091,-25.50657],[-48.51043,-25.50673]]}},{"type":"Feature","properties":{"name":null,"operator":null,"usage":"industrial"},"geometry":{"type":"LineString","coordinates":[[-48.50875,-25.5045],[-48.50779,-25.50436],[-48.5073,-25.50405],[-48.50448,-25.50367]]}},{"type":"Feature","properties":{"name":null,"operator":null,"usage":"industrial"},"geometry":{"type":"LineString","coordinates":[[-48.50855,-25.50491],[-48.50575,-25.50457]]}},{"type":"Feature","properties":{"name":null,"operator":null,"usage":"industrial"},"geometry":{"type":"LineString","coordinates":[[-48.54042,-25.53961],[-48.54018,-25.53944],[-48.53902,-25.53817]]}},{"type":"Feature","properties":{"name":null,"operator":null,"usage":"industrial"},"geometry":{"type":"LineString","coordinates":[[-48.5164,-25.50664],[-48.51694,-25.50734],[-48.51727,-25.50755],[-48.51753,-25.50757],[-48.51839,-25.5074],[-48.51937,-25.50745]]}},{"type":"Feature","properties":{"name":null,"operator":null,"usage":"industrial"},"geometry":{"type":"LineString","coordinates":[[-48.50466,-25.50521],[-48.50456,-25.50558],[-48.50459,-25.50578],[-48.50477,-25.50602],[-48.50502,-25.50616],[-48.50787,-25.50655]]}},{"type":"Feature","properties":{"name":null,"operator":null,"usage":null},"geometry":{"type":"LineString","coordinates":[[-48.52247,-25.50425],[-48.52224,-25.50762],[-48.52236,-25.50826],[-48.52267,-25.50895]]}},{"type":"Feature","properties":{"name":null,"operator":null,"usage":null},"geometry":{"type":"LineString","coordinates":[[-48.53694,-25.53801],[-48.53662,-25.5379],[-48.53618,-25.53795],[-48.53486,-25.53928]]}},{"type":"Feature","properties":{"name":null,"operator":"Rumo S/A","usage":null},"geometry":{"type":"LineString","coordinates":[[-48.54015,-25.50621],[-48.53956,-25.50843],[-48.53936,-25.50867],[-48.53849,-25.50922],[-48.538,-25.50932],[-48.53464,-25.50913],[-48.53418,-25.50921],[-48.53385,-25.5095],[-48.53359,-25.51019],[-48.53337,-25.51041],[-48.52655,-25.51394],[-48.52587,-25.51397],[-48.52525,-25.51386],[-48.52481,-25.5136],[-48.5245,-25.51319]]}},{"type":"Feature","properties":{"name":null,"operator":null,"usage":"industrial"},"geometry":{"type":"LineString","coordinates":[[-48.52569,-25.50426],[-48.52567,-25.50382],[-48.52535,-25.50354],[-48.52341,-25.5036],[-48.52294,-25.50388],[-48.52265,-25.50449],[-48.52241,-25.50774],[-48.52248,-25.50849]]}},{"type":"Feature","properties":{"name":null,"operator":null,"usage":null},"geometry":{"type":"LineString","coordinates":[[-48.53968,-25.53928],[-48.54653,-25.54371]]}},{"type":"Feature","properties":{"name":null,"operator":null,"usage":"industrial"},"geometry":{"type":"LineString","coordinates":[[-48.5088,-25.50495],[-48.50552,-25.50447],[-48.50494,-25.50464],[-48.50448,-25.50502],[-48.50436,-25.50523],[-48.50427,-25.5055],[-48.50429,-25.50598],[-48.50442,-25.50628],[-48.50468,-25.50658],[-48.50507,-25.50682],[-48.50542,-25.5069]]}},{"type":"Feature","properties":{"name":null,"operator":null,"usage":"industrial"},"geometry":{"type":"LineString","coordinates":[[-48.51076,-25.50524],[-48.5093,-25.50506],[-48.50842,-25.50504]]}},{"type":"Feature","properties":{"name":null,"operator":null,"usage":"industrial"},"geometry":{"type":"LineString","coordinates":[[-48.53858,-25.53788],[-48.53653,-25.53649]]}},{"type":"Feature","properties":{"name":null,"operator":null,"usage":"industrial"},"geometry":{"type":"LineString","coordinates":[[-48.52183,-25.50765],[-48.52176,-25.50671],[-48.52196,-25.50438]]}},{"type":"Feature","properties":{"name":null,"operator":null,"usage":"industrial"},"geometry":{"type":"LineString","coordinates":[[-48.51232,-25.50443],[-48.51365,-25.50453]]}},{"type":"Feature","properties":{"name":null,"operator":null,"usage":null},"geometry":{"type":"LineString","coordinates":[[-48.54512,-25.5441],[-48.54389,-25.54359],[-48.54063,-25.54148],[-48.53905,-25.53995]]}},{"type":"Feature","properties":{"name":null,"operator":null,"usage":"industrial"},"geometry":{"type":"LineString","coordinates":[[-48.50922,-25.50628],[-48.50907,-25.50649],[-48.50878,-25.50665],[-48.50786,-25.50661]]}},{"type":"Feature","properties":{"name":null,"operator":null,"usage":null},"geometry":{"type":"LineString","coordinates":[[-48.5285,-25.52404],[-48.52745,-25.52142],[-48.52699,-25.5213],[-48.52613,-25.52154]]}},{"type":"Feature","properties":{"name":null,"operator":null,"usage":"industrial"},"geometry":{"type":"LineString","coordinates":[[-48.51265,-25.50545],[-48.51076,-25.50524]]}},{"type":"Feature","properties":{"name":null,"operator":null,"usage":null},"geometry":{"type":"LineString","coordinates":[[-48.54838,-25.54528],[-48.54751,-25.54462]]}},{"type":"Feature","properties":{"name":null,"operator":null,"usage":null},"geometry":{"type":"LineString","coordinates":[[-48.53103,-25.51154],[-48.53191,-25.51093]]}},{"type":"Feature","properties":{"name":null,"operator":null,"usage":"industrial"},"geometry":{"type":"LineString","coordinates":[[-48.50635,-25.50392],[-48.50447,-25.50372]]}},{"type":"Feature","properties":{"name":null,"operator":null,"usage":null},"geometry":{"type":"LineString","coordinates":[[-48.53908,-25.53904],[-48.54698,-25.54414]]}},{"type":"Feature","properties":{"name":null,"operator":null,"usage":"industrial"},"geometry":{"type":"LineString","coordinates":[[-48.51653,-25.50656],[-48.51695,-25.50709],[-48.51714,-25.50722],[-48.51796,-25.50735]]}},{"type":"Feature","properties":{"name":null,"operator":null,"usage":null},"geometry":{"type":"LineString","coordinates":[[-48.54042,-25.53961],[-48.5462,-25.54334],[-48.54742,-25.54452]]}},{"type":"Feature","properties":{"name":null,"operator":null,"usage":"industrial"},"geometry":{"type":"LineString","coordinates":[[-48.51214,-25.50499],[-48.51002,-25.50473],[-48.50876,-25.50443]]}},{"type":"Feature","properties":{"name":null,"operator":null,"usage":"industrial"},"geometry":{"type":"LineString","coordinates":[[-48.51394,-25.50441],[-48.51325,-25.50461],[-48.50972,-25.50426],[-48.50906,-25.50443],[-48.50876,-25.50443]]}},{"type":"Feature","properties":{"name":null,"operator":null,"usage":null},"geometry":{"type":"LineString","coordinates":[[-48.54101,-25.5416],[-48.54154,-25.54184],[-48.5443,-25.54361],[-48.54486,-25.54383]]}},{"type":"Feature","properties":{"name":null,"operator":null,"usage":"industrial"},"geometry":{"type":"LineString","coordinates":[[-48.53062,-25.52958],[-48.5307,-25.53004],[-48.53108,-25.53105]]}},{"type":"Feature","properties":{"name":null,"operator":null,"usage":null},"geometry":{"type":"LineString","coordinates":[[-48.54504,-25.54394],[-48.54159,-25.54175],[-48.54106,-25.54152],[-48.5399,-25.54073]]}},{"type":"Feature","properties":{"name":null,"operator":null,"usage":null},"geometry":{"type":"LineString","coordinates":[[-48.52259,-25.50425],[-48.52236,-25.50795]]}},{"type":"Feature","properties":{"name":null,"operator":null,"usage":null},"geometry":{"type":"LineString","coordinates":[[-48.53988,-25.53937],[-48.54042,-25.53961]]}},{"type":"Feature","properties":{"name":null,"operator":null,"usage":null},"geometry":{"type":"LineString","coordinates":[[-48.53328,-25.50894],[-48.53308,-25.5103],[-48.53298,-25.51046],[-48.53238,-25.51092]]}},{"type":"Feature","properties":{"name":null,"operator":null,"usage":"industrial"},"geometry":{"type":"LineString","coordinates":[[-48.52217,-25.50836],[-48.52191,-25.50781],[-48.5218,-25.50686],[-48.522,-25.50438]]}},{"type":"Feature","properties":{"name":null,"operator":null,"usage":null},"geometry":{"type":"LineString","coordinates":[[-48.53323,-25.50893],[-48.53309,-25.51007],[-48.533,-25.51039],[-48.53286,-25.51056]]}},{"type":"Feature","properties":{"name":null,"operator":null,"usage":null},"geometry":{"type":"LineString","coordinates":[[-48.5227,-25.50603],[-48.52256,-25.50739]]}},{"type":"Feature","properties":{"name":null,"operator":null,"usage":null},"geometry":{"type":"LineString","coordinates":[[-48.55609,-25.54958],[-48.55416,-25.54884],[-48.55261,-25.54801],[-48.53505,-25.53668],[-48.534,-25.53598],[-48.53327,-25.53534],[-48.53287,-25.53488],[-48.53245,-25.53422],[-48.53204,-25.53326],[-48.52327,-25.50999],[-48.52263,-25.50905],[-48.5218,-25.50813],[-48.52148,-25.50793],[-48.51954,-25.50749],[-48.51836,-25.50749],[-48.51755,-25.50768]]}},{"type":"Feature","properties":{"name":null,"operator":null,"usage":"industrial"},"geometry":{"type":"LineString","coordinates":[[-48.53359,-25.50968],[-48.53393,-25.5082]]}},{"type":"Feature","properties":{"name":null,"operator":null,"usage":null},"geometry":{"type":"LineString","coordinates":[[-48.53869,-25.53917],[-48.54669,-25.54433]]}},{"type":"Feature","properties":{"name":null,"operator":null,"usage":null},"geometry":{"type":"LineString","coordinates":[[-48.53737,-25.53817],[-48.53824,-25.53864]]}},{"type":"Feature","properties":{"name":null,"operator":null,"usage":"industrial"},"geometry":{"type":"LineString","coordinates":[[-48.51268,-25.50571],[-48.51025,-25.5054],[-48.50993,-25.50544],[-48.50954,-25.50571],[-48.50942,-25.50593],[-48.50928,-25.50668],[-48.50887,-25.50751],[-48.50883,-25.50783],[-48.50899,-25.50825],[-48.50986,-25.50937]]}},{"type":"Feature","properties":{"name":null,"operator":null,"usage":null},"geometry":{"type":"LineString","coordinates":[[-48.54646,-25.54452],[-48.54419,-25.54364],[-48.54074,-25.54143],[-48.5401,-25.54093]]}},{"type":"Feature","properties":{"name":null,"operator":null,"usage":null},"geometry":{"type":"LineString","coordinates":[[-48.52995,-25.51233],[-48.5271,-25.51379],[-48.52652,-25.51398],[-48.52628,-25.51398]]}},{"type":"Feature","properties":{"name":null,"operator":null,"usage":"industrial"},"geometry":{"type":"LineString","coordinates":[[-48.52266,-25.50903],[-48.52221,-25.50835],[-48.52203,-25.50776],[-48.52198,-25.50656],[-48.52218,-25.50439]]}},{"type":"Feature","properties":{"name":null,"operator":null,"usage":"industrial"},"geometry":{"type":"LineString","coordinates":[[-48.54178,-25.54016],[-48.54037,-25.53921],[-48.53962,-25.5386]]}},{"type":"Feature","properties":{"name":null,"operator":null,"usage":"industrial"},"geometry":{"type":"LineString","coordinates":[[-48.52262,-25.50905],[-48.5221,-25.50822],[-48.52197,-25.50762],[-48.52193,-25.50671],[-48.52212,-25.50506]]}},{"type":"Feature","properties":{"name":null,"operator":null,"usage":"industrial"},"geometry":{"type":"LineString","coordinates":[[-48.51076,-25.50524],[-48.50946,-25.50508]]}},{"type":"Feature","properties":{"name":null,"operator":null,"usage":null},"geometry":{"type":"LineString","coordinates":[[-48.54771,-25.54494],[-48.54696,-25.54462],[-48.54505,-25.54424]]}},{"type":"Feature","properties":{"name":null,"operator":null,"usage":"industrial"},"geometry":{"type":"LineString","coordinates":[[-48.50806,-25.50659],[-48.50772,-25.50647]]}},{"type":"Feature","properties":{"name":null,"operator":null,"usage":null},"geometry":{"type":"LineString","coordinates":[[-48.52278,-25.50438],[-48.52256,-25.50739],[-48.52266,-25.5085],[-48.52281,-25.50893],[-48.52339,-25.50978],[-48.52369,-25.51068]]}},{"type":"Feature","properties":{"name":null,"operator":null,"usage":null},"geometry":{"type":"LineString","coordinates":[[-48.52239,-25.50424],[-48.52217,-25.50775],[-48.52239,-25.50852],[-48.52306,-25.50959]]}},{"type":"Feature","properties":{"name":null,"operator":null,"usage":null},"geometry":{"type":"LineString","coordinates":[[-48.53851,-25.539],[-48.53913,-25.53954]]}},{"type":"Feature","properties":{"name":null,"operator":null,"usage":"industrial"},"geometry":{"type":"LineString","coordinates":[[-48.53367,-25.50971],[-48.53401,-25.50822]]}},{"type":"Feature","properties":{"name":null,"operator":null,"usage":"industrial"},"geometry":{"type":"LineString","coordinates":[[-48.52223,-25.50831],[-48.5221,-25.50766],[-48.52217,-25.50514]]}},{"type":"Feature","properties":{"name":null,"operator":null,"usage":null},"geometry":{"type":"LineString","coordinates":[[-48.54011,-25.53946],[-48.54618,-25.54338],[-48.54751,-25.54462]]}},{"type":"Feature","properties":{"name":null,"operator":null,"usage":"industrial"},"geometry":{"type":"LineString","coordinates":[[-48.50451,-25.50654],[-48.50402,-25.50595],[-48.50352,-25.50577],[-48.49708,-25.50489]]}},{"type":"Feature","properties":{"name":null,"operator":"Rumo S/A","usage":"branch"},"geometry":{"type":"LineString","coordinates":[[-48.51257,-25.50501],[-48.50996,-25.50468],[-48.50941,-25.50451],[-48.50791,-25.50432]]}},{"type":"Feature","properties":{"name":null,"operator":null,"usage":"industrial"},"geometry":{"type":"LineString","coordinates":[[-48.53857,-25.5379],[-48.53646,-25.53658]]}},{"type":"Feature","properties":{"name":null,"operator":null,"usage":null},"geometry":{"type":"LineString","coordinates":[[-48.52085,-25.50511],[-48.52124,-25.50555],[-48.52195,-25.50794]]}},{"type":"Feature","properties":{"name":null,"operator":null,"usage":"industrial"},"geometry":{"type":"LineString","coordinates":[[-48.50919,-25.50404],[-48.51232,-25.50443],[-48.51281,-25.50457]]}},{"type":"Feature","properties":{"name":null,"operator":null,"usage":null},"geometry":{"type":"LineString","coordinates":[[-48.53926,-25.54027],[-48.54061,-25.54157],[-48.54394,-25.54371],[-48.5456,-25.54436]]}},{"type":"Feature","properties":{"name":null,"operator":null,"usage":null},"geometry":{"type":"LineString","coordinates":[[-48.53866,-25.50911],[-48.53817,-25.50929],[-48.53499,-25.50915]]}},{"type":"Feature","properties":{"name":null,"operator":null,"usage":null},"geometry":{"type":"LineString","coordinates":[[-48.52859,-25.52418],[-48.52666,-25.51903]]}},{"type":"Feature","properties":{"name":null,"operator":null,"usage":"industrial"},"geometry":{"type":"LineString","coordinates":[[-48.51282,-25.50544],[-48.51194,-25.5055],[-48.50962,-25.50519]]}},{"type":"Feature","properties":{"name":null,"operator":null,"usage":null},"geometry":{"type":"LineString","coordinates":[[-48.54263,-25.54185],[-48.54245,-25.54168]]}},{"type":"Feature","properties":{"name":null,"operator":null,"usage":"industrial"},"geometry":{"type":"LineString","coordinates":[[-48.51416,-25.50624],[-48.5137,-25.50594],[-48.51227,-25.50563],[-48.51025,-25.50536],[-48.50992,-25.50541],[-48.50963,-25.50556],[-48.50941,-25.50584],[-48.50924,-25.50667],[-48.50886,-25.50741],[-48.50879,-25.50783],[-48.50895,-25.50827],[-48.51032,-25.50999]]}},{"type":"Feature","properties":{"name":null,"operator":null,"usage":null},"geometry":{"type":"LineString","coordinates":[[-48.54662,-25.54367],[-48.54736,-25.54434],[-48.55017,-25.54619],[-48.55055,-25.54668]]}},{"type":"Feature","properties":{"name":null,"operator":null,"usage":null},"geometry":{"type":"LineString","coordinates":[[-48.52251,-25.50425],[-48.52228,-25.50762],[-48.52255,-25.50868]]}},{"type":"Feature","properties":{"name":"Estrada de Ferro Sorocabana","operator":"Rumo S/A","usage":"main"},"geometry":{"type":"LineString","coordinates":[[-48.43225,-22.86136],[-48.43415,-22.86338],[-48.43469,-22.86377],[-48.43527,-22.86406]]}},{"type":"Feature","properties":{"name":null,"operator":"Rumo S/A","usage":null},"geometry":{"type":"LineString","coordinates":[[-50.89559,-24.28632],[-50.89402,-24.28733]]}},{"type":"Feature","properties":{"name":null,"operator":"Rumo S/A","usage":null},"geometry":{"type":"LineString","coordinates":[[-50.11432,-25.08197],[-50.11902,-25.08377],[-50.11971,-25.08377],[-50.1205,-25.08361]]}},{"type":"Feature","properties":{"name":"Linha Uvaranas-Jaguariaíva","operator":"Rumo S/A","usage":"branch"},"geometry":{"type":"LineString","coordinates":[[-50.11272,-25.08033],[-50.11288,-25.08085],[-50.11289,-25.08121],[-50.1128,-25.08158],[-50.11255,-25.08206],[-50.1121,-25.08244],[-50.11114,-25.083],[-50.11101,-25.08316],[-50.1096,-25.08597]]}},{"type":"Feature","properties":{"name":"Ramal de Guarapuava","operator":"Rumo S/A","usage":"branch"},"geometry":{"type":"LineString","coordinates":[[-51.48767,-25.39188],[-51.48798,-25.39122],[-51.48798,-25.39063],[-51.48783,-25.39018],[-51.48518,-25.38475],[-51.48498,-25.38416],[-51.48494,-25.38356],[-51.48502,-25.38294],[-51.48553,-25.382]]}},{"type":"Feature","properties":{"name":"Estrada de Ferro Sorocabana","operator":"Rumo S/A","usage":"main"},"geometry":{"type":"LineString","coordinates":[[-48.31575,-22.92447],[-48.31589,-22.92439]]}},{"type":"Feature","properties":{"name":"Estrada de Ferro Sorocabana","operator":"Rumo S/A","usage":"main"},"geometry":{"type":"LineString","coordinates":[[-48.29558,-22.94111],[-48.29916,-22.93696],[-48.29983,-22.93643],[-48.30028,-22.93619],[-48.30071,-22.936],[-48.30167,-22.9358],[-48.30436,-22.936],[-48.30527,-22.93592],[-48.30615,-22.93564],[-48.30705,-22.93511],[-48.30909,-22.93324],[-48.30972,-22.93241],[-48.31141,-22.92941],[-48.31218,-22.92721],[-48.31267,-22.92641],[-48.31319,-22.92586],[-48.31373,-22.92549],[-48.31575,-22.92447]]}},{"type":"Feature","properties":{"name":"Estrada de Ferro Sorocabana","operator":"Rumo S/A","usage":"main"},"geometry":{"type":"LineString","coordinates":[[-48.27671,-22.97037],[-48.27769,-22.96997],[-48.27829,-22.96956],[-48.27903,-22.96869],[-48.28021,-22.96701],[-48.28208,-22.96539],[-48.28239,-22.96502],[-48.28284,-22.96412],[-48.2834,-22.96198],[-48.28387,-22.96113],[-48.28447,-22.96046],[-48.28516,-22.95995],[-48.28557,-22.95976],[-48.28792,-22.959],[-48.28898,-22.9582],[-48.2895,-22.95749],[-48.28988,-22.95647],[-48.2909,-22.95215],[-48.29125,-22.95139],[-48.29273,-22.94947],[-48.29359,-22.94754],[-48.29461,-22.94494],[-48.29484,-22.94244],[-48.29503,-22.9419],[-48.2954,-22.94132]]}},{"type":"Feature","properties":{"name":"Ferrovia do Minuano","operator":"Klabin S.A.;Rumo S/A","usage":"branch"},"geometry":{"type":"LineString","coordinates":[[-50.75283,-24.2464],[-50.75222,-24.24672]]}},{"type":"Feature","properties":{"name":"Tronco Principal Sul","operator":"Rumo S/A","usage":"main"},"geometry":{"type":"LineString","coordinates":[[-48.97434,-24.28475],[-48.97522,-24.28629],[-48.97614,-24.28724],[-48.97675,-24.2877],[-48.97748,-24.28813],[-48.98088,-24.28959],[-48.98232,-24.29008],[-48.98336,-24.29028],[-48.98435,-24.29034],[-48.98562,-24.29027],[-48.98653,-24.29012],[-48.99241,-24.28849],[-48.99338,-24.28836],[-48.99435,-24.28837],[-48.99521,-24.28848],[-48.99591,-24.28869],[-48.99657,-24.28902],[-48.99789,-24.28995],[-48.99845,-24.2906],[-49.00229,-24.29575],[-49.00313,-24.29669],[-49.0041,-24.29754],[-49.00513,-24.2982],[-49.00602,-24.29866],[-49.00746,-24.29916],[-49.00884,-24.29944],[-49.01004,-24.29956],[-49.01381,-24.29959],[-49.01541,-24.29984],[-49.01741,-24.30058],[-49.01904,-24.30171],[-49.02035,-24.30308],[-49.02092,-24.30408],[-49.02131,-24.30507],[-49.02202,-24.30766],[-49.02233,-24.30842],[-49.02308,-24.30964],[-49.02364,-24.31029],[-49.02438,-24.31098],[-49.02575,-24.31204]]}},{"type":"Feature","properties":{"name":null,"operator":"Estrada de Ferro Paraná Oeste S/A","usage":null},"geometry":{"type":"LineString","coordinates":[[-51.54947,-25.40295],[-51.5483,-25.4023]]}},{"type":"Feature","properties":{"name":null,"operator":"Estrada de Ferro Paraná Oeste S/A","usage":null},"geometry":{"type":"LineString","coordinates":[[-51.5483,-25.4023],[-51.54787,-25.40196]]}},{"type":"Feature","properties":{"name":null,"operator":"Rumo S/A","usage":null},"geometry":{"type":"LineString","coordinates":[[-49.25835,-25.43917],[-49.2581,-25.439]]}},{"type":"Feature","properties":{"name":null,"operator":"Rumo S/A","usage":null},"geometry":{"type":"LineString","coordinates":[[-49.25035,-25.4358],[-49.25313,-25.43586],[-49.25376,-25.43601],[-49.25482,-25.43685],[-49.2581,-25.439]]}},{"type":"Feature","properties":{"name":null,"operator":"Rumo S/A","usage":null},"geometry":{"type":"LineString","coordinates":[[-49.25815,-25.43896],[-49.25837,-25.43913]]}},{"type":"Feature","properties":{"name":null,"operator":"Rumo S/A","usage":null},"geometry":{"type":"LineString","coordinates":[[-50.07607,-25.2024],[-50.0757,-25.2026]]}},{"type":"Feature","properties":{"name":"Tronco Principal Sul","operator":"Rumo S/A","usage":"main"},"geometry":{"type":"LineString","coordinates":[[-50.07568,-25.20255],[-50.07604,-25.20236]]}},{"type":"Feature","properties":{"name":null,"operator":"Rumo S/A","usage":null},"geometry":{"type":"LineString","coordinates":[[-50.07566,-25.20252],[-50.07601,-25.20233]]}},{"type":"Feature","properties":{"name":null,"operator":"Rumo S/A","usage":null},"geometry":{"type":"LineString","coordinates":[[-50.06671,-25.21363],[-50.06706,-25.21159],[-50.06763,-25.21043],[-50.06809,-25.20978],[-50.06867,-25.20923],[-50.07151,-25.2073],[-50.0726,-25.20609],[-50.0735,-25.20465],[-50.07421,-25.20372],[-50.075,-25.20295],[-50.07566,-25.20252]]}},{"type":"Feature","properties":{"name":"Tronco Principal Sul","operator":"Rumo S/A","usage":"main"},"geometry":{"type":"LineString","coordinates":[[-50.07604,-25.20236],[-50.07724,-25.20193],[-50.07818,-25.20174]]}},{"type":"Feature","properties":{"name":null,"operator":"Rumo S/A","usage":null},"geometry":{"type":"LineString","coordinates":[[-50.0778,-25.20181],[-50.07607,-25.2024]]}},{"type":"Feature","properties":{"name":"Tronco Principal Sul","operator":"Rumo S/A","usage":"main"},"geometry":{"type":"LineString","coordinates":[[-48.3212,-23.59792],[-48.321,-23.59787]]}},{"type":"Feature","properties":{"name":"Tronco Principal Sul","operator":"Rumo S/A","usage":"main"},"geometry":{"type":"LineString","coordinates":[[-48.321,-23.59787],[-48.31627,-23.59679],[-48.31561,-23.59653],[-48.31527,-23.59626],[-48.31501,-23.59589],[-48.31459,-23.59464],[-48.31431,-23.59424],[-48.31263,-23.5931],[-48.31216,-23.59288],[-48.31163,-23.59284],[-48.31116,-23.59294],[-48.30613,-23.59568],[-48.30554,-23.59587],[-48.30491,-23.59593],[-48.3005,-23.59571],[-48.29972,-23.59545],[-48.29923,-23.59507],[-48.29889,-23.59461],[-48.29822,-23.59231],[-48.29783,-23.59168],[-48.29718,-23.59115],[-48.29628,-23.59085],[-48.29569,-23.59081],[-48.2952,-23.59087],[-48.29332,-23.5915],[-48.29248,-23.59154],[-48.29192,-23.59138],[-48.29069,-23.59047],[-48.29048,-23.59038],[-48.28988,-23.59035],[-48.28934,-23.59048],[-48.28812,-23.59146],[-48.28751,-23.59178],[-48.28681,-23.59193],[-48.28588,-23.59182],[-48.28514,-23.59147],[-48.28457,-23.59091],[-48.28225,-23.58725],[-48.28164,-23.58682],[-48.28068,-23.58653],[-48.28013,-23.58657],[-48.27683,-23.58736],[-48.26689,-23.58992],[-48.26617,-23.59019],[-48.26552,-23.59064],[-48.2652,-23.59099],[-48.26492,-23.59138],[-48.26466,-23.59206],[-48.26456,-23.59284],[-48.26472,-23.59456],[-48.26464,-23.59514],[-48.26446,-23.59561]]}},{"type":"Feature","properties":{"name":null,"operator":null,"usage":null},"geometry":{"type":"LineString","coordinates":[[-48.71084,-22.36369],[-48.71052,-22.36426],[-48.7098,-22.36478]]}},{"type":"Feature","properties":{"name":null,"operator":null,"usage":null},"geometry":{"type":"LineString","coordinates":[[-48.7097,-22.36468],[-48.71058,-22.3641],[-48.71097,-22.36341]]}},{"type":"Feature","properties":{"name":null,"operator":null,"usage":null},"geometry":{"type":"LineString","coordinates":[[-48.71328,-22.35877],[-48.71301,-22.35907]]}},{"type":"Feature","properties":{"name":null,"operator":null,"usage":null},"geometry":{"type":"LineString","coordinates":[[-48.71818,-22.35218],[-48.71859,-22.3512],[-48.71889,-22.35077]]}},{"type":"Feature","properties":{"name":null,"operator":null,"usage":null},"geometry":{"type":"LineString","coordinates":[[-48.71806,-22.35248],[-48.71818,-22.35218]]}},{"type":"Feature","properties":{"name":null,"operator":null,"usage":null},"geometry":{"type":"LineString","coordinates":[[-48.71366,-22.35842],[-48.71328,-22.35877]]}},{"type":"Feature","properties":{"name":null,"operator":"Rumo S/A","usage":null},"geometry":{"type":"LineString","coordinates":[[-48.77353,-22.35797],[-48.77629,-22.36074],[-48.77687,-22.36122],[-48.77718,-22.36138]]}},{"type":"Feature","properties":{"name":null,"operator":"Rumo S/A","usage":null},"geometry":{"type":"LineString","coordinates":[[-48.7699,-22.35747],[-48.77189,-22.35736],[-48.77263,-22.3575],[-48.77339,-22.35783]]}},{"type":"Feature","properties":{"name":null,"operator":"Rumo S/A","usage":null},"geometry":{"type":"LineString","coordinates":[[-48.77345,-22.35776],[-48.77267,-22.35744],[-48.77157,-22.35727],[-48.76905,-22.35756]]}},{"type":"Feature","properties":{"name":null,"operator":"Rumo S/A","usage":null},"geometry":{"type":"LineString","coordinates":[[-48.77459,-22.35879],[-48.77398,-22.35817]]}},{"type":"Feature","properties":{"name":null,"operator":"Rumo S/A","usage":null},"geometry":{"type":"LineString","coordinates":[[-48.77772,-22.36165],[-48.77672,-22.36093],[-48.77459,-22.35879]]}},{"type":"Feature","properties":{"name":null,"operator":"Rumo S/A","usage":null},"geometry":{"type":"LineString","coordinates":[[-48.7736,-22.35786],[-48.77345,-22.35776]]}},{"type":"Feature","properties":{"name":null,"operator":"Rumo S/A","usage":null},"geometry":{"type":"LineString","coordinates":[[-48.77398,-22.35817],[-48.7736,-22.35786]]}},{"type":"Feature","properties":{"name":null,"operator":"Rumo S/A","usage":null},"geometry":{"type":"LineString","coordinates":[[-48.77337,-22.35787],[-48.77353,-22.35797]]}},{"type":"Feature","properties":{"name":null,"operator":"Rumo S/A","usage":null},"geometry":{"type":"LineString","coordinates":[[-48.77295,-22.35762],[-48.77337,-22.35787]]}},{"type":"Feature","properties":{"name":null,"operator":"Rumo S/A","usage":null},"geometry":{"type":"LineString","coordinates":[[-48.77355,-22.35793],[-48.77633,-22.3607],[-48.7769,-22.36119],[-48.77745,-22.36151]]}},{"type":"Feature","properties":{"name":null,"operator":"Rumo S/A","usage":null},"geometry":{"type":"LineString","coordinates":[[-48.77339,-22.35783],[-48.77355,-22.35793]]}},{"type":"Feature","properties":{"name":"Estrada de Ferro Sorocabana","operator":"Rumo S/A","usage":"main"},"geometry":{"type":"LineString","coordinates":[[-48.49255,-22.89119],[-48.49247,-22.89426]]}},{"type":"Feature","properties":{"name":null,"operator":"Rumo S/A","usage":null},"geometry":{"type":"LineString","coordinates":[[-48.49118,-22.89966],[-48.49194,-22.89819],[-48.49224,-22.89706],[-48.49242,-22.89194],[-48.49255,-22.89119]]}},{"type":"Feature","properties":{"name":"Linha Rubião Júnior-Bauru","operator":"Rumo S/A","usage":"main"},"geometry":{"type":"LineString","coordinates":[[-48.99725,-22.46572],[-48.9985,-22.46355],[-48.99904,-22.46287],[-48.99998,-22.46198],[-49.00126,-22.46115],[-49.00268,-22.46061],[-49.01186,-22.45752],[-49.01652,-22.4554],[-49.01974,-22.45379],[-49.02089,-22.45297],[-49.0219,-22.45185],[-49.02256,-22.45076],[-49.02494,-22.44341],[-49.02565,-22.44187],[-49.02607,-22.44119],[-49.02728,-22.43969],[-49.02818,-22.43881],[-49.03242,-22.43571],[-49.03295,-22.43524],[-49.03407,-22.43397],[-49.03488,-22.43264],[-49.03523,-22.43191],[-49.03644,-22.42875],[-49.03723,-22.42727],[-49.04483,-22.41614],[-49.04528,-22.41562],[-49.0462,-22.4148],[-49.04679,-22.41439],[-49.04814,-22.41372],[-49.04887,-22.41348],[-49.04963,-22.41329],[-49.05084,-22.41315],[-49.05524,-22.41307],[-49.05584,-22.41298],[-49.05719,-22.41261],[-49.05834,-22.41202],[-49.05932,-22.41136],[-49.05997,-22.41076],[-49.06049,-22.41015],[-49.06095,-22.40944],[-49.06134,-22.40865],[-49.06155,-22.40799],[-49.06186,-22.40639],[-49.06178,-22.40519],[-49.06106,-22.40128],[-49.06103,-22.40034],[-49.06114,-22.39913],[-49.06149,-22.39804],[-49.06198,-22.39686],[-49.06674,-22.386],[-49.06699,-22.385],[-49.06776,-22.37928],[-49.06791,-22.37765],[-49.06785,-22.37636],[-49.06738,-22.37499],[-49.06219,-22.36521],[-49.061,-22.36283],[-49.06069,-22.36181],[-49.06057,-22.36056],[-49.06069,-22.3594],[-49.06102,-22.35824],[-49.06145,-22.35681],[-49.06189,-22.35574],[-49.06253,-22.35477],[-49.0636,-22.35367],[-49.07767,-22.34482],[-49.07847,-22.3442],[-49.07894,-22.34354],[-49.07968,-22.34216],[-49.08078,-22.33688],[-49.08095,-22.33638],[-49.08139,-22.33554],[-49.08237,-22.33419]]}},{"type":"Feature","properties":{"name":"Linha Rubião Júnior-Bauru","operator":"Rumo S/A","usage":"main"},"geometry":{"type":"LineString","coordinates":[[-48.9972,-22.4658],[-48.99725,-22.46572]]}},{"type":"Feature","properties":{"name":"Tronco Principal Sul","operator":"Rumo S/A","usage":"main"},"geometry":{"type":"LineString","coordinates":[[-49.4346,-24.4903],[-49.43308,-24.48941],[-49.42606,-24.48444],[-49.42533,-24.48407],[-49.42383,-24.4836],[-49.41923,-24.48375],[-49.41809,-24.48374],[-49.41699,-24.48358],[-49.416,-24.48334],[-49.4119,-24.48201],[-49.40835,-24.48099],[-49.40659,-24.48065],[-49.40559,-24.48061],[-49.40194,-24.48065],[-49.40007,-24.48092],[-49.39826,-24.48145],[-49.39662,-24.48219],[-49.3934,-24.48328],[-49.39178,-24.48363],[-49.3908,-24.48367],[-49.38928,-24.48356],[-49.3849,-24.48289],[-49.38054,-24.48236],[-49.37689,-24.48234],[-49.37491,-24.48248],[-49.37437,-24.48245],[-49.37362,-24.48234],[-49.37288,-24.48212],[-49.37231,-24.48182],[-49.36985,-24.47971],[-49.36881,-24.47909],[-49.36794,-24.47869],[-49.36245,-24.47718],[-49.36163,-24.47683],[-49.35671,-24.4742],[-49.35582,-24.47362],[-49.35496,-24.47294],[-49.35414,-24.47215],[-49.35358,-24.47145],[-49.35282,-24.47031],[-49.35245,-24.46947],[-49.35136,-24.4649],[-49.35068,-24.46304],[-49.34938,-24.46011],[-49.34881,-24.45917],[-49.34741,-24.45765],[-49.34563,-24.45652],[-49.34461,-24.45614],[-49.34338,-24.45577],[-49.33879,-24.45476],[-49.33388,-24.45274],[-49.33304,-24.45231],[-49.33238,-24.45185],[-49.3313,-24.45082],[-49.3286,-24.44703],[-49.32751,-24.44606],[-49.32654,-24.44549],[-49.31786,-24.44178],[-49.31677,-24.44115],[-49.31632,-24.44078],[-49.31547,-24.4399],[-49.31485,-24.4389],[-49.31456,-24.43824],[-49.31425,-24.43693],[-49.3142,-24.43359],[-49.31396,-24.43237],[-49.31373,-24.43179],[-49.31298,-24.43064],[-49.31185,-24.42965],[-49.31051,-24.42902],[-49.30983,-24.42883],[-49.30853,-24.42868],[-49.29334,-24.42876],[-49.29208,-24.42864],[-49.29108,-24.4283],[-49.29051,-24.42799],[-49.29005,-24.42761],[-49.28954,-24.42704],[-49.28763,-24.42415],[-49.28652,-24.42294],[-49.28532,-24.42198],[-49.28471,-24.4216],[-49.28347,-24.42103],[-49.28137,-24.42045],[-49.28011,-24.42034],[-49.27943,-24.42034],[-49.2781,-24.42049],[-49.27442,-24.42123],[-49.27296,-24.42117],[-49.27179,-24.42071],[-49.26423,-24.41514],[-49.2634,-24.41447],[-49.26225,-24.41334],[-49.26135,-24.41212],[-49.26069,-24.41079],[-49.25965,-24.40623],[-49.25914,-24.40484],[-49.25868,-24.40407],[-49.25774,-24.40277],[-49.2566,-24.40173],[-49.25424,-24.40005],[-49.25286,-24.39935],[-49.25028,-24.39845]]}},{"type":"Feature","properties":{"name":"Ramal de São Francisco","operator":"Rumo S/A","usage":"main"},"geometry":{"type":"LineString","coordinates":[[-48.66892,-26.36854],[-48.66627,-26.36713]]}},{"type":"Feature","properties":{"name":"Ramal de São Francisco","operator":"Rumo S/A","usage":"main"},"geometry":{"type":"LineString","coordinates":[[-48.66627,-26.36713],[-48.66571,-26.36684],[-48.66489,-26.36602],[-48.66389,-26.36349],[-48.66336,-26.36249]]}},{"type":"Feature","properties":{"name":"Ramal de São Francisco","operator":"Rumo S/A","usage":"main"},"geometry":{"type":"LineString","coordinates":[[-48.66336,-26.36249],[-48.66146,-26.35904]]}},{"type":"Feature","properties":{"name":"Ramal de São Francisco","operator":"Rumo S/A","usage":"main"},"geometry":{"type":"LineString","coordinates":[[-48.72668,-26.38273],[-48.71881,-26.37302],[-48.71794,-26.37235],[-48.7171,-26.37203],[-48.67149,-26.3695],[-48.67087,-26.36941],[-48.66892,-26.36854]]}},{"type":"Feature","properties":{"name":null,"operator":"Rumo S/A","usage":"main"},"geometry":{"type":"LineString","coordinates":[[-50.65908,-25.47576],[-50.65894,-25.47566]]}},{"type":"Feature","properties":{"name":null,"operator":"Rumo S/A","usage":"main"},"geometry":{"type":"LineString","coordinates":[[-50.65894,-25.47566],[-50.65853,-25.47523],[-50.65842,-25.475],[-50.65817,-25.47395]]}},{"type":"Feature","properties":{"name":"Ramal de São Francisco","operator":"Rumo S/A","usage":"main"},"geometry":{"type":"LineString","coordinates":[[-49.14467,-26.45775],[-49.14494,-26.45773]]}},{"type":"Feature","properties":{"name":"Ramal de São Francisco","operator":"Rumo S/A","usage":"main"},"geometry":{"type":"LineString","coordinates":[[-49.13441,-26.46105],[-49.13641,-26.45947],[-49.13744,-26.45903],[-49.13931,-26.45773],[-49.13982,-26.45761],[-49.14035,-26.45762],[-49.14093,-26.45778],[-49.14199,-26.45823],[-49.14263,-26.45833],[-49.14313,-26.45831],[-49.14467,-26.45775]]}},{"type":"Feature","properties":{"name":"Ramal de São Francisco","operator":"Rumo S/A","usage":"main"},"geometry":{"type":"LineString","coordinates":[[-49.17636,-26.44863],[-49.17641,-26.44856]]}},{"type":"Feature","properties":{"name":"Ramal de São Francisco","operator":"Rumo S/A","usage":"main"},"geometry":{"type":"LineString","coordinates":[[-49.14494,-26.45773],[-49.14667,-26.45822],[-49.14711,-26.45828],[-49.14763,-26.45816],[-49.14807,-26.4579],[-49.14871,-26.45714],[-49.14906,-26.45561],[-49.14929,-26.45526],[-49.14968,-26.45493],[-49.15006,-26.4548],[-49.15048,-26.45476],[-49.15082,-26.45483],[-49.15465,-26.45605],[-49.15508,-26.45611],[-49.15549,-26.45605],[-49.15604,-26.45576],[-49.15702,-26.45482],[-49.15769,-26.45446],[-49.15805,-26.45439],[-49.16039,-26.45439],[-49.16106,-26.45417],[-49.16162,-26.45368],[-49.16324,-26.45172],[-49.1638,-26.45131],[-49.16407,-26.45121],[-49.16919,-26.45004],[-49.17166,-26.4488],[-49.17223,-26.44873],[-49.17541,-26.44903],[-49.176,-26.4489],[-49.17636,-26.44863]]}},{"type":"Feature","properties":{"name":"Ramal de São Francisco","operator":"Rumo S/A","usage":"main"},"geometry":{"type":"LineString","coordinates":[[-48.64829,-26.32978],[-48.64824,-26.32976]]}},{"type":"Feature","properties":{"name":"Ramal de São Francisco","operator":"Rumo S/A","usage":"main"},"geometry":{"type":"LineString","coordinates":[[-48.65225,-26.33495],[-48.64936,-26.33046],[-48.6488,-26.33002],[-48.64829,-26.32978]]}},{"type":"Feature","properties":{"name":"Ramal de São Francisco","operator":"Rumo S/A","usage":"main"},"geometry":{"type":"LineString","coordinates":[[-48.65232,-26.33508],[-48.65225,-26.33495]]}},{"type":"Feature","properties":{"name":"Ramal de São Francisco","operator":"Rumo S/A","usage":"main"},"geometry":{"type":"LineString","coordinates":[[-48.66146,-26.35904],[-48.66066,-26.35763],[-48.65911,-26.35374],[-48.65797,-26.34856],[-48.65782,-26.34822],[-48.65734,-26.34761],[-48.65694,-26.34731],[-48.65332,-26.34553],[-48.65264,-26.34482],[-48.65237,-26.34426],[-48.65224,-26.34344],[-48.65256,-26.33611],[-48.65251,-26.33557],[-48.65232,-26.33508]]}},{"type":"Feature","properties":{"name":"Estrada de Ferro Sorocabana","operator":"Rumo S/A","usage":"main"},"geometry":{"type":"LineString","coordinates":[[-47.95685,-23.03356],[-47.96169,-23.02982],[-47.96198,-23.02946],[-47.96241,-23.02864],[-47.96273,-23.02782],[-47.96309,-23.02721],[-47.9636,-23.02661],[-47.96491,-23.02546],[-47.96545,-23.02486],[-47.9675,-23.02164],[-47.96825,-23.02065],[-47.9688,-23.02009],[-47.9697,-23.0195],[-47.97056,-23.01915],[-47.97119,-23.01902],[-47.97181,-23.01898],[-47.97547,-23.01914],[-47.97651,-23.019],[-47.98092,-23.01713],[-47.9822,-23.01666],[-47.99629,-23.01178],[-48.00192,-23.00859]]}},{"type":"Feature","properties":{"name":"Tronco Principal Sul","operator":"Rumo S/A","usage":"main"},"geometry":{"type":"LineString","coordinates":[[-48.07753,-23.58379],[-48.07816,-23.58388],[-48.07983,-23.58349],[-48.0806,-23.58358],[-48.08111,-23.58388],[-48.08133,-23.5841],[-48.08203,-23.58578],[-48.08238,-23.58616],[-48.08289,-23.58644],[-48.08472,-23.58705],[-48.0853,-23.58702],[-48.0861,-23.58661],[-48.08643,-23.58618],[-48.08677,-23.58545],[-48.087,-23.58516],[-48.08723,-23.58495],[-48.08783,-23.58467],[-48.08842,-23.58462],[-48.08911,-23.5847],[-48.09048,-23.58514],[-48.09104,-23.58518],[-48.09158,-23.58504],[-48.09316,-23.58422],[-48.09369,-23.58414],[-48.09413,-23.58419],[-48.09485,-23.58454],[-48.0972,-23.58721],[-48.09747,-23.58746],[-48.09807,-23.58778],[-48.10487,-23.58851],[-48.10578,-23.58882],[-48.10937,-23.59067],[-48.10995,-23.59109],[-48.11042,-23.59176],[-48.11185,-23.59565],[-48.11188,-23.59618],[-48.11158,-23.59988],[-48.11173,-23.60046],[-48.11234,-23.60111],[-48.11389,-23.6018],[-48.1143,-23.60218],[-48.11453,-23.60271],[-48.11468,-23.60394],[-48.1148,-23.60422],[-48.11524,-23.6047],[-48.11558,-23.60488],[-48.1159,-23.60499],[-48.11661,-23.60501],[-48.12065,-23.60371],[-48.12147,-23.60333],[-48.12312,-23.60189],[-48.12351,-23.60168],[-48.12561,-23.60131]]}},{"type":"Feature","properties":{"name":"Tronco Principal Sul","operator":"Rumo S/A","usage":"main"},"geometry":{"type":"LineString","coordinates":[[-48.07472,-23.5815],[-48.07488,-23.58153]]}},{"type":"Feature","properties":{"name":null,"operator":null,"usage":null},"geometry":{"type":"LineString","coordinates":[[-51.48868,-25.42488],[-51.48871,-25.42575],[-51.48928,-25.4268],[-51.48915,-25.42737],[-51.48886,-25.42763],[-51.48848,-25.42775],[-51.48808,-25.42769],[-51.48725,-25.42734]]}},{"type":"Feature","properties":{"name":null,"operator":"Rumo S/A","usage":null},"geometry":{"type":"LineString","coordinates":[[-49.21435,-25.44703],[-49.21585,-25.44317]]}},{"type":"Feature","properties":{"name":null,"operator":"Rumo S/A","usage":null},"geometry":{"type":"LineString","coordinates":[[-49.21585,-25.44317],[-49.21597,-25.443]]}},{"type":"Feature","properties":{"name":null,"operator":"Rumo S/A","usage":null},"geometry":{"type":"LineString","coordinates":[[-49.21363,-25.4484],[-49.21326,-25.44896]]}},{"type":"Feature","properties":{"name":null,"operator":"Rumo S/A","usage":null},"geometry":{"type":"LineString","coordinates":[[-49.21382,-25.44819],[-49.21346,-25.44864],[-49.2133,-25.44898]]}},{"type":"Feature","properties":{"name":null,"operator":"Rumo S/A","usage":null},"geometry":{"type":"LineString","coordinates":[[-49.21339,-25.449],[-49.21358,-25.44857]]}},{"type":"Feature","properties":{"name":null,"operator":"Rumo S/A","usage":null},"geometry":{"type":"LineString","coordinates":[[-49.2137,-25.44841],[-49.21334,-25.44899]]}},{"type":"Feature","properties":{"name":null,"operator":"Rumo S/A","usage":null},"geometry":{"type":"LineString","coordinates":[[-49.21396,-25.44805],[-49.21369,-25.44857]]}},{"type":"Feature","properties":{"name":null,"operator":"Rumo S/A","usage":null},"geometry":{"type":"LineString","coordinates":[[-49.21393,-25.44801],[-49.21343,-25.44902]]}},{"type":"Feature","properties":{"name":null,"operator":"Rumo S/A","usage":null},"geometry":{"type":"LineString","coordinates":[[-49.21456,-25.44935],[-49.2147,-25.44892],[-49.21465,-25.44858]]}},{"type":"Feature","properties":{"name":null,"operator":"Rumo S/A","usage":null},"geometry":{"type":"LineString","coordinates":[[-49.21466,-25.44846],[-49.2148,-25.44891],[-49.21469,-25.44939]]}},{"type":"Feature","properties":{"name":null,"operator":"Rumo S/A","usage":null},"geometry":{"type":"LineString","coordinates":[[-49.21462,-25.44846],[-49.21475,-25.44879],[-49.21462,-25.44937]]}},{"type":"Feature","properties":{"name":null,"operator":"Rumo S/A","usage":null},"geometry":{"type":"LineString","coordinates":[[-49.21449,-25.44932],[-49.21466,-25.44887],[-49.21457,-25.44832]]}},{"type":"Feature","properties":{"name":null,"operator":"Rumo S/A","usage":null},"geometry":{"type":"LineString","coordinates":[[-49.21449,-25.44829],[-49.21461,-25.4487],[-49.21442,-25.4493]]}},{"type":"Feature","properties":{"name":null,"operator":"Rumo S/A","usage":null},"geometry":{"type":"LineString","coordinates":[[-49.2139,-25.44914],[-49.21412,-25.4485],[-49.21413,-25.44804]]}},{"type":"Feature","properties":{"name":null,"operator":"Rumo S/A","usage":null},"geometry":{"type":"LineString","coordinates":[[-49.21384,-25.44912],[-49.21405,-25.44828]]}},{"type":"Feature","properties":{"name":null,"operator":"Rumo S/A","usage":null},"geometry":{"type":"LineString","coordinates":[[-49.21377,-25.4491],[-49.21405,-25.44828],[-49.21412,-25.44768]]}},{"type":"Feature","properties":{"name":"Ramal de Rio Branco do Sul","operator":"Rumo S/A","usage":"branch"},"geometry":{"type":"LineString","coordinates":[[-49.32219,-25.19407],[-49.32225,-25.19388],[-49.32221,-25.1935]]}},{"type":"Feature","properties":{"name":"Ramal de Rio Branco do Sul","operator":"Rumo S/A","usage":"branch"},"geometry":{"type":"LineString","coordinates":[[-49.32188,-25.19461],[-49.32219,-25.19407]]}},{"type":"Feature","properties":{"name":"Ramal de Rio Branco do Sul","operator":"Rumo S/A","usage":"branch"},"geometry":{"type":"LineString","coordinates":[[-49.32206,-25.19322],[-49.32153,-25.19249],[-49.32083,-25.19216]]}},{"type":"Feature","properties":{"name":"Ramal de Rio Branco do Sul","operator":"Rumo S/A","usage":"branch"},"geometry":{"type":"LineString","coordinates":[[-49.32221,-25.1935],[-49.32206,-25.19322]]}},{"type":"Feature","properties":{"name":"Ramal de Rio Branco do Sul","operator":"Rumo S/A","usage":"branch"},"geometry":{"type":"LineString","coordinates":[[-49.3198,-25.19335],[-49.31992,-25.19374],[-49.31989,-25.19409]]}},{"type":"Feature","properties":{"name":"Ramal de Rio Branco do Sul","operator":"Rumo S/A","usage":"branch"},"geometry":{"type":"LineString","coordinates":[[-49.31772,-25.19408],[-49.31783,-25.19344],[-49.31812,-25.1931],[-49.31845,-25.19293],[-49.31883,-25.19286],[-49.31919,-25.19291],[-49.31954,-25.1931],[-49.3198,-25.19335]]}},{"type":"Feature","properties":{"name":null,"operator":"Rumo S/A","usage":null},"geometry":{"type":"LineString","coordinates":[[-49.2543,-25.43627],[-49.25718,-25.43815],[-49.25815,-25.43896]]}},{"type":"Feature","properties":{"name":"Estrada de Ferro Engenheiro Bley","operator":"Rumo S/A","usage":"main"},"geometry":{"type":"LineString","coordinates":[[-49.13983,-25.43433],[-49.1296,-25.43856],[-49.12895,-25.4389],[-49.12856,-25.43916],[-49.1279,-25.4398],[-49.12469,-25.44408],[-49.12419,-25.44446],[-49.12381,-25.44458],[-49.12321,-25.44457],[-49.12264,-25.44432],[-49.12189,-25.44374],[-49.12154,-25.44356],[-49.12093,-25.44345],[-49.12025,-25.44356]]}},{"type":"Feature","properties":{"name":"Estrada de Ferro Engenheiro Bley","operator":"Rumo S/A","usage":"main"},"geometry":{"type":"LineString","coordinates":[[-49.13993,-25.43429],[-49.13983,-25.43433]]}},{"type":"Feature","properties":{"name":null,"operator":"Rumo S/A","usage":null},"geometry":{"type":"LineString","coordinates":[[-49.25718,-25.43802],[-49.25805,-25.43861]]}},{"type":"Feature","properties":{"name":null,"operator":"Rumo S/A","usage":null},"geometry":{"type":"LineString","coordinates":[[-49.25901,-25.43795],[-49.25938,-25.43773]]}},{"type":"Feature","properties":{"name":null,"operator":"Rumo S/A","usage":null},"geometry":{"type":"LineString","coordinates":[[-49.25936,-25.43755],[-49.25974,-25.43712]]}},{"type":"Feature","properties":{"name":null,"operator":"Rumo S/A","usage":null},"geometry":{"type":"LineString","coordinates":[[-49.25969,-25.43709],[-49.25985,-25.4369]]}},{"type":"Feature","properties":{"name":null,"operator":"Rumo S/A","usage":null},"geometry":{"type":"LineString","coordinates":[[-49.25931,-25.43752],[-49.25969,-25.43709]]}},{"type":"Feature","properties":{"name":null,"operator":"Rumo S/A","usage":null},"geometry":{"type":"LineString","coordinates":[[-49.25953,-25.43697],[-49.25996,-25.4365]]}},{"type":"Feature","properties":{"name":null,"operator":"Rumo S/A","usage":null},"geometry":{"type":"LineString","coordinates":[[-49.25915,-25.4374],[-49.25953,-25.43697]]}},{"type":"Feature","properties":{"name":null,"operator":"Rumo S/A","usage":null},"geometry":{"type":"LineString","coordinates":[[-49.25948,-25.43693],[-49.25992,-25.43648]]}},{"type":"Feature","properties":{"name":null,"operator":"Rumo S/A","usage":null},"geometry":{"type":"LineString","coordinates":[[-49.2591,-25.43736],[-49.25948,-25.43693]]}},{"type":"Feature","properties":{"name":null,"operator":"Rumo S/A","usage":null},"geometry":{"type":"LineString","coordinates":[[-49.25859,-25.43932],[-49.25835,-25.43917]]}},{"type":"Feature","properties":{"name":"Ramal de Curitiba","operator":"Rumo S/A","usage":"branch"},"geometry":{"type":"LineString","coordinates":[[-49.25836,-25.43915],[-49.25812,-25.43898]]}},{"type":"Feature","properties":{"name":"Ramal de Curitiba","operator":"Rumo S/A","usage":"branch"},"geometry":{"type":"LineString","coordinates":[[-49.25859,-25.43932],[-49.25836,-25.43915]]}},{"type":"Feature","properties":{"name":null,"operator":"Rumo S/A","usage":null},"geometry":{"type":"LineString","coordinates":[[-49.25441,-25.4365],[-49.25779,-25.43871]]}},{"type":"Feature","properties":{"name":null,"operator":"Rumo S/A","usage":null},"geometry":{"type":"LineString","coordinates":[[-49.25456,-25.43663],[-49.25801,-25.43889]]}},{"type":"Feature","properties":{"name":"Ramal de Curitiba","operator":"Rumo S/A","usage":"branch"},"geometry":{"type":"LineString","coordinates":[[-49.25812,-25.43898],[-49.25715,-25.4382],[-49.25496,-25.43679],[-49.25404,-25.43609]]}},{"type":"Feature","properties":{"name":null,"operator":"Rumo S/A","usage":null},"geometry":{"type":"LineString","coordinates":[[-49.25859,-25.43932],[-49.25837,-25.43913]]}},{"type":"Feature","properties":{"name":null,"operator":"Rumo S/A","usage":null},"geometry":{"type":"LineString","coordinates":[[-49.25397,-25.43614],[-49.25462,-25.43654]]}},{"type":"Feature","properties":{"name":null,"operator":"Rumo S/A","usage":null},"geometry":{"type":"LineString","coordinates":[[-49.25974,-25.43712],[-49.25988,-25.43692]]}},{"type":"Feature","properties":{"name":"Ramal de Curitiba","operator":"Rumo S/A","usage":"branch"},"geometry":{"type":"LineString","coordinates":[[-49.25404,-25.43609],[-49.25384,-25.43595]]}},{"type":"Feature","properties":{"name":null,"operator":"Rumo S/A","usage":null},"geometry":{"type":"LineString","coordinates":[[-48.83515,-25.47822],[-48.83593,-25.47744],[-48.83676,-25.47698],[-48.83718,-25.47686],[-48.83845,-25.47665],[-48.84591,-25.47584],[-48.84703,-25.47548],[-48.84795,-25.47484]]}},{"type":"Feature","properties":{"name":null,"operator":"Rumo S/A","usage":"main"},"geometry":{"type":"LineString","coordinates":[[-48.78856,-25.50463],[-48.78828,-25.50462]]}},{"type":"Feature","properties":{"name":null,"operator":"Rumo S/A","usage":"main"},"geometry":{"type":"LineString","coordinates":[[-48.8149,-25.49903],[-48.80764,-25.50131],[-48.80661,-25.50131],[-48.80456,-25.50116],[-48.80397,-25.5012],[-48.79739,-25.50244],[-48.79331,-25.50432],[-48.79241,-25.50466],[-48.79136,-25.50473],[-48.78856,-25.50463]]}},{"type":"Feature","properties":{"name":null,"operator":"Rumo S/A","usage":"main"},"geometry":{"type":"LineString","coordinates":[[-48.7673,-25.50729],[-48.76376,-25.50507],[-48.76319,-25.50488],[-48.76262,-25.50484],[-48.76207,-25.50496],[-48.76156,-25.50521],[-48.75994,-25.5067],[-48.75902,-25.50702],[-48.75835,-25.50697],[-48.7564,-25.50633],[-48.75586,-25.50631],[-48.74099,-25.50798]]}},{"type":"Feature","properties":{"name":null,"operator":"Rumo S/A","usage":"main"},"geometry":{"type":"LineString","coordinates":[[-48.76747,-25.50736],[-48.7673,-25.50729]]}},{"type":"Feature","properties":{"name":null,"operator":"Rumo S/A","usage":null},"geometry":{"type":"LineString","coordinates":[[-48.83512,-25.4782],[-48.83557,-25.4777],[-48.83619,-25.47723],[-48.83677,-25.47694],[-48.83753,-25.47673],[-48.84559,-25.47585],[-48.84619,-25.47575],[-48.84703,-25.47548]]}},{"type":"Feature","properties":{"name":null,"operator":"Rumo S/A","usage":null},"geometry":{"type":"LineString","coordinates":[[-48.83509,-25.47818],[-48.83592,-25.47737],[-48.83645,-25.47705],[-48.83717,-25.47677],[-48.83843,-25.47657],[-48.84558,-25.47582],[-48.84699,-25.47545],[-48.84751,-25.47517]]}},{"type":"Feature","properties":{"name":null,"operator":"Rumo S/A","usage":null},"geometry":{"type":"LineString","coordinates":[[-48.83488,-25.47837],[-48.83447,-25.47901]]}},{"type":"Feature","properties":{"name":null,"operator":"Rumo S/A","usage":"main"},"geometry":{"type":"LineString","coordinates":[[-48.83497,-25.47827],[-48.83349,-25.47993]]}},{"type":"Feature","properties":{"name":null,"operator":"Rumo S/A","usage":"main"},"geometry":{"type":"LineString","coordinates":[[-48.83506,-25.47816],[-48.83497,-25.47827]]}},{"type":"Feature","properties":{"name":null,"operator":"Rumo S/A","usage":null},"geometry":{"type":"LineString","coordinates":[[-48.835,-25.47829],[-48.83509,-25.47818]]}},{"type":"Feature","properties":{"name":null,"operator":"Rumo S/A","usage":null},"geometry":{"type":"LineString","coordinates":[[-48.83152,-25.48224],[-48.835,-25.47829]]}},{"type":"Feature","properties":{"name":null,"operator":"Rumo S/A","usage":null},"geometry":{"type":"LineString","coordinates":[[-48.83503,-25.47831],[-48.83512,-25.4782]]}},{"type":"Feature","properties":{"name":null,"operator":"Rumo S/A","usage":null},"geometry":{"type":"LineString","coordinates":[[-48.83172,-25.48208],[-48.83503,-25.47831]]}},{"type":"Feature","properties":{"name":null,"operator":"Rumo S/A","usage":null},"geometry":{"type":"LineString","coordinates":[[-48.83506,-25.47833],[-48.83515,-25.47822]]}},{"type":"Feature","properties":{"name":null,"operator":"Rumo S/A","usage":null},"geometry":{"type":"LineString","coordinates":[[-48.83141,-25.48233],[-48.83195,-25.48189],[-48.83506,-25.47833]]}},{"type":"Feature","properties":{"name":null,"operator":"Rumo S/A","usage":null},"geometry":{"type":"LineString","coordinates":[[-48.63006,-25.54635],[-48.62998,-25.54643]]}},{"type":"Feature","properties":{"name":null,"operator":"Rumo S/A","usage":null},"geometry":{"type":"LineString","coordinates":[[-48.63502,-25.54177],[-48.63006,-25.54635]]}},{"type":"Feature","properties":{"name":null,"operator":"Rumo S/A","usage":null},"geometry":{"type":"LineString","coordinates":[[-48.62998,-25.54643],[-48.62798,-25.54832],[-48.62761,-25.54885],[-48.62728,-25.54965],[-48.62717,-25.55044],[-48.62702,-25.55621]]}},{"type":"Feature","properties":{"name":null,"operator":"Rumo S/A","usage":"main"},"geometry":{"type":"LineString","coordinates":[[-48.62585,-25.55961],[-48.62576,-25.55969]]}},{"type":"Feature","properties":{"name":null,"operator":"Rumo S/A","usage":"main"},"geometry":{"type":"LineString","coordinates":[[-48.63001,-25.54645],[-48.62801,-25.54834],[-48.62759,-25.54896],[-48.62736,-25.54952],[-48.62721,-25.55044],[-48.62696,-25.55756],[-48.62658,-25.55869],[-48.62585,-25.55961]]}},{"type":"Feature","properties":{"name":null,"operator":"Rumo S/A","usage":"main"},"geometry":{"type":"LineString","coordinates":[[-48.63009,-25.54638],[-48.63001,-25.54645]]}},{"type":"Feature","properties":{"name":null,"operator":"Rumo S/A","usage":"main"},"geometry":{"type":"LineString","coordinates":[[-48.68388,-25.52174],[-48.68212,-25.52214]]}},{"type":"Feature","properties":{"name":null,"operator":"Rumo S/A","usage":"main"},"geometry":{"type":"LineString","coordinates":[[-48.68405,-25.5217],[-48.68388,-25.52174]]}},{"type":"Feature","properties":{"name":null,"operator":"Rumo S/A","usage":"main"},"geometry":{"type":"LineString","coordinates":[[-48.68212,-25.52214],[-48.68207,-25.52215]]}},{"type":"Feature","properties":{"name":null,"operator":"Rumo S/A","usage":"main"},"geometry":{"type":"LineString","coordinates":[[-48.70982,-25.51819],[-48.70853,-25.5187],[-48.7079,-25.51877],[-48.70341,-25.51769],[-48.70264,-25.51759],[-48.70158,-25.5177],[-48.68405,-25.5217]]}},{"type":"Feature","properties":{"name":null,"operator":"Rumo S/A","usage":"main"},"geometry":{"type":"LineString","coordinates":[[-48.71003,-25.5181],[-48.70982,-25.51819]]}},{"type":"Feature","properties":{"name":null,"operator":"Rumo S/A","usage":"main"},"geometry":{"type":"LineString","coordinates":[[-48.74071,-25.50801],[-48.73756,-25.50836],[-48.73652,-25.50862],[-48.7351,-25.50921],[-48.73466,-25.5093],[-48.73371,-25.50924],[-48.73284,-25.50904],[-48.73203,-25.50905],[-48.72939,-25.51025],[-48.7223,-25.51205],[-48.71369,-25.5166],[-48.71003,-25.5181]]}},{"type":"Feature","properties":{"name":"Ramal de Guarapuava","operator":"Rumo S/A","usage":"main"},"geometry":{"type":"LineString","coordinates":[[-51.48572,-25.39416],[-51.48557,-25.39478],[-51.48558,-25.39551],[-51.48598,-25.39646],[-51.48713,-25.39864],[-51.48724,-25.39921],[-51.48717,-25.39979],[-51.48685,-25.40032],[-51.48586,-25.40104],[-51.48071,-25.40349],[-51.48027,-25.4035],[-51.47942,-25.40334],[-51.47754,-25.40281],[-51.47711,-25.40286],[-51.47671,-25.40303],[-51.47629,-25.40342],[-51.47611,-25.40373],[-51.47509,-25.40648],[-51.47487,-25.40689],[-51.47448,-25.40722],[-51.47276,-25.40808],[-51.47243,-25.40861],[-51.47236,-25.409],[-51.4724,-25.40945],[-51.47288,-25.41008],[-51.47341,-25.4104],[-51.47414,-25.4105],[-51.4745,-25.41043],[-51.47495,-25.41021],[-51.47743,-25.40815],[-51.47796,-25.40793],[-51.47851,-25.40786],[-51.47902,-25.40792],[-51.4795,-25.4081],[-51.47991,-25.40838],[-51.48019,-25.4087],[-51.4804,-25.4091],[-51.48049,-25.40951],[-51.48051,-25.41319],[-51.48064,-25.41353],[-51.4809,-25.41384],[-51.48125,-25.41408],[-51.4817,-25.41421],[-51.48221,-25.4142],[-51.48368,-25.41382],[-51.48413,-25.41389],[-51.48455,-25.41412],[-51.48556,-25.41489],[-51.48588,-25.41523],[-51.48615,-25.41595]]}},{"type":"Feature","properties":{"name":null,"operator":null,"usage":null},"geometry":{"type":"LineString","coordinates":[[-51.08139,-25.5773],[-51.08118,-25.57269]]}},{"type":"Feature","properties":{"name":"Linha Uvaranas-Jaguariaíva","operator":"Rumo S/A","usage":"branch"},"geometry":{"type":"LineString","coordinates":[[-50.1125,-25.08001],[-50.11272,-25.08033]]}},{"type":"Feature","properties":{"name":null,"operator":null,"usage":null},"geometry":{"type":"LineString","coordinates":[[-50.13705,-25.17857],[-50.13676,-25.17884],[-50.13577,-25.17908],[-50.13512,-25.17886]]}},{"type":"Feature","properties":{"name":null,"operator":"Rumo S/A","usage":null},"geometry":{"type":"LineString","coordinates":[[-50.1333,-25.18321],[-50.13445,-25.18261],[-50.13506,-25.18201],[-50.13753,-25.17782]]}},{"type":"Feature","properties":{"name":null,"operator":"Rumo S/A","usage":null},"geometry":{"type":"LineString","coordinates":[[-50.11702,-25.06423],[-50.11645,-25.06461],[-50.11438,-25.06737],[-50.11213,-25.07171]]}},{"type":"Feature","properties":{"name":null,"operator":"Rumo S/A","usage":null},"geometry":{"type":"LineString","coordinates":[[-50.11176,-25.07201],[-50.11458,-25.06673],[-50.11506,-25.0659],[-50.11566,-25.06508]]}},{"type":"Feature","properties":{"name":null,"operator":"Rumo S/A","usage":null},"geometry":{"type":"LineString","coordinates":[[-50.11171,-25.07215],[-50.11185,-25.07174],[-50.11474,-25.0663]]}},{"type":"Feature","properties":{"name":null,"operator":"Rumo S/A","usage":null},"geometry":{"type":"LineString","coordinates":[[-50.11133,-25.07273],[-50.11171,-25.07215],[-50.1123,-25.07148],[-50.11443,-25.06741],[-50.11651,-25.06464]]}},{"type":"Feature","properties":{"name":null,"operator":"Rumo S/A","usage":null},"geometry":{"type":"LineString","coordinates":[[-50.1213,-25.0835],[-50.12138,-25.08349]]}},{"type":"Feature","properties":{"name":null,"operator":"Rumo S/A","usage":null},"geometry":{"type":"LineString","coordinates":[[-50.12054,-25.08386],[-50.12135,-25.08375]]}},{"type":"Feature","properties":{"name":null,"operator":"Rumo S/A","usage":null},"geometry":{"type":"LineString","coordinates":[[-50.1205,-25.08361],[-50.1213,-25.0835]]}},{"type":"Feature","properties":{"name":null,"operator":"Rumo S/A","usage":null},"geometry":{"type":"LineString","coordinates":[[-50.10704,-25.07807],[-50.109,-25.08019],[-50.10933,-25.0808],[-50.10957,-25.08157],[-50.10961,-25.08242],[-50.1088,-25.08813],[-50.10887,-25.08917],[-50.1088,-25.09013],[-50.10857,-25.09065],[-50.10819,-25.09121],[-50.10769,-25.09167],[-50.10715,-25.092],[-50.10663,-25.09219],[-50.10586,-25.0923],[-50.10399,-25.09232]]}},{"type":"Feature","properties":{"name":null,"operator":"Rumo S/A","usage":null},"geometry":{"type":"LineString","coordinates":[[-50.10351,-25.09229],[-50.10586,-25.09226],[-50.10688,-25.09208],[-50.10741,-25.09181],[-50.10797,-25.09139],[-50.10837,-25.0909],[-50.10876,-25.09009],[-50.10884,-25.08938],[-50.10856,-25.08799],[-50.10855,-25.08734],[-50.10935,-25.08139],[-50.10923,-25.08081],[-50.10896,-25.08021],[-50.10788,-25.07897]]}},{"type":"Feature","properties":{"name":"Ramal de Apiaí","operator":"Rumo S/A","usage":"branch"},"geometry":{"type":"LineString","coordinates":[[-48.84748,-24.49462],[-48.84686,-24.49721],[-48.84685,-24.49813],[-48.84705,-24.49936],[-48.84813,-24.50414],[-48.84833,-24.50473],[-48.84866,-24.50538],[-48.84934,-24.50639],[-48.84997,-24.50696],[-48.85188,-24.5083],[-48.85275,-24.50907],[-48.85316,-24.50968],[-48.85359,-24.51065],[-48.85558,-24.51597]]}},{"type":"Feature","properties":{"name":"Ramal de Apiaí","operator":"Rumo S/A","usage":"branch"},"geometry":{"type":"LineString","coordinates":[[-48.84751,-24.49453],[-48.84748,-24.49462]]}},{"type":"Feature","properties":{"name":"Tronco Principal Sul","operator":"Rumo S/A","usage":"main"},"geometry":{"type":"LineString","coordinates":[[-48.9702,-24.27837],[-48.97095,-24.27888],[-48.97204,-24.28006],[-48.97259,-24.28099],[-48.97434,-24.28475]]}},{"type":"Feature","properties":{"name":"Tronco Principal Sul","operator":"Rumo S/A","usage":"main"},"geometry":{"type":"LineString","coordinates":[[-48.9702,-24.27837],[-48.97143,-24.27939],[-48.97201,-24.28008],[-48.97255,-24.28102],[-48.97355,-24.28314]]}},{"type":"Feature","properties":{"name":"Tronco Principal Sul","operator":"Rumo S/A","usage":"main"},"geometry":{"type":"LineString","coordinates":[[-48.97434,-24.28475],[-48.97355,-24.28314]]}},{"type":"Feature","properties":{"name":"Tronco Principal Sul","operator":"Rumo S/A","usage":"main"},"geometry":{"type":"LineString","coordinates":[[-48.91729,-24.00123],[-48.91801,-23.99857],[-48.91797,-23.99794],[-48.91772,-23.9972],[-48.91744,-23.99677],[-48.91233,-23.99096]]}},{"type":"Feature","properties":{"name":"Tronco Principal Sul","operator":"Rumo S/A","usage":"main"},"geometry":{"type":"LineString","coordinates":[[-48.96361,-24.18273],[-48.9632,-24.18344],[-48.96289,-24.18435]]}},{"type":"Feature","properties":{"name":"Tronco Principal Sul","operator":"Rumo S/A","usage":"main"},"geometry":{"type":"LineString","coordinates":[[-48.96289,-24.18435],[-48.96277,-24.18577],[-48.96292,-24.1866]]}},{"type":"Feature","properties":{"name":"Tronco Principal Sul","operator":"Rumo S/A","usage":"main"},"geometry":{"type":"LineString","coordinates":[[-48.96292,-24.1866],[-48.96293,-24.18667]]}},{"type":"Feature","properties":{"name":"Tronco Principal Sul","operator":"Rumo S/A","usage":"main"},"geometry":{"type":"LineString","coordinates":[[-48.95739,-24.13874],[-48.95886,-24.13935],[-48.95955,-24.13972],[-48.96011,-24.14015],[-48.96053,-24.14068],[-48.96153,-24.14227],[-48.96186,-24.14315],[-48.96191,-24.14386],[-48.96182,-24.14448],[-48.96081,-24.14703],[-48.96041,-24.14784],[-48.96029,-24.14836],[-48.96028,-24.14892],[-48.96064,-24.15174],[-48.96065,-24.15255],[-48.96051,-24.15336],[-48.95966,-24.15648],[-48.95959,-24.15715],[-48.95974,-24.15856],[-48.9603,-24.16011],[-48.9608,-24.16107],[-48.96129,-24.16181],[-48.96235,-24.16288],[-48.96292,-24.16326],[-48.96529,-24.1642],[-48.96604,-24.16464],[-48.96713,-24.16567],[-48.97026,-24.16893],[-48.97092,-24.16996],[-48.9713,-24.17123],[-48.9714,-24.17224],[-48.97137,-24.17272],[-48.97128,-24.1733],[-48.97089,-24.17428],[-48.97002,-24.17548],[-48.96947,-24.17594],[-48.96755,-24.17714],[-48.96674,-24.17789],[-48.9652,-24.18061],[-48.96361,-24.18273]]}},{"type":"Feature","properties":{"name":"Tronco Principal Sul","operator":"Rumo S/A","usage":"main"},"geometry":{"type":"LineString","coordinates":[[-48.97505,-24.22597],[-48.97439,-24.22718],[-48.97431,-24.22746],[-48.97423,-24.22819],[-48.97427,-24.22919],[-48.97456,-24.23031],[-48.97533,-24.23173],[-48.9755,-24.23218],[-48.97572,-24.23315],[-48.97574,-24.23357],[-48.97562,-24.23436],[-48.9754,-24.23498],[-48.97002,-24.24289],[-48.96893,-24.24373],[-48.96846,-24.24391],[-48.96728,-24.24413],[-48.96625,-24.24398],[-48.96122,-24.24243],[-48.96014,-24.24235],[-48.95899,-24.24262],[-48.95847,-24.24293],[-48.95057,-24.24889],[-48.95015,-24.24943],[-48.94991,-24.24992],[-48.94972,-24.25085],[-48.9499,-24.25179],[-48.95021,-24.25234],[-48.95057,-24.25274],[-48.95111,-24.25313],[-48.95215,-24.25348],[-48.95298,-24.2535],[-48.95384,-24.25337],[-48.95447,-24.25308],[-48.95504,-24.2525],[-48.95559,-24.25157],[-48.9557,-24.24982],[-48.95586,-24.24914],[-48.95636,-24.24837],[-48.957,-24.24782],[-48.95782,-24.24745],[-48.95857,-24.24729],[-48.96391,-24.24771],[-48.96474,-24.2479],[-48.96555,-24.24831],[-48.96774,-24.2499],[-48.96827,-24.2507],[-48.96841,-24.25111],[-48.96839,-24.25219],[-48.96827,-24.25257],[-48.96792,-24.2533],[-48.96684,-24.25485],[-48.96632,-24.25544],[-48.96501,-24.25637],[-48.96415,-24.25726],[-48.96377,-24.25816],[-48.96389,-24.26091],[-48.96368,-24.26193],[-48.96351,-24.26229],[-48.96319,-24.26267],[-48.96274,-24.26307],[-48.96161,-24.26385],[-48.96082,-24.26459],[-48.96028,-24.26543],[-48.96009,-24.2661],[-48.9601,-24.26672],[-48.96029,-24.26778],[-48.9608,-24.26863],[-48.96157,-24.26935],[-48.96495,-24.27174],[-48.96574,-24.27255],[-48.96635,-24.27345],[-48.96727,-24.27529],[-48.96807,-24.2765],[-48.96885,-24.27734],[-48.9702,-24.27837]]}},{"type":"Feature","properties":{"name":"Tronco Principal Sul","operator":"Rumo S/A","usage":"main"},"geometry":{"type":"LineString","coordinates":[[-48.97511,-24.22586],[-48.97505,-24.22597]]}},{"type":"Feature","properties":{"name":null,"operator":null,"usage":null},"geometry":{"type":"LineString","coordinates":[[-49.24612,-24.39714],[-49.25026,-24.3985]]}},{"type":"Feature","properties":{"name":null,"operator":null,"usage":null},"geometry":{"type":"LineString","coordinates":[[-49.25024,-24.39854],[-49.24661,-24.39737],[-49.24564,-24.39688],[-49.24461,-24.39612],[-49.24334,-24.39454]]}},{"type":"Feature","properties":{"name":null,"operator":null,"usage":null},"geometry":{"type":"LineString","coordinates":[[-49.25026,-24.3985],[-49.25284,-24.39939],[-49.25379,-24.39985],[-49.25486,-24.4005]]}},{"type":"Feature","properties":{"name":"Tronco Principal Sul","operator":"Rumo S/A","usage":"main"},"geometry":{"type":"LineString","coordinates":[[-49.64498,-24.64907],[-49.64506,-24.64915]]}},{"type":"Feature","properties":{"name":"Tronco Principal Sul","operator":"Rumo S/A","usage":"main"},"geometry":{"type":"LineString","coordinates":[[-49.54223,-24.58666],[-49.5423,-24.58672]]}},{"type":"Feature","properties":{"name":null,"operator":null,"usage":null},"geometry":{"type":"LineString","coordinates":[[-50.11013,-25.0826],[-50.1101,-25.0815],[-50.10985,-25.08081],[-50.10957,-25.0804]]}},{"type":"Feature","properties":{"name":null,"operator":null,"usage":null},"geometry":{"type":"LineString","coordinates":[[-50.11043,-25.08188],[-50.11013,-25.0826],[-50.11007,-25.08297]]}},{"type":"Feature","properties":{"name":null,"operator":null,"usage":null},"geometry":{"type":"LineString","coordinates":[[-50.10992,-25.08077],[-50.11029,-25.08132],[-50.11035,-25.08174]]}},{"type":"Feature","properties":{"name":null,"operator":null,"usage":null},"geometry":{"type":"LineString","coordinates":[[-50.11035,-25.0826],[-50.11041,-25.08143],[-50.11026,-25.08114],[-50.10969,-25.0805]]}},{"type":"Feature","properties":{"name":null,"operator":null,"usage":null},"geometry":{"type":"LineString","coordinates":[[-50.10967,-25.08546],[-50.11002,-25.0833]]}},{"type":"Feature","properties":{"name":null,"operator":null,"usage":null},"geometry":{"type":"LineString","coordinates":[[-50.10938,-25.08023],[-50.11007,-25.08084],[-50.11043,-25.08127],[-50.11053,-25.08183],[-50.11043,-25.08261]]}},{"type":"Feature","properties":{"name":null,"operator":"Estrada de Ferro Paraná Oeste S/A","usage":null},"geometry":{"type":"LineString","coordinates":[[-51.55434,-25.40618],[-51.55443,-25.40578],[-51.5543,-25.40556]]}},{"type":"Feature","properties":{"name":null,"operator":"Estrada de Ferro Paraná Oeste S/A","usage":null},"geometry":{"type":"LineString","coordinates":[[-51.55417,-25.40641],[-51.55434,-25.40618]]}},{"type":"Feature","properties":{"name":null,"operator":"Rumo S/A","usage":null},"geometry":{"type":"LineString","coordinates":[[-49.92524,-25.34282],[-49.92453,-25.34302],[-49.92377,-25.34337],[-49.92326,-25.34368],[-49.92234,-25.34444],[-49.92137,-25.34561],[-49.92065,-25.34713],[-49.92048,-25.34807],[-49.92052,-25.34949],[-49.92181,-25.35479]]}},{"type":"Feature","properties":{"name":null,"operator":null,"usage":null},"geometry":{"type":"LineString","coordinates":[[-49.8007,-26.09279],[-49.8013,-26.09312],[-49.80159,-26.09349],[-49.80294,-26.09436],[-49.80329,-26.09469]]}},{"type":"Feature","properties":{"name":"Tronco Principal Sul","operator":"Rumo S/A","usage":"main"},"geometry":{"type":"LineString","coordinates":[[-49.79307,-26.12419],[-49.7931,-26.12382]]}},{"type":"Feature","properties":{"name":null,"operator":"Rumo S/A","usage":null},"geometry":{"type":"LineString","coordinates":[[-49.8035,-26.1105],[-49.80326,-26.1107]]}},{"type":"Feature","properties":{"name":null,"operator":"Rumo S/A","usage":null},"geometry":{"type":"LineString","coordinates":[[-49.8074,-26.10457],[-49.80648,-26.107]]}},{"type":"Feature","properties":{"name":null,"operator":null,"usage":null},"geometry":{"type":"LineString","coordinates":[[-50.11034,-25.08185],[-50.11029,-25.08229]]}},{"type":"Feature","properties":{"name":null,"operator":null,"usage":null},"geometry":{"type":"LineString","coordinates":[[-50.11035,-25.08174],[-50.11034,-25.08185]]}},{"type":"Feature","properties":{"name":null,"operator":null,"usage":null},"geometry":{"type":"LineString","coordinates":[[-50.11004,-25.0832],[-50.10993,-25.08366]]}},{"type":"Feature","properties":{"name":null,"operator":null,"usage":null},"geometry":{"type":"LineString","coordinates":[[-50.11007,-25.08297],[-50.11004,-25.0832]]}},{"type":"Feature","properties":{"name":null,"operator":null,"usage":null},"geometry":{"type":"LineString","coordinates":[[-50.1103,-25.0835],[-50.1101,-25.08455],[-50.10981,-25.08514],[-50.10964,-25.08571]]}},{"type":"Feature","properties":{"name":null,"operator":null,"usage":null},"geometry":{"type":"LineString","coordinates":[[-50.11043,-25.08261],[-50.1103,-25.0835]]}},{"type":"Feature","properties":{"name":null,"operator":null,"usage":null},"geometry":{"type":"LineString","coordinates":[[-50.11022,-25.08349],[-50.11035,-25.0826]]}},{"type":"Feature","properties":{"name":null,"operator":null,"usage":null},"geometry":{"type":"LineString","coordinates":[[-50.10998,-25.0848],[-50.11022,-25.08349]]}},{"type":"Feature","properties":{"name":null,"operator":"Rumo S/A","usage":null},"geometry":{"type":"LineString","coordinates":[[-50.10892,-25.08916],[-50.10884,-25.09016]]}},{"type":"Feature","properties":{"name":null,"operator":"Rumo S/A","usage":null},"geometry":{"type":"LineString","coordinates":[[-50.10894,-25.08972],[-50.10884,-25.09016],[-50.10843,-25.09099],[-50.108,-25.09148],[-50.10745,-25.09188],[-50.1069,-25.09215],[-50.10636,-25.09228],[-50.10442,-25.09236]]}},{"type":"Feature","properties":{"name":null,"operator":"Rumo S/A","usage":null},"geometry":{"type":"LineString","coordinates":[[-50.109,-25.08873],[-50.10991,-25.08217],[-50.10986,-25.08153],[-50.10971,-25.08108],[-50.10909,-25.08013]]}},{"type":"Feature","properties":{"name":null,"operator":"Rumo S/A","usage":null},"geometry":{"type":"LineString","coordinates":[[-50.10955,-25.08111],[-50.10973,-25.08184],[-50.10972,-25.08257],[-50.10892,-25.08816]]}},{"type":"Feature","properties":{"name":null,"operator":"Rumo S/A","usage":null},"geometry":{"type":"LineString","coordinates":[[-50.10941,-25.08075],[-50.1096,-25.08134],[-50.10965,-25.08242],[-50.10889,-25.08781],[-50.10887,-25.08917]]}},{"type":"Feature","properties":{"name":null,"operator":"Rumo S/A","usage":null},"geometry":{"type":"LineString","coordinates":[[-50.10892,-25.08844],[-50.10976,-25.08257],[-50.10977,-25.08184],[-50.10959,-25.0811],[-50.10919,-25.08039],[-50.10768,-25.07868]]}},{"type":"Feature","properties":{"name":null,"operator":"Rumo S/A","usage":null},"geometry":{"type":"LineString","coordinates":[[-50.10901,-25.08846],[-50.10987,-25.08217],[-50.10976,-25.08131],[-50.10959,-25.08089],[-50.10924,-25.08035]]}},{"type":"Feature","properties":{"name":null,"operator":"Rumo S/A","usage":null},"geometry":{"type":"LineString","coordinates":[[-50.10896,-25.08994],[-50.10905,-25.08781],[-50.10982,-25.08242],[-50.10972,-25.08132],[-50.10935,-25.08053]]}},{"type":"Feature","properties":{"name":null,"operator":"Rumo S/A","usage":null},"geometry":{"type":"LineString","coordinates":[[-50.109,-25.08908],[-50.10992,-25.08258],[-50.10994,-25.08184],[-50.10983,-25.0813],[-50.10956,-25.0807],[-50.10802,-25.079]]}},{"type":"Feature","properties":{"name":null,"operator":"Rumo S/A","usage":null},"geometry":{"type":"LineString","coordinates":[[-50.10888,-25.09019],[-50.10894,-25.08972],[-50.10893,-25.08781],[-50.10968,-25.08257],[-50.10969,-25.08184],[-50.1096,-25.08134]]}},{"type":"Feature","properties":{"name":null,"operator":"Rumo S/A","usage":null},"geometry":{"type":"LineString","coordinates":[[-50.10827,-25.07924],[-50.10959,-25.08069],[-50.10987,-25.08129],[-50.10998,-25.08183],[-50.10996,-25.08259],[-50.10899,-25.08941]]}},{"type":"Feature","properties":{"name":null,"operator":null,"usage":null},"geometry":{"type":"LineString","coordinates":[[-50.10908,-25.08908],[-50.11004,-25.08217],[-50.10998,-25.08152],[-50.10974,-25.08085],[-50.10948,-25.08045],[-50.10871,-25.07963]]}},{"type":"Feature","properties":{"name":null,"operator":null,"usage":null},"geometry":{"type":"LineString","coordinates":[[-50.1101,-25.08455],[-50.11036,-25.08382],[-50.11063,-25.08178],[-50.11049,-25.08124],[-50.11007,-25.08084]]}},{"type":"Feature","properties":{"name":null,"operator":"Rumo S/A","usage":null},"geometry":{"type":"LineString","coordinates":[[-50.10473,-25.09238],[-50.10587,-25.09237],[-50.10664,-25.09226],[-50.10719,-25.09207],[-50.10801,-25.09153],[-50.10845,-25.09104],[-50.10879,-25.09042],[-50.10921,-25.08875]]}},{"type":"Feature","properties":{"name":null,"operator":null,"usage":null},"geometry":{"type":"LineString","coordinates":[[-50.10898,-25.08974],[-50.11008,-25.08217],[-50.11002,-25.08151],[-50.10987,-25.08105],[-50.10967,-25.08066],[-50.10911,-25.07998]]}},{"type":"Feature","properties":{"name":null,"operator":null,"usage":null},"geometry":{"type":"LineString","coordinates":[[-50.10909,-25.08952],[-50.10948,-25.0885],[-50.10967,-25.08755]]}},{"type":"Feature","properties":{"name":null,"operator":null,"usage":null},"geometry":{"type":"LineString","coordinates":[[-50.10966,-25.08622],[-50.10975,-25.08561]]}},{"type":"Feature","properties":{"name":null,"operator":null,"usage":null},"geometry":{"type":"LineString","coordinates":[[-50.10957,-25.0869],[-50.10966,-25.08622]]}},{"type":"Feature","properties":{"name":null,"operator":null,"usage":null},"geometry":{"type":"LineString","coordinates":[[-50.10974,-25.08623],[-50.10987,-25.08537]]}},{"type":"Feature","properties":{"name":null,"operator":null,"usage":null},"geometry":{"type":"LineString","coordinates":[[-50.10965,-25.08691],[-50.10974,-25.08623]]}},{"type":"Feature","properties":{"name":null,"operator":null,"usage":null},"geometry":{"type":"LineString","coordinates":[[-50.10973,-25.08692],[-50.10983,-25.08624]]}},{"type":"Feature","properties":{"name":null,"operator":null,"usage":null},"geometry":{"type":"LineString","coordinates":[[-50.10956,-25.08772],[-50.10973,-25.08692]]}},{"type":"Feature","properties":{"name":null,"operator":null,"usage":null},"geometry":{"type":"LineString","coordinates":[[-50.10944,-25.08792],[-50.10965,-25.08691]]}},{"type":"Feature","properties":{"name":null,"operator":null,"usage":null},"geometry":{"type":"LineString","coordinates":[[-50.10983,-25.08624],[-50.11006,-25.08498]]}},{"type":"Feature","properties":{"name":null,"operator":null,"usage":null},"geometry":{"type":"LineString","coordinates":[[-50.10933,-25.08822],[-50.10981,-25.08725],[-50.11014,-25.08521],[-50.11061,-25.08386]]}},{"type":"Feature","properties":{"name":null,"operator":null,"usage":null},"geometry":{"type":"LineString","coordinates":[[-50.10915,-25.08909],[-50.10957,-25.0869]]}},{"type":"Feature","properties":{"name":null,"operator":"Rumo S/A","usage":null},"geometry":{"type":"LineString","coordinates":[[-50.89392,-24.28739],[-50.89057,-24.28965],[-50.88959,-24.29049],[-50.88914,-24.29105],[-50.8886,-24.29193],[-50.88722,-24.29459],[-50.88695,-24.29502],[-50.88641,-24.29558],[-50.88575,-24.296],[-50.88358,-24.29684]]}},{"type":"Feature","properties":{"name":null,"operator":null,"usage":null},"geometry":{"type":"LineString","coordinates":[[-50.74647,-24.24931],[-50.74898,-24.24807],[-50.7499,-24.24774]]}},{"type":"Feature","properties":{"name":null,"operator":null,"usage":null},"geometry":{"type":"LineString","coordinates":[[-50.74552,-24.24977],[-50.74647,-24.24931]]}},{"type":"Feature","properties":{"name":null,"operator":null,"usage":null},"geometry":{"type":"LineString","coordinates":[[-50.73448,-24.25439],[-50.74228,-24.25139],[-50.74964,-24.24783]]}},{"type":"Feature","properties":{"name":"Ferrovia do Minuano","operator":"Klabin S.A.;Rumo S/A","usage":"branch"},"geometry":{"type":"LineString","coordinates":[[-50.75815,-24.24188],[-50.7547,-24.24513],[-50.75353,-24.246],[-50.75283,-24.2464]]}},{"type":"Feature","properties":{"name":"Ferrovia do Minuano","operator":"Klabin S.A.;Rumo S/A","usage":"branch"},"geometry":{"type":"LineString","coordinates":[[-50.75869,-24.24144],[-50.75815,-24.24188]]}},{"type":"Feature","properties":{"name":null,"operator":null,"usage":null},"geometry":{"type":"LineString","coordinates":[[-50.73447,-24.25434],[-50.74225,-24.25133],[-50.74552,-24.24977]]}},{"type":"Feature","properties":{"name":"Estrada de Ferro Engenheiro Bley","operator":"Rumo S/A","usage":"main"},"geometry":{"type":"LineString","coordinates":[[-48.93541,-25.42702],[-48.93592,-25.42746],[-48.93616,-25.42789],[-48.93619,-25.42811]]}},{"type":"Feature","properties":{"name":"Estrada de Ferro Engenheiro Bley","operator":"Rumo S/A","usage":"main"},"geometry":{"type":"LineString","coordinates":[[-48.93685,-25.4355],[-48.937,-25.43585]]}},{"type":"Feature","properties":{"name":"Estrada de Ferro Engenheiro Bley","operator":"Rumo S/A","usage":"main"},"geometry":{"type":"LineString","coordinates":[[-48.9358,-25.44048],[-48.93601,-25.44134]]}},{"type":"Feature","properties":{"name":"Estrada de Ferro Engenheiro Bley","operator":"Rumo S/A","usage":"main"},"geometry":{"type":"LineString","coordinates":[[-48.93565,-25.44016],[-48.9358,-25.44048]]}},{"type":"Feature","properties":{"name":"Estrada de Ferro Engenheiro Bley","operator":"Rumo S/A","usage":"main"},"geometry":{"type":"LineString","coordinates":[[-48.93618,-25.44158],[-48.93637,-25.44195]]}},{"type":"Feature","properties":{"name":"Estrada de Ferro Engenheiro Bley","operator":"Rumo S/A","usage":"main"},"geometry":{"type":"LineString","coordinates":[[-48.93601,-25.44134],[-48.93618,-25.44158]]}},{"type":"Feature","properties":{"name":"Estrada de Ferro Engenheiro Bley","operator":"Rumo S/A","usage":"main"},"geometry":{"type":"LineString","coordinates":[[-48.92506,-25.43815],[-48.92441,-25.43766],[-48.92333,-25.43745],[-48.92271,-25.43707]]}},{"type":"Feature","properties":{"name":"Estrada de Ferro Engenheiro Bley","operator":"Rumo S/A","usage":"main"},"geometry":{"type":"LineString","coordinates":[[-48.92534,-25.43846],[-48.92506,-25.43815]]}},{"type":"Feature","properties":{"name":null,"operator":null,"usage":null},"geometry":{"type":"LineString","coordinates":[[-51.46906,-23.54802],[-51.46881,-23.54799]]}},{"type":"Feature","properties":{"name":null,"operator":"Rumo S/A","usage":null},"geometry":{"type":"LineString","coordinates":[[-51.47088,-23.54819],[-51.47005,-23.548]]}},{"type":"Feature","properties":{"name":null,"operator":"Rumo S/A","usage":null},"geometry":{"type":"LineString","coordinates":[[-51.472,-23.54852],[-51.47088,-23.54819]]}},{"type":"Feature","properties":{"name":null,"operator":"Rumo S/A","usage":null},"geometry":{"type":"LineString","coordinates":[[-51.47007,-23.54794],[-51.46927,-23.54789]]}},{"type":"Feature","properties":{"name":null,"operator":"Rumo S/A","usage":null},"geometry":{"type":"LineString","coordinates":[[-51.4709,-23.54812],[-51.47007,-23.54794]]}},{"type":"Feature","properties":{"name":"Estrada de Ferro Central do Paraná","operator":"Rumo S/A","usage":"main"},"geometry":{"type":"LineString","coordinates":[[-51.26504,-23.85971],[-51.26145,-23.85135]]}},{"type":"Feature","properties":{"name":"Estrada de Ferro Central do Paraná","operator":"Rumo S/A","usage":"main"},"geometry":{"type":"LineString","coordinates":[[-51.27174,-23.87129],[-51.27219,-23.87081],[-51.27256,-23.8702],[-51.27323,-23.86796],[-51.27327,-23.86759],[-51.27318,-23.86694],[-51.27288,-23.86631],[-51.27036,-23.86355],[-51.26979,-23.8631],[-51.26671,-23.86184],[-51.26602,-23.8614],[-51.26552,-23.86081],[-51.26504,-23.85971]]}},{"type":"Feature","properties":{"name":null,"operator":"Rumo S/A","usage":null},"geometry":{"type":"LineString","coordinates":[[-51.26814,-23.8287],[-51.26774,-23.8291],[-51.26567,-23.8317],[-51.26536,-23.83243],[-51.2652,-23.83317],[-51.2653,-23.83427],[-51.2656,-23.83498],[-51.26774,-23.83808],[-51.26801,-23.83864],[-51.26812,-23.83927],[-51.26809,-23.8401],[-51.26778,-23.84077],[-51.26714,-23.84153]]}},{"type":"Feature","properties":{"name":null,"operator":"Rumo S/A","usage":null},"geometry":{"type":"LineString","coordinates":[[-51.23495,-23.90936],[-51.23791,-23.90577],[-51.23922,-23.90299]]}},{"type":"Feature","properties":{"name":null,"operator":"Rumo S/A","usage":null},"geometry":{"type":"LineString","coordinates":[[-51.23836,-23.89958],[-51.23928,-23.90098],[-51.23945,-23.90162],[-51.23946,-23.9021],[-51.23922,-23.90299],[-51.23806,-23.90555],[-51.23773,-23.9061],[-51.2346,-23.90976],[-51.23409,-23.91021],[-51.23369,-23.91044],[-51.2326,-23.91075],[-51.23183,-23.91073],[-51.23116,-23.91053],[-51.2302,-23.91005]]}},{"type":"Feature","properties":{"name":null,"operator":null,"usage":null},"geometry":{"type":"LineString","coordinates":[[-51.11632,-23.99781],[-51.11739,-23.99793],[-51.11857,-23.99774],[-51.11916,-23.99744],[-51.12162,-23.99549],[-51.12249,-23.99509],[-51.12364,-23.99498],[-51.12674,-23.99535],[-51.1277,-23.99514],[-51.1287,-23.99456],[-51.129,-23.99425],[-51.12932,-23.99369]]}},{"type":"Feature","properties":{"name":null,"operator":null,"usage":null},"geometry":{"type":"LineString","coordinates":[[-50.8839,-24.35131],[-50.88398,-24.35024],[-50.88413,-24.34953],[-50.88434,-24.349],[-50.88479,-24.34828],[-50.88587,-24.3472],[-50.88854,-24.34507],[-50.88945,-24.34396],[-50.88986,-24.34312],[-50.89105,-24.33896]]}},{"type":"Feature","properties":{"name":"Estrada de Ferro Sorocabana","operator":"Rumo S/A","usage":"branch"},"geometry":{"type":"LineString","coordinates":[[-48.49247,-22.89426],[-48.49229,-22.89707],[-48.49206,-22.89803],[-48.49166,-22.89892],[-48.48851,-22.90418],[-48.48626,-22.90686],[-48.48579,-22.90754],[-48.4854,-22.90837],[-48.4851,-22.90973],[-48.48513,-22.91097],[-48.48549,-22.91217],[-48.48615,-22.91332],[-48.48674,-22.914],[-48.48744,-22.91458],[-48.49114,-22.9166],[-48.4919,-22.91724],[-48.49255,-22.91804],[-48.49427,-22.92098],[-48.49514,-22.92192],[-48.49784,-22.92392],[-48.49847,-22.92456],[-48.49895,-22.92522],[-48.50091,-22.92879],[-48.50165,-22.9299],[-48.50303,-22.9314],[-48.50468,-22.93271],[-48.50551,-22.93348],[-48.50628,-22.93441],[-48.50768,-22.93645],[-48.50813,-22.93697],[-48.50872,-22.93751],[-48.50932,-22.93792],[-48.51183,-22.93925],[-48.5135,-22.94036],[-48.51485,-22.94169],[-48.51684,-22.9442],[-48.51772,-22.94494],[-48.51855,-22.94541],[-48.52002,-22.94593],[-48.52161,-22.94605],[-48.52288,-22.94587],[-48.5261,-22.94471],[-48.52694,-22.94452],[-48.52828,-22.94449],[-48.52994,-22.94483],[-48.53063,-22.94513],[-48.53184,-22.94592],[-48.53421,-22.94854],[-48.53609,-22.95215],[-48.53651,-22.95275],[-48.53743,-22.95368],[-48.54015,-22.95606],[-48.54125,-22.95731],[-48.54578,-22.96431],[-48.54688,-22.96617]]}},{"type":"Feature","properties":{"name":null,"operator":null,"usage":null},"geometry":{"type":"LineString","coordinates":[[-51.76613,-23.51172],[-51.75509,-23.52287]]}},{"type":"Feature","properties":{"name":null,"operator":null,"usage":null},"geometry":{"type":"LineString","coordinates":[[-51.83992,-23.47023],[-51.82529,-23.47561]]}},{"type":"Feature","properties":{"name":null,"operator":null,"usage":null},"geometry":{"type":"LineString","coordinates":[[-51.82677,-23.47511],[-51.82597,-23.47544]]}},{"type":"Feature","properties":{"name":null,"operator":null,"usage":null},"geometry":{"type":"LineString","coordinates":[[-51.80845,-23.48017],[-51.8126,-23.47997],[-51.81415,-23.47973],[-51.82437,-23.47599],[-51.82568,-23.47563]]}},{"type":"Feature","properties":{"name":null,"operator":null,"usage":null},"geometry":{"type":"LineString","coordinates":[[-51.80835,-23.48017],[-51.80845,-23.48017]]}},{"type":"Feature","properties":{"name":null,"operator":null,"usage":null},"geometry":{"type":"LineString","coordinates":[[-51.80439,-23.48053],[-51.80553,-23.48031],[-51.80835,-23.48017]]}},{"type":"Feature","properties":{"name":null,"operator":null,"usage":null},"geometry":{"type":"LineString","coordinates":[[-51.84005,-23.47018],[-51.83992,-23.47023]]}},{"type":"Feature","properties":{"name":null,"operator":null,"usage":null},"geometry":{"type":"LineString","coordinates":[[-51.86231,-23.46373],[-51.86175,-23.46414],[-51.86115,-23.46444],[-51.86009,-23.46474],[-51.84917,-23.46699],[-51.84487,-23.46838],[-51.84005,-23.47018]]}},{"type":"Feature","properties":{"name":null,"operator":null,"usage":null},"geometry":{"type":"LineString","coordinates":[[-51.82609,-23.47547],[-51.82704,-23.47501]]}},{"type":"Feature","properties":{"name":null,"operator":null,"usage":null},"geometry":{"type":"LineString","coordinates":[[-51.82568,-23.47563],[-51.82609,-23.47547]]}},{"type":"Feature","properties":{"name":null,"operator":null,"usage":null},"geometry":{"type":"LineString","coordinates":[[-51.86008,-23.46469],[-51.85011,-23.46667],[-51.84822,-23.46718],[-51.84606,-23.4679]]}},{"type":"Feature","properties":{"name":null,"operator":null,"usage":null},"geometry":{"type":"LineString","coordinates":[[-51.85212,-23.46613],[-51.8494,-23.46666]]}},{"type":"Feature","properties":{"name":null,"operator":null,"usage":null},"geometry":{"type":"LineString","coordinates":[[-51.85256,-23.46604],[-51.85212,-23.46613]]}},{"type":"Feature","properties":{"name":null,"operator":null,"usage":null},"geometry":{"type":"LineString","coordinates":[[-51.85211,-23.46609],[-51.84938,-23.46662]]}},{"type":"Feature","properties":{"name":null,"operator":null,"usage":null},"geometry":{"type":"LineString","coordinates":[[-51.85255,-23.466],[-51.85211,-23.46609]]}},{"type":"Feature","properties":{"name":null,"operator":null,"usage":null},"geometry":{"type":"LineString","coordinates":[[-51.85672,-23.46531],[-51.8501,-23.46662],[-51.84728,-23.46744],[-51.8453,-23.46819]]}},{"type":"Feature","properties":{"name":null,"operator":null,"usage":null},"geometry":{"type":"LineString","coordinates":[[-51.85634,-23.46536],[-51.85256,-23.46604]]}},{"type":"Feature","properties":{"name":null,"operator":null,"usage":null},"geometry":{"type":"LineString","coordinates":[[-51.86472,-23.46022],[-51.86401,-23.46174],[-51.86359,-23.46242],[-51.86276,-23.46332],[-51.86169,-23.46406],[-51.86087,-23.46442],[-51.85642,-23.46516]]}},{"type":"Feature","properties":{"name":null,"operator":null,"usage":null},"geometry":{"type":"LineString","coordinates":[[-51.86088,-23.46449],[-51.85672,-23.46526],[-51.85556,-23.4654],[-51.85255,-23.466]]}},{"type":"Feature","properties":{"name":null,"operator":null,"usage":null},"geometry":{"type":"LineString","coordinates":[[-51.85531,-23.46535],[-51.85293,-23.46582]]}},{"type":"Feature","properties":{"name":null,"operator":null,"usage":null},"geometry":{"type":"LineString","coordinates":[[-51.85635,-23.46518],[-51.85531,-23.46535]]}},{"type":"Feature","properties":{"name":null,"operator":null,"usage":null},"geometry":{"type":"LineString","coordinates":[[-51.85531,-23.46539],[-51.85293,-23.46587]]}},{"type":"Feature","properties":{"name":null,"operator":null,"usage":null},"geometry":{"type":"LineString","coordinates":[[-51.85636,-23.46523],[-51.85531,-23.46539]]}},{"type":"Feature","properties":{"name":null,"operator":null,"usage":null},"geometry":{"type":"LineString","coordinates":[[-51.86112,-23.46439],[-51.85636,-23.46523]]}},{"type":"Feature","properties":{"name":null,"operator":null,"usage":null},"geometry":{"type":"LineString","coordinates":[[-51.86249,-23.46354],[-51.86086,-23.46438],[-51.85635,-23.46518]]}},{"type":"Feature","properties":{"name":null,"operator":"Multitrans Transporte e Armazéns Gerais Ltda","usage":null},"geometry":{"type":"LineString","coordinates":[[-52.01287,-23.44513],[-52.01093,-23.44524]]}},{"type":"Feature","properties":{"name":null,"operator":"Multitrans Transporte e Armazéns Gerais Ltda","usage":null},"geometry":{"type":"LineString","coordinates":[[-52.01359,-23.44509],[-52.01287,-23.44513]]}},{"type":"Feature","properties":{"name":null,"operator":"Multitrans Transporte e Armazéns Gerais Ltda","usage":null},"geometry":{"type":"LineString","coordinates":[[-52.01399,-23.44507],[-52.01359,-23.44509]]}},{"type":"Feature","properties":{"name":null,"operator":"Multitrans Transporte e Armazéns Gerais Ltda","usage":null},"geometry":{"type":"LineString","coordinates":[[-52.01522,-23.44493],[-52.01399,-23.44507]]}},{"type":"Feature","properties":{"name":null,"operator":null,"usage":null},"geometry":{"type":"LineString","coordinates":[[-51.99028,-23.44475],[-51.98998,-23.44438]]}},{"type":"Feature","properties":{"name":null,"operator":null,"usage":null},"geometry":{"type":"LineString","coordinates":[[-51.9905,-23.4451],[-51.99071,-23.44548]]}},{"type":"Feature","properties":{"name":null,"operator":"Brado Logística","usage":null},"geometry":{"type":"LineString","coordinates":[[-51.3148,-23.28356],[-51.3142,-23.28385],[-51.31172,-23.28413],[-51.30794,-23.28503]]}},{"type":"Feature","properties":{"name":"Estrada de Ferro Central do Paraná","operator":"Rumo S/A","usage":"main"},"geometry":{"type":"LineString","coordinates":[[-50.95228,-24.24784],[-50.94635,-24.25011],[-50.9373,-24.25273],[-50.93671,-24.25299],[-50.93057,-24.25645],[-50.92928,-24.25739],[-50.92849,-24.25818],[-50.92074,-24.26767],[-50.92006,-24.26834],[-50.91911,-24.26898],[-50.91637,-24.27011],[-50.91539,-24.27069],[-50.91427,-24.27168],[-50.90966,-24.27651],[-50.90731,-24.27841],[-50.8902,-24.28996],[-50.88939,-24.29077],[-50.88896,-24.29138],[-50.88697,-24.29504],[-50.88615,-24.29581],[-50.8854,-24.29617],[-50.87949,-24.29847],[-50.87842,-24.29909],[-50.8777,-24.29986],[-50.87726,-24.30075],[-50.87711,-24.30129],[-50.87679,-24.30549],[-50.87695,-24.30664],[-50.87745,-24.30768],[-50.87821,-24.30852],[-50.88133,-24.31087],[-50.88183,-24.3114],[-50.88234,-24.31232],[-50.88247,-24.31282],[-50.8825,-24.31397],[-50.88234,-24.31464],[-50.88007,-24.322],[-50.87991,-24.32299],[-50.87997,-24.32391],[-50.88134,-24.32806],[-50.88161,-24.32867],[-50.882,-24.32925],[-50.8825,-24.32979],[-50.88311,-24.33022],[-50.8898,-24.33373],[-50.89076,-24.33476],[-50.89126,-24.33581],[-50.8915,-24.33684],[-50.89142,-24.33757],[-50.89005,-24.34267],[-50.88951,-24.34399],[-50.88856,-24.34511],[-50.8859,-24.34724],[-50.88505,-24.34802],[-50.88438,-24.34901],[-50.88407,-24.34987],[-50.88374,-24.35266],[-50.88361,-24.35318],[-50.88326,-24.35426],[-50.88112,-24.35928],[-50.87996,-24.36518],[-50.87904,-24.36732],[-50.87856,-24.368]]}},{"type":"Feature","properties":{"name":"Estrada de Ferro Central do Paraná","operator":"Rumo S/A","usage":"main"},"geometry":{"type":"LineString","coordinates":[[-50.95236,-24.24781],[-50.95228,-24.24784]]}},{"type":"Feature","properties":{"name":"Estrada de Ferro Central do Paraná","operator":"Rumo S/A","usage":"main"},"geometry":{"type":"LineString","coordinates":[[-50.99102,-24.22272],[-50.98621,-24.22694],[-50.98559,-24.22776],[-50.98458,-24.22993],[-50.98377,-24.23079],[-50.9831,-24.23122],[-50.98234,-24.2315],[-50.98109,-24.23167],[-50.98048,-24.23164],[-50.97591,-24.23056],[-50.97479,-24.23058],[-50.97405,-24.23071],[-50.97339,-24.23095],[-50.97273,-24.23132],[-50.97224,-24.23171],[-50.97169,-24.23231],[-50.97003,-24.23526],[-50.96962,-24.23585],[-50.96871,-24.23666],[-50.96585,-24.23847],[-50.96328,-24.24052],[-50.9547,-24.24653],[-50.95296,-24.24758],[-50.95236,-24.24781]]}},{"type":"Feature","properties":{"name":"Estrada de Ferro Central do Paraná","operator":"Rumo S/A","usage":"main"},"geometry":{"type":"LineString","coordinates":[[-50.99107,-24.22268],[-50.99102,-24.22272]]}},{"type":"Feature","properties":{"name":"Estrada de Ferro Central do Paraná","operator":"Rumo S/A","usage":"main"},"geometry":{"type":"LineString","coordinates":[[-50.87382,-24.41431],[-50.87337,-24.40937],[-50.87304,-24.40836],[-50.87243,-24.40748],[-50.87164,-24.40685],[-50.8703,-24.4062],[-50.86837,-24.40542]]}},{"type":"Feature","properties":{"name":"Estrada de Ferro Central do Paraná","operator":"Rumo S/A","usage":"main"},"geometry":{"type":"LineString","coordinates":[[-50.87383,-24.4144],[-50.87382,-24.41431]]}},{"type":"Feature","properties":{"name":"Tronco Principal Sul","operator":"Rumo S/A","usage":"main"},"geometry":{"type":"LineString","coordinates":[[-49.81382,-26.17405],[-49.8133,-26.17268],[-49.81256,-26.17192]]}},{"type":"Feature","properties":{"name":null,"operator":"Rumo S/A","usage":"main"},"geometry":{"type":"LineString","coordinates":[[-50.42007,-25.34915],[-50.41966,-25.34947],[-50.41951,-25.35005],[-50.42073,-25.35356],[-50.4208,-25.35412],[-50.42068,-25.35482],[-50.42049,-25.35529],[-50.4202,-25.35576],[-50.41989,-25.35603],[-50.41934,-25.35622],[-50.41777,-25.35623],[-50.41668,-25.35665],[-50.41594,-25.35658],[-50.41461,-25.3562],[-50.41397,-25.35627],[-50.41319,-25.35657],[-50.41263,-25.35754],[-50.41225,-25.35779],[-50.41084,-25.35801],[-50.40896,-25.35916],[-50.40869,-25.35923],[-50.40813,-25.35917],[-50.40775,-25.35888],[-50.4074,-25.35844],[-50.40703,-25.35824],[-50.40664,-25.35819],[-50.40575,-25.35838],[-50.40446,-25.35818],[-50.40353,-25.35828],[-50.40181,-25.35812],[-50.40152,-25.35816],[-50.40114,-25.35831],[-50.4007,-25.35868],[-50.39992,-25.36104],[-50.39962,-25.36161],[-50.39908,-25.3619],[-50.39856,-25.36187],[-50.39712,-25.361],[-50.39531,-25.35939],[-50.39455,-25.35923],[-50.39398,-25.35891],[-50.39379,-25.35855],[-50.39376,-25.35831],[-50.39401,-25.35743],[-50.39403,-25.35698],[-50.39392,-25.35675],[-50.39376,-25.35653],[-50.39257,-25.35579],[-50.39224,-25.35519],[-50.392,-25.35423],[-50.39166,-25.3537],[-50.39115,-25.35321],[-50.39081,-25.35302],[-50.3903,-25.35288],[-50.3887,-25.35268],[-50.38796,-25.35243],[-50.38587,-25.35149],[-50.38533,-25.35099],[-50.38508,-25.35062],[-50.38434,-25.34897],[-50.38377,-25.3486],[-50.38109,-25.34847],[-50.38085,-25.34836],[-50.38048,-25.34802],[-50.37999,-25.34698],[-50.37947,-25.34665],[-50.37764,-25.34614],[-50.37667,-25.34562],[-50.3761,-25.3456],[-50.37532,-25.34582],[-50.3748,-25.34586],[-50.37423,-25.34552],[-50.37405,-25.34508],[-50.37411,-25.34464],[-50.37501,-25.34319],[-50.37541,-25.34289],[-50.37667,-25.34252],[-50.37694,-25.34231],[-50.37711,-25.34204],[-50.378,-25.34029],[-50.37809,-25.33965],[-50.37799,-25.33936],[-50.37715,-25.3382],[-50.37693,-25.33803],[-50.37669,-25.33791],[-50.37552,-25.33775],[-50.37511,-25.33744],[-50.37462,-25.33556],[-50.37444,-25.33516],[-50.37397,-25.33459],[-50.37368,-25.33438],[-50.37286,-25.33409],[-50.37071,-25.3341],[-50.37017,-25.33378],[-50.36907,-25.33215],[-50.36819,-25.33109],[-50.36773,-25.3306],[-50.36649,-25.32963],[-50.36575,-25.32848],[-50.3649,-25.32794],[-50.36467,-25.3277],[-50.36455,-25.32736],[-50.36458,-25.32701],[-50.3651,-25.32621],[-50.3652,-25.32584],[-50.36511,-25.32547],[-50.36477,-25.32509],[-50.36253,-25.32361],[-50.36207,-25.32344],[-50.36126,-25.32336],[-50.36061,-25.32347],[-50.35713,-25.32445],[-50.35464,-25.32476],[-50.3534,-25.3251],[-50.35275,-25.32538],[-50.35224,-25.32551],[-50.35181,-25.32549],[-50.35135,-25.3254],[-50.35091,-25.3252],[-50.35005,-25.32462],[-50.34772,-25.32242],[-50.34714,-25.32137],[-50.3468,-25.32116],[-50.34646,-25.32101],[-50.34371,-25.32111],[-50.34307,-25.321],[-50.34276,-25.32081],[-50.34256,-25.32054],[-50.34223,-25.3197],[-50.342,-25.31898],[-50.34209,-25.31769],[-50.34129,-25.31596],[-50.34078,-25.3146],[-50.33967,-25.31305],[-50.33919,-25.3119],[-50.33881,-25.3115],[-50.33855,-25.3114],[-50.33743,-25.31136],[-50.33683,-25.31115],[-50.33492,-25.30949],[-50.33361,-25.30911],[-50.33328,-25.30885],[-50.33252,-25.30785],[-50.32835,-25.30578],[-50.32798,-25.30569],[-50.32766,-25.3057],[-50.32736,-25.30581],[-50.32687,-25.30623],[-50.32629,-25.30703],[-50.32601,-25.30718],[-50.32568,-25.30729],[-50.32524,-25.30728],[-50.3249,-25.30714],[-50.32461,-25.30691],[-50.32426,-25.30484],[-50.32415,-25.30445],[-50.32385,-25.30401],[-50.32158,-25.30243],[-50.31999,-25.302],[-50.31962,-25.30159],[-50.31925,-25.30061],[-50.31902,-25.30021],[-50.31825,-25.29974],[-50.31704,-25.2994]]}},{"type":"Feature","properties":{"name":null,"operator":"Rumo S/A","usage":"main"},"geometry":{"type":"LineString","coordinates":[[-50.42046,-25.34888],[-50.42007,-25.34915]]}},{"type":"Feature","properties":{"name":"Ramal de Antonina","operator":"Rumo S/A","usage":"branch"},"geometry":{"type":"LineString","coordinates":[[-48.83556,-25.47624],[-48.83536,-25.47572]]}},{"type":"Feature","properties":{"name":"Ramal de Antonina","operator":"Rumo S/A","usage":"branch"},"geometry":{"type":"LineString","coordinates":[[-48.83536,-25.47572],[-48.8353,-25.4756]]}},{"type":"Feature","properties":{"name":"Estrada de Ferro Central do Paraná","operator":"Rumo S/A","usage":"main"},"geometry":{"type":"LineString","coordinates":[[-50.87856,-24.368],[-50.87787,-24.3687],[-50.87703,-24.3692],[-50.87321,-24.37011],[-50.87041,-24.37138],[-50.86773,-24.3719],[-50.8672,-24.37211],[-50.86678,-24.37231],[-50.86631,-24.3727],[-50.86562,-24.3738],[-50.8655,-24.37435],[-50.86539,-24.37688],[-50.86453,-24.38036],[-50.86447,-24.38147],[-50.86481,-24.38252],[-50.8664,-24.38534],[-50.8667,-24.38613],[-50.86784,-24.39162],[-50.8679,-24.39221],[-50.86783,-24.39286],[-50.86735,-24.39407],[-50.86478,-24.39718],[-50.86384,-24.39853],[-50.86346,-24.39941],[-50.86333,-24.40012],[-50.86345,-24.40091],[-50.86384,-24.40181],[-50.86509,-24.40336],[-50.86568,-24.40394]]}},{"type":"Feature","properties":{"name":"Estrada de Ferro São Paulo-Paraná","operator":"Rumo S/A","usage":"main"},"geometry":{"type":"LineString","coordinates":[[-51.37623,-23.31522],[-51.36548,-23.30571],[-51.36487,-23.30535],[-51.36445,-23.3052],[-51.36329,-23.30509]]}},{"type":"Feature","properties":{"name":"Estrada de Ferro São Paulo-Paraná","operator":"Rumo S/A","usage":"main"},"geometry":{"type":"LineString","coordinates":[[-51.37674,-23.31566],[-51.37623,-23.31522]]}},{"type":"Feature","properties":{"name":null,"operator":null,"usage":null},"geometry":{"type":"LineString","coordinates":[[-49.24163,-26.4229],[-49.24032,-26.42531]]}},{"type":"Feature","properties":{"name":null,"operator":null,"usage":null},"geometry":{"type":"LineString","coordinates":[[-49.24174,-26.42258],[-49.24148,-26.42335],[-49.24096,-26.42443],[-49.24032,-26.42531],[-49.23889,-26.42782]]}},{"type":"Feature","properties":{"name":null,"operator":null,"usage":null},"geometry":{"type":"LineString","coordinates":[[-49.24231,-26.4242],[-49.24191,-26.42409],[-49.24146,-26.42413],[-49.24116,-26.42425],[-49.24096,-26.42443]]}},{"type":"Feature","properties":{"name":null,"operator":null,"usage":null},"geometry":{"type":"LineString","coordinates":[[-49.24158,-26.42309],[-49.24161,-26.42348],[-49.24176,-26.42376],[-49.24212,-26.42411],[-49.24261,-26.42433]]}},{"type":"Feature","properties":{"name":"Ramal de São Francisco","operator":"Rumo S/A","usage":"main"},"geometry":{"type":"LineString","coordinates":[[-49.48182,-26.28703],[-49.48151,-26.28699]]}},{"type":"Feature","properties":{"name":"Ramal de São Francisco","operator":"Rumo S/A","usage":"main"},"geometry":{"type":"LineString","coordinates":[[-49.48865,-26.27365],[-49.48809,-26.27399],[-49.48782,-26.27433],[-49.48768,-26.27475],[-49.48768,-26.27519],[-49.48776,-26.27551],[-49.48943,-26.27878],[-49.49052,-26.28009],[-49.49068,-26.28043],[-49.49072,-26.2809],[-49.49055,-26.28148],[-49.49009,-26.28189],[-49.48601,-26.28395],[-49.48536,-26.28441],[-49.48337,-26.28657],[-49.483,-26.28682],[-49.48256,-26.28701],[-49.48182,-26.28703]]}},{"type":"Feature","properties":{"name":"Ramal de São Francisco","operator":"Rumo S/A","usage":"main"},"geometry":{"type":"LineString","coordinates":[[-49.4632,-26.28321],[-49.46288,-26.28332]]}},{"type":"Feature","properties":{"name":"Ramal de São Francisco","operator":"Rumo S/A","usage":"main"},"geometry":{"type":"LineString","coordinates":[[-49.36848,-26.27895],[-49.36248,-26.27969],[-49.36151,-26.27987],[-49.36108,-26.28003],[-49.36043,-26.28045],[-49.36012,-26.28076],[-49.35892,-26.28275],[-49.35864,-26.2831],[-49.35795,-26.28362],[-49.35759,-26.2838],[-49.35711,-26.28391],[-49.35446,-26.28422],[-49.3538,-26.28438],[-49.35322,-26.2847],[-49.34918,-26.28755],[-49.34822,-26.28797],[-49.34536,-26.28854],[-49.34451,-26.28852],[-49.34368,-26.28824],[-49.34265,-26.28775],[-49.34169,-26.28709],[-49.34128,-26.28671]]}},{"type":"Feature","properties":{"name":"Ramal de São Francisco","operator":"Rumo S/A","usage":"main"},"geometry":{"type":"LineString","coordinates":[[-49.36863,-26.27892],[-49.36848,-26.27895]]}},{"type":"Feature","properties":{"name":"Ramal de São Francisco","operator":"Rumo S/A","usage":"main"},"geometry":{"type":"LineString","coordinates":[[-49.38393,-26.27567],[-49.38275,-26.27617],[-49.3821,-26.27626],[-49.38136,-26.27622],[-49.37984,-26.27598],[-49.37895,-26.27605],[-49.36863,-26.27892]]}},{"type":"Feature","properties":{"name":"Ramal de São Francisco","operator":"Rumo S/A","usage":"main"},"geometry":{"type":"LineString","coordinates":[[-49.38402,-26.27563],[-49.38393,-26.27567]]}},{"type":"Feature","properties":{"name":null,"operator":null,"usage":null},"geometry":{"type":"LineString","coordinates":[[-49.23016,-25.53051],[-49.23755,-25.54122]]}},{"type":"Feature","properties":{"name":null,"operator":null,"usage":null},"geometry":{"type":"LineString","coordinates":[[-48.53839,-25.53941],[-48.53839,-25.53965],[-48.53828,-25.53988],[-48.53762,-25.54073]]}},{"type":"Feature","properties":{"name":null,"operator":null,"usage":null},"geometry":{"type":"LineString","coordinates":[[-48.53713,-25.54049],[-48.53795,-25.53959]]}},{"type":"Feature","properties":{"name":null,"operator":"Rumo S/A","usage":null},"geometry":{"type":"LineString","coordinates":[[-49.09043,-26.47838],[-49.08955,-26.47855],[-49.08479,-26.4805]]}},{"type":"Feature","properties":{"name":"Ramal de São Francisco","operator":"Rumo S/A","usage":"main"},"geometry":{"type":"LineString","coordinates":[[-48.6352,-26.24237],[-48.63517,-26.24188],[-48.63496,-26.24152],[-48.63452,-26.24122],[-48.63318,-26.2406],[-48.63292,-26.24026],[-48.63277,-26.23965],[-48.63275,-26.23633],[-48.63291,-26.2359],[-48.63428,-26.23453]]}},{"type":"Feature","properties":{"name":"Ramal de São Francisco","operator":"Rumo S/A","usage":"main"},"geometry":{"type":"LineString","coordinates":[[-48.6352,-26.24254],[-48.6352,-26.24237]]}},{"type":"Feature","properties":{"name":null,"operator":null,"usage":null},"geometry":{"type":"LineString","coordinates":[[-52.54776,-25.24081],[-52.55111,-25.24036],[-52.55167,-25.24035],[-52.55291,-25.24056],[-52.55354,-25.24058]]}},{"type":"Feature","properties":{"name":"Estrada de Ferro Paraná Oeste","operator":"Estrada de Ferro Paraná Oeste S/A","usage":"main"},"geometry":{"type":"LineString","coordinates":[[-51.97065,-25.20987],[-51.96905,-25.21021]]}},{"type":"Feature","properties":{"name":"Estrada de Ferro Paraná Oeste","operator":"Estrada de Ferro Paraná Oeste S/A","usage":"main"},"geometry":{"type":"LineString","coordinates":[[-51.99378,-25.20442],[-51.99314,-25.20427],[-51.99252,-25.20423],[-51.99203,-25.20425],[-51.99111,-25.20447],[-51.99075,-25.20463],[-51.99039,-25.20491],[-51.9897,-25.20569],[-51.98946,-25.20616],[-51.98933,-25.20687],[-51.98973,-25.209],[-51.9898,-25.20982],[-51.98896,-25.21385],[-51.98857,-25.21475],[-51.98804,-25.21539],[-51.9877,-25.21566],[-51.98654,-25.2161],[-51.98593,-25.21616],[-51.98479,-25.21599],[-51.98413,-25.21567],[-51.9833,-25.21493],[-51.98232,-25.21422],[-51.98189,-25.21406],[-51.9799,-25.21363],[-51.9791,-25.21325],[-51.97777,-25.212],[-51.97685,-25.21152],[-51.9745,-25.21119],[-51.97384,-25.21094],[-51.97274,-25.21024],[-51.972,-25.20994],[-51.97111,-25.20981],[-51.97065,-25.20987]]}},{"type":"Feature","properties":{"name":"Pátio Ferroviário de Rio Negrinho","operator":null,"usage":null},"geometry":{"type":"LineString","coordinates":[[-49.51679,-26.25742],[-49.51642,-26.25763],[-49.5161,-26.25796],[-49.51552,-26.25979]]}},{"type":"Feature","properties":{"name":"Pátio Ferroviário de Rio Negrinho","operator":null,"usage":null},"geometry":{"type":"LineString","coordinates":[[-49.51547,-26.26028],[-49.51576,-26.25906],[-49.5161,-26.25803],[-49.51625,-26.25781]]}},{"type":"Feature","properties":{"name":"Desvio de cruzamento de Rio Negrinho","operator":null,"usage":null},"geometry":{"type":"LineString","coordinates":[[-49.51832,-26.25732],[-49.51771,-26.25722],[-49.51724,-26.25726],[-49.51679,-26.25742],[-49.51633,-26.25776],[-49.5161,-26.25818],[-49.51542,-26.26053]]}},{"type":"Feature","properties":{"name":"Ramal de São Francisco","operator":"Rumo S/A","usage":"main"},"geometry":{"type":"LineString","coordinates":[[-49.51686,-26.25741],[-49.51637,-26.25777],[-49.51612,-26.25819],[-49.51534,-26.26082]]}},{"type":"Feature","properties":{"name":"Pátio Ferroviário de Rio Negrinho","operator":null,"usage":null},"geometry":{"type":"LineString","coordinates":[[-49.51599,-26.25926],[-49.51613,-26.25898]]}},{"type":"Feature","properties":{"name":"Pátio Ferroviário de Rio Negrinho","operator":null,"usage":null},"geometry":{"type":"LineString","coordinates":[[-49.51583,-26.25975],[-49.51556,-26.26027]]}},{"type":"Feature","properties":{"name":"Pátio Ferroviário de Rio Negrinho","operator":null,"usage":null},"geometry":{"type":"LineString","coordinates":[[-49.51595,-26.25952],[-49.51632,-26.2588]]}},{"type":"Feature","properties":{"name":"Pátio Ferroviário de Rio Negrinho","operator":null,"usage":null},"geometry":{"type":"LineString","coordinates":[[-49.51572,-26.25987],[-49.51628,-26.25879]]}},{"type":"Feature","properties":{"name":"Pátio Ferroviário de Rio Negrinho","operator":null,"usage":null},"geometry":{"type":"LineString","coordinates":[[-49.51606,-26.2589],[-49.51618,-26.25851]]}},{"type":"Feature","properties":{"name":"Pátio Ferroviário de Rio Negrinho","operator":null,"usage":null},"geometry":{"type":"LineString","coordinates":[[-49.51612,-26.25837],[-49.51595,-26.25903]]}},{"type":"Feature","properties":{"name":"Pátio Ferroviário de Rio Negrinho","operator":null,"usage":null},"geometry":{"type":"LineString","coordinates":[[-49.51553,-26.26018],[-49.51599,-26.25926],[-49.51625,-26.25803]]}},{"type":"Feature","properties":{"name":"Pátio Ferroviário de Rio Negrinho","operator":null,"usage":null},"geometry":{"type":"LineString","coordinates":[[-49.5158,-26.25936],[-49.51618,-26.25815],[-49.51633,-26.25789],[-49.51687,-26.25745]]}},{"type":"Feature","properties":{"name":null,"operator":"Rumo S/A","usage":"main"},"geometry":{"type":"LineString","coordinates":[[-49.22953,-25.5295],[-49.22944,-25.52938]]}},{"type":"Feature","properties":{"name":"Tronco Principal Sul","operator":"Rumo S/A","usage":"main"},"geometry":{"type":"LineString","coordinates":[[-48.91233,-23.99096],[-48.91091,-23.9893],[-48.9107,-23.98879],[-48.9107,-23.98858],[-48.9109,-23.98789],[-48.91125,-23.98747],[-48.91175,-23.98719],[-48.91255,-23.98697],[-48.91306,-23.9867],[-48.91352,-23.98593],[-48.91356,-23.98565],[-48.91346,-23.9851],[-48.91303,-23.98402],[-48.91323,-23.98284],[-48.91322,-23.9823],[-48.91285,-23.98157],[-48.91235,-23.98117],[-48.91181,-23.98098],[-48.91121,-23.98095],[-48.90408,-23.98232],[-48.90333,-23.98254],[-48.90261,-23.98288],[-48.90121,-23.98383],[-48.90073,-23.98405],[-48.89981,-23.98404],[-48.89924,-23.98376],[-48.89901,-23.98353],[-48.89874,-23.98305],[-48.89869,-23.98245],[-48.89875,-23.9822],[-48.899,-23.98173],[-48.90029,-23.98032],[-48.90052,-23.97965],[-48.90045,-23.97873],[-48.8996,-23.975],[-48.89924,-23.97415],[-48.89742,-23.97198],[-48.89717,-23.97177],[-48.89662,-23.97153],[-48.89588,-23.97152],[-48.89536,-23.97174],[-48.89513,-23.97192],[-48.89424,-23.97301],[-48.89368,-23.97325],[-48.89302,-23.97328],[-48.89268,-23.97319],[-48.89215,-23.97281],[-48.8919,-23.97232],[-48.89185,-23.97184],[-48.89199,-23.97137],[-48.8933,-23.96994],[-48.89364,-23.96925],[-48.89379,-23.96872],[-48.89385,-23.96822],[-48.89377,-23.96648],[-48.89359,-23.96597],[-48.89318,-23.96553],[-48.8929,-23.96534],[-48.89226,-23.96514],[-48.8917,-23.96514],[-48.89129,-23.96528],[-48.8883,-23.96723],[-48.88806,-23.96749],[-48.88746,-23.96849],[-48.88724,-23.96871],[-48.88699,-23.96887],[-48.88649,-23.969],[-48.88567,-23.96894],[-48.88535,-23.96877],[-48.88438,-23.96771],[-48.88395,-23.96745],[-48.88341,-23.96734],[-48.88233,-23.96739],[-48.88188,-23.96728],[-48.88153,-23.96707]]}},{"type":"Feature","properties":{"name":"Tronco Principal Sul","operator":"Rumo S/A","usage":"main"},"geometry":{"type":"LineString","coordinates":[[-48.88153,-23.96707],[-48.88113,-23.96683]]}},{"type":"Feature","properties":{"name":"Ramal de São Francisco","operator":"Rumo S/A","usage":"main"},"geometry":{"type":"LineString","coordinates":[[-49.56402,-26.23655],[-49.56194,-26.23692],[-49.55939,-26.23835],[-49.55903,-26.23845],[-49.55869,-26.23846],[-49.55731,-26.23816],[-49.55616,-26.23825],[-49.55576,-26.23818],[-49.55536,-26.23797],[-49.55481,-26.23751],[-49.55362,-26.23707],[-49.55332,-26.23689],[-49.55295,-26.23654],[-49.5528,-26.23625],[-49.55244,-26.23516],[-49.5519,-26.23471],[-49.55121,-26.23454],[-49.55058,-26.23465],[-49.55024,-26.23479],[-49.54995,-26.23505],[-49.5475,-26.23811],[-49.54697,-26.23852],[-49.54364,-26.2393],[-49.54264,-26.24004],[-49.54185,-26.24035],[-49.54141,-26.24035],[-49.54005,-26.2399],[-49.53934,-26.23995],[-49.53873,-26.2403],[-49.53656,-26.24281],[-49.53588,-26.24313],[-49.53327,-26.24374],[-49.53273,-26.24393],[-49.53231,-26.24427],[-49.53203,-26.24472],[-49.53176,-26.24561],[-49.53173,-26.24597],[-49.53188,-26.24711],[-49.53173,-26.248],[-49.53172,-26.24944],[-49.53165,-26.24975],[-49.53118,-26.25031],[-49.53084,-26.25051],[-49.53012,-26.25061],[-49.52976,-26.25055]]}},{"type":"Feature","properties":{"name":"Ramal de São Francisco","operator":"Rumo S/A","usage":"main"},"geometry":{"type":"LineString","coordinates":[[-49.56417,-26.23651],[-49.56402,-26.23655]]}},{"type":"Feature","properties":{"name":"Ramal de São Francisco","operator":"Rumo S/A","usage":"main"},"geometry":{"type":"LineString","coordinates":[[-49.50679,-26.26665],[-49.50343,-26.26767],[-49.50303,-26.26771],[-49.50178,-26.26762],[-49.50102,-26.26785],[-49.50042,-26.26847],[-49.50032,-26.26927],[-49.50035,-26.27025],[-49.50018,-26.2708],[-49.4997,-26.2713],[-49.4986,-26.27206],[-49.49795,-26.27238],[-49.49697,-26.27258],[-49.49402,-26.27255],[-49.49174,-26.27328],[-49.48865,-26.27365]]}},{"type":"Feature","properties":{"name":"Ramal de São Francisco","operator":"Rumo S/A","usage":"main"},"geometry":{"type":"LineString","coordinates":[[-49.50689,-26.26662],[-49.50679,-26.26665]]}},{"type":"Feature","properties":{"name":"Ramal de Rio Branco do Sul","operator":"Rumo S/A","usage":"branch"},"geometry":{"type":"LineString","coordinates":[[-49.24617,-25.40397],[-49.2462,-25.40454],[-49.24588,-25.40519],[-49.24417,-25.40693],[-49.2436,-25.40722],[-49.2429,-25.40745],[-49.24237,-25.40792],[-49.24225,-25.40822],[-49.24215,-25.40928],[-49.24118,-25.41236],[-49.24121,-25.41287],[-49.24238,-25.41487],[-49.24398,-25.4194],[-49.24669,-25.42229],[-49.24836,-25.42483],[-49.24848,-25.42533],[-49.24889,-25.42899],[-49.24914,-25.42969],[-49.25025,-25.43078],[-49.25065,-25.43131],[-49.25135,-25.43348],[-49.25195,-25.43449],[-49.25241,-25.43494],[-49.25384,-25.43595]]}},{"type":"Feature","properties":{"name":"Ramal de Rio Branco do Sul","operator":"Rumo S/A","usage":"branch"},"geometry":{"type":"LineString","coordinates":[[-49.24748,-25.40099],[-49.24693,-25.40215],[-49.24629,-25.40264],[-49.2461,-25.40288],[-49.24601,-25.40327],[-49.24617,-25.40397]]}},{"type":"Feature","properties":{"name":"Estrada de Ferro Engenheiro Bley","operator":"Rumo S/A","usage":"main"},"geometry":{"type":"LineString","coordinates":[[-48.89765,-25.44367],[-48.8975,-25.44395],[-48.89712,-25.44425],[-48.89663,-25.44433],[-48.89625,-25.44423],[-48.89568,-25.44376],[-48.89416,-25.44217],[-48.89385,-25.44113],[-48.89357,-25.4408],[-48.89286,-25.44028],[-48.89235,-25.44025],[-48.89203,-25.44041],[-48.89176,-25.44072],[-48.8917,-25.441],[-48.89177,-25.44135],[-48.89223,-25.44258],[-48.89254,-25.44276],[-48.8934,-25.44302],[-48.89371,-25.44333],[-48.89379,-25.44375],[-48.89366,-25.44457]]}},{"type":"Feature","properties":{"name":"Estrada de Ferro Engenheiro Bley","operator":"Rumo S/A","usage":"main"},"geometry":{"type":"LineString","coordinates":[[-48.8849,-25.46323],[-48.88482,-25.46351]]}},{"type":"Feature","properties":{"name":"Estrada de Ferro Engenheiro Bley","operator":"Rumo S/A","usage":"main"},"geometry":{"type":"LineString","coordinates":[[-48.88951,-25.45094],[-48.88946,-25.45148],[-48.88967,-25.45289],[-48.88954,-25.4532],[-48.88882,-25.45403],[-48.8887,-25.45427],[-48.88815,-25.45641],[-48.88813,-25.45695]]}},{"type":"Feature","properties":{"name":"Estrada de Ferro Engenheiro Bley","operator":"Rumo S/A","usage":"main"},"geometry":{"type":"LineString","coordinates":[[-48.88957,-25.45076],[-48.88951,-25.45094]]}},{"type":"Feature","properties":{"name":"Ramal de Rio Branco do Sul","operator":"Rumo S/A","usage":"branch"},"geometry":{"type":"LineString","coordinates":[[-49.32051,-25.21183],[-49.32135,-25.21248],[-49.32148,-25.2128],[-49.32143,-25.21315],[-49.32131,-25.21339],[-49.32105,-25.21361],[-49.32037,-25.2138],[-49.32009,-25.21397],[-49.31941,-25.21494],[-49.31879,-25.21558],[-49.3187,-25.21586],[-49.31874,-25.21622],[-49.31908,-25.21664],[-49.32012,-25.21714],[-49.32066,-25.21718],[-49.32214,-25.21639],[-49.32373,-25.21617],[-49.32407,-25.2159],[-49.32438,-25.21535],[-49.32472,-25.21505],[-49.32516,-25.21495],[-49.3256,-25.21506]]}},{"type":"Feature","properties":{"name":"Ramal de Rio Branco do Sul","operator":"Rumo S/A","usage":"branch"},"geometry":{"type":"LineString","coordinates":[[-49.33119,-25.21716],[-49.33193,-25.21722],[-49.33386,-25.21789],[-49.33418,-25.21818],[-49.33455,-25.21889],[-49.33501,-25.21921],[-49.33555,-25.21929],[-49.33625,-25.21909]]}},{"type":"Feature","properties":{"name":"Ramal de Rio Branco do Sul","operator":"Rumo S/A","usage":"branch"},"geometry":{"type":"LineString","coordinates":[[-49.32887,-25.21728],[-49.33119,-25.21716]]}},{"type":"Feature","properties":{"name":"Ramal de Rio Branco do Sul","operator":"Rumo S/A","usage":"branch"},"geometry":{"type":"LineString","coordinates":[[-49.34005,-25.22515],[-49.33991,-25.22585],[-49.33944,-25.22647],[-49.33891,-25.22757],[-49.33884,-25.22845],[-49.33872,-25.22879],[-49.33859,-25.22893],[-49.3382,-25.22911],[-49.33773,-25.22908],[-49.33754,-25.22901],[-49.33704,-25.22857],[-49.33645,-25.22827],[-49.33603,-25.22823],[-49.33558,-25.22836],[-49.33441,-25.22978],[-49.33409,-25.2304],[-49.33397,-25.23091],[-49.33402,-25.23208],[-49.33416,-25.23254],[-49.33488,-25.23355],[-49.33648,-25.23518],[-49.33699,-25.23547],[-49.33757,-25.23562],[-49.33929,-25.23539],[-49.33984,-25.23541],[-49.34023,-25.23561],[-49.34045,-25.23591],[-49.34048,-25.23654],[-49.34029,-25.23686],[-49.33981,-25.23719],[-49.33543,-25.23935],[-49.3345,-25.24028]]}},{"type":"Feature","properties":{"name":"Ramal de Rio Branco do Sul","operator":"Rumo S/A","usage":"branch"},"geometry":{"type":"LineString","coordinates":[[-49.33625,-25.21909],[-49.33818,-25.21815],[-49.33883,-25.21805],[-49.33974,-25.21822],[-49.3417,-25.21932]]}},{"type":"Feature","properties":{"name":"Ramal de Rio Branco do Sul","operator":"Rumo S/A","usage":"branch"},"geometry":{"type":"LineString","coordinates":[[-49.34212,-25.21968],[-49.34231,-25.22013],[-49.34223,-25.22052],[-49.34199,-25.22085],[-49.3394,-25.22222],[-49.33916,-25.22256],[-49.33915,-25.22315],[-49.33998,-25.22448],[-49.34005,-25.22515]]}},{"type":"Feature","properties":{"name":"Ramal de Rio Branco do Sul","operator":"Rumo S/A","usage":"branch"},"geometry":{"type":"LineString","coordinates":[[-49.3256,-25.21506],[-49.32588,-25.21532],[-49.32629,-25.21597],[-49.32695,-25.21646],[-49.32767,-25.21726],[-49.32812,-25.21744],[-49.32887,-25.21728]]}},{"type":"Feature","properties":{"name":"Ramal de Rio Branco do Sul","operator":"Rumo S/A","usage":"branch"},"geometry":{"type":"LineString","coordinates":[[-49.3417,-25.21932],[-49.34212,-25.21968]]}},{"type":"Feature","properties":{"name":"Estrada de Ferro Central do Paraná","operator":"Rumo S/A","usage":"main"},"geometry":{"type":"LineString","coordinates":[[-50.88373,-24.53755],[-50.88354,-24.53702],[-50.88347,-24.53646],[-50.8835,-24.53591],[-50.88367,-24.53536],[-50.88396,-24.53481],[-50.88435,-24.53437],[-50.88609,-24.53295],[-50.88662,-24.53229],[-50.88703,-24.53137],[-50.88714,-24.53048],[-50.8871,-24.52997],[-50.88588,-24.52705],[-50.88511,-24.52417],[-50.88488,-24.52375],[-50.88268,-24.52085],[-50.88221,-24.51991],[-50.88208,-24.51939],[-50.88205,-24.51886],[-50.88212,-24.51829],[-50.88264,-24.51611],[-50.88292,-24.51541],[-50.88314,-24.51508],[-50.88444,-24.51385],[-50.88592,-24.51293],[-50.88679,-24.51169],[-50.88706,-24.51074],[-50.8871,-24.50986],[-50.88667,-24.50765],[-50.88671,-24.50667],[-50.88682,-24.50631],[-50.88736,-24.50549],[-50.88822,-24.50481]]}},{"type":"Feature","properties":{"name":"Estrada de Ferro Central do Paraná","operator":"Rumo S/A","usage":"main"},"geometry":{"type":"LineString","coordinates":[[-50.88375,-24.53761],[-50.88373,-24.53755]]}},{"type":"Feature","properties":{"name":"Ramal de Rio Branco do Sul","operator":"Rumo S/A","usage":"branch"},"geometry":{"type":"LineString","coordinates":[[-49.25029,-25.39945],[-49.24748,-25.40099]]}},{"type":"Feature","properties":{"name":"Ramal de Rio Branco do Sul","operator":"Rumo S/A","usage":"branch"},"geometry":{"type":"LineString","coordinates":[[-49.26711,-25.3438],[-49.2668,-25.34426],[-49.26628,-25.34565],[-49.26611,-25.3459],[-49.26556,-25.34613],[-49.26485,-25.34608],[-49.26454,-25.34615],[-49.2642,-25.3464],[-49.26402,-25.34679],[-49.26409,-25.34722],[-49.26466,-25.34798],[-49.26493,-25.34902],[-49.26502,-25.35135],[-49.26495,-25.35177],[-49.26413,-25.35302],[-49.26393,-25.3539],[-49.2637,-25.35439],[-49.26331,-25.35494],[-49.2632,-25.35534],[-49.2636,-25.35741],[-49.26349,-25.35885],[-49.26376,-25.35982],[-49.26364,-25.3608],[-49.2638,-25.36177]]}},{"type":"Feature","properties":{"name":"Ramal de Rio Branco do Sul","operator":"Rumo S/A","usage":"branch"},"geometry":{"type":"LineString","coordinates":[[-49.2638,-25.36177],[-49.2637,-25.36221],[-49.26319,-25.36275]]}},{"type":"Feature","properties":{"name":"Estrada de Ferro Engenheiro Bley","operator":"Rumo S/A","usage":"main"},"geometry":{"type":"LineString","coordinates":[[-48.93561,-25.43959],[-48.9356,-25.44004]]}},{"type":"Feature","properties":{"name":"Estrada de Ferro Engenheiro Bley","operator":"Rumo S/A","usage":"main"},"geometry":{"type":"LineString","coordinates":[[-48.9356,-25.44004],[-48.93565,-25.44016]]}},{"type":"Feature","properties":{"name":"Estrada de Ferro Engenheiro Bley","operator":"Rumo S/A","usage":"main"},"geometry":{"type":"LineString","coordinates":[[-48.93619,-25.42811],[-48.9361,-25.42865]]}},{"type":"Feature","properties":{"name":"Estrada de Ferro Engenheiro Bley","operator":"Rumo S/A","usage":"main"},"geometry":{"type":"LineString","coordinates":[[-48.93493,-25.42356],[-48.93467,-25.42356],[-48.93435,-25.42339]]}},{"type":"Feature","properties":{"name":"Estrada de Ferro Engenheiro Bley","operator":"Rumo S/A","usage":"main"},"geometry":{"type":"LineString","coordinates":[[-48.93435,-25.42339],[-48.93407,-25.4232],[-48.93367,-25.42251],[-48.93295,-25.42153]]}},{"type":"Feature","properties":{"name":"Estrada de Ferro Engenheiro Bley","operator":"Rumo S/A","usage":"main"},"geometry":{"type":"LineString","coordinates":[[-48.93114,-25.42101],[-48.93098,-25.42122],[-48.93094,-25.42163]]}},{"type":"Feature","properties":{"name":"Estrada de Ferro Engenheiro Bley","operator":"Rumo S/A","usage":"main"},"geometry":{"type":"LineString","coordinates":[[-48.93295,-25.42153],[-48.93235,-25.42103],[-48.93194,-25.42084],[-48.93161,-25.4208],[-48.93114,-25.42101]]}},{"type":"Feature","properties":{"name":"Tronco Principal Sul","operator":"Rumo S/A","usage":"main"},"geometry":{"type":"LineString","coordinates":[[-50.17343,-26.39016],[-50.17242,-26.38934],[-50.16984,-26.38749],[-50.16904,-26.38706],[-50.16848,-26.38695],[-50.16714,-26.38696],[-50.16641,-26.38715],[-50.1641,-26.38844],[-50.16317,-26.38857],[-50.1624,-26.38848],[-50.1616,-26.38821],[-50.16095,-26.38778],[-50.16038,-26.38705],[-50.15956,-26.38519],[-50.15923,-26.3848],[-50.1587,-26.38436],[-50.15716,-26.38349],[-50.1567,-26.38304],[-50.1562,-26.3823],[-50.15566,-26.38063],[-50.15497,-26.37967],[-50.15452,-26.37936],[-50.15197,-26.37817],[-50.15128,-26.37756],[-50.1509,-26.37698],[-50.1507,-26.37646],[-50.14942,-26.3721],[-50.14887,-26.37129],[-50.14861,-26.37102],[-50.14805,-26.37065],[-50.14734,-26.37043],[-50.14343,-26.36981],[-50.14054,-26.36944],[-50.13773,-26.36957],[-50.13518,-26.37012],[-50.1342,-26.37021],[-50.12996,-26.36939],[-50.12629,-26.36924],[-50.12558,-26.36905],[-50.12509,-26.3688],[-50.12445,-26.36816],[-50.12017,-26.36239],[-50.11889,-26.36107],[-50.11646,-26.35943],[-50.11519,-26.3589],[-50.11319,-26.35837],[-50.11078,-26.358]]}},{"type":"Feature","properties":{"name":"Tronco Principal Sul","operator":"Rumo S/A","usage":"main"},"geometry":{"type":"LineString","coordinates":[[-50.17353,-26.39025],[-50.17343,-26.39016]]}},{"type":"Feature","properties":{"name":"Tronco Principal Sul","operator":"Rumo S/A","usage":"main"},"geometry":{"type":"LineString","coordinates":[[-50.04695,-26.38762],[-50.04678,-26.38764]]}},{"type":"Feature","properties":{"name":"Tronco Principal Sul","operator":"Rumo S/A","usage":"main"},"geometry":{"type":"LineString","coordinates":[[-50.04678,-26.38764],[-50.0421,-26.38822],[-50.04103,-26.38806],[-50.04018,-26.38771],[-50.03973,-26.38743],[-50.03052,-26.37895]]}},{"type":"Feature","properties":{"name":"Tronco Principal Sul","operator":"Rumo S/A","usage":"main"},"geometry":{"type":"LineString","coordinates":[[-50.08812,-26.3547],[-50.08742,-26.35461]]}},{"type":"Feature","properties":{"name":"Tronco Principal Sul","operator":"Rumo S/A","usage":"main"},"geometry":{"type":"LineString","coordinates":[[-50.11036,-26.35795],[-50.08812,-26.3547]]}},{"type":"Feature","properties":{"name":"Ramal de São Francisco","operator":"Rumo S/A","usage":"main"},"geometry":{"type":"LineString","coordinates":[[-49.65247,-26.19937],[-49.65262,-26.19962]]}},{"type":"Feature","properties":{"name":"Ramal de São Francisco","operator":"Rumo S/A","usage":"main"},"geometry":{"type":"LineString","coordinates":[[-49.69043,-26.18508],[-49.69107,-26.18535],[-49.6932,-26.18725],[-49.6933,-26.1875],[-49.69329,-26.18826],[-49.69317,-26.18858],[-49.69292,-26.18892],[-49.69219,-26.18948],[-49.69047,-26.18991],[-49.6891,-26.1908],[-49.68851,-26.191],[-49.68788,-26.19094],[-49.6876,-26.19082],[-49.68348,-26.18882],[-49.68308,-26.1887],[-49.68229,-26.18869],[-49.68149,-26.18885],[-49.67652,-26.19065],[-49.67616,-26.19099],[-49.67551,-26.19199],[-49.67496,-26.19229],[-49.67417,-26.19237],[-49.67367,-26.19222],[-49.67315,-26.19189],[-49.6727,-26.19097],[-49.67258,-26.19053],[-49.67252,-26.18952],[-49.67272,-26.18792],[-49.67255,-26.18738],[-49.67206,-26.18695],[-49.67138,-26.18671],[-49.67097,-26.18672],[-49.67054,-26.18686],[-49.66873,-26.1881],[-49.66832,-26.18859],[-49.66755,-26.18992],[-49.66693,-26.19061],[-49.66509,-26.19242],[-49.66483,-26.19265],[-49.66442,-26.19285],[-49.66394,-26.19293],[-49.66349,-26.19288],[-49.66313,-26.19282],[-49.6628,-26.19263],[-49.66158,-26.19113],[-49.66129,-26.19089],[-49.66091,-26.19075],[-49.66052,-26.19072],[-49.65938,-26.19094],[-49.65666,-26.19176],[-49.65585,-26.19218],[-49.65537,-26.19253],[-49.65195,-26.19714],[-49.65177,-26.19751],[-49.65174,-26.19801],[-49.65194,-26.19856],[-49.65247,-26.19937]]}},{"type":"Feature","properties":{"name":"Ramal de São Francisco","operator":"Rumo S/A","usage":"main"},"geometry":{"type":"LineString","coordinates":[[-49.70649,-26.16],[-49.70579,-26.16028],[-49.7034,-26.16045],[-49.70277,-26.16056],[-49.70036,-26.16205],[-49.7,-26.16236],[-49.69978,-26.16281],[-49.69924,-26.16463],[-49.69924,-26.16496],[-49.69946,-26.16594],[-49.6993,-26.16655],[-49.69824,-26.16797],[-49.69673,-26.17135],[-49.69632,-26.17185],[-49.69607,-26.17199],[-49.69399,-26.1728],[-49.69335,-26.17321],[-49.69117,-26.17706],[-49.69062,-26.17769],[-49.68982,-26.1781],[-49.68893,-26.17824],[-49.68511,-26.17772],[-49.68333,-26.17786],[-49.68065,-26.17673],[-49.6802,-26.17664],[-49.67952,-26.17674],[-49.67923,-26.17688],[-49.67874,-26.17741],[-49.67864,-26.17825],[-49.67891,-26.17883],[-49.67932,-26.17918],[-49.68064,-26.17977],[-49.68099,-26.18016],[-49.68136,-26.18107],[-49.68169,-26.18146],[-49.68368,-26.1826],[-49.68412,-26.18277],[-49.68632,-26.18355],[-49.68803,-26.18377],[-49.68842,-26.1839],[-49.68957,-26.18481],[-49.6902,-26.18502]]}},{"type":"Feature","properties":{"name":"Ramal de São Francisco","operator":"Rumo S/A","usage":"main"},"geometry":{"type":"LineString","coordinates":[[-49.70673,-26.15983],[-49.70649,-26.16]]}},{"type":"Feature","properties":{"name":"Ramal de São Francisco","operator":"Rumo S/A","usage":"main"},"geometry":{"type":"LineString","coordinates":[[-49.75239,-26.13377],[-49.75189,-26.13423],[-49.75059,-26.13483],[-49.75017,-26.13534],[-49.75006,-26.13575],[-49.75011,-26.13783],[-49.75005,-26.13837],[-49.74958,-26.13986],[-49.74875,-26.14119],[-49.7477,-26.1419],[-49.74589,-26.14275],[-49.74518,-26.14298],[-49.7446,-26.14305],[-49.74409,-26.1429],[-49.7436,-26.14257],[-49.74183,-26.14059],[-49.74127,-26.14015],[-49.74089,-26.14004],[-49.74002,-26.14008],[-49.73966,-26.14023],[-49.73915,-26.14075],[-49.7388,-26.14194],[-49.73862,-26.14224],[-49.73759,-26.14287],[-49.73736,-26.14309],[-49.73717,-26.14335],[-49.73665,-26.14459],[-49.7364,-26.14494],[-49.73607,-26.14515],[-49.73576,-26.14527],[-49.73504,-26.14529],[-49.73158,-26.14433],[-49.73127,-26.14432],[-49.73052,-26.14462],[-49.7301,-26.14504],[-49.72993,-26.14547],[-49.72993,-26.14592],[-49.7308,-26.15063],[-49.73109,-26.15134],[-49.73169,-26.15186],[-49.73306,-26.15222],[-49.73603,-26.15375],[-49.73636,-26.15412],[-49.7366,-26.15462],[-49.73699,-26.15612],[-49.73853,-26.1586],[-49.73857,-26.15904],[-49.73843,-26.15958],[-49.7382,-26.16001],[-49.73707,-26.16144]]}},{"type":"Feature","properties":{"name":"Ramal de São Francisco","operator":"Rumo S/A","usage":"main"},"geometry":{"type":"LineString","coordinates":[[-49.75258,-26.13357],[-49.75239,-26.13377]]}},{"type":"Feature","properties":{"name":"Tronco Principal Sul","operator":"Rumo S/A","usage":"main"},"geometry":{"type":"LineString","coordinates":[[-49.80806,-26.09768],[-49.80726,-26.09717]]}},{"type":"Feature","properties":{"name":null,"operator":null,"usage":"freight"},"geometry":{"type":"LineString","coordinates":[[-48.91478,-25.43344],[-48.91391,-25.43346]]}},{"type":"Feature","properties":{"name":null,"operator":"Rumo S/A","usage":"freight"},"geometry":{"type":"LineString","coordinates":[[-48.91588,-25.4332],[-48.91526,-25.43344],[-48.91383,-25.4334],[-48.91325,-25.43323],[-48.91286,-25.43287],[-48.91273,-25.43246],[-48.91266,-25.43166],[-48.9125,-25.43133],[-48.91215,-25.43094],[-48.91178,-25.43078],[-48.91063,-25.43059],[-48.90992,-25.43001],[-48.90933,-25.42919],[-48.90904,-25.42906],[-48.90835,-25.42901]]}},{"type":"Feature","properties":{"name":null,"operator":"Rumo S/A","usage":null},"geometry":{"type":"LineString","coordinates":[[-48.91973,-25.43905],[-48.91859,-25.43954],[-48.91828,-25.43957],[-48.91741,-25.43945],[-48.91625,-25.43988],[-48.91574,-25.43994],[-48.91407,-25.43978],[-48.91315,-25.43924],[-48.91283,-25.43914],[-48.91074,-25.43936]]}},{"type":"Feature","properties":{"name":null,"operator":null,"usage":null},"geometry":{"type":"LineString","coordinates":[[-48.89341,-25.44752],[-48.89309,-25.4479],[-48.89248,-25.4483]]}},{"type":"Feature","properties":{"name":"Estrada de Ferro Engenheiro Bley","operator":"Rumo S/A","usage":"main"},"geometry":{"type":"LineString","coordinates":[[-48.89364,-25.44467],[-48.89363,-25.44529],[-48.89401,-25.44639],[-48.89385,-25.44693],[-48.89309,-25.44781],[-48.89284,-25.44799],[-48.89062,-25.44872],[-48.89026,-25.44894],[-48.88994,-25.4494],[-48.88957,-25.45076]]}},{"type":"Feature","properties":{"name":"Estrada de Ferro Engenheiro Bley","operator":"Rumo S/A","usage":"main"},"geometry":{"type":"LineString","coordinates":[[-48.89366,-25.44457],[-48.89364,-25.44467]]}},{"type":"Feature","properties":{"name":"Estrada de Ferro Engenheiro Bley","operator":"Rumo S/A","usage":"main"},"geometry":{"type":"LineString","coordinates":[[-48.89363,-25.44472],[-48.89368,-25.44537],[-48.89404,-25.44639],[-48.89389,-25.44695],[-48.8929,-25.448],[-48.89064,-25.44875],[-48.89029,-25.44896],[-48.88994,-25.4495],[-48.88962,-25.45057]]}},{"type":"Feature","properties":{"name":"Estrada de Ferro Engenheiro Bley","operator":"Rumo S/A","usage":"main"},"geometry":{"type":"LineString","coordinates":[[-48.90112,-25.43929],[-48.901,-25.43943]]}},{"type":"Feature","properties":{"name":"Estrada de Ferro Engenheiro Bley","operator":"Rumo S/A","usage":"main"},"geometry":{"type":"LineString","coordinates":[[-48.90288,-25.43775],[-48.90265,-25.43812],[-48.90169,-25.43867],[-48.90112,-25.43929]]}},{"type":"Feature","properties":{"name":"Estrada de Ferro Engenheiro Bley","operator":"Rumo S/A","usage":"main"},"geometry":{"type":"LineString","coordinates":[[-48.89772,-25.44349],[-48.89765,-25.44367]]}},{"type":"Feature","properties":{"name":"Estrada de Ferro Engenheiro Bley","operator":"Rumo S/A","usage":"main"},"geometry":{"type":"LineString","coordinates":[[-48.89774,-25.44336],[-48.89772,-25.44349]]}},{"type":"Feature","properties":{"name":null,"operator":"Rumo S/A","usage":null},"geometry":{"type":"LineString","coordinates":[[-48.97932,-25.4403],[-48.97926,-25.4399],[-48.97942,-25.43948],[-48.98107,-25.4379]]}},{"type":"Feature","properties":{"name":null,"operator":"Rumo S/A","usage":null},"geometry":{"type":"LineString","coordinates":[[-48.97226,-25.43568],[-48.9727,-25.43623],[-48.97308,-25.43643],[-48.97433,-25.4364],[-48.97469,-25.43651],[-48.97548,-25.43699],[-48.97711,-25.43693],[-48.97773,-25.43719],[-48.97809,-25.43767],[-48.97951,-25.44073],[-48.97971,-25.44135]]}},{"type":"Feature","properties":{"name":"Estrada de Ferro Engenheiro Bley","operator":"Rumo S/A","usage":"main"},"geometry":{"type":"LineString","coordinates":[[-48.98285,-25.44671],[-48.98292,-25.44688]]}},{"type":"Feature","properties":{"name":null,"operator":"Rumo S/A","usage":null},"geometry":{"type":"LineString","coordinates":[[-49.01576,-25.47274],[-49.01675,-25.47287]]}},{"type":"Feature","properties":{"name":null,"operator":"Rumo S/A","usage":null},"geometry":{"type":"LineString","coordinates":[[-49.01334,-25.472],[-49.01684,-25.47309],[-49.01734,-25.47334]]}},{"type":"Feature","properties":{"name":null,"operator":"Rumo S/A","usage":null},"geometry":{"type":"LineString","coordinates":[[-49.0141,-25.4714],[-49.01421,-25.47178],[-49.01448,-25.47213],[-49.01547,-25.47265]]}},{"type":"Feature","properties":{"name":"Estrada de Ferro Engenheiro Bley","operator":"Rumo S/A","usage":null},"geometry":{"type":"LineString","coordinates":[[-48.97004,-25.41749],[-48.96916,-25.41806],[-48.96893,-25.41838],[-48.96853,-25.41953],[-48.9684,-25.42056],[-48.96824,-25.4209],[-48.96807,-25.42106],[-48.96704,-25.42154],[-48.96576,-25.42299],[-48.96395,-25.42379]]}},{"type":"Feature","properties":{"name":"Estrada de Ferro Engenheiro Bley","operator":"Rumo S/A","usage":"main"},"geometry":{"type":"LineString","coordinates":[[-48.93126,-25.44124],[-48.93105,-25.44074],[-48.93083,-25.4405],[-48.92946,-25.44007],[-48.92823,-25.43916],[-48.92771,-25.43897],[-48.92598,-25.43878],[-48.9256,-25.43865],[-48.92534,-25.43846]]}},{"type":"Feature","properties":{"name":"Estrada de Ferro Engenheiro Bley","operator":"Rumo S/A","usage":"main"},"geometry":{"type":"LineString","coordinates":[[-48.93136,-25.44154],[-48.93126,-25.44124]]}},{"type":"Feature","properties":{"name":null,"operator":"Rumo S/A","usage":null},"geometry":{"type":"LineString","coordinates":[[-48.62706,-25.55415],[-48.62709,-25.55176]]}},{"type":"Feature","properties":{"name":"Ferrovia Conde Francisco Matarazzo","operator":null,"usage":"branch"},"geometry":{"type":"LineString","coordinates":[[-48.71944,-25.43159],[-48.71888,-25.43154],[-48.71838,-25.43167],[-48.71626,-25.43283]]}},{"type":"Feature","properties":{"name":"Tronco Principal Sul","operator":"Rumo S/A","usage":"main"},"geometry":{"type":"LineString","coordinates":[[-48.07488,-23.58153],[-48.07535,-23.58167],[-48.07583,-23.58199],[-48.07682,-23.58337],[-48.07745,-23.58376]]}},{"type":"Feature","properties":{"name":"Tronco Principal Sul","operator":"Rumo S/A","usage":"main"},"geometry":{"type":"LineString","coordinates":[[-48.07745,-23.58376],[-48.07753,-23.58379]]}},{"type":"Feature","properties":{"name":"Ramal de Curitiba","operator":"Rumo S/A","usage":"branch"},"geometry":{"type":"LineString","coordinates":[[-49.25384,-25.43595],[-49.25306,-25.43581],[-49.24961,-25.43584],[-49.24763,-25.43623],[-49.24486,-25.43702],[-49.24209,-25.4375],[-49.23973,-25.4377],[-49.23914,-25.43795],[-49.23866,-25.43836],[-49.23612,-25.44165],[-49.23538,-25.44197],[-49.23373,-25.44199]]}},{"type":"Feature","properties":{"name":"Ramal de Curitiba","operator":"Rumo S/A","usage":"branch"},"geometry":{"type":"LineString","coordinates":[[-49.20072,-25.44331],[-49.20056,-25.4433]]}},{"type":"Feature","properties":{"name":"Ramal de Rio Branco do Sul","operator":"Rumo S/A","usage":"branch"},"geometry":{"type":"LineString","coordinates":[[-49.2757,-25.31588],[-49.27574,-25.31626],[-49.27596,-25.31657],[-49.27643,-25.31678],[-49.27711,-25.3168],[-49.27744,-25.31689],[-49.27839,-25.31796],[-49.27938,-25.31839],[-49.27972,-25.31873],[-49.27981,-25.31922],[-49.27964,-25.31956],[-49.27918,-25.32014],[-49.27909,-25.32045],[-49.27928,-25.32121],[-49.2793,-25.32164],[-49.27916,-25.32197],[-49.27844,-25.32289],[-49.27834,-25.32323],[-49.27841,-25.32403],[-49.27794,-25.32471],[-49.27745,-25.32595],[-49.27725,-25.3262],[-49.27673,-25.32642],[-49.27505,-25.32634],[-49.27447,-25.32638],[-49.27416,-25.32653],[-49.27392,-25.32677],[-49.27377,-25.32725],[-49.27378,-25.32816],[-49.27363,-25.32849],[-49.2734,-25.3287],[-49.27316,-25.32912],[-49.27305,-25.33061],[-49.27254,-25.3314],[-49.27245,-25.33174],[-49.27253,-25.33217],[-49.27299,-25.33283],[-49.27301,-25.33334],[-49.27274,-25.3337],[-49.27165,-25.33412],[-49.27124,-25.33449],[-49.27117,-25.33477],[-49.27134,-25.33564],[-49.27133,-25.33602],[-49.27116,-25.33637],[-49.27053,-25.33708],[-49.27044,-25.33739],[-49.27068,-25.33907],[-49.27063,-25.33944],[-49.27044,-25.33982],[-49.26892,-25.34168],[-49.26798,-25.34254],[-49.26739,-25.34349]]}},{"type":"Feature","properties":{"name":"Ramal de Rio Branco do Sul","operator":"Rumo S/A","usage":"branch"},"geometry":{"type":"LineString","coordinates":[[-49.29489,-25.30551],[-49.29485,-25.3057]]}},{"type":"Feature","properties":{"name":null,"operator":null,"usage":null},"geometry":{"type":"LineString","coordinates":[[-49.2999,-25.26858],[-49.30102,-25.26828],[-49.30146,-25.26808],[-49.30213,-25.26762],[-49.30283,-25.26674]]}},{"type":"Feature","properties":{"name":null,"operator":null,"usage":null},"geometry":{"type":"LineString","coordinates":[[-49.19983,-25.4822],[-49.20011,-25.48441],[-49.20041,-25.48571],[-49.20087,-25.48717],[-49.20173,-25.48935]]}},{"type":"Feature","properties":{"name":null,"operator":null,"usage":null},"geometry":{"type":"LineString","coordinates":[[-49.23365,-25.53496],[-49.23384,-25.53517]]}},{"type":"Feature","properties":{"name":null,"operator":null,"usage":null},"geometry":{"type":"LineString","coordinates":[[-49.23384,-25.53517],[-49.23413,-25.53547],[-49.23534,-25.5372]]}},{"type":"Feature","properties":{"name":null,"operator":null,"usage":null},"geometry":{"type":"LineString","coordinates":[[-49.23782,-25.54118],[-49.23957,-25.54298]]}},{"type":"Feature","properties":{"name":null,"operator":null,"usage":null},"geometry":{"type":"LineString","coordinates":[[-49.23782,-25.54118],[-49.23798,-25.54133]]}},{"type":"Feature","properties":{"name":null,"operator":null,"usage":null},"geometry":{"type":"LineString","coordinates":[[-49.23798,-25.54133],[-49.23922,-25.54246],[-49.23947,-25.54283]]}},{"type":"Feature","properties":{"name":null,"operator":null,"usage":null},"geometry":{"type":"LineString","coordinates":[[-49.23947,-25.54283],[-49.23957,-25.54298]]}},{"type":"Feature","properties":{"name":null,"operator":null,"usage":null},"geometry":{"type":"LineString","coordinates":[[-49.23947,-25.54283],[-49.23798,-25.54133]]}},{"type":"Feature","properties":{"name":null,"operator":null,"usage":null},"geometry":{"type":"LineString","coordinates":[[-49.23957,-25.54298],[-49.23963,-25.54306]]}},{"type":"Feature","properties":{"name":null,"operator":null,"usage":null},"geometry":{"type":"LineString","coordinates":[[-49.23849,-25.54241],[-49.24092,-25.5445]]}},{"type":"Feature","properties":{"name":null,"operator":null,"usage":null},"geometry":{"type":"LineString","coordinates":[[-49.23799,-25.54176],[-49.23771,-25.54146]]}},{"type":"Feature","properties":{"name":null,"operator":null,"usage":null},"geometry":{"type":"LineString","coordinates":[[-49.23661,-25.5403],[-49.23643,-25.54013]]}},{"type":"Feature","properties":{"name":null,"operator":null,"usage":null},"geometry":{"type":"LineString","coordinates":[[-49.23771,-25.54146],[-49.23741,-25.54109]]}},{"type":"Feature","properties":{"name":null,"operator":null,"usage":null},"geometry":{"type":"LineString","coordinates":[[-49.23741,-25.54109],[-49.23727,-25.54095]]}},{"type":"Feature","properties":{"name":null,"operator":null,"usage":null},"geometry":{"type":"LineString","coordinates":[[-49.23727,-25.54095],[-49.23711,-25.54079]]}},{"type":"Feature","properties":{"name":null,"operator":null,"usage":null},"geometry":{"type":"LineString","coordinates":[[-49.23711,-25.54079],[-49.23692,-25.54061]]}},{"type":"Feature","properties":{"name":null,"operator":null,"usage":null},"geometry":{"type":"LineString","coordinates":[[-49.23692,-25.54061],[-49.23679,-25.54047]]}},{"type":"Feature","properties":{"name":null,"operator":null,"usage":null},"geometry":{"type":"LineString","coordinates":[[-49.23679,-25.54047],[-49.23661,-25.5403]]}},{"type":"Feature","properties":{"name":null,"operator":null,"usage":null},"geometry":{"type":"LineString","coordinates":[[-49.23643,-25.54013],[-49.23438,-25.53708]]}},{"type":"Feature","properties":{"name":null,"operator":null,"usage":null},"geometry":{"type":"LineString","coordinates":[[-49.23643,-25.54013],[-49.23619,-25.53989],[-49.235,-25.53819]]}},{"type":"Feature","properties":{"name":null,"operator":null,"usage":null},"geometry":{"type":"LineString","coordinates":[[-49.23661,-25.5403],[-49.23438,-25.53708]]}},{"type":"Feature","properties":{"name":null,"operator":null,"usage":null},"geometry":{"type":"LineString","coordinates":[[-49.23679,-25.54047],[-49.23121,-25.53242]]}},{"type":"Feature","properties":{"name":null,"operator":null,"usage":null},"geometry":{"type":"LineString","coordinates":[[-49.23344,-25.53572],[-49.23121,-25.53242]]}},{"type":"Feature","properties":{"name":null,"operator":null,"usage":null},"geometry":{"type":"LineString","coordinates":[[-49.23391,-25.53647],[-49.23379,-25.53623]]}},{"type":"Feature","properties":{"name":null,"operator":null,"usage":null},"geometry":{"type":"LineString","coordinates":[[-49.23277,-25.53769],[-49.23329,-25.53756]]}},{"type":"Feature","properties":{"name":null,"operator":null,"usage":null},"geometry":{"type":"LineString","coordinates":[[-49.23391,-25.53647],[-49.23425,-25.53729],[-49.23434,-25.53822]]}},{"type":"Feature","properties":{"name":null,"operator":null,"usage":null},"geometry":{"type":"LineString","coordinates":[[-49.23434,-25.53822],[-49.23436,-25.53841]]}},{"type":"Feature","properties":{"name":null,"operator":null,"usage":null},"geometry":{"type":"LineString","coordinates":[[-49.23436,-25.53841],[-49.23434,-25.53884]]}},{"type":"Feature","properties":{"name":null,"operator":null,"usage":null},"geometry":{"type":"LineString","coordinates":[[-49.23512,-25.54029],[-49.2345,-25.53969],[-49.23436,-25.53934],[-49.23434,-25.53884]]}},{"type":"Feature","properties":{"name":null,"operator":null,"usage":null},"geometry":{"type":"LineString","coordinates":[[-49.23787,-25.54206],[-49.23849,-25.54241]]}},{"type":"Feature","properties":{"name":null,"operator":null,"usage":null},"geometry":{"type":"LineString","coordinates":[[-49.2352,-25.54016],[-49.23687,-25.54136]]}},{"type":"Feature","properties":{"name":null,"operator":null,"usage":null},"geometry":{"type":"LineString","coordinates":[[-49.23687,-25.54136],[-49.2352,-25.54016]]}},{"type":"Feature","properties":{"name":null,"operator":null,"usage":null},"geometry":{"type":"LineString","coordinates":[[-49.23434,-25.53884],[-49.2344,-25.5393],[-49.23456,-25.53964],[-49.2352,-25.54016]]}},{"type":"Feature","properties":{"name":null,"operator":null,"usage":null},"geometry":{"type":"LineString","coordinates":[[-49.23512,-25.54029],[-49.23652,-25.54129],[-49.23736,-25.54178]]}},{"type":"Feature","properties":{"name":null,"operator":null,"usage":null},"geometry":{"type":"LineString","coordinates":[[-49.23736,-25.54178],[-49.23787,-25.54206]]}},{"type":"Feature","properties":{"name":null,"operator":null,"usage":null},"geometry":{"type":"LineString","coordinates":[[-49.24344,-25.54611],[-49.24373,-25.54628]]}},{"type":"Feature","properties":{"name":null,"operator":null,"usage":null},"geometry":{"type":"LineString","coordinates":[[-49.24344,-25.54611],[-49.2419,-25.54521],[-49.2397,-25.54336]]}},{"type":"Feature","properties":{"name":null,"operator":null,"usage":null},"geometry":{"type":"LineString","coordinates":[[-49.2397,-25.54336],[-49.23816,-25.54186],[-49.23688,-25.53972],[-49.23167,-25.53215],[-49.23083,-25.53127],[-49.23016,-25.53035]]}},{"type":"Feature","properties":{"name":null,"operator":null,"usage":null},"geometry":{"type":"LineString","coordinates":[[-49.23365,-25.53496],[-49.23171,-25.53213],[-49.23087,-25.53125],[-49.23016,-25.53035]]}},{"type":"Feature","properties":{"name":null,"operator":null,"usage":null},"geometry":{"type":"LineString","coordinates":[[-49.23016,-25.53035],[-49.22993,-25.5301]]}},{"type":"Feature","properties":{"name":null,"operator":null,"usage":null},"geometry":{"type":"LineString","coordinates":[[-49.2397,-25.54336],[-49.23867,-25.54246]]}},{"type":"Feature","properties":{"name":null,"operator":null,"usage":null},"geometry":{"type":"LineString","coordinates":[[-49.23867,-25.54246],[-49.23888,-25.5427]]}},{"type":"Feature","properties":{"name":null,"operator":null,"usage":null},"geometry":{"type":"LineString","coordinates":[[-49.23867,-25.54246],[-49.23821,-25.54199],[-49.23763,-25.54117]]}},{"type":"Feature","properties":{"name":null,"operator":null,"usage":null},"geometry":{"type":"LineString","coordinates":[[-49.23763,-25.54117],[-49.23079,-25.5313]]}},{"type":"Feature","properties":{"name":null,"operator":null,"usage":null},"geometry":{"type":"LineString","coordinates":[[-49.23763,-25.54117],[-49.23743,-25.54081]]}},{"type":"Feature","properties":{"name":null,"operator":null,"usage":null},"geometry":{"type":"LineString","coordinates":[[-49.23714,-25.54025],[-49.23686,-25.53974],[-49.23163,-25.53217],[-49.23126,-25.53176]]}},{"type":"Feature","properties":{"name":null,"operator":null,"usage":null},"geometry":{"type":"LineString","coordinates":[[-49.23126,-25.53176],[-49.23714,-25.54025]]}},{"type":"Feature","properties":{"name":null,"operator":null,"usage":null},"geometry":{"type":"LineString","coordinates":[[-49.2373,-25.54055],[-49.23714,-25.54025]]}},{"type":"Feature","properties":{"name":null,"operator":null,"usage":null},"geometry":{"type":"LineString","coordinates":[[-49.2373,-25.54055],[-49.23111,-25.53162]]}},{"type":"Feature","properties":{"name":null,"operator":null,"usage":null},"geometry":{"type":"LineString","coordinates":[[-49.23126,-25.53176],[-49.23111,-25.53162]]}},{"type":"Feature","properties":{"name":null,"operator":null,"usage":null},"geometry":{"type":"LineString","coordinates":[[-49.23111,-25.53162],[-49.23096,-25.53147]]}},{"type":"Feature","properties":{"name":null,"operator":null,"usage":null},"geometry":{"type":"LineString","coordinates":[[-49.23096,-25.53147],[-49.23743,-25.54081]]}},{"type":"Feature","properties":{"name":null,"operator":null,"usage":null},"geometry":{"type":"LineString","coordinates":[[-49.23096,-25.53147],[-49.23079,-25.5313]]}},{"type":"Feature","properties":{"name":null,"operator":null,"usage":null},"geometry":{"type":"LineString","coordinates":[[-49.23079,-25.5313],[-49.23067,-25.53116]]}},{"type":"Feature","properties":{"name":null,"operator":null,"usage":null},"geometry":{"type":"LineString","coordinates":[[-49.23743,-25.54081],[-49.2373,-25.54055]]}},{"type":"Feature","properties":{"name":null,"operator":null,"usage":null},"geometry":{"type":"LineString","coordinates":[[-49.22968,-25.52973],[-49.23016,-25.53051]]}},{"type":"Feature","properties":{"name":null,"operator":null,"usage":null},"geometry":{"type":"LineString","coordinates":[[-49.23029,-25.53073],[-49.23016,-25.53051]]}},{"type":"Feature","properties":{"name":null,"operator":null,"usage":null},"geometry":{"type":"LineString","coordinates":[[-49.2311,-25.5324],[-49.23062,-25.53165],[-49.23029,-25.53073]]}},{"type":"Feature","properties":{"name":null,"operator":null,"usage":null},"geometry":{"type":"LineString","coordinates":[[-49.2311,-25.5324],[-49.23146,-25.53303]]}},{"type":"Feature","properties":{"name":null,"operator":null,"usage":null},"geometry":{"type":"LineString","coordinates":[[-49.23146,-25.53303],[-49.23194,-25.53371]]}},{"type":"Feature","properties":{"name":null,"operator":null,"usage":null},"geometry":{"type":"LineString","coordinates":[[-49.23146,-25.53303],[-49.2317,-25.5335]]}},{"type":"Feature","properties":{"name":null,"operator":null,"usage":null},"geometry":{"type":"LineString","coordinates":[[-49.23064,-25.5315],[-49.23121,-25.53242]]}},{"type":"Feature","properties":{"name":null,"operator":null,"usage":null},"geometry":{"type":"LineString","coordinates":[[-49.23315,-25.53542],[-49.23344,-25.53572]]}},{"type":"Feature","properties":{"name":null,"operator":null,"usage":null},"geometry":{"type":"LineString","coordinates":[[-49.23438,-25.53708],[-49.23344,-25.53572]]}},{"type":"Feature","properties":{"name":null,"operator":null,"usage":null},"geometry":{"type":"LineString","coordinates":[[-49.23041,-25.53096],[-49.23741,-25.54109]]}},{"type":"Feature","properties":{"name":null,"operator":null,"usage":null},"geometry":{"type":"LineString","coordinates":[[-49.23029,-25.53073],[-49.23041,-25.53096]]}},{"type":"Feature","properties":{"name":null,"operator":null,"usage":null},"geometry":{"type":"LineString","coordinates":[[-49.23041,-25.53096],[-49.23055,-25.53128]]}},{"type":"Feature","properties":{"name":null,"operator":null,"usage":null},"geometry":{"type":"LineString","coordinates":[[-49.23045,-25.53106],[-49.23727,-25.54095]]}},{"type":"Feature","properties":{"name":null,"operator":null,"usage":null},"geometry":{"type":"LineString","coordinates":[[-49.23711,-25.54079],[-49.23055,-25.53128]]}},{"type":"Feature","properties":{"name":null,"operator":null,"usage":null},"geometry":{"type":"LineString","coordinates":[[-49.23055,-25.53128],[-49.23064,-25.5315]]}},{"type":"Feature","properties":{"name":null,"operator":"Rumo S/A","usage":"main"},"geometry":{"type":"LineString","coordinates":[[-48.83066,-25.48363],[-48.83023,-25.48603]]}},{"type":"Feature","properties":{"name":null,"operator":"Rumo S/A","usage":"main"},"geometry":{"type":"LineString","coordinates":[[-48.83067,-25.48357],[-48.83066,-25.48363]]}},{"type":"Feature","properties":{"name":"Ramal de Rio Branco do Sul","operator":"Rumo S/A","usage":"branch"},"geometry":{"type":"LineString","coordinates":[[-49.32212,-25.20951],[-49.32196,-25.21],[-49.32148,-25.21031],[-49.32106,-25.21035],[-49.32036,-25.21012],[-49.31997,-25.21013],[-49.31959,-25.21029],[-49.31936,-25.21053],[-49.31927,-25.21082],[-49.31939,-25.21131],[-49.31979,-25.21164],[-49.32051,-25.21183]]}},{"type":"Feature","properties":{"name":"Ramal de Rio Branco do Sul","operator":"Rumo S/A","usage":"branch"},"geometry":{"type":"LineString","coordinates":[[-49.3166,-25.19651],[-49.31668,-25.19678],[-49.31654,-25.19828],[-49.31642,-25.19881],[-49.316,-25.19952],[-49.31602,-25.20003],[-49.31624,-25.20035],[-49.31702,-25.20101],[-49.31736,-25.20164],[-49.31766,-25.20184],[-49.31837,-25.20207],[-49.31864,-25.20237],[-49.31873,-25.20272],[-49.31867,-25.20336],[-49.31948,-25.2051],[-49.31948,-25.20541],[-49.31928,-25.20605],[-49.31933,-25.20642],[-49.31993,-25.20731],[-49.32016,-25.20809],[-49.32033,-25.20839],[-49.32055,-25.20855],[-49.32149,-25.2087],[-49.32176,-25.20883],[-49.32204,-25.20915],[-49.32212,-25.20951]]}},{"type":"Feature","properties":{"name":"Ramal de Rio Branco do Sul","operator":"Rumo S/A","usage":"branch"},"geometry":{"type":"LineString","coordinates":[[-49.31769,-25.19438],[-49.31753,-25.19469],[-49.31666,-25.19555],[-49.31651,-25.19595],[-49.3166,-25.19651]]}},{"type":"Feature","properties":{"name":"Ramal de Rio Branco do Sul","operator":"Rumo S/A","usage":"branch"},"geometry":{"type":"LineString","coordinates":[[-49.32083,-25.19216],[-49.32019,-25.19205],[-49.31943,-25.19207],[-49.31875,-25.19231],[-49.31846,-25.19255],[-49.3178,-25.19343],[-49.3177,-25.19382],[-49.31769,-25.19438]]}},{"type":"Feature","properties":{"name":"Ramal de Rio Branco do Sul","operator":"Rumo S/A","usage":"branch"},"geometry":{"type":"LineString","coordinates":[[-49.29776,-25.27007],[-49.29781,-25.27114],[-49.29769,-25.27153],[-49.29745,-25.27181]]}},{"type":"Feature","properties":{"name":"Ramal de Rio Branco do Sul","operator":"Rumo S/A","usage":"branch"},"geometry":{"type":"LineString","coordinates":[[-49.3345,-25.24028],[-49.33318,-25.24192],[-49.33291,-25.2422],[-49.33238,-25.24254],[-49.32159,-25.24655],[-49.32067,-25.247],[-49.3176,-25.24999],[-49.31739,-25.25035],[-49.31711,-25.25131],[-49.31688,-25.25163],[-49.31563,-25.25265],[-49.31472,-25.25281],[-49.3143,-25.25296],[-49.31402,-25.25325],[-49.31375,-25.25397],[-49.31342,-25.25436],[-49.30927,-25.2564],[-49.30732,-25.25688],[-49.30687,-25.25714],[-49.30645,-25.25776],[-49.30625,-25.25952],[-49.3059,-25.26033],[-49.30524,-25.2636],[-49.30494,-25.26422],[-49.30383,-25.26524],[-49.30329,-25.26618],[-49.30208,-25.26757],[-49.30143,-25.26803],[-49.30099,-25.26823],[-49.29901,-25.26887],[-49.29803,-25.26949],[-49.29782,-25.26977],[-49.29776,-25.27007]]}},{"type":"Feature","properties":{"name":"Ramal de Rio Branco do Sul","operator":"Rumo S/A","usage":"branch"},"geometry":{"type":"LineString","coordinates":[[-49.29745,-25.27181],[-49.29562,-25.27234],[-49.29509,-25.27257],[-49.2949,-25.27273],[-49.29476,-25.273],[-49.29468,-25.27404],[-49.29433,-25.27494],[-49.29407,-25.27526],[-49.29316,-25.27573],[-49.29276,-25.2764],[-49.29249,-25.27669],[-49.29205,-25.27683],[-49.29114,-25.27693],[-49.28995,-25.27751],[-49.28891,-25.27743],[-49.28809,-25.27759],[-49.28729,-25.27785],[-49.28694,-25.2782],[-49.28655,-25.27906]]}},{"type":"Feature","properties":{"name":"Ramal de Rio Branco do Sul","operator":"Rumo S/A","usage":"branch"},"geometry":{"type":"LineString","coordinates":[[-49.28655,-25.27906],[-49.28623,-25.27948],[-49.28511,-25.28031],[-49.28496,-25.28081],[-49.2852,-25.28129],[-49.28562,-25.28152],[-49.28606,-25.28153],[-49.28694,-25.28101],[-49.28735,-25.28099],[-49.28757,-25.28106],[-49.28877,-25.28181],[-49.28939,-25.28241],[-49.28977,-25.28265],[-49.29081,-25.28287],[-49.29141,-25.2832],[-49.2916,-25.28346],[-49.29169,-25.28376],[-49.29158,-25.28424]]}},{"type":"Feature","properties":{"name":"Ramal de Rio Branco do Sul","operator":"Rumo S/A","usage":"branch"},"geometry":{"type":"LineString","coordinates":[[-49.28386,-25.31184],[-49.28346,-25.31174],[-49.28311,-25.31182],[-49.28103,-25.31299],[-49.27894,-25.3139],[-49.27771,-25.31418],[-49.27683,-25.31488],[-49.27589,-25.31545],[-49.2757,-25.31588]]}},{"type":"Feature","properties":{"name":"Ramal de Rio Branco do Sul","operator":"Rumo S/A","usage":"branch"},"geometry":{"type":"LineString","coordinates":[[-49.2903,-25.30787],[-49.29001,-25.30814],[-49.28993,-25.30832],[-49.2899,-25.30869],[-49.29004,-25.30905],[-49.29023,-25.30926],[-49.29068,-25.30942],[-49.2916,-25.30935],[-49.29221,-25.30952],[-49.29253,-25.30994],[-49.29256,-25.3103],[-49.29246,-25.31053],[-49.29216,-25.31083],[-49.29165,-25.31094],[-49.29044,-25.31055],[-49.28922,-25.31047],[-49.28708,-25.31103],[-49.28678,-25.31142],[-49.28674,-25.31171],[-49.28691,-25.31214],[-49.28727,-25.31265],[-49.28737,-25.31353],[-49.28719,-25.31392],[-49.28673,-25.3142]]}},{"type":"Feature","properties":{"name":null,"operator":"Rumo S/A","usage":"main"},"geometry":{"type":"LineString","coordinates":[[-49.30821,-25.562],[-49.30796,-25.56207]]}},{"type":"Feature","properties":{"name":null,"operator":"Rumo S/A","usage":"main"},"geometry":{"type":"LineString","coordinates":[[-49.34344,-25.55233],[-49.34323,-25.55236]]}},{"type":"Feature","properties":{"name":"Ramal de Rio Branco do Sul","operator":"Rumo S/A","usage":"branch"},"geometry":{"type":"LineString","coordinates":[[-49.28673,-25.3142],[-49.28629,-25.31422],[-49.28597,-25.31409],[-49.28536,-25.31354],[-49.28485,-25.3132],[-49.28452,-25.31267]]}},{"type":"Feature","properties":{"name":"Ramal de Rio Branco do Sul","operator":"Rumo S/A","usage":"branch"},"geometry":{"type":"LineString","coordinates":[[-49.29485,-25.3057],[-49.29475,-25.30607],[-49.29464,-25.3062],[-49.29377,-25.30663],[-49.29295,-25.30754],[-49.29248,-25.30764],[-49.29103,-25.3077],[-49.2903,-25.30787]]}},{"type":"Feature","properties":{"name":"Estrada de Ferro Engenheiro Bley","operator":"Rumo S/A","usage":"main"},"geometry":{"type":"LineString","coordinates":[[-48.8882,-25.45735],[-48.8882,-25.45775],[-48.88806,-25.45818],[-48.88673,-25.45969],[-48.88586,-25.46163],[-48.88513,-25.46262],[-48.8849,-25.46323]]}},{"type":"Feature","properties":{"name":"Estrada de Ferro Engenheiro Bley","operator":"Rumo S/A","usage":"main"},"geometry":{"type":"LineString","coordinates":[[-48.88813,-25.45695],[-48.8882,-25.45735]]}},{"type":"Feature","properties":{"name":null,"operator":null,"usage":null},"geometry":{"type":"LineString","coordinates":[[-50.75008,-24.23326],[-50.75616,-24.2385],[-50.7588,-24.23979]]}},{"type":"Feature","properties":{"name":null,"operator":null,"usage":null},"geometry":{"type":"LineString","coordinates":[[-50.7589,-24.23983],[-50.75971,-24.24018],[-50.76024,-24.24028],[-50.76213,-24.23988],[-50.76324,-24.23975],[-50.76357,-24.23982],[-50.7654,-24.24082]]}},{"type":"Feature","properties":{"name":null,"operator":null,"usage":null},"geometry":{"type":"LineString","coordinates":[[-50.7588,-24.23979],[-50.7589,-24.23983]]}},{"type":"Feature","properties":{"name":null,"operator":"Rumo S/A","usage":"main"},"geometry":{"type":"LineString","coordinates":[[-48.68207,-25.52215],[-48.67995,-25.52264],[-48.67945,-25.52267],[-48.67901,-25.5226],[-48.67738,-25.52199],[-48.67638,-25.52196],[-48.6756,-25.52222],[-48.67397,-25.52326]]}},{"type":"Feature","properties":{"name":null,"operator":"Rumo S/A","usage":"main"},"geometry":{"type":"LineString","coordinates":[[-48.67397,-25.52326],[-48.6739,-25.52331]]}},{"type":"Feature","properties":{"name":"Terminal Bracell","operator":null,"usage":null},"geometry":{"type":"LineString","coordinates":[[-48.72885,-22.34363],[-48.72675,-22.34192],[-48.72632,-22.34169],[-48.72574,-22.34158],[-48.72551,-22.34161],[-48.72476,-22.34194],[-48.72441,-22.34233],[-48.7197,-22.34969],[-48.71832,-22.35237]]}},{"type":"Feature","properties":{"name":"Ramal de Antonina","operator":"Rumo S/A","usage":"branch"},"geometry":{"type":"LineString","coordinates":[[-48.79134,-25.46164],[-48.79201,-25.46159],[-48.79254,-25.46143],[-48.79303,-25.46112],[-48.79417,-25.45955],[-48.79446,-25.45929],[-48.797,-25.45767],[-48.79973,-25.45721],[-48.80023,-25.45725],[-48.80075,-25.45739],[-48.80249,-25.45814]]}},{"type":"Feature","properties":{"name":"Ramal de Antonina","operator":"Rumo S/A","usage":"branch"},"geometry":{"type":"LineString","coordinates":[[-48.79107,-25.46161],[-48.79134,-25.46164]]}},{"type":"Feature","properties":{"name":"Ramal de Rio Branco do Sul","operator":"Rumo S/A","usage":"branch"},"geometry":{"type":"LineString","coordinates":[[-49.28452,-25.31267],[-49.28424,-25.31213],[-49.28386,-25.31184]]}},{"type":"Feature","properties":{"name":null,"operator":"Rumo S/A","usage":null},"geometry":{"type":"LineString","coordinates":[[-51.41632,-23.58086],[-51.40932,-23.58408],[-51.40877,-23.58443],[-51.40815,-23.58516],[-51.40786,-23.58586],[-51.40778,-23.58659],[-51.40798,-23.58748]]}},{"type":"Feature","properties":{"name":null,"operator":null,"usage":null},"geometry":{"type":"LineString","coordinates":[[-51.46888,-23.54788],[-51.46971,-23.54803]]}},{"type":"Feature","properties":{"name":null,"operator":"Rumo S/A","usage":null},"geometry":{"type":"LineString","coordinates":[[-51.47209,-23.54857],[-51.47247,-23.54896]]}},{"type":"Feature","properties":{"name":null,"operator":"Rumo S/A","usage":null},"geometry":{"type":"LineString","coordinates":[[-51.47689,-23.55172],[-51.47643,-23.55152]]}},{"type":"Feature","properties":{"name":"Tronco Principal Sul","operator":"Rumo S/A","usage":"main"},"geometry":{"type":"LineString","coordinates":[[-48.25027,-23.59552],[-48.24939,-23.59486],[-48.24905,-23.59449],[-48.24839,-23.59314],[-48.2479,-23.59257],[-48.24708,-23.59217],[-48.24561,-23.59203],[-48.2448,-23.59206],[-48.24413,-23.59233],[-48.24178,-23.59428],[-48.24143,-23.59449],[-48.24094,-23.59462],[-48.24046,-23.59459],[-48.23999,-23.5944],[-48.23712,-23.59217],[-48.23631,-23.59189],[-48.23577,-23.59184],[-48.23499,-23.59193],[-48.23454,-23.59208],[-48.22856,-23.59487],[-48.22797,-23.59501],[-48.22729,-23.59496],[-48.22667,-23.59475],[-48.22467,-23.59356],[-48.22404,-23.59345],[-48.22337,-23.59353],[-48.22069,-23.59503],[-48.22001,-23.59561],[-48.21704,-23.59958],[-48.21674,-23.60008],[-48.21664,-23.60069],[-48.21674,-23.60184],[-48.21655,-23.60247],[-48.21636,-23.60272],[-48.21603,-23.60297],[-48.2106,-23.606],[-48.20989,-23.60626],[-48.20917,-23.60626]]}},{"type":"Feature","properties":{"name":"Tronco Principal Sul","operator":"Rumo S/A","usage":"main"},"geometry":{"type":"LineString","coordinates":[[-48.25034,-23.59557],[-48.25027,-23.59552]]}},{"type":"Feature","properties":{"name":"Tronco Principal Sul","operator":"Rumo S/A","usage":"main"},"geometry":{"type":"LineString","coordinates":[[-48.25938,-23.60041],[-48.25915,-23.60014],[-48.25818,-23.59844],[-48.25749,-23.59785],[-48.25685,-23.59757],[-48.25622,-23.59747],[-48.2534,-23.59744],[-48.25291,-23.59735],[-48.25244,-23.59712],[-48.25034,-23.59557]]}},{"type":"Feature","properties":{"name":"Tronco Principal Sul","operator":"Rumo S/A","usage":"main"},"geometry":{"type":"LineString","coordinates":[[-48.26446,-23.59561],[-48.26443,-23.59569]]}},{"type":"Feature","properties":{"name":"Tronco Principal Sul","operator":"Rumo S/A","usage":"main"},"geometry":{"type":"LineString","coordinates":[[-48.26443,-23.59569],[-48.26278,-23.59785],[-48.26257,-23.59826],[-48.26216,-23.59982],[-48.26172,-23.60042],[-48.26131,-23.60069],[-48.26056,-23.60086],[-48.26,-23.60077],[-48.25945,-23.60046]]}},{"type":"Feature","properties":{"name":"Tronco Principal Sul","operator":"Rumo S/A","usage":"main"},"geometry":{"type":"LineString","coordinates":[[-48.25945,-23.60046],[-48.25938,-23.60041]]}},{"type":"Feature","properties":{"name":null,"operator":null,"usage":null},"geometry":{"type":"LineString","coordinates":[[-49.40741,-25.56069],[-49.40664,-25.56113]]}},{"type":"Feature","properties":{"name":null,"operator":null,"usage":null},"geometry":{"type":"LineString","coordinates":[[-49.40664,-25.56113],[-49.39721,-25.56364]]}},{"type":"Feature","properties":{"name":null,"operator":"ALL","usage":null},"geometry":{"type":"LineString","coordinates":[[-49.4078,-25.56112],[-49.40654,-25.56168]]}},{"type":"Feature","properties":{"name":null,"operator":null,"usage":null},"geometry":{"type":"LineString","coordinates":[[-49.3993,-25.56386],[-49.39687,-25.56407]]}},{"type":"Feature","properties":{"name":null,"operator":"ALL","usage":null},"geometry":{"type":"LineString","coordinates":[[-49.39649,-25.56412],[-49.3942,-25.5647],[-49.39302,-25.56475],[-49.39208,-25.56463]]}},{"type":"Feature","properties":{"name":null,"operator":null,"usage":null},"geometry":{"type":"LineString","coordinates":[[-49.39997,-25.56372],[-49.39966,-25.56375]]}},{"type":"Feature","properties":{"name":null,"operator":"ALL","usage":null},"geometry":{"type":"LineString","coordinates":[[-49.40831,-25.56092],[-49.3966,-25.56405]]}},{"type":"Feature","properties":{"name":null,"operator":"ALL","usage":null},"geometry":{"type":"LineString","coordinates":[[-49.40441,-25.56254],[-49.39997,-25.56372]]}},{"type":"Feature","properties":{"name":null,"operator":null,"usage":null},"geometry":{"type":"LineString","coordinates":[[-49.40508,-25.56213],[-49.39857,-25.56384]]}},{"type":"Feature","properties":{"name":null,"operator":null,"usage":null},"geometry":{"type":"LineString","coordinates":[[-49.40526,-25.56204],[-49.39841,-25.56385]]}},{"type":"Feature","properties":{"name":null,"operator":null,"usage":null},"geometry":{"type":"LineString","coordinates":[[-49.40555,-25.56192],[-49.39822,-25.56387]]}},{"type":"Feature","properties":{"name":null,"operator":null,"usage":null},"geometry":{"type":"LineString","coordinates":[[-49.40629,-25.56168],[-49.398,-25.56389]]}},{"type":"Feature","properties":{"name":null,"operator":null,"usage":null},"geometry":{"type":"LineString","coordinates":[[-49.40645,-25.5616],[-49.39777,-25.5639]]}},{"type":"Feature","properties":{"name":null,"operator":null,"usage":null},"geometry":{"type":"LineString","coordinates":[[-49.40664,-25.56151],[-49.39758,-25.56392]]}},{"type":"Feature","properties":{"name":null,"operator":null,"usage":null},"geometry":{"type":"LineString","coordinates":[[-49.40685,-25.56142],[-49.39738,-25.56394]]}},{"type":"Feature","properties":{"name":null,"operator":null,"usage":null},"geometry":{"type":"LineString","coordinates":[[-49.40707,-25.56132],[-49.39707,-25.56398]]}},{"type":"Feature","properties":{"name":null,"operator":null,"usage":null},"geometry":{"type":"LineString","coordinates":[[-49.4086,-25.56081],[-49.3966,-25.56405]]}},{"type":"Feature","properties":{"name":null,"operator":null,"usage":null},"geometry":{"type":"LineString","coordinates":[[-49.40886,-25.5607],[-49.3953,-25.56431]]}},{"type":"Feature","properties":{"name":null,"operator":null,"usage":null},"geometry":{"type":"LineString","coordinates":[[-49.40686,-25.56115],[-49.39662,-25.56388]]}},{"type":"Feature","properties":{"name":null,"operator":null,"usage":null},"geometry":{"type":"LineString","coordinates":[[-49.40685,-25.56112],[-49.39697,-25.56375]]}},{"type":"Feature","properties":{"name":null,"operator":null,"usage":null},"geometry":{"type":"LineString","coordinates":[[-49.40525,-25.56145],[-49.40096,-25.5626]]}},{"type":"Feature","properties":{"name":null,"operator":null,"usage":null},"geometry":{"type":"LineString","coordinates":[[-49.40161,-25.56225],[-49.40096,-25.5626]]}},{"type":"Feature","properties":{"name":null,"operator":"ALL","usage":null},"geometry":{"type":"LineString","coordinates":[[-49.41018,-25.56048],[-49.40886,-25.5607]]}},{"type":"Feature","properties":{"name":null,"operator":"ALL","usage":null},"geometry":{"type":"LineString","coordinates":[[-49.40885,-25.5608],[-49.40831,-25.56092]]}},{"type":"Feature","properties":{"name":null,"operator":"ALL","usage":null},"geometry":{"type":"LineString","coordinates":[[-49.4078,-25.56112],[-49.40707,-25.56132]]}},{"type":"Feature","properties":{"name":null,"operator":"ALL","usage":null},"geometry":{"type":"LineString","coordinates":[[-49.40685,-25.56142],[-49.40664,-25.56151]]}},{"type":"Feature","properties":{"name":null,"operator":"ALL","usage":null},"geometry":{"type":"LineString","coordinates":[[-49.40664,-25.56151],[-49.40645,-25.5616]]}},{"type":"Feature","properties":{"name":null,"operator":"ALL","usage":null},"geometry":{"type":"LineString","coordinates":[[-49.40645,-25.5616],[-49.40629,-25.56168]]}},{"type":"Feature","properties":{"name":null,"operator":"ALL","usage":null},"geometry":{"type":"LineString","coordinates":[[-49.3993,-25.56386],[-49.39816,-25.56402],[-49.39687,-25.56407]]}},{"type":"Feature","properties":{"name":null,"operator":"ALL","usage":null},"geometry":{"type":"LineString","coordinates":[[-49.40629,-25.56168],[-49.40475,-25.56239],[-49.39966,-25.56375]]}},{"type":"Feature","properties":{"name":null,"operator":"ALL","usage":null},"geometry":{"type":"LineString","coordinates":[[-49.39997,-25.56372],[-49.3993,-25.56386]]}},{"type":"Feature","properties":{"name":null,"operator":"ALL","usage":null},"geometry":{"type":"LineString","coordinates":[[-49.39966,-25.56375],[-49.39876,-25.56383]]}},{"type":"Feature","properties":{"name":null,"operator":"ALL","usage":null},"geometry":{"type":"LineString","coordinates":[[-49.39876,-25.56383],[-49.39857,-25.56384]]}},{"type":"Feature","properties":{"name":null,"operator":"ALL","usage":null},"geometry":{"type":"LineString","coordinates":[[-49.39857,-25.56384],[-49.39841,-25.56385]]}},{"type":"Feature","properties":{"name":null,"operator":"ALL","usage":null},"geometry":{"type":"LineString","coordinates":[[-49.39841,-25.56385],[-49.39822,-25.56387]]}},{"type":"Feature","properties":{"name":null,"operator":"ALL","usage":null},"geometry":{"type":"LineString","coordinates":[[-49.39822,-25.56387],[-49.398,-25.56389]]}},{"type":"Feature","properties":{"name":null,"operator":"ALL","usage":null},"geometry":{"type":"LineString","coordinates":[[-49.398,-25.56389],[-49.39777,-25.5639]]}},{"type":"Feature","properties":{"name":null,"operator":"ALL","usage":null},"geometry":{"type":"LineString","coordinates":[[-49.39777,-25.5639],[-49.39758,-25.56392]]}},{"type":"Feature","properties":{"name":null,"operator":"ALL","usage":null},"geometry":{"type":"LineString","coordinates":[[-49.39758,-25.56392],[-49.39738,-25.56394]]}},{"type":"Feature","properties":{"name":null,"operator":"ALL","usage":null},"geometry":{"type":"LineString","coordinates":[[-49.39738,-25.56394],[-49.39707,-25.56398]]}},{"type":"Feature","properties":{"name":null,"operator":"ALL","usage":null},"geometry":{"type":"LineString","coordinates":[[-49.39707,-25.56398],[-49.39649,-25.56412]]}},{"type":"Feature","properties":{"name":null,"operator":"ALL","usage":null},"geometry":{"type":"LineString","coordinates":[[-49.39649,-25.56412],[-49.3962,-25.56416]]}},{"type":"Feature","properties":{"name":null,"operator":"ALL","usage":null},"geometry":{"type":"LineString","coordinates":[[-49.39687,-25.56407],[-49.39649,-25.56412]]}},{"type":"Feature","properties":{"name":null,"operator":null,"usage":null},"geometry":{"type":"LineString","coordinates":[[-49.3953,-25.56431],[-49.39422,-25.56457],[-49.39306,-25.56464],[-49.38933,-25.5641]]}},{"type":"Feature","properties":{"name":null,"operator":"ALL","usage":null},"geometry":{"type":"LineString","coordinates":[[-49.3962,-25.56416],[-49.3953,-25.56431]]}},{"type":"Feature","properties":{"name":null,"operator":"ALL","usage":null},"geometry":{"type":"LineString","coordinates":[[-49.3966,-25.56405],[-49.3962,-25.56416]]}},{"type":"Feature","properties":{"name":null,"operator":null,"usage":null},"geometry":{"type":"LineString","coordinates":[[-49.40746,-25.56088],[-49.40664,-25.56113]]}},{"type":"Feature","properties":{"name":null,"operator":null,"usage":null},"geometry":{"type":"LineString","coordinates":[[-49.40096,-25.5626],[-49.39738,-25.56356]]}},{"type":"Feature","properties":{"name":null,"operator":"ALL","usage":null},"geometry":{"type":"LineString","coordinates":[[-49.39617,-25.56403],[-49.39662,-25.56388]]}},{"type":"Feature","properties":{"name":null,"operator":"ALL","usage":null},"geometry":{"type":"LineString","coordinates":[[-49.39721,-25.56364],[-49.39738,-25.56356]]}},{"type":"Feature","properties":{"name":null,"operator":"ALL","usage":null},"geometry":{"type":"LineString","coordinates":[[-49.39697,-25.56375],[-49.39721,-25.56364]]}},{"type":"Feature","properties":{"name":null,"operator":"ALL","usage":null},"geometry":{"type":"LineString","coordinates":[[-49.39662,-25.56388],[-49.39697,-25.56375]]}},{"type":"Feature","properties":{"name":null,"operator":"Rumo S/A","usage":"main"},"geometry":{"type":"LineString","coordinates":[[-49.41018,-25.56048],[-49.40893,-25.56063],[-49.39617,-25.56403]]}},{"type":"Feature","properties":{"name":null,"operator":null,"usage":null},"geometry":{"type":"LineString","coordinates":[[-49.39662,-25.56388],[-49.39531,-25.56421]]}},{"type":"Feature","properties":{"name":null,"operator":"Rumo S/A","usage":"main"},"geometry":{"type":"LineString","coordinates":[[-49.41199,-25.56062],[-49.41018,-25.56048]]}},{"type":"Feature","properties":{"name":null,"operator":null,"usage":null},"geometry":{"type":"LineString","coordinates":[[-49.353,-25.5514],[-49.3499,-25.55183]]}},{"type":"Feature","properties":{"name":null,"operator":null,"usage":null},"geometry":{"type":"LineString","coordinates":[[-49.35862,-25.55174],[-49.35715,-25.55138],[-49.35502,-25.55128],[-49.35212,-25.55156],[-49.35104,-25.55179]]}},{"type":"Feature","properties":{"name":null,"operator":null,"usage":null},"geometry":{"type":"LineString","coordinates":[[-49.35728,-25.55159],[-49.35186,-25.55171]]}},{"type":"Feature","properties":{"name":null,"operator":null,"usage":null},"geometry":{"type":"LineString","coordinates":[[-49.35763,-25.55161],[-49.35156,-25.55176]]}},{"type":"Feature","properties":{"name":null,"operator":null,"usage":null},"geometry":{"type":"LineString","coordinates":[[-49.35728,-25.5517],[-49.35692,-25.55177],[-49.35235,-25.55189],[-49.35177,-25.55184]]}},{"type":"Feature","properties":{"name":null,"operator":null,"usage":null},"geometry":{"type":"LineString","coordinates":[[-49.35728,-25.5517],[-49.35177,-25.55184]]}},{"type":"Feature","properties":{"name":null,"operator":null,"usage":null},"geometry":{"type":"LineString","coordinates":[[-49.35748,-25.55166],[-49.35156,-25.5518]]}},{"type":"Feature","properties":{"name":null,"operator":null,"usage":null},"geometry":{"type":"LineString","coordinates":[[-49.35894,-25.55199],[-49.35675,-25.55197],[-49.3557,-25.55188]]}},{"type":"Feature","properties":{"name":null,"operator":null,"usage":null},"geometry":{"type":"LineString","coordinates":[[-49.35903,-25.55196],[-49.35613,-25.55186]]}},{"type":"Feature","properties":{"name":null,"operator":null,"usage":null},"geometry":{"type":"LineString","coordinates":[[-49.36438,-25.55445],[-49.36622,-25.55614]]}},{"type":"Feature","properties":{"name":null,"operator":null,"usage":null},"geometry":{"type":"LineString","coordinates":[[-49.36478,-25.55484],[-49.36383,-25.55403],[-49.36274,-25.55332],[-49.36127,-25.55264],[-49.35937,-25.55196]]}},{"type":"Feature","properties":{"name":null,"operator":"ALL","usage":null},"geometry":{"type":"LineString","coordinates":[[-49.35937,-25.55196],[-49.35908,-25.55189]]}},{"type":"Feature","properties":{"name":null,"operator":"ALL","usage":null},"geometry":{"type":"LineString","coordinates":[[-49.36438,-25.55445],[-49.36478,-25.55484]]}},{"type":"Feature","properties":{"name":null,"operator":"ALL","usage":null},"geometry":{"type":"LineString","coordinates":[[-49.34622,-25.55224],[-49.3499,-25.55183]]}},{"type":"Feature","properties":{"name":null,"operator":"ALL","usage":null},"geometry":{"type":"LineString","coordinates":[[-49.35084,-25.55179],[-49.3499,-25.55183]]}},{"type":"Feature","properties":{"name":null,"operator":"ALL","usage":null},"geometry":{"type":"LineString","coordinates":[[-49.35084,-25.55179],[-49.35104,-25.55179]]}},{"type":"Feature","properties":{"name":null,"operator":"ALL","usage":null},"geometry":{"type":"LineString","coordinates":[[-49.35104,-25.55179],[-49.35136,-25.55178]]}},{"type":"Feature","properties":{"name":null,"operator":"ALL","usage":null},"geometry":{"type":"LineString","coordinates":[[-49.35136,-25.55178],[-49.35156,-25.55176]]}},{"type":"Feature","properties":{"name":null,"operator":"ALL","usage":null},"geometry":{"type":"LineString","coordinates":[[-49.35156,-25.55176],[-49.35186,-25.55171]]}},{"type":"Feature","properties":{"name":null,"operator":null,"usage":null},"geometry":{"type":"LineString","coordinates":[[-49.35177,-25.55184],[-49.35156,-25.5518]]}},{"type":"Feature","properties":{"name":null,"operator":null,"usage":null},"geometry":{"type":"LineString","coordinates":[[-49.35156,-25.5518],[-49.35136,-25.55178]]}},{"type":"Feature","properties":{"name":null,"operator":null,"usage":null},"geometry":{"type":"LineString","coordinates":[[-49.35787,-25.5516],[-49.35748,-25.55166]]}},{"type":"Feature","properties":{"name":null,"operator":null,"usage":null},"geometry":{"type":"LineString","coordinates":[[-49.35748,-25.55166],[-49.35728,-25.5517]]}},{"type":"Feature","properties":{"name":null,"operator":"ALL","usage":null},"geometry":{"type":"LineString","coordinates":[[-49.35787,-25.5516],[-49.35862,-25.55174]]}},{"type":"Feature","properties":{"name":null,"operator":"ALL","usage":null},"geometry":{"type":"LineString","coordinates":[[-49.35728,-25.55159],[-49.35763,-25.55161]]}},{"type":"Feature","properties":{"name":null,"operator":"ALL","usage":null},"geometry":{"type":"LineString","coordinates":[[-49.35763,-25.55161],[-49.35787,-25.5516]]}},{"type":"Feature","properties":{"name":null,"operator":"ALL","usage":null},"geometry":{"type":"LineString","coordinates":[[-49.35862,-25.55174],[-49.35908,-25.55189]]}},{"type":"Feature","properties":{"name":null,"operator":"ALL","usage":null},"geometry":{"type":"LineString","coordinates":[[-49.35908,-25.55189],[-49.35787,-25.55164],[-49.35693,-25.55183],[-49.3557,-25.55188]]}},{"type":"Feature","properties":{"name":null,"operator":"Rumo S/A","usage":"main"},"geometry":{"type":"LineString","coordinates":[[-49.35193,-25.55137],[-49.34344,-25.55233]]}},{"type":"Feature","properties":{"name":null,"operator":"Rumo S/A","usage":"main"},"geometry":{"type":"LineString","coordinates":[[-49.36411,-25.55416],[-49.36299,-25.55332],[-49.36139,-25.55245],[-49.35946,-25.55171],[-49.35803,-25.55132],[-49.35645,-25.55108],[-49.35521,-25.55105],[-49.35193,-25.55137]]}},{"type":"Feature","properties":{"name":null,"operator":"ALL","usage":null},"geometry":{"type":"LineString","coordinates":[[-49.4086,-25.56081],[-49.40831,-25.56092]]}},{"type":"Feature","properties":{"name":null,"operator":"ALL","usage":null},"geometry":{"type":"LineString","coordinates":[[-49.40886,-25.5607],[-49.4086,-25.56081]]}},{"type":"Feature","properties":{"name":null,"operator":"ALL","usage":null},"geometry":{"type":"LineString","coordinates":[[-49.40831,-25.56092],[-49.4078,-25.56112]]}},{"type":"Feature","properties":{"name":null,"operator":"ALL","usage":null},"geometry":{"type":"LineString","coordinates":[[-49.40707,-25.56132],[-49.40685,-25.56142]]}},{"type":"Feature","properties":{"name":null,"operator":"Rumo S/A","usage":"main"},"geometry":{"type":"LineString","coordinates":[[-49.37761,-25.56224],[-49.3762,-25.56184],[-49.37495,-25.56131],[-49.36797,-25.55757],[-49.36664,-25.55653],[-49.36411,-25.55416]]}}]}