{"type":"FeatureCollection","otimizacao":{"tolerancia":5e-05,"casas":5},"features":[{"type":"Feature","properties":{"nome":"LT 230 kV Curitiba Centro - Uberaba, C2 (CD)","tensao":230,"ano":2019,"planejada":false},"geometry":{"type":"LineString","coordinates":[[-49.25314,-25.43694],[-49.25299,-25.43707],[-49.25294,-25.43781],[-49.25276,-25.43817],[-49.25243,-25.44005],[-49.2522,-25.4407],[-49.24508,-25.45035],[-49.2447,-25.45136],[-49.24365,-25.4528],[-49.24177,-25.45529],[-49.24106,-25.45585],[-49.24018,-25.45706],[-49.23989,-25.45758],[-49.23937,-25.45818],[-49.23552,-25.46345],[-49.23441,-25.46512],[-49.23338,-25.46638],[-49.22567,-25.47694],[-49.22557,-25.4772],[-49.22528,-25.47748],[-49.22113,-25.48314],[-49.22068,-25.4832],[-49.21715,-25.48275],[-49.21397,-25.48218],[-49.21368,-25.4831],[-49.21353,-25.48315],[-49.21325,-25.48297],[-49.21277,-25.48223],[-49.21248,-25.48199],[-49.21007,-25.47898],[-49.20991,-25.47867],[-49.2088,-25.47804],[-49.20875,-25.47755],[-49.20886,-25.47748]]}},{"type":"Feature","properties":{"nome":"LT 230 kV Curitiba Centro - Uberaba, C1 (CD)","tensao":230,"ano":2019,"planejada":false},"geometry":{"type":"LineString","coordinates":[[-49.25313,-25.43696],[-49.25302,-25.43704],[-49.25297,-25.43782],[-49.25279,-25.43818],[-49.2525,-25.43985],[-49.25221,-25.44074],[-49.24509,-25.45038],[-49.24471,-25.4514],[-49.24179,-25.45531],[-49.2411,-25.45585],[-49.23991,-25.4576],[-49.23941,-25.45818],[-49.23553,-25.46349],[-49.23445,-25.46512],[-49.23286,-25.46714],[-49.2306,-25.47023],[-49.2304,-25.4706],[-49.2257,-25.47695],[-49.22559,-25.47722],[-49.2253,-25.4775],[-49.22116,-25.48316],[-49.22068,-25.48323],[-49.21722,-25.48279],[-49.21398,-25.48221],[-49.2137,-25.48313],[-49.2135,-25.48317],[-49.21322,-25.48299],[-49.21275,-25.48225],[-49.21246,-25.48201],[-49.21003,-25.47897],[-49.20989,-25.47869],[-49.20798,-25.47762],[-49.20776,-25.47758]]}},{"type":"Feature","properties":{"nome":"LT 230 kV Curitiba - Joinville, C1","tensao":230,"ano":0,"planejada":false},"geometry":{"type":"LineString","coordinates":[[-49.31766,-25.59308],[-49.31546,-25.59422],[-49.3076,-25.59277],[-49.25972,-25.58882],[-49.2577,-25.59043],[-49.24327,-25.60634],[-49.23718,-25.61327],[-49.22685,-25.62448],[-49.21637,-25.63614],[-49.18909,-25.66616],[-49.18669,-25.6689],[-49.1792,-25.67702],[-49.17289,-25.6841],[-49.16329,-25.6946],[-49.15776,-25.70078],[-49.12903,-25.73242],[-49.12601,-25.73553],[-49.12388,-25.73798],[-49.11862,-25.7437],[-49.11478,-25.74811],[-49.10878,-25.75462],[-49.10189,-25.7623],[-49.10043,-25.76375],[-49.08158,-25.78452],[-49.06565,-25.80185],[-49.05041,-25.81865],[-49.04069,-25.82352],[-49.02872,-25.82931],[-49.02323,-25.83209],[-49.01814,-25.8345],[-49.00811,-25.83965],[-48.99817,-25.84445],[-48.97112,-25.85785],[-48.96651,-25.85894],[-48.96245,-25.86206],[-48.95941,-25.86334],[-48.95607,-25.86515],[-48.94256,-25.87183],[-48.93881,-25.88026],[-48.93818,-25.88147],[-48.93662,-25.88524],[-48.93451,-25.88965],[-48.93283,-25.89363],[-48.91202,-25.93973],[-48.90461,-25.95635],[-48.86258,-26.0495],[-48.86208,-26.05444],[-48.8634,-26.05914],[-48.86386,-26.06125],[-48.86537,-26.06643],[-48.86778,-26.07578],[-48.87936,-26.11878],[-48.88346,-26.13437],[-48.8968,-26.18409],[-48.89128,-26.28076],[-48.88921,-26.28803],[-48.8882,-26.29055],[-48.88794,-26.29076]]}},{"type":"Feature","properties":{"nome":"LT 230 kV Campo Mourão - Apucarana, C1","tensao":230,"ano":0,"planejada":false},"geometry":{"type":"LineString","coordinates":[[-52.36715,-24.0747],[-52.36435,-24.07318],[-52.35892,-24.06299],[-52.35638,-24.05318],[-52.32749,-24.00599],[-52.2892,-23.97816],[-52.21268,-23.92554],[-52.20227,-23.91829],[-52.19802,-23.91594],[-52.18137,-23.9064],[-52.0781,-23.87019],[-52.07007,-23.86645],[-52.04256,-23.85326],[-52.01468,-23.83482],[-52.0039,-23.82782],[-51.87838,-23.75053],[-51.82365,-23.71376],[-51.75922,-23.68804],[-51.7134,-23.66044],[-51.56978,-23.60631],[-51.55318,-23.58767],[-51.52847,-23.56323],[-51.51565,-23.5543],[-51.49327,-23.54507],[-51.46296,-23.5315],[-51.45576,-23.53263],[-51.45136,-23.53397],[-51.44794,-23.53597],[-51.44509,-23.53507],[-51.44552,-23.53405],[-51.4465,-23.53442]]}},{"type":"Feature","properties":{"nome":"LT 230 kV Campo Mourão - Maringá, C1","tensao":230,"ano":0,"planejada":false},"geometry":{"type":"LineString","coordinates":[[-52.36726,-24.07459],[-52.36459,-24.073],[-52.35924,-24.0629],[-52.35668,-24.05304],[-52.32776,-24.00583],[-52.30999,-23.97731],[-52.27017,-23.90516],[-52.21519,-23.82395],[-52.19804,-23.79456],[-52.16148,-23.72716],[-52.10978,-23.63698],[-52.08936,-23.60914],[-52.08176,-23.60277],[-52.07898,-23.60027],[-52.03562,-23.54897],[-52.0195,-23.51909],[-52.01343,-23.49818],[-51.9899,-23.46681],[-51.98748,-23.45018],[-51.98742,-23.44927]]}},{"type":"Feature","properties":{"nome":"LT 230 kV Dourados - Guaira, C1","tensao":230,"ano":0,"planejada":false},"geometry":{"type":"LineString","coordinates":[[-54.99217,-22.26929],[-54.99204,-22.27059],[-54.99204,-22.27287],[-54.98883,-22.28426],[-54.9878,-22.28755],[-54.98149,-22.30929],[-54.97845,-22.32013],[-54.97577,-22.32923],[-54.9695,-22.33873],[-54.9609,-22.35146],[-54.95498,-22.36049],[-54.95495,-22.36743],[-54.95476,-22.37641],[-54.92726,-22.44418],[-54.88074,-22.50365],[-54.87601,-22.50987],[-54.85429,-22.53755],[-54.85164,-22.5408],[-54.84646,-22.54815],[-54.82912,-22.57753],[-54.82491,-22.58482],[-54.82305,-22.58783],[-54.81921,-22.59449],[-54.81321,-22.60445],[-54.80735,-22.61447],[-54.79595,-22.6336],[-54.79322,-22.63825],[-54.79169,-22.64112],[-54.78969,-22.64429],[-54.7862,-22.6501],[-54.78258,-22.6562],[-54.7787,-22.66296],[-54.77485,-22.66929],[-54.77342,-22.67584],[-54.77217,-22.68218],[-54.76912,-22.69589],[-54.76848,-22.69923],[-54.76594,-22.71069],[-54.76467,-22.71707],[-54.76375,-22.72095],[-54.76159,-22.73138],[-54.76079,-22.73481],[-54.75796,-22.74857],[-54.75046,-22.77708],[-54.74973,-22.78034],[-54.74868,-22.7839],[-54.7431,-22.80532],[-54.74103,-22.81281],[-54.73806,-22.82432],[-54.73723,-22.82803],[-54.73535,-22.83466],[-54.73102,-22.85154],[-54.72796,-22.8627],[-54.72505,-22.87413],[-54.72126,-22.88839],[-54.71932,-22.89624],[-54.71666,-22.9059],[-54.70986,-22.93197],[-54.70596,-22.93889],[-54.69887,-22.95109],[-54.68529,-22.97486],[-54.67497,-22.9927],[-54.66559,-23.0093],[-54.6636,-23.01264],[-54.63453,-23.06322],[-54.62519,-23.07972],[-54.62098,-23.10795],[-54.62033,-23.11184],[-54.61617,-23.14051],[-54.59872,-23.25697],[-54.59739,-23.26861],[-54.59503,-23.28761],[-54.59447,-23.29156],[-54.5941,-23.29532],[-54.59282,-23.30615],[-54.59142,-23.31759],[-54.59105,-23.32],[-54.58942,-23.33427],[-54.58801,-23.34551],[-54.5872,-23.35312],[-54.58668,-23.35674],[-54.58443,-23.37559],[-54.58404,-23.37819],[-54.58332,-23.38115],[-54.57758,-23.4016],[-54.57669,-23.40506],[-54.57289,-23.41861],[-54.572,-23.42208],[-54.56774,-23.43692],[-54.56572,-23.44437],[-54.56497,-23.44745],[-54.56267,-23.45521],[-54.56078,-23.46221],[-54.55238,-23.4923],[-54.55143,-23.49509],[-54.55079,-23.49806],[-54.54397,-23.52256],[-54.54212,-23.52962],[-54.54002,-23.53663],[-54.53088,-23.56952],[-54.52994,-23.57326],[-54.52455,-23.59231],[-54.52256,-23.59965],[-54.51934,-23.61063],[-54.51836,-23.61455],[-54.51314,-23.6333],[-54.51147,-23.63984],[-54.5103,-23.64352],[-54.49974,-23.68105],[-54.49904,-23.68393],[-54.46852,-23.7932],[-54.46758,-23.79542],[-54.46554,-23.79773],[-54.45759,-23.80645],[-54.44989,-23.81507],[-54.44734,-23.81777],[-54.44194,-23.82375],[-54.42412,-23.84357],[-54.42016,-23.84813],[-54.41675,-23.85167],[-54.40692,-23.86251],[-54.39163,-23.87963],[-54.3868,-23.88473],[-54.38446,-23.88746],[-54.37891,-23.89361],[-54.36547,-23.90882],[-54.36098,-23.91385],[-54.35585,-23.91942],[-54.35306,-23.92271],[-54.34761,-23.92869],[-54.34026,-23.93699],[-54.33069,-23.94762],[-54.32353,-23.95588],[-54.31389,-23.97528],[-54.29948,-24.00791],[-54.29775,-24.01162],[-54.2894,-24.02874],[-54.28755,-24.03229],[-54.29069,-24.04503],[-54.29242,-24.05241],[-54.29123,-24.0559],[-54.28546,-24.06133],[-54.28532,-24.06878],[-54.28758,-24.07235],[-54.28907,-24.07592],[-54.28944,-24.07994],[-54.2868,-24.08283],[-54.28305,-24.08364],[-54.27756,-24.08254],[-54.264,-24.07765],[-54.26087,-24.07659],[-54.25592,-24.07644],[-54.24775,-24.07641],[-54.24336,-24.07692],[-54.2359,-24.08299],[-54.22937,-24.09023],[-54.22681,-24.09771],[-54.22569,-24.10121],[-54.22602,-24.10172],[-54.22601,-24.10247]]}},{"type":"Feature","properties":{"nome":"LT 525 kV Areia - Ivaiporã, C1","tensao":525,"ano":0,"planejada":false},"geometry":{"type":"LineString","coordinates":[[-51.60035,-25.968],[-51.60021,-25.96744],[-51.59448,-25.96078],[-51.58788,-25.95378],[-51.57843,-25.94349],[-51.57627,-25.941],[-51.57669,-25.93022],[-51.57733,-25.9191],[-51.57801,-25.90522],[-51.57747,-25.88912],[-51.57666,-25.87343],[-51.57644,-25.86409],[-51.57608,-25.85529],[-51.5787,-25.84515],[-51.57995,-25.84066],[-51.58199,-25.83215],[-51.58366,-25.82648],[-51.58641,-25.8156],[-51.58721,-25.8129],[-51.58967,-25.8036],[-51.59354,-25.79288],[-51.59611,-25.78601],[-51.59771,-25.78139],[-51.60234,-25.7686],[-51.60358,-25.76547],[-51.60473,-25.76204],[-51.61006,-25.74815],[-51.61733,-25.72764],[-51.62338,-25.71147],[-51.62645,-25.70271],[-51.62826,-25.69792],[-51.62944,-25.69513],[-51.63442,-25.68105],[-51.6361,-25.67667],[-51.65428,-25.62655],[-51.65837,-25.61563],[-51.65984,-25.61158],[-51.66095,-25.60824],[-51.66428,-25.58854],[-51.66471,-25.58512],[-51.66696,-25.57246],[-51.66978,-25.55465],[-51.67054,-25.55079],[-51.67185,-25.54295],[-51.67399,-25.5291],[-51.67632,-25.51555],[-51.67707,-25.51061],[-51.67793,-25.50605],[-51.67939,-25.49693],[-51.68073,-25.48945],[-51.68131,-25.4854],[-51.68349,-25.47307],[-51.68388,-25.46987],[-51.68451,-25.46617],[-51.68502,-25.46203],[-51.68645,-25.455],[-51.6871,-25.44982],[-51.68799,-25.4453],[-51.68848,-25.44147],[-51.68855,-25.43949],[-51.68851,-25.43325],[-51.68831,-25.42549],[-51.68804,-25.41979],[-51.68794,-25.41557],[-51.68746,-25.40591],[-51.68746,-25.40312],[-51.68727,-25.40058],[-51.68687,-25.38796],[-51.68626,-25.37528],[-51.68607,-25.36387],[-51.68571,-25.35787],[-51.68569,-25.35465],[-51.68526,-25.3457],[-51.68418,-25.31573],[-51.68376,-25.30651],[-51.68344,-25.29528],[-51.68301,-25.28759],[-51.68276,-25.27606],[-51.6823,-25.26845],[-51.68225,-25.2643],[-51.68137,-25.24191],[-51.68098,-25.23442],[-51.68084,-25.22969],[-51.68074,-25.22171],[-51.68048,-25.21781],[-51.68009,-25.20898],[-51.68002,-25.20531],[-51.67979,-25.20186],[-51.67956,-25.19525],[-51.67943,-25.18769],[-51.67863,-25.17195],[-51.67869,-25.17],[-51.67845,-25.16387],[-51.67873,-25.15142],[-51.67879,-25.14325],[-51.67896,-25.13812],[-51.67886,-25.1308],[-51.67913,-25.11598],[-51.6791,-25.1118],[-51.67929,-25.10818],[-51.67952,-25.08878],[-51.67951,-25.08015],[-51.67978,-25.07312],[-51.67994,-25.06409],[-51.68012,-25.05162],[-51.68011,-25.0417],[-51.68035,-25.03477],[-51.68047,-25.02479],[-51.68045,-25.0195],[-51.68072,-25.00979],[-51.68069,-25.00696],[-51.68095,-24.98791],[-51.68095,-24.98324],[-51.68115,-24.9789],[-51.68113,-24.97342],[-51.68132,-24.96918],[-51.68137,-24.96122],[-51.68132,-24.95694],[-51.68159,-24.93737],[-51.68174,-24.93376],[-51.68164,-24.93186],[-51.68187,-24.92397],[-51.68207,-24.90701],[-51.68229,-24.89763],[-51.68223,-24.89174],[-51.68256,-24.87916],[-51.68254,-24.87537],[-51.68297,-24.85387],[-51.6829,-24.84881],[-51.68324,-24.82991],[-51.6833,-24.81784],[-51.68346,-24.81177],[-51.68357,-24.79607],[-51.68395,-24.77571],[-51.68386,-24.76406],[-51.68407,-24.7557],[-51.68416,-24.74352],[-51.68444,-24.72869],[-51.68447,-24.71991],[-51.68458,-24.71608],[-51.68479,-24.69075],[-51.68489,-24.68739],[-51.6849,-24.67755],[-51.68507,-24.67018],[-51.68504,-24.66538],[-51.68551,-24.62859],[-51.68545,-24.62599],[-51.68585,-24.60716],[-51.68591,-24.59732],[-51.68689,-24.5898],[-51.68731,-24.58566],[-51.68817,-24.57997],[-51.68909,-24.57228],[-51.69074,-24.56017],[-51.69202,-24.55006],[-51.69319,-24.54185],[-51.69422,-24.53328],[-51.69614,-24.51917],[-51.69653,-24.51569],[-51.69662,-24.50121],[-51.6966,-24.48857],[-51.69668,-24.48255],[-51.69662,-24.47397],[-51.69675,-24.47027],[-51.69307,-24.4614],[-51.68792,-24.44865],[-51.68603,-24.44522],[-51.67866,-24.43423],[-51.67728,-24.43236]]}},{"type":"Feature","properties":{"nome":"LT 525 kV Areia - Segredo, C1","tensao":525,"ano":1993,"planejada":false},"geometry":{"type":"LineString","coordinates":[[-51.60148,-25.96946],[-51.60165,-25.97025],[-51.60416,-25.97256],[-51.6109,-25.97575],[-51.6257,-25.97227],[-51.62875,-25.97144],[-51.63488,-25.9666],[-51.64141,-25.96113],[-51.64713,-25.95342],[-51.65732,-25.93922],[-51.65938,-25.93621],[-51.6686,-25.92352],[-51.70002,-25.91024],[-51.71363,-25.90436],[-51.71698,-25.90308],[-51.72302,-25.90057],[-51.76906,-25.88084],[-51.77719,-25.87764],[-51.78032,-25.87656],[-51.78396,-25.87515],[-51.80511,-25.86681],[-51.81061,-25.86479],[-51.81868,-25.86166],[-51.82184,-25.86033],[-51.82684,-25.85852],[-51.85617,-25.84692],[-51.86939,-25.8419],[-51.8743,-25.83991],[-51.89577,-25.83156],[-51.901,-25.8296],[-51.91347,-25.8246],[-51.9191,-25.82252],[-51.94321,-25.81312],[-51.95559,-25.80839],[-51.96248,-25.80555],[-51.96859,-25.80322],[-51.97316,-25.80137],[-51.98006,-25.79882],[-51.99817,-25.79161],[-52.00246,-25.79005],[-52.00938,-25.78728],[-52.01239,-25.78598],[-52.01529,-25.78498],[-52.01861,-25.78471],[-52.02116,-25.78437],[-52.03723,-25.78325],[-52.04246,-25.78268],[-52.0597,-25.78136],[-52.06758,-25.78064],[-52.07791,-25.77989],[-52.08483,-25.77931],[-52.09083,-25.77869],[-52.0931,-25.78119],[-52.09313,-25.78334],[-52.09313,-25.78325],[-52.09267,-25.78576],[-52.09376,-25.78727],[-52.09572,-25.78831]]}},{"type":"Feature","properties":{"nome":"LT 525 kV Curitiba - Bateias, C1","tensao":525,"ano":2000,"planejada":false},"geometry":{"type":"LineString","coordinates":[[-49.32112,-25.59379],[-49.32168,-25.59327],[-49.32264,-25.59155],[-49.32465,-25.58731],[-49.32524,-25.58317],[-49.32887,-25.57352],[-49.34867,-25.53602],[-49.35082,-25.53448],[-49.35861,-25.52845],[-49.36068,-25.52696],[-49.36159,-25.52495],[-49.36351,-25.52013],[-49.36525,-25.51529],[-49.37856,-25.5106],[-49.38748,-25.50731],[-49.39495,-25.50479],[-49.40498,-25.49835],[-49.41214,-25.4939],[-49.41765,-25.49034],[-49.41983,-25.48883],[-49.42533,-25.48383],[-49.43774,-25.47282],[-49.45557,-25.4567],[-49.461,-25.44757],[-49.46292,-25.44411],[-49.46723,-25.43677],[-49.46899,-25.43422],[-49.47329,-25.43115],[-49.47696,-25.42837],[-49.4826,-25.41701],[-49.48457,-25.41341],[-49.49185,-25.41004],[-49.49485,-25.40886],[-49.50142,-25.40583],[-49.50757,-25.40313],[-49.51667,-25.3999],[-49.53673,-25.39882],[-49.53678,-25.4022],[-49.53393,-25.40885]]}},{"type":"Feature","properties":{"nome":"LT 525 kV Cascavel Oeste - Ivaiporã, C1","tensao":525,"ano":2005,"planejada":false},"geometry":{"type":"LineString","coordinates":[[-53.53244,-25.02963],[-53.53145,-25.03036],[-53.53107,-25.0316],[-53.52956,-25.03196],[-53.50506,-25.03664],[-53.48399,-25.04165],[-53.47567,-25.04263],[-53.4644,-25.04431],[-53.433,-25.04824],[-53.42376,-25.05205],[-53.42098,-25.05242],[-53.40905,-25.05383],[-53.40051,-25.05439],[-53.39691,-25.05473],[-53.38787,-25.05516],[-53.38455,-25.05542],[-53.378,-25.05577],[-53.37084,-25.0563],[-53.35448,-25.05776],[-53.34224,-25.05608],[-53.33662,-25.05559],[-53.33191,-25.05591],[-53.32246,-25.05688],[-53.31557,-25.05781],[-53.31439,-25.05649],[-53.31132,-25.05333],[-53.30155,-25.04253],[-53.29262,-25.03287],[-53.28846,-25.02815],[-53.28144,-25.02055],[-53.27968,-25.01852],[-53.27119,-25.01041],[-53.267,-25.00614],[-53.26305,-25.00454],[-53.25179,-24.99967],[-53.22577,-24.98867],[-53.21653,-24.98166],[-53.21503,-24.98037],[-53.20529,-24.97875],[-53.20089,-24.97817],[-53.19068,-24.97386],[-53.17977,-24.96906],[-53.1713,-24.96553],[-53.16657,-24.96346],[-53.16254,-24.9619],[-53.1559,-24.95739],[-53.15038,-24.95377],[-53.14621,-24.95123],[-53.14153,-24.94805],[-53.13451,-24.94344],[-53.12709,-24.93995],[-53.11871,-24.93588],[-53.10412,-24.92903],[-53.09897,-24.92646],[-53.0935,-24.92386],[-53.0733,-24.91399],[-53.06855,-24.91176],[-53.05964,-24.90579],[-53.05055,-24.89919],[-53.03839,-24.89018],[-53.01121,-24.87482],[-53.00188,-24.86943],[-52.99891,-24.86782],[-52.99129,-24.86348],[-52.98927,-24.86221],[-52.98588,-24.86034],[-52.96238,-24.85211],[-52.96035,-24.85127],[-52.95207,-24.84826],[-52.92396,-24.84547],[-52.91901,-24.84507],[-52.90637,-24.84374],[-52.89904,-24.83935],[-52.89624,-24.83755],[-52.88766,-24.83235],[-52.87998,-24.82758],[-52.86357,-24.8177],[-52.86056,-24.81575],[-52.85837,-24.81455],[-52.84651,-24.81027],[-52.83453,-24.80693],[-52.82588,-24.80399],[-52.75951,-24.77954],[-52.72184,-24.76741],[-52.71987,-24.76513],[-52.70677,-24.75966],[-52.67697,-24.75389],[-52.65093,-24.74733],[-52.62488,-24.7394],[-52.61062,-24.73547],[-52.5731,-24.72376],[-52.55969,-24.7185],[-52.55053,-24.71504],[-52.54165,-24.71157],[-52.45063,-24.67878],[-52.40921,-24.66528],[-52.40723,-24.66457],[-52.37024,-24.65764],[-52.35149,-24.65399],[-52.32779,-24.64579],[-52.31356,-24.64149],[-52.30992,-24.64032],[-52.25825,-24.62323],[-52.24498,-24.61658],[-52.2275,-24.60769],[-52.22077,-24.60545],[-52.21598,-24.60372],[-52.20777,-24.60093],[-52.19621,-24.59714],[-52.18535,-24.59373],[-52.14625,-24.58099],[-52.12863,-24.57539],[-52.12504,-24.57413],[-52.10608,-24.56806],[-52.10277,-24.5669],[-52.09414,-24.56407],[-52.09232,-24.56355],[-52.06819,-24.5557],[-52.06546,-24.55489],[-51.97314,-24.52481],[-51.96653,-24.52477],[-51.96209,-24.52465],[-51.95114,-24.52258],[-51.93244,-24.51495],[-51.9221,-24.51156],[-51.86834,-24.49358],[-51.86419,-24.49226],[-51.84022,-24.48419],[-51.82278,-24.47888],[-51.81798,-24.4773],[-51.77602,-24.46444],[-51.73651,-24.45217],[-51.72427,-24.44873],[-51.71929,-24.44687],[-51.7091,-24.44373],[-51.69963,-24.44071],[-51.69263,-24.43864],[-51.68234,-24.43543],[-51.67974,-24.43256],[-51.6785,-24.43156]]}},{"type":"Feature","properties":{"nome":"LT 525 kV Ivaiporã - Ivaiporã (Furnas), C1","tensao":525,"ano":0,"planejada":false},"geometry":{"type":"LineString","coordinates":[[-51.67702,-24.42991],[-51.67655,-24.42854],[-51.67718,-24.42439],[-51.67619,-24.42321]]}},{"type":"Feature","properties":{"nome":"LT 525 kV Ivaiporã - Ivaiporã (Furnas), C2","tensao":525,"ano":0,"planejada":false},"geometry":{"type":"LineString","coordinates":[[-51.6768,-24.43009],[-51.67604,-24.4287],[-51.67664,-24.42466],[-51.67582,-24.42366]]}},{"type":"Feature","properties":{"nome":"LT 525 kV Ivaiporã - Ivaiporã (Furnas), C3","tensao":525,"ano":2005,"planejada":false},"geometry":{"type":"LineString","coordinates":[[-51.67649,-24.43033],[-51.67552,-24.42884],[-51.67601,-24.42544],[-51.67525,-24.42447]]}},{"type":"Feature","properties":{"nome":"LT 525 kV Ivaiporã - Londrina (ESUL), C1","tensao":525,"ano":1988,"planejada":false},"geometry":{"type":"LineString","coordinates":[[-51.67596,-24.43068],[-51.67544,-24.43005],[-51.66618,-24.42442],[-51.65729,-24.4188],[-51.65106,-24.41502],[-51.63737,-24.40644],[-51.63656,-24.40454],[-51.63572,-24.40224],[-51.63425,-24.39784],[-51.6282,-24.39271],[-51.61712,-24.38352],[-51.60575,-24.37388],[-51.60347,-24.37183],[-51.59682,-24.36633],[-51.5934,-24.36333],[-51.59241,-24.36142],[-51.59056,-24.35752],[-51.58984,-24.35623],[-51.58633,-24.34898],[-51.58553,-24.34715],[-51.58443,-24.34514],[-51.58252,-24.34101],[-51.58114,-24.33841],[-51.57825,-24.33222],[-51.56869,-24.31283],[-51.5614,-24.30111],[-51.55881,-24.29713],[-51.55743,-24.29473],[-51.55454,-24.29009],[-51.55199,-24.28633],[-51.54938,-24.2819],[-51.5434,-24.27253],[-51.54262,-24.27108],[-51.53667,-24.2616],[-51.52203,-24.23833],[-51.51874,-24.23328],[-51.51514,-24.22736],[-51.51435,-24.22621],[-51.50639,-24.21336],[-51.49702,-24.1985],[-51.47608,-24.16496],[-51.46877,-24.15341],[-51.46577,-24.1485],[-51.43371,-24.0973],[-51.42764,-24.08682],[-51.42536,-24.08306],[-51.42414,-24.08084],[-51.41781,-24.07011],[-51.41642,-24.06761],[-51.41005,-24.05685],[-51.3956,-24.03198],[-51.39348,-24.02845],[-51.38197,-23.97781],[-51.36414,-23.91361],[-51.346,-23.87529],[-51.29795,-23.77318],[-51.29687,-23.77055],[-51.2904,-23.7527],[-51.28591,-23.74006],[-51.28171,-23.73259],[-51.28002,-23.72929],[-51.27005,-23.70906],[-51.26921,-23.7072],[-51.24352,-23.64006],[-51.23838,-23.63155],[-51.22364,-23.60759],[-51.18253,-23.55847],[-51.1548,-23.51833],[-51.14924,-23.49655],[-51.14812,-23.49264],[-51.14678,-23.48702],[-51.14299,-23.47248],[-51.14163,-23.46609],[-51.14105,-23.46464]]}},{"type":"Feature","properties":{"nome":"LT 525 kV Ivaiporã - Londrina (ESUL), C2","tensao":525,"ano":2006,"planejada":false},"geometry":{"type":"LineString","coordinates":[[-51.6762,-24.43048],[-51.67558,-24.42975],[-51.67416,-24.42882],[-51.65505,-24.41693],[-51.65114,-24.41458],[-51.64905,-24.41435],[-51.64346,-24.41081],[-51.63685,-24.40681],[-51.63378,-24.39804],[-51.6128,-24.3804],[-51.60542,-24.37414],[-51.60323,-24.37219],[-51.59929,-24.36896],[-51.59301,-24.36357],[-51.59171,-24.36102],[-51.5859,-24.34896],[-51.58201,-24.34116],[-51.57239,-24.32122],[-51.56946,-24.31538],[-51.5664,-24.3099],[-51.56418,-24.30651],[-51.56143,-24.30203],[-51.55624,-24.29388],[-51.55408,-24.29024],[-51.54897,-24.28216],[-51.54625,-24.27768],[-51.54307,-24.27281],[-51.54211,-24.27112],[-51.53696,-24.26287],[-51.5361,-24.2616],[-51.52844,-24.24935],[-51.52742,-24.24788],[-51.51504,-24.22802],[-51.51399,-24.22653],[-51.50948,-24.21918],[-51.4824,-24.17603],[-51.43237,-24.09596],[-51.39305,-24.02859],[-51.38149,-23.97789],[-51.37464,-23.9533],[-51.37344,-23.94936],[-51.3721,-23.94414],[-51.3702,-23.93724],[-51.36363,-23.91375],[-51.32186,-23.82512],[-51.32201,-23.82325],[-51.30404,-23.78503],[-51.30215,-23.78117],[-51.29785,-23.77189],[-51.29062,-23.7519],[-51.28637,-23.7399],[-51.28214,-23.73243],[-51.27704,-23.72204],[-51.27003,-23.70806],[-51.24395,-23.63985],[-51.22404,-23.60734],[-51.21511,-23.59504],[-51.20812,-23.58556],[-51.19972,-23.57832],[-51.1829,-23.55825],[-51.15526,-23.51814],[-51.14345,-23.47239],[-51.14211,-23.46604],[-51.14129,-23.46458]]}},{"type":"Feature","properties":{"nome":"LT 525 kV Areia - Campos Novos, C1","tensao":525,"ano":0,"planejada":false},"geometry":{"type":"LineString","coordinates":[[-51.59976,-25.97005],[-51.59989,-25.97111],[-51.59695,-25.98087],[-51.59504,-25.98752],[-51.59425,-25.98994],[-51.58929,-26.0069],[-51.58919,-26.03308],[-51.58932,-26.03799],[-51.58956,-26.04195],[-51.58917,-26.04754],[-51.58936,-26.05515],[-51.58965,-26.05967],[-51.58951,-26.06433],[-51.58967,-26.07037],[-51.58969,-26.08131],[-51.58941,-26.09222],[-51.5894,-26.11409],[-51.5893,-26.12937],[-51.58944,-26.13605],[-51.58934,-26.14597],[-51.58943,-26.15387],[-51.5892,-26.16012],[-51.58642,-26.17606],[-51.58232,-26.19822],[-51.58106,-26.20579],[-51.58009,-26.21013],[-51.57597,-26.23307],[-51.57272,-26.25033],[-51.57197,-26.25531],[-51.5705,-26.26237],[-51.57031,-26.26931],[-51.569,-26.29829],[-51.56876,-26.31261],[-51.56876,-26.31714],[-51.56864,-26.31992],[-51.56866,-26.32269],[-51.56801,-26.34352],[-51.56795,-26.35001],[-51.56773,-26.3532],[-51.56752,-26.36033],[-51.56537,-26.37299],[-51.56398,-26.38222],[-51.56279,-26.38905],[-51.56195,-26.39476],[-51.55997,-26.40712],[-51.55795,-26.41844],[-51.55757,-26.42182],[-51.55648,-26.42745],[-51.55523,-26.43561],[-51.55388,-26.44366],[-51.55327,-26.44793],[-51.55256,-26.45165],[-51.55219,-26.45506],[-51.55019,-26.46629],[-51.54728,-26.48479],[-51.54517,-26.497],[-51.54453,-26.50161],[-51.54398,-26.50422],[-51.54263,-26.51294],[-51.53939,-26.53205],[-51.53893,-26.5355],[-51.53772,-26.54241],[-51.53716,-26.54645],[-51.53646,-26.55022],[-51.53504,-26.55948],[-51.53417,-26.56395],[-51.53336,-26.56938],[-51.53102,-26.58367],[-51.53041,-26.58793],[-51.52964,-26.59238],[-51.52988,-26.64523],[-51.53001,-26.65957],[-51.53006,-26.67359],[-51.53001,-26.68104],[-51.53009,-26.68484],[-51.53019,-26.71955],[-51.5304,-26.75225],[-51.53039,-26.77165],[-51.53047,-26.77494],[-51.53047,-26.78267],[-51.53099,-26.80095],[-51.53112,-26.80901],[-51.53193,-26.84035],[-51.5321,-26.84951],[-51.53102,-26.88447],[-51.53111,-26.91545],[-51.53118,-26.91854],[-51.53106,-26.92458],[-51.5312,-26.9283],[-51.53125,-26.93847],[-51.53118,-26.94839],[-51.53161,-26.98443],[-51.53161,-26.9864],[-51.53139,-26.99268],[-51.53153,-26.99794],[-51.53146,-27.0043],[-51.53159,-27.01282],[-51.53154,-27.01677],[-51.53178,-27.06028],[-51.53207,-27.07946],[-51.53222,-27.09638],[-51.53238,-27.09953],[-51.53248,-27.10872],[-51.53202,-27.12928],[-51.5319,-27.13092],[-51.53166,-27.14577],[-51.53149,-27.14891],[-51.53134,-27.15914],[-51.53108,-27.16466],[-51.53091,-27.17636],[-51.531,-27.17989],[-51.53191,-27.18568],[-51.52963,-27.19244],[-51.52773,-27.1988],[-51.51341,-27.28629],[-51.51207,-27.29441],[-51.51162,-27.2966],[-51.51087,-27.29828],[-51.50976,-27.30145],[-51.50227,-27.3194],[-51.49752,-27.33116],[-51.488,-27.35414],[-51.48675,-27.35736],[-51.48412,-27.36348],[-51.48302,-27.36635],[-51.47378,-27.38877],[-51.46066,-27.42405],[-51.45855,-27.42947],[-51.45741,-27.43285],[-51.43996,-27.47961],[-51.41546,-27.53637],[-51.41596,-27.53764],[-51.41718,-27.53856]]}},{"type":"Feature","properties":{"nome":"LT 525 kV Areia - Bateias, C1","tensao":525,"ano":2000,"planejada":false},"geometry":{"type":"LineString","coordinates":[[-51.59969,-25.96821],[-51.59941,-25.96772],[-51.5865,-25.95349],[-51.57757,-25.94386],[-51.57489,-25.94079],[-51.54998,-25.9242],[-51.5448,-25.92064],[-51.53873,-25.9167],[-51.53388,-25.91335],[-51.53208,-25.91136],[-51.5271,-25.90878],[-51.51421,-25.90625],[-51.50803,-25.90513],[-51.50303,-25.90405],[-51.49235,-25.90206],[-51.46511,-25.89658],[-51.4164,-25.88721],[-51.40985,-25.88585],[-51.39659,-25.88333],[-51.39229,-25.88243],[-51.37145,-25.87838],[-51.36699,-25.87744],[-51.36062,-25.87716],[-51.35291,-25.87694],[-51.33998,-25.87634],[-51.32347,-25.87582],[-51.3078,-25.87495],[-51.29297,-25.87402],[-51.28762,-25.87359],[-51.27532,-25.87295],[-51.25324,-25.86982],[-51.22492,-25.86602],[-51.21495,-25.86455],[-51.19702,-25.86217],[-51.18785,-25.86073],[-51.18342,-25.86013],[-51.179,-25.85934],[-51.16742,-25.85769],[-51.16244,-25.85686],[-51.13058,-25.85209],[-51.11745,-25.84997],[-51.10011,-25.84733],[-51.09227,-25.84622],[-51.08274,-25.84464],[-51.06501,-25.84202],[-51.05987,-25.84114],[-51.02887,-25.83642],[-51.02153,-25.83447],[-51.01016,-25.82956],[-51.00517,-25.82752],[-50.98858,-25.82045],[-50.97943,-25.81666],[-50.97138,-25.81314],[-50.92175,-25.79206],[-50.89031,-25.78516],[-50.88478,-25.78413],[-50.86822,-25.7803],[-50.85026,-25.77649],[-50.84588,-25.77542],[-50.82897,-25.77174],[-50.82195,-25.77006],[-50.79973,-25.76533],[-50.78105,-25.76102],[-50.76819,-25.75825],[-50.75132,-25.75414],[-50.74743,-25.75346],[-50.73739,-25.75124],[-50.73255,-25.74996],[-50.71637,-25.74622],[-50.71192,-25.74529],[-50.70348,-25.74335],[-50.68508,-25.73857],[-50.67687,-25.73668],[-50.66406,-25.73336],[-50.647,-25.72921],[-50.61744,-25.72176],[-50.61267,-25.72062],[-50.6004,-25.71745],[-50.59617,-25.71628],[-50.57633,-25.71136],[-50.56776,-25.70935],[-50.55479,-25.7061],[-50.5504,-25.70483],[-50.54577,-25.70361],[-50.54104,-25.70252],[-50.53247,-25.70039],[-50.52215,-25.6977],[-50.51443,-25.69591],[-50.50452,-25.69318],[-50.49994,-25.69227],[-50.49436,-25.69071],[-50.48984,-25.68973],[-50.48689,-25.6889],[-50.47441,-25.68574],[-50.44867,-25.67934],[-50.44557,-25.67852],[-50.44283,-25.67769],[-50.43995,-25.67709],[-50.43001,-25.67444],[-50.41862,-25.67072],[-50.4138,-25.66893],[-50.40397,-25.66547],[-50.36304,-25.65155],[-50.35618,-25.64909],[-50.34675,-25.64584],[-50.32793,-25.63963],[-50.32154,-25.63731],[-50.31588,-25.63542],[-50.30648,-25.63207],[-50.29637,-25.62862],[-50.28135,-25.62363],[-50.27319,-25.62069],[-50.25328,-25.61403],[-50.23865,-25.60974],[-50.21686,-25.60351],[-50.1967,-25.59812],[-50.18688,-25.59538],[-50.18389,-25.59447],[-50.13016,-25.57946],[-50.11901,-25.57612],[-50.09121,-25.56848],[-50.08468,-25.56652],[-50.07891,-25.56505],[-50.05689,-25.55877],[-50.04249,-25.55479],[-50.03635,-25.55321],[-50.02932,-25.55112],[-50.02251,-25.54923],[-50.01871,-25.54831],[-50.00834,-25.54535],[-50.00486,-25.54448],[-49.99186,-25.54085],[-49.97668,-25.53723],[-49.96392,-25.53398],[-49.95074,-25.53074],[-49.94787,-25.53014],[-49.94184,-25.52857],[-49.9257,-25.52465],[-49.91518,-25.52216],[-49.90289,-25.51906],[-49.8981,-25.51803],[-49.87656,-25.51275],[-49.87276,-25.51171],[-49.85762,-25.50813],[-49.84962,-25.50604],[-49.84158,-25.5042],[-49.83685,-25.50295],[-49.82852,-25.50092],[-49.82264,-25.49958],[-49.8075,-25.49545],[-49.79139,-25.49092],[-49.7878,-25.48999],[-49.76482,-25.48497],[-49.7162,-25.48011],[-49.69933,-25.47832],[-49.69536,-25.47793],[-49.69097,-25.47762],[-49.68777,-25.4754],[-49.66854,-25.46302],[-49.66516,-25.46094],[-49.65367,-25.45341],[-49.65013,-25.45185],[-49.64364,-25.44877],[-49.63769,-25.44376],[-49.63255,-25.43929],[-49.63053,-25.43766],[-49.61157,-25.42416],[-49.60465,-25.41906],[-49.602,-25.41736],[-49.5937,-25.41444],[-49.58693,-25.41195],[-49.57937,-25.40937],[-49.57145,-25.40654],[-49.55784,-25.40242],[-49.54403,-25.39835],[-49.53687,-25.3988],[-49.53689,-25.40223],[-49.53415,-25.4089]]}},{"type":"Feature","properties":{"nome":"LT 525 kV Salto Santiago - Itá, C1","tensao":525,"ano":0,"planejada":false},"geometry":{"type":"LineString","coordinates":[[-52.62327,-25.63023],[-52.62804,-25.63044],[-52.63025,-25.63554],[-52.63231,-25.64226],[-52.63485,-25.65164],[-52.63617,-25.65577],[-52.63758,-25.66096],[-52.63747,-25.66682],[-52.63707,-25.67227],[-52.63648,-25.68391],[-52.63563,-25.6865],[-52.62735,-25.70871],[-52.62573,-25.71361],[-52.62134,-25.72507],[-52.61898,-25.73186],[-52.61614,-25.73945],[-52.6156,-25.7415],[-52.61019,-25.75854],[-52.60871,-25.76414],[-52.60588,-25.77298],[-52.60512,-25.77679],[-52.60347,-25.78152],[-52.60229,-25.7851],[-52.60149,-25.78789],[-52.60028,-25.79143],[-52.59927,-25.79581],[-52.59723,-25.80286],[-52.59544,-25.81007],[-52.59356,-25.81811],[-52.59206,-25.82374],[-52.5902,-25.83179],[-52.58834,-25.8381],[-52.58675,-25.8413],[-52.58309,-25.84767],[-52.57612,-25.86066],[-52.57212,-25.87138],[-52.57003,-25.87738],[-52.56928,-25.87921],[-52.56563,-25.88969],[-52.56116,-25.90179],[-52.56072,-25.90322],[-52.55518,-25.92739],[-52.55402,-25.93329],[-52.55157,-25.94316],[-52.55003,-25.95049],[-52.54632,-25.96695],[-52.54286,-25.9816],[-52.54205,-25.98565],[-52.53931,-25.99785],[-52.5371,-26.00603],[-52.53549,-26.01075],[-52.53342,-26.018],[-52.53198,-26.02372],[-52.52577,-26.04475],[-52.52527,-26.04694],[-52.52314,-26.05456],[-52.5222,-26.05748],[-52.51572,-26.0798],[-52.51528,-26.08156],[-52.51176,-26.09302],[-52.50963,-26.10123],[-52.50866,-26.10447],[-52.50667,-26.11056],[-52.50347,-26.12145],[-52.50273,-26.12456],[-52.50108,-26.13057],[-52.49938,-26.13843],[-52.49362,-26.16272],[-52.49157,-26.17217],[-52.48812,-26.18743],[-52.48629,-26.19466],[-52.48523,-26.1999],[-52.48366,-26.20666],[-52.48299,-26.20921],[-52.48024,-26.22141],[-52.47732,-26.23373],[-52.47512,-26.24348],[-52.4742,-26.24694],[-52.47342,-26.25075],[-52.47244,-26.25492],[-52.47177,-26.25855],[-52.47021,-26.26469],[-52.46642,-26.28146],[-52.46439,-26.28977],[-52.46149,-26.3046],[-52.45848,-26.32147],[-52.4563,-26.333],[-52.45497,-26.34107],[-52.45357,-26.34818],[-52.44708,-26.38407],[-52.44517,-26.39405],[-52.44104,-26.41693],[-52.43926,-26.42633],[-52.43823,-26.4325],[-52.4371,-26.43834],[-52.43455,-26.44883],[-52.4324,-26.45824],[-52.43149,-26.46149],[-52.42897,-26.47221],[-52.42681,-26.48098],[-52.42586,-26.48522],[-52.42493,-26.48861],[-52.42192,-26.50077],[-52.41975,-26.50929],[-52.41719,-26.51864],[-52.41526,-26.52649],[-52.41378,-26.53176],[-52.41273,-26.5362],[-52.41132,-26.54129],[-52.40764,-26.55571],[-52.40527,-26.56402],[-52.39939,-26.58699],[-52.39871,-26.59051],[-52.39238,-26.62708],[-52.38999,-26.64011],[-52.38651,-26.66127],[-52.38431,-26.67341],[-52.38223,-26.68239],[-52.37954,-26.69511],[-52.37582,-26.71173],[-52.37398,-26.72058],[-52.37135,-26.73251],[-52.36963,-26.73883],[-52.36729,-26.74798],[-52.36594,-26.75368],[-52.36411,-26.76061],[-52.363,-26.7645],[-52.36108,-26.77221],[-52.35979,-26.77672],[-52.35879,-26.7811],[-52.35793,-26.78401],[-52.35628,-26.79059],[-52.35483,-26.79588],[-52.35145,-26.80947],[-52.34803,-26.82205],[-52.3471,-26.82509],[-52.34316,-26.84094],[-52.34204,-26.84504],[-52.34124,-26.84845],[-52.33735,-26.86328],[-52.33801,-26.86737],[-52.34117,-26.88159],[-52.34178,-26.88392],[-52.34265,-26.88794],[-52.34648,-26.90424],[-52.34846,-26.91209],[-52.34907,-26.91542],[-52.36118,-26.96691],[-52.3651,-26.98391],[-52.37022,-27.00386],[-52.37446,-27.0208],[-52.37773,-27.033],[-52.37819,-27.03553],[-52.37989,-27.04229],[-52.38317,-27.05482],[-52.38536,-27.06374],[-52.39611,-27.10601],[-52.40276,-27.15942],[-52.40342,-27.16423],[-52.40437,-27.17259],[-52.40587,-27.18382],[-52.40644,-27.18894],[-52.40727,-27.19491],[-52.40983,-27.21642],[-52.40993,-27.21827],[-52.4096,-27.23617],[-52.40962,-27.24241],[-52.40955,-27.24402],[-52.40962,-27.2518],[-52.40944,-27.26211],[-52.40664,-27.26992],[-52.40571,-27.27173]]}},{"type":"Feature","properties":{"nome":"LT 500 kV Segredo - UHE Governador Ney Braga, C1","tensao":500,"ano":1992,"planejada":false},"geometry":{"type":"LineString","coordinates":[[-52.09761,-25.78905],[-52.1024,-25.79005],[-52.10534,-25.79079],[-52.11265,-25.79062]]}},{"type":"Feature","properties":{"nome":"LT 500 kV Segredo - UHE Governador Ney Braga, C2","tensao":500,"ano":1992,"planejada":false},"geometry":{"type":"LineString","coordinates":[[-52.09767,-25.78882],[-52.10246,-25.78985],[-52.10534,-25.79057],[-52.1126,-25.79041]]}},{"type":"Feature","properties":{"nome":"LT 500 kV Segredo - UHE Governador Ney Braga, C3","tensao":500,"ano":1993,"planejada":false},"geometry":{"type":"LineString","coordinates":[[-52.0978,-25.78841],[-52.10527,-25.79024],[-52.11258,-25.79017]]}},{"type":"Feature","properties":{"nome":"LT 500 kV Segredo - UHE Governador Ney Braga, C4","tensao":500,"ano":1993,"planejada":false},"geometry":{"type":"LineString","coordinates":[[-52.09781,-25.7882],[-52.10528,-25.79],[-52.11255,-25.78995]]}},{"type":"Feature","properties":{"nome":"LT 525 kV Salto Caxias - Salto Santiago, C1","tensao":525,"ano":1999,"planejada":false},"geometry":{"type":"LineString","coordinates":[[-53.4974,-25.54361],[-53.49667,-25.54423],[-53.49578,-25.54593],[-53.48753,-25.56528],[-53.39932,-25.59691],[-53.38475,-25.6023],[-53.36198,-25.61045],[-53.33953,-25.61209],[-53.3369,-25.61239],[-53.32413,-25.61331],[-53.29212,-25.61587],[-53.28076,-25.61716],[-53.25369,-25.62053],[-53.23983,-25.6219],[-53.1917,-25.62601],[-53.16626,-25.63027],[-53.13877,-25.63503],[-53.12265,-25.63768],[-53.10647,-25.64055],[-53.08897,-25.64354],[-53.06355,-25.64222],[-53.05201,-25.64148],[-53.03699,-25.64067],[-53.00081,-25.63883],[-52.89577,-25.66433],[-52.88183,-25.66765],[-52.86819,-25.66637],[-52.85201,-25.66468],[-52.83637,-25.66315],[-52.8022,-25.65946],[-52.77028,-25.66519],[-52.75506,-25.66784],[-52.72269,-25.67376],[-52.70155,-25.67411],[-52.64569,-25.66445],[-52.64023,-25.66115],[-52.63668,-25.65595],[-52.63426,-25.64797],[-52.6326,-25.64173],[-52.63062,-25.63534],[-52.62825,-25.63006],[-52.6251,-25.62992],[-52.62416,-25.6295],[-52.62316,-25.62957]]}},{"type":"Feature","properties":{"nome":"LT 765 kV Itaberá - Tijuco Preto, C3","tensao":765,"ano":2001,"planejada":false},"geometry":{"type":"LineString","coordinates":[[-49.13012,-23.95075],[-49.12554,-23.95092],[-49.12077,-23.94703],[-49.11485,-23.94177],[-49.11033,-23.93792],[-49.09128,-23.91685],[-49.08672,-23.91166],[-49.06661,-23.88934],[-49.06003,-23.88178],[-49.05681,-23.87824],[-49.05395,-23.87495],[-49.04748,-23.86784],[-49.0346,-23.85329],[-49.03166,-23.85014],[-49.02772,-23.84569],[-49.00025,-23.82304],[-48.98946,-23.82],[-48.97592,-23.81599],[-48.96814,-23.81384],[-48.94747,-23.80785],[-48.91102,-23.79747],[-48.90631,-23.79601],[-48.879,-23.78827],[-48.86183,-23.78333],[-48.85194,-23.78037],[-48.84233,-23.77771],[-48.83723,-23.77615],[-48.81746,-23.77056],[-48.80851,-23.76797],[-48.80138,-23.76579],[-48.79618,-23.76441],[-48.78926,-23.76244],[-48.77374,-23.75788],[-48.76788,-23.75626],[-48.74115,-23.74855],[-48.7268,-23.74432],[-48.70911,-23.73932],[-48.70034,-23.73677],[-48.69279,-23.73446],[-48.68896,-23.73426],[-48.65651,-23.73166],[-48.65156,-23.73134],[-48.64429,-23.73054],[-48.63492,-23.72996],[-48.61495,-23.72827],[-48.60635,-23.72764],[-48.58491,-23.72671],[-48.57717,-23.72647],[-48.55756,-23.72559],[-48.55467,-23.72549],[-48.5497,-23.72551],[-48.53754,-23.72566],[-48.52947,-23.72565],[-48.48523,-23.72598],[-48.48015,-23.7259],[-48.46609,-23.72599],[-48.43367,-23.72199],[-48.42323,-23.72077],[-48.39317,-23.71691],[-48.37873,-23.71525],[-48.36469,-23.71347],[-48.36057,-23.71272],[-48.35641,-23.7124],[-48.3524,-23.71198],[-48.34914,-23.71149],[-48.3261,-23.70868],[-48.2769,-23.70623],[-48.23111,-23.70786],[-48.14544,-23.72435],[-48.13454,-23.72605],[-48.1141,-23.72907],[-48.10697,-23.73021],[-48.09779,-23.73153],[-48.08827,-23.73307],[-48.06384,-23.7367],[-48.05982,-23.73741],[-48.04643,-23.73935],[-48.04377,-23.73983],[-48.04036,-23.7402],[-48.03435,-23.74126],[-48.00691,-23.741],[-47.98493,-23.74052],[-47.95807,-23.73981],[-47.95259,-23.73978],[-47.92126,-23.73235],[-47.91576,-23.73114],[-47.90371,-23.7283],[-47.89384,-23.72564],[-47.88925,-23.7245],[-47.88627,-23.72362],[-47.86369,-23.71742],[-47.85632,-23.71547],[-47.84227,-23.71328],[-47.83226,-23.71216],[-47.82834,-23.71163],[-47.824,-23.71124],[-47.80642,-23.71317],[-47.7982,-23.71418],[-47.77643,-23.71661],[-47.77398,-23.71694],[-47.77,-23.71732],[-47.74809,-23.71991],[-47.73311,-23.71967],[-47.72288,-23.71941],[-47.71318,-23.71935],[-47.68812,-23.71884],[-47.65025,-23.7183],[-47.59528,-23.71728],[-47.57938,-23.7227],[-47.52783,-23.73991],[-47.52439,-23.74114],[-47.5069,-23.74938],[-47.49798,-23.75372],[-47.49586,-23.75456],[-47.48592,-23.7595],[-47.47114,-23.76646],[-47.46608,-23.76894],[-47.46018,-23.77166],[-47.43482,-23.77193],[-47.43002,-23.77187],[-47.4241,-23.77195],[-47.39944,-23.77467],[-47.39592,-23.775],[-47.38029,-23.77682],[-47.3753,-23.77723],[-47.36838,-23.77804],[-47.36472,-23.77786],[-47.35392,-23.77713],[-47.34737,-23.77697],[-47.34075,-23.77692],[-47.33153,-23.77664],[-47.32736,-23.77659],[-47.30546,-23.7765],[-47.30309,-23.77661],[-47.30043,-23.77684],[-47.29852,-23.7772],[-47.29419,-23.77776],[-47.27595,-23.78047],[-47.26557,-23.78217],[-47.2596,-23.7829],[-47.24575,-23.78492],[-47.20554,-23.78893],[-47.19612,-23.7915],[-47.19106,-23.793],[-47.18635,-23.79418],[-47.18272,-23.7953],[-47.17532,-23.79725],[-47.16897,-23.7992],[-47.16485,-23.80025],[-47.15824,-23.80211],[-47.15305,-23.80346],[-47.1512,-23.80407],[-47.14882,-23.80523],[-47.11293,-23.82387],[-47.11003,-23.82549],[-47.10196,-23.82948],[-47.07745,-23.84231],[-47.06694,-23.84771],[-47.06146,-23.85077],[-47.05681,-23.85356],[-47.05349,-23.85534],[-47.0213,-23.87423],[-47.01216,-23.8795],[-47.00748,-23.88035],[-47.00072,-23.88113],[-46.99049,-23.88259],[-46.98691,-23.88473],[-46.98107,-23.88805],[-46.95084,-23.8925],[-46.94135,-23.89229],[-46.92709,-23.89217],[-46.91265,-23.8974],[-46.90929,-23.8985],[-46.88197,-23.90254],[-46.86594,-23.90478],[-46.86255,-23.90533],[-46.84868,-23.90578],[-46.83999,-23.90813],[-46.83455,-23.90936],[-46.81623,-23.91206],[-46.80158,-23.91411],[-46.78416,-23.91142],[-46.7699,-23.90034],[-46.76617,-23.89901],[-46.76188,-23.89709],[-46.75845,-23.8957],[-46.75391,-23.89404],[-46.74958,-23.89218],[-46.74378,-23.89022],[-46.73984,-23.889],[-46.73287,-23.88865],[-46.72222,-23.88829],[-46.71049,-23.88856],[-46.70206,-23.88848],[-46.69147,-23.88865],[-46.67271,-23.888],[-46.65777,-23.88867],[-46.64122,-23.88928],[-46.6346,-23.88966],[-46.62515,-23.89004],[-46.62098,-23.88864],[-46.60279,-23.88037],[-46.6012,-23.87911],[-46.58411,-23.86636],[-46.58031,-23.86439],[-46.57624,-23.8621],[-46.57281,-23.8599],[-46.56956,-23.85755],[-46.56415,-23.8525],[-46.552,-23.84144],[-46.54891,-23.83991],[-46.54656,-23.83885],[-46.54367,-23.8382],[-46.53817,-23.83677],[-46.53416,-23.83642],[-46.53108,-23.83435],[-46.52677,-23.83077],[-46.52561,-23.82967],[-46.52457,-23.82707],[-46.52406,-23.82535],[-46.52081,-23.82159],[-46.51755,-23.81811],[-46.51228,-23.81197],[-46.5112,-23.81082],[-46.50504,-23.80952],[-46.50018,-23.81117],[-46.49599,-23.81124],[-46.48556,-23.80919],[-46.47576,-23.81278],[-46.47087,-23.81304],[-46.46336,-23.81572],[-46.45674,-23.81589],[-46.45523,-23.81634],[-46.44972,-23.81753],[-46.44413,-23.81742],[-46.43915,-23.81597],[-46.43477,-23.81443],[-46.42908,-23.81082],[-46.425,-23.80838],[-46.41912,-23.80461],[-46.41013,-23.79921],[-46.39281,-23.78842],[-46.38397,-23.78457],[-46.37775,-23.78172],[-46.37631,-23.77902],[-46.3716,-23.77645],[-46.35857,-23.77168],[-46.35576,-23.76979],[-46.35109,-23.76645],[-46.34554,-23.76142],[-46.34015,-23.75632],[-46.33768,-23.75421],[-46.33115,-23.74828],[-46.32687,-23.74631],[-46.31719,-23.73736],[-46.3153,-23.73553],[-46.31202,-23.73263],[-46.29287,-23.72359],[-46.28036,-23.71756],[-46.27757,-23.71614],[-46.27542,-23.71355],[-46.27493,-23.71277]]}},{"type":"Feature","properties":{"nome":"LT 765 kV Itaberá - Tijuco Preto, C1","tensao":765,"ano":0,"planejada":false},"geometry":{"type":"LineString","coordinates":[[-49.13,-23.95196],[-49.12171,-23.95204],[-49.11899,-23.94987],[-49.09994,-23.93407],[-49.09306,-23.92825],[-49.07503,-23.91337],[-49.06157,-23.90207],[-49.05763,-23.90082],[-49.05338,-23.89928],[-49.01924,-23.88753],[-48.98447,-23.88393],[-48.98119,-23.88361],[-48.97663,-23.88335],[-48.97344,-23.88284],[-48.93461,-23.87758],[-48.92898,-23.87671],[-48.90727,-23.87385],[-48.85388,-23.86649],[-48.83957,-23.86463],[-48.81532,-23.86123],[-48.80273,-23.85959],[-48.79418,-23.85832],[-48.78074,-23.85656],[-48.77256,-23.85538],[-48.76789,-23.85481],[-48.75877,-23.8535],[-48.75387,-23.85291],[-48.73676,-23.85051],[-48.72168,-23.8485],[-48.71354,-23.84813],[-48.66908,-23.84678],[-48.58009,-23.84378],[-48.5684,-23.84164],[-48.55907,-23.84006],[-48.54641,-23.83767],[-48.52505,-23.83386],[-48.51464,-23.83196],[-48.50874,-23.83079],[-48.47877,-23.82536],[-48.47271,-23.8242],[-48.46908,-23.8236],[-48.42744,-23.81524],[-48.4138,-23.81258],[-48.3445,-23.80501],[-48.32458,-23.80273],[-48.29844,-23.80218],[-48.28859,-23.80185],[-48.25473,-23.80103],[-48.23842,-23.80056],[-48.23539,-23.80057],[-48.22945,-23.80039],[-48.22508,-23.79976],[-48.22082,-23.79899],[-48.14449,-23.78694],[-48.13235,-23.78458],[-48.1152,-23.7814],[-48.09614,-23.77802],[-48.08261,-23.77578],[-48.0598,-23.77699],[-48.04251,-23.77852],[-48.02179,-23.77892],[-48.01047,-23.77956],[-47.97769,-23.78116],[-47.91985,-23.78418],[-47.85318,-23.78309],[-47.83157,-23.78094],[-47.81624,-23.77953],[-47.78528,-23.77937],[-47.75545,-23.77933],[-47.7476,-23.7792],[-47.72999,-23.77925],[-47.72429,-23.77912],[-47.71524,-23.77914],[-47.69643,-23.77902],[-47.69291,-23.77893],[-47.66706,-23.77898],[-47.6582,-23.77884],[-47.61212,-23.77865],[-47.6084,-23.77857],[-47.60517,-23.77864],[-47.59417,-23.77858],[-47.58257,-23.77866],[-47.57727,-23.77853],[-47.57317,-23.77862],[-47.56847,-23.77857],[-47.54706,-23.7787],[-47.54141,-23.77859],[-47.53727,-23.77872],[-47.52695,-23.78129],[-47.49601,-23.78921],[-47.47062,-23.79558],[-47.46011,-23.79984],[-47.45454,-23.80071],[-47.44901,-23.80172],[-47.44471,-23.80223],[-47.4375,-23.80325],[-47.42847,-23.80434],[-47.4195,-23.80557],[-47.37088,-23.81186],[-47.36752,-23.81235],[-47.36234,-23.81296],[-47.34693,-23.81504],[-47.33532,-23.81643],[-47.33156,-23.81698],[-47.25024,-23.82751],[-47.22683,-23.82613],[-47.21029,-23.82504],[-47.20786,-23.82495],[-47.19053,-23.83092],[-47.18362,-23.83322],[-47.18087,-23.83424],[-47.16079,-23.84101],[-47.1527,-23.84388],[-47.13325,-23.85056],[-47.10169,-23.86127],[-47.05493,-23.8774],[-47.03439,-23.8815],[-46.9431,-23.89488],[-46.91064,-23.89949],[-46.89407,-23.90206],[-46.88862,-23.90277],[-46.85779,-23.90721],[-46.84163,-23.90974],[-46.83538,-23.9105],[-46.8179,-23.9131],[-46.80624,-23.91468],[-46.80201,-23.9154],[-46.7882,-23.91739],[-46.78354,-23.91789],[-46.77534,-23.91803],[-46.74742,-23.91825],[-46.74207,-23.91838],[-46.7328,-23.91838],[-46.71201,-23.91855],[-46.6995,-23.91881],[-46.69173,-23.91886],[-46.68763,-23.91876],[-46.68464,-23.91891],[-46.68128,-23.91896],[-46.64969,-23.91443],[-46.64665,-23.91361],[-46.63882,-23.91174],[-46.62642,-23.90979],[-46.62159,-23.90868],[-46.61942,-23.90834],[-46.6167,-23.90607],[-46.60566,-23.8978],[-46.59814,-23.88941],[-46.59537,-23.88536],[-46.59367,-23.88271],[-46.5922,-23.88163],[-46.58647,-23.87689],[-46.57296,-23.87133],[-46.56889,-23.8663],[-46.56534,-23.86079],[-46.56216,-23.85733],[-46.56018,-23.85555],[-46.55542,-23.84887],[-46.55108,-23.84254],[-46.54626,-23.83944],[-46.53803,-23.83742],[-46.53391,-23.83713],[-46.53049,-23.83474],[-46.52481,-23.83012],[-46.52383,-23.8272],[-46.5235,-23.82562],[-46.51716,-23.81861],[-46.51104,-23.81162],[-46.5051,-23.81015],[-46.50027,-23.81176],[-46.49522,-23.81177],[-46.49386,-23.81159],[-46.48547,-23.80991],[-46.48059,-23.81161],[-46.47594,-23.81335],[-46.47094,-23.81364],[-46.46352,-23.81631],[-46.45681,-23.81654],[-46.44985,-23.8182],[-46.44404,-23.81805],[-46.44025,-23.81686],[-46.43484,-23.81603],[-46.39776,-23.793],[-46.39382,-23.79064],[-46.38877,-23.78803],[-46.374,-23.78155],[-46.37076,-23.77998],[-46.36347,-23.77681],[-46.35902,-23.77475],[-46.35457,-23.77285],[-46.33585,-23.75602],[-46.33099,-23.75191],[-46.32761,-23.74869],[-46.31885,-23.74085],[-46.31356,-23.73641],[-46.30966,-23.73287],[-46.29171,-23.72448],[-46.27666,-23.71705],[-46.27449,-23.71435],[-46.27389,-23.71322]]}},{"type":"Feature","properties":{"nome":"LT 440 kV UHE Porto Primavera - Taquaruçu, C2","tensao":440,"ano":2000,"planejada":false},"geometry":{"type":"LineString","coordinates":[[-52.95626,-22.482],[-52.9556,-22.48202],[-52.95216,-22.48364],[-52.91616,-22.51204],[-52.80419,-22.45208],[-52.62436,-22.35552],[-52.51946,-22.30792],[-52.37018,-22.31227],[-52.33857,-22.31309],[-52.26194,-22.31526],[-52.22118,-22.33951],[-52.15543,-22.37879],[-52.1263,-22.39602],[-52.11154,-22.4049],[-52.03947,-22.4477],[-52.01257,-22.48751],[-52.00292,-22.52373],[-52.00292,-22.53777]]}},{"type":"Feature","properties":{"nome":"LT 440 kV Taquaruçu - Capivara, C1","tensao":440,"ano":1984,"planejada":false},"geometry":{"type":"LineString","coordinates":[[-51.99955,-22.53755],[-51.99879,-22.52822],[-51.99434,-22.52507],[-51.96658,-22.52849],[-51.91915,-22.5345],[-51.7883,-22.55313],[-51.72229,-22.55274],[-51.62781,-22.57487],[-51.61277,-22.57849],[-51.55472,-22.59301],[-51.53938,-22.59676],[-51.52443,-22.60058],[-51.51022,-22.60399],[-51.49844,-22.60694],[-51.38305,-22.6413],[-51.37077,-22.64506],[-51.361,-22.65713],[-51.36106,-22.65745]]}},{"type":"Feature","properties":{"nome":"LT 440 kV Capivara - Assis, C1","tensao":440,"ano":0,"planejada":false},"geometry":{"type":"LineString","coordinates":[[-51.35927,-22.65752],[-51.35874,-22.65478],[-51.35731,-22.65302],[-51.35441,-22.65167],[-51.34401,-22.63738],[-51.30942,-22.61868],[-51.25796,-22.62171],[-51.21359,-22.62442],[-51.1501,-22.62815],[-51.12975,-22.62926],[-51.12606,-22.62948],[-51.12252,-22.6298],[-51.10678,-22.63073],[-51.07827,-22.63229],[-51.07411,-22.63263],[-50.99244,-22.6373],[-50.97631,-22.63824],[-50.96907,-22.63875],[-50.87632,-22.63187],[-50.65815,-22.66763],[-50.63083,-22.67189],[-50.43294,-22.70321],[-50.37126,-22.68177],[-50.3569,-22.67668],[-50.35238,-22.67073],[-50.35127,-22.6695]]}},{"type":"Feature","properties":{"nome":"LT 440 kV Assis - Bauru, C1","tensao":440,"ano":0,"planejada":false},"geometry":{"type":"LineString","coordinates":[[-50.34929,-22.66793],[-50.34907,-22.6669],[-50.33905,-22.64975],[-50.27935,-22.6257],[-50.25688,-22.62109],[-50.1156,-22.59117],[-49.9982,-22.5662],[-49.86674,-22.53813],[-49.66824,-22.49552],[-49.44971,-22.44832],[-49.4434,-22.4452],[-49.32159,-22.38665],[-49.28595,-22.36911],[-49.20154,-22.32733],[-49.1838,-22.31864],[-49.14751,-22.30062],[-49.11356,-22.28018],[-49.10158,-22.27973],[-49.09879,-22.28169],[-49.09797,-22.28268]]}},{"type":"Feature","properties":{"nome":"LT 440 kV Assis - Sumaré, C1","tensao":440,"ano":2001,"planejada":false},"geometry":{"type":"LineString","coordinates":[[-50.35006,-22.66769],[-50.34008,-22.65057],[-50.3369,-22.64938],[-50.30464,-22.65349],[-50.30041,-22.65393],[-50.27492,-22.65769],[-50.15027,-22.67519],[-50.01397,-22.69464],[-49.79734,-22.72516],[-49.75014,-22.73171],[-49.68717,-22.74265],[-49.42782,-22.7688],[-49.33408,-22.74079],[-49.19383,-22.73296],[-48.98213,-22.72096],[-48.8372,-22.7576],[-48.79174,-22.74993],[-48.68987,-22.76353],[-48.64087,-22.77921],[-48.58821,-22.77893],[-48.56134,-22.77271],[-48.5356,-22.7766],[-48.51343,-22.77431],[-48.45497,-22.75077],[-48.26346,-22.76311],[-48.24398,-22.76418],[-48.22785,-22.76438],[-48.0764,-22.76495],[-48.03666,-22.77172],[-47.99823,-22.78052],[-47.81708,-22.82133],[-47.79274,-22.82541],[-47.75956,-22.8311],[-47.75298,-22.83287],[-47.73829,-22.83699],[-47.73059,-22.839],[-47.71824,-22.84239],[-47.69985,-22.85662],[-47.62859,-22.87744],[-47.52247,-22.89489],[-47.5115,-22.89663],[-47.4076,-22.88301],[-47.32703,-22.86775],[-47.30129,-22.86277],[-47.28936,-22.86552],[-47.28879,-22.86604]]}},{"type":"Feature","properties":{"nome":"LT 440 kV Taquaruçu - Assis, C1","tensao":440,"ano":2001,"planejada":false},"geometry":{"type":"LineString","coordinates":[[-51.9999,-22.53754],[-52.0,-22.53674],[-51.9993,-22.52802],[-51.94626,-22.49077],[-51.65751,-22.4707],[-51.61076,-22.48712],[-51.50101,-22.52547],[-51.4697,-22.53687],[-51.44305,-22.54644],[-51.32223,-22.54438],[-51.23303,-22.5598],[-51.1069,-22.56719],[-51.062,-22.56972],[-50.87449,-22.5678],[-50.84794,-22.56744],[-50.78173,-22.59117],[-50.68037,-22.62732],[-50.49649,-22.69272],[-50.43301,-22.70273],[-50.41339,-22.69588],[-50.40001,-22.69133],[-50.35721,-22.67636],[-50.35275,-22.67049],[-50.35156,-22.66935]]}},{"type":"Feature","properties":{"nome":"LT 440 kV Bauru - Salto, C1","tensao":440,"ano":2012,"planejada":false},"geometry":{"type":"LineString","coordinates":[[-49.09413,-22.28305],[-49.09284,-22.28477],[-49.09043,-22.28543],[-49.07188,-22.28001],[-49.00495,-22.29721],[-48.97865,-22.30374],[-48.96641,-22.30697],[-48.95191,-22.31063],[-48.93881,-22.31409],[-48.91981,-22.31883],[-48.91532,-22.32062],[-48.84951,-22.35095],[-48.78548,-22.38033],[-48.68849,-22.40763],[-48.67649,-22.41199],[-48.66893,-22.41448],[-48.64159,-22.4208],[-48.57103,-22.44059],[-48.52051,-22.46863],[-48.50677,-22.47634],[-48.48134,-22.48653],[-48.46236,-22.49434],[-48.44485,-22.50141],[-48.40458,-22.51277],[-48.38473,-22.51853],[-48.2505,-22.55957],[-48.23191,-22.56513],[-48.21277,-22.57105],[-48.05898,-22.61768],[-48.04246,-22.62278],[-48.00219,-22.63503],[-47.96447,-22.64642],[-47.95196,-22.64738],[-47.93312,-22.6486],[-47.92231,-22.64939],[-47.91473,-22.65397],[-47.87742,-22.67706],[-47.85865,-22.68856],[-47.82311,-22.71062],[-47.7306,-22.76763],[-47.71234,-22.77898],[-47.66166,-22.81023],[-47.60892,-22.85969],[-47.5814,-22.88573],[-47.5506,-22.91447],[-47.52885,-22.93495],[-47.50662,-22.95559],[-47.49621,-22.96546],[-47.47829,-22.98213],[-47.44578,-23.01264],[-47.42322,-23.03363],[-47.41299,-23.04327],[-47.40181,-23.05353],[-47.39098,-23.06381],[-47.37773,-23.07418],[-47.32512,-23.11583],[-47.31187,-23.12618],[-47.26308,-23.16484],[-47.25239,-23.17325],[-47.24061,-23.18238],[-47.23955,-23.18117],[-47.24049,-23.17988]]}},{"type":"Feature","properties":{"nome":"LT 230 kV Joinville - Joinville Norte, C1","tensao":230,"ano":2009,"planejada":false},"geometry":{"type":"LineString","coordinates":[[-48.88806,-26.29088],[-48.88843,-26.29061],[-48.88952,-26.28808],[-48.89161,-26.28075],[-48.89312,-26.25281],[-48.89408,-26.25302],[-48.89774,-26.25446],[-48.90162,-26.25306],[-48.90157,-26.25239]]}},{"type":"Feature","properties":{"nome":"LT 230 kV Salto Osório - UHE Salto Osório, C6","tensao":230,"ano":1981,"planejada":false},"geometry":{"type":"LineString","coordinates":[[-53.01259,-25.53925],[-53.01189,-25.53893],[-53.00989,-25.53771]]}},{"type":"Feature","properties":{"nome":"LT 230 kV Salto Osório - UHE Salto Osório, C5","tensao":230,"ano":1980,"planejada":false},"geometry":{"type":"LineString","coordinates":[[-53.01251,-25.53935],[-53.00983,-25.5379]]}},{"type":"Feature","properties":{"nome":"LT 230 kV Salto Osório - UHE Salto Osório, C4","tensao":230,"ano":1976,"planejada":false},"geometry":{"type":"LineString","coordinates":[[-53.01245,-25.53948],[-53.00978,-25.53808]]}},{"type":"Feature","properties":{"nome":"LT 230 kV Salto Osório - UHE Salto Osório, C3","tensao":230,"ano":1976,"planejada":false},"geometry":{"type":"LineString","coordinates":[[-53.01239,-25.53959],[-53.00974,-25.5383]]}},{"type":"Feature","properties":{"nome":"LT 230 kV Salto Osório - UHE Salto Osório, C2","tensao":230,"ano":1975,"planejada":false},"geometry":{"type":"LineString","coordinates":[[-53.01232,-25.53971],[-53.00971,-25.53848]]}},{"type":"Feature","properties":{"nome":"LT 230 kV Salto Osório - UHE Salto Osório, C1","tensao":230,"ano":1975,"planejada":false},"geometry":{"type":"LineString","coordinates":[[-53.01224,-25.53983],[-53.00967,-25.53866]]}},{"type":"Feature","properties":{"nome":"LT 440 kV UHE Porto Primavera - Taquaruçu, C1","tensao":440,"ano":1999,"planejada":false},"geometry":{"type":"LineString","coordinates":[[-52.95614,-22.48235],[-52.95565,-22.48223],[-52.95257,-22.4839],[-52.90438,-22.52181],[-52.73743,-22.54686],[-52.56149,-22.50444],[-52.49428,-22.45479],[-52.37514,-22.36645],[-52.36127,-22.36293],[-52.31964,-22.352],[-52.30455,-22.34812],[-52.30196,-22.34954],[-52.23253,-22.39043],[-52.00338,-22.52483],[-52.0035,-22.53464],[-52.00314,-22.53779]]}},{"type":"Feature","properties":{"nome":"LT 525 kV Areia - UHE Governador Bento Munhoz da Rocha Netto, C2","tensao":525,"ano":0,"planejada":false},"geometry":{"type":"LineString","coordinates":[[-51.60043,-25.96977],[-51.60099,-25.97097],[-51.60384,-25.97556],[-51.61317,-25.98172],[-51.67586,-25.99346],[-51.6804,-25.99974],[-51.67902,-26.0055],[-51.67582,-26.00836],[-51.67145,-26.00728],[-51.66917,-26.00689]]}},{"type":"Feature","properties":{"nome":"LT 525 kV Areia - UHE Governador Bento Munhoz da Rocha Netto, C1","tensao":525,"ano":0,"planejada":false},"geometry":{"type":"LineString","coordinates":[[-51.60018,-25.96995],[-51.60053,-25.97118],[-51.60344,-25.97583],[-51.6063,-25.97778],[-51.61295,-25.98208],[-51.61701,-25.98293],[-51.67547,-25.99386],[-51.67981,-25.99995],[-51.67922,-26.00277],[-51.67858,-26.00532],[-51.67757,-26.00612],[-51.67249,-26.00653],[-51.66941,-26.00657]]}},{"type":"Feature","properties":{"nome":"LT 525 kV Londrina (ESU) - Assis, C1","tensao":525,"ano":2005,"planejada":false},"geometry":{"type":"LineString","coordinates":[[-51.13992,-23.46322],[-51.13922,-23.46124],[-51.13488,-23.45726],[-51.1034,-23.43145],[-51.07018,-23.41605],[-51.02623,-23.35682],[-51.02232,-23.35382],[-51.01109,-23.34484],[-51.00282,-23.33843],[-50.99967,-23.33587],[-50.96945,-23.32122],[-50.93657,-23.28437],[-50.92602,-23.26602],[-50.91095,-23.23782],[-50.8906,-23.20574],[-50.88578,-23.1991],[-50.87881,-23.18928],[-50.80585,-23.10642],[-50.79127,-23.08825],[-50.78406,-23.07972],[-50.76769,-23.05959],[-50.75904,-23.04922],[-50.75114,-23.03941],[-50.74693,-23.03561],[-50.74353,-23.03284],[-50.7134,-23.02054],[-50.69955,-23.01502],[-50.69055,-23.00773],[-50.67395,-22.98021],[-50.64918,-22.94659],[-50.64621,-22.94258],[-50.62451,-22.91818],[-50.61502,-22.9114],[-50.60917,-22.90734],[-50.59044,-22.89313],[-50.57141,-22.87831],[-50.54683,-22.855],[-50.53566,-22.84424],[-50.49528,-22.806],[-50.42655,-22.73836],[-50.42407,-22.73513],[-50.42085,-22.73068],[-50.40985,-22.71595],[-50.39847,-22.71385],[-50.3852,-22.69603],[-50.35985,-22.67823],[-50.35359,-22.6699],[-50.35235,-22.66863]]}},{"type":"Feature","properties":{"nome":"LT 525 kV Salto Santiago - Segredo, C1","tensao":525,"ano":0,"planejada":false},"geometry":{"type":"LineString","coordinates":[[-52.62136,-25.63051],[-52.62083,-25.63076],[-52.6123,-25.63806],[-52.60764,-25.64545],[-52.6043,-25.65929],[-52.60197,-25.66691],[-52.59087,-25.67875],[-52.58952,-25.68005],[-52.58692,-25.683],[-52.5745,-25.6962],[-52.57104,-25.69971],[-52.5667,-25.70452],[-52.56301,-25.70842],[-52.54437,-25.72611],[-52.53323,-25.73682],[-52.49848,-25.74218],[-52.48404,-25.74416],[-52.47861,-25.74504],[-52.41048,-25.75502],[-52.24841,-25.77859],[-52.19168,-25.78697],[-52.15595,-25.78231],[-52.12334,-25.77821],[-52.11283,-25.77699],[-52.09517,-25.77836],[-52.09388,-25.78024],[-52.09325,-25.78323],[-52.09322,-25.78575],[-52.0944,-25.78725],[-52.09588,-25.78796]]}},{"type":"Feature","properties":{"nome":"LT 525 kV Salto Santiago - UHE Salto Santiago, C1","tensao":525,"ano":1980,"planejada":false},"geometry":{"type":"LineString","coordinates":[[-52.62118,-25.6297],[-52.61819,-25.63027],[-52.61572,-25.62897]]}},{"type":"Feature","properties":{"nome":"LT 525 kV Salto Santiago - UHE Salto Santiago, C2","tensao":525,"ano":1982,"planejada":false},"geometry":{"type":"LineString","coordinates":[[-52.62116,-25.63],[-52.61831,-25.63072],[-52.61672,-25.63014],[-52.61561,-25.62944]]}},{"type":"Feature","properties":{"nome":"LT 525 kV Salto Caxias - Cascavel Oeste, C1","tensao":525,"ano":2001,"planejada":false},"geometry":{"type":"LineString","coordinates":[[-53.49778,-25.54325],[-53.50286,-25.53836],[-53.51737,-25.52471],[-53.52544,-25.5096],[-53.55049,-25.46328],[-53.55133,-25.4362],[-53.55142,-25.43119],[-53.55117,-25.41149],[-53.55073,-25.38866],[-53.55061,-25.37455],[-53.55091,-25.36367],[-53.55118,-25.34835],[-53.55043,-25.33639],[-53.53921,-25.16336],[-53.52739,-25.06062],[-53.52399,-25.04086],[-53.5313,-25.02991],[-53.53233,-25.0294]]}},{"type":"Feature","properties":{"nome":"LT 600 kV CC Foz do Iguaçu - Ibiúna, C1","tensao":600,"ano":0,"planejada":false},"geometry":{"type":"LineString","coordinates":[[-54.53802,-25.46918],[-54.5304,-25.47052],[-54.52362,-25.46991],[-54.51489,-25.46942],[-54.49518,-25.46808],[-54.48468,-25.46271],[-54.48071,-25.46082],[-54.46619,-25.45331],[-54.45831,-25.44952],[-54.44897,-25.44458],[-54.44122,-25.44061],[-54.43762,-25.4389],[-54.43439,-25.43719],[-54.42511,-25.43262],[-54.3786,-25.40887],[-54.37531,-25.40729],[-54.3714,-25.40521],[-54.3559,-25.3974],[-54.34802,-25.39331],[-54.34509,-25.39191],[-54.33752,-25.38538],[-54.33398,-25.38251],[-54.33118,-25.38],[-54.32422,-25.37408],[-54.31738,-25.36841],[-54.31409,-25.36548],[-54.30011,-25.3537],[-54.29681,-25.35071],[-54.2934,-25.3479],[-54.28998,-25.34491],[-54.28339,-25.33948],[-54.27631,-25.33331],[-54.27191,-25.32971],[-54.2688,-25.3269],[-54.26581,-25.3244],[-54.26251,-25.32178],[-54.25958,-25.31909],[-54.2561,-25.31628],[-54.25061,-25.31152],[-54.24799,-25.30969],[-54.23651,-25.30261],[-54.2262,-25.2959],[-54.22101,-25.29279],[-54.2179,-25.29071],[-54.20911,-25.28522],[-54.20148,-25.28021],[-54.19891,-25.27869],[-54.1944,-25.2757],[-54.1864,-25.27081],[-54.18268,-25.26831],[-54.17688,-25.26459],[-54.16321,-25.25598],[-54.15881,-25.25311],[-54.15601,-25.2514],[-54.14581,-25.24481],[-54.14209,-25.24249],[-54.13959,-25.24103],[-54.12708,-25.23291],[-54.12421,-25.2312],[-54.1189,-25.22778],[-54.11371,-25.22461],[-54.11011,-25.22211],[-54.10199,-25.21729],[-54.09528,-25.21271],[-54.08478,-25.2063],[-54.07788,-25.20178],[-54.06708,-25.19501],[-54.06348,-25.19263],[-54.05371,-25.1864],[-54.04309,-25.1814],[-54.03809,-25.17889],[-54.03339,-25.1767],[-54.0249,-25.17249],[-54.0163,-25.1684],[-54.01251,-25.1665],[-54.00879,-25.16479],[-53.99591,-25.15851],[-53.98181,-25.15179],[-53.96539,-25.14331],[-53.96198,-25.14148],[-53.94751,-25.13409],[-53.94373,-25.13202],[-53.93201,-25.12598],[-53.92792,-25.12378],[-53.92078,-25.12018],[-53.91638,-25.1178],[-53.91211,-25.11578],[-53.90729,-25.1131],[-53.9035,-25.11121],[-53.8855,-25.10181],[-53.88141,-25.09979],[-53.8728,-25.09528],[-53.86768,-25.09241],[-53.86499,-25.09131],[-53.85828,-25.08801],[-53.85492,-25.086],[-53.8479,-25.08282],[-53.82538,-25.07159],[-53.81909,-25.0686],[-53.80981,-25.0639],[-53.80682,-25.0625],[-53.7973,-25.0578],[-53.79462,-25.0564],[-53.78558,-25.052],[-53.7796,-25.04889],[-53.77661,-25.04761],[-53.7735,-25.0459],[-53.7713,-25.0448],[-53.76691,-25.0423],[-53.75208,-25.0343],[-53.7489,-25.03241],[-53.74341,-25.02972],[-53.74078,-25.02808],[-53.72461,-25.01941],[-53.7182,-25.01581],[-53.71521,-25.01428],[-53.71051,-25.0116],[-53.69843,-25.00513],[-53.68958,-25.00018],[-53.68549,-24.99811],[-53.68201,-24.99609],[-53.6781,-24.99402],[-53.67432,-24.99188],[-53.65417,-24.98102],[-53.64911,-24.97809],[-53.63318,-24.9696],[-53.62372,-24.96429],[-53.6087,-24.95618],[-53.60632,-24.95471],[-53.6026,-24.95282],[-53.59888,-24.95068],[-53.59479,-24.94849],[-53.59131,-24.94678],[-53.58289,-24.94189],[-53.57892,-24.94],[-53.56958,-24.93518],[-53.55609,-24.92743],[-53.5498,-24.92401],[-53.54572,-24.92169],[-53.53442,-24.91553],[-53.53088,-24.9137],[-53.52789,-24.91199],[-53.51099,-24.90271],[-53.50269,-24.89832],[-53.49951,-24.89648],[-53.49591,-24.89459],[-53.46991,-24.88019],[-53.466,-24.87811],[-53.4552,-24.87201],[-53.4483,-24.86841],[-53.4314,-24.85919],[-53.42322,-24.85468],[-53.41718,-24.8512],[-53.4118,-24.84839],[-53.4007,-24.84229],[-53.3963,-24.83978],[-53.38458,-24.83801],[-53.36951,-24.83551],[-53.36578,-24.83502],[-53.36108,-24.83411],[-53.35651,-24.8335],[-53.34601,-24.83191],[-53.33313,-24.82971],[-53.32538,-24.82861],[-53.31329,-24.82672],[-53.30408,-24.8252],[-53.27539,-24.82068],[-53.26233,-24.81927],[-53.25641,-24.81848],[-53.25269,-24.81818],[-53.24719,-24.8175],[-53.23792,-24.81653],[-53.23358,-24.81598],[-53.22589,-24.81519],[-53.22369,-24.81488],[-53.19769,-24.81201],[-53.1767,-24.81158],[-53.17389,-24.81158],[-53.17169,-24.8111],[-53.16199,-24.80939],[-53.15082,-24.80731],[-53.14478,-24.80609],[-53.13678,-24.8053],[-53.13281,-24.80481],[-53.1275,-24.80432],[-53.12341,-24.80371],[-53.11951,-24.80341],[-53.11481,-24.80292],[-53.09741,-24.8009],[-53.07721,-24.79871],[-53.06689,-24.79749],[-53.06299,-24.79712],[-53.05829,-24.79651],[-53.05481,-24.7962],[-53.05188,-24.79578],[-53.0412,-24.79449],[-53.02869,-24.79309],[-53.00629,-24.79028],[-52.9931,-24.78882],[-52.9873,-24.78809],[-52.98041,-24.78711],[-52.9743,-24.7865],[-52.96631,-24.7854],[-52.96338,-24.78491],[-52.95209,-24.78339],[-52.9483,-24.78271],[-52.92029,-24.77869],[-52.91351,-24.77759],[-52.90973,-24.7771],[-52.90723,-24.77661],[-52.8999,-24.77551],[-52.89191,-24.77448],[-52.8847,-24.77332],[-52.8808,-24.77283],[-52.87738,-24.77228],[-52.84692,-24.77222],[-52.83838,-24.77228],[-52.815,-24.77222],[-52.80969,-24.77209],[-52.78009,-24.77209],[-52.77411,-24.77173],[-52.77063,-24.77191],[-52.74878,-24.77191],[-52.72388,-24.76709],[-52.71448,-24.76508],[-52.69769,-24.7619],[-52.68811,-24.75989],[-52.68219,-24.75879],[-52.65179,-24.75269],[-52.6485,-24.75189],[-52.64099,-24.75061],[-52.63428,-24.74921],[-52.62091,-24.7467],[-52.61438,-24.7453],[-52.599,-24.74231],[-52.5874,-24.73993],[-52.58191,-24.73871],[-52.57819,-24.7381],[-52.5708,-24.73651],[-52.56689,-24.7359],[-52.56439,-24.73529],[-52.55499,-24.73358],[-52.5451,-24.73151],[-52.54138,-24.7309],[-52.53729,-24.7301],[-52.52338,-24.72711],[-52.52081,-24.72668],[-52.51459,-24.7254],[-52.51099,-24.72479],[-52.50439,-24.72351],[-52.495,-24.72162],[-52.492,-24.72089],[-52.48437,-24.71948],[-52.46368,-24.71521],[-52.45892,-24.71442],[-52.45398,-24.71338],[-52.45129,-24.71301],[-52.44788,-24.7124],[-52.44061,-24.71143],[-52.4184,-24.70789],[-52.41199,-24.70709],[-52.40417,-24.70581],[-52.3996,-24.7052],[-52.39581,-24.70453],[-52.3764,-24.70172],[-52.36731,-24.7002],[-52.35651,-24.69861],[-52.3537,-24.69781],[-52.34961,-24.69751],[-52.3446,-24.6969],[-52.34009,-24.69629],[-52.3324,-24.69501],[-52.32251,-24.69299],[-52.31848,-24.69238],[-52.31201,-24.69098],[-52.30908,-24.69049],[-52.30359,-24.68921],[-52.2995,-24.6886],[-52.29687,-24.68799],[-52.29272,-24.68719],[-52.28802,-24.6864],[-52.28229,-24.68518],[-52.2674,-24.68231],[-52.2627,-24.68121],[-52.2583,-24.68048],[-52.24969,-24.67871],[-52.23761,-24.67651],[-52.23511,-24.6759],[-52.2312,-24.67511],[-52.22638,-24.67401],[-52.22461,-24.67389],[-52.21863,-24.67279],[-52.20453,-24.66992],[-52.19659,-24.6684],[-52.19141,-24.6673],[-52.18829,-24.66681],[-52.18469,-24.66602],[-52.17871,-24.66492],[-52.1745,-24.664],[-52.16968,-24.66309],[-52.16443,-24.66199],[-52.15033,-24.6593],[-52.1333,-24.65588],[-52.13092,-24.65552],[-52.12018,-24.65338],[-52.11188,-24.65161],[-52.09778,-24.64899],[-52.0957,-24.6485],[-52.0802,-24.64551],[-52.06818,-24.64301],[-52.06079,-24.64178],[-52.0542,-24.64038],[-52.0517,-24.63971],[-52.04681,-24.63892],[-52.02472,-24.63452],[-52.0199,-24.63379],[-52.01691,-24.63269],[-52.01208,-24.63202],[-52.00732,-24.6311],[-52.00482,-24.63049],[-51.99158,-24.62799],[-51.98682,-24.62561],[-51.96509,-24.6153],[-51.95923,-24.61261],[-51.9549,-24.61041],[-51.9502,-24.6084],[-51.93628,-24.60181],[-51.93182,-24.59961],[-51.92499,-24.5965],[-51.92169,-24.59479],[-51.90692,-24.58789],[-51.8974,-24.58331],[-51.8913,-24.58051],[-51.88269,-24.57629],[-51.87921,-24.57471],[-51.87738,-24.57379],[-51.87311,-24.5719],[-51.8562,-24.56378],[-51.85321,-24.5625],[-51.84711,-24.55951],[-51.83881,-24.5556],[-51.82593,-24.54938],[-51.80341,-24.53882],[-51.79999,-24.53711],[-51.7948,-24.53479],[-51.7915,-24.53308],[-51.78369,-24.53009],[-51.78058,-24.52881],[-51.77112,-24.52539],[-51.76251,-24.52191],[-51.75751,-24.52008],[-51.75311,-24.51831],[-51.72949,-24.5094],[-51.7218,-24.50641],[-51.71051,-24.5022],[-51.69928,-24.4978],[-51.69623,-24.49652],[-51.68469,-24.49219],[-51.67908,-24.48999],[-51.65417,-24.48749],[-51.64392,-24.48639],[-51.63599,-24.48541],[-51.6308,-24.48499],[-51.62549,-24.48438],[-51.6095,-24.48279],[-51.59552,-24.4812],[-51.5813,-24.4798],[-51.57599,-24.47919],[-51.56781,-24.47852],[-51.56238,-24.47778],[-51.55811,-24.47729],[-51.5495,-24.4765],[-51.52679,-24.474],[-51.52368,-24.47382],[-51.51538,-24.47278],[-51.49591,-24.47083],[-51.492,-24.47028],[-51.48761,-24.46991],[-51.4837,-24.46942],[-51.4801,-24.46912],[-51.47552,-24.46851],[-51.47168,-24.4682],[-51.46301,-24.46729],[-51.45929,-24.4668],[-51.4469,-24.4657],[-51.44189,-24.46509],[-51.43658,-24.4646],[-51.43219,-24.46399],[-51.42822,-24.46368],[-51.42291,-24.46301],[-51.40759,-24.46149],[-51.40271,-24.46088],[-51.38611,-24.45911],[-51.3764,-24.4566],[-51.36798,-24.45428],[-51.34082,-24.44702],[-51.33722,-24.44598],[-51.3222,-24.44208],[-51.30713,-24.43799],[-51.2973,-24.43542],[-51.29089,-24.43359],[-51.28278,-24.43152],[-51.27838,-24.4303],[-51.27411,-24.42932],[-51.26941,-24.4278],[-51.26099,-24.42572],[-51.24591,-24.42169],[-51.24152,-24.42041],[-51.23889,-24.4198],[-51.21649,-24.414],[-51.21228,-24.41278],[-51.20911,-24.41199],[-51.20569,-24.41101],[-51.19849,-24.4093],[-51.18591,-24.40588],[-51.14178,-24.39429],[-51.13721,-24.39301],[-51.12903,-24.39111],[-51.12531,-24.38971],[-51.11902,-24.38831],[-51.1178,-24.38788],[-51.112,-24.38647],[-51.10529,-24.38458],[-51.10242,-24.38391],[-51.09558,-24.38208],[-51.09351,-24.38141],[-51.08698,-24.37982],[-51.0766,-24.37708],[-51.0744,-24.3764],[-51.06909,-24.375],[-51.06201,-24.37329],[-51.06049,-24.3728],[-51.0545,-24.3714],[-51.0528,-24.37079],[-51.0437,-24.36829],[-51.04028,-24.36749],[-51.03601,-24.36621],[-51.03418,-24.36578],[-51.02661,-24.36371],[-51.02509,-24.3634],[-51.01978,-24.362],[-51.00952,-24.35919],[-50.99902,-24.35651],[-50.99689,-24.35608],[-50.99451,-24.35529],[-50.98181,-24.35211],[-50.97058,-24.34943],[-50.96588,-24.34821],[-50.961,-24.34711],[-50.95709,-24.34601],[-50.9519,-24.34418],[-50.94489,-24.3429],[-50.94312,-24.34271],[-50.93579,-24.34082],[-50.92981,-24.33942],[-50.9082,-24.33398],[-50.90332,-24.33289],[-50.8988,-24.3316],[-50.883,-24.32788],[-50.87408,-24.32568],[-50.86621,-24.32361],[-50.85681,-24.32141],[-50.85541,-24.32098],[-50.85193,-24.32019],[-50.83771,-24.31659],[-50.82739,-24.31409],[-50.82397,-24.31311],[-50.82141,-24.31268],[-50.81201,-24.31018],[-50.80701,-24.30908],[-50.79388,-24.30579],[-50.78192,-24.30298],[-50.76361,-24.29828],[-50.73938,-24.2923],[-50.737,-24.29181],[-50.72931,-24.28979],[-50.72711,-24.28931],[-50.71478,-24.28619],[-50.711,-24.2854],[-50.70728,-24.2843],[-50.67981,-24.27753],[-50.67249,-24.27551],[-50.66748,-24.27448],[-50.64551,-24.26678],[-50.64252,-24.26563],[-50.6322,-24.26208],[-50.62939,-24.26099],[-50.62091,-24.258],[-50.5885,-24.25452],[-50.57123,-24.2547],[-50.5661,-24.25488],[-50.56,-24.25488],[-50.55078,-24.25262],[-50.5434,-24.25061],[-50.53778,-24.24933],[-50.53448,-24.24841],[-50.5238,-24.24731],[-50.51819,-24.24658],[-50.50818,-24.24561],[-50.49799,-24.24438],[-50.49481,-24.24408],[-50.49231,-24.24371],[-50.48492,-24.24298],[-50.47223,-24.24158],[-50.46851,-24.24103],[-50.45532,-24.23969],[-50.43958,-24.23779],[-50.43359,-24.2373],[-50.42468,-24.23639],[-50.41608,-24.23529],[-50.40808,-24.2345],[-50.40369,-24.23389],[-50.39362,-24.23279],[-50.37811,-24.2312],[-50.37061,-24.23022],[-50.36139,-24.22931],[-50.3432,-24.22711],[-50.33728,-24.22662],[-50.3125,-24.22369],[-50.30591,-24.22321],[-50.30261,-24.2226],[-50.2951,-24.22168],[-50.29041,-24.22101],[-50.28699,-24.22083],[-50.28021,-24.22009],[-50.27588,-24.21979],[-50.26678,-24.21863],[-50.25281,-24.2171],[-50.2428,-24.21588],[-50.23279,-24.21478],[-50.22919,-24.21429],[-50.2251,-24.21393],[-50.19373,-24.21033],[-50.18323,-24.20898],[-50.17712,-24.20831],[-50.17261,-24.20801],[-50.16058,-24.20648],[-50.1532,-24.20581],[-50.1485,-24.2052],[-50.13831,-24.2041],[-50.13141,-24.20319],[-50.12262,-24.20221],[-50.11951,-24.20178],[-50.11298,-24.20111],[-50.10718,-24.20032],[-50.10022,-24.19971],[-50.0957,-24.19922],[-50.08899,-24.1983],[-50.08582,-24.198],[-50.08258,-24.19781],[-50.07458,-24.1969],[-50.06091,-24.19513],[-50.05481,-24.1947],[-50.05157,-24.19421],[-50.04041,-24.19281],[-50.03522,-24.19238],[-50.03131,-24.19171],[-50.02112,-24.19061],[-50.01569,-24.19031],[-50.0119,-24.18958],[-50.00659,-24.18909],[-50.00281,-24.1886],[-49.99658,-24.18793],[-49.99408,-24.1875],[-49.98669,-24.18683],[-49.98468,-24.1864],[-49.9776,-24.18549],[-49.97528,-24.18542],[-49.96991,-24.18451],[-49.9649,-24.1842],[-49.96088,-24.18408],[-49.95618,-24.18311],[-49.95068,-24.18262],[-49.94519,-24.18188],[-49.94019,-24.18152],[-49.935,-24.18079],[-49.93079,-24.18042],[-49.92279,-24.17938],[-49.91498,-24.17859],[-49.90448,-24.17719],[-49.89362,-24.17609],[-49.8902,-24.1756],[-49.88647,-24.17493],[-49.87738,-24.17291],[-49.8728,-24.172],[-49.8667,-24.17108],[-49.86151,-24.16962],[-49.85571,-24.16858],[-49.84918,-24.16718],[-49.8454,-24.1665],[-49.841,-24.16559],[-49.83679,-24.16461],[-49.82178,-24.16162],[-49.81738,-24.16058],[-49.81311,-24.15979],[-49.80872,-24.15881],[-49.80469,-24.15759],[-49.79999,-24.15698],[-49.7962,-24.15631],[-49.7926,-24.15601],[-49.7879,-24.1557],[-49.78339,-24.15552],[-49.77942,-24.15509],[-49.77521,-24.15491],[-49.77069,-24.15448],[-49.75549,-24.15369],[-49.75031,-24.1532],[-49.74658,-24.1524],[-49.74078,-24.15131],[-49.73639,-24.1499],[-49.7226,-24.14661],[-49.71338,-24.14429],[-49.70502,-24.1424],[-49.69299,-24.1394],[-49.68848,-24.13849],[-49.67383,-24.13483],[-49.66461,-24.13269],[-49.65741,-24.13031],[-49.65332,-24.12988],[-49.6488,-24.12878],[-49.64471,-24.12799],[-49.63708,-24.12598],[-49.63141,-24.12469],[-49.62109,-24.12201],[-49.61621,-24.12091],[-49.612,-24.11981],[-49.60809,-24.11902],[-49.59338,-24.11542],[-49.58942,-24.11438],[-49.58569,-24.11353],[-49.56879,-24.10938],[-49.55951,-24.1073],[-49.55701,-24.10651],[-49.5481,-24.10449],[-49.5448,-24.10358],[-49.53461,-24.10101],[-49.53058,-24.10022],[-49.51221,-24.0957],[-49.5094,-24.09509],[-49.50238,-24.09332],[-49.49481,-24.09222],[-49.48871,-24.09119],[-49.48541,-24.09082],[-49.48041,-24.09009],[-49.47052,-24.08838],[-49.46838,-24.0882],[-49.46338,-24.08728],[-49.45453,-24.08588],[-49.4505,-24.08539],[-49.44348,-24.08429],[-49.43909,-24.0835],[-49.43402,-24.08289],[-49.42908,-24.08191],[-49.41132,-24.07941],[-49.40289,-24.078],[-49.39441,-24.07672],[-49.38428,-24.07538],[-49.37512,-24.07379],[-49.3645,-24.0722],[-49.3609,-24.07178],[-49.35651,-24.07092],[-49.35272,-24.07031],[-49.34491,-24.06909],[-49.34009,-24.06842],[-49.33649,-24.06781],[-49.33319,-24.06738],[-49.32953,-24.06671],[-49.3219,-24.06561],[-49.3186,-24.065],[-49.3139,-24.0636],[-49.30408,-24.0614],[-49.2973,-24.05969],[-49.28851,-24.05902],[-49.28418,-24.05902],[-49.28009,-24.05829],[-49.276,-24.05823],[-49.2724,-24.05792],[-49.26758,-24.05713],[-49.26398,-24.0567],[-49.25391,-24.05511],[-49.25,-24.05463],[-49.24048,-24.05298],[-49.23511,-24.05231],[-49.23242,-24.0517],[-49.22778,-24.05109],[-49.22351,-24.05011],[-49.21881,-24.04968],[-49.19751,-24.04633],[-49.1933,-24.04541],[-49.18701,-24.04468],[-49.18311,-24.04401],[-49.17938,-24.04358],[-49.16998,-24.04218],[-49.16492,-24.04132],[-49.1568,-24.0401],[-49.14978,-24.03888],[-49.14618,-24.03839],[-49.13678,-24.0368],[-49.1319,-24.03619],[-49.12659,-24.0354],[-49.11938,-24.03418],[-49.11603,-24.03387],[-49.11243,-24.0332],[-49.10449,-24.03198],[-49.0932,-24.03009],[-49.08752,-24.0293],[-49.08258,-24.0285],[-49.07831,-24.02771],[-49.0741,-24.02722],[-49.06403,-24.02551],[-49.05182,-24.02368],[-49.04791,-24.02301],[-49.04071,-24.02228],[-49.0271,-24.02118],[-49.02191,-24.02051],[-49.01471,-24.01978],[-49.01019,-24.01941],[-49.00531,-24.0188],[-48.99103,-24.0174],[-48.987,-24.01678],[-48.9812,-24.0163],[-48.97681,-24.01581],[-48.97119,-24.01532],[-48.9668,-24.01563],[-48.9624,-24.01581],[-48.95868,-24.0152],[-48.94501,-24.01251],[-48.94141,-24.0119],[-48.93628,-24.0108],[-48.93121,-24.00958],[-48.92432,-24.00848],[-48.91803,-24.01001],[-48.9151,-24.01019],[-48.90851,-24.01093],[-48.90491,-24.01111],[-48.89978,-24.01172],[-48.89313,-24.01208],[-48.88879,-24.0127],[-48.87561,-24.01379],[-48.87079,-24.01428],[-48.86731,-24.01379],[-48.86261,-24.01331],[-48.85828,-24.01251],[-48.85089,-24.01129],[-48.84778,-24.01099],[-48.84271,-24.01019],[-48.83411,-24.00909],[-48.81769,-24.00671],[-48.81439,-24.0061],[-48.8089,-24.00549],[-48.79541,-24.0036],[-48.79291,-24.00311],[-48.79028,-24.0022],[-48.78632,-24.00061],[-48.7843,-24.00012],[-48.78241,-23.99939],[-48.77863,-23.99878],[-48.77222,-23.99792],[-48.76929,-23.99738],[-48.76312,-23.99658],[-48.7522,-23.99481],[-48.7486,-23.99451],[-48.74451,-23.99371],[-48.73718,-23.9928],[-48.73169,-23.99188],[-48.72809,-23.99139],[-48.71808,-23.98981],[-48.70758,-23.9884],[-48.70331,-23.98761],[-48.69171,-23.98608],[-48.68298,-23.9848],[-48.67908,-23.98401],[-48.6731,-23.98322],[-48.6665,-23.98212],[-48.66272,-23.98169],[-48.6499,-23.97968],[-48.63318,-23.97729],[-48.62799,-23.97711],[-48.62439,-23.97668],[-48.61871,-23.97632],[-48.61438,-23.97589],[-48.60321,-23.97522],[-48.59161,-23.9743],[-48.58282,-23.97388],[-48.57861,-23.97321],[-48.57501,-23.97339],[-48.5708,-23.9729],[-48.55658,-23.97192],[-48.552,-23.9715],[-48.54749,-23.97131],[-48.53351,-23.97028],[-48.52948,-23.96991],[-48.52399,-23.9696],[-48.51929,-23.96912],[-48.51532,-23.96881],[-48.50641,-23.96832],[-48.49908,-23.96771],[-48.49432,-23.96753],[-48.4917,-23.96729],[-48.48499,-23.96698],[-48.47729,-23.9668],[-48.47137,-23.96649],[-48.46198,-23.96619],[-48.4585,-23.966],[-48.45361,-23.966],[-48.4494,-23.96582],[-48.44562,-23.96582],[-48.4411,-23.96539],[-48.43799,-23.96539],[-48.4278,-23.96509],[-48.42371,-23.96478],[-48.41351,-23.96448],[-48.4101,-23.96448],[-48.40582,-23.96429],[-48.40308,-23.96429],[-48.39783,-23.96332],[-48.39282,-23.96198],[-48.38733,-23.96082],[-48.37878,-23.95911],[-48.37469,-23.9585],[-48.3725,-23.95789],[-48.36798,-23.95691],[-48.35889,-23.95508],[-48.354,-23.95422],[-48.34698,-23.95282],[-48.34308,-23.9519],[-48.3335,-23.94989],[-48.31812,-23.9469],[-48.3139,-23.94598],[-48.30591,-23.9444],[-48.30078,-23.94318],[-48.29572,-23.94232],[-48.27368,-23.93768],[-48.25208,-23.93329],[-48.2478,-23.93231],[-48.24341,-23.93158],[-48.2392,-23.9306],[-48.23102,-23.92902],[-48.2265,-23.92871],[-48.2207,-23.92871],[-48.21259,-23.92859],[-48.20789,-23.92841],[-48.20221,-23.92853],[-48.19788,-23.9281],[-48.18909,-23.9278],[-48.1861,-23.92761],[-48.17908,-23.92761],[-48.17761,-23.92749],[-48.17181,-23.92743],[-48.16351,-23.92719],[-48.1593,-23.9267],[-48.15228,-23.92609],[-48.14838,-23.9256],[-48.14099,-23.92493],[-48.12653,-23.9234],[-48.11041,-23.92188],[-48.10168,-23.9209],[-48.09772,-23.92059],[-48.08423,-23.91931],[-48.07483,-23.91821],[-48.07098,-23.91791],[-48.06329,-23.91699],[-48.05841,-23.91669],[-48.05359,-23.91608],[-48.03528,-23.91431],[-48.0213,-23.91278],[-48.0105,-23.9118],[-48.00403,-23.91101],[-48.00122,-23.91089],[-47.99158,-23.90979],[-47.98859,-23.90961],[-47.97803,-23.90851],[-47.97229,-23.90802],[-47.9649,-23.9071],[-47.95831,-23.90649],[-47.94641,-23.90521],[-47.93121,-23.90381],[-47.9231,-23.90289],[-47.90961,-23.90161],[-47.8858,-23.89911],[-47.87341,-23.89832],[-47.841,-23.896],[-47.83008,-23.89532],[-47.81439,-23.8941],[-47.8089,-23.8938],[-47.80579,-23.89349],[-47.79529,-23.89288],[-47.77631,-23.89148],[-47.7655,-23.89081],[-47.75952,-23.89032],[-47.75,-23.88971],[-47.73792,-23.88879],[-47.73468,-23.88843],[-47.71973,-23.8855],[-47.71558,-23.88458],[-47.6983,-23.88129],[-47.69482,-23.88049],[-47.6424,-23.8703],[-47.63959,-23.86932],[-47.61249,-23.8595],[-47.60638,-23.85742],[-47.60101,-23.85541],[-47.59229,-23.85229],[-47.58728,-23.85059],[-47.58081,-23.84821],[-47.55731,-23.8399],[-47.53021,-23.83008],[-47.52679,-23.82892],[-47.52228,-23.82721],[-47.5155,-23.82489],[-47.51318,-23.82397],[-47.4967,-23.81812],[-47.49231,-23.81641],[-47.4798,-23.81073],[-47.46503,-23.80359],[-47.45459,-23.79871],[-47.42352,-23.78729],[-47.41351,-23.78387],[-47.40948,-23.78241],[-47.38562,-23.77472],[-47.3819,-23.77362],[-47.37378,-23.771],[-47.36902,-23.76959],[-47.36578,-23.76849],[-47.36041,-23.76691],[-47.35742,-23.76581],[-47.35291,-23.7644],[-47.34808,-23.763],[-47.33679,-23.7594],[-47.32971,-23.75732],[-47.3233,-23.75519],[-47.31281,-23.75201],[-47.28949,-23.74469],[-47.28571,-23.74359],[-47.27771,-23.74103],[-47.27338,-23.7395],[-47.25409,-23.7337],[-47.25,-23.73218],[-47.24371,-23.72998],[-47.23859,-23.72821],[-47.23651,-23.7276],[-47.2262,-23.72101],[-47.2229,-23.71899],[-47.2204,-23.71759],[-47.21649,-23.71558],[-47.20911,-23.7121],[-47.20508,-23.71008],[-47.1781,-23.6972],[-47.16699,-23.69202],[-47.16101,-23.68878],[-47.1521,-23.68433],[-47.14868,-23.6825],[-47.13483,-23.67401],[-47.12421,-23.6709],[-47.12018,-23.6698],[-47.11438,-23.6684],[-47.1087,-23.66852]]}},{"type":"Feature","properties":{"nome":"LT 765 kV Foz do Iguaçu - Ivaiporã, C1","tensao":765,"ano":1989,"planejada":false},"geometry":{"type":"LineString","coordinates":[[-54.53856,-25.46522],[-54.53229,-25.46631],[-54.5285,-25.4671],[-54.52008,-25.4671],[-54.5119,-25.46698],[-54.49579,-25.46698],[-54.48938,-25.46368],[-54.48138,-25.45929],[-54.47461,-25.45581],[-54.45081,-25.44299],[-54.44531,-25.44019],[-54.4361,-25.43518],[-54.43121,-25.43262],[-54.42822,-25.43091],[-54.4248,-25.42908],[-54.4184,-25.42578],[-54.40802,-25.4201],[-54.40002,-25.41589],[-54.39709,-25.41443],[-54.38208,-25.40631],[-54.36481,-25.39722],[-54.34961,-25.38538],[-54.33551,-25.37469],[-54.33228,-25.37201],[-54.32898,-25.36963],[-54.31909,-25.36188],[-54.31549,-25.35919],[-54.30249,-25.34912],[-54.29871,-25.34631],[-54.2923,-25.34131],[-54.28821,-25.33801],[-54.28528,-25.33588],[-54.26923,-25.32349],[-54.26532,-25.32092],[-54.26312,-25.31891],[-54.25201,-25.31018],[-54.24658,-25.30402],[-54.23273,-25.2879],[-54.23029,-25.28522],[-54.22742,-25.2818],[-54.22137,-25.2749],[-54.21881,-25.27209],[-54.21619,-25.26898],[-54.20081,-25.25128],[-54.19781,-25.24799],[-54.19598,-25.24579],[-54.19061,-25.23969],[-54.18921,-25.23798],[-54.18591,-25.23437],[-54.17371,-25.22028],[-54.16498,-25.21198],[-54.16199,-25.20898],[-54.15887,-25.20612],[-54.15381,-25.20111],[-54.14673,-25.1944],[-54.14258,-25.19031],[-54.13818,-25.1861],[-54.13391,-25.18219],[-54.12921,-25.17749],[-54.12598,-25.1745],[-54.11951,-25.16821],[-54.11578,-25.16479],[-54.11353,-25.16248],[-54.10681,-25.15601],[-54.08551,-25.1358],[-54.08142,-25.13177],[-54.07123,-25.12201],[-54.05731,-25.10883],[-54.0542,-25.10571],[-54.04999,-25.10181],[-54.04639,-25.09821],[-54.0365,-25.08881],[-54.02789,-25.08038],[-53.99939,-25.05298],[-53.99768,-25.05151],[-53.99213,-25.04608],[-53.98859,-25.04279],[-53.98608,-25.04028],[-53.9798,-25.03442],[-53.96851,-25.02338],[-53.95129,-25.0069],[-53.94751,-25.00311],[-53.94501,-25.00079],[-53.9364,-24.99609],[-53.93231,-24.99371],[-53.92108,-24.98749],[-53.91772,-24.98572],[-53.91351,-24.98328],[-53.9035,-24.97778],[-53.90131,-24.97638],[-53.8952,-24.97308],[-53.8877,-24.96881],[-53.88019,-24.96478],[-53.87659,-24.96271],[-53.8728,-24.96069],[-53.86908,-24.9585],[-53.8656,-24.9566],[-53.85931,-24.953],[-53.84528,-24.94531],[-53.8371,-24.94061],[-53.82672,-24.935],[-53.823,-24.93292],[-53.81769,-24.92981],[-53.81409,-24.92792],[-53.81018,-24.92572],[-53.80042,-24.9201],[-53.79138,-24.91522],[-53.7804,-24.90912],[-53.776,-24.90649],[-53.76959,-24.90308],[-53.7627,-24.89911],[-53.75818,-24.89801],[-53.75378,-24.89709],[-53.74103,-24.89398],[-53.73718,-24.89319],[-53.72968,-24.8913],[-53.72479,-24.8902],[-53.70148,-24.88458],[-53.68488,-24.8808],[-53.67639,-24.87878],[-53.66638,-24.87628],[-53.65448,-24.8736],[-53.64282,-24.87073],[-53.63141,-24.8681],[-53.60919,-24.86279],[-53.60571,-24.86188],[-53.59509,-24.85937],[-53.5896,-24.85822],[-53.58508,-24.85699],[-53.57233,-24.854],[-53.56439,-24.85199],[-53.55621,-24.85022],[-53.54382,-24.84723],[-53.54132,-24.84479],[-53.53778,-24.8418],[-53.53162,-24.83618],[-53.52869,-24.83368],[-53.52618,-24.8313],[-53.51538,-24.82172],[-53.50818,-24.81592],[-53.505,-24.81311],[-53.50189,-24.81079],[-53.49768,-24.80731],[-53.49481,-24.80511],[-53.49091,-24.8017],[-53.48761,-24.79919],[-53.48541,-24.79718],[-53.479,-24.79181],[-53.47241,-24.78601],[-53.46301,-24.77808],[-53.45978,-24.77521],[-53.4566,-24.77258],[-53.44238,-24.76038],[-53.43341,-24.75281],[-53.4256,-24.74591],[-53.41852,-24.74451],[-53.41498,-24.74371],[-53.4032,-24.74139],[-53.39679,-24.73999],[-53.38861,-24.7384],[-53.38458,-24.73749],[-53.3678,-24.73419],[-53.362,-24.73279],[-53.33789,-24.72791],[-53.315,-24.72308],[-53.30688,-24.7215],[-53.30292,-24.72058],[-53.29022,-24.71802],[-53.27551,-24.7149],[-53.27032,-24.71393],[-53.2525,-24.71021],[-53.24921,-24.7099],[-53.2309,-24.7077],[-53.20923,-24.70532],[-53.20453,-24.70471],[-53.18921,-24.70312],[-53.17511,-24.70148],[-53.17108,-24.70111],[-53.1604,-24.69983],[-53.15271,-24.6991],[-53.13647,-24.6972],[-53.11548,-24.69489],[-53.10101,-24.69318],[-53.09131,-24.6922],[-53.08228,-24.6911],[-53.07141,-24.69],[-53.06549,-24.68921],[-53.05481,-24.68799],[-53.05212,-24.68781],[-53.04858,-24.68732],[-53.04401,-24.68689],[-53.03259,-24.68549],[-53.02618,-24.68488],[-53.02271,-24.68439],[-53.0202,-24.6839],[-53.01538,-24.6828],[-53.00708,-24.68109],[-53.00421,-24.6806],[-52.98871,-24.67719],[-52.98688,-24.67688],[-52.98041,-24.67548],[-52.97638,-24.6745],[-52.95398,-24.66992],[-52.94818,-24.66858],[-52.93909,-24.66669],[-52.93152,-24.66498],[-52.92511,-24.6637],[-52.92181,-24.6629],[-52.91339,-24.66119],[-52.8941,-24.6571],[-52.888,-24.6557],[-52.87878,-24.65369],[-52.87329,-24.65259],[-52.87073,-24.65198],[-52.86719,-24.65131],[-52.86121,-24.65002],[-52.85791,-24.64941],[-52.8548,-24.64868],[-52.84509,-24.64679],[-52.84119,-24.64612],[-52.83789,-24.64539],[-52.83179,-24.64429],[-52.82678,-24.64319],[-52.8222,-24.6424],[-52.80261,-24.63843],[-52.77832,-24.63373],[-52.7674,-24.63141],[-52.75171,-24.62842],[-52.74799,-24.62781],[-52.74573,-24.6272],[-52.73669,-24.62549],[-52.71729,-24.62158],[-52.6994,-24.6181],[-52.69592,-24.61731],[-52.68811,-24.61591],[-52.6853,-24.6153],[-52.66388,-24.61023],[-52.65448,-24.60791],[-52.65088,-24.60718],[-52.64069,-24.60449],[-52.61981,-24.59943],[-52.6051,-24.5957],[-52.59198,-24.59259],[-52.58643,-24.59119],[-52.58209,-24.59021],[-52.54681,-24.58142],[-52.5351,-24.57861],[-52.51831,-24.5744],[-52.51471,-24.57361],[-52.50879,-24.57208],[-52.48962,-24.56738],[-52.4848,-24.5661],[-52.4812,-24.56531],[-52.47278,-24.56311],[-52.46863,-24.56219],[-52.45148,-24.55792],[-52.44751,-24.55713],[-52.43799,-24.55499],[-52.4328,-24.55371],[-52.42749,-24.55261],[-52.41541,-24.5498],[-52.41058,-24.54883],[-52.38812,-24.54382],[-52.37982,-24.54181],[-52.37219,-24.54028],[-52.36768,-24.53918],[-52.3595,-24.53741],[-52.34869,-24.53491],[-52.3429,-24.53369],[-52.33008,-24.5307],[-52.30933,-24.526],[-52.29199,-24.52222],[-52.27911,-24.51923],[-52.27283,-24.51788],[-52.26538,-24.51611],[-52.26288,-24.51562],[-52.25421,-24.51361],[-52.24371,-24.51141],[-52.23059,-24.50848],[-52.21899,-24.5061],[-52.21521,-24.50549],[-52.20978,-24.50421],[-52.20581,-24.50348],[-52.19983,-24.5022],[-52.17657,-24.49762],[-52.15979,-24.4942],[-52.1308,-24.48853],[-52.12482,-24.48718],[-52.10382,-24.48309],[-52.09723,-24.48169],[-52.07611,-24.47748],[-52.06659,-24.47571],[-52.05859,-24.474],[-52.05048,-24.47241],[-52.04669,-24.4718],[-52.04303,-24.47101],[-52.0213,-24.4668],[-51.99982,-24.4624],[-51.98718,-24.46008],[-51.98212,-24.45898],[-51.9718,-24.45691],[-51.96509,-24.45569],[-51.9574,-24.4541],[-51.9397,-24.45068],[-51.92639,-24.448],[-51.9129,-24.44629],[-51.87451,-24.44208],[-51.867,-24.44122],[-51.86151,-24.44049],[-51.84222,-24.43842],[-51.82111,-24.43591],[-51.81189,-24.435],[-51.79718,-24.43329],[-51.78949,-24.4325],[-51.7771,-24.43091],[-51.76721,-24.42981],[-51.76239,-24.42938],[-51.75098,-24.4281],[-51.74438,-24.42749],[-51.7218,-24.42609],[-51.71191,-24.4256],[-51.70831,-24.42529],[-51.6983,-24.42468],[-51.68579,-24.42401],[-51.6792,-24.42352],[-51.67602,-24.42152]]}},{"type":"Feature","properties":{"nome":"LT 765 kV Foz do Iguaçu - Ivaiporã, C2","tensao":765,"ano":1989,"planejada":false},"geometry":{"type":"LineString","coordinates":[[-54.53844,-25.46477],[-54.53632,-25.46509],[-54.53229,-25.46588],[-54.52838,-25.46649],[-54.49982,-25.46649],[-54.49609,-25.46631],[-54.49341,-25.46509],[-54.4906,-25.4635],[-54.48169,-25.4588],[-54.4751,-25.4552],[-54.47101,-25.45312],[-54.45923,-25.44678],[-54.45538,-25.44482],[-54.45129,-25.4425],[-54.44263,-25.43799],[-54.43549,-25.43408],[-54.42151,-25.4267],[-54.41431,-25.42279],[-54.41132,-25.42133],[-54.40271,-25.41681],[-54.396,-25.41309],[-54.39319,-25.41168],[-54.37732,-25.40308],[-54.37231,-25.40051],[-54.36871,-25.3985],[-54.3653,-25.39679],[-54.3443,-25.38049],[-54.33179,-25.37109],[-54.3252,-25.36578],[-54.3222,-25.36353],[-54.31891,-25.3609],[-54.31531,-25.35828],[-54.29858,-25.34521],[-54.28851,-25.33759],[-54.28583,-25.33539],[-54.28149,-25.33221],[-54.27869,-25.3299],[-54.26721,-25.32129],[-54.26239,-25.31738],[-54.25641,-25.31281],[-54.2525,-25.30969],[-54.23889,-25.29401],[-54.23529,-25.28998],[-54.22748,-25.28088],[-54.21942,-25.27173],[-54.21667,-25.26849],[-54.2146,-25.2663],[-54.2085,-25.25909],[-54.1994,-25.24878],[-54.19421,-25.24268],[-54.19122,-25.23938],[-54.18921,-25.237],[-54.18268,-25.22961],[-54.17969,-25.22601],[-54.1767,-25.22272],[-54.17419,-25.21979],[-54.17151,-25.21729],[-54.1687,-25.21448],[-54.15918,-25.20551],[-54.15381,-25.2002],[-54.15082,-25.19739],[-54.14313,-25.18988],[-54.13849,-25.18561],[-54.12988,-25.17731],[-54.12671,-25.17438],[-54.12079,-25.16858],[-54.09271,-25.14178],[-54.08679,-25.13599],[-54.08191,-25.13141],[-54.07928,-25.12878],[-54.0708,-25.12079],[-54.05463,-25.10529],[-54.04169,-25.09271],[-54.03619,-25.08752],[-54.02191,-25.07361],[-54.01569,-25.06781],[-53.9931,-25.04608],[-53.9895,-25.04279],[-53.98682,-25.0401],[-53.97198,-25.026],[-53.96948,-25.02338],[-53.96112,-25.01538],[-53.9549,-25.00928],[-53.9455,-25.00043],[-53.94153,-24.99811],[-53.92792,-24.9906],[-53.92059,-24.98639],[-53.9173,-24.98468],[-53.89288,-24.97101],[-53.88831,-24.96863],[-53.88458,-24.96649],[-53.87708,-24.9624],[-53.87341,-24.96021],[-53.86969,-24.95819],[-53.86591,-24.95599],[-53.86151,-24.95361],[-53.85071,-24.94751],[-53.84528,-24.94458],[-53.82861,-24.93518],[-53.82489,-24.93323],[-53.81421,-24.92712],[-53.81012,-24.92493],[-53.80121,-24.91992],[-53.79218,-24.91498],[-53.78839,-24.91278],[-53.76978,-24.9024],[-53.763,-24.8985],[-53.75421,-24.89661],[-53.75018,-24.89551],[-53.74591,-24.89459],[-53.74109,-24.89331],[-53.72351,-24.88928],[-53.70142,-24.88391],[-53.69281,-24.88202],[-53.67603,-24.87799],[-53.67072,-24.87659],[-53.6662,-24.87561],[-53.65759,-24.87341],[-53.6463,-24.87091],[-53.63629,-24.86859],[-53.63129,-24.86731],[-53.61719,-24.86407],[-53.5899,-24.8576],[-53.58539,-24.85638],[-53.5769,-24.85449],[-53.56488,-24.8515],[-53.54419,-24.84668],[-53.54169,-24.8443],[-53.53809,-24.84119],[-53.52118,-24.82599],[-53.51831,-24.82361],[-53.51581,-24.82129],[-53.5047,-24.81201],[-53.50201,-24.81],[-53.49792,-24.80658],[-53.49542,-24.80469],[-53.4881,-24.79871],[-53.48273,-24.79401],[-53.47528,-24.78778],[-53.46283,-24.77698],[-53.45221,-24.76801],[-53.4494,-24.7655],[-53.44312,-24.76019],[-53.44049,-24.75781],[-53.43689,-24.75488],[-53.43408,-24.75238],[-53.42828,-24.7475],[-53.42603,-24.74548],[-53.41821,-24.74371],[-53.41461,-24.7431],[-53.40649,-24.74139],[-53.4032,-24.74078],[-53.39258,-24.73859],[-53.38409,-24.73669],[-53.37982,-24.7359],[-53.36121,-24.73199],[-53.35638,-24.73108],[-53.34662,-24.729],[-53.33881,-24.72748],[-53.33398,-24.72638],[-53.32031,-24.72351],[-53.30621,-24.7207],[-53.30231,-24.71979],[-53.28949,-24.71722],[-53.2757,-24.71429],[-53.27008,-24.7132],[-53.2666,-24.7124],[-53.2608,-24.7113],[-53.25269,-24.70959],[-53.2489,-24.70911],[-53.24408,-24.70862],[-53.24091,-24.70819],[-53.23871,-24.70801],[-53.23419,-24.7074],[-53.22089,-24.70599],[-53.21729,-24.70551],[-53.2124,-24.70508],[-53.20868,-24.70459],[-53.19891,-24.70349],[-53.1897,-24.70258],[-53.18439,-24.7019],[-53.18018,-24.70148],[-53.17187,-24.7005],[-53.16858,-24.7002],[-53.16052,-24.69922],[-53.1311,-24.69598],[-53.1275,-24.6955],[-53.12091,-24.69489],[-53.10498,-24.69299],[-53.1015,-24.69269],[-53.08252,-24.69061],[-53.07251,-24.68939],[-53.06409,-24.68848],[-53.0614,-24.68811],[-53.05109,-24.68701],[-53.0451,-24.68622],[-53.03339,-24.685],[-53.02283,-24.68378],[-53.0155,-24.68219],[-53.00348,-24.67981],[-53.00043,-24.67902],[-52.995,-24.67798],[-52.97058,-24.67261],[-52.93689,-24.66559],[-52.9328,-24.66461],[-52.92499,-24.66302],[-52.90802,-24.6593],[-52.9057,-24.65887],[-52.89612,-24.6568],[-52.89423,-24.65631],[-52.88849,-24.65521],[-52.88263,-24.65381],[-52.87299,-24.65179],[-52.8703,-24.65131],[-52.86639,-24.65039],[-52.85699,-24.6485],[-52.85101,-24.6474],[-52.84131,-24.64539],[-52.83191,-24.64368],[-52.81891,-24.64099],[-52.81171,-24.63971],[-52.8064,-24.63861],[-52.80157,-24.63751],[-52.797,-24.63672],[-52.79059,-24.63538],[-52.78259,-24.63391],[-52.7677,-24.63098],[-52.75171,-24.62781],[-52.74762,-24.62689],[-52.71259,-24.62012],[-52.70721,-24.6189],[-52.6972,-24.617],[-52.69373,-24.61621],[-52.6889,-24.61542],[-52.68109,-24.61371],[-52.67419,-24.61212],[-52.66382,-24.6095],[-52.64038,-24.60388],[-52.6369,-24.60291],[-52.63409,-24.60229],[-52.6145,-24.59741],[-52.61169,-24.5968],[-52.59698,-24.5932],[-52.5816,-24.58929],[-52.57739,-24.58838],[-52.57343,-24.58728],[-52.56848,-24.58618],[-52.56482,-24.58521],[-52.56049,-24.58423],[-52.54712,-24.58081],[-52.53339,-24.57758],[-52.5224,-24.57471],[-52.51489,-24.573],[-52.49432,-24.56781],[-52.49072,-24.56702],[-52.48169,-24.5647],[-52.4729,-24.56262],[-52.4516,-24.55731],[-52.448,-24.55658],[-52.43262,-24.5531],[-52.41998,-24.55011],[-52.41528,-24.54919],[-52.4071,-24.54742],[-52.38879,-24.54321],[-52.37708,-24.54071],[-52.3728,-24.53961],[-52.35431,-24.53558],[-52.3396,-24.53229],[-52.33478,-24.53113],[-52.33118,-24.5304],[-52.32581,-24.52911],[-52.31238,-24.52612],[-52.30249,-24.5238],[-52.25452,-24.51312],[-52.25079,-24.51221],[-52.2442,-24.51093],[-52.24072,-24.51001],[-52.23273,-24.50818],[-52.22961,-24.50763],[-52.224,-24.50641],[-52.21509,-24.5047],[-52.1955,-24.50061],[-52.1922,-24.50012],[-52.18811,-24.49921],[-52.18219,-24.49811],[-52.16541,-24.49463],[-52.15948,-24.49359],[-52.15479,-24.49261],[-52.15198,-24.49213],[-52.14569,-24.49078],[-52.13092,-24.48792],[-52.12,-24.4856],[-52.1134,-24.48438],[-52.10999,-24.48358],[-52.07538,-24.47681],[-52.0625,-24.47418],[-52.05481,-24.47278],[-52.01453,-24.46472],[-52.00018,-24.46198],[-51.99701,-24.4613],[-51.99329,-24.46039],[-51.98688,-24.45929],[-51.97681,-24.4574],[-51.9696,-24.45581],[-51.95831,-24.45361],[-51.95551,-24.45319],[-51.94739,-24.4516],[-51.92749,-24.44751],[-51.92261,-24.44678],[-51.88538,-24.44269],[-51.87378,-24.44128],[-51.86591,-24.44049],[-51.85358,-24.43909],[-51.83142,-24.43652],[-51.8269,-24.43591],[-51.81927,-24.43518],[-51.79932,-24.43292],[-51.79498,-24.43231],[-51.78711,-24.43152],[-51.78387,-24.43109],[-51.76318,-24.42889],[-51.74799,-24.42712],[-51.74371,-24.42688],[-51.73761,-24.42639],[-51.70923,-24.4248],[-51.70361,-24.42438],[-51.69232,-24.42383],[-51.68561,-24.4234],[-51.6795,-24.42291],[-51.67644,-24.42107]]}},{"type":"Feature","properties":{"nome":"LT 765 kV Foz do Iguaçu - Ivaiporã, C3","tensao":765,"ano":1999,"planejada":false},"geometry":{"type":"LineString","coordinates":[[-54.53804,-25.46372],[-54.53209,-25.46472],[-54.52818,-25.46521],[-54.52378,-25.46509],[-54.51567,-25.46472],[-54.50291,-25.46399],[-54.49479,-25.46362],[-54.49107,-25.46118],[-54.47837,-25.45239],[-54.46287,-25.44189],[-54.45988,-25.4397],[-54.45579,-25.43701],[-54.44419,-25.42908],[-54.44041,-25.42719],[-54.43541,-25.42493],[-54.42857,-25.42151],[-54.42228,-25.41858],[-54.41758,-25.4165],[-54.41417,-25.41479],[-54.40788,-25.4118],[-54.40306,-25.40961],[-54.39769,-25.40698],[-54.39347,-25.40509],[-54.38346,-25.40039],[-54.36967,-25.3938],[-54.36546,-25.38959],[-54.35868,-25.38239],[-54.35508,-25.37878],[-54.35228,-25.37579],[-54.34929,-25.3728],[-54.34147,-25.36462],[-54.32518,-25.3479],[-54.32249,-25.34552],[-54.31938,-25.34241],[-54.31627,-25.33948],[-54.31327,-25.33679],[-54.30937,-25.33301],[-54.30357,-25.3277],[-54.29399,-25.3186],[-54.28019,-25.30591],[-54.26176,-25.28851],[-54.25767,-25.28491],[-54.25206,-25.27948],[-54.24858,-25.27588],[-54.24528,-25.27222],[-54.24278,-25.26971],[-54.23387,-25.26001],[-54.2313,-25.25739],[-54.21989,-25.2453],[-54.21617,-25.24109],[-54.19859,-25.2226],[-54.19566,-25.2193],[-54.1887,-25.21179],[-54.18339,-25.2063],[-54.17399,-25.19611],[-54.17106,-25.19312],[-54.16246,-25.18378],[-54.14836,-25.16888],[-54.14177,-25.16168],[-54.13707,-25.1568],[-54.13139,-25.15051],[-54.127,-25.146],[-54.11869,-25.13702],[-54.10618,-25.12378],[-54.09526,-25.11188],[-54.07768,-25.0932],[-54.06828,-25.08301],[-54.06517,-25.07971],[-54.06266,-25.07721],[-54.04808,-25.06152],[-54.046,-25.05939],[-54.04179,-25.05469],[-54.03508,-25.04749],[-54.02916,-25.04071],[-54.02317,-25.03369],[-54.00981,-25.01849],[-54.00157,-25.00891],[-53.99937,-25.00659],[-53.99571,-25.0022],[-53.99339,-24.99969],[-53.97898,-24.98291],[-53.97636,-24.97998],[-53.97398,-24.97711],[-53.97099,-24.97388],[-53.96788,-24.97028],[-53.96556,-24.96741],[-53.96287,-24.96448],[-53.96037,-24.96149],[-53.95506,-24.95551],[-53.94596,-24.94501],[-53.94096,-24.93921],[-53.93827,-24.93591],[-53.93626,-24.93372],[-53.93077,-24.92731],[-53.92729,-24.92352],[-53.92387,-24.91931],[-53.91819,-24.91309],[-53.916,-24.9104],[-53.90428,-24.89691],[-53.90147,-24.89349],[-53.89708,-24.88861],[-53.89299,-24.88391],[-53.88499,-24.87451],[-53.87596,-24.86407],[-53.86839,-24.86023],[-53.86448,-24.85809],[-53.85417,-24.85272],[-53.84629,-24.84851],[-53.83097,-24.84058],[-53.80369,-24.82611],[-53.80076,-24.8252],[-53.78447,-24.82501],[-53.72966,-24.82501],[-53.72526,-24.82452],[-53.71721,-24.82343],[-53.7075,-24.8219],[-53.70359,-24.82141],[-53.67857,-24.8175],[-53.67009,-24.81628],[-53.66618,-24.81561],[-53.64769,-24.81769],[-53.63969,-24.81702],[-53.62999,-24.81598],[-53.60856,-24.81403],[-53.59867,-24.81299],[-53.59477,-24.81268],[-53.59159,-24.81128],[-53.58287,-24.80768],[-53.56456,-24.80341],[-53.56047,-24.80231],[-53.55107,-24.80011],[-53.53837,-24.797],[-53.53489,-24.79608],[-53.52238,-24.78461],[-53.51976,-24.78198],[-53.51677,-24.77917],[-53.51286,-24.7757],[-53.51066,-24.7735],[-53.50859,-24.77161],[-53.50389,-24.76758],[-53.49546,-24.76111],[-53.49339,-24.75909],[-53.49107,-24.75702],[-53.48216,-24.7486],[-53.47966,-24.74591],[-53.47746,-24.74371],[-53.4716,-24.73718],[-53.46879,-24.73419],[-53.46586,-24.73071],[-53.46257,-24.72711],[-53.46031,-24.72449],[-53.45469,-24.71918],[-53.44969,-24.71411],[-53.44456,-24.70923],[-53.42839,-24.70569],[-53.42448,-24.70471],[-53.41179,-24.70209],[-53.39378,-24.69812],[-53.38481,-24.69623],[-53.38108,-24.69531],[-53.37657,-24.6944],[-53.36699,-24.6922],[-53.32487,-24.67358],[-53.32109,-24.672],[-53.317,-24.67041],[-53.31346,-24.66931],[-53.30839,-24.66748],[-53.29997,-24.66461],[-53.2913,-24.6615],[-53.27366,-24.6554],[-53.26707,-24.6532],[-53.24577,-24.64569],[-53.23027,-24.64038],[-53.21739,-24.6358],[-53.21397,-24.6347],[-53.20066,-24.63],[-53.18507,-24.62477],[-53.17527,-24.62268],[-53.16679,-24.62122],[-53.14756,-24.61768],[-53.13847,-24.61609],[-53.11998,-24.61261],[-53.11369,-24.61151],[-53.10966,-24.6109],[-53.08586,-24.60651],[-53.07566,-24.6048],[-53.06218,-24.60229],[-53.05296,-24.60071],[-53.04136,-24.59851],[-53.03849,-24.59778],[-53.00261,-24.5896],[-52.99827,-24.5885],[-52.99321,-24.5874],[-52.98167,-24.58472],[-52.9727,-24.58282],[-52.96867,-24.58179],[-52.95579,-24.5788],[-52.9124,-24.56671],[-52.90666,-24.565],[-52.8997,-24.56311],[-52.89128,-24.56061],[-52.86528,-24.55341],[-52.861,-24.55212],[-52.8538,-24.55011],[-52.85026,-24.54901],[-52.84196,-24.54681],[-52.82817,-24.54279],[-52.81608,-24.53949],[-52.81279,-24.53839],[-52.8021,-24.53558],[-52.79576,-24.53369],[-52.79216,-24.53278],[-52.77928,-24.52899],[-52.76219,-24.52411],[-52.75816,-24.52289],[-52.75236,-24.521],[-52.74101,-24.5177],[-52.73619,-24.51611],[-52.73277,-24.5152],[-52.72099,-24.51251],[-52.71238,-24.50952],[-52.70909,-24.50848],[-52.70091,-24.50549],[-52.69426,-24.50348],[-52.68467,-24.50079],[-52.68119,-24.49988],[-52.67668,-24.4989],[-52.67009,-24.49701],[-52.65208,-24.49231],[-52.64817,-24.49139],[-52.63658,-24.4881],[-52.62748,-24.48572],[-52.61607,-24.4826],[-52.58738,-24.4751],[-52.5836,-24.474],[-52.56517,-24.46918],[-52.55229,-24.4657],[-52.54789,-24.46472],[-52.5391,-24.46259],[-52.53398,-24.46161],[-52.52757,-24.46021],[-52.5222,-24.4588],[-52.51817,-24.45801],[-52.50999,-24.45618],[-52.50608,-24.4552],[-52.49699,-24.45319],[-52.48668,-24.45068],[-52.46049,-24.4447],[-52.45658,-24.44391],[-52.4525,-24.44281],[-52.44328,-24.4408],[-52.4326,-24.43829],[-52.42961,-24.43768],[-52.42509,-24.43658],[-52.41496,-24.43439],[-52.4066,-24.43231],[-52.40226,-24.4314],[-52.39408,-24.4295],[-52.38969,-24.42859],[-52.38408,-24.42719],[-52.38017,-24.42639],[-52.37669,-24.42548],[-52.37291,-24.42468],[-52.37028,-24.42401],[-52.36711,-24.4234],[-52.34239,-24.4176],[-52.33848,-24.41681],[-52.33329,-24.41553],[-52.32017,-24.4126],[-52.28019,-24.40338],[-52.27617,-24.40259],[-52.25889,-24.3996],[-52.25029,-24.39789],[-52.24607,-24.39722],[-52.23588,-24.3952],[-52.22837,-24.3938],[-52.22068,-24.39252],[-52.20976,-24.3905],[-52.20616,-24.38971],[-52.20109,-24.38892],[-52.18919,-24.3866],[-52.18376,-24.3858],[-52.17869,-24.38483],[-52.17527,-24.38428],[-52.16307,-24.3819],[-52.13816,-24.37738],[-52.12071,-24.37408],[-52.09636,-24.36969],[-52.09159,-24.36871],[-52.08598,-24.36768],[-52.07139,-24.36511],[-52.06199,-24.36328],[-52.05796,-24.36261],[-52.05156,-24.36389],[-52.04716,-24.36462],[-52.03318,-24.36719],[-52.02366,-24.36902],[-52.01268,-24.37091],[-51.99797,-24.37372],[-51.98271,-24.3764],[-51.9763,-24.37769],[-51.96521,-24.37963],[-51.94816,-24.38281],[-51.94169,-24.38391],[-51.91478,-24.38879],[-51.90617,-24.3905],[-51.88359,-24.39459],[-51.87028,-24.39673],[-51.85997,-24.39899],[-51.84459,-24.40161],[-51.82609,-24.40509],[-51.79649,-24.41052],[-51.76689,-24.41589],[-51.75859,-24.4173],[-51.74546,-24.4198],[-51.73527,-24.42151],[-51.72117,-24.42419],[-51.718,-24.42468],[-51.69218,-24.42322],[-51.68657,-24.42279],[-51.67967,-24.42242],[-51.67678,-24.42054]]}},{"type":"Feature","properties":{"nome":"LT 765 kV Itaberá - Ivaiporã, C1","tensao":765,"ano":1989,"planejada":false},"geometry":{"type":"LineString","coordinates":[[-49.13339,-23.95192],[-49.13629,-23.9519],[-49.14978,-23.95239],[-49.16669,-23.95239],[-49.17908,-23.95111],[-49.18768,-23.95032],[-49.1922,-23.94971],[-49.19641,-23.9494],[-49.20349,-23.94861],[-49.21222,-23.94788],[-49.2251,-23.94641],[-49.23352,-23.94562],[-49.25391,-23.94348],[-49.25989,-23.94299],[-49.26569,-23.94238],[-49.26929,-23.94238],[-49.27838,-23.94263],[-49.29651,-23.94281],[-49.30548,-23.94312],[-49.31891,-23.9433],[-49.33282,-23.9436],[-49.33612,-23.9436],[-49.35052,-23.94391],[-49.3584,-23.94391],[-49.36212,-23.94409],[-49.37201,-23.94531],[-49.37708,-23.94611],[-49.38489,-23.94708],[-49.39758,-23.94891],[-49.40442,-23.94971],[-49.40979,-23.9505],[-49.41412,-23.95099],[-49.4165,-23.95142],[-49.42151,-23.95203],[-49.43018,-23.95349],[-49.44031,-23.95508],[-49.45361,-23.9574],[-49.46021,-23.95831],[-49.47339,-23.96069],[-49.48273,-23.96228],[-49.50031,-23.96509],[-49.50421,-23.96582],[-49.508,-23.96631],[-49.51233,-23.9671],[-49.51978,-23.9682],[-49.5249,-23.96918],[-49.52869,-23.96979],[-49.53162,-23.9704],[-49.53748,-23.97211],[-49.54779,-23.97479],[-49.55328,-23.97638],[-49.5611,-23.97839],[-49.56439,-23.97949],[-49.56958,-23.98071],[-49.5733,-23.98181],[-49.57758,-23.98291],[-49.58191,-23.98419],[-49.591,-23.98669],[-49.59668,-23.98822],[-49.60028,-23.98907],[-49.61688,-23.99371],[-49.6225,-23.99518],[-49.62671,-23.9964],[-49.6319,-23.99768],[-49.63348,-23.99823],[-49.64221,-24.00061],[-49.65082,-24.00281],[-49.65381,-24.00372],[-49.66748,-24.0072],[-49.70508,-24.01703],[-49.71399,-24.01923],[-49.72229,-24.02142],[-49.72681,-24.02252],[-49.72961,-24.02332],[-49.73492,-24.0246],[-49.74438,-24.0271],[-49.75128,-24.02881],[-49.7572,-24.0304],[-49.76111,-24.03131],[-49.77081,-24.03387],[-49.77509,-24.03491],[-49.7923,-24.03949],[-49.79449,-24.03998],[-49.8222,-24.04718],[-49.83038,-24.04919],[-49.8335,-24.0498],[-49.83862,-24.0506],[-49.85071,-24.0528],[-49.86078,-24.05438],[-49.87201,-24.0564],[-49.87708,-24.05719],[-49.8894,-24.05933],[-49.89532,-24.06018],[-49.9035,-24.06171],[-49.91168,-24.06299],[-49.92853,-24.06598],[-49.93073,-24.06628],[-49.94501,-24.06879],[-49.96069,-24.07141],[-49.9649,-24.0722],[-49.96729,-24.07251],[-49.9729,-24.07349],[-49.97968,-24.07452],[-49.98639,-24.07581],[-50.02362,-24.08191],[-50.03961,-24.08459],[-50.04651,-24.08588],[-50.04993,-24.08612],[-50.05939,-24.08698],[-50.07141,-24.08789],[-50.0752,-24.08832],[-50.0863,-24.08911],[-50.10181,-24.09058],[-50.10999,-24.09119],[-50.13,-24.0929],[-50.13452,-24.09338],[-50.1604,-24.09399],[-50.17938,-24.0946],[-50.19208,-24.09491],[-50.19598,-24.09509],[-50.20032,-24.09509],[-50.21802,-24.09558],[-50.2298,-24.09601],[-50.24011,-24.09619],[-50.26959,-24.09698],[-50.27521,-24.09723],[-50.28821,-24.09741],[-50.2934,-24.09772],[-50.30042,-24.09778],[-50.30481,-24.0979],[-50.30811,-24.09808],[-50.31189,-24.09808],[-50.31592,-24.09833],[-50.32483,-24.09851],[-50.32831,-24.09851],[-50.34039,-24.099],[-50.3587,-24.09943],[-50.3642,-24.09949],[-50.3714,-24.09979],[-50.37299,-24.1001],[-50.37671,-24.10101],[-50.38312,-24.10278],[-50.38898,-24.10419],[-50.39288,-24.10529],[-50.40289,-24.10791],[-50.40631,-24.1087],[-50.4165,-24.11139],[-50.42181,-24.11261],[-50.42438,-24.1134],[-50.42859,-24.11438],[-50.43921,-24.11719],[-50.45331,-24.12079],[-50.4599,-24.12238],[-50.4696,-24.125],[-50.4823,-24.12811],[-50.5033,-24.13361],[-50.50922,-24.13501],[-50.52252,-24.13849],[-50.53461,-24.14148],[-50.55328,-24.14642],[-50.57098,-24.15161],[-50.57941,-24.15399],[-50.58801,-24.15662],[-50.59979,-24.15991],[-50.61462,-24.16431],[-50.63538,-24.17029],[-50.64539,-24.17291],[-50.65479,-24.17578],[-50.66647,-24.17897],[-50.6711,-24.17674],[-50.67367,-24.17737],[-50.68256,-24.18197],[-50.68504,-24.18434],[-50.69427,-24.18689],[-50.6991,-24.18842],[-50.7193,-24.19391],[-50.72601,-24.19592],[-50.73871,-24.19952],[-50.75458,-24.20392],[-50.771,-24.20862],[-50.77368,-24.20929],[-50.78271,-24.21179],[-50.78748,-24.2132],[-50.79449,-24.21509],[-50.80261,-24.21753],[-50.80713,-24.21869],[-50.81122,-24.21991],[-50.8247,-24.22364],[-50.8338,-24.22571],[-50.83881,-24.22693],[-50.84918,-24.22919],[-50.85321,-24.23022],[-50.86371,-24.23248],[-50.88031,-24.23639],[-50.88452,-24.23718],[-50.89569,-24.23969],[-50.9104,-24.24329],[-50.92151,-24.24573],[-50.93268,-24.24829],[-50.9397,-24.24939],[-50.94391,-24.25018],[-50.94531,-24.25128],[-50.95093,-24.2525],[-50.97021,-24.25708],[-50.98499,-24.26038],[-50.99841,-24.26361],[-51.01392,-24.26709],[-51.02283,-24.26923],[-51.0282,-24.27039],[-51.04163,-24.2735],[-51.04999,-24.27521],[-51.0567,-24.27698],[-51.06671,-24.2793],[-51.07141,-24.28021],[-51.07782,-24.2818],[-51.08868,-24.2843],[-51.09698,-24.28638],[-51.09961,-24.2868],[-51.10468,-24.28809],[-51.1109,-24.28943],[-51.11621,-24.29071],[-51.11969,-24.29138],[-51.15833,-24.30029],[-51.17279,-24.30328],[-51.17743,-24.30432],[-51.18188,-24.30518],[-51.19238,-24.3075],[-51.1972,-24.30841],[-51.20288,-24.30969],[-51.21759,-24.31268],[-51.22223,-24.31372],[-51.22729,-24.3147],[-51.24829,-24.31909],[-51.25818,-24.32123],[-51.26221,-24.3222],[-51.26489,-24.32269],[-51.27209,-24.32428],[-51.27917,-24.32593],[-51.28412,-24.3269],[-51.28809,-24.32788],[-51.29608,-24.32959],[-51.29999,-24.33051],[-51.3111,-24.33289],[-51.31891,-24.33441],[-51.3288,-24.33661],[-51.336,-24.33832],[-51.34619,-24.34021],[-51.34869,-24.34082],[-51.3512,-24.34119],[-51.35919,-24.3429],[-51.3642,-24.34381],[-51.37378,-24.34583],[-51.37909,-24.3468],[-51.38348,-24.34772],[-51.38898,-24.34869],[-51.39398,-24.34979],[-51.4057,-24.35199],[-51.41028,-24.35303],[-51.41418,-24.3537],[-51.41919,-24.35468],[-51.42389,-24.35571],[-51.42798,-24.35651],[-51.43188,-24.35712],[-51.44019,-24.35889],[-51.44513,-24.3598],[-51.45868,-24.36249],[-51.47681,-24.36621],[-51.4856,-24.3681],[-51.5025,-24.37189],[-51.51178,-24.37408],[-51.52258,-24.37628],[-51.54291,-24.38092],[-51.54639,-24.38159],[-51.56201,-24.38501],[-51.56641,-24.38611],[-51.57721,-24.38843],[-51.58551,-24.39032],[-51.58948,-24.39111],[-51.60748,-24.3952],[-51.6178,-24.3974],[-51.62292,-24.39862],[-51.62488,-24.39899],[-51.6275,-24.40021],[-51.63049,-24.40131],[-51.6413,-24.40601],[-51.6441,-24.4071],[-51.6618,-24.41449],[-51.67181,-24.41888],[-51.6731,-24.41962]]}},{"type":"Feature","properties":{"nome":"LT 765 kV Itaberá - Ivaiporã, C2","tensao":765,"ano":1989,"planejada":false},"geometry":{"type":"LineString","coordinates":[[-49.13329,-23.95134],[-49.14502,-23.9516],[-49.14978,-23.95178],[-49.16669,-23.95178],[-49.21008,-23.94739],[-49.21838,-23.94641],[-49.22638,-23.94568],[-49.24738,-23.94348],[-49.2655,-23.94171],[-49.27148,-23.94171],[-49.27478,-23.94189],[-49.2785,-23.94189],[-49.28278,-23.94208],[-49.2865,-23.94208],[-49.3053,-23.9425],[-49.30908,-23.9425],[-49.315,-23.94269],[-49.32721,-23.94281],[-49.3501,-23.9433],[-49.35889,-23.9433],[-49.36218,-23.94342],[-49.37292,-23.94489],[-49.37708,-23.94531],[-49.3822,-23.94611],[-49.4046,-23.9491],[-49.41449,-23.9505],[-49.41992,-23.95111],[-49.45068,-23.95618],[-49.45361,-23.95673],[-49.46759,-23.95898],[-49.4751,-23.96039],[-49.48059,-23.9613],[-49.508,-23.9657],[-49.51221,-23.96649],[-49.51978,-23.96759],[-49.53009,-23.96942],[-49.53229,-23.96991],[-49.53778,-23.9715],[-49.5484,-23.9743],[-49.5567,-23.97668],[-49.56189,-23.97803],[-49.56738,-23.97961],[-49.5777,-23.98242],[-49.5824,-23.98358],[-49.58508,-23.98438],[-49.60199,-23.98901],[-49.60742,-23.99048],[-49.61298,-23.99188],[-49.62201,-23.99451],[-49.63348,-23.9975],[-49.63861,-23.99902],[-49.64642,-24.00098],[-49.66498,-24.00598],[-49.6745,-24.00842],[-49.67822,-24.00928],[-49.70038,-24.0152],[-49.71753,-24.01941],[-49.72681,-24.02191],[-49.73438,-24.0238],[-49.73792,-24.02478],[-49.74731,-24.0271],[-49.7558,-24.02942],[-49.7594,-24.03021],[-49.76801,-24.03241],[-49.77649,-24.03473],[-49.78223,-24.03619],[-49.78619,-24.03711],[-49.78888,-24.0379],[-49.79462,-24.03931],[-49.80011,-24.04089],[-49.80902,-24.04309],[-49.81738,-24.04529],[-49.83029,-24.04846],[-49.8382,-24.04999],[-49.86859,-24.05511],[-49.87372,-24.05591],[-49.87671,-24.05658],[-49.89209,-24.05908],[-49.9024,-24.06091],[-49.91193,-24.06238],[-49.92548,-24.0647],[-49.93201,-24.06592],[-49.9563,-24.07001],[-49.96082,-24.07092],[-49.9801,-24.07397],[-49.99469,-24.0766],[-50.00513,-24.07831],[-50.01068,-24.0791],[-50.04669,-24.08521],[-50.06769,-24.08698],[-50.0766,-24.08783],[-50.08081,-24.08801],[-50.08868,-24.08881],[-50.09351,-24.08911],[-50.10291,-24.09003],[-50.1156,-24.09113],[-50.11908,-24.09131],[-50.1239,-24.0918],[-50.1347,-24.09271],[-50.13818,-24.09271],[-50.14502,-24.09302],[-50.15088,-24.09308],[-50.1803,-24.09399],[-50.18341,-24.09399],[-50.18799,-24.09418],[-50.20581,-24.0946],[-50.20941,-24.09479],[-50.21808,-24.09491],[-50.23071,-24.0954],[-50.25061,-24.09583],[-50.25439,-24.09601],[-50.27521,-24.0965],[-50.27991,-24.09668],[-50.28802,-24.0968],[-50.29291,-24.09711],[-50.30518,-24.09729],[-50.3172,-24.09772],[-50.32819,-24.09802],[-50.33319,-24.09808],[-50.34003,-24.09839],[-50.34729,-24.09851],[-50.3714,-24.09918],[-50.39221,-24.10431],[-50.40259,-24.10712],[-50.42908,-24.11401],[-50.44379,-24.11761],[-50.46802,-24.1239],[-50.4707,-24.12469],[-50.49463,-24.13068],[-50.5069,-24.13391],[-50.52661,-24.13879],[-50.54742,-24.1441],[-50.55999,-24.1477],[-50.58179,-24.15417],[-50.591,-24.1568],[-50.59448,-24.15771],[-50.61493,-24.1637],[-50.62268,-24.16589],[-50.62701,-24.1673],[-50.63523,-24.16947],[-50.64069,-24.17108],[-50.65521,-24.17511],[-50.66631,-24.17832],[-50.67094,-24.17611],[-50.67385,-24.17675],[-50.67958,-24.1797],[-50.68295,-24.18155],[-50.68531,-24.18385],[-50.70001,-24.18781],[-50.7113,-24.1911],[-50.71521,-24.19208],[-50.71942,-24.19327],[-50.7301,-24.19641],[-50.73438,-24.19751],[-50.73938,-24.19897],[-50.74242,-24.19975],[-50.76208,-24.20538],[-50.76569,-24.20648],[-50.77081,-24.20789],[-50.77411,-24.20868],[-50.78149,-24.21088],[-50.78442,-24.21161],[-50.79199,-24.21381],[-50.79468,-24.21448],[-50.81561,-24.22052],[-50.82554,-24.22318],[-50.8399,-24.2265],[-50.84778,-24.22821],[-50.8606,-24.2312],[-50.86371,-24.23181],[-50.8717,-24.23375],[-50.89679,-24.23938],[-50.91272,-24.2431],[-50.9173,-24.24408],[-50.9278,-24.24658],[-50.93292,-24.24768],[-50.9444,-24.24951],[-50.94568,-24.25049],[-50.97009,-24.25641],[-50.97748,-24.258],[-51.00403,-24.26422],[-51.01428,-24.26648],[-51.0238,-24.2688],[-51.04199,-24.27289],[-51.04498,-24.27368],[-51.05139,-24.27509],[-51.06171,-24.27759],[-51.08698,-24.2832],[-51.09802,-24.28589],[-51.09998,-24.28619],[-51.10431,-24.28729],[-51.12018,-24.29089],[-51.13778,-24.29503],[-51.14362,-24.2962],[-51.15009,-24.29779],[-51.1568,-24.29932],[-51.16449,-24.3009],[-51.16998,-24.30212],[-51.17371,-24.3028],[-51.18628,-24.30548],[-51.1908,-24.30652],[-51.20038,-24.30841],[-51.2207,-24.31281],[-51.23511,-24.31561],[-51.2442,-24.31763],[-51.25549,-24.32001],[-51.2644,-24.32208],[-51.26849,-24.32288],[-51.2793,-24.3252],[-51.30188,-24.33032],[-51.32141,-24.33441],[-51.33618,-24.33771],[-51.34729,-24.3399],[-51.35132,-24.34058],[-51.35858,-24.3421],[-51.36328,-24.3429],[-51.36969,-24.3443],[-51.37402,-24.34509],[-51.37799,-24.34601],[-51.3866,-24.3476],[-51.39478,-24.3493],[-51.40887,-24.35199],[-51.41351,-24.35303],[-51.4234,-24.35498],[-51.4278,-24.35571],[-51.44019,-24.35828],[-51.44879,-24.3598],[-51.45459,-24.36108],[-51.46368,-24.36279],[-51.4762,-24.36542],[-51.48938,-24.36829],[-51.51721,-24.37451],[-51.52252,-24.37561],[-51.52759,-24.37689],[-51.54041,-24.37958],[-51.54462,-24.38062],[-51.54718,-24.3811],[-51.56232,-24.38452],[-51.56702,-24.38567],[-51.57831,-24.38812],[-51.58551,-24.38959],[-51.58978,-24.39063],[-51.59851,-24.39252],[-51.61029,-24.3952],[-51.61798,-24.39679],[-51.62518,-24.3985],[-51.6308,-24.4007],[-51.63751,-24.40369],[-51.65332,-24.41028],[-51.66278,-24.41431],[-51.66638,-24.41571],[-51.67041,-24.4176],[-51.67352,-24.41919]]}},{"type":"Feature","properties":{"nome":"LT 765 kV Itaberá - Ivaiporã, C3","tensao":765,"ano":2000,"planejada":false},"geometry":{"type":"LineString","coordinates":[[-49.13337,-23.95069],[-49.1394,-23.95068],[-49.14899,-23.94849],[-49.1546,-23.94708],[-49.164,-23.94489],[-49.17273,-23.94189],[-49.17511,-23.94098],[-49.18512,-23.9375],[-49.18793,-23.93658],[-49.19482,-23.93408],[-49.19818,-23.93298],[-49.2019,-23.93158],[-49.21033,-23.92871],[-49.2218,-23.92462],[-49.23578,-23.91992],[-49.24011,-23.91821],[-49.24463,-23.91681],[-49.2569,-23.91248],[-49.26038,-23.91132],[-49.263,-23.91028],[-49.27148,-23.90741],[-49.2821,-23.90369],[-49.30371,-23.89868],[-49.30762,-23.89789],[-49.31073,-23.89709],[-49.315,-23.89618],[-49.32831,-23.89301],[-49.33679,-23.89111],[-49.33911,-23.8913],[-49.3504,-23.89191],[-49.35858,-23.89252],[-49.3631,-23.8927],[-49.38019,-23.89392],[-49.38898,-23.89441],[-49.39551,-23.8949],[-49.3999,-23.89508],[-49.40802,-23.89569],[-49.41193,-23.89581],[-49.41571,-23.89618],[-49.4444,-23.89789],[-49.45752,-23.8988],[-49.47498,-23.89978],[-49.48328,-23.90039],[-49.487,-23.90051],[-49.49481,-23.90112],[-49.49878,-23.90131],[-49.51288,-23.90222],[-49.51691,-23.9024],[-49.53949,-23.90381],[-49.54321,-23.90411],[-49.55011,-23.9054],[-49.55731,-23.90698],[-49.56042,-23.90741],[-49.59381,-23.91443],[-49.6012,-23.91681],[-49.60651,-23.9187],[-49.61011,-23.9198],[-49.62268,-23.92401],[-49.62579,-23.92419],[-49.63989,-23.92548],[-49.66608,-23.92761],[-49.67322,-23.92828],[-49.67822,-23.92859],[-49.6817,-23.92902],[-49.6933,-23.92981],[-49.69568,-23.93011],[-49.69897,-23.9303],[-49.7049,-23.93091],[-49.70831,-23.93109],[-49.71198,-23.93152],[-49.71631,-23.93188],[-49.72559,-23.93292],[-49.73218,-23.93341],[-49.73438,-23.93378],[-49.7392,-23.93433],[-49.74969,-23.9353],[-49.75409,-23.93579],[-49.758,-23.9361],[-49.7652,-23.9364],[-49.7724,-23.93689],[-49.77679,-23.93701],[-49.78241,-23.9375],[-49.78961,-23.93799],[-49.79651,-23.9389],[-49.80511,-23.94031],[-49.80792,-23.94061],[-49.81183,-23.94128],[-49.82001,-23.94238],[-49.82898,-23.94379],[-49.84088,-23.9455],[-49.8457,-23.94629],[-49.85498,-23.94751],[-49.86081,-23.94856],[-49.87189,-23.95001],[-49.88,-23.95142],[-49.89429,-23.95349],[-49.89758,-23.95361],[-49.90161,-23.95398],[-49.90503,-23.95441],[-49.91071,-23.95581],[-49.91461,-23.95648],[-49.92249,-23.95758],[-49.93091,-23.95892],[-49.9364,-23.95959],[-49.94879,-23.96143],[-49.96289,-23.96338],[-49.96881,-23.96411],[-49.97302,-23.96478],[-49.979,-23.96558],[-49.98322,-23.96631],[-49.9917,-23.96741],[-49.99542,-23.96802],[-50.01581,-23.97083],[-50.02368,-23.9718],[-50.0282,-23.9726],[-50.03223,-23.97308],[-50.04529,-23.97498],[-50.0484,-23.9754],[-50.05402,-23.97601],[-50.05621,-23.9765],[-50.0611,-23.97711],[-50.06348,-23.9776],[-50.06879,-23.97821],[-50.09668,-23.98218],[-50.10022,-23.9826],[-50.10529,-23.9834],[-50.11151,-23.98419],[-50.1214,-23.9856],[-50.12408,-23.9859],[-50.13708,-23.98779],[-50.13898,-23.98798],[-50.14471,-23.98889],[-50.14972,-23.9895],[-50.15613,-23.99048],[-50.17639,-23.99219],[-50.18719,-23.99329],[-50.20032,-23.99438],[-50.20569,-23.995],[-50.21729,-23.99591],[-50.2229,-23.9964],[-50.2254,-23.9967],[-50.23029,-23.99701],[-50.23511,-23.99762],[-50.25928,-23.99969],[-50.2627,-24.00012],[-50.26801,-24.00061],[-50.2738,-24.00098],[-50.29321,-24.00281],[-50.29968,-24.0033],[-50.30328,-24.00372],[-50.30762,-24.00409],[-50.31,-24.00421],[-50.31842,-24.00513],[-50.32141,-24.00531],[-50.32703,-24.0058],[-50.33081,-24.00623],[-50.33551,-24.00659],[-50.34589,-24.00763],[-50.3916,-24.0116],[-50.39581,-24.01129],[-50.40369,-24.0105],[-50.4079,-24.01019],[-50.41168,-24.0097],[-50.41699,-24.0094],[-50.4231,-24.00879],[-50.435,-24.00781],[-50.4386,-24.00739],[-50.45642,-24.00598],[-50.46271,-24.00677],[-50.47382,-24.00848],[-50.47699,-24.00879],[-50.4939,-24.01129],[-50.4964,-24.01172],[-50.50049,-24.01221],[-50.50421,-24.01288],[-50.50732,-24.01318],[-50.5119,-24.01379],[-50.51459,-24.01428],[-50.53943,-24.01788],[-50.54901,-24.0191],[-50.5578,-24.02051],[-50.56531,-24.02148],[-50.5744,-24.02289],[-50.57703,-24.02319],[-50.58588,-24.02448],[-50.59399,-24.02582],[-50.60199,-24.02679],[-50.60553,-24.0274],[-50.60822,-24.02771],[-50.625,-24.02399],[-50.62848,-24.02332],[-50.65082,-24.01831],[-50.6571,-24.01703],[-50.67871,-24.01221],[-50.68689,-24.0105],[-50.69452,-24.01221],[-50.698,-24.01361],[-50.7041,-24.01581],[-50.70819,-24.0177],[-50.72058,-24.02301],[-50.73901,-24.03131],[-50.7489,-24.03851],[-50.7627,-24.0484],[-50.76508,-24.05029],[-50.77081,-24.05438],[-50.77368,-24.05621],[-50.78668,-24.0661],[-50.79272,-24.0705],[-50.79761,-24.0719],[-50.8233,-24.07959],[-50.83911,-24.08441],[-50.84473,-24.08618],[-50.8501,-24.08801],[-50.85321,-24.08881],[-50.87122,-24.09418],[-50.8847,-24.09833],[-50.9137,-24.10699],[-50.91901,-24.1087],[-50.9375,-24.11432],[-50.95508,-24.11951],[-50.96039,-24.12122],[-50.9632,-24.12201],[-50.98761,-24.12939],[-50.99152,-24.13049],[-50.99481,-24.13159],[-51.00087,-24.13345],[-51.00592,-24.13489],[-51.01611,-24.138],[-51.0202,-24.1391],[-51.0285,-24.14172],[-51.039,-24.1449],[-51.0415,-24.14551],[-51.04901,-24.14789],[-51.05621,-24.1499],[-51.06927,-24.1532],[-51.07422,-24.1546],[-51.07767,-24.15545],[-51.0921,-24.1593],[-51.10272,-24.16199],[-51.1109,-24.16431],[-51.11511,-24.16528],[-51.1189,-24.16632],[-51.12299,-24.1673],[-51.13251,-24.16992],[-51.14203,-24.1723],[-51.14709,-24.17371],[-51.15161,-24.1748],[-51.16503,-24.17844],[-51.17438,-24.18079],[-51.1875,-24.18433],[-51.20532,-24.1889],[-51.2088,-24.18988],[-51.21838,-24.19238],[-51.22223,-24.1933],[-51.23438,-24.19659],[-51.25403,-24.2016],[-51.25909,-24.203],[-51.29688,-24.21283],[-51.29938,-24.21338],[-51.30701,-24.21552],[-51.31201,-24.2168],[-51.3161,-24.21771],[-51.32001,-24.21881],[-51.3371,-24.22333],[-51.37757,-24.2337],[-51.38452,-24.23651],[-51.397,-24.24123],[-51.40948,-24.24628],[-51.42133,-24.25079],[-51.43268,-24.25519],[-51.4353,-24.25629],[-51.43988,-24.258],[-51.47571,-24.28387],[-51.48108,-24.2876],[-51.48761,-24.29242],[-51.49292,-24.29608],[-51.50378,-24.30408],[-51.5061,-24.3056],[-51.51575,-24.31287],[-51.52521,-24.3197],[-51.52881,-24.32251],[-51.53241,-24.32501],[-51.53711,-24.32861],[-51.54028,-24.33069],[-51.5462,-24.33521],[-51.55072,-24.3385],[-51.55481,-24.34198],[-51.55841,-24.3443],[-51.57562,-24.35712],[-51.5835,-24.36261],[-51.5863,-24.36481],[-51.59412,-24.37061],[-51.59723,-24.3728],[-51.60413,-24.37799],[-51.61462,-24.38568],[-51.62541,-24.38986],[-51.6297,-24.39142],[-51.63629,-24.39398],[-51.6394,-24.39508],[-51.64331,-24.39789],[-51.65442,-24.4054],[-51.6618,-24.41058],[-51.67371,-24.4187]]}},{"type":"Feature","properties":{"nome":"LT 600 kV CC Foz do Iguaçu - Ibiuna, C3","tensao":600,"ano":0,"planejada":false},"geometry":{"type":"LineString","coordinates":[[-54.5376,-25.4671],[-54.53021,-25.46832],[-54.51709,-25.46802],[-54.5083,-25.46771],[-54.50409,-25.46771],[-54.49542,-25.46741],[-54.47839,-25.45892],[-54.47101,-25.45508],[-54.46411,-25.45172],[-54.4538,-25.44641],[-54.44843,-25.44373],[-54.44452,-25.44159],[-54.44061,-25.4397],[-54.4364,-25.4375],[-54.4278,-25.43323],[-54.42401,-25.43121],[-54.4173,-25.42792],[-54.41388,-25.42609],[-54.39862,-25.4184],[-54.39508,-25.4165],[-54.39111,-25.41461],[-54.38611,-25.41199],[-54.36981,-25.40369],[-54.36218,-25.3999],[-54.35352,-25.39539],[-54.3457,-25.39148],[-54.34149,-25.388],[-54.33771,-25.3847],[-54.33411,-25.38171],[-54.32709,-25.37561],[-54.31421,-25.36481],[-54.29633,-25.34949],[-54.28711,-25.3418],[-54.28418,-25.33911],[-54.26721,-25.32483],[-54.26648,-25.32251],[-54.26489,-25.31848],[-54.26343,-25.31439],[-54.2619,-25.31049],[-54.26093,-25.30762],[-54.258,-25.29968],[-54.25391,-25.29578],[-54.24731,-25.28918],[-54.2417,-25.28387],[-54.23492,-25.27728],[-54.23169,-25.27399],[-54.21729,-25.25989],[-54.21429,-25.25708],[-54.20923,-25.25201],[-54.20569,-25.2486],[-54.20319,-25.24591],[-54.19989,-25.2428],[-54.19049,-25.23309],[-54.18408,-25.2262],[-54.17828,-25.2204],[-54.17511,-25.2171],[-54.17078,-25.2124],[-54.16699,-25.20862],[-54.16071,-25.2019],[-54.1571,-25.1983],[-54.15417,-25.19513],[-54.14911,-25.19],[-54.14673,-25.18738],[-54.14331,-25.1839],[-54.13812,-25.17828],[-54.13269,-25.17273],[-54.12311,-25.16272],[-54.12158,-25.16101],[-54.12,-25.15948],[-54.11328,-25.15228],[-54.09399,-25.1322],[-54.09021,-25.12811],[-54.08789,-25.12579],[-54.0835,-25.12109],[-54.073,-25.11029],[-54.0672,-25.10449],[-54.06488,-25.10229],[-54.05939,-25.09662],[-54.0564,-25.09332],[-54.05371,-25.09058],[-54.0506,-25.08698],[-54.0459,-25.08179],[-54.03571,-25.07123],[-54.03278,-25.06799],[-54.0304,-25.06561],[-54.01001,-25.04431],[-54.00232,-25.03601],[-53.99408,-25.02753],[-53.98218,-25.01501],[-53.98071,-25.01331],[-53.97418,-25.00659],[-53.96393,-24.99579],[-53.95898,-24.99072],[-53.95691,-24.9884],[-53.95148,-24.98279],[-53.94788,-24.97888],[-53.9447,-24.97571],[-53.9397,-24.97052],[-53.93768,-24.9682],[-53.93188,-24.96228],[-53.92792,-24.95801],[-53.90851,-24.93781],[-53.89661,-24.92499],[-53.88788,-24.91602],[-53.8822,-24.90991],[-53.87958,-24.90729],[-53.87268,-24.90009],[-53.86639,-24.89331],[-53.86041,-24.88708],[-53.85529,-24.88159],[-53.84808,-24.87421],[-53.83948,-24.86499],[-53.83441,-24.8598],[-53.83099,-24.85608],[-53.82861,-24.8537],[-53.82642,-24.8512],[-53.82318,-24.84778],[-53.8158,-24.84009],[-53.81311,-24.8374],[-53.81012,-24.83411],[-53.7934,-24.81641],[-53.78351,-24.80609],[-53.78131,-24.80389],[-53.77881,-24.80109],[-53.7738,-24.79883],[-53.77008,-24.797],[-53.75238,-24.78882],[-53.74823,-24.7868],[-53.72821,-24.77759],[-53.7171,-24.77509],[-53.7085,-24.77301],[-53.69971,-24.77112],[-53.69263,-24.76941],[-53.68518,-24.76782],[-53.67578,-24.76569],[-53.67187,-24.76471],[-53.66669,-24.76361],[-53.6626,-24.76251],[-53.6571,-24.76141],[-53.62872,-24.75488],[-53.625,-24.75409],[-53.61023,-24.75061],[-53.59698,-24.74768],[-53.5838,-24.74463],[-53.58038,-24.74371],[-53.56879,-24.74121],[-53.56128,-24.7395],[-53.5495,-24.73199],[-53.5459,-24.7298],[-53.53119,-24.7204],[-53.52039,-24.71368],[-53.5166,-24.71118],[-53.51251,-24.70868],[-53.50568,-24.70428],[-53.50171,-24.7019],[-53.49109,-24.69519],[-53.48669,-24.6925],[-53.47278,-24.68359],[-53.4682,-24.68079],[-53.4646,-24.67841],[-53.45728,-24.67389],[-53.43781,-24.66351],[-53.42981,-24.65948],[-53.42621,-24.65741],[-53.42059,-24.65448],[-53.41699,-24.65271],[-53.41351,-24.65088],[-53.40979,-24.6488],[-53.40308,-24.64539],[-53.40002,-24.64368],[-53.39282,-24.64001],[-53.37799,-24.63208],[-53.375,-24.63062],[-53.34711,-24.61591],[-53.33319,-24.61108],[-53.32501,-24.60809],[-53.32159,-24.60699],[-53.27728,-24.59131],[-53.258,-24.58459],[-53.2547,-24.58331],[-53.25122,-24.58228],[-53.24469,-24.5799],[-53.23541,-24.57678],[-53.22681,-24.57361],[-53.21411,-24.56927],[-53.2077,-24.56689],[-53.19269,-24.56171],[-53.18719,-24.55969],[-53.1828,-24.55823],[-53.17468,-24.5553],[-53.15759,-24.54938],[-53.14789,-24.5459],[-53.14368,-24.54431],[-53.14111,-24.54352],[-53.12439,-24.5376],[-53.11432,-24.53412],[-53.10828,-24.53192],[-53.1015,-24.5296],[-53.09961,-24.52881],[-53.08148,-24.52252],[-53.06799,-24.5177],[-53.06421,-24.51642],[-53.05658,-24.51361],[-53.05261,-24.51239],[-53.04993,-24.51129],[-53.04651,-24.51001],[-53.02881,-24.50391],[-53.0246,-24.50238],[-53.02069,-24.5011],[-53.01678,-24.49951],[-53.0108,-24.4975],[-53.00299,-24.49469],[-52.99908,-24.49341],[-52.9729,-24.48401],[-52.96808,-24.48248],[-52.9613,-24.47998],[-52.95599,-24.47821],[-52.95203,-24.47668],[-52.93921,-24.47229],[-52.9231,-24.46649],[-52.91901,-24.46509],[-52.91461,-24.46338],[-52.89471,-24.45648],[-52.8858,-24.4538],[-52.8775,-24.4516],[-52.87219,-24.45001],[-52.86871,-24.4491],[-52.83618,-24.43988],[-52.83179,-24.43872],[-52.8208,-24.43561],[-52.81458,-24.43402],[-52.8103,-24.43268],[-52.8028,-24.43048],[-52.79852,-24.42938],[-52.79059,-24.427],[-52.78052,-24.42419],[-52.77271,-24.42187],[-52.7688,-24.4209],[-52.7525,-24.41632],[-52.7489,-24.4151],[-52.73999,-24.41272],[-52.7359,-24.4115],[-52.7063,-24.4032],[-52.69781,-24.4007],[-52.68579,-24.3974],[-52.6687,-24.39252],[-52.6651,-24.39142],[-52.6593,-24.38989],[-52.65039,-24.38739],[-52.6391,-24.38409],[-52.62939,-24.38141],[-52.62512,-24.38],[-52.6145,-24.3772],[-52.5968,-24.37201],[-52.59271,-24.37091],[-52.58862,-24.36969],[-52.5802,-24.36749],[-52.56671,-24.3634],[-52.55481,-24.36023],[-52.52869,-24.35278],[-52.51959,-24.3501],[-52.48669,-24.34082],[-52.48352,-24.33978],[-52.4787,-24.3385],[-52.45819,-24.33258],[-52.45502,-24.3316],[-52.44891,-24.3299],[-52.44501,-24.32892],[-52.44171,-24.32782],[-52.43811,-24.32678],[-52.43408,-24.32538],[-52.43091,-24.3244],[-52.42749,-24.32318],[-52.41888,-24.32062],[-52.40741,-24.31689],[-52.3999,-24.31458],[-52.39099,-24.31158],[-52.38708,-24.31042],[-52.37799,-24.3075],[-52.37451,-24.30652],[-52.36682,-24.30389],[-52.36353,-24.30298],[-52.35022,-24.29871],[-52.3479,-24.2981],[-52.34351,-24.29651],[-52.3363,-24.29419],[-52.32141,-24.28961],[-52.31061,-24.28601],[-52.29498,-24.28119],[-52.2915,-24.27991],[-52.28088,-24.27661],[-52.2702,-24.2738],[-52.24829,-24.26892],[-52.2384,-24.2666],[-52.23669,-24.2663],[-52.21393,-24.26099],[-52.2038,-24.25879],[-52.19983,-24.25781],[-52.1922,-24.25623],[-52.1759,-24.2525],[-52.1637,-24.24951],[-52.15521,-24.24689],[-52.15228,-24.24609],[-52.14612,-24.24408],[-52.11829,-24.2356],[-52.11322,-24.23389],[-52.10303,-24.2309],[-52.09802,-24.22931],[-52.0954,-24.22839],[-52.08331,-24.22461],[-52.07721,-24.2229],[-52.06549,-24.21918],[-52.04388,-24.21259],[-52.0423,-24.21198],[-52.03461,-24.20972],[-52.03101,-24.2085],[-52.02179,-24.20569],[-52.00909,-24.2016],[-52.00049,-24.1991],[-51.98499,-24.19421],[-51.98328,-24.1936],[-51.97839,-24.1925],[-51.96069,-24.18799],[-51.95331,-24.1864],[-51.95111,-24.18573],[-51.93451,-24.18158],[-51.93219,-24.18091],[-51.92657,-24.1795],[-51.92328,-24.17889],[-51.91711,-24.17719],[-51.9079,-24.17499],[-51.89581,-24.17188],[-51.8913,-24.1709],[-51.888,-24.16998],[-51.88159,-24.1684],[-51.87878,-24.1676],[-51.87579,-24.16699],[-51.8562,-24.16211],[-51.85229,-24.16101],[-51.84668,-24.15961],[-51.84131,-24.15839],[-51.83661,-24.1571],[-51.82678,-24.15479],[-51.82202,-24.1535],[-51.81628,-24.15222],[-51.80469,-24.14911],[-51.7984,-24.14771],[-51.7937,-24.14648],[-51.78821,-24.1452],[-51.78119,-24.14331],[-51.77789,-24.14252],[-51.77191,-24.14081],[-51.76251,-24.13861],[-51.7572,-24.13751],[-51.737,-24.13232],[-51.73291,-24.13141],[-51.729,-24.13031],[-51.72028,-24.12811],[-51.71252,-24.12689],[-51.7088,-24.12653],[-51.70001,-24.125],[-51.68848,-24.12341],[-51.67499,-24.1214],[-51.6651,-24.11981],[-51.65808,-24.1189],[-51.65289,-24.1181],[-51.64978,-24.11749],[-51.64441,-24.11688],[-51.63611,-24.11548],[-51.62939,-24.11462],[-51.62701,-24.11407],[-51.62201,-24.1134],[-51.6145,-24.11218],[-51.6095,-24.11151],[-51.6026,-24.11041],[-51.5979,-24.1098],[-51.59021,-24.10858],[-51.5874,-24.10822],[-51.5816,-24.1073],[-51.57922,-24.10681],[-51.57031,-24.10571],[-51.5647,-24.10461],[-51.55121,-24.10278],[-51.5415,-24.1012],[-51.53693,-24.10059],[-51.53082,-24.09961],[-51.51703,-24.0976],[-51.50928,-24.09631],[-51.50128,-24.09528],[-51.4989,-24.09479],[-51.48602,-24.0929],[-51.48041,-24.09198],[-51.4743,-24.09119],[-51.46039,-24.08899],[-51.43719,-24.08551],[-51.43341,-24.08502],[-51.41931,-24.08258],[-51.4137,-24.08179],[-51.39319,-24.07831],[-51.38098,-24.07642],[-51.37183,-24.07483],[-51.3457,-24.0705],[-51.3399,-24.06958],[-51.3244,-24.06732],[-51.32178,-24.06671],[-51.31519,-24.06561],[-51.30261,-24.06372],[-51.29932,-24.06311],[-51.29089,-24.06183],[-51.28601,-24.0611],[-51.28101,-24.06049],[-51.27789,-24.05981],[-51.27368,-24.05908],[-51.26898,-24.05841],[-51.25439,-24.05609],[-51.24359,-24.05469],[-51.2395,-24.05371],[-51.22931,-24.05231],[-51.22382,-24.05121],[-51.21588,-24.04999],[-51.21332,-24.0498],[-51.2088,-24.04889],[-51.2049,-24.04828],[-51.19598,-24.04718],[-51.1864,-24.04541],[-51.18091,-24.04431],[-51.1756,-24.04388],[-51.17249,-24.04321],[-51.16461,-24.04181],[-51.15887,-24.04102],[-51.14319,-24.03839],[-51.12592,-24.03589],[-51.1134,-24.03369],[-51.1051,-24.03241],[-51.09808,-24.03101],[-51.09369,-24.03058],[-51.09058,-24.03009],[-51.08331,-24.02869],[-51.07281,-24.02692],[-51.06738,-24.02588],[-51.04962,-24.02283],[-51.04688,-24.02228],[-51.0321,-24.01978],[-51.02618,-24.01868],[-51.01831,-24.0174],[-51.0144,-24.0166],[-51.00421,-24.01471],[-50.9978,-24.01361],[-50.99438,-24.01312],[-50.98889,-24.01208],[-50.9848,-24.01147],[-50.97992,-24.01062],[-50.9588,-24.00677],[-50.9563,-24.00641],[-50.95172,-24.00549],[-50.94849,-24.005],[-50.93451,-24.0025],[-50.9317,-24.00208],[-50.91321,-23.99878],[-50.90302,-23.99738],[-50.89441,-23.99609],[-50.88708,-23.99481],[-50.88159,-23.9942],[-50.87329,-23.9931],[-50.85901,-23.99091],[-50.8515,-23.99011],[-50.83588,-23.98761],[-50.823,-23.9859],[-50.78058,-23.97968],[-50.77533,-23.979],[-50.76141,-23.97693],[-50.74463,-23.97461],[-50.72559,-23.97168],[-50.72223,-23.97131],[-50.71649,-23.9704],[-50.71252,-23.96991],[-50.70789,-23.96918],[-50.69958,-23.96808],[-50.6936,-23.96698],[-50.68921,-23.96649],[-50.6748,-23.96429],[-50.67023,-23.96381],[-50.66449,-23.96301],[-50.65588,-23.96161],[-50.64709,-23.96039],[-50.63898,-23.95911],[-50.63489,-23.95868],[-50.62543,-23.95721],[-50.6073,-23.95471],[-50.59369,-23.95258],[-50.58508,-23.95142],[-50.58038,-23.95062],[-50.57788,-23.95032],[-50.57428,-23.94971],[-50.55048,-23.94629],[-50.54449,-23.94531],[-50.52917,-23.94299],[-50.526,-23.94238],[-50.52142,-23.94171],[-50.51758,-23.94128],[-50.51422,-23.9408],[-50.50421,-23.93921],[-50.49921,-23.9386],[-50.49652,-23.93811],[-50.4917,-23.93738],[-50.47913,-23.93561],[-50.47009,-23.9342],[-50.45361,-23.93182],[-50.44769,-23.93079],[-50.42102,-23.92688],[-50.39569,-23.92291],[-50.38959,-23.92218],[-50.34802,-23.91443],[-50.33679,-23.91241],[-50.3313,-23.91132],[-50.32648,-23.91052],[-50.31158,-23.90771],[-50.30762,-23.9071],[-50.30469,-23.90649],[-50.2981,-23.9054],[-50.29248,-23.9043],[-50.27948,-23.90198],[-50.26849,-23.89972],[-50.26392,-23.89899],[-50.2583,-23.89789],[-50.25519,-23.8974],[-50.24969,-23.8963],[-50.2464,-23.89581],[-50.24219,-23.8949],[-50.23273,-23.89319],[-50.22931,-23.8927],[-50.20801,-23.88861],[-50.20331,-23.88788],[-50.20099,-23.88739],[-50.19629,-23.8866],[-50.17871,-23.88318],[-50.17511,-23.88263],[-50.16748,-23.88123],[-50.15979,-23.8797],[-50.14801,-23.87769],[-50.13593,-23.87531],[-50.12622,-23.8736],[-50.10138,-23.8689],[-50.09167,-23.86719],[-50.08838,-23.86652],[-50.08191,-23.86542],[-50.0741,-23.86389],[-50.06891,-23.86298],[-50.06421,-23.8623],[-50.05371,-23.86133],[-50.04291,-23.86011],[-50.0379,-23.85962],[-50.02588,-23.85822],[-50.0141,-23.85699],[-50.00549,-23.8562],[-49.99371,-23.8548],[-49.98041,-23.85352],[-49.9718,-23.85248],[-49.93799,-23.849],[-49.93152,-23.84821],[-49.91931,-23.84729],[-49.88611,-23.8443],[-49.883,-23.84412],[-49.88031,-23.84381],[-49.87152,-23.84308],[-49.86481,-23.84241],[-49.84961,-23.84119],[-49.8374,-23.84009],[-49.83282,-23.8396],[-49.8233,-23.83881],[-49.81488,-23.83801],[-49.81152,-23.83783],[-49.79449,-23.83618],[-49.75201,-23.83258],[-49.74268,-23.83173],[-49.74042,-23.83142],[-49.73541,-23.83112],[-49.73181,-23.83069],[-49.7254,-23.8302],[-49.71973,-23.82959],[-49.71667,-23.82941],[-49.70978,-23.8288],[-49.70721,-23.82849],[-49.70111,-23.828],[-49.69849,-23.8277],[-49.69611,-23.82758],[-49.68622,-23.8266],[-49.6817,-23.82629],[-49.66821,-23.82501],[-49.65601,-23.8241],[-49.64722,-23.82318],[-49.60413,-23.81952],[-49.586,-23.81781],[-49.57581,-23.81702],[-49.565,-23.81598],[-49.55103,-23.81482],[-49.53491,-23.81329],[-49.52661,-23.81262],[-49.521,-23.81201],[-49.5174,-23.81189],[-49.5069,-23.81091],[-49.50061,-23.81042],[-49.49042,-23.80939],[-49.48138,-23.80872],[-49.4762,-23.80823],[-49.4718,-23.80768],[-49.4566,-23.8064],[-49.45209,-23.80591],[-49.44141,-23.80511],[-49.43781,-23.80469],[-49.43469,-23.8045],[-49.41449,-23.80261],[-49.4043,-23.80182],[-49.39209,-23.80072],[-49.38831,-23.80029],[-49.38348,-23.79993],[-49.37378,-23.79871],[-49.35101,-23.79559],[-49.34778,-23.79529],[-49.33551,-23.79358],[-49.32953,-23.79291],[-49.3045,-23.78949],[-49.28088,-23.7865],[-49.27118,-23.7851],[-49.26147,-23.78387],[-49.2569,-23.7832],[-49.25311,-23.78278],[-49.24261,-23.78131],[-49.2381,-23.78082],[-49.20929,-23.77692],[-49.18921,-23.77429],[-49.18018,-23.77319],[-49.17078,-23.77179],[-49.1676,-23.77142],[-49.16248,-23.77069],[-49.15002,-23.76923],[-49.1474,-23.76831],[-49.13251,-23.76349],[-49.12891,-23.76239],[-49.12518,-23.76111],[-49.12073,-23.75983],[-49.1153,-23.758],[-49.1073,-23.75549],[-49.10358,-23.75421],[-49.09833,-23.75269],[-49.09271,-23.75079],[-49.07251,-23.74438],[-49.06671,-23.74261],[-49.06268,-23.74121],[-49.05499,-23.73889],[-49.05139,-23.73761],[-49.04572,-23.7359],[-49.03528,-23.7326],[-49.02643,-23.72968],[-49.01971,-23.7276],[-49.0025,-23.72198],[-48.98859,-23.71771],[-48.98438,-23.71631],[-48.97998,-23.71503],[-48.97131,-23.7121],[-48.96118,-23.70898],[-48.95801,-23.70789],[-48.94958,-23.7052],[-48.94641,-23.70428],[-48.9339,-23.70111],[-48.92999,-23.70001],[-48.92578,-23.69897],[-48.91791,-23.69678],[-48.91339,-23.69568],[-48.90021,-23.6922],[-48.88928,-23.68921],[-48.88409,-23.68793],[-48.86212,-23.68213],[-48.85492,-23.6803],[-48.84918,-23.67871],[-48.82861,-23.67328],[-48.8252,-23.6723],[-48.80829,-23.66791],[-48.79749,-23.66498],[-48.78583,-23.66193],[-48.7774,-23.659],[-48.77319,-23.65741],[-48.77051,-23.65662],[-48.75708,-23.65192],[-48.7533,-23.65051],[-48.73798,-23.6452],[-48.72998,-23.64221],[-48.72699,-23.6413],[-48.71979,-23.63879],[-48.69061,-23.62793],[-48.6825,-23.62518],[-48.6781,-23.62378],[-48.67468,-23.6228],[-48.67133,-23.6217],[-48.66699,-23.62048],[-48.6637,-23.61938],[-48.6543,-23.61658],[-48.64539,-23.61371],[-48.63708,-23.61121],[-48.62942,-23.60905],[-48.61938,-23.60681],[-48.61041,-23.6051],[-48.6059,-23.60413],[-48.59381,-23.60138],[-48.58209,-23.59851],[-48.57251,-23.5965],[-48.5647,-23.5946],[-48.56091,-23.59381],[-48.55731,-23.5929],[-48.54822,-23.59088],[-48.54431,-23.5899],[-48.53571,-23.58801],[-48.5274,-23.586],[-48.51709,-23.5827],[-48.5127,-23.58142],[-48.50372,-23.57849],[-48.49072,-23.57452],[-48.47491,-23.5694],[-48.46741,-23.5672],[-48.46411,-23.56598],[-48.4566,-23.5636],[-48.45221,-23.56238],[-48.42719,-23.55432],[-48.41571,-23.55072],[-48.41309,-23.55011],[-48.3927,-23.5459],[-48.3783,-23.54279],[-48.3559,-23.53809],[-48.3526,-23.53748],[-48.34119,-23.53491],[-48.33258,-23.5332],[-48.32629,-23.5318],[-48.3156,-23.52968],[-48.31281,-23.52948],[-48.29871,-23.52881],[-48.29248,-23.52863],[-48.27368,-23.52771],[-48.2674,-23.52753],[-48.25861,-23.5271],[-48.23541,-23.52618],[-48.21881,-23.52539],[-48.20868,-23.52502],[-48.1875,-23.52661],[-48.18298,-23.5271],[-48.17438,-23.52771],[-48.15259,-23.5296],[-48.1438,-23.53021],[-48.14032,-23.53058],[-48.13019,-23.53131],[-48.12531,-23.5318],[-48.1214,-23.53168],[-48.11548,-23.53131],[-48.11133,-23.53119],[-48.10089,-23.5307],[-48.09418,-23.5318],[-48.07648,-23.53491],[-48.06171,-23.53729],[-48.05341,-23.53729],[-48.04968,-23.53741],[-48.03931,-23.53741],[-48.0351,-23.53809],[-48.02429,-23.53961],[-48.02173,-23.5401],[-48.01489,-23.5412],[-48.0036,-23.539],[-48.00018,-23.539],[-47.99591,-23.53918],[-47.98328,-23.54181],[-47.97931,-23.54272],[-47.97369,-23.54382],[-47.96667,-23.54541],[-47.95441,-23.54791],[-47.9469,-23.55078],[-47.94421,-23.5517],[-47.94031,-23.55328],[-47.93182,-23.55621],[-47.92841,-23.55762],[-47.90729,-23.56531],[-47.8913,-23.57141],[-47.88739,-23.57281],[-47.88159,-23.57379],[-47.85681,-23.57782],[-47.8512,-23.57861],[-47.84619,-23.57953],[-47.8407,-23.58032],[-47.83313,-23.5816],[-47.83008,-23.58179],[-47.82098,-23.58209],[-47.81848,-23.58209],[-47.80969,-23.5824],[-47.80103,-23.58258],[-47.79608,-23.58282],[-47.78741,-23.58301],[-47.75763,-23.58398],[-47.75342,-23.58398],[-47.73889,-23.58441],[-47.72888,-23.58508],[-47.69672,-23.58801],[-47.68768,-23.59119],[-47.67938,-23.59399],[-47.6759,-23.59528],[-47.66339,-23.59961],[-47.65631,-23.60199],[-47.64801,-23.60498],[-47.63611,-23.60901],[-47.62988,-23.61121],[-47.6236,-23.61328],[-47.60773,-23.6189],[-47.60498,-23.6192],[-47.60028,-23.6192],[-47.59558,-23.61908],[-47.5907,-23.61908],[-47.58551,-23.6189],[-47.5827,-23.6189],[-47.57831,-23.61871],[-47.5683,-23.61871],[-47.56049,-23.61841],[-47.55371,-23.61841],[-47.54968,-23.61798],[-47.54688,-23.61749],[-47.53961,-23.61658],[-47.52618,-23.61218],[-47.5202,-23.61469],[-47.51343,-23.61768],[-47.5069,-23.6203],[-47.49658,-23.6192],[-47.48621,-23.61798],[-47.48438,-23.61768],[-47.47858,-23.62122],[-47.46808,-23.64038],[-47.46399,-23.64301],[-47.46051,-23.64502],[-47.45551,-23.64838],[-47.44263,-23.65662],[-47.41681,-23.67279],[-47.40442,-23.68079],[-47.40253,-23.68188],[-47.3949,-23.68683],[-47.39111,-23.68909],[-47.38788,-23.69128],[-47.38361,-23.69391],[-47.37781,-23.69519],[-47.37408,-23.69611],[-47.37012,-23.6969],[-47.36389,-23.69843],[-47.3476,-23.7019],[-47.34253,-23.70319],[-47.33441,-23.7049],[-47.32129,-23.70679],[-47.3089,-23.70831],[-47.28699,-23.71149],[-47.26318,-23.70929],[-47.25421,-23.70831],[-47.24359,-23.70752],[-47.24139,-23.70728],[-47.23291,-23.7066],[-47.22388,-23.70569],[-47.2204,-23.70551],[-47.21649,-23.70508],[-47.2019,-23.69861],[-47.19409,-23.69531],[-47.18768,-23.6925],[-47.18359,-23.69061],[-47.17023,-23.68481],[-47.16559,-23.68268],[-47.16309,-23.68201],[-47.1579,-23.68042],[-47.15039,-23.67798],[-47.14252,-23.6756],[-47.1347,-23.6731],[-47.1192,-23.66779],[-47.11407,-23.66611],[-47.10858,-23.66602]]}},{"type":"Feature","properties":{"nome":"LT 230 kV Cascavel Norte - Cascavel Oeste, C1","tensao":230,"ano":2014,"planejada":false},"geometry":{"type":"LineString","coordinates":[[-53.44777,-24.88282],[-53.44747,-24.88219],[-53.44735,-24.88049],[-53.4491,-24.87943],[-53.46515,-24.87868],[-53.46632,-24.8774],[-53.47557,-24.8763],[-53.50096,-24.86323],[-53.51143,-24.85999],[-53.52636,-24.88395],[-53.535,-24.89798],[-53.53968,-24.90539],[-53.5415,-24.91617],[-53.54956,-24.95232],[-53.55378,-24.95909],[-53.5625,-24.97355],[-53.56836,-24.98957],[-53.56407,-25.00361],[-53.55825,-25.01295],[-53.54256,-25.02331],[-53.52905,-25.02687],[-53.52938,-25.02807],[-53.53004,-25.02812]]}},{"type":"Feature","properties":{"nome":"LT 440 kV Bauru - Cabreúva, C1","tensao":440,"ano":0,"planejada":false},"geometry":{"type":"LineString","coordinates":[[-49.09522,-22.28374],[-49.0944,-22.28487],[-49.09349,-22.28522],[-49.09045,-22.28559],[-49.07193,-22.28022],[-49.00497,-22.29746],[-48.99267,-22.3006],[-48.97893,-22.30392],[-48.96638,-22.30722],[-48.95192,-22.31087],[-48.93886,-22.31431],[-48.91996,-22.31903],[-48.91544,-22.32084],[-48.90124,-22.32732],[-48.8495,-22.35125],[-48.78561,-22.38056],[-48.68863,-22.40787],[-48.67689,-22.41207],[-48.66895,-22.41478],[-48.64169,-22.42102],[-48.57114,-22.44081],[-48.50683,-22.47653],[-48.48144,-22.48676],[-48.46241,-22.4946],[-48.44492,-22.50164],[-48.44281,-22.5023],[-48.40449,-22.5131],[-48.3848,-22.51877],[-48.25045,-22.55982],[-48.23187,-22.5654],[-48.21233,-22.57142],[-48.09726,-22.60639],[-48.07811,-22.61213],[-48.04253,-22.62303],[-47.96451,-22.64669],[-47.95168,-22.64768],[-47.92235,-22.64963],[-47.87749,-22.67736],[-47.85873,-22.68884],[-47.82318,-22.71089],[-47.73053,-22.76799],[-47.71254,-22.77915],[-47.66187,-22.81032],[-47.58158,-22.88586],[-47.57009,-22.89652],[-47.52902,-22.93503],[-47.50676,-22.95578],[-47.49637,-22.96561],[-47.41322,-23.04343],[-47.40213,-23.05367],[-47.39138,-23.06385],[-47.37801,-23.07431],[-47.36498,-23.08467],[-47.35191,-23.09487],[-47.33886,-23.10528],[-47.31201,-23.12637],[-47.29977,-23.13614],[-47.28675,-23.14633],[-47.27479,-23.15591],[-47.25265,-23.17325],[-47.23038,-23.19087],[-47.15616,-23.24924],[-47.13849,-23.26564],[-47.13024,-23.27045],[-47.12496,-23.2734],[-47.1202,-23.27661],[-47.11746,-23.27812]]}},{"type":"Feature","properties":{"nome":"LT 525 kV Assis - Araraquara FUR, C1","tensao":525,"ano":2005,"planejada":false},"geometry":{"type":"LineString","coordinates":[[-50.35096,-22.66678],[-50.35059,-22.6662],[-50.3491,-22.66244],[-50.34764,-22.65815],[-50.33959,-22.64833],[-50.32662,-22.64306],[-50.31595,-22.63889],[-50.30504,-22.63536],[-50.29624,-22.63194],[-50.27962,-22.62511],[-50.25045,-22.61909],[-50.22554,-22.61383],[-50.20412,-22.60914],[-50.19084,-22.60647],[-50.12156,-22.59178],[-50.1065,-22.58769],[-50.09283,-22.5857],[-50.03339,-22.57306],[-49.98668,-22.56323],[-49.92727,-22.55045],[-49.88873,-22.5423],[-49.86948,-22.53818],[-49.85122,-22.53414],[-49.8126,-22.52579],[-49.70778,-22.50342],[-49.65151,-22.49123],[-49.6131,-22.48303],[-49.44983,-22.44774],[-49.31663,-22.38364],[-49.28869,-22.36974],[-49.27592,-22.36359],[-49.23463,-22.34314],[-49.22373,-22.33784],[-49.20268,-22.32732],[-49.14799,-22.30025],[-49.13332,-22.28987],[-49.1155,-22.27743],[-49.10374,-22.26935],[-49.08122,-22.26697],[-49.04969,-22.25553],[-49.03032,-22.24749],[-48.99031,-22.23071],[-48.97929,-22.226],[-48.92884,-22.20476],[-48.89624,-22.19114],[-48.88461,-22.18619],[-48.86771,-22.17919],[-48.82531,-22.15874],[-48.81391,-22.15191],[-48.74448,-22.10948],[-48.74108,-22.10748],[-48.73714,-22.10553],[-48.70926,-22.0981],[-48.70548,-22.09699],[-48.67233,-22.07857],[-48.64361,-22.06093],[-48.62693,-22.05057],[-48.58142,-22.02269],[-48.56069,-22.00984],[-48.55308,-22.00529],[-48.52333,-21.98683],[-48.405,-21.91378],[-48.37242,-21.88072],[-48.28752,-21.79427],[-48.26267,-21.79107],[-48.25766,-21.78709],[-48.24989,-21.78065],[-48.24951,-21.77862],[-48.25304,-21.77567]]}},{"type":"Feature","properties":{"nome":"LT 230 kV Chavantes - Pirajú, C1","tensao":230,"ano":2002,"planejada":false},"geometry":{"type":"LineString","coordinates":[[-49.72946,-23.12739],[-49.72658,-23.12872],[-49.72142,-23.12662],[-49.71938,-23.1253],[-49.71145,-23.11784],[-49.68094,-23.08948],[-49.67433,-23.08727],[-49.67264,-23.08693],[-49.63745,-23.07851],[-49.62781,-23.07635],[-49.59838,-23.08414],[-49.54648,-23.09479],[-49.47817,-23.10905],[-49.44445,-23.1239],[-49.41704,-23.13011],[-49.3857,-23.13625],[-49.38849,-23.14126],[-49.38933,-23.14359],[-49.39143,-23.14777],[-49.39007,-23.15096],[-49.38678,-23.15393],[-49.38121,-23.15928],[-49.3777,-23.1596],[-49.37652,-23.15804],[-49.37601,-23.15638],[-49.37683,-23.15505],[-49.37805,-23.1545]]}},{"type":"Feature","properties":{"nome":"LT 230 kV Jurumirim - Pirajú, C1","tensao":230,"ano":2002,"planejada":false},"geometry":{"type":"LineString","coordinates":[[-49.23061,-23.20799],[-49.23022,-23.20749],[-49.23017,-23.20512],[-49.23789,-23.19152],[-49.24079,-23.18614],[-49.2699,-23.16909],[-49.29235,-23.1558],[-49.3286,-23.14722],[-49.3856,-23.13628],[-49.38841,-23.14128],[-49.38925,-23.14362],[-49.39133,-23.14777],[-49.38997,-23.1509],[-49.38672,-23.15387],[-49.38119,-23.15921],[-49.37774,-23.15952],[-49.37662,-23.15803],[-49.37613,-23.15638],[-49.37691,-23.15514],[-49.37816,-23.1546]]}},{"type":"Feature","properties":{"nome":"LT 500 kV Ibiúna - Bateias, C2","tensao":500,"ano":2003,"planejada":false},"geometry":{"type":"LineString","coordinates":[[-47.10424,-23.66199],[-47.10798,-23.66199],[-47.11709,-23.66558],[-47.12367,-23.66859],[-47.13504,-23.67268],[-47.13796,-23.67525],[-47.14432,-23.67918],[-47.15085,-23.68287],[-47.16499,-23.69018],[-47.18265,-23.69086],[-47.18685,-23.69272],[-47.18957,-23.69456],[-47.19659,-23.69961],[-47.19879,-23.70001],[-47.20363,-23.70424],[-47.20868,-23.70757],[-47.21469,-23.71167],[-47.22065,-23.7168],[-47.22668,-23.72067],[-47.23675,-23.72697],[-47.25532,-23.73326],[-47.2949,-23.74578],[-47.30564,-23.74905],[-47.35747,-23.76529],[-47.36707,-23.7682],[-47.39373,-23.77651],[-47.4047,-23.77974],[-47.41602,-23.78295],[-47.42759,-23.78649],[-47.44531,-23.7931],[-47.45472,-23.79806],[-47.47227,-23.80632],[-47.49224,-23.81585],[-47.49979,-23.81845],[-47.52184,-23.8265],[-47.6077,-23.85721],[-47.6188,-23.86116],[-47.62726,-23.86401],[-47.64248,-23.86966],[-47.65054,-23.87127],[-47.66271,-23.87348],[-47.69783,-23.88044],[-47.7274,-23.88617],[-47.73527,-23.88781],[-47.7465,-23.88875],[-47.76487,-23.88993],[-47.80167,-23.89258],[-47.81377,-23.89334],[-47.83057,-23.89459],[-47.83272,-23.89588],[-47.87759,-23.89908],[-47.88963,-23.90003],[-47.95008,-23.90618],[-47.96843,-23.90796],[-47.98535,-23.91664],[-47.98936,-23.91815],[-48.00051,-23.92214],[-48.01948,-23.93054],[-48.03501,-23.93762],[-48.04779,-23.94089],[-48.09106,-23.95219],[-48.1008,-23.95613],[-48.12821,-23.97465],[-48.1361,-23.98006],[-48.15169,-23.98855],[-48.18411,-24.00265],[-48.23055,-24.02317],[-48.26606,-24.03856],[-48.30228,-24.05447],[-48.31472,-24.0597],[-48.32646,-24.06438],[-48.36317,-24.07877],[-48.37166,-24.08192],[-48.40412,-24.10959],[-48.41501,-24.11873],[-48.42312,-24.12538],[-48.44076,-24.1389],[-48.44628,-24.14442],[-48.46049,-24.15815],[-48.47598,-24.17342],[-48.50357,-24.20209],[-48.52856,-24.22098],[-48.5549,-24.2412],[-48.597,-24.27243],[-48.62078,-24.28485],[-48.64602,-24.29782],[-48.66095,-24.30534],[-48.6727,-24.31139],[-48.68375,-24.31732],[-48.70438,-24.32817],[-48.73178,-24.3425],[-48.74477,-24.34897],[-48.76215,-24.35825],[-48.77123,-24.3682],[-48.79736,-24.39746],[-48.80683,-24.40876],[-48.84735,-24.4596],[-48.91927,-24.52116],[-48.95005,-24.54757],[-48.95577,-24.55256],[-49.00261,-24.59258],[-49.00567,-24.59569],[-49.02024,-24.61001],[-49.02925,-24.61924],[-49.04453,-24.6351],[-49.05344,-24.64482],[-49.0657,-24.65854],[-49.07008,-24.66331],[-49.09023,-24.69711],[-49.11201,-24.71026],[-49.12205,-24.71618],[-49.1242,-24.71848],[-49.12938,-24.72463],[-49.16615,-24.76676],[-49.17106,-24.77335],[-49.18915,-24.79809],[-49.19348,-24.80387],[-49.21394,-24.82601],[-49.22179,-24.83439],[-49.2333,-24.85058],[-49.25614,-24.88988],[-49.27609,-24.9245],[-49.28288,-24.93598],[-49.29184,-24.95163],[-49.30925,-24.98136],[-49.31734,-24.99589],[-49.32832,-25.01535],[-49.33212,-25.02226],[-49.33464,-25.02665],[-49.33852,-25.03374],[-49.35358,-25.06044],[-49.35708,-25.06687],[-49.36357,-25.07835],[-49.37185,-25.09365],[-49.37539,-25.09966],[-49.38404,-25.11157],[-49.38525,-25.11336],[-49.4053,-25.1412],[-49.40928,-25.14661],[-49.4151,-25.16624],[-49.41822,-25.17709],[-49.42242,-25.19038],[-49.44033,-25.24955],[-49.46234,-25.29946],[-49.46401,-25.30873],[-49.47394,-25.33653],[-49.48167,-25.34505],[-49.49398,-25.36],[-49.52634,-25.39382],[-49.5341,-25.40671],[-49.53369,-25.40874]]}},{"type":"Feature","properties":{"nome":"LT 500 kV Ibiúna - Bateias, C1","tensao":500,"ano":2003,"planejada":false},"geometry":{"type":"LineString","coordinates":[[-47.10426,-23.66234],[-47.10533,-23.66211],[-47.10796,-23.66209],[-47.11705,-23.66567],[-47.12364,-23.66869],[-47.13499,-23.67276],[-47.1379,-23.67533],[-47.14427,-23.67926],[-47.1508,-23.68295],[-47.16496,-23.69028],[-47.18263,-23.69096],[-47.1868,-23.6928],[-47.18951,-23.69465],[-47.19655,-23.6997],[-47.19875,-23.7001],[-47.20357,-23.70432],[-47.21462,-23.71175],[-47.22059,-23.71688],[-47.22662,-23.72075],[-47.23671,-23.72706],[-47.25529,-23.73336],[-47.28516,-23.74275],[-47.29487,-23.74588],[-47.30561,-23.74914],[-47.35744,-23.76538],[-47.36704,-23.76829],[-47.3937,-23.77661],[-47.40467,-23.77983],[-47.41599,-23.78304],[-47.42755,-23.78659],[-47.44527,-23.79319],[-47.45468,-23.79815],[-47.47223,-23.80641],[-47.4922,-23.81594],[-47.49976,-23.81854],[-47.5218,-23.8266],[-47.53196,-23.83017],[-47.60766,-23.85731],[-47.61876,-23.86125],[-47.62722,-23.8641],[-47.64246,-23.86976],[-47.65052,-23.87137],[-47.66269,-23.87358],[-47.69781,-23.88054],[-47.72738,-23.88627],[-47.73525,-23.88791],[-47.74649,-23.88885],[-47.76486,-23.89003],[-47.80167,-23.89268],[-47.81377,-23.89344],[-47.83053,-23.89468],[-47.83269,-23.89597],[-47.87758,-23.89918],[-47.88962,-23.90012],[-47.95007,-23.90628],[-47.9684,-23.90805],[-47.98531,-23.91673],[-48.00047,-23.92223],[-48.01944,-23.93063],[-48.03498,-23.93772],[-48.04777,-23.94099],[-48.09103,-23.95229],[-48.10075,-23.95621],[-48.13605,-23.98014],[-48.15164,-23.98864],[-48.18407,-24.00274],[-48.23051,-24.02326],[-48.26602,-24.03865],[-48.30224,-24.05456],[-48.31469,-24.05979],[-48.32642,-24.06447],[-48.36314,-24.07886],[-48.37161,-24.08201],[-48.40406,-24.10966],[-48.41495,-24.11881],[-48.42306,-24.12546],[-48.4407,-24.13898],[-48.44621,-24.14449],[-48.46042,-24.15823],[-48.47591,-24.17349],[-48.5035,-24.20216],[-48.5285,-24.22106],[-48.55484,-24.24128],[-48.59695,-24.27252],[-48.62074,-24.28493],[-48.64598,-24.29791],[-48.66091,-24.30543],[-48.67266,-24.31147],[-48.68371,-24.31741],[-48.70434,-24.32826],[-48.73174,-24.34259],[-48.74472,-24.34906],[-48.76204,-24.35832],[-48.77115,-24.36827],[-48.79729,-24.39753],[-48.80675,-24.40882],[-48.84728,-24.45967],[-48.9192,-24.52123],[-48.94999,-24.54765],[-48.9557,-24.55264],[-48.96949,-24.56434],[-49.00255,-24.59266],[-49.0056,-24.59577],[-49.02016,-24.61009],[-49.02918,-24.61931],[-49.04446,-24.63516],[-49.05337,-24.64489],[-49.06562,-24.65861],[-49.06999,-24.66337],[-49.09016,-24.69718],[-49.11196,-24.71034],[-49.12198,-24.71626],[-49.12413,-24.71855],[-49.1293,-24.72469],[-49.16607,-24.76682],[-49.17098,-24.77341],[-49.18907,-24.79815],[-49.19341,-24.80393],[-49.21386,-24.82608],[-49.22171,-24.83446],[-49.23322,-24.85063],[-49.25605,-24.88993],[-49.276,-24.92455],[-49.28279,-24.93603],[-49.29176,-24.95168],[-49.3013,-24.96808],[-49.30496,-24.97415],[-49.30916,-24.98141],[-49.31725,-24.99594],[-49.32824,-25.0154],[-49.33843,-25.03379],[-49.35349,-25.06049],[-49.35699,-25.06692],[-49.36348,-25.0784],[-49.37176,-25.0937],[-49.37522,-25.09976],[-49.40903,-25.14671],[-49.41813,-25.17712],[-49.42232,-25.1904],[-49.44023,-25.24958],[-49.46225,-25.29949],[-49.46391,-25.30875],[-49.47385,-25.33658],[-49.4816,-25.34511],[-49.4939,-25.36007],[-49.52624,-25.39393],[-49.53398,-25.40675],[-49.53346,-25.40864]]}},{"type":"Feature","properties":{"nome":"LT 600 kV CC Foz do Iguaçu - Ibiúna, C2","tensao":600,"ano":0,"planejada":false},"geometry":{"type":"LineString","coordinates":[[-54.53801,-25.46908],[-54.53039,-25.47042],[-54.52363,-25.46981],[-54.5149,-25.46932],[-54.49521,-25.46798],[-54.48472,-25.46262],[-54.48076,-25.46073],[-54.46623,-25.45322],[-54.45836,-25.44943],[-54.44902,-25.44449],[-54.44127,-25.44052],[-54.43767,-25.43881],[-54.42967,-25.43472],[-54.42515,-25.43253],[-54.37865,-25.40879],[-54.37535,-25.4072],[-54.37144,-25.40512],[-54.35594,-25.39731],[-54.34807,-25.39322],[-54.34515,-25.39182],[-54.33759,-25.3853],[-54.33405,-25.38243],[-54.33124,-25.37993],[-54.32099,-25.3712],[-54.31745,-25.36833],[-54.31415,-25.3654],[-54.30018,-25.35362],[-54.29688,-25.35063],[-54.29346,-25.34782],[-54.29004,-25.34483],[-54.28345,-25.3394],[-54.27637,-25.33324],[-54.27198,-25.32964],[-54.26886,-25.32683],[-54.26587,-25.32432],[-54.26258,-25.3217],[-54.25965,-25.31902],[-54.25617,-25.31621],[-54.25067,-25.31144],[-54.24804,-25.30961],[-54.23656,-25.30253],[-54.22625,-25.29581],[-54.22106,-25.2927],[-54.21795,-25.29063],[-54.20916,-25.28513],[-54.20153,-25.28013],[-54.19897,-25.2786],[-54.19445,-25.27561],[-54.18646,-25.27073],[-54.18273,-25.26823],[-54.17693,-25.2645],[-54.16326,-25.2559],[-54.15887,-25.25303],[-54.15606,-25.25132],[-54.14587,-25.24473],[-54.13964,-25.24094],[-54.12713,-25.23283],[-54.12426,-25.23112],[-54.11895,-25.2277],[-54.11376,-25.22453],[-54.11016,-25.22202],[-54.10204,-25.2172],[-54.09533,-25.21262],[-54.08904,-25.20884],[-54.08483,-25.20621],[-54.07793,-25.2017],[-54.06713,-25.19492],[-54.06353,-25.19254],[-54.05376,-25.18631],[-54.04313,-25.18131],[-54.03813,-25.1788],[-54.03343,-25.17661],[-54.02495,-25.1724],[-54.01634,-25.16831],[-54.01256,-25.16641],[-54.00883,-25.1647],[-53.99076,-25.15592],[-53.98765,-25.15451],[-53.98186,-25.15171],[-53.96202,-25.14139],[-53.94756,-25.13401],[-53.94377,-25.13193],[-53.93205,-25.12589],[-53.92583,-25.12259],[-53.92082,-25.12009],[-53.91643,-25.11771],[-53.91216,-25.11569],[-53.90733,-25.11301],[-53.90355,-25.11112],[-53.88554,-25.10172],[-53.88145,-25.0997],[-53.87285,-25.09519],[-53.86772,-25.09232],[-53.86503,-25.09122],[-53.85832,-25.08792],[-53.85497,-25.08591],[-53.84794,-25.08273],[-53.82542,-25.0715],[-53.82176,-25.0698],[-53.80986,-25.06381],[-53.80302,-25.06052],[-53.79466,-25.05631],[-53.78563,-25.05191],[-53.77964,-25.0488],[-53.77666,-25.04752],[-53.77354,-25.04581],[-53.77135,-25.04471],[-53.76696,-25.04221],[-53.75212,-25.03421],[-53.74895,-25.03232],[-53.74346,-25.02964],[-53.74083,-25.02799],[-53.72466,-25.01932],[-53.71825,-25.01572],[-53.71526,-25.01419],[-53.71056,-25.01151],[-53.69847,-25.00504],[-53.68962,-25.00009],[-53.68553,-24.99802],[-53.68206,-24.99601],[-53.67815,-24.99393],[-53.67436,-24.99179],[-53.65422,-24.98093],[-53.64916,-24.978],[-53.63323,-24.96952],[-53.62377,-24.96421],[-53.61315,-24.95841],[-53.60875,-24.95609],[-53.60637,-24.95462],[-53.60265,-24.95273],[-53.59893,-24.9506],[-53.59483,-24.9484],[-53.59136,-24.94669],[-53.58293,-24.94181],[-53.57896,-24.93991],[-53.56963,-24.93509],[-53.55614,-24.92734],[-53.54985,-24.92392],[-53.54576,-24.9216],[-53.53447,-24.91544],[-53.53093,-24.91361],[-53.52794,-24.9119],[-53.51103,-24.90262],[-53.50273,-24.89823],[-53.49956,-24.8964],[-53.49596,-24.8945],[-53.46996,-24.8801],[-53.46605,-24.87802],[-53.45525,-24.87192],[-53.44835,-24.86832],[-53.43144,-24.8591],[-53.42327,-24.85459],[-53.41722,-24.85111],[-53.41185,-24.8483],[-53.40074,-24.8422],[-53.39634,-24.83969],[-53.3846,-24.83791],[-53.36952,-24.83541],[-53.3658,-24.83492],[-53.3611,-24.83401],[-53.35652,-24.8334],[-53.34602,-24.83181],[-53.33315,-24.82961],[-53.32539,-24.82851],[-53.2754,-24.82058],[-53.26234,-24.81918],[-53.25642,-24.81838],[-53.2527,-24.81808],[-53.2472,-24.81741],[-53.23793,-24.81643],[-53.23359,-24.81588],[-53.2259,-24.81509],[-53.22371,-24.81478],[-53.1977,-24.81191],[-53.1767,-24.81148],[-53.1739,-24.81148],[-53.17171,-24.811],[-53.162,-24.80929],[-53.15084,-24.80721],[-53.14479,-24.80599],[-53.13679,-24.8052],[-53.13282,-24.80471],[-53.12751,-24.80422],[-53.12342,-24.80361],[-53.11952,-24.80331],[-53.11482,-24.80282],[-53.09742,-24.8008],[-53.07722,-24.79861],[-53.06691,-24.79739],[-53.063,-24.79702],[-53.0583,-24.79641],[-53.05482,-24.7961],[-53.05189,-24.79568],[-53.03712,-24.79391],[-53.0287,-24.79299],[-53.0063,-24.79018],[-52.99312,-24.78872],[-52.98732,-24.78799],[-52.98042,-24.78701],[-52.97432,-24.7864],[-52.96632,-24.7853],[-52.96339,-24.78481],[-52.9521,-24.78329],[-52.94832,-24.78262],[-52.9203,-24.77859],[-52.91353,-24.77749],[-52.90974,-24.777],[-52.90724,-24.77651],[-52.89992,-24.77541],[-52.89192,-24.77438],[-52.88472,-24.77322],[-52.88081,-24.77273],[-52.87739,-24.77218],[-52.84692,-24.77212],[-52.83838,-24.77218],[-52.815,-24.77212],[-52.80969,-24.77199],[-52.78009,-24.77199],[-52.77411,-24.77163],[-52.77063,-24.77181],[-52.74879,-24.77181],[-52.7239,-24.76699],[-52.7145,-24.76498],[-52.69771,-24.7618],[-52.68813,-24.75979],[-52.68221,-24.75869],[-52.65182,-24.75259],[-52.64852,-24.75179],[-52.64101,-24.75051],[-52.6343,-24.74911],[-52.62093,-24.74661],[-52.6144,-24.7452],[-52.59902,-24.74221],[-52.58742,-24.73983],[-52.58193,-24.73861],[-52.5782,-24.738],[-52.57082,-24.73641],[-52.56691,-24.7358],[-52.56441,-24.73519],[-52.55501,-24.73348],[-52.54512,-24.73141],[-52.5414,-24.7308],[-52.53731,-24.73],[-52.5234,-24.72701],[-52.52083,-24.72659],[-52.51461,-24.7253],[-52.511,-24.72469],[-52.50441,-24.72341],[-52.49502,-24.72152],[-52.49203,-24.72079],[-52.48439,-24.71938],[-52.4637,-24.71511],[-52.45894,-24.71432],[-52.454,-24.71328],[-52.45131,-24.71291],[-52.44789,-24.7123],[-52.44063,-24.71133],[-52.41841,-24.70779],[-52.412,-24.70699],[-52.40419,-24.70571],[-52.39961,-24.7051],[-52.39583,-24.70443],[-52.37642,-24.70162],[-52.36733,-24.7001],[-52.35653,-24.69851],[-52.35372,-24.69772],[-52.34962,-24.69741],[-52.34462,-24.6968],[-52.3401,-24.69619],[-52.33242,-24.69491],[-52.32253,-24.69289],[-52.3185,-24.69228],[-52.31203,-24.69088],[-52.3091,-24.69039],[-52.30361,-24.68911],[-52.29952,-24.6885],[-52.2969,-24.68789],[-52.28804,-24.6863],[-52.28231,-24.68508],[-52.26742,-24.68221],[-52.26271,-24.68112],[-52.25832,-24.68038],[-52.24971,-24.67861],[-52.23763,-24.67642],[-52.23513,-24.67581],[-52.22639,-24.67391],[-52.22462,-24.67379],[-52.21865,-24.67269],[-52.20455,-24.66982],[-52.19661,-24.6683],[-52.19142,-24.6672],[-52.18831,-24.66671],[-52.18471,-24.66592],[-52.17873,-24.66482],[-52.17452,-24.6639],[-52.1697,-24.66299],[-52.16445,-24.66189],[-52.15035,-24.6592],[-52.13332,-24.65579],[-52.13094,-24.65542],[-52.1202,-24.65328],[-52.1119,-24.65151],[-52.0978,-24.64889],[-52.09572,-24.6484],[-52.08022,-24.64541],[-52.0682,-24.64291],[-52.06081,-24.64169],[-52.05422,-24.64028],[-52.05172,-24.63961],[-52.04683,-24.63882],[-52.02474,-24.63442],[-52.01992,-24.63369],[-52.01693,-24.63259],[-52.0121,-24.63192],[-52.00735,-24.63101],[-52.00484,-24.6304],[-51.99161,-24.62789],[-51.98686,-24.62552],[-51.96513,-24.61521],[-51.95927,-24.61252],[-51.95494,-24.61032],[-51.95024,-24.60831],[-51.93632,-24.60172],[-51.93187,-24.59952],[-51.92503,-24.59641],[-51.92174,-24.5947],[-51.90696,-24.5878],[-51.89744,-24.58322],[-51.89134,-24.58041],[-51.88273,-24.5762],[-51.87925,-24.57462],[-51.87742,-24.5737],[-51.87315,-24.57181],[-51.85624,-24.56369],[-51.85325,-24.56241],[-51.84715,-24.55942],[-51.83885,-24.55551],[-51.82597,-24.54929],[-51.80345,-24.53873],[-51.80003,-24.53702],[-51.79484,-24.5347],[-51.79155,-24.53299],[-51.78373,-24.53],[-51.78061,-24.52872],[-51.77115,-24.5253],[-51.76255,-24.52182],[-51.75754,-24.51999],[-51.75315,-24.51822],[-51.71055,-24.5021],[-51.69932,-24.49771],[-51.69626,-24.49643],[-51.68473,-24.49209],[-51.6791,-24.48989],[-51.65419,-24.48739],[-51.64393,-24.48629],[-51.636,-24.48531],[-51.63081,-24.48489],[-51.6255,-24.48428],[-51.60951,-24.48269],[-51.59553,-24.4811],[-51.58131,-24.4797],[-51.576,-24.47909],[-51.56782,-24.47842],[-51.56239,-24.47768],[-51.55812,-24.4772],[-51.54951,-24.4764],[-51.5268,-24.4739],[-51.52369,-24.47372],[-51.51539,-24.47268],[-51.49592,-24.47073],[-51.49202,-24.47018],[-51.48762,-24.46981],[-51.48371,-24.46932],[-51.48011,-24.46902],[-51.47554,-24.46841],[-51.47169,-24.4681],[-51.46302,-24.46719],[-51.4593,-24.4667],[-51.44691,-24.4656],[-51.44191,-24.46499],[-51.4366,-24.4645],[-51.4322,-24.46389],[-51.42823,-24.46358],[-51.42292,-24.46291],[-51.4076,-24.46139],[-51.40272,-24.46078],[-51.38613,-24.45901],[-51.37643,-24.45651],[-51.36801,-24.45419],[-51.34085,-24.44693],[-51.33725,-24.44589],[-51.32223,-24.44198],[-51.30715,-24.43789],[-51.29733,-24.43533],[-51.29092,-24.4335],[-51.2828,-24.43142],[-51.27841,-24.4302],[-51.27414,-24.42922],[-51.26944,-24.4277],[-51.26101,-24.42562],[-51.24911,-24.42239],[-51.24594,-24.4216],[-51.24154,-24.42031],[-51.23892,-24.4197],[-51.21652,-24.41391],[-51.21231,-24.41268],[-51.20913,-24.41189],[-51.20571,-24.41091],[-51.19851,-24.4092],[-51.18594,-24.40579],[-51.1589,-24.39871],[-51.15451,-24.39749],[-51.14181,-24.39419],[-51.13723,-24.39291],[-51.12906,-24.39102],[-51.12533,-24.38961],[-51.11905,-24.38821],[-51.11783,-24.38778],[-51.11202,-24.38638],[-51.10531,-24.38449],[-51.10244,-24.38381],[-51.09561,-24.38198],[-51.09353,-24.38131],[-51.087,-24.37972],[-51.07663,-24.37698],[-51.07443,-24.37631],[-51.06912,-24.3749],[-51.06204,-24.37319],[-51.06051,-24.37271],[-51.05453,-24.3713],[-51.05283,-24.37069],[-51.04373,-24.36819],[-51.04031,-24.3674],[-51.03604,-24.36611],[-51.0342,-24.36569],[-51.02663,-24.36361],[-51.02511,-24.36331],[-51.00955,-24.3591],[-50.99905,-24.35641],[-50.99691,-24.35598],[-50.99453,-24.35519],[-50.98184,-24.35201],[-50.9706,-24.34933],[-50.9659,-24.34811],[-50.96102,-24.34701],[-50.95712,-24.34591],[-50.95193,-24.34408],[-50.9449,-24.3428],[-50.94313,-24.34261],[-50.93581,-24.34072],[-50.92983,-24.33932],[-50.91592,-24.33578],[-50.91341,-24.33523],[-50.90823,-24.33389],[-50.90334,-24.33279],[-50.89883,-24.33151],[-50.88302,-24.32778],[-50.87411,-24.32559],[-50.86624,-24.32351],[-50.85684,-24.32131],[-50.85592,-24.32101],[-50.85195,-24.32009],[-50.83773,-24.31649],[-50.82742,-24.31399],[-50.824,-24.31301],[-50.82143,-24.31259],[-50.81203,-24.31008],[-50.80703,-24.30898],[-50.79391,-24.30569],[-50.78195,-24.30288],[-50.76364,-24.29818],[-50.7394,-24.2922],[-50.73702,-24.29171],[-50.72933,-24.2897],[-50.71902,-24.2872],[-50.71481,-24.2861],[-50.71102,-24.2853],[-50.7073,-24.28421],[-50.67983,-24.27743],[-50.67251,-24.27542],[-50.66751,-24.27438],[-50.64554,-24.26669],[-50.64255,-24.26553],[-50.63224,-24.26199],[-50.62943,-24.26089],[-50.62093,-24.2579],[-50.5885,-24.25442],[-50.57123,-24.2546],[-50.5661,-24.25478],[-50.56001,-24.25478],[-50.55081,-24.25253],[-50.54342,-24.25051],[-50.53781,-24.24923],[-50.5345,-24.24831],[-50.52381,-24.24722],[-50.5182,-24.24648],[-50.50819,-24.24551],[-50.498,-24.24429],[-50.49482,-24.24398],[-50.49232,-24.24361],[-50.48494,-24.24288],[-50.47224,-24.24148],[-50.46852,-24.24093],[-50.45533,-24.23959],[-50.43959,-24.23769],[-50.4336,-24.23721],[-50.42469,-24.23629],[-50.41609,-24.23519],[-50.40809,-24.2344],[-50.40379,-24.2338],[-50.39363,-24.23269],[-50.37812,-24.2311],[-50.37062,-24.23013],[-50.3614,-24.22921],[-50.34663,-24.22738],[-50.34321,-24.22701],[-50.33729,-24.22652],[-50.31251,-24.22359],[-50.30592,-24.22311],[-50.30263,-24.2225],[-50.29512,-24.22158],[-50.29042,-24.22091],[-50.287,-24.22073],[-50.28022,-24.21999],[-50.27589,-24.21969],[-50.2668,-24.21853],[-50.25282,-24.217],[-50.24281,-24.21578],[-50.2328,-24.21468],[-50.2292,-24.2142],[-50.22511,-24.21383],[-50.19374,-24.21023],[-50.18324,-24.20889],[-50.17713,-24.20821],[-50.17262,-24.20791],[-50.16059,-24.20638],[-50.15321,-24.20571],[-50.14851,-24.2051],[-50.13832,-24.204],[-50.13142,-24.20309],[-50.12263,-24.20211],[-50.11952,-24.20168],[-50.11299,-24.20101],[-50.10719,-24.20022],[-50.10023,-24.19961],[-50.09572,-24.19912],[-50.089,-24.1982],[-50.08582,-24.1979],[-50.08259,-24.19772],[-50.0746,-24.1968],[-50.06092,-24.19503],[-50.05482,-24.1946],[-50.05159,-24.19411],[-50.04042,-24.19271],[-50.03523,-24.19228],[-50.03132,-24.19161],[-50.02113,-24.19051],[-50.0157,-24.19021],[-50.01192,-24.18948],[-50.0066,-24.18899],[-50.00282,-24.1885],[-49.9966,-24.18783],[-49.99409,-24.1874],[-49.98671,-24.18673],[-49.9847,-24.1863],[-49.97761,-24.18539],[-49.97529,-24.18533],[-49.96992,-24.18441],[-49.96491,-24.1841],[-49.96089,-24.18398],[-49.95619,-24.18301],[-49.95069,-24.18252],[-49.9452,-24.18179],[-49.9402,-24.18142],[-49.93501,-24.18069],[-49.9308,-24.18032],[-49.9228,-24.17928],[-49.91499,-24.17849],[-49.90449,-24.17709],[-49.89363,-24.17599],[-49.89021,-24.1755],[-49.88649,-24.17483],[-49.8774,-24.17281],[-49.87282,-24.1719],[-49.86672,-24.17098],[-49.86153,-24.16952],[-49.85573,-24.16848],[-49.8492,-24.16708],[-49.84542,-24.16641],[-49.83681,-24.16451],[-49.8218,-24.16152],[-49.8174,-24.16049],[-49.81313,-24.15969],[-49.80874,-24.15872],[-49.80471,-24.15749],[-49.8,-24.15688],[-49.79622,-24.15621],[-49.79261,-24.15591],[-49.78791,-24.1556],[-49.78339,-24.15542],[-49.77943,-24.15499],[-49.77521,-24.15481],[-49.7707,-24.15438],[-49.7555,-24.15359],[-49.75032,-24.1531],[-49.74081,-24.15121],[-49.73642,-24.14981],[-49.72262,-24.14651],[-49.7134,-24.14419],[-49.70504,-24.1423],[-49.69301,-24.13931],[-49.6885,-24.13839],[-49.67385,-24.13473],[-49.66464,-24.13259],[-49.65743,-24.13021],[-49.65334,-24.12978],[-49.64883,-24.12869],[-49.64474,-24.12789],[-49.63711,-24.12588],[-49.63143,-24.1246],[-49.62112,-24.12191],[-49.61623,-24.12081],[-49.61202,-24.11971],[-49.60812,-24.11892],[-49.59341,-24.11532],[-49.58944,-24.11428],[-49.58572,-24.11343],[-49.56881,-24.10928],[-49.55954,-24.1072],[-49.55703,-24.10641],[-49.54812,-24.1044],[-49.54483,-24.10348],[-49.53463,-24.10092],[-49.5306,-24.10012],[-49.51223,-24.09561],[-49.50942,-24.095],[-49.5024,-24.09322],[-49.49483,-24.09213],[-49.48872,-24.09109],[-49.48543,-24.09072],[-49.48042,-24.08999],[-49.47053,-24.08828],[-49.4684,-24.0881],[-49.4634,-24.08718],[-49.45454,-24.08578],[-49.45051,-24.08529],[-49.4435,-24.08419],[-49.4391,-24.0834],[-49.43404,-24.08279],[-49.42909,-24.08181],[-49.41133,-24.07931],[-49.40291,-24.0779],[-49.39442,-24.07662],[-49.38429,-24.07528],[-49.37514,-24.07369],[-49.36451,-24.07211],[-49.36092,-24.07168],[-49.35652,-24.07082],[-49.35274,-24.07021],[-49.34492,-24.06899],[-49.3401,-24.06832],[-49.3365,-24.06771],[-49.33321,-24.06728],[-49.32955,-24.06661],[-49.32192,-24.06551],[-49.31863,-24.06491],[-49.31393,-24.0635],[-49.3041,-24.0613],[-49.29732,-24.05959],[-49.28852,-24.05892],[-49.28419,-24.05892],[-49.2801,-24.05819],[-49.27601,-24.05813],[-49.27241,-24.05782],[-49.26759,-24.05703],[-49.26399,-24.0566],[-49.25392,-24.05502],[-49.25001,-24.05453],[-49.24049,-24.05288],[-49.23512,-24.05221],[-49.23244,-24.0516],[-49.2278,-24.05099],[-49.22353,-24.05001],[-49.21882,-24.04958],[-49.19753,-24.04623],[-49.19331,-24.04531],[-49.18703,-24.04458],[-49.18312,-24.04391],[-49.1794,-24.04348],[-49.17,-24.04208],[-49.16493,-24.04122],[-49.15681,-24.04],[-49.1498,-24.03878],[-49.14619,-24.03829],[-49.13679,-24.03671],[-49.13191,-24.03609],[-49.1266,-24.0353],[-49.1194,-24.03408],[-49.11604,-24.03378],[-49.11244,-24.0331],[-49.10451,-24.03188],[-49.09322,-24.02999],[-49.08754,-24.0292],[-49.0826,-24.0284],[-49.07832,-24.02761],[-49.07411,-24.02712],[-49.06404,-24.02541],[-49.05183,-24.02358],[-49.04793,-24.02291],[-49.04072,-24.02218],[-49.02711,-24.02108],[-49.02192,-24.02041],[-49.01472,-24.01968],[-49.0102,-24.01931],[-49.00532,-24.0187],[-48.99104,-24.0173],[-48.98701,-24.01669],[-48.97119,-24.01522],[-48.96679,-24.01553],[-48.96241,-24.01571],[-48.9587,-24.0151],[-48.9482,-24.01309],[-48.94503,-24.01241],[-48.94143,-24.0118],[-48.9363,-24.01071],[-48.93123,-24.00948],[-48.92431,-24.00838],[-48.91801,-24.00991],[-48.91509,-24.01009],[-48.9085,-24.01083],[-48.9049,-24.01101],[-48.89977,-24.01162],[-48.89312,-24.01199],[-48.88878,-24.0126],[-48.8756,-24.01369],[-48.87079,-24.01418],[-48.86732,-24.01369],[-48.86262,-24.01321],[-48.85829,-24.01241],[-48.8509,-24.01119],[-48.84779,-24.01089],[-48.84273,-24.01009],[-48.83412,-24.009],[-48.8235,-24.00741],[-48.8177,-24.00662],[-48.81441,-24.006],[-48.80891,-24.00539],[-48.79543,-24.0035],[-48.79293,-24.00302],[-48.79032,-24.0021],[-48.78635,-24.00051],[-48.78433,-24.00003],[-48.78244,-23.99929],[-48.77864,-23.99868],[-48.77223,-23.99783],[-48.7693,-23.99728],[-48.76314,-23.99648],[-48.75221,-23.99471],[-48.74861,-23.99441],[-48.74452,-23.99361],[-48.7372,-23.9927],[-48.7317,-23.99178],[-48.7281,-23.9913],[-48.71809,-23.98971],[-48.7076,-23.9883],[-48.70332,-23.98751],[-48.69173,-23.98598],[-48.683,-23.9847],[-48.67909,-23.98391],[-48.67311,-23.98312],[-48.66652,-23.98202],[-48.66273,-23.98159],[-48.64992,-23.97958],[-48.63319,-23.9772],[-48.628,-23.97701],[-48.6244,-23.97658],[-48.61872,-23.97622],[-48.61439,-23.97579],[-48.60322,-23.97512],[-48.59162,-23.9742],[-48.58284,-23.97378],[-48.57862,-23.97311],[-48.57502,-23.97329],[-48.57081,-23.9728],[-48.55659,-23.97182],[-48.55201,-23.9714],[-48.54749,-23.97121],[-48.53352,-23.97018],[-48.52949,-23.96981],[-48.52399,-23.9695],[-48.5193,-23.96902],[-48.51533,-23.96871],[-48.50641,-23.96822],[-48.49909,-23.96761],[-48.49433,-23.96743],[-48.49171,-23.96719],[-48.48499,-23.96688],[-48.4773,-23.9667],[-48.47138,-23.96639],[-48.46198,-23.96609],[-48.4585,-23.9659],[-48.45362,-23.9659],[-48.4494,-23.96572],[-48.44562,-23.96572],[-48.44111,-23.96529],[-48.43799,-23.96529],[-48.4278,-23.96499],[-48.42371,-23.96468],[-48.41351,-23.96438],[-48.4101,-23.96438],[-48.40582,-23.96419],[-48.40309,-23.96419],[-48.39785,-23.96322],[-48.39285,-23.96188],[-48.38735,-23.96072],[-48.3788,-23.95901],[-48.37472,-23.9584],[-48.37252,-23.95779],[-48.368,-23.95681],[-48.3589,-23.95498],[-48.35402,-23.95413],[-48.34701,-23.95272],[-48.33944,-23.95101],[-48.33712,-23.95059],[-48.33352,-23.94979],[-48.32759,-23.94869],[-48.31814,-23.9468],[-48.30593,-23.9443],[-48.3008,-23.94308],[-48.29573,-23.94222],[-48.2737,-23.93759],[-48.2521,-23.93319],[-48.24782,-23.93221],[-48.24343,-23.93148],[-48.23922,-23.93051],[-48.23103,-23.92892],[-48.2265,-23.92861],[-48.2207,-23.92861],[-48.21259,-23.92849],[-48.20789,-23.92831],[-48.20221,-23.92843],[-48.19788,-23.928],[-48.18909,-23.9277],[-48.1861,-23.92751],[-48.17908,-23.92751],[-48.17762,-23.92739],[-48.17182,-23.92733],[-48.16352,-23.92709],[-48.15931,-23.9266],[-48.15229,-23.92599],[-48.14839,-23.9255],[-48.141,-23.92483],[-48.12654,-23.9233],[-48.11042,-23.92178],[-48.10169,-23.9208],[-48.09773,-23.92049],[-48.08424,-23.91921],[-48.07484,-23.91811],[-48.07099,-23.91781],[-48.0633,-23.91689],[-48.05842,-23.91659],[-48.0536,-23.91598],[-48.03529,-23.91421],[-48.02131,-23.91268],[-48.01051,-23.9117],[-48.00404,-23.91091],[-48.00123,-23.91079],[-47.99159,-23.90969],[-47.98859,-23.90951],[-47.97804,-23.90841],[-47.9723,-23.90792],[-47.96491,-23.907],[-47.95832,-23.90639],[-47.94642,-23.90511],[-47.93122,-23.90371],[-47.92311,-23.90279],[-47.90962,-23.90151],[-47.88581,-23.89901],[-47.87342,-23.89822],[-47.84101,-23.8959],[-47.83009,-23.89522],[-47.8144,-23.894],[-47.80891,-23.8937],[-47.80579,-23.89339],[-47.79529,-23.89278],[-47.77631,-23.89138],[-47.76551,-23.89071],[-47.75953,-23.89022],[-47.75001,-23.88961],[-47.73792,-23.88869],[-47.7347,-23.88833],[-47.71975,-23.8854],[-47.7156,-23.88448],[-47.69832,-23.88119],[-47.69484,-23.8804],[-47.64242,-23.8702],[-47.63962,-23.86923],[-47.63034,-23.86581],[-47.62674,-23.86459],[-47.61252,-23.8594],[-47.60642,-23.85733],[-47.60105,-23.85531],[-47.58731,-23.85049],[-47.58084,-23.84811],[-47.55735,-23.83981],[-47.53025,-23.82998],[-47.52683,-23.82882],[-47.52231,-23.82712],[-47.51554,-23.8248],[-47.51322,-23.82388],[-47.49674,-23.81802],[-47.49235,-23.81631],[-47.47984,-23.81064],[-47.46507,-23.8035],[-47.45622,-23.79941],[-47.45463,-23.79861],[-47.42356,-23.7872],[-47.41355,-23.78378],[-47.40952,-23.78231],[-47.38565,-23.77462],[-47.38193,-23.77353],[-47.37381,-23.7709],[-47.36905,-23.7695],[-47.36581,-23.7684],[-47.36044,-23.76681],[-47.35745,-23.76571],[-47.34811,-23.7629],[-47.33682,-23.7593],[-47.32974,-23.75723],[-47.32333,-23.75509],[-47.31284,-23.75192],[-47.28952,-23.74459],[-47.28574,-23.7435],[-47.27774,-23.74093],[-47.27341,-23.73941],[-47.26193,-23.73599],[-47.25754,-23.73458],[-47.25412,-23.73361],[-47.25003,-23.73208],[-47.24375,-23.72989],[-47.23862,-23.72812],[-47.23655,-23.72751],[-47.22625,-23.72092],[-47.22295,-23.71891],[-47.22045,-23.7175],[-47.21654,-23.71549],[-47.20915,-23.71201],[-47.20512,-23.70999],[-47.17814,-23.69711],[-47.16704,-23.69193],[-47.16106,-23.68869],[-47.15214,-23.68424],[-47.14873,-23.68241],[-47.13487,-23.67392],[-47.12423,-23.6708],[-47.1202,-23.6697],[-47.11439,-23.6683],[-47.10869,-23.66842]]}},{"type":"Feature","properties":{"nome":"LT 600 kV CC Foz do Iguaçu - Ibiuna, C4","tensao":600,"ano":0,"planejada":false},"geometry":{"type":"LineString","coordinates":[[-54.53758,-25.467],[-54.53021,-25.46822],[-54.51709,-25.46792],[-54.5083,-25.46761],[-54.50409,-25.46761],[-54.49545,-25.46731],[-54.47844,-25.45883],[-54.47105,-25.45499],[-54.46416,-25.45163],[-54.44847,-25.44364],[-54.44456,-25.4415],[-54.44066,-25.43961],[-54.43126,-25.43479],[-54.42784,-25.43314],[-54.42406,-25.43112],[-54.41734,-25.42783],[-54.41393,-25.426],[-54.39867,-25.41831],[-54.39513,-25.41641],[-54.39116,-25.41452],[-54.36986,-25.4036],[-54.36223,-25.39981],[-54.35356,-25.3953],[-54.34576,-25.3914],[-54.33417,-25.38164],[-54.32715,-25.37553],[-54.31427,-25.36473],[-54.29639,-25.34941],[-54.29346,-25.34703],[-54.28718,-25.34172],[-54.28425,-25.33904],[-54.2673,-25.32477],[-54.26657,-25.32248],[-54.262,-25.31045],[-54.26102,-25.30758],[-54.25808,-25.29963],[-54.25398,-25.29571],[-54.24738,-25.28911],[-54.24177,-25.2838],[-54.23499,-25.27721],[-54.23176,-25.27392],[-54.21735,-25.25982],[-54.21436,-25.25701],[-54.2093,-25.25194],[-54.20576,-25.24853],[-54.20326,-25.24584],[-54.19996,-25.24273],[-54.19056,-25.23302],[-54.18415,-25.22613],[-54.1808,-25.22283],[-54.17518,-25.21703],[-54.17085,-25.21233],[-54.16706,-25.20855],[-54.16078,-25.20184],[-54.15718,-25.19823],[-54.15425,-25.19506],[-54.14918,-25.18993],[-54.1468,-25.18731],[-54.14338,-25.18383],[-54.13819,-25.17821],[-54.13276,-25.17266],[-54.12318,-25.16265],[-54.12165,-25.16094],[-54.12007,-25.15941],[-54.11335,-25.15221],[-54.10316,-25.14165],[-54.09407,-25.13213],[-54.09028,-25.12804],[-54.08796,-25.12572],[-54.08357,-25.12102],[-54.08149,-25.11895],[-54.07936,-25.11663],[-54.07307,-25.11022],[-54.06727,-25.10442],[-54.06495,-25.10222],[-54.05946,-25.09655],[-54.05647,-25.09325],[-54.05378,-25.09051],[-54.05067,-25.08691],[-54.04597,-25.08172],[-54.03578,-25.07116],[-54.03285,-25.06792],[-54.03047,-25.06554],[-54.01979,-25.05431],[-54.01008,-25.04424],[-54.00239,-25.03594],[-53.99018,-25.02331],[-53.98225,-25.01495],[-53.98079,-25.01324],[-53.97425,-25.00652],[-53.96669,-24.99853],[-53.95906,-24.99065],[-53.95698,-24.98833],[-53.95155,-24.98272],[-53.94795,-24.97881],[-53.94477,-24.97564],[-53.93977,-24.97045],[-53.93776,-24.96813],[-53.93196,-24.96221],[-53.92799,-24.95794],[-53.90858,-24.93774],[-53.89668,-24.92492],[-53.88795,-24.91595],[-53.88227,-24.90984],[-53.87965,-24.90722],[-53.87275,-24.90002],[-53.86647,-24.89324],[-53.86049,-24.88702],[-53.85536,-24.88152],[-53.84816,-24.87414],[-53.83955,-24.86492],[-53.83448,-24.85973],[-53.83107,-24.85601],[-53.82869,-24.85363],[-53.82649,-24.85113],[-53.82325,-24.84771],[-53.81587,-24.84002],[-53.81318,-24.83733],[-53.81019,-24.83404],[-53.79347,-24.81634],[-53.78358,-24.80602],[-53.78138,-24.80383],[-53.77887,-24.801],[-53.77385,-24.79874],[-53.77012,-24.79691],[-53.75242,-24.78873],[-53.74827,-24.78671],[-53.72824,-24.77749],[-53.71712,-24.77499],[-53.70852,-24.77291],[-53.69973,-24.77102],[-53.69265,-24.76931],[-53.6852,-24.76772],[-53.6758,-24.76559],[-53.6719,-24.76461],[-53.66671,-24.76351],[-53.66262,-24.76241],[-53.65713,-24.76132],[-53.63973,-24.75729],[-53.6365,-24.75662],[-53.62874,-24.75479],[-53.62502,-24.75399],[-53.61025,-24.75051],[-53.60592,-24.7496],[-53.59273,-24.74661],[-53.58383,-24.74453],[-53.58041,-24.74362],[-53.57241,-24.74191],[-53.56132,-24.73941],[-53.54955,-24.73191],[-53.54595,-24.72971],[-53.53124,-24.72031],[-53.52044,-24.7136],[-53.51666,-24.7111],[-53.51257,-24.70859],[-53.50573,-24.7042],[-53.50176,-24.70182],[-53.49114,-24.69511],[-53.48675,-24.69242],[-53.47283,-24.68351],[-53.46825,-24.6807],[-53.46465,-24.67832],[-53.45733,-24.6738],[-53.43785,-24.66342],[-53.42986,-24.6594],[-53.42626,-24.65732],[-53.42064,-24.65439],[-53.41704,-24.65262],[-53.40984,-24.64872],[-53.40312,-24.6453],[-53.40007,-24.64359],[-53.39287,-24.63993],[-53.39012,-24.6384],[-53.38615,-24.63639],[-53.37804,-24.63199],[-53.37505,-24.63053],[-53.34715,-24.61581],[-53.33884,-24.61288],[-53.33322,-24.61099],[-53.32504,-24.608],[-53.32163,-24.6069],[-53.30844,-24.6022],[-53.30063,-24.59952],[-53.27732,-24.59121],[-53.25803,-24.5845],[-53.25473,-24.58322],[-53.25125,-24.58218],[-53.24472,-24.5798],[-53.23545,-24.57669],[-53.22684,-24.57351],[-53.21414,-24.56918],[-53.20462,-24.5657],[-53.19272,-24.56161],[-53.18723,-24.5596],[-53.18283,-24.55813],[-53.17472,-24.5552],[-53.15762,-24.54928],[-53.14371,-24.54422],[-53.14114,-24.54342],[-53.12442,-24.5375],[-53.11435,-24.53402],[-53.10831,-24.53183],[-53.10154,-24.52951],[-53.09964,-24.52872],[-53.07492,-24.52011],[-53.06803,-24.51761],[-53.06424,-24.51632],[-53.05661,-24.51352],[-53.05265,-24.5123],[-53.04654,-24.50992],[-53.02884,-24.50381],[-53.02463,-24.50229],[-53.02073,-24.501],[-53.01682,-24.49942],[-53.00681,-24.496],[-53.00302,-24.4946],[-52.99912,-24.49331],[-52.98673,-24.48892],[-52.98105,-24.48678],[-52.97293,-24.48391],[-52.96811,-24.48239],[-52.96134,-24.47989],[-52.95603,-24.47812],[-52.95206,-24.47659],[-52.94321,-24.4736],[-52.91904,-24.46499],[-52.91465,-24.46328],[-52.89474,-24.45639],[-52.88583,-24.4537],[-52.87753,-24.4515],[-52.87222,-24.44992],[-52.86374,-24.4476],[-52.83621,-24.43978],[-52.83181,-24.43862],[-52.82083,-24.43551],[-52.8146,-24.43392],[-52.81033,-24.43258],[-52.80282,-24.43038],[-52.79855,-24.42929],[-52.79062,-24.42691],[-52.78054,-24.4241],[-52.77273,-24.42178],[-52.76882,-24.4208],[-52.75253,-24.41623],[-52.74893,-24.415],[-52.74002,-24.41262],[-52.73593,-24.4114],[-52.70633,-24.4031],[-52.69784,-24.4006],[-52.68582,-24.3973],[-52.66873,-24.39242],[-52.66513,-24.39132],[-52.65933,-24.3898],[-52.65042,-24.38729],[-52.64621,-24.38601],[-52.62942,-24.38131],[-52.62515,-24.37991],[-52.61453,-24.3771],[-52.59683,-24.37191],[-52.59274,-24.37081],[-52.58865,-24.36959],[-52.58023,-24.3674],[-52.56674,-24.36331],[-52.55484,-24.36013],[-52.52871,-24.35269],[-52.51962,-24.35],[-52.48672,-24.34072],[-52.48355,-24.33969],[-52.47873,-24.3384],[-52.45505,-24.33151],[-52.44894,-24.3298],[-52.44504,-24.32882],[-52.44174,-24.32772],[-52.43814,-24.32669],[-52.43411,-24.32528],[-52.43094,-24.32431],[-52.42752,-24.32309],[-52.41891,-24.32052],[-52.41531,-24.3193],[-52.39993,-24.31448],[-52.39102,-24.31149],[-52.38711,-24.31033],[-52.37802,-24.3074],[-52.37454,-24.30642],[-52.36685,-24.3038],[-52.36355,-24.30288],[-52.35025,-24.29861],[-52.34793,-24.298],[-52.34354,-24.29641],[-52.33633,-24.29409],[-52.32144,-24.28952],[-52.31406,-24.28701],[-52.29501,-24.28109],[-52.29154,-24.27981],[-52.28091,-24.27651],[-52.27413,-24.27468],[-52.26681,-24.27291],[-52.24831,-24.26882],[-52.23842,-24.2665],[-52.23671,-24.2662],[-52.21395,-24.26089],[-52.20382,-24.25869],[-52.19985,-24.25771],[-52.19222,-24.25613],[-52.17593,-24.25241],[-52.16372,-24.24941],[-52.15524,-24.24679],[-52.15231,-24.246],[-52.14615,-24.24398],[-52.11832,-24.2355],[-52.11325,-24.23379],[-52.10306,-24.2308],[-52.09543,-24.2283],[-52.08334,-24.22451],[-52.07724,-24.2228],[-52.06552,-24.21908],[-52.04392,-24.21249],[-52.04233,-24.21188],[-52.03464,-24.20962],[-52.03104,-24.2084],[-52.02182,-24.20559],[-52.00912,-24.2015],[-52.00515,-24.2004],[-52.00052,-24.199],[-51.98502,-24.19412],[-51.9833,-24.19351],[-51.97842,-24.19241],[-51.96072,-24.18789],[-51.95333,-24.1863],[-51.95114,-24.18563],[-51.93454,-24.18148],[-51.93222,-24.18081],[-51.9266,-24.17941],[-51.9233,-24.1788],[-51.91714,-24.17709],[-51.90792,-24.17489],[-51.89584,-24.17178],[-51.89132,-24.1708],[-51.87881,-24.16751],[-51.87582,-24.16689],[-51.85623,-24.16201],[-51.85232,-24.16091],[-51.8467,-24.15951],[-51.84133,-24.15829],[-51.83663,-24.15701],[-51.82681,-24.15469],[-51.82205,-24.15341],[-51.81631,-24.15212],[-51.80471,-24.14901],[-51.79842,-24.14761],[-51.79373,-24.14639],[-51.78823,-24.14511],[-51.78121,-24.14321],[-51.77792,-24.14242],[-51.77194,-24.14071],[-51.76253,-24.13851],[-51.75723,-24.13741],[-51.75125,-24.13583],[-51.74685,-24.13479],[-51.73873,-24.13272],[-51.73702,-24.13223],[-51.73293,-24.13131],[-51.72903,-24.13021],[-51.7203,-24.12801],[-51.71254,-24.12679],[-51.70881,-24.12643],[-51.70003,-24.1249],[-51.68849,-24.12331],[-51.675,-24.1213],[-51.66511,-24.11971],[-51.6581,-24.1188],[-51.65291,-24.118],[-51.6498,-24.11739],[-51.64442,-24.11678],[-51.63612,-24.11538],[-51.62941,-24.11453],[-51.62703,-24.11398],[-51.62202,-24.1133],[-51.61452,-24.11208],[-51.60951,-24.11141],[-51.60261,-24.11031],[-51.59791,-24.1097],[-51.59022,-24.10848],[-51.58742,-24.10812],[-51.58162,-24.1072],[-51.57924,-24.10671],[-51.57033,-24.10561],[-51.56471,-24.10452],[-51.55122,-24.10268],[-51.54152,-24.1011],[-51.53694,-24.10049],[-51.53084,-24.09951],[-51.51704,-24.0975],[-51.50929,-24.09621],[-51.5013,-24.09518],[-51.49892,-24.09469],[-51.48604,-24.0928],[-51.48042,-24.09188],[-51.47432,-24.09109],[-51.4604,-24.08889],[-51.43721,-24.08541],[-51.43343,-24.08492],[-51.41933,-24.08248],[-51.41371,-24.08169],[-51.40889,-24.0809],[-51.40383,-24.07998],[-51.3932,-24.07821],[-51.381,-24.07632],[-51.37184,-24.07473],[-51.34572,-24.0704],[-51.33992,-24.06948],[-51.32442,-24.06722],[-51.3218,-24.06661],[-51.3152,-24.06551],[-51.30263,-24.06362],[-51.29933,-24.06301],[-51.29091,-24.06173],[-51.28602,-24.061],[-51.28102,-24.06039],[-51.27791,-24.05972],[-51.2737,-24.05898],[-51.269,-24.05831],[-51.25441,-24.05599],[-51.24361,-24.05459],[-51.23952,-24.05361],[-51.22933,-24.05221],[-51.22383,-24.05111],[-51.21589,-24.04989],[-51.21333,-24.04971],[-51.20882,-24.04879],[-51.20491,-24.04818],[-51.196,-24.04708],[-51.18642,-24.04531],[-51.18092,-24.04421],[-51.17561,-24.04379],[-51.1725,-24.04311],[-51.16463,-24.04171],[-51.15889,-24.04092],[-51.1432,-24.03829],[-51.12593,-24.03579],[-51.11342,-24.03359],[-51.10512,-24.03231],[-51.09811,-24.03091],[-51.0937,-24.03048],[-51.09059,-24.02999],[-51.08333,-24.02859],[-51.07283,-24.02682],[-51.0674,-24.02578],[-51.04964,-24.02273],[-51.04689,-24.02218],[-51.03212,-24.01968],[-51.0262,-24.01858],[-51.01833,-24.0173],[-51.01442,-24.0165],[-51.00423,-24.01461],[-50.99782,-24.01351],[-50.9944,-24.01302],[-50.98891,-24.01199],[-50.98482,-24.01138],[-50.95882,-24.00668],[-50.95632,-24.00631],[-50.95174,-24.00539],[-50.9485,-24.00491],[-50.91322,-23.99868],[-50.90303,-23.99728],[-50.89442,-23.99599],[-50.8871,-23.99471],[-50.8816,-23.9941],[-50.87331,-23.993],[-50.85902,-23.99081],[-50.85151,-23.99001],[-50.83589,-23.98751],[-50.82863,-23.9866],[-50.82301,-23.9858],[-50.78059,-23.97958],[-50.77535,-23.97891],[-50.76143,-23.97683],[-50.74464,-23.97451],[-50.7256,-23.97158],[-50.72224,-23.97121],[-50.71651,-23.9703],[-50.71254,-23.96981],[-50.7079,-23.96908],[-50.6996,-23.96798],[-50.69362,-23.96688],[-50.68922,-23.96639],[-50.67482,-23.9642],[-50.67024,-23.96371],[-50.6645,-23.96291],[-50.6559,-23.96151],[-50.64711,-23.96029],[-50.63899,-23.95901],[-50.6349,-23.95858],[-50.62544,-23.95712],[-50.60731,-23.95461],[-50.5937,-23.95248],[-50.5851,-23.95132],[-50.5804,-23.95052],[-50.5779,-23.95022],[-50.57429,-23.94961],[-50.55049,-23.94619],[-50.54451,-23.94521],[-50.52919,-23.94289],[-50.52602,-23.94228],[-50.52144,-23.94161],[-50.51759,-23.94118],[-50.51424,-23.9407],[-50.50423,-23.93911],[-50.49922,-23.9385],[-50.49654,-23.93801],[-50.49171,-23.93728],[-50.47914,-23.93551],[-50.47011,-23.93411],[-50.45363,-23.93172],[-50.44771,-23.93069],[-50.42105,-23.92678],[-50.3957,-23.92281],[-50.3896,-23.92208],[-50.34804,-23.91433],[-50.33681,-23.91232],[-50.33132,-23.91122],[-50.3265,-23.91042],[-50.3116,-23.90762],[-50.30764,-23.90701],[-50.30471,-23.9064],[-50.29811,-23.9053],[-50.2925,-23.9042],[-50.2795,-23.90188],[-50.26851,-23.89962],[-50.26393,-23.89889],[-50.25832,-23.89779],[-50.25521,-23.8973],[-50.24971,-23.8962],[-50.24642,-23.89571],[-50.24221,-23.8948],[-50.23274,-23.89309],[-50.22933,-23.8926],[-50.20803,-23.88851],[-50.20333,-23.88778],[-50.20101,-23.88729],[-50.19631,-23.8865],[-50.17873,-23.88308],[-50.17513,-23.88253],[-50.1675,-23.88113],[-50.15981,-23.8796],[-50.14803,-23.87759],[-50.13594,-23.87521],[-50.12624,-23.8735],[-50.1014,-23.8688],[-50.09169,-23.86709],[-50.0884,-23.86642],[-50.08193,-23.86532],[-50.07411,-23.86379],[-50.06893,-23.86288],[-50.06422,-23.86221],[-50.05372,-23.86123],[-50.04292,-23.86001],[-50.03791,-23.85952],[-50.02589,-23.85812],[-50.01411,-23.8569],[-50.0055,-23.8561],[-49.99372,-23.8547],[-49.98042,-23.85342],[-49.97181,-23.85238],[-49.938,-23.8489],[-49.93152,-23.84811],[-49.91932,-23.84719],[-49.88612,-23.8442],[-49.883,-23.84402],[-49.88032,-23.84371],[-49.87153,-23.84298],[-49.86482,-23.84231],[-49.84962,-23.84109],[-49.83741,-23.83999],[-49.83283,-23.8395],[-49.82331,-23.83871],[-49.81489,-23.83791],[-49.81153,-23.83773],[-49.7945,-23.83608],[-49.75202,-23.83248],[-49.74269,-23.83163],[-49.74043,-23.83132],[-49.73542,-23.83102],[-49.73182,-23.83059],[-49.72541,-23.8301],[-49.71973,-23.82949],[-49.71668,-23.82931],[-49.70979,-23.8287],[-49.70722,-23.82839],[-49.70112,-23.8279],[-49.69849,-23.8276],[-49.69611,-23.82748],[-49.68623,-23.8265],[-49.68171,-23.82619],[-49.66822,-23.82491],[-49.66181,-23.82449],[-49.65888,-23.82418],[-49.65601,-23.824],[-49.64723,-23.82308],[-49.62379,-23.82113],[-49.61402,-23.82021],[-49.60414,-23.81942],[-49.58601,-23.81771],[-49.57581,-23.81692],[-49.56501,-23.81588],[-49.55103,-23.81472],[-49.53492,-23.81319],[-49.52662,-23.81252],[-49.521,-23.81191],[-49.5174,-23.81179],[-49.50691,-23.81081],[-49.50062,-23.81033],[-49.49043,-23.80929],[-49.48139,-23.80862],[-49.47621,-23.80813],[-49.47181,-23.80758],[-49.46772,-23.80721],[-49.45661,-23.8063],[-49.4521,-23.80581],[-49.44142,-23.80502],[-49.43781,-23.80459],[-49.4347,-23.8044],[-49.4145,-23.80251],[-49.40431,-23.80172],[-49.3921,-23.80062],[-49.38832,-23.80019],[-49.38349,-23.79983],[-49.37379,-23.79861],[-49.35102,-23.79549],[-49.34779,-23.79519],[-49.33552,-23.79348],[-49.32954,-23.79281],[-49.30452,-23.78939],[-49.2809,-23.7864],[-49.27119,-23.785],[-49.26149,-23.78378],[-49.25691,-23.7831],[-49.25313,-23.78268],[-49.24263,-23.78121],[-49.23811,-23.78072],[-49.2093,-23.77682],[-49.18922,-23.77419],[-49.18019,-23.77309],[-49.17079,-23.77169],[-49.16249,-23.77059],[-49.15005,-23.76913],[-49.13254,-23.76339],[-49.12894,-23.7623],[-49.12521,-23.76101],[-49.12076,-23.75973],[-49.11533,-23.7579],[-49.10733,-23.7554],[-49.10361,-23.75412],[-49.09836,-23.75259],[-49.09274,-23.7507],[-49.07254,-23.74429],[-49.06674,-23.74252],[-49.06271,-23.74112],[-49.05502,-23.7388],[-49.05142,-23.73751],[-49.04574,-23.73581],[-49.03531,-23.73251],[-49.02646,-23.72958],[-49.01974,-23.7275],[-49.00253,-23.72189],[-48.98862,-23.71762],[-48.9844,-23.71621],[-48.98001,-23.71493],[-48.97134,-23.712],[-48.96121,-23.70889],[-48.95804,-23.70779],[-48.94961,-23.7051],[-48.94644,-23.70419],[-48.92581,-23.69888],[-48.91793,-23.69668],[-48.91342,-23.69558],[-48.90554,-23.69351],[-48.89431,-23.69052],[-48.88931,-23.68911],[-48.88412,-23.68783],[-48.86215,-23.68203],[-48.85495,-23.6802],[-48.82522,-23.67221],[-48.80831,-23.66781],[-48.79751,-23.66488],[-48.78586,-23.66183],[-48.77744,-23.6589],[-48.77323,-23.65731],[-48.77054,-23.65652],[-48.76615,-23.655],[-48.75333,-23.65042],[-48.73801,-23.64511],[-48.73001,-23.64212],[-48.72702,-23.6412],[-48.71982,-23.6387],[-48.69065,-23.62784],[-48.67813,-23.62368],[-48.67471,-23.62271],[-48.67135,-23.62161],[-48.66702,-23.62039],[-48.66373,-23.61929],[-48.65433,-23.61648],[-48.64542,-23.61361],[-48.63712,-23.61111],[-48.62943,-23.60893],[-48.6194,-23.60671],[-48.61043,-23.605],[-48.5978,-23.6022],[-48.58211,-23.59841],[-48.57253,-23.5964],[-48.56472,-23.59451],[-48.56094,-23.59371],[-48.55734,-23.5928],[-48.54824,-23.59078],[-48.54433,-23.58981],[-48.53573,-23.58792],[-48.52743,-23.5859],[-48.51712,-23.58261],[-48.51273,-23.58133],[-48.50375,-23.5784],[-48.49075,-23.57443],[-48.47495,-23.5693],[-48.46744,-23.5671],[-48.46414,-23.56588],[-48.45663,-23.5635],[-48.45223,-23.56228],[-48.42435,-23.55331],[-48.41574,-23.55062],[-48.41311,-23.55001],[-48.39272,-23.5458],[-48.37832,-23.54269],[-48.36062,-23.53903],[-48.35592,-23.53799],[-48.35262,-23.53738],[-48.34121,-23.53481],[-48.3326,-23.53311],[-48.32631,-23.5317],[-48.31566,-23.52953],[-48.29871,-23.52871],[-48.29249,-23.52853],[-48.27369,-23.52761],[-48.2674,-23.52743],[-48.25861,-23.527],[-48.23542,-23.52608],[-48.21881,-23.52529],[-48.20868,-23.52492],[-48.18749,-23.52651],[-48.18297,-23.527],[-48.17437,-23.52761],[-48.15258,-23.5295],[-48.14379,-23.53011],[-48.14031,-23.53048],[-48.13018,-23.53121],[-48.1253,-23.5317],[-48.1214,-23.53158],[-48.11548,-23.53121],[-48.11133,-23.53109],[-48.10089,-23.5306],[-48.09416,-23.5317],[-48.07646,-23.53481],[-48.0617,-23.53719],[-48.0534,-23.53719],[-48.04968,-23.53731],[-48.0393,-23.53731],[-48.03508,-23.53799],[-48.02428,-23.53951],[-48.02171,-23.54],[-48.01489,-23.5411],[-48.00361,-23.5389],[-48.00018,-23.5389],[-47.9959,-23.53909],[-47.98326,-23.54171],[-47.97929,-23.54263],[-47.97367,-23.54373],[-47.96665,-23.54531],[-47.95438,-23.54782],[-47.94687,-23.55069],[-47.94418,-23.5516],[-47.94027,-23.55319],[-47.93179,-23.55612],[-47.92837,-23.55752],[-47.90725,-23.56521],[-47.89126,-23.57132],[-47.88736,-23.57272],[-47.88158,-23.57369],[-47.8568,-23.57772],[-47.85118,-23.57851],[-47.84618,-23.57943],[-47.84068,-23.58022],[-47.83312,-23.5815],[-47.83007,-23.58169],[-47.82098,-23.58199],[-47.81848,-23.58199],[-47.80969,-23.5823],[-47.80102,-23.58248],[-47.79608,-23.58272],[-47.78741,-23.58291],[-47.75763,-23.58388],[-47.75342,-23.58388],[-47.73889,-23.58431],[-47.72887,-23.58498],[-47.69669,-23.58791],[-47.66336,-23.59951],[-47.65628,-23.60189],[-47.64798,-23.60489],[-47.63608,-23.60891],[-47.62985,-23.61111],[-47.62356,-23.61319],[-47.6077,-23.6188],[-47.60497,-23.6191],[-47.60028,-23.6191],[-47.59558,-23.61898],[-47.5907,-23.61898],[-47.58551,-23.6188],[-47.5827,-23.6188],[-47.57831,-23.61861],[-47.5683,-23.61861],[-47.56049,-23.61831],[-47.55372,-23.61831],[-47.5497,-23.61788],[-47.54689,-23.61739],[-47.53963,-23.61648],[-47.52618,-23.61208],[-47.52016,-23.61459],[-47.51339,-23.61758],[-47.50688,-23.6202],[-47.49659,-23.6191],[-47.48622,-23.61788],[-47.48436,-23.61757],[-47.4785,-23.62115],[-47.468,-23.64031],[-47.46394,-23.64292],[-47.46046,-23.64493],[-47.45545,-23.64829],[-47.44257,-23.65653],[-47.41676,-23.67271],[-47.40986,-23.6771],[-47.40437,-23.6807],[-47.40247,-23.6818],[-47.39484,-23.68674],[-47.39106,-23.689],[-47.38782,-23.6912],[-47.38357,-23.69381],[-47.37778,-23.69509],[-47.37406,-23.69601],[-47.3701,-23.6968],[-47.36387,-23.69833],[-47.34757,-23.70181],[-47.34251,-23.70309],[-47.33439,-23.7048],[-47.32128,-23.70669],[-47.31328,-23.70773],[-47.30889,-23.70821],[-47.28699,-23.71139],[-47.26319,-23.70919],[-47.25422,-23.70821],[-47.2436,-23.70742],[-47.24141,-23.70718],[-47.23292,-23.7065],[-47.22388,-23.70559],[-47.22041,-23.70541],[-47.21652,-23.70498],[-47.20194,-23.69852],[-47.19413,-23.69522],[-47.18772,-23.69241],[-47.18363,-23.69052],[-47.17027,-23.68472],[-47.16562,-23.68258],[-47.16311,-23.68191],[-47.15793,-23.68032],[-47.15042,-23.67788],[-47.14255,-23.6755],[-47.13474,-23.673],[-47.11411,-23.66596],[-47.10857,-23.66592]]}},{"type":"Feature","properties":{"nome":"LT 230 kV Cascavel Oeste - Cascavel, C1","tensao":230,"ano":2001,"planejada":false},"geometry":{"type":"LineString","coordinates":[[-53.53005,-25.02825],[-53.52904,-25.02821],[-53.52671,-25.02715],[-53.49579,-25.02305],[-53.48068,-25.02115],[-53.46606,-25.01547],[-53.46213,-25.01553],[-53.45308,-25.01123],[-53.45167,-25.00703],[-53.45051,-25.00394],[-53.45432,-24.99613],[-53.45577,-24.99572]]}},{"type":"Feature","properties":{"nome":"LT 525 kV Curitiba - Curitiba Leste, C1","tensao":525,"ano":2015,"planejada":false},"geometry":{"type":"LineString","coordinates":[[-49.31968,-25.59602],[-49.31591,-25.59784],[-49.31127,-25.60617],[-49.30797,-25.60796],[-49.29116,-25.61764],[-49.28713,-25.6194],[-49.28151,-25.622],[-49.25248,-25.62396],[-49.24735,-25.62533],[-49.22072,-25.63433],[-49.20003,-25.6392],[-49.19324,-25.6363],[-49.18493,-25.63606],[-49.17916,-25.64017],[-49.17146,-25.63915],[-49.16421,-25.63161],[-49.14978,-25.62388],[-49.12728,-25.61029],[-49.11829,-25.60461],[-49.1104,-25.59945],[-49.10528,-25.5958],[-49.10295,-25.59528],[-49.08738,-25.58841],[-49.07693,-25.57763],[-49.07588,-25.57342],[-49.07727,-25.57168],[-49.07851,-25.57165]]}},{"type":"Feature","properties":{"nome":"LT 230 kV Itararé II - Jaguariaíva, C1","tensao":230,"ano":2010,"planejada":false},"geometry":{"type":"LineString","coordinates":[[-49.31203,-24.10069],[-49.31178,-24.09935],[-49.31284,-24.09694],[-49.31484,-24.09547],[-49.32375,-24.0921],[-49.33711,-24.0922],[-49.34429,-24.09186],[-49.34829,-24.09177],[-49.36064,-24.10239],[-49.3641,-24.10523],[-49.37119,-24.10775],[-49.39986,-24.13187],[-49.48475,-24.16177],[-49.50164,-24.17442],[-49.50854,-24.17947],[-49.5275,-24.18512],[-49.5451,-24.19024],[-49.55658,-24.19259],[-49.57183,-24.19553],[-49.58682,-24.19855],[-49.59034,-24.19915],[-49.61986,-24.20494],[-49.65548,-24.21825],[-49.67522,-24.22687],[-49.68927,-24.22868],[-49.69235,-24.23123],[-49.69434,-24.23249],[-49.6943,-24.23323]]}},{"type":"Feature","properties":{"nome":"LT 525 kV Salto Santiago - Itá, C2","tensao":525,"ano":2014,"planejada":false},"geometry":{"type":"LineString","coordinates":[[-52.62323,-25.63065],[-52.62522,-25.63081],[-52.63378,-25.64995],[-52.63833,-25.6655],[-52.63724,-25.68407],[-52.63258,-25.69712],[-52.62416,-25.72478],[-52.62187,-25.73158],[-52.61534,-25.75547],[-52.61365,-25.75966],[-52.60668,-25.78259],[-52.59327,-25.82118],[-52.58948,-25.83618],[-52.57219,-25.88075],[-52.56827,-25.8945],[-52.56606,-25.89839],[-52.56271,-25.90342],[-52.54477,-25.92962],[-52.53881,-25.93958],[-52.53549,-25.94531],[-52.532,-25.95331],[-52.53059,-25.95733],[-52.52947,-25.96172],[-52.52894,-25.96617],[-52.52888,-25.97745],[-52.52959,-25.98429],[-52.5303,-25.98719],[-52.5312,-25.98988],[-52.5321,-25.99211],[-52.53593,-25.99904],[-52.53961,-26.00611],[-52.52873,-26.04129],[-52.51902,-26.07216],[-52.51155,-26.10778],[-52.50588,-26.12873],[-52.49797,-26.17429],[-52.49218,-26.21083],[-52.46946,-26.27082],[-52.46421,-26.29267],[-52.43742,-26.43801],[-52.43175,-26.48336],[-52.42686,-26.52026],[-52.42569,-26.52478],[-52.42422,-26.52883],[-52.42068,-26.53606],[-52.41435,-26.54725],[-52.4111,-26.55328],[-52.40925,-26.55718],[-52.40623,-26.56724],[-52.40264,-26.57841],[-52.39994,-26.58713],[-52.39127,-26.63687],[-52.38714,-26.66182],[-52.38205,-26.68973],[-52.37722,-26.70892],[-52.37611,-26.71709],[-52.37259,-26.731],[-52.3703,-26.73917],[-52.34969,-26.82032],[-52.33815,-26.86332],[-52.3451,-26.89486],[-52.35028,-26.90638],[-52.35305,-26.91382],[-52.36152,-26.95447],[-52.3673,-26.97267],[-52.36922,-26.98346],[-52.37152,-26.99271],[-52.37298,-27.00239],[-52.37652,-27.01605],[-52.37748,-27.02344],[-52.38153,-27.03677],[-52.38251,-27.03947],[-52.38459,-27.04373],[-52.38824,-27.05006],[-52.39133,-27.06302],[-52.39202,-27.07536],[-52.39513,-27.08863],[-52.39894,-27.11215],[-52.40036,-27.11862],[-52.39994,-27.13249],[-52.39913,-27.13771],[-52.40066,-27.15159],[-52.40471,-27.18381],[-52.40579,-27.1887],[-52.4062,-27.1945],[-52.40647,-27.22549],[-52.40466,-27.25467],[-52.40523,-27.27007],[-52.40518,-27.27156]]}},{"type":"Feature","properties":{"nome":"LT 525 kV Curitiba - Bateias, C2","tensao":525,"ano":2010,"planejada":false},"geometry":{"type":"LineString","coordinates":[[-49.32144,-25.59468],[-49.32203,-25.59416],[-49.3233,-25.59372],[-49.32968,-25.58654],[-49.33467,-25.58452],[-49.33704,-25.58224],[-49.34054,-25.58226],[-49.3424,-25.57958],[-49.34314,-25.57577],[-49.34383,-25.56715],[-49.34324,-25.56064],[-49.3412,-25.55773],[-49.34681,-25.54765],[-49.34781,-25.53846],[-49.34773,-25.53515],[-49.35361,-25.52993],[-49.35877,-25.52473],[-49.35998,-25.52213],[-49.35841,-25.51813],[-49.36066,-25.50812],[-49.36339,-25.50399],[-49.36784,-25.50425],[-49.3866,-25.50711],[-49.39461,-25.50441],[-49.40263,-25.49902],[-49.41931,-25.48842],[-49.42132,-25.48662],[-49.4255,-25.48447],[-49.45592,-25.45708],[-49.45823,-25.45328],[-49.46025,-25.44964],[-49.46735,-25.43745],[-49.47536,-25.43245],[-49.47637,-25.42795],[-49.48187,-25.41708],[-49.48394,-25.41283],[-49.48684,-25.41149],[-49.49339,-25.40868],[-49.50372,-25.40409],[-49.51248,-25.40066],[-49.53098,-25.39956],[-49.53464,-25.40097],[-49.53587,-25.40623],[-49.53502,-25.40774],[-49.53444,-25.409]]}},{"type":"Feature","properties":{"nome":"LT 525 kV Areia - Curitiba, C1","tensao":525,"ano":0,"planejada":false},"geometry":{"type":"LineString","coordinates":[[-51.59958,-25.96835],[-51.5752,-25.94165],[-51.56285,-25.93395],[-51.55396,-25.92854],[-51.54399,-25.92222],[-51.52243,-25.90883],[-51.50276,-25.90495],[-51.44941,-25.89463],[-51.40168,-25.88523],[-51.36628,-25.87835],[-51.31884,-25.87651],[-51.30227,-25.87553],[-51.2753,-25.8738],[-51.21551,-25.86558],[-51.18626,-25.86143],[-51.1395,-25.85436],[-51.02775,-25.83722],[-51.02204,-25.83667],[-51.01138,-25.83477],[-51.00095,-25.83321],[-50.98322,-25.83112],[-50.97688,-25.83025],[-50.93371,-25.8251],[-50.8639,-25.8265],[-50.84619,-25.82669],[-50.81245,-25.82738],[-50.7887,-25.82778],[-50.75627,-25.8285],[-50.69897,-25.8296],[-50.68404,-25.82841],[-50.64223,-25.82532],[-50.58139,-25.82058],[-50.52859,-25.81657],[-50.4781,-25.82071],[-50.47455,-25.82106],[-50.39615,-25.80816],[-50.31464,-25.79486],[-50.26988,-25.78746],[-50.25352,-25.78493],[-50.21526,-25.77852],[-50.20446,-25.7768],[-50.14872,-25.76757],[-50.133,-25.76483],[-50.12245,-25.76311],[-49.98739,-25.72632],[-49.96956,-25.72471],[-49.91035,-25.71871],[-49.895,-25.71676],[-49.84891,-25.7119],[-49.68584,-25.6927],[-49.6464,-25.68818],[-49.58915,-25.68125],[-49.56524,-25.67844],[-49.4263,-25.62943],[-49.38358,-25.61419],[-49.368,-25.60873],[-49.33627,-25.59853],[-49.32464,-25.59441],[-49.32183,-25.59383],[-49.32113,-25.59408]]}},{"type":"Feature","properties":{"nome":"LT 525 kV Cascavel Oeste - Foz do Iguaçu, C1","tensao":525,"ano":2011,"planejada":false},"geometry":{"type":"LineString","coordinates":[[-53.53489,-25.02905],[-53.53905,-25.0289],[-53.57001,-25.03307],[-53.57387,-25.03293],[-53.59434,-25.03251],[-53.66965,-25.0612],[-53.69246,-25.07026],[-53.70353,-25.07475],[-53.71335,-25.07855],[-53.72164,-25.08193],[-53.75065,-25.09323],[-53.75837,-25.09587],[-53.78933,-25.10674],[-53.82483,-25.12124],[-53.83185,-25.12425],[-53.83948,-25.12735],[-53.86218,-25.13684],[-53.8687,-25.13947],[-53.8743,-25.14479],[-53.89832,-25.15308],[-53.9007,-25.15422],[-53.90612,-25.15709],[-53.91394,-25.16098],[-53.93022,-25.1693],[-53.93686,-25.17257],[-53.94658,-25.17755],[-53.96578,-25.18289],[-53.97147,-25.18596],[-53.98019,-25.19098],[-53.98951,-25.19622],[-53.99976,-25.19853],[-54.01361,-25.2019],[-54.01732,-25.20269],[-54.01934,-25.20351],[-54.04363,-25.21242],[-54.05546,-25.21692],[-54.09528,-25.23165],[-54.1081,-25.24022],[-54.12675,-25.25287],[-54.13909,-25.26667],[-54.15304,-25.27254],[-54.16084,-25.27593],[-54.17345,-25.28437],[-54.18597,-25.29241],[-54.21851,-25.31293],[-54.22747,-25.319],[-54.23649,-25.32461],[-54.24394,-25.32902],[-54.25415,-25.33532],[-54.29961,-25.3634],[-54.32246,-25.37765],[-54.32852,-25.38722],[-54.34043,-25.39255],[-54.35019,-25.39522],[-54.35603,-25.3983],[-54.36409,-25.40213],[-54.3845,-25.4136],[-54.40343,-25.42412],[-54.41132,-25.42688],[-54.44148,-25.45131],[-54.46253,-25.45845],[-54.49157,-25.46808],[-54.49393,-25.46989],[-54.49731,-25.47077],[-54.50099,-25.47209],[-54.51047,-25.47507],[-54.51748,-25.47642],[-54.52937,-25.47796],[-54.54146,-25.47708],[-54.54504,-25.4767],[-54.54903,-25.47417],[-54.54877,-25.47106],[-54.54793,-25.46852],[-54.54734,-25.46493],[-54.54701,-25.46425],[-54.54524,-25.46462],[-54.54434,-25.46472]]}},{"type":"Feature","properties":{"nome":"LT 230 kV Guaíra - Umuarama Sul, C1","tensao":230,"ano":2014,"planejada":false},"geometry":{"type":"LineString","coordinates":[[-54.2256,-24.10308],[-54.22515,-24.10417],[-54.22326,-24.10448],[-54.20922,-24.1042],[-54.06362,-24.09319],[-54.02218,-24.07661],[-53.95111,-24.05428],[-53.87236,-24.03981],[-53.82203,-24.02503],[-53.78427,-24.01083],[-53.76487,-23.99844],[-53.75788,-23.99469],[-53.72044,-23.97102],[-53.68268,-23.96452],[-53.65689,-23.95265],[-53.621,-23.93923],[-53.59195,-23.92368],[-53.56038,-23.91103],[-53.53794,-23.90062],[-53.51527,-23.8889],[-53.47656,-23.87968],[-53.4381,-23.87177],[-53.40323,-23.86783],[-53.3888,-23.8666],[-53.36428,-23.86343],[-53.33643,-23.86027],[-53.31982,-23.8365],[-53.31023,-23.82213],[-53.29706,-23.80296],[-53.28967,-23.79721],[-53.28683,-23.79416],[-53.28682,-23.79335]]}},{"type":"Feature","properties":{"nome":"LT 500 kV UHE Itaipu - Foz do Iguaçu, C1","tensao":500,"ano":0,"planejada":false},"geometry":{"type":"LineString","coordinates":[[-54.5878,-25.40839],[-54.56787,-25.45424],[-54.5474,-25.46373],[-54.54549,-25.46427],[-54.5443,-25.46434]]}},{"type":"Feature","properties":{"nome":"LT 500 kV UHE Itaipu - Foz do Iguaçu, C2","tensao":500,"ano":0,"planejada":false},"geometry":{"type":"LineString","coordinates":[[-54.58724,-25.40843],[-54.58511,-25.41298],[-54.58114,-25.42195],[-54.56734,-25.45383],[-54.54726,-25.46311],[-54.54427,-25.46405]]}},{"type":"Feature","properties":{"nome":"LT 500 kV UHE Itaipu - Foz do Iguaçu, C3","tensao":500,"ano":0,"planejada":false},"geometry":{"type":"LineString","coordinates":[[-54.58572,-25.40858],[-54.58391,-25.41348],[-54.5767,-25.4304],[-54.56674,-25.45335],[-54.54529,-25.46324],[-54.54414,-25.46327]]}},{"type":"Feature","properties":{"nome":"LT 500 kV UHE Itaipu - Foz do Iguaçu, C4","tensao":500,"ano":0,"planejada":false},"geometry":{"type":"LineString","coordinates":[[-54.58507,-25.40864],[-54.582,-25.4165],[-54.56616,-25.45293],[-54.55519,-25.45799],[-54.54519,-25.46272],[-54.54406,-25.46301]]}},{"type":"Feature","properties":{"nome":"LT 500 kV UHE Itaipu - Margem Direita, C1","tensao":500,"ano":0,"planejada":false},"geometry":{"type":"LineString","coordinates":[[-54.59238,-25.40699],[-54.59495,-25.4088],[-54.59722,-25.41013],[-54.60262,-25.41263],[-54.60539,-25.41452],[-54.60837,-25.41805]]}},{"type":"Feature","properties":{"nome":"LT 500 kV UHE Itaipu - Margem Direita, C2","tensao":500,"ano":0,"planejada":false},"geometry":{"type":"LineString","coordinates":[[-54.59199,-25.40704],[-54.59462,-25.40917],[-54.59739,-25.41089],[-54.60229,-25.41324],[-54.60452,-25.41494],[-54.6076,-25.41857]]}},{"type":"Feature","properties":{"nome":"LT 500 kV UHE Itaipu - Margem Direita, C3","tensao":500,"ano":2014,"planejada":false},"geometry":{"type":"LineString","coordinates":[[-54.5905,-25.40731],[-54.59744,-25.41165],[-54.60231,-25.41407],[-54.60646,-25.41941]]}},{"type":"Feature","properties":{"nome":"LT 500 kV UHE Itaipu - Margem Direita, C4","tensao":500,"ano":2014,"planejada":false},"geometry":{"type":"LineString","coordinates":[[-54.58985,-25.40745],[-54.59739,-25.41234],[-54.60187,-25.41455],[-54.60576,-25.41992]]}},{"type":"Feature","properties":{"nome":"LT 500 kV Margem Direita - Foz do Iguaçu, C1","tensao":500,"ano":0,"planejada":false},"geometry":{"type":"LineString","coordinates":[[-54.61025,-25.42011],[-54.6108,-25.42085],[-54.61069,-25.42812],[-54.60843,-25.43315],[-54.5776,-25.45766],[-54.56425,-25.4651],[-54.55219,-25.4671],[-54.54845,-25.46902],[-54.54655,-25.46934],[-54.54529,-25.46918]]}},{"type":"Feature","properties":{"nome":"LT 500 kV Margem Direita - Foz do Iguaçu, C2","tensao":500,"ano":0,"planejada":false},"geometry":{"type":"LineString","coordinates":[[-54.60944,-25.42065],[-54.61003,-25.42136],[-54.60998,-25.42801],[-54.60795,-25.43285],[-54.57723,-25.45711],[-54.564,-25.46453],[-54.54611,-25.46738],[-54.54495,-25.4678]]}},{"type":"Feature","properties":{"nome":"LT 500 kV Margem Direita - Foz do Iguaçu, C3","tensao":500,"ano":0,"planejada":false},"geometry":{"type":"LineString","coordinates":[[-54.60823,-25.42148],[-54.6088,-25.42224],[-54.60922,-25.42762],[-54.60724,-25.43243],[-54.60412,-25.43506],[-54.59126,-25.44512],[-54.57677,-25.45661],[-54.56374,-25.46392],[-54.54596,-25.46645],[-54.54466,-25.4663]]}},{"type":"Feature","properties":{"nome":"LT 500 kV Margem Direita - Foz do Iguaçu, C4","tensao":500,"ano":0,"planejada":false},"geometry":{"type":"LineString","coordinates":[[-54.60756,-25.42198],[-54.60809,-25.42267],[-54.60852,-25.4275],[-54.60656,-25.43217],[-54.57638,-25.45609],[-54.56342,-25.46334],[-54.55183,-25.46494],[-54.54755,-25.46455],[-54.54559,-25.46488],[-54.54446,-25.46533]]}},{"type":"Feature","properties":{"nome":"LT 440 kV Bauru - Oeste, C1","tensao":440,"ano":2006,"planejada":false},"geometry":{"type":"LineString","coordinates":[[-49.09484,-22.2833],[-49.09406,-22.28435],[-49.09389,-22.28565],[-49.09245,-22.28657],[-49.07196,-22.28064],[-49.05883,-22.28404],[-49.03123,-22.29101],[-49.00445,-22.29795],[-48.97918,-22.30423],[-48.93955,-22.31448],[-48.9242,-22.3183],[-48.92029,-22.31939],[-48.89314,-22.35546],[-48.88509,-22.36604],[-48.86081,-22.39838],[-48.80452,-22.47287],[-48.79715,-22.48354],[-48.79017,-22.49401],[-48.76846,-22.5259],[-48.73753,-22.58969],[-48.72198,-22.62153],[-48.71696,-22.63202],[-48.66421,-22.74031],[-48.61279,-22.8127],[-48.60514,-22.82357],[-48.56035,-22.88647],[-48.55956,-22.88767],[-48.50373,-22.94714],[-48.47411,-22.97709],[-48.45706,-22.99449],[-48.36308,-23.03085],[-48.35144,-23.03675],[-48.30612,-23.06063],[-48.29768,-23.06496],[-48.28304,-23.07013],[-48.26787,-23.07527],[-48.23786,-23.0856],[-48.22302,-23.09083],[-48.21561,-23.09329],[-48.15189,-23.12255],[-48.09348,-23.14924],[-48.07835,-23.15627],[-48.00998,-23.1874],[-47.99695,-23.1935],[-47.98177,-23.20031],[-47.9667,-23.20727],[-47.95189,-23.21336],[-47.93644,-23.22001],[-47.90598,-23.23289],[-47.87533,-23.24598],[-47.80365,-23.27632],[-47.78532,-23.28309],[-47.7314,-23.30274],[-47.72712,-23.30408],[-47.6967,-23.31312],[-47.68204,-23.3176],[-47.6674,-23.32189],[-47.63701,-23.33106],[-47.61434,-23.33775],[-47.60175,-23.34351],[-47.5611,-23.36177],[-47.48664,-23.39552],[-47.44284,-23.41523],[-47.41042,-23.42995],[-47.40667,-23.43355],[-47.40766,-23.43843],[-47.40992,-23.44308],[-47.4118,-23.4453],[-47.41301,-23.44578],[-47.41306,-23.44614]]}},{"type":"Feature","properties":{"nome":"LT 230 kV Assis - Paraguaçu Paulista 2, C1","tensao":230,"ano":2016,"planejada":false},"geometry":{"type":"LineString","coordinates":[[-50.34926,-22.66959],[-50.34624,-22.66624],[-50.3468,-22.66381],[-50.34867,-22.66347],[-50.35033,-22.66265],[-50.35253,-22.65945],[-50.35687,-22.65384],[-50.34764,-22.62584],[-50.34669,-22.61431],[-50.34503,-22.59234],[-50.38777,-22.53671],[-50.43834,-22.52554],[-50.56083,-22.46038],[-50.5939,-22.44565],[-50.59487,-22.44319],[-50.59215,-22.43689]]}},{"type":"Feature","properties":{"nome":"LT 230 kV Assis - Paraguaçu Paulista 2, C2","tensao":230,"ano":2016,"planejada":false},"geometry":{"type":"LineString","coordinates":[[-50.3491,-22.66964],[-50.34612,-22.66625],[-50.34669,-22.66369],[-50.34859,-22.6633],[-50.3502,-22.66251],[-50.35241,-22.65942],[-50.35675,-22.65383],[-50.34749,-22.62585],[-50.34487,-22.59232],[-50.38767,-22.53659],[-50.43828,-22.52542],[-50.56074,-22.46027],[-50.5938,-22.44557],[-50.59475,-22.44319],[-50.59201,-22.43695]]}},{"type":"Feature","properties":{"nome":"LT 230 kV Botucatu - Cerquilho III, C1","tensao":230,"ano":2014,"planejada":false},"geometry":{"type":"LineString","coordinates":[[-48.43671,-22.95105],[-48.43643,-22.95145],[-48.43499,-22.95301],[-48.42954,-22.95288],[-48.38029,-22.93869],[-48.32194,-22.9425],[-48.27795,-22.95833],[-48.25382,-22.96557],[-48.21242,-22.98163],[-48.20642,-22.98388],[-48.16275,-23.0111],[-48.04504,-23.05607],[-48.02121,-23.06591],[-47.93443,-23.0977],[-47.80365,-23.13134],[-47.77511,-23.1408],[-47.77462,-23.14012]]}},{"type":"Feature","properties":{"nome":"LT 230 kV Botucatu - Capão Bonito, C1","tensao":230,"ano":0,"planejada":false},"geometry":{"type":"LineString","coordinates":[[-48.43714,-22.95129],[-48.4369,-22.95169],[-48.43313,-23.0856],[-48.42903,-23.29823],[-48.42865,-23.32089],[-48.42768,-23.36575],[-48.42592,-23.45823],[-48.42432,-23.53705],[-48.42492,-23.56502],[-48.42624,-23.6363],[-48.42664,-23.65033],[-48.42691,-23.66528],[-48.42724,-23.69147],[-48.42799,-23.73169],[-48.42845,-23.74879],[-48.42857,-23.76321],[-48.42904,-23.77938],[-48.4293,-23.79575],[-48.42976,-23.80606],[-48.43103,-23.82616],[-48.43532,-23.90481],[-48.42263,-23.91328],[-48.34564,-23.98446],[-48.34494,-23.98627],[-48.34474,-23.98648]]}},{"type":"Feature","properties":{"nome":"LT 230 kV Chavantes - Botucatu, C4","tensao":230,"ano":2004,"planejada":false},"geometry":{"type":"LineString","coordinates":[[-49.72907,-23.1266],[-49.72474,-23.12761],[-49.72161,-23.1263],[-49.6814,-23.08878],[-49.6745,-23.08653],[-49.63758,-23.0777],[-49.62866,-23.07576],[-49.6267,-23.07595],[-49.60065,-23.07017],[-49.38223,-23.08527],[-49.35631,-23.08712],[-49.33242,-23.08866],[-49.19986,-23.09768],[-49.10806,-23.10381],[-49.05244,-23.09151],[-49.05069,-23.09159],[-48.93788,-23.06264],[-48.93458,-23.06163],[-48.93206,-23.06097],[-48.92793,-23.06009],[-48.89306,-23.05111],[-48.87156,-23.04669],[-48.79488,-23.0304],[-48.70854,-23.01221],[-48.70553,-23.01258],[-48.69816,-23.01006],[-48.5175,-22.97175],[-48.48804,-22.96878],[-48.48426,-22.96895],[-48.47639,-22.96764],[-48.46396,-22.96641],[-48.4425,-22.95876],[-48.4364,-22.95608],[-48.43571,-22.95179],[-48.43623,-22.95132],[-48.43647,-22.95096]]}},{"type":"Feature","properties":{"nome":"LT 230 kV Chavantes - Botucatu, C3","tensao":230,"ano":0,"planejada":false},"geometry":{"type":"LineString","coordinates":[[-49.72927,-23.12715],[-49.72658,-23.12867],[-49.72142,-23.12653],[-49.717,-23.12249],[-49.68118,-23.08907],[-49.6744,-23.08682],[-49.64967,-23.08094],[-49.62916,-23.07617],[-49.60067,-23.06984],[-49.42875,-23.08177],[-49.25795,-23.09343],[-49.10799,-23.10353],[-49.05097,-23.09087],[-48.89336,-23.05044],[-48.51768,-22.97103],[-48.46418,-22.96567],[-48.44341,-22.95827],[-48.44009,-22.95664],[-48.43793,-22.95345],[-48.4376,-22.95207],[-48.43774,-22.95162]]}},{"type":"Feature","properties":{"nome":"LT 230 kV Avaré Nova - Botucatu, C1","tensao":230,"ano":2003,"planejada":false},"geometry":{"type":"LineString","coordinates":[[-48.93346,-23.0619],[-48.93369,-23.06116],[-48.9316,-23.06071],[-48.89324,-23.05087],[-48.58408,-22.98555],[-48.51764,-22.97145],[-48.46405,-22.96609],[-48.44321,-22.95867],[-48.43978,-22.95702],[-48.43727,-22.95338],[-48.43739,-22.95194],[-48.43759,-22.95154]]}},{"type":"Feature","properties":{"nome":"LT 230 kV Jurumirim - Avaré Nova, C1","tensao":230,"ano":2003,"planejada":false},"geometry":{"type":"LineString","coordinates":[[-49.22999,-23.20834],[-49.22972,-23.20798],[-49.22308,-23.20483],[-49.1611,-23.16031],[-49.15051,-23.1528],[-49.09846,-23.11545],[-49.08655,-23.10933],[-49.05078,-23.09127],[-48.93926,-23.0627],[-48.93383,-23.0612],[-48.93362,-23.06195]]}},{"type":"Feature","properties":{"nome":"LT 230 kV Figueira - Chavantes, C1","tensao":230,"ano":0,"planejada":false},"geometry":{"type":"LineString","coordinates":[[-50.38796,-23.849],[-50.38723,-23.8467],[-50.38552,-23.84231],[-50.36919,-23.81088],[-50.36029,-23.80158],[-50.27703,-23.71626],[-50.17065,-23.60703],[-50.06139,-23.49453],[-50.05177,-23.48447],[-49.9834,-23.40817],[-49.97137,-23.39521],[-49.86316,-23.28242],[-49.74346,-23.12508],[-49.72915,-23.12569]]}},{"type":"Feature","properties":{"nome":"LT 230 kV Assis - Londrina (Copel), C1","tensao":230,"ano":0,"planejada":false},"geometry":{"type":"LineString","coordinates":[[-50.35,-22.67088],[-50.35074,-22.67146],[-50.35909,-22.68066],[-50.50456,-22.87609],[-50.56163,-22.9417],[-50.59554,-22.9686],[-50.62593,-22.98396],[-50.63631,-22.99032],[-50.64464,-22.99363],[-50.78989,-23.05244],[-50.90512,-23.10272],[-50.97062,-23.13722],[-51.02304,-23.15404],[-51.13861,-23.20421],[-51.14628,-23.20968],[-51.15767,-23.22057],[-51.17836,-23.23467],[-51.19299,-23.24604],[-51.23038,-23.27238],[-51.2379,-23.27557]]}},{"type":"Feature","properties":{"nome":"LT 230 kV Ibiporã - Londrina (ESUL), C2","tensao":230,"ano":2005,"planejada":false},"geometry":{"type":"LineString","coordinates":[[-51.0771,-23.29318],[-51.07606,-23.29672],[-51.08086,-23.35082],[-51.09642,-23.3759],[-51.10698,-23.40299],[-51.12425,-23.44789],[-51.14013,-23.46083],[-51.14036,-23.46154]]}},{"type":"Feature","properties":{"nome":"LT 230 kV Ibiporã - Londrina (ESUL), C1","tensao":230,"ano":0,"planejada":false},"geometry":{"type":"LineString","coordinates":[[-51.07724,-23.29323],[-51.07613,-23.29676],[-51.08096,-23.35078],[-51.09651,-23.37585],[-51.10339,-23.39348],[-51.12431,-23.44785],[-51.1402,-23.4608],[-51.14051,-23.46152]]}},{"type":"Feature","properties":{"nome":"LT 230 kV Londrina (ESUL) - Londrina (Copel), C1","tensao":230,"ano":0,"planejada":false},"geometry":{"type":"LineString","coordinates":[[-51.14086,-23.4614],[-51.14013,-23.45754],[-51.14046,-23.45456],[-51.1443,-23.44477],[-51.14735,-23.44008],[-51.15051,-23.43698],[-51.17345,-23.41634],[-51.18058,-23.41244],[-51.19101,-23.4096],[-51.20481,-23.40847],[-51.21848,-23.40543],[-51.24008,-23.39994],[-51.25736,-23.39271],[-51.27127,-23.38906],[-51.30019,-23.37472],[-51.31102,-23.36537],[-51.31626,-23.35815],[-51.28641,-23.31663],[-51.24382,-23.28189],[-51.2387,-23.27653],[-51.23821,-23.27579]]}},{"type":"Feature","properties":{"nome":"LT 230 kV Londrina (ESUL) - Figueira, C1","tensao":230,"ano":2010,"planejada":false},"geometry":{"type":"LineString","coordinates":[[-51.14178,-23.4619],[-51.14193,-23.46231],[-51.14433,-23.46185],[-51.15254,-23.46784],[-51.15843,-23.48346],[-51.1739,-23.51978],[-51.1918,-23.5406],[-51.19663,-23.55064],[-51.20233,-23.56455],[-51.20584,-23.57264],[-51.20687,-23.57624],[-51.10394,-23.60104],[-51.03272,-23.61811],[-50.89532,-23.65272],[-50.88076,-23.6563],[-50.78091,-23.68133],[-50.66137,-23.73399],[-50.56045,-23.77834],[-50.4209,-23.83939],[-50.39198,-23.84269],[-50.38874,-23.84557],[-50.38823,-23.84644],[-50.38828,-23.84901]]}},{"type":"Feature","properties":{"nome":"LT 230 kV Londrina (ESUL) - Apucarana, C2","tensao":230,"ano":2010,"planejada":false},"geometry":{"type":"LineString","coordinates":[[-51.14195,-23.46187],[-51.14203,-23.46218],[-51.14434,-23.46176],[-51.15261,-23.46779],[-51.15855,-23.48342],[-51.17399,-23.51973],[-51.19188,-23.54054],[-51.19669,-23.5506],[-51.19858,-23.55495],[-51.20245,-23.56451],[-51.20596,-23.57259],[-51.20699,-23.57624],[-51.27401,-23.56004],[-51.32308,-23.54832],[-51.43222,-23.52203],[-51.4456,-23.53375],[-51.44656,-23.53422]]}},{"type":"Feature","properties":{"nome":"LT 230 kV Apucarana - Sarandi, C1","tensao":230,"ano":2006,"planejada":false},"geometry":{"type":"LineString","coordinates":[[-51.44644,-23.53448],[-51.44571,-23.53424],[-51.44549,-23.53487],[-51.44793,-23.53566],[-51.45123,-23.53369],[-51.4557,-23.53234],[-51.46333,-23.53115],[-51.55201,-23.53056],[-51.58392,-23.52467],[-51.59607,-23.52246],[-51.60181,-23.5215],[-51.70046,-23.50741],[-51.74315,-23.49001],[-51.7918,-23.46876],[-51.82337,-23.45104],[-51.82318,-23.45044],[-51.82789,-23.44368]]}},{"type":"Feature","properties":{"nome":"LT 230 kV Maringá - Sarandi, C1","tensao":230,"ano":2006,"planejada":false},"geometry":{"type":"LineString","coordinates":[[-51.98719,-23.44931],[-51.98703,-23.45045],[-51.98599,-23.45112],[-51.96095,-23.45732],[-51.87511,-23.46361],[-51.82539,-23.44989],[-51.82347,-23.45097],[-51.82329,-23.45044],[-51.82766,-23.44415],[-51.82803,-23.44378]]}},{"type":"Feature","properties":{"nome":"LT 230 kV Londrina (ESUL) - Maringá, C2","tensao":230,"ano":2009,"planejada":false},"geometry":{"type":"LineString","coordinates":[[-51.14146,-23.46127],[-51.14134,-23.46041],[-51.14192,-23.45824],[-51.14244,-23.4575],[-51.14438,-23.45766],[-51.16763,-23.46555],[-51.20795,-23.48537],[-51.25361,-23.48481],[-51.26932,-23.49019],[-51.29165,-23.49174],[-51.33021,-23.49388],[-51.36844,-23.49072],[-51.39641,-23.48816],[-51.42479,-23.48009],[-51.44145,-23.47971],[-51.47396,-23.46805],[-51.51247,-23.45736],[-51.52099,-23.45647],[-51.56203,-23.45734],[-51.59783,-23.45163],[-51.64632,-23.43954],[-51.68437,-23.43493],[-51.72421,-23.4316],[-51.72844,-23.43067],[-51.75396,-23.4246],[-51.76436,-23.42157],[-51.79305,-23.40416],[-51.80296,-23.39312],[-51.83205,-23.37511],[-51.84014,-23.37231],[-51.90005,-23.35109],[-51.91231,-23.35043],[-51.91757,-23.35007],[-51.92804,-23.351],[-51.94731,-23.35495],[-51.95446,-23.35658],[-51.96555,-23.36133],[-51.97405,-23.36971],[-51.98272,-23.37939],[-52.00035,-23.39556],[-52.00524,-23.39865],[-52.00882,-23.41007],[-52.0159,-23.42294],[-52.01914,-23.43384],[-52.01454,-23.44479],[-52.01391,-23.4502],[-52.00765,-23.45736],[-52.00548,-23.45754],[-51.99493,-23.45112],[-51.99264,-23.45053],[-51.99028,-23.45009],[-51.98772,-23.4498],[-51.98764,-23.4493]]}},{"type":"Feature","properties":{"nome":"LT 230 kV Campo Mourão - Salto Osório, C1","tensao":230,"ano":0,"planejada":false},"geometry":{"type":"LineString","coordinates":[[-52.36788,-24.07495],[-52.37115,-24.07709],[-52.37539,-24.08134],[-52.38368,-24.09512],[-52.38862,-24.09995],[-52.40526,-24.11666],[-52.43744,-24.16684],[-52.43914,-24.16976],[-52.46328,-24.21703],[-52.4794,-24.24809],[-52.47987,-24.25046],[-52.48652,-24.26178],[-52.5456,-24.37539],[-52.58795,-24.4532],[-52.59102,-24.45913],[-52.61808,-24.51338],[-52.62332,-24.51995],[-52.62601,-24.52305],[-52.66763,-24.56102],[-52.66964,-24.56428],[-52.67857,-24.58292],[-52.7026,-24.67251],[-52.72004,-24.71186],[-52.72389,-24.71915],[-52.72781,-24.72632],[-52.73516,-24.74014],[-52.76693,-24.7992],[-52.79091,-24.82533],[-52.82638,-24.86964],[-52.86864,-24.95988],[-52.8691,-24.96135],[-52.87444,-25.00973],[-52.8788,-25.02842],[-52.89186,-25.09478],[-52.89703,-25.12049],[-52.90521,-25.16192],[-52.93121,-25.24462],[-52.95325,-25.3117],[-52.97233,-25.3712],[-52.97737,-25.38743],[-53.00301,-25.4674],[-53.03315,-25.49799],[-53.04216,-25.52103],[-53.03509,-25.53846],[-53.02774,-25.54395],[-53.02511,-25.54384],[-53.0186,-25.54162],[-53.01348,-25.53974]]}},{"type":"Feature","properties":{"nome":"LT 230 kV Campo Mourão - Salto Osório, C2","tensao":230,"ano":0,"planejada":false},"geometry":{"type":"LineString","coordinates":[[-52.36777,-24.07507],[-52.37093,-24.0773],[-52.37512,-24.08152],[-52.38341,-24.09531],[-52.38598,-24.09773],[-52.40503,-24.11684],[-52.43717,-24.16701],[-52.43884,-24.1699],[-52.46467,-24.22042],[-52.4791,-24.24816],[-52.47957,-24.25057],[-52.48623,-24.2619],[-52.53213,-24.35024],[-52.54717,-24.37895],[-52.58761,-24.45325],[-52.59469,-24.46721],[-52.61779,-24.51349],[-52.62296,-24.52009],[-52.62572,-24.52321],[-52.66733,-24.56121],[-52.66934,-24.56443],[-52.67829,-24.58302],[-52.70231,-24.67257],[-52.71978,-24.71197],[-52.72349,-24.71908],[-52.76325,-24.79313],[-52.76669,-24.79936],[-52.79064,-24.82552],[-52.82611,-24.86976],[-52.83424,-24.88708],[-52.84599,-24.91243],[-52.85538,-24.93231],[-52.86832,-24.96003],[-52.86873,-24.96146],[-52.8741,-25.00976],[-52.87845,-25.02845],[-52.9049,-25.16199],[-52.93089,-25.24471],[-52.95292,-25.31175],[-52.96061,-25.33564],[-52.99055,-25.42982],[-53.00269,-25.46748],[-53.03279,-25.49816],[-53.04187,-25.52103],[-53.03487,-25.53831],[-53.02765,-25.54365],[-53.02515,-25.54355],[-53.01355,-25.53964]]}},{"type":"Feature","properties":{"nome":"LT 230 kV Cascavel - Salto Osório, C1","tensao":230,"ano":0,"planejada":false},"geometry":{"type":"LineString","coordinates":[[-53.45533,-24.99539],[-53.45408,-24.9955],[-53.44886,-24.99707],[-53.41215,-25.01434],[-53.36878,-25.03196],[-53.35861,-25.03617],[-53.35198,-25.04947],[-53.33912,-25.07565],[-53.33334,-25.08759],[-53.29112,-25.17323],[-53.27294,-25.21037],[-53.23862,-25.28013],[-53.17693,-25.40522],[-53.17247,-25.41414],[-53.16097,-25.43758],[-53.15257,-25.46752],[-53.14567,-25.48035],[-53.13931,-25.4927],[-53.12093,-25.50106],[-53.03597,-25.53841],[-53.02808,-25.54425],[-53.02466,-25.54411],[-53.01665,-25.5412],[-53.01417,-25.54054],[-53.01331,-25.53999]]}},{"type":"Feature","properties":{"nome":"LT 230 kV Foz do Chopim - Salto Osório (ESUL), C1","tensao":230,"ano":1998,"planejada":false},"geometry":{"type":"LineString","coordinates":[[-53.09572,-25.52354],[-53.095,-25.52303],[-53.09204,-25.51412],[-53.03673,-25.53844],[-53.02846,-25.54458],[-53.02461,-25.54442],[-53.01419,-25.54063],[-53.01328,-25.54009]]}},{"type":"Feature","properties":{"nome":"LT 230 kV Cascavel - Foz do Chopim, C1","tensao":230,"ano":1998,"planejada":false},"geometry":{"type":"LineString","coordinates":[[-53.45539,-24.99549],[-53.45417,-24.99569],[-53.44895,-24.99729],[-53.41142,-25.01496],[-53.39946,-25.01987],[-53.35921,-25.03611],[-53.33545,-25.0845],[-53.32344,-25.10918],[-53.29966,-25.15734],[-53.28601,-25.18529],[-53.24922,-25.26008],[-53.24747,-25.26381],[-53.23922,-25.28034],[-53.21762,-25.32441],[-53.20784,-25.34415],[-53.20655,-25.34653],[-53.20344,-25.35314],[-53.1995,-25.36095],[-53.18382,-25.39284],[-53.17523,-25.41043],[-53.1747,-25.41328],[-53.17324,-25.41445],[-53.16972,-25.42147],[-53.16716,-25.42696],[-53.16164,-25.43776],[-53.15318,-25.4677],[-53.14891,-25.47603],[-53.14004,-25.49273],[-53.12144,-25.5012],[-53.09213,-25.5141],[-53.09508,-25.52297],[-53.09581,-25.52341]]}},{"type":"Feature","properties":{"nome":"LT 230 kV Figueira - Mauá, C1","tensao":230,"ano":2012,"planejada":false},"geometry":{"type":"LineString","coordinates":[[-50.38841,-23.849],[-50.38839,-23.8486],[-50.38921,-23.84873],[-50.38954,-23.84971],[-50.39151,-23.85176],[-50.39394,-23.85257],[-50.4002,-23.85753],[-50.40542,-23.8803],[-50.41567,-23.91144],[-50.41792,-23.92539],[-50.41745,-23.92733],[-50.41815,-23.93017],[-50.43536,-23.94015],[-50.45277,-23.9566],[-50.46058,-23.96493],[-50.47452,-23.97938],[-50.50735,-24.01401],[-50.53544,-24.03326],[-50.55137,-24.0381],[-50.58393,-24.04764],[-50.62444,-24.04554],[-50.63754,-24.04497],[-50.67568,-24.0384],[-50.68916,-24.03822],[-50.69224,-24.03935],[-50.6926,-24.03963]]}},{"type":"Feature","properties":{"nome":"LT 230 kV Jaguariaíva - Mauá, C1","tensao":230,"ano":2012,"planejada":false},"geometry":{"type":"LineString","coordinates":[[-49.69455,-24.23317],[-49.69522,-24.2322],[-49.7044,-24.22815],[-49.72266,-24.22135],[-49.73751,-24.21534],[-49.74621,-24.21649],[-49.7693,-24.22135],[-49.85315,-24.20878],[-49.92799,-24.20297],[-49.94862,-24.20395],[-50.01399,-24.20667],[-50.01946,-24.20468],[-50.03772,-24.19188],[-50.06044,-24.18949],[-50.14597,-24.15764],[-50.31747,-24.11911],[-50.32718,-24.10936],[-50.33681,-24.09984],[-50.33732,-24.09757],[-50.34012,-24.09648],[-50.35714,-24.07941],[-50.36982,-24.07372],[-50.38253,-24.0709],[-50.41904,-24.06085],[-50.44086,-24.05907],[-50.46785,-24.05559],[-50.48032,-24.04458],[-50.5166,-24.03612],[-50.53539,-24.03356],[-50.58385,-24.0479],[-50.60163,-24.04709],[-50.63757,-24.04525],[-50.67573,-24.03868],[-50.68917,-24.03849],[-50.69212,-24.03941],[-50.69248,-24.03971]]}},{"type":"Feature","properties":{"nome":"LT 230 kV Bateias - Jaguariaíva, C1","tensao":230,"ano":2003,"planejada":false},"geometry":{"type":"LineString","coordinates":[[-49.53188,-25.41169],[-49.53238,-25.40975],[-49.53344,-25.40668],[-49.53001,-25.40103],[-49.52539,-25.39709],[-49.52569,-25.39041],[-49.52334,-25.37623],[-49.53204,-25.35897],[-49.55124,-25.32896],[-49.5647,-25.30842],[-49.57575,-25.29128],[-49.58028,-25.27194],[-49.58658,-25.24431],[-49.58888,-25.23827],[-49.5901,-25.22923],[-49.60505,-25.1652],[-49.61587,-25.11837],[-49.61922,-25.10445],[-49.62258,-25.09005],[-49.6252,-25.07801],[-49.64011,-25.00359],[-49.64186,-24.97452],[-49.64096,-24.96888],[-49.64041,-24.96659],[-49.64283,-24.95859],[-49.64335,-24.94857],[-49.64432,-24.93375],[-49.646,-24.90573],[-49.66053,-24.83961],[-49.6675,-24.79463],[-49.66381,-24.77928],[-49.66928,-24.76628],[-49.69487,-24.74386],[-49.70709,-24.63383],[-49.75306,-24.51357],[-49.75433,-24.5072],[-49.75869,-24.48779],[-49.72037,-24.36818],[-49.70744,-24.29483],[-49.70455,-24.27888],[-49.68288,-24.25508],[-49.68257,-24.24596],[-49.69308,-24.23579],[-49.69368,-24.23423],[-49.6941,-24.23357]]}},{"type":"Feature","properties":{"nome":"LT 230 kV Figueira - Klabin Celulose, C1","tensao":230,"ano":2015,"planejada":false},"geometry":{"type":"LineString","coordinates":[[-50.38843,-23.85001],[-50.38855,-23.85124],[-50.38704,-23.85397],[-50.3863,-23.87951],[-50.38612,-23.88899],[-50.38556,-23.90491],[-50.3855,-23.9104],[-50.38491,-23.93226],[-50.3846,-23.93932],[-50.38396,-23.96556],[-50.38318,-23.9932],[-50.38272,-24.00643],[-50.38161,-24.0466],[-50.33321,-24.16152],[-50.32646,-24.1836],[-50.32262,-24.22108],[-50.32239,-24.22416],[-50.40432,-24.23341],[-50.49516,-24.24352],[-50.50924,-24.24499],[-50.53467,-24.24793],[-50.5601,-24.25438],[-50.5886,-24.25389],[-50.62112,-24.25745],[-50.69646,-24.24969],[-50.70227,-24.25177],[-50.70744,-24.25351],[-50.73269,-24.25381],[-50.73496,-24.25266]]}},{"type":"Feature","properties":{"nome":"LT 230 kV Figueira - Jaguariaíva, C1","tensao":230,"ano":0,"planejada":false},"geometry":{"type":"LineString","coordinates":[[-50.38778,-23.84965],[-50.38758,-23.85025],[-50.38824,-23.8512],[-50.38609,-23.85304],[-50.35496,-23.87252],[-50.2984,-23.90574],[-50.20537,-23.96111],[-50.18376,-23.97356],[-50.12198,-24.00881],[-50.06818,-24.03875],[-50.0075,-24.06461],[-49.99078,-24.07408],[-49.98844,-24.0747],[-49.98676,-24.07663],[-49.97861,-24.08134],[-49.97005,-24.08651],[-49.91264,-24.1214],[-49.85476,-24.15273],[-49.83736,-24.16153],[-49.8338,-24.16274],[-49.83245,-24.16462],[-49.79202,-24.18592],[-49.7445,-24.21171],[-49.73734,-24.21502],[-49.7225,-24.22096],[-49.70416,-24.22778],[-49.69481,-24.23193],[-49.69443,-24.23312]]}},{"type":"Feature","properties":{"nome":"LT 230 kV Bateias - Pilarzinho, C1","tensao":230,"ano":2009,"planejada":false},"geometry":{"type":"LineString","coordinates":[[-49.53173,-25.4116],[-49.53229,-25.40971],[-49.53335,-25.4067],[-49.53119,-25.4031],[-49.5298,-25.40116],[-49.52504,-25.39722],[-49.5017,-25.38916],[-49.49848,-25.38839],[-49.4923,-25.38606],[-49.47833,-25.38116],[-49.46812,-25.3725],[-49.4628,-25.36167],[-49.45606,-25.35452],[-49.43543,-25.34782],[-49.41418,-25.34771],[-49.41069,-25.34643],[-49.40321,-25.34483],[-49.39504,-25.34082],[-49.37615,-25.34017],[-49.36798,-25.33952],[-49.36167,-25.33868],[-49.3406,-25.33086],[-49.32662,-25.33652],[-49.31794,-25.33889],[-49.3132,-25.33777],[-49.30948,-25.33669],[-49.30665,-25.33721],[-49.30433,-25.34216],[-49.29661,-25.3571],[-49.2954,-25.35965],[-49.27986,-25.36598],[-49.27573,-25.37136]]}},{"type":"Feature","properties":{"nome":"LT 230 kV Campo Comprido - Pìlarzinho, C1","tensao":230,"ano":0,"planejada":false},"geometry":{"type":"LineString","coordinates":[[-49.36941,-25.43057],[-49.36923,-25.42974],[-49.36772,-25.38646],[-49.33132,-25.3504],[-49.3044,-25.34223],[-49.29669,-25.35713],[-49.29546,-25.35972],[-49.27992,-25.36604],[-49.27615,-25.37093],[-49.2759,-25.3714]]}},{"type":"Feature","properties":{"nome":"LT 525 kV Ivaiporã - Salto Santiago, C2","tensao":525,"ano":2005,"planejada":false},"geometry":{"type":"LineString","coordinates":[[-51.67789,-24.43201],[-51.67856,-24.43261],[-51.67985,-24.43436],[-51.6951,-24.45162],[-51.71913,-24.46824],[-51.82775,-24.5707],[-51.84445,-24.58656],[-51.86526,-24.60694],[-51.88541,-24.62645],[-51.9487,-24.68807],[-52.00655,-24.76771],[-52.0203,-24.7864],[-52.02991,-24.79963],[-52.04964,-24.8273],[-52.06045,-24.8422],[-52.07509,-24.86938],[-52.11738,-24.92238],[-52.13437,-24.9512],[-52.15687,-24.98359],[-52.18775,-25.02155],[-52.24994,-25.08564],[-52.37847,-25.21775],[-52.41422,-25.25436],[-52.42769,-25.26835],[-52.43998,-25.28097],[-52.47374,-25.32672],[-52.49167,-25.352],[-52.50074,-25.36316],[-52.54967,-25.42915],[-52.55247,-25.43097],[-52.57665,-25.46356],[-52.5894,-25.47876],[-52.60576,-25.49686],[-52.61735,-25.51204],[-52.63727,-25.53573],[-52.65098,-25.57853],[-52.6512,-25.60237],[-52.64286,-25.61238],[-52.63418,-25.62211],[-52.63086,-25.62552],[-52.62513,-25.62942],[-52.62416,-25.62986],[-52.62321,-25.62998]]}},{"type":"Feature","properties":{"nome":"LT 525 kV Ivaiporã - Salto Santiago, C1","tensao":525,"ano":0,"planejada":false},"geometry":{"type":"LineString","coordinates":[[-51.6782,-24.43176],[-51.6789,-24.43239],[-51.69551,-24.45121],[-51.71951,-24.46784],[-51.83142,-24.57333],[-51.8411,-24.58253],[-51.94915,-24.68772],[-52.04063,-24.81337],[-52.18854,-25.02148],[-52.22676,-25.06086],[-52.24027,-25.07488],[-52.25562,-25.09053],[-52.29058,-25.12664],[-52.39084,-25.22961],[-52.439,-25.27895],[-52.44026,-25.28039],[-52.49258,-25.35113],[-52.5763,-25.46405],[-52.63884,-25.58912],[-52.63958,-25.59325],[-52.64155,-25.59636],[-52.64312,-25.60215],[-52.63853,-25.61009],[-52.62996,-25.62456],[-52.62473,-25.62907],[-52.62313,-25.62936]]}},{"type":"Feature","properties":{"nome":"LT 230 kV Areia - Salto Osório, C1","tensao":230,"ano":0,"planejada":false},"geometry":{"type":"LineString","coordinates":[[-51.60356,-25.96858],[-51.60401,-25.96939],[-51.60635,-25.97049],[-51.61088,-25.96923],[-51.62428,-25.97003],[-51.66872,-25.98112],[-51.75042,-25.97872],[-51.77252,-25.97795],[-51.80879,-25.97691],[-51.91975,-25.97345],[-51.92578,-25.97277],[-51.93215,-25.97257],[-51.93506,-25.973],[-52.01494,-25.97034],[-52.0218,-25.97116],[-52.02498,-25.97005],[-52.0686,-25.96858],[-52.11132,-25.95807],[-52.15515,-25.93702],[-52.15869,-25.9351],[-52.21737,-25.88011],[-52.31137,-25.83656],[-52.35881,-25.81751],[-52.44184,-25.78382],[-52.47534,-25.77011],[-52.52711,-25.7493],[-52.57836,-25.72846],[-52.59418,-25.69896],[-52.60717,-25.67454],[-52.60906,-25.67285],[-52.63634,-25.67141],[-52.63912,-25.67245],[-52.66073,-25.69094],[-52.69918,-25.69606],[-52.86595,-25.65105],[-52.8713,-25.64902],[-52.95654,-25.61777],[-53.01573,-25.56654],[-53.01981,-25.55191],[-53.01639,-25.54361],[-53.01386,-25.5409],[-53.01306,-25.54045]]}},{"type":"Feature","properties":{"nome":"LT 230 kV Areia - Salto Osório, C2","tensao":230,"ano":0,"planejada":false},"geometry":{"type":"LineString","coordinates":[[-51.60373,-25.96853],[-51.60419,-25.96913],[-51.6064,-25.97017],[-51.6108,-25.96895],[-51.62432,-25.96973],[-51.66874,-25.98082],[-51.75073,-25.9784],[-51.77236,-25.97764],[-51.80897,-25.97662],[-51.91973,-25.97314],[-51.92573,-25.97245],[-51.93216,-25.97225],[-51.9351,-25.97267],[-52.06366,-25.96851],[-52.0688,-25.96825],[-52.11118,-25.9578],[-52.15498,-25.93676],[-52.15849,-25.93486],[-52.21724,-25.87987],[-52.31138,-25.83624],[-52.42379,-25.79087],[-52.45873,-25.77658],[-52.57805,-25.72821],[-52.60686,-25.67435],[-52.60885,-25.67259],[-52.63622,-25.67109],[-52.63914,-25.67219],[-52.65291,-25.68385],[-52.6614,-25.69072],[-52.68529,-25.69396],[-52.69915,-25.69576],[-52.77492,-25.67535],[-52.86628,-25.65061],[-52.95638,-25.61752],[-53.01541,-25.56635],[-53.01948,-25.55189],[-53.01633,-25.54435],[-53.0154,-25.54327],[-53.0137,-25.54104],[-53.01301,-25.54054]]}},{"type":"Feature","properties":{"nome":"LT 230 kV Salto Osório - Pato Branco, C1","tensao":230,"ano":0,"planejada":false},"geometry":{"type":"LineString","coordinates":[[-53.01321,-25.54021],[-53.0168,-25.54208],[-53.02085,-25.55187],[-53.01662,-25.56699],[-52.96013,-25.61588],[-52.93152,-25.64593],[-52.90878,-25.66965],[-52.87573,-25.70816],[-52.86953,-25.71552],[-52.85509,-25.73225],[-52.81702,-25.80211],[-52.80855,-25.82389],[-52.78279,-25.89113],[-52.75816,-25.96266],[-52.74653,-26.00153],[-52.74355,-26.00796],[-52.7051,-26.09531],[-52.70153,-26.1041],[-52.69958,-26.10848],[-52.69081,-26.12936],[-52.67809,-26.1533],[-52.67476,-26.15941],[-52.66682,-26.17447],[-52.65427,-26.20104],[-52.65562,-26.2051],[-52.65928,-26.20685],[-52.6713,-26.21145],[-52.67209,-26.21085]]}},{"type":"Feature","properties":{"nome":"LT 230 kV Salto Osório - Xanxerê, C1","tensao":230,"ano":0,"planejada":false},"geometry":{"type":"LineString","coordinates":[[-53.01315,-25.54033],[-53.01645,-25.5422],[-53.02051,-25.55191],[-53.01633,-25.56685],[-52.95986,-25.6157],[-52.90853,-25.66947],[-52.87845,-25.70447],[-52.86897,-25.71567],[-52.85481,-25.73213],[-52.81672,-25.802],[-52.80497,-25.83238],[-52.78248,-25.89104],[-52.75784,-25.96259],[-52.7461,-26.00139],[-52.70585,-26.09277],[-52.70117,-26.10397],[-52.69045,-26.12918],[-52.66644,-26.17427],[-52.63163,-26.24825],[-52.62422,-26.26385],[-52.61258,-26.28659],[-52.60389,-26.30385],[-52.59992,-26.31147],[-52.57705,-26.35619],[-52.57609,-26.35829],[-52.57375,-26.36502],[-52.57022,-26.37567],[-52.56509,-26.39068],[-52.54008,-26.46526],[-52.53584,-26.47768],[-52.52096,-26.50474],[-52.515,-26.51573],[-52.51389,-26.51802],[-52.5024,-26.55137],[-52.47832,-26.6315],[-52.47403,-26.64203],[-52.4602,-26.67522],[-52.45039,-26.69808],[-52.40745,-26.79578],[-52.40034,-26.81916],[-52.3928,-26.86176],[-52.39291,-26.86291]]}},{"type":"Feature","properties":{"nome":"LT 230 kV Pato Branco - Xanxerê, C1","tensao":230,"ano":0,"planejada":false},"geometry":{"type":"LineString","coordinates":[[-52.6722,-26.2109],[-52.6714,-26.21179],[-52.65565,-26.20578],[-52.65127,-26.20734],[-52.63751,-26.23665],[-52.63446,-26.24287],[-52.62453,-26.26396],[-52.61413,-26.28427],[-52.60406,-26.30427],[-52.59058,-26.33045],[-52.57634,-26.35837],[-52.53611,-26.47781],[-52.51533,-26.51584],[-52.51415,-26.51831],[-52.50272,-26.55146],[-52.47861,-26.63158],[-52.47429,-26.6422],[-52.45652,-26.68487],[-52.40775,-26.79589],[-52.40068,-26.81923],[-52.39314,-26.86177],[-52.39322,-26.86289]]}},{"type":"Feature","properties":{"nome":"LT 230 kV Ponta Grossa Norte - Ponta Grossa Sul, C1","tensao":230,"ano":0,"planejada":false},"geometry":{"type":"LineString","coordinates":[[-50.13999,-25.04433],[-50.13948,-25.04249],[-50.13699,-25.04064],[-50.13548,-25.04066],[-50.11856,-25.04776],[-50.06763,-25.09237],[-50.04417,-25.12235],[-50.04212,-25.12514],[-50.0899,-25.1642],[-50.09746,-25.17293],[-50.09953,-25.17509]]}},{"type":"Feature","properties":{"nome":"LT 230 kV Bateias - Ponta Grossa do Sul, C1","tensao":230,"ano":1999,"planejada":false},"geometry":{"type":"LineString","coordinates":[[-49.53212,-25.41227],[-49.53154,-25.41335],[-49.53078,-25.41507],[-49.51381,-25.42412],[-49.5091,-25.42652],[-49.50653,-25.43359],[-49.63479,-25.45969],[-49.64895,-25.46577],[-49.65706,-25.4642],[-49.67455,-25.46773],[-49.69677,-25.46936],[-49.7062,-25.46697],[-49.72147,-25.45788],[-49.79134,-25.38801],[-49.8879,-25.29091],[-49.94933,-25.22926],[-50.00171,-25.17648],[-50.00784,-25.16876],[-50.03703,-25.13145],[-50.04208,-25.1252],[-50.08985,-25.16425],[-50.09739,-25.17297],[-50.09938,-25.17515]]}},{"type":"Feature","properties":{"nome":"LT 230 kV Curitiba - São Mateus do Sul, C1","tensao":230,"ano":0,"planejada":false},"geometry":{"type":"LineString","coordinates":[[-49.31824,-25.59273],[-49.31916,-25.5925],[-49.32076,-25.59254],[-49.32859,-25.59534],[-49.33882,-25.59884],[-49.3645,-25.60709],[-49.37173,-25.60951],[-49.4373,-25.63279],[-49.56547,-25.6781],[-49.67093,-25.69059],[-49.72207,-25.69653],[-49.84388,-25.71086],[-49.86263,-25.71293],[-49.88206,-25.71493],[-49.91088,-25.71833],[-49.93146,-25.72035],[-49.95397,-25.7227],[-49.98724,-25.72582],[-50.1226,-25.76271],[-50.30134,-25.7922],[-50.39936,-25.80822],[-50.39765,-25.81687],[-50.40266,-25.84999],[-50.40185,-25.85309]]}},{"type":"Feature","properties":{"nome":"LT 230 kV Curitiba - Umbará, C1","tensao":230,"ano":0,"planejada":false},"geometry":{"type":"LineString","coordinates":[[-49.31793,-25.59272],[-49.31782,-25.59257]]}},{"type":"Feature","properties":{"nome":"LT 230 kV Curitiba - Umbará, C2","tensao":230,"ano":0,"planejada":false},"geometry":{"type":"LineString","coordinates":[[-49.31779,-25.5928],[-49.31768,-25.59264]]}},{"type":"Feature","properties":{"nome":"LT 230 kV Canoinhas - São Mateus do Sul, C1","tensao":230,"ano":0,"planejada":false},"geometry":{"type":"LineString","coordinates":[[-50.40295,-26.19756],[-50.40282,-26.19875],[-50.40328,-26.20127],[-50.40886,-26.20516],[-50.42266,-26.20614],[-50.43779,-26.19497],[-50.45456,-26.16502],[-50.45584,-26.16062],[-50.45648,-26.15807],[-50.4681,-26.11843],[-50.49606,-26.04022],[-50.48817,-25.99124],[-50.4692,-25.92634],[-50.46566,-25.9217],[-50.45229,-25.90309],[-50.4369,-25.87933],[-50.42377,-25.86833],[-50.4027,-25.86703],[-50.39584,-25.86198],[-50.39559,-25.86026],[-50.39875,-25.85567],[-50.40121,-25.855],[-50.40176,-25.85372]]}},{"type":"Feature","properties":{"nome":"LT 230 kV Canoinhas - São Mateus do Sul, C2","tensao":230,"ano":2011,"planejada":false},"geometry":{"type":"LineString","coordinates":[[-50.40277,-26.19756],[-50.40252,-26.19868],[-50.40282,-26.20152],[-50.40868,-26.20554],[-50.42003,-26.2086],[-50.4382,-26.19521],[-50.45122,-26.17182],[-50.45484,-26.16517],[-50.45976,-26.14867],[-50.46849,-26.11853],[-50.47634,-26.09679],[-50.48806,-26.06389],[-50.49468,-26.06029],[-50.49895,-26.04735],[-50.49839,-26.04333],[-50.49602,-26.03724],[-50.4885,-25.99118],[-50.48654,-25.98418],[-50.48408,-25.97618],[-50.48075,-25.96426],[-50.46965,-25.92618],[-50.44646,-25.87141],[-50.44224,-25.86178],[-50.43733,-25.85348],[-50.42898,-25.83988],[-50.41074,-25.83206],[-50.40303,-25.83386],[-50.4012,-25.83529],[-50.40338,-25.84997],[-50.40216,-25.85315]]}},{"type":"Feature","properties":{"nome":"LT 230 kV São Mateus do Sul - Petrobrás C1","tensao":230,"ano":0,"planejada":false},"geometry":{"type":"LineString","coordinates":[[-50.40187,-25.85372],[-50.40127,-25.85666],[-50.40028,-25.85709]]}},{"type":"Feature","properties":{"nome":"LT 230 kV Curitiba - Joinvile Norte, C1","tensao":230,"ano":2009,"planejada":false},"geometry":{"type":"LineString","coordinates":[[-49.3178,-25.59334],[-49.31555,-25.59452],[-49.30764,-25.59305],[-49.25993,-25.58914],[-49.258,-25.59067],[-49.24974,-25.59965],[-49.23283,-25.61857],[-49.18927,-25.66641],[-49.17713,-25.67993],[-49.11929,-25.74356],[-49.11248,-25.75116],[-49.1069,-25.75753],[-49.09764,-25.76731],[-49.08196,-25.7846],[-49.05058,-25.81895],[-49.02866,-25.82969],[-48.998,-25.84491],[-48.98763,-25.85023],[-48.97658,-25.85546],[-48.97072,-25.8593],[-48.96047,-25.86333],[-48.94405,-25.87148],[-48.94117,-25.87587],[-48.94042,-25.8774],[-48.9393,-25.88082],[-48.93921,-25.88425],[-48.93735,-25.89239],[-48.92848,-25.90399],[-48.92527,-25.91126],[-48.89377,-25.98128],[-48.86448,-26.04607],[-48.86295,-26.04969],[-48.86245,-26.05437],[-48.86911,-26.07954],[-48.8823,-26.12881],[-48.88483,-26.13801],[-48.88951,-26.15569],[-48.89716,-26.18398],[-48.89318,-26.25264],[-48.89414,-26.25288],[-48.89779,-26.25433],[-48.9015,-26.25297],[-48.90138,-26.2524]]}},{"type":"Feature","properties":{"nome":"LT 230 kV Curitiba Leste - Posto Fiscal, C1","tensao":230,"ano":2015,"planejada":false},"geometry":{"type":"LineString","coordinates":[[-49.08121,-25.57097],[-49.08122,-25.56787],[-49.07662,-25.56001],[-49.07294,-25.55296],[-49.0648,-25.55649],[-49.03928,-25.55952],[-49.03288,-25.56035],[-49.01899,-25.56189],[-49.01363,-25.56423],[-48.99277,-25.57362],[-48.97392,-25.58178],[-48.96245,-25.58693],[-48.93622,-25.59294],[-48.89806,-25.57985],[-48.8923,-25.57805],[-48.8783,-25.56248],[-48.87344,-25.55223],[-48.86694,-25.5388],[-48.86115,-25.51816],[-48.85738,-25.51827],[-48.85166,-25.51617],[-48.84199,-25.51245],[-48.83001,-25.51534],[-48.82336,-25.52115],[-48.81637,-25.52174],[-48.80904,-25.52081],[-48.79735,-25.51382],[-48.79141,-25.51136],[-48.75916,-25.51306],[-48.75395,-25.51502],[-48.66151,-25.54878],[-48.62198,-25.56384],[-48.61983,-25.56494],[-48.61684,-25.5656],[-48.61565,-25.56606],[-48.56673,-25.55444],[-48.56541,-25.55287],[-48.56479,-25.55288]]}},{"type":"Feature","properties":{"nome":"LT 230 kV Governador Parigot Souza - Posto Fiscal, C1","tensao":230,"ano":2007,"planejada":false},"geometry":{"type":"LineString","coordinates":[[-48.76152,-25.2528],[-48.76088,-25.25312],[-48.75781,-25.25407],[-48.74686,-25.27609],[-48.74258,-25.28451],[-48.77822,-25.35515],[-48.80755,-25.42469],[-48.84958,-25.47645],[-48.86068,-25.51619],[-48.86112,-25.51804],[-48.85737,-25.51818],[-48.84199,-25.51234],[-48.82993,-25.51525],[-48.82326,-25.52105],[-48.81628,-25.52167],[-48.80909,-25.52072],[-48.79741,-25.51376],[-48.79144,-25.51126],[-48.75914,-25.51296],[-48.69198,-25.5376],[-48.66147,-25.54869],[-48.62188,-25.56379],[-48.61979,-25.56487],[-48.6168,-25.56552],[-48.61567,-25.56597],[-48.56677,-25.55437],[-48.56545,-25.55278],[-48.56479,-25.55274]]}},{"type":"Feature","properties":{"nome":"LT 230 kV Curitiba Leste - Santa Mônica, C1","tensao":230,"ano":2015,"planejada":false},"geometry":{"type":"LineString","coordinates":[[-49.08151,-25.57094],[-49.08156,-25.56784],[-49.08422,-25.56505],[-49.09788,-25.55852],[-49.10045,-25.55223],[-49.10906,-25.53728],[-49.11107,-25.53616],[-49.11203,-25.53611],[-49.11241,-25.52996],[-49.10795,-25.51989],[-49.10721,-25.51282],[-49.11959,-25.50449],[-49.1198,-25.50145],[-49.10734,-25.4845],[-49.10572,-25.48308],[-49.10559,-25.48088],[-49.11295,-25.47356],[-49.11984,-25.45579],[-49.12004,-25.44962],[-49.12381,-25.4381],[-49.12072,-25.4333],[-49.12341,-25.41665],[-49.12665,-25.40953],[-49.12851,-25.4066],[-49.12851,-25.403],[-49.12981,-25.39426],[-49.12973,-25.39065],[-49.13498,-25.38434],[-49.13702,-25.38159],[-49.13864,-25.37463],[-49.1384,-25.36865],[-49.14066,-25.36612],[-49.14263,-25.36368],[-49.14357,-25.36396]]}},{"type":"Feature","properties":{"nome":"LT 230 kV Governador Parigot Souza - Santa Mônica, C1","tensao":230,"ano":2007,"planejada":false},"geometry":{"type":"LineString","coordinates":[[-48.76147,-25.25266],[-48.76083,-25.25303],[-48.75806,-25.25335],[-48.7576,-25.25301],[-48.75389,-25.24781],[-48.75351,-25.23898],[-48.76519,-25.22747],[-48.80274,-25.20652],[-48.82947,-25.20928],[-48.87111,-25.21344],[-48.9061,-25.2207],[-48.98073,-25.24368],[-49.13303,-25.29014],[-49.13048,-25.29675],[-49.13202,-25.30332],[-49.13313,-25.30595],[-49.1345,-25.31406],[-49.13565,-25.31746],[-49.13982,-25.33519],[-49.13822,-25.33771],[-49.14085,-25.34637],[-49.13757,-25.35835],[-49.14279,-25.3634],[-49.14368,-25.36369]]}},{"type":"Feature","properties":{"nome":"LT 230 kV Santa Mônica - Pilarzinho, C1","tensao":230,"ano":2007,"planejada":false},"geometry":{"type":"LineString","coordinates":[[-49.14374,-25.36356],[-49.14288,-25.36335],[-49.13767,-25.35831],[-49.14097,-25.34635],[-49.13833,-25.33772],[-49.13994,-25.33521],[-49.13577,-25.31745],[-49.13462,-25.31406],[-49.13326,-25.30593],[-49.13212,-25.30331],[-49.13059,-25.29676],[-49.13312,-25.2902],[-49.16299,-25.29923],[-49.26015,-25.32883],[-49.26468,-25.33013],[-49.3041,-25.3421],[-49.29509,-25.35954],[-49.2797,-25.3658],[-49.27652,-25.36983],[-49.27527,-25.37126]]}},{"type":"Feature","properties":{"nome":"LT 230 kV Curitiba Norte - Pilarzinho, C1","tensao":230,"ano":2016,"planejada":false},"geometry":{"type":"LineString","coordinates":[[-49.31826,-25.23491],[-49.31888,-25.23544],[-49.3235,-25.23572],[-49.32315,-25.2431],[-49.32259,-25.27459],[-49.32216,-25.28624],[-49.32171,-25.294],[-49.32165,-25.29901],[-49.32128,-25.30552],[-49.32063,-25.31267],[-49.32016,-25.32096],[-49.31307,-25.32466],[-49.30655,-25.33715],[-49.30519,-25.33984],[-49.30418,-25.34212],[-49.2952,-25.35959],[-49.27974,-25.3659],[-49.27544,-25.37129]]}},{"type":"Feature","properties":{"nome":"LT 230 kV Curitiba - Joinvile Norte, C2","tensao":230,"ano":2015,"planejada":false},"geometry":{"type":"LineString","coordinates":[[-49.31789,-25.59347],[-49.31553,-25.59472],[-49.30718,-25.59737],[-49.29036,-25.59914],[-49.27764,-25.59077],[-49.26309,-25.58952],[-49.24462,-25.60978],[-49.23661,-25.61989],[-49.23157,-25.62325],[-49.2286,-25.6275],[-49.21704,-25.6364],[-49.21181,-25.64745],[-49.20223,-25.65844],[-49.18888,-25.67405],[-49.17499,-25.68624],[-49.16786,-25.69059],[-49.16301,-25.69565],[-49.16148,-25.70434],[-49.15586,-25.71165],[-49.14499,-25.72331],[-49.13891,-25.73035],[-49.13698,-25.73162],[-49.13524,-25.73378],[-49.12054,-25.74534],[-49.11378,-25.75055],[-49.11044,-25.75396],[-49.10731,-25.75754],[-49.09858,-25.76686],[-49.05212,-25.81775],[-49.05084,-25.81923],[-49.03754,-25.82572],[-48.99828,-25.84512],[-48.98785,-25.85051],[-48.98212,-25.85308],[-48.97681,-25.85566],[-48.97098,-25.85955],[-48.9607,-25.86359],[-48.9444,-25.87171],[-48.94139,-25.87597],[-48.93975,-25.88067],[-48.93963,-25.88458],[-48.93777,-25.89249],[-48.92889,-25.90407],[-48.90817,-25.95031],[-48.86331,-26.04987],[-48.86282,-26.05435],[-48.8827,-26.1287],[-48.88799,-26.13233],[-48.88828,-26.13961],[-48.88911,-26.14951],[-48.89007,-26.15512],[-48.8975,-26.17988],[-48.89827,-26.18367],[-48.89933,-26.19],[-48.89665,-26.20088],[-48.89395,-26.20242],[-48.89357,-26.20594],[-48.89296,-26.21381],[-48.89164,-26.21868],[-48.88967,-26.22443],[-48.89081,-26.22695],[-48.89361,-26.23158],[-48.89343,-26.2348],[-48.89131,-26.24079],[-48.89246,-26.25154],[-48.8977,-26.25413],[-48.90097,-26.25295],[-48.9011,-26.25243]]}},{"type":"Feature","properties":{"nome":"LT 230 kV Berneck - Cidade Industrial de Curitiba, C1","tensao":230,"ano":2011,"planejada":false},"geometry":{"type":"LineString","coordinates":[[-49.37428,-25.54151],[-49.37452,-25.54148],[-49.37447,-25.54131],[-49.37367,-25.54137],[-49.37297,-25.54132],[-49.37165,-25.54186],[-49.37009,-25.54299],[-49.36708,-25.54608],[-49.36618,-25.5475],[-49.36625,-25.54837],[-49.36432,-25.54935],[-49.3624,-25.54982],[-49.36106,-25.54964],[-49.35897,-25.54864],[-49.3578,-25.54863],[-49.35703,-25.54806],[-49.35681,-25.54721],[-49.35647,-25.54651],[-49.35553,-25.54565],[-49.35453,-25.54478],[-49.35267,-25.54419],[-49.35081,-25.54278],[-49.35023,-25.54207],[-49.3499,-25.54093],[-49.348,-25.54018],[-49.34675,-25.53876],[-49.34564,-25.53632],[-49.34488,-25.53442],[-49.34514,-25.53194],[-49.34414,-25.52923],[-49.34419,-25.52833],[-49.34293,-25.52789],[-49.33853,-25.52665],[-49.33762,-25.5263],[-49.33559,-25.52504],[-49.33465,-25.5247],[-49.33335,-25.52512],[-49.33315,-25.52552]]}},{"type":"Feature","properties":{"nome":"LT 230 kV Campo Comprido - Cidade Industrial de Curitiba, C1","tensao":230,"ano":2003,"planejada":false},"geometry":{"type":"LineString","coordinates":[[-49.36912,-25.43059],[-49.36897,-25.42974],[-49.36863,-25.42912],[-49.36706,-25.4291],[-49.36648,-25.42995],[-49.36392,-25.44822],[-49.36338,-25.45018],[-49.36263,-25.45225],[-49.35698,-25.46585],[-49.35589,-25.46803],[-49.35224,-25.47465],[-49.35124,-25.4768],[-49.34448,-25.49247],[-49.34371,-25.49453],[-49.3425,-25.49958],[-49.34139,-25.50483],[-49.34088,-25.50677],[-49.3403,-25.50845],[-49.33507,-25.51998],[-49.33397,-25.52195],[-49.3326,-25.5236],[-49.32739,-25.52933],[-49.33043,-25.53328],[-49.33062,-25.53307],[-49.3326,-25.52788],[-49.33261,-25.5266],[-49.33274,-25.52611]]}},{"type":"Feature","properties":{"nome":"LT 230 kV Cidade Industrial de Curitiba - Umbará, C1","tensao":230,"ano":2010,"planejada":false},"geometry":{"type":"LineString","coordinates":[[-49.33289,-25.52614],[-49.33268,-25.5266],[-49.33266,-25.52789],[-49.33203,-25.52972],[-49.33067,-25.53311],[-49.3305,-25.53334],[-49.33694,-25.54179],[-49.33738,-25.54297],[-49.33721,-25.54416],[-49.33378,-25.55177],[-49.33338,-25.55448],[-49.32834,-25.56477],[-49.32836,-25.57341],[-49.32274,-25.58851],[-49.32066,-25.59063],[-49.31865,-25.59153],[-49.31766,-25.59189]]}},{"type":"Feature","properties":{"nome":"LT 230 kV Gralha Azul - CISA, C1","tensao":230,"ano":0,"planejada":false},"geometry":{"type":"LineString","coordinates":[[-49.35499,-25.58656],[-49.35508,-25.58584],[-49.35656,-25.58485],[-49.37141,-25.58687],[-49.38001,-25.58707],[-49.38109,-25.58631],[-49.38109,-25.57675],[-49.37945,-25.57456],[-49.37623,-25.56925],[-49.37632,-25.56871],[-49.37679,-25.56851]]}},{"type":"Feature","properties":{"nome":"LT 230 kV Gralha Azul - Repar, C1","tensao":230,"ano":2009,"planejada":false},"geometry":{"type":"LineString","coordinates":[[-49.35486,-25.58656],[-49.35501,-25.5858],[-49.3565,-25.58473],[-49.35546,-25.58424],[-49.36148,-25.58134],[-49.36196,-25.58017],[-49.3625,-25.57992]]}},{"type":"Feature","properties":{"nome":"LT 230 kV Bateias - Campo Comprido, C1","tensao":230,"ano":0,"planejada":false},"geometry":{"type":"LineString","coordinates":[[-49.53194,-25.41226],[-49.53119,-25.41339],[-49.52884,-25.41447],[-49.51638,-25.40734],[-49.49916,-25.40523],[-49.47785,-25.40529],[-49.4509,-25.41299],[-49.41478,-25.41155],[-49.39871,-25.41193],[-49.39063,-25.41356],[-49.37932,-25.42157],[-49.37131,-25.42736],[-49.36962,-25.42981],[-49.36977,-25.43063]]}},{"type":"Feature","properties":{"nome":"LT 230 kV Bateias - Campo Comprido, C2","tensao":230,"ano":1999,"planejada":false},"geometry":{"type":"LineString","coordinates":[[-49.53175,-25.4122],[-49.5311,-25.41334],[-49.52885,-25.41438],[-49.51643,-25.40727],[-49.49917,-25.40514],[-49.47785,-25.40524],[-49.45089,-25.41292],[-49.41478,-25.41148],[-49.39869,-25.41182],[-49.39058,-25.41347],[-49.37126,-25.42733],[-49.36956,-25.42978],[-49.36961,-25.43062]]}},{"type":"Feature","properties":{"nome":"LT 230 kV Bateias - Campo Comprido, C3","tensao":230,"ano":2005,"planejada":false},"geometry":{"type":"LineString","coordinates":[[-49.53162,-25.41218],[-49.5309,-25.41325],[-49.53108,-25.41377],[-49.53062,-25.41502],[-49.51369,-25.42404],[-49.51121,-25.42517],[-49.50893,-25.42639],[-49.50723,-25.43105],[-49.50641,-25.43356],[-49.50259,-25.4332],[-49.38233,-25.42573],[-49.37143,-25.42749],[-49.36972,-25.42982],[-49.36992,-25.43064]]}},{"type":"Feature","properties":{"nome":"LT 230 kV Umbará - Siderúrgica Guaíra, C1","tensao":230,"ano":0,"planejada":false},"geometry":{"type":"LineString","coordinates":[[-49.31784,-25.59211],[-49.3187,-25.5916],[-49.31989,-25.59108],[-49.32057,-25.59102],[-49.32167,-25.59147],[-49.32784,-25.59016],[-49.35419,-25.60342],[-49.36179,-25.60581],[-49.37133,-25.60898],[-49.39725,-25.61815],[-49.41032,-25.6101],[-49.42026,-25.59993],[-49.4196,-25.56852],[-49.42051,-25.5669],[-49.42028,-25.56633]]}},{"type":"Feature","properties":{"nome":"LT 230 kV Uberaba - Umbará, C1","tensao":230,"ano":0,"planejada":false},"geometry":{"type":"LineString","coordinates":[[-49.20862,-25.4774],[-49.20862,-25.47894],[-49.20815,-25.4813],[-49.1434,-25.51023],[-49.1289,-25.52748],[-49.12898,-25.52947],[-49.12833,-25.53062],[-49.12787,-25.53103],[-49.13007,-25.53653],[-49.13066,-25.53837],[-49.14019,-25.56116],[-49.16209,-25.5915],[-49.16381,-25.59384],[-49.16562,-25.59608],[-49.18349,-25.60578],[-49.22909,-25.61931],[-49.23245,-25.61779],[-49.23679,-25.61288],[-49.25762,-25.58998],[-49.25935,-25.5884],[-49.31298,-25.59285],[-49.31684,-25.59219]]}},{"type":"Feature","properties":{"nome":"LT 230 kV Uberaba - Umbará, C2","tensao":230,"ano":2014,"planejada":false},"geometry":{"type":"MultiLineString","coordinates":[[[-49.20799,-25.47749],[-49.20833,-25.47888],[-49.2079,-25.48112],[-49.14322,-25.51003],[-49.12688,-25.52954],[-49.12796,-25.53084]],[[-49.12796,-25.53084],[-49.1291,-25.53356]],[[-49.12911,-25.53357],[-49.13079,-25.53757]],[[-49.13079,-25.53757],[-49.13081,-25.53849],[-49.14028,-25.56109],[-49.16218,-25.59146],[-49.16381,-25.59369],[-49.16569,-25.59601],[-49.18349,-25.6057],[-49.22909,-25.61922],[-49.23239,-25.61773],[-49.25756,-25.58991],[-49.25934,-25.58833],[-49.27792,-25.58985],[-49.28259,-25.59005],[-49.31297,-25.59258],[-49.31513,-25.59225],[-49.31667,-25.59192]]]}},{"type":"Feature","properties":{"nome":"LT 230 kV Joinville - Vega do Sul C2","tensao":230,"ano":0,"planejada":false},"geometry":{"type":"LineString","coordinates":[[-48.6299,-26.29226],[-48.62867,-26.29201],[-48.62702,-26.29231],[-48.62124,-26.30812],[-48.6216,-26.31544],[-48.63732,-26.33894],[-48.65016,-26.3579],[-48.66636,-26.37444],[-48.69009,-26.37516],[-48.69414,-26.36924],[-48.71907,-26.35587],[-48.7743,-26.38052],[-48.79481,-26.3883],[-48.8107,-26.39854],[-48.81497,-26.39845],[-48.8215,-26.40088],[-48.83232,-26.40026],[-48.84211,-26.39461],[-48.84568,-26.39196],[-48.85226,-26.38728],[-48.86054,-26.38164],[-48.88472,-26.35611],[-48.89075,-26.34307],[-48.8902,-26.31843],[-48.89217,-26.29735],[-48.89141,-26.29479],[-48.89083,-26.29408],[-48.8897,-26.29329],[-48.88839,-26.29201]]}},{"type":"Feature","properties":{"nome":"LT 230 kV Joinville - Vega do Sul C1","tensao":230,"ano":0,"planejada":false},"geometry":{"type":"LineString","coordinates":[[-48.62994,-26.2921],[-48.62868,-26.29194],[-48.62697,-26.29226],[-48.62113,-26.30809],[-48.62147,-26.31548],[-48.63718,-26.33898],[-48.65006,-26.35795],[-48.6663,-26.37454],[-48.69015,-26.37522],[-48.69419,-26.36929],[-48.70765,-26.36208],[-48.71204,-26.35982],[-48.71906,-26.356],[-48.77422,-26.38061],[-48.79473,-26.38841],[-48.81062,-26.39866],[-48.81495,-26.39856],[-48.82149,-26.40099],[-48.83235,-26.40036],[-48.84217,-26.3947],[-48.8457,-26.39206],[-48.85656,-26.38446],[-48.86062,-26.38173],[-48.88479,-26.35618],[-48.89088,-26.34308],[-48.89032,-26.31844],[-48.89228,-26.29733],[-48.89151,-26.29474],[-48.89092,-26.29403],[-48.88975,-26.29322],[-48.88852,-26.29193]]}},{"type":"Feature","properties":{"nome":"LT 230 kV Cascavel Norte - Cascavel Oeste, C2","tensao":230,"ano":2014,"planejada":false},"geometry":{"type":"LineString","coordinates":[[-53.44755,-24.88295],[-53.44721,-24.88229],[-53.4462,-24.88131],[-53.44287,-24.88034],[-53.42309,-24.88127],[-53.39556,-24.89721],[-53.35409,-24.94036],[-53.3409,-24.96044],[-53.35227,-24.98221],[-53.35614,-24.9894],[-53.37421,-24.99013],[-53.40541,-25.00533],[-53.44398,-25.01462],[-53.45423,-25.01811],[-53.45934,-25.02082],[-53.46313,-25.02242],[-53.47215,-25.02306],[-53.48056,-25.02137],[-53.52213,-25.02685],[-53.52868,-25.02886],[-53.5301,-25.02868]]}},{"type":"Feature","properties":{"nome":"LT 230 kV Cascavel Oeste - Cascavel, C3","tensao":230,"ano":2008,"planejada":false},"geometry":{"type":"LineString","coordinates":[[-53.53009,-25.02854],[-53.52908,-25.0285],[-53.52312,-25.0305],[-53.47628,-25.03305],[-53.4542,-25.02345],[-53.44922,-25.00431],[-53.451,-25.00203],[-53.45399,-24.9959],[-53.4549,-24.99568],[-53.45473,-24.99526],[-53.45525,-24.9951]]}},{"type":"Feature","properties":{"nome":"LT 230 kV Cascavel Oeste - Cascavel, C2","tensao":230,"ano":2001,"planejada":false},"geometry":{"type":"LineString","coordinates":[[-53.53008,-25.02839],[-53.52912,-25.02842],[-53.52312,-25.03042],[-53.4763,-25.03298],[-53.45426,-25.0234],[-53.44933,-25.00437],[-53.45108,-25.00207],[-53.45406,-24.99597],[-53.45543,-24.99567]]}},{"type":"Feature","properties":{"nome":"LT 230 kV Cascavel Oeste - Medianeira Norte, C1","tensao":230,"ano":2019,"planejada":false},"geometry":{"type":"LineString","coordinates":[[-53.53091,-25.02831],[-53.53207,-25.02776],[-53.53322,-25.02788],[-53.54175,-25.02563],[-53.56811,-25.02337],[-53.60362,-25.0292],[-53.62575,-25.03805],[-53.66071,-25.05257],[-53.78456,-25.10363],[-53.79975,-25.10911],[-53.81889,-25.11776],[-53.84327,-25.12115],[-53.86091,-25.12744],[-53.92312,-25.14252],[-53.95397,-25.16126],[-53.96816,-25.17717],[-53.98921,-25.19648],[-54.01007,-25.20816],[-54.0255,-25.21756],[-54.09383,-25.25204],[-54.09198,-25.26689],[-54.09427,-25.27088],[-54.09473,-25.27146]]}},{"type":"Feature","properties":{"nome":"LT 230 kV Bateias - Curitiba Norte, C1","tensao":230,"ano":2016,"planejada":false},"geometry":{"type":"LineString","coordinates":[[-49.53163,-25.4115],[-49.53167,-25.41046],[-49.52951,-25.40731],[-49.52526,-25.40593],[-49.52121,-25.40068],[-49.51654,-25.39504],[-49.51493,-25.38942],[-49.51102,-25.38274],[-49.50266,-25.37506],[-49.49272,-25.36576],[-49.4806,-25.35421],[-49.47283,-25.35005],[-49.45774,-25.33709],[-49.43458,-25.30912],[-49.43007,-25.30278],[-49.41402,-25.28527],[-49.40924,-25.2798],[-49.39878,-25.26658],[-49.38199,-25.25734],[-49.35555,-25.24406],[-49.32454,-25.2493],[-49.32113,-25.24751],[-49.31871,-25.23554],[-49.31814,-25.235]]}},{"type":"Feature","properties":{"nome":"LT 230 kV Curitiba Norte - CIA de cimento Portland, C1","tensao":230,"ano":0,"planejada":false},"geometry":{"type":"LineString","coordinates":[[-49.31837,-25.23483],[-49.31892,-25.23536],[-49.32348,-25.23558],[-49.32333,-25.23193],[-49.32339,-25.2265],[-49.3231,-25.22079],[-49.32259,-25.21952],[-49.32217,-25.21317],[-49.3216,-25.20961],[-49.3193,-25.20861],[-49.31896,-25.20709],[-49.31938,-25.20297],[-49.31807,-25.20143]]}},{"type":"Feature","properties":{"nome":"LT 230 kV Campo Comprido - Gralha Azul, C1","tensao":230,"ano":2010,"planejada":false},"geometry":{"type":"LineString","coordinates":[[-49.36929,-25.4306],[-49.36903,-25.42972],[-49.36867,-25.42907],[-49.36702,-25.42904],[-49.36643,-25.42992],[-49.36385,-25.44821],[-49.36332,-25.45017],[-49.36258,-25.45223],[-49.35692,-25.46582],[-49.35585,-25.46801],[-49.3522,-25.47463],[-49.3512,-25.47677],[-49.34443,-25.49244],[-49.34366,-25.49449],[-49.34312,-25.49655],[-49.34134,-25.50478],[-49.34082,-25.50674],[-49.34025,-25.50841],[-49.33503,-25.51994],[-49.33393,-25.52189],[-49.33255,-25.52357],[-49.3273,-25.52933],[-49.33686,-25.54182],[-49.33731,-25.54297],[-49.33714,-25.54414],[-49.3337,-25.55175],[-49.33332,-25.55448],[-49.32828,-25.56475],[-49.32827,-25.5734],[-49.32264,-25.58847],[-49.32058,-25.59057],[-49.31876,-25.59133],[-49.31957,-25.5913],[-49.32012,-25.59117],[-49.32691,-25.5939],[-49.32958,-25.59309],[-49.34996,-25.58588],[-49.35326,-25.5852],[-49.35454,-25.58582],[-49.35468,-25.58654]]}},{"type":"Feature","properties":{"nome":"LT 230 kV Gralha Azul - Umbará, C1","tensao":230,"ano":2004,"planejada":false},"geometry":{"type":"LineString","coordinates":[[-49.35447,-25.58653],[-49.35444,-25.58587],[-49.3532,-25.58528],[-49.34996,-25.58598],[-49.32962,-25.59316],[-49.32689,-25.59399],[-49.32015,-25.59126],[-49.31865,-25.59182],[-49.31686,-25.59281],[-49.31706,-25.59252]]}},{"type":"Feature","properties":{"nome":"LT 230 kV Gralha Azul - UTE Araucária, C3","tensao":230,"ano":2001,"planejada":false},"geometry":{"type":"LineString","coordinates":[[-49.35458,-25.5872],[-49.3544,-25.588]]}},{"type":"Feature","properties":{"nome":"LT 230 kV Gralha Azul - UTE Araucária, C2","tensao":230,"ano":2001,"planejada":false},"geometry":{"type":"LineString","coordinates":[[-49.35488,-25.58721],[-49.35478,-25.58809]]}},{"type":"Feature","properties":{"nome":"LT 230 kV Gralha Azul - UTE Araucária, C1","tensao":230,"ano":2001,"planejada":false},"geometry":{"type":"LineString","coordinates":[[-49.35506,-25.58719],[-49.35528,-25.58821]]}},{"type":"Feature","properties":{"nome":"LT 230 kV Cascavel Norte - Umuarama Sul, C1","tensao":230,"ano":2014,"planejada":false},"geometry":{"type":"LineString","coordinates":[[-53.44768,-24.88288],[-53.44737,-24.88221],[-53.44724,-24.88043],[-53.44907,-24.87933],[-53.4651,-24.87858],[-53.46627,-24.87731],[-53.47554,-24.8762],[-53.50092,-24.86314],[-53.5107,-24.86011],[-53.51141,-24.85983],[-53.50963,-24.85694],[-53.47191,-24.80251],[-53.46655,-24.79448],[-53.45157,-24.77098],[-53.45302,-24.76773],[-53.42509,-24.70559],[-53.40869,-24.64684],[-53.39066,-24.6095],[-53.38833,-24.56376],[-53.36824,-24.44206],[-53.35362,-24.39353],[-53.35871,-24.34421],[-53.36264,-24.32009],[-53.36199,-24.27961],[-53.36603,-24.24377],[-53.3627,-24.23302],[-53.33766,-24.15361],[-53.32953,-24.08984],[-53.32489,-24.05423],[-53.32165,-24.0403],[-53.28822,-23.89949],[-53.2897,-23.80507],[-53.28939,-23.79739],[-53.28657,-23.79453],[-53.28668,-23.79337]]}},{"type":"Feature","properties":{"nome":"LT 230 kV Londrina (ESUL) - Figueira, C2","tensao":230,"ano":2015,"planejada":false},"geometry":{"type":"LineString","coordinates":[[-51.14181,-23.46144],[-51.14161,-23.46072],[-51.14303,-23.46031],[-51.14571,-23.46857],[-51.14373,-23.47168],[-51.13118,-23.47203],[-51.09246,-23.48389],[-51.08271,-23.48657],[-51.06542,-23.49096],[-51.01382,-23.50455],[-50.95872,-23.52766],[-50.93508,-23.5304],[-50.83622,-23.58977],[-50.76918,-23.64905],[-50.74419,-23.66673],[-50.69633,-23.69372],[-50.66104,-23.70796],[-50.63835,-23.73356],[-50.62841,-23.73677],[-50.59657,-23.74398],[-50.56921,-23.7608],[-50.55544,-23.77081],[-50.51201,-23.79709],[-50.47515,-23.80532],[-50.44161,-23.80644],[-50.43384,-23.80663],[-50.4082,-23.81669],[-50.40366,-23.82344],[-50.38774,-23.84656],[-50.38817,-23.84904]]}},{"type":"Feature","properties":{"nome":"LT 500 kV Marimbondo 2 - Assis, C1","tensao":500,"ano":2016,"planejada":false},"geometry":{"type":"LineString","coordinates":[[-49.22264,-20.25285],[-49.22267,-20.25211],[-49.22319,-20.25169],[-49.22466,-20.25163],[-49.2254,-20.25258],[-49.22404,-20.25828],[-49.2241,-20.26226],[-49.22822,-20.28952],[-49.2366,-20.32561],[-49.31231,-20.46313],[-49.34474,-20.50662],[-49.34793,-20.51476],[-49.36108,-20.52862],[-49.3651,-20.5354],[-49.42693,-20.64283],[-49.4377,-20.65052],[-49.44504,-20.65943],[-49.44736,-20.6679],[-49.45631,-20.67552],[-49.55309,-20.7803],[-49.57886,-20.83565],[-49.5856,-20.84444],[-49.59105,-20.85118],[-49.6121,-20.878],[-49.61929,-20.88989],[-49.62418,-20.89529],[-49.63103,-20.90314],[-49.63791,-20.91082],[-49.64746,-20.92306],[-49.66485,-20.94506],[-49.69073,-20.97763],[-49.69986,-20.9917],[-49.70179,-20.99623],[-49.721,-21.0157],[-49.77806,-21.08732],[-49.84317,-21.2155],[-49.82817,-21.29856],[-49.90069,-21.44905],[-49.90277,-21.4532],[-49.90386,-21.45568],[-49.9273,-21.50437],[-49.94531,-21.66252],[-49.97767,-21.75969],[-50.02002,-21.80952],[-50.01893,-21.85643],[-50.01829,-21.87724],[-50.0183,-21.88134],[-50.06118,-22.04503],[-50.06333,-22.05346],[-50.06609,-22.06372],[-50.07207,-22.07342],[-50.1456,-22.19095],[-50.1504,-22.19879],[-50.15839,-22.21487],[-50.15985,-22.21807],[-50.17906,-22.25658],[-50.20291,-22.30467],[-50.31484,-22.52929],[-50.31604,-22.53719],[-50.33201,-22.63701],[-50.34231,-22.64981],[-50.35043,-22.66007],[-50.35074,-22.66289],[-50.35038,-22.66367],[-50.35099,-22.66604],[-50.35144,-22.66636]]}},{"type":"Feature","properties":{"nome":"LT 230 kV Foz do Chopim - Salto Osório (ESUL), C2","tensao":230,"ano":2015,"planejada":false},"geometry":{"type":"LineString","coordinates":[[-53.09585,-25.52326],[-53.09531,-25.52286],[-53.09358,-25.51703],[-53.08361,-25.51814],[-53.03729,-25.53853],[-53.02861,-25.54491],[-53.02416,-25.54472],[-53.01604,-25.54461],[-53.01341,-25.54116],[-53.01293,-25.54065]]}},{"type":"Feature","properties":{"nome":"LT 230 kV Foz do Chopim - Realeza Sul, C1","tensao":230,"ano":2017,"planejada":false},"geometry":{"type":"LineString","coordinates":[[-53.09666,-25.52346],[-53.09783,-25.52385],[-53.1008,-25.52639],[-53.10714,-25.53286],[-53.11794,-25.54577],[-53.15678,-25.57054],[-53.18117,-25.58865],[-53.18607,-25.59628],[-53.20629,-25.61231],[-53.22161,-25.6304],[-53.25218,-25.65139],[-53.25912,-25.65524],[-53.32838,-25.68382],[-53.33782,-25.69664],[-53.35519,-25.70982],[-53.39321,-25.72367],[-53.40272,-25.73263],[-53.49177,-25.76229],[-53.51355,-25.77875],[-53.51659,-25.78198]]}},{"type":"Feature","properties":{"nome":"LT 230 kV Chavantes - Salto Grande, C1","tensao":230,"ano":2017,"planejada":false},"geometry":{"type":"LineString","coordinates":[[-49.7291,-23.12559],[-49.73401,-23.12047],[-49.73874,-23.11022],[-49.76981,-23.06218],[-49.772,-23.05971],[-49.82097,-23.04221],[-49.89429,-23.02561],[-49.9141,-23.01734],[-49.94111,-23.00638],[-50.00433,-23.00191],[-50.01723,-22.99593],[-50.00257,-22.91511],[-50.00232,-22.91169],[-50.00101,-22.90849],[-49.99949,-22.90634],[-49.99908,-22.9063]]}},{"type":"Feature","properties":{"nome":"LT 525 kV Londrina (ESU) - Assis, C2","tensao":525,"ano":2017,"planejada":false},"geometry":{"type":"LineString","coordinates":[[-51.13954,-23.46328],[-51.13914,-23.46233],[-50.99484,-23.3675],[-50.96494,-23.35036],[-50.8847,-23.2365],[-50.86135,-23.20281],[-50.78383,-23.13201],[-50.78022,-23.12896],[-50.66148,-23.04391],[-50.56347,-22.97336],[-50.54275,-22.8824],[-50.45383,-22.78222],[-50.36708,-22.68407],[-50.36422,-22.68063],[-50.35443,-22.66942],[-50.35336,-22.66766]]}},{"type":"Feature","properties":{"nome":"LT 230 kV Guaíra - Umuarama Sul, C2","tensao":230,"ano":2021,"planejada":false},"geometry":{"type":"LineString","coordinates":[[-54.22536,-24.10303],[-54.22511,-24.10361],[-54.22419,-24.10404],[-54.18164,-24.09397],[-54.14651,-24.09338],[-54.09823,-24.08788],[-54.05055,-24.08735],[-53.99931,-24.06685],[-53.74936,-23.96647],[-53.7409,-23.9638],[-53.64845,-23.92546],[-53.60952,-23.90442],[-53.59582,-23.90017],[-53.5528,-23.88801],[-53.54607,-23.8801],[-53.52681,-23.87393],[-53.47335,-23.85806],[-53.45078,-23.85123],[-53.43209,-23.84446],[-53.42041,-23.84124],[-53.40901,-23.83884],[-53.39315,-23.83318],[-53.37313,-23.82411],[-53.36853,-23.8223],[-53.36474,-23.8227],[-53.34888,-23.81622],[-53.33569,-23.81821],[-53.32696,-23.82201],[-53.30795,-23.81995],[-53.29614,-23.81039],[-53.28861,-23.80283],[-53.2881,-23.79845],[-53.2862,-23.79453],[-53.28651,-23.79337]]}},{"type":"Feature","properties":{"nome":"LT 500 kV Itatiba - Bateias, C1","tensao":500,"ano":2020,"planejada":false},"geometry":{"type":"LineString","coordinates":[[-46.90538,-22.96085],[-46.90675,-22.96732],[-46.90453,-22.98803],[-46.90649,-23.00004],[-46.90741,-23.02232],[-46.9003,-23.04183],[-46.91065,-23.05488],[-46.91074,-23.06841],[-46.90853,-23.07543],[-46.91083,-23.08811],[-46.93212,-23.11152],[-46.94013,-23.11345],[-46.94115,-23.11714],[-46.95264,-23.12046],[-46.95594,-23.12025],[-46.95876,-23.12144],[-46.96561,-23.12296],[-46.97337,-23.12229],[-47.01368,-23.1208],[-47.02334,-23.12344],[-47.02743,-23.12183],[-47.03402,-23.1144],[-47.05,-23.10923],[-47.07118,-23.10682],[-47.13529,-23.16003],[-47.20729,-23.23374],[-47.22333,-23.28204],[-47.22595,-23.28923],[-47.23387,-23.30662],[-47.26904,-23.32739],[-47.29333,-23.33445],[-47.303,-23.32781],[-47.31326,-23.32731],[-47.32984,-23.33114],[-47.41426,-23.3181],[-47.47715,-23.31512],[-47.49104,-23.31337],[-47.50478,-23.31551],[-47.5213,-23.31523],[-47.55655,-23.32082],[-47.56585,-23.32475],[-47.57558,-23.32701],[-47.61387,-23.33554],[-47.65142,-23.37741],[-47.65582,-23.3851],[-47.66941,-23.40331],[-47.68438,-23.43204],[-47.69066,-23.44117],[-47.69895,-23.45167],[-47.70334,-23.45967],[-47.70848,-23.48846],[-47.73102,-23.51383],[-47.74285,-23.54803],[-47.75154,-23.55267],[-47.81901,-23.58801],[-47.88057,-23.67644],[-47.97742,-23.73649],[-47.98092,-23.74095],[-47.98895,-23.74602],[-48.00273,-23.7549],[-48.03808,-23.77568],[-48.03982,-23.77951],[-48.11348,-23.82616],[-48.19336,-23.88858],[-48.26189,-24.038],[-48.30611,-24.05649],[-48.33106,-24.07039],[-48.34059,-24.07385],[-48.34933,-24.07838],[-48.36043,-24.08659],[-48.40396,-24.11001],[-48.42033,-24.12381],[-48.44051,-24.13937],[-48.46251,-24.17818],[-48.51862,-24.232],[-48.76183,-24.35865],[-48.80054,-24.40171],[-48.84681,-24.45987],[-48.91549,-24.5187],[-48.91996,-24.52525],[-48.93067,-24.53176],[-49.00177,-24.59271],[-49.03128,-24.62243],[-49.03392,-24.62538],[-49.03953,-24.63104],[-49.04163,-24.63275],[-49.0714,-24.66676],[-49.07283,-24.66956],[-49.07786,-24.67794],[-49.0797,-24.68047],[-49.08098,-24.68261],[-49.08318,-24.68757],[-49.08936,-24.69777],[-49.0904,-24.69831],[-49.12113,-24.71652],[-49.12693,-24.72337],[-49.12844,-24.7248],[-49.16564,-24.76703],[-49.17136,-24.77749],[-49.17721,-24.7828],[-49.19285,-24.80413],[-49.22147,-24.83507],[-49.23281,-24.85092],[-49.29765,-24.96308],[-49.30878,-24.98182],[-49.37497,-25.10005],[-49.37679,-25.1024],[-49.37887,-25.10558],[-49.38357,-25.11221],[-49.38482,-25.11367],[-49.40884,-25.14698],[-49.40841,-25.15469],[-49.41473,-25.16654],[-49.42878,-25.21319],[-49.44779,-25.2772],[-49.47834,-25.34945],[-49.51503,-25.38306],[-49.5232,-25.38807],[-49.53098,-25.394],[-49.53622,-25.39714],[-49.53901,-25.40083],[-49.53542,-25.40852]]}},{"type":"Feature","properties":{"nome":"LT 525 kV Blumenau - Curitiba Leste, C1","tensao":525,"ano":2021,"planejada":false},"geometry":{"type":"LineString","coordinates":[[-49.07962,-26.77991],[-49.08102,-26.7793],[-49.09097,-26.77748],[-49.10389,-26.76775],[-49.13208,-26.69648],[-49.1349,-26.6628],[-49.17846,-26.59143],[-49.18234,-26.5617],[-49.18856,-26.51839],[-49.20772,-26.47109],[-49.19429,-26.43699],[-49.19581,-26.39608],[-49.20508,-26.37523],[-49.20807,-26.36054],[-49.20586,-26.24623],[-49.19591,-26.1568],[-49.21922,-26.03613],[-49.24204,-25.94741],[-49.2175,-25.82165],[-49.16158,-25.77571],[-49.1162,-25.74275],[-49.11196,-25.72797],[-49.11483,-25.70905],[-49.11468,-25.69641],[-49.10376,-25.67611],[-49.10656,-25.65167],[-49.09634,-25.62113],[-49.09204,-25.60624],[-49.07384,-25.5757],[-49.07631,-25.57132],[-49.07835,-25.57132]]}},{"type":"Feature","properties":{"nome":"LT 230 kV Klabin Celulose - Mauá, C1","tensao":230,"ano":2015,"planejada":false},"geometry":{"type":"LineString","coordinates":[[-50.73488,-24.25251],[-50.73409,-24.25291],[-50.73263,-24.25347],[-50.70747,-24.25319],[-50.70177,-24.25128],[-50.69644,-24.24939],[-50.65263,-24.25395],[-50.62114,-24.25714],[-50.59659,-24.25438],[-50.59607,-24.25424],[-50.59424,-24.24966],[-50.59237,-24.24438],[-50.60648,-24.20327],[-50.61666,-24.18683],[-50.63919,-24.14974],[-50.64614,-24.143],[-50.66221,-24.11673],[-50.66496,-24.11284],[-50.66708,-24.10075],[-50.66936,-24.08928],[-50.67504,-24.07242],[-50.68424,-24.05477],[-50.69209,-24.03948],[-50.69236,-24.03985]]}},{"type":"Feature","properties":{"nome":"LT 230 kV Klabin Celulose - Klabin Monte Alegre, C1","tensao":230,"ano":0,"planejada":false},"geometry":{"type":"LineString","coordinates":[[-50.73509,-24.25294],[-50.73429,-24.25331],[-50.73281,-24.2542],[-50.70733,-24.25393],[-50.6964,-24.25012],[-50.6223,-24.25778],[-50.62094,-24.25848],[-50.60306,-24.25653],[-50.59912,-24.25831],[-50.59846,-24.26056],[-50.59917,-24.263],[-50.60239,-24.27151],[-50.60698,-24.28415],[-50.60208,-24.29015],[-50.60199,-24.29087]]}},{"type":"Feature","properties":{"nome":"LT 230 kV Curitiba Leste - Distrito Industrial de São José dos Pinhais, C1","tensao":230,"ano":2015,"planejada":false},"geometry":{"type":"LineString","coordinates":[[-49.08165,-25.57091],[-49.08167,-25.56789],[-49.08431,-25.56513],[-49.09795,-25.5586],[-49.10055,-25.55227],[-49.10911,-25.53737],[-49.11111,-25.53625],[-49.11201,-25.5362],[-49.11197,-25.53677],[-49.1126,-25.53897],[-49.11448,-25.53963],[-49.11589,-25.54143],[-49.11734,-25.5425],[-49.12075,-25.54237],[-49.12958,-25.53808],[-49.12953,-25.53668],[-49.1274,-25.53353],[-49.12606,-25.53088],[-49.1264,-25.52979],[-49.12736,-25.52871],[-49.12822,-25.52893],[-49.12815,-25.52912]]}},{"type":"Feature","properties":{"nome":"LT 765 kV Itaberá - Tijuco Preto, C2","tensao":765,"ano":1989,"planejada":false},"geometry":{"type":"LineString","coordinates":[[-49.13012,-23.95136],[-49.12204,-23.95152],[-49.10475,-23.93716],[-49.09666,-23.93058],[-49.0935,-23.9278],[-49.09038,-23.92519],[-49.06201,-23.90174],[-49.05309,-23.89851],[-49.0194,-23.88694],[-49.015,-23.88641],[-49.00698,-23.88566],[-48.9925,-23.88411],[-48.97675,-23.8826],[-48.97353,-23.88223],[-48.95308,-23.87945],[-48.94816,-23.87885],[-48.92356,-23.87535],[-48.90456,-23.87287],[-48.86822,-23.86782],[-48.82752,-23.86233],[-48.81844,-23.86101],[-48.79505,-23.85791],[-48.79155,-23.85736],[-48.78164,-23.85607],[-48.75926,-23.85294],[-48.74517,-23.85113],[-48.72175,-23.8479],[-48.71372,-23.84755],[-48.70032,-23.8471],[-48.66924,-23.84617],[-48.64642,-23.8454],[-48.64183,-23.84518],[-48.58021,-23.84319],[-48.57269,-23.84175],[-48.51474,-23.83137],[-48.50563,-23.82959],[-48.46922,-23.82298],[-48.41393,-23.81195],[-48.34474,-23.80442],[-48.32464,-23.80214],[-48.298,-23.80154],[-48.28737,-23.80119],[-48.25015,-23.8003],[-48.23826,-23.79993],[-48.23511,-23.79994],[-48.22956,-23.79979],[-48.19627,-23.79421],[-48.17774,-23.79114],[-48.16878,-23.78975],[-48.16571,-23.78916],[-48.14477,-23.78573],[-48.13804,-23.78454],[-48.11535,-23.7808],[-48.08652,-23.77579],[-48.08256,-23.77517],[-48.056,-23.77657],[-48.04308,-23.77787],[-48.03464,-23.77812],[-48.02173,-23.77831],[-48.01507,-23.77872],[-47.91983,-23.78354],[-47.85321,-23.78243],[-47.83184,-23.78039],[-47.81712,-23.77889],[-47.73515,-23.77858],[-47.73016,-23.77863],[-47.72153,-23.7785],[-47.69638,-23.77838],[-47.66689,-23.77835],[-47.65318,-23.77821],[-47.61565,-23.77808],[-47.61238,-23.77797],[-47.58309,-23.77801],[-47.57325,-23.77791],[-47.56776,-23.77805],[-47.55707,-23.77798],[-47.55315,-23.77808],[-47.53717,-23.77808],[-47.48159,-23.79226],[-47.47435,-23.79398],[-47.47035,-23.79506],[-47.46049,-23.79751],[-47.44776,-23.8009],[-47.44333,-23.80183],[-47.39616,-23.80797],[-47.38813,-23.80911],[-47.38142,-23.80993],[-47.37382,-23.81099],[-47.36187,-23.81239],[-47.35805,-23.81294],[-47.34938,-23.81401],[-47.34643,-23.81448],[-47.33452,-23.81589],[-47.32192,-23.81763],[-47.29986,-23.82052],[-47.29494,-23.82108],[-47.251,-23.82679],[-47.24272,-23.8264],[-47.23914,-23.8261],[-47.20778,-23.82431],[-47.19083,-23.83017],[-47.1713,-23.83675],[-47.16866,-23.83773],[-47.15146,-23.84359],[-47.14826,-23.84476],[-47.14443,-23.84599],[-47.13056,-23.85083],[-47.11304,-23.85675],[-47.07053,-23.87135],[-47.06603,-23.87281],[-47.06131,-23.87464],[-47.05412,-23.87695],[-47.03398,-23.88096],[-46.92969,-23.89617],[-46.92318,-23.89699],[-46.91827,-23.89746],[-46.91313,-23.89846],[-46.91011,-23.89895],[-46.89458,-23.90128],[-46.88117,-23.90326],[-46.87105,-23.90461],[-46.86252,-23.90593],[-46.85915,-23.90633],[-46.8521,-23.90746],[-46.84078,-23.90905],[-46.82527,-23.91141],[-46.81741,-23.91241],[-46.80602,-23.91421],[-46.78431,-23.91725],[-46.76936,-23.91747],[-46.74654,-23.91763],[-46.69897,-23.91816],[-46.69389,-23.9181],[-46.69187,-23.9182],[-46.68162,-23.91837],[-46.67888,-23.91788],[-46.67684,-23.91768],[-46.64993,-23.91374],[-46.63899,-23.91112],[-46.61051,-23.90558],[-46.57863,-23.90474],[-46.57411,-23.9047],[-46.56583,-23.90441],[-46.55279,-23.90004],[-46.5501,-23.89765],[-46.53362,-23.88227],[-46.52503,-23.87444],[-46.51951,-23.8692],[-46.51363,-23.86382],[-46.49863,-23.85378],[-46.49393,-23.84752],[-46.49195,-23.84462],[-46.48966,-23.84373],[-46.47965,-23.83925],[-46.46834,-23.83437],[-46.45985,-23.83059],[-46.44977,-23.82467],[-46.44601,-23.82216],[-46.44387,-23.82085],[-46.43918,-23.81923],[-46.43454,-23.81655],[-46.41184,-23.80252],[-46.41064,-23.80026],[-46.39713,-23.79188],[-46.39244,-23.78905],[-46.35504,-23.7723],[-46.31054,-23.73264],[-46.28936,-23.72257],[-46.2771,-23.71657],[-46.27445,-23.71297]]}},{"type":"Feature","properties":{"nome":"LT 230 kV Cascavel - Medianeira Norte, C1","tensao":230,"ano":2019,"planejada":false},"geometry":{"type":"LineString","coordinates":[[-53.45605,-24.99564],[-53.45676,-24.99553],[-53.46666,-24.99937],[-53.49371,-25.02252],[-53.53337,-25.0277],[-53.53442,-25.02727],[-53.54048,-25.02863],[-53.56406,-25.03172],[-53.57478,-25.02679],[-53.6036,-25.02957],[-53.68947,-25.06512],[-53.87073,-25.13979],[-53.97465,-25.19261],[-54.1,-25.25594],[-54.09296,-25.2665],[-54.09498,-25.27128]]}},{"type":"Feature","properties":{"nome":"LT 230 kV Foz do Iguaçu Norte - Medianeira Norte, C1","tensao":230,"ano":2019,"planejada":false},"geometry":{"type":"LineString","coordinates":[[-54.54345,-25.48794],[-54.54289,-25.4879],[-54.54201,-25.48649],[-54.54212,-25.48583],[-54.50219,-25.47269],[-54.49851,-25.47228],[-54.49356,-25.47069],[-54.4903,-25.46864],[-54.44099,-25.45225],[-54.36144,-25.40315],[-54.32761,-25.38814],[-54.32145,-25.37839],[-54.3077,-25.36995],[-54.26281,-25.34205],[-54.22707,-25.31996],[-54.10006,-25.25597],[-54.09305,-25.26652],[-54.09476,-25.27058],[-54.09511,-25.27119]]}},{"type":"Feature","properties":{"nome":"LT 230 kV Foz do Iguaçu Norte - Medianeira Norte, C2","tensao":230,"ano":2019,"planejada":false},"geometry":{"type":"LineString","coordinates":[[-54.54346,-25.48809],[-54.54222,-25.48811],[-54.53758,-25.48474],[-54.5317,-25.48279],[-54.52726,-25.4827],[-54.52412,-25.48029],[-54.52226,-25.47863],[-54.51832,-25.47726],[-54.5132,-25.47266],[-54.51051,-25.47141],[-54.49463,-25.46942],[-54.44136,-25.45173],[-54.36192,-25.40267],[-54.32816,-25.38768],[-54.32204,-25.37799],[-54.25442,-25.33604],[-54.22738,-25.31946],[-54.15742,-25.28408],[-54.09397,-25.25211],[-54.09208,-25.26687],[-54.09433,-25.27082],[-54.09485,-25.27137]]}},{"type":"Feature","properties":{"nome":"LT 230 kV Baixo Iguaçu - Cascavel Oeste, C1","tensao":230,"ano":2019,"planejada":false},"geometry":{"type":"LineString","coordinates":[[-53.67804,-25.50818],[-53.67447,-25.48681],[-53.65856,-25.46548],[-53.65183,-25.41982],[-53.63866,-25.39656],[-53.63333,-25.3524],[-53.6083,-25.31069],[-53.58383,-25.23769],[-53.5824,-25.21189],[-53.56416,-25.15853],[-53.56663,-25.13498],[-53.57089,-25.12632],[-53.56984,-25.11651],[-53.54004,-25.06223],[-53.53204,-25.05316],[-53.52675,-25.04069],[-53.52448,-25.03849],[-53.52547,-25.03401],[-53.52581,-25.03188],[-53.52934,-25.02902],[-53.53016,-25.02896]]}},{"type":"Feature","properties":{"nome":"LT 230 kV Baixo Iguaçu - Realeza Sul, C1","tensao":230,"ano":2019,"planejada":false},"geometry":{"type":"LineString","coordinates":[[-53.67797,-25.50852],[-53.67908,-25.50905],[-53.67983,-25.51012],[-53.67565,-25.51795],[-53.65519,-25.53481],[-53.6441,-25.54556],[-53.62754,-25.56413],[-53.61395,-25.57816],[-53.60767,-25.58191],[-53.60014,-25.5917],[-53.57065,-25.6057],[-53.5543,-25.61191],[-53.53352,-25.71342],[-53.51788,-25.75269],[-53.51153,-25.7667],[-53.5163,-25.78146],[-53.51676,-25.78193]]}},{"type":"Feature","properties":{"nome":"LT 230 kV Andirá Leste - Assis, C1","tensao":230,"ano":2019,"planejada":false},"geometry":{"type":"LineString","coordinates":[[-50.19256,-23.07727],[-50.19182,-23.07715],[-50.17652,-23.07088],[-50.10635,-23.01772],[-50.06029,-22.97845],[-50.05846,-22.97671],[-50.07928,-22.96701],[-50.0856,-22.9609],[-50.10307,-22.9287],[-50.19198,-22.86021],[-50.22791,-22.83034],[-50.26455,-22.79641],[-50.30129,-22.75638],[-50.31144,-22.74519],[-50.32142,-22.73444],[-50.32732,-22.72448],[-50.33487,-22.71202],[-50.35164,-22.68402],[-50.35194,-22.67446],[-50.35059,-22.67166],[-50.34986,-22.67099]]}},{"type":"Feature","properties":{"nome":"LT 230 kV Andirá Leste - Salto Grande, C1","tensao":230,"ano":2019,"planejada":false},"geometry":{"type":"LineString","coordinates":[[-50.19257,-23.07741],[-50.1913,-23.07733],[-50.17631,-23.07119],[-50.10609,-23.01799],[-50.06002,-22.97872],[-50.05808,-22.97689],[-50.01759,-22.99574],[-50.00294,-22.91503],[-50.00268,-22.91161],[-50.00135,-22.90831],[-49.99957,-22.90616],[-49.99907,-22.90617]]}},{"type":"Feature","properties":{"nome":"LT 525 kV Ivaiporã - Ponta Grossa, C1","tensao":525,"ano":2022,"planejada":false},"geometry":{"type":"LineString","coordinates":[[-51.67808,-24.43268],[-51.68041,-24.43573],[-51.6799,-24.43855],[-51.64027,-24.46406],[-51.61521,-24.47194],[-51.58535,-24.4757],[-51.58083,-24.47854],[-51.58049,-24.48105],[-51.57688,-24.48322],[-51.56281,-24.48481],[-51.54537,-24.49351],[-51.52982,-24.51322],[-51.52091,-24.53117],[-51.48494,-24.55615],[-51.47414,-24.57237],[-51.45984,-24.60313],[-51.43992,-24.63221],[-51.43049,-24.65169],[-51.40084,-24.70407],[-51.38435,-24.71987],[-51.37461,-24.74316],[-51.3527,-24.76897],[-51.23512,-24.83076],[-51.21573,-24.83579],[-51.18491,-24.84828],[-51.09227,-24.88429],[-51.02548,-24.91272],[-50.98881,-24.93309],[-50.95929,-24.95828],[-50.93758,-24.97064],[-50.90317,-24.99814],[-50.88215,-25.01748],[-50.85598,-25.03322],[-50.80408,-25.0624],[-50.76202,-25.06988],[-50.70469,-25.087],[-50.65598,-25.08868],[-50.63864,-25.08684],[-50.56569,-25.10069],[-50.4982,-25.09761],[-50.48719,-25.09833],[-50.45435,-25.09649],[-50.38283,-25.08808],[-50.34936,-25.08561],[-50.32394,-25.0888],[-50.32372,-25.08914]]}},{"type":"Feature","properties":{"nome":"LT 230 kV Irati Norte - Ponta Grossa, C2","tensao":230,"ano":2023,"planejada":false},"geometry":{"type":"LineString","coordinates":[[-50.6655,-25.36753],[-50.66528,-25.36742],[-50.66298,-25.36459],[-50.67284,-25.32252],[-50.66026,-25.28511],[-50.65592,-25.2105],[-50.64131,-25.19949],[-50.63493,-25.18758],[-50.61808,-25.16915],[-50.59388,-25.16087],[-50.57237,-25.15417],[-50.52906,-25.14099],[-50.46428,-25.12055],[-50.38318,-25.0887],[-50.34917,-25.08619],[-50.33169,-25.09609],[-50.32466,-25.09696],[-50.32186,-25.09541],[-50.32132,-25.09315],[-50.32138,-25.09308]]}},{"type":"Feature","properties":{"nome":"LT 525 kV Ponta Grossa - Bateias, C1","tensao":525,"ano":2022,"planejada":false},"geometry":{"type":"LineString","coordinates":[[-50.32178,-25.09334],[-50.32102,-25.09488],[-50.32075,-25.09589],[-50.31108,-25.10562],[-50.29588,-25.12537],[-50.28519,-25.18453],[-50.25203,-25.22689],[-50.22258,-25.26785],[-50.12078,-25.33415],[-50.09935,-25.34257],[-50.08498,-25.34929],[-50.07206,-25.35325],[-50.05252,-25.36092],[-50.01555,-25.38522],[-49.92876,-25.41172],[-49.89786,-25.4533],[-49.84325,-25.47806],[-49.75493,-25.48339],[-49.69145,-25.47697],[-49.68408,-25.46715],[-49.66544,-25.46035],[-49.65694,-25.45428],[-49.64397,-25.44827],[-49.63971,-25.44465],[-49.63515,-25.43789],[-49.623,-25.43153],[-49.60418,-25.41816],[-49.57956,-25.41737],[-49.53602,-25.41569],[-49.5353,-25.41498],[-49.53466,-25.41321],[-49.53455,-25.4127],[-49.53503,-25.41194]]}},{"type":"Feature","properties":{"nome":"LT 525 kV Ponta Grossa - Bateias, C2","tensao":525,"ano":2022,"planejada":false},"geometry":{"type":"LineString","coordinates":[[-50.32178,-25.09334],[-50.32102,-25.09488],[-50.3106,-25.10528],[-50.29604,-25.12426],[-50.27192,-25.1311],[-50.24246,-25.14885],[-50.23099,-25.16671],[-50.21664,-25.18202],[-50.20612,-25.20536],[-50.19627,-25.2207],[-50.18971,-25.22359],[-50.11464,-25.25474],[-50.02669,-25.31717],[-49.98002,-25.33254],[-49.94417,-25.34764],[-49.87688,-25.35527],[-49.83245,-25.35917],[-49.82005,-25.35629],[-49.726,-25.39828],[-49.7025,-25.40106],[-49.60341,-25.40407],[-49.59647,-25.40644],[-49.58434,-25.41429],[-49.57811,-25.41677],[-49.53626,-25.41515],[-49.53528,-25.4149],[-49.53457,-25.41273],[-49.53502,-25.41198]]}},{"type":"Feature","properties":{"nome":"LT 230 kV Nova Porto Primavera - Rosana, C1 (CD)","tensao":230,"ano":2020,"planejada":false},"geometry":{"type":"LineString","coordinates":[[-52.96504,-22.48841],[-52.96563,-22.48889],[-52.92766,-22.51302],[-52.88049,-22.56734],[-52.86809,-22.59124],[-52.86815,-22.59397],[-52.8749,-22.60011]]}},{"type":"Feature","properties":{"nome":"LT 230 kV Nova Porto Primavera - Rosana, C2 (CD)","tensao":230,"ano":2020,"planejada":false},"geometry":{"type":"LineString","coordinates":[[-52.96513,-22.48829],[-52.96575,-22.4889],[-52.92779,-22.51309],[-52.88058,-22.5674],[-52.86823,-22.59128],[-52.8683,-22.59392],[-52.87499,-22.60002]]}},{"type":"Feature","properties":{"nome":"LT 230 kV Assis - Londrina (Copel), C2","tensao":230,"ano":2020,"planejada":false},"geometry":{"type":"LineString","coordinates":[[-50.35022,-22.67072],[-50.35099,-22.67124],[-50.35936,-22.68048],[-50.45267,-22.80594],[-50.49771,-22.86635],[-50.50034,-22.86817],[-50.58435,-22.89432],[-50.60919,-22.90812],[-50.62404,-22.91858],[-50.64572,-22.94295],[-50.67346,-22.98056],[-50.69004,-23.00809],[-50.69919,-23.01539],[-50.79005,-23.05219],[-50.90527,-23.10246],[-50.94847,-23.12522],[-50.97787,-23.11992],[-50.99138,-23.12809],[-51.0418,-23.16186],[-51.13877,-23.20395],[-51.14647,-23.20946],[-51.15784,-23.2203],[-51.17854,-23.23445],[-51.18901,-23.24256],[-51.20058,-23.25101],[-51.23056,-23.27214],[-51.23652,-23.27462],[-51.23805,-23.27553]]}},{"type":"Feature","properties":{"nome":"LT 230 kV Londrina (ESUL) - Londrina (Copel), C2","tensao":230,"ano":2020,"planejada":false},"geometry":{"type":"LineString","coordinates":[[-51.14106,-23.46138],[-51.14037,-23.45752],[-51.14072,-23.4546],[-51.14453,-23.44486],[-51.14751,-23.44026],[-51.15048,-23.43732],[-51.16376,-23.42531],[-51.17366,-23.41651],[-51.18067,-23.41267],[-51.19107,-23.40985],[-51.20479,-23.40876],[-51.21853,-23.40568],[-51.24015,-23.40018],[-51.25744,-23.39289],[-51.27134,-23.38927],[-51.30035,-23.37491],[-51.31125,-23.36554],[-51.3196,-23.36133],[-51.32725,-23.35189],[-51.33144,-23.34455],[-51.33633,-23.33888],[-51.29066,-23.31968],[-51.25546,-23.29095],[-51.24865,-23.28046],[-51.24812,-23.27812],[-51.24609,-23.27397],[-51.23896,-23.27607],[-51.23833,-23.27569]]}},{"type":"Feature","properties":{"nome":"LT 440 kV Alta Paulista - Taquaruçu, C1","tensao":440,"ano":2021,"planejada":false},"geometry":{"type":"LineString","coordinates":[[-51.16285,-21.64281],[-51.21875,-21.66207],[-51.54892,-21.59608],[-51.63447,-21.61644],[-51.63311,-21.63049],[-51.6985,-21.75238],[-51.76779,-21.88113],[-51.84614,-21.99818],[-51.90165,-22.10701],[-51.90636,-22.11611],[-51.9611,-22.22327],[-51.97312,-22.24661],[-51.97727,-22.25484],[-51.99592,-22.28555],[-52.01288,-22.31328],[-52.02815,-22.33849],[-52.03247,-22.34547],[-52.02929,-22.43884],[-52.02267,-22.44929],[-52.00794,-22.47224],[-51.9995,-22.52389],[-52.00126,-22.52604],[-52.00042,-22.53403],[-52.00015,-22.53756]]}},{"type":"Feature","properties":{"nome":"LT 525 kV Ivaiporã - Ponta Grossa, C2","tensao":525,"ano":2022,"planejada":false},"geometry":{"type":"LineString","coordinates":[[-51.67522,-24.4305],[-51.675,-24.43029],[-51.63607,-24.43078],[-51.59304,-24.42809],[-51.55595,-24.43603],[-51.50595,-24.46083],[-51.5006,-24.46742],[-51.49958,-24.46995],[-51.49926,-24.47247],[-51.49201,-24.47798],[-51.4683,-24.50714],[-51.44699,-24.52489],[-51.42769,-24.55574],[-51.40605,-24.59771],[-51.39002,-24.62322],[-51.33978,-24.69811],[-51.32193,-24.7259],[-51.29801,-24.74034],[-51.23035,-24.7663],[-51.19634,-24.77575],[-51.14144,-24.78912],[-51.08382,-24.83049],[-50.96574,-24.88814],[-50.91651,-24.92062],[-50.89845,-24.93745],[-50.81863,-24.99062],[-50.76974,-25.02016],[-50.71548,-25.02996],[-50.67184,-25.03375],[-50.6335,-25.03247],[-50.5992,-25.04246],[-50.59512,-25.04197],[-50.58886,-25.04372],[-50.58647,-25.04616],[-50.5676,-25.05165],[-50.55586,-25.05006],[-50.48144,-25.05272],[-50.4284,-25.04798],[-50.3816,-25.05672],[-50.34908,-25.08509],[-50.32463,-25.08817],[-50.32394,-25.0888],[-50.32372,-25.08914]]}},{"type":"Feature","properties":{"nome":"LT 440 kV Bauru - Bracell, C1","tensao":440,"ano":2021,"planejada":false},"geometry":{"type":"LineString","coordinates":[[-49.09644,-22.28437],[-49.09491,-22.28647],[-49.09378,-22.28689],[-49.09236,-22.28676],[-49.07193,-22.28083],[-49.04493,-22.28779],[-49.0311,-22.29127],[-49.00445,-22.29821],[-48.97919,-22.30449],[-48.9523,-22.31133],[-48.93951,-22.31471],[-48.9204,-22.31956],[-48.90129,-22.34504],[-48.86904,-22.3877],[-48.86101,-22.39849],[-48.83692,-22.4303],[-48.8047,-22.47304],[-48.79733,-22.4837],[-48.79031,-22.49422],[-48.78046,-22.50873],[-48.78127,-22.50919],[-48.78373,-22.51675],[-48.78682,-22.5193],[-48.80702,-22.5365],[-48.8084,-22.5384]]}},{"type":"Feature","properties":{"nome":"LT 440 kV Bracell - Oeste, C1","tensao":440,"ano":2021,"planejada":false},"geometry":{"type":"LineString","coordinates":[[-48.80814,-22.53853],[-48.80683,-22.53663],[-48.78355,-22.51685],[-48.78112,-22.50929],[-48.78037,-22.50888],[-48.76881,-22.5259],[-48.73771,-22.58988],[-48.72216,-22.62165],[-48.71212,-22.64254],[-48.66443,-22.74047],[-48.5597,-22.88792],[-48.54261,-22.90615],[-48.5326,-22.91671],[-48.52315,-22.92691],[-48.50379,-22.94742],[-48.49335,-22.95805],[-48.46374,-22.98787],[-48.45711,-22.99469],[-48.45316,-22.99614],[-48.42704,-23.00641],[-48.39676,-23.01802],[-48.38158,-23.02399],[-48.36319,-23.03105],[-48.35136,-23.03708],[-48.33613,-23.04522],[-48.29776,-23.06529],[-48.22263,-23.09125],[-48.21553,-23.0936],[-48.1823,-23.10896],[-48.16679,-23.11599],[-48.12232,-23.13641],[-48.09191,-23.15022],[-48.07802,-23.15675],[-48.06312,-23.16358],[-48.04789,-23.17042],[-48.03234,-23.17762],[-48.00984,-23.18779],[-47.99677,-23.19388],[-47.98149,-23.20075],[-47.96657,-23.20761],[-47.92128,-23.22668],[-47.84498,-23.25914],[-47.80361,-23.27658],[-47.78538,-23.28333],[-47.77086,-23.28855],[-47.73137,-23.30305],[-47.6825,-23.31773],[-47.6675,-23.32211],[-47.63679,-23.33144],[-47.61441,-23.33804],[-47.54213,-23.3708],[-47.50164,-23.389],[-47.48635,-23.396],[-47.4426,-23.41565],[-47.42608,-23.42323],[-47.41046,-23.43012],[-47.40679,-23.43368],[-47.40782,-23.4385],[-47.41003,-23.44302],[-47.41192,-23.44525],[-47.41319,-23.44563],[-47.41328,-23.4461]]}},{"type":"Feature","properties":{"nome":"LT 230 kV Apucarana - Londrina Sul, C1","tensao":230,"ano":2021,"planejada":false},"geometry":{"type":"LineString","coordinates":[[-51.44662,-23.53409],[-51.44579,-23.5336],[-51.43446,-23.52365],[-51.43313,-23.52186],[-51.42388,-23.50914],[-51.41686,-23.49925],[-51.40607,-23.48272],[-51.34627,-23.39983],[-51.32132,-23.36511],[-51.319,-23.36201],[-51.31149,-23.36582],[-51.30056,-23.37521],[-51.27155,-23.38955],[-51.25762,-23.39322],[-51.24034,-23.4005],[-51.23801,-23.40109],[-51.23779,-23.40028],[-51.23797,-23.39753],[-51.23643,-23.39176]]}},{"type":"Feature","properties":{"nome":"LT 230 kV Londrina (ESUL) - Londrina Sul, C1","tensao":230,"ano":2021,"planejada":false},"geometry":{"type":"LineString","coordinates":[[-51.14133,-23.46129],[-51.14075,-23.4575],[-51.14108,-23.45466],[-51.14488,-23.44499],[-51.14785,-23.44044],[-51.15258,-23.43576],[-51.17387,-23.41683],[-51.18084,-23.413],[-51.19118,-23.41021],[-51.20495,-23.4091],[-51.21862,-23.40603],[-51.23753,-23.40122],[-51.23729,-23.4004],[-51.2378,-23.39752],[-51.2363,-23.3918]]}},{"type":"Feature","properties":{"nome":"LT 230 kV Ponta Grossa - Ponta Grossa Norte, C1","tensao":230,"ano":2021,"planejada":false},"geometry":{"type":"LineString","coordinates":[[-50.32123,-25.09215],[-50.32084,-25.09288],[-50.31942,-25.09466],[-50.30958,-25.10449],[-50.30442,-25.11131],[-50.30375,-25.1121],[-50.23077,-25.06446],[-50.21247,-25.05045],[-50.17137,-25.03593],[-50.14026,-25.04326],[-50.14029,-25.04429]]}},{"type":"Feature","properties":{"nome":"LT 230 kV Ponta Grossa - Ponta Grossa Sul, C1","tensao":230,"ano":2021,"planejada":false},"geometry":{"type":"LineString","coordinates":[[-50.32151,-25.09232],[-50.31979,-25.09492],[-50.30995,-25.10475],[-50.29516,-25.12401],[-50.27176,-25.13066],[-50.24213,-25.14852],[-50.23062,-25.16641],[-50.21624,-25.18176],[-50.20575,-25.20512],[-50.19544,-25.20882],[-50.17036,-25.21747],[-50.1293,-25.2003],[-50.12048,-25.18248],[-50.10593,-25.17959],[-50.10254,-25.17947],[-50.09937,-25.17578]]}},{"type":"Feature","properties":{"nome":"LT 525 kV Guaíra - Sarandi, C1 (CD)","tensao":525,"ano":2022,"planejada":false},"geometry":{"type":"LineString","coordinates":[[-54.2262,-24.10654],[-54.22616,-24.10732],[-54.22315,-24.11226],[-54.21286,-24.13178],[-54.2058,-24.14891],[-54.18797,-24.15467],[-54.14326,-24.15564],[-54.09647,-24.14549],[-54.02763,-24.10291],[-53.97963,-24.09469],[-53.89277,-24.04678],[-53.82182,-24.02556],[-53.77689,-24.00868],[-53.75469,-23.99333],[-53.72011,-23.97154],[-53.68247,-23.96504],[-53.6209,-23.9398],[-53.56336,-23.91311],[-53.51068,-23.88839],[-53.47643,-23.88019],[-53.43801,-23.87233],[-53.41534,-23.87138],[-53.33257,-23.86095],[-53.27941,-23.8426],[-53.19397,-23.83568],[-53.13089,-23.83075],[-53.12408,-23.82806],[-53.09866,-23.82366],[-53.06087,-23.81935],[-52.97578,-23.81181],[-52.9328,-23.80672],[-52.84593,-23.79627],[-52.76341,-23.76784],[-52.63514,-23.75824],[-52.5578,-23.73313],[-52.52143,-23.71561],[-52.48377,-23.6946],[-52.43929,-23.66559],[-52.33394,-23.61052],[-52.32109,-23.60413],[-52.31685,-23.60157],[-52.30317,-23.59441],[-52.20407,-23.57808],[-52.15351,-23.57137],[-52.07028,-23.55573],[-52.02219,-23.54579],[-51.97047,-23.52965],[-51.96596,-23.52858],[-51.88433,-23.51111],[-51.84484,-23.49336],[-51.83159,-23.47406],[-51.82866,-23.46668],[-51.82588,-23.46439],[-51.82175,-23.45432],[-51.82292,-23.44713],[-51.82393,-23.44652]]}},{"type":"Feature","properties":{"nome":"LT 525 kV Guaíra - Sarandi, C2 (CD)","tensao":525,"ano":2022,"planejada":false},"geometry":{"type":"LineString","coordinates":[[-54.226,-24.10653],[-54.22596,-24.10727],[-54.22297,-24.11218],[-54.21268,-24.13171],[-54.20565,-24.14876],[-54.18793,-24.15449],[-54.14328,-24.15546],[-54.09655,-24.14532],[-54.02771,-24.10274],[-53.9797,-24.09452],[-53.89286,-24.04661],[-53.82189,-24.02539],[-53.77699,-24.00852],[-53.7548,-23.99318],[-53.72019,-23.97137],[-53.68253,-23.96486],[-53.62099,-23.93964],[-53.56345,-23.91295],[-53.51075,-23.88822],[-53.47647,-23.88002],[-53.43804,-23.87215],[-53.41536,-23.8712],[-53.33262,-23.86078],[-53.27946,-23.84242],[-53.19399,-23.8355],[-53.13094,-23.83057],[-53.12413,-23.82789],[-53.09869,-23.82348],[-53.06089,-23.81917],[-52.9758,-23.81163],[-52.87268,-23.79934],[-52.84598,-23.79609],[-52.76345,-23.76766],[-52.63518,-23.75807],[-52.55788,-23.73296],[-52.52153,-23.71545],[-52.48388,-23.69445],[-52.4394,-23.66544],[-52.33404,-23.61036],[-52.32156,-23.60417],[-52.31696,-23.60141],[-52.30324,-23.59424],[-52.2041,-23.5779],[-52.15354,-23.57119],[-52.07032,-23.55555],[-52.02224,-23.54562],[-51.97053,-23.52947],[-51.966,-23.5284],[-51.8844,-23.51094],[-51.84498,-23.49322],[-51.83177,-23.47398],[-51.82883,-23.46658],[-51.82605,-23.46429],[-51.82195,-23.4543],[-51.8231,-23.44724],[-51.82404,-23.44667]]}},{"type":"Feature","properties":{"nome":"LT 525 kV Londrina-ESU - Sarandi, C2 (CD)","tensao":525,"ano":2022,"planejada":false},"geometry":{"type":"LineString","coordinates":[[-51.14193,-23.46437],[-51.14215,-23.465],[-51.14287,-23.46532],[-51.17157,-23.46792],[-51.20787,-23.48575],[-51.23375,-23.48545],[-51.23838,-23.48543],[-51.24429,-23.48555],[-51.25648,-23.4823],[-51.32323,-23.4849],[-51.34768,-23.49185],[-51.39708,-23.48748],[-51.40173,-23.4874],[-51.42498,-23.48055],[-51.44157,-23.48016],[-51.44637,-23.4784],[-51.4738,-23.47102],[-51.4831,-23.46834],[-51.48663,-23.46724],[-51.52187,-23.45687],[-51.57165,-23.45789],[-51.59752,-23.45205],[-51.64687,-23.43992],[-51.65789,-23.43884],[-51.6683,-23.43759],[-51.6844,-23.43534],[-51.71055,-23.4332],[-51.81344,-23.45301],[-51.82353,-23.44595]]}},{"type":"Feature","properties":{"nome":"LT 525 kV Londrina-ESU - Sarandi, C1 (CD)","tensao":525,"ano":2022,"planejada":false},"geometry":{"type":"LineString","coordinates":[[-51.14174,-23.46442],[-51.14199,-23.46513],[-51.14282,-23.4655],[-51.17151,-23.4681],[-51.20782,-23.48593],[-51.23375,-23.48563],[-51.23838,-23.48561],[-51.24432,-23.48573],[-51.2565,-23.48249],[-51.32319,-23.48508],[-51.34766,-23.49204],[-51.39709,-23.48766],[-51.40177,-23.48758],[-51.42502,-23.48073],[-51.44161,-23.48034],[-51.44643,-23.47858],[-51.47386,-23.4712],[-51.5219,-23.45705],[-51.57167,-23.45807],[-51.59757,-23.45223],[-51.6469,-23.4401],[-51.65791,-23.43902],[-51.66833,-23.43777],[-51.68442,-23.43552],[-51.71054,-23.43338],[-51.81348,-23.4532],[-51.82365,-23.44609]]}},{"type":"Feature","properties":{"nome":"LT 525 kV Guaira - Cascavel Oeste, C1","tensao":525,"ano":2023,"planejada":false},"geometry":{"type":"LineString","coordinates":[[-54.22572,-24.10656],[-54.22569,-24.10721],[-54.21858,-24.1083],[-54.2047,-24.12224],[-54.16322,-24.21057],[-54.15722,-24.22321],[-54.14709,-24.25391],[-54.12592,-24.32134],[-54.09551,-24.36871],[-54.02376,-24.44996],[-54.01977,-24.45552],[-53.95873,-24.55942],[-53.89357,-24.62947],[-53.88331,-24.64112],[-53.83497,-24.69701],[-53.83282,-24.69894],[-53.76845,-24.75098],[-53.74857,-24.76506],[-53.73827,-24.77733],[-53.73378,-24.77745],[-53.72927,-24.7812],[-53.65122,-24.85675],[-53.64982,-24.85848],[-53.64065,-24.87086],[-53.57979,-24.9543],[-53.57579,-24.95926],[-53.54698,-24.99232],[-53.53435,-25.02113],[-53.53728,-25.02575],[-53.53672,-25.02742],[-53.5356,-25.02796],[-53.53488,-25.02807]]}},{"type":"Feature","properties":{"nome":"LT 230 kV Londrina (ESUL) - Sarandi, C1","tensao":230,"ano":2023,"planejada":false},"geometry":{"type":"LineString","coordinates":[[-51.1412,-23.46135],[-51.14049,-23.45754],[-51.14083,-23.45462],[-51.14465,-23.44491],[-51.14761,-23.4403],[-51.15057,-23.43738],[-51.17372,-23.41657],[-51.1807,-23.41276],[-51.1911,-23.40994],[-51.20481,-23.40889],[-51.21857,-23.40574],[-51.24021,-23.40025],[-51.25747,-23.39297],[-51.27139,-23.38936],[-51.3004,-23.375],[-51.31132,-23.36562],[-51.31966,-23.3614],[-51.32732,-23.35194],[-51.33154,-23.34459],[-51.33642,-23.33891],[-51.37521,-23.35511],[-51.39294,-23.35927],[-51.44173,-23.35944],[-51.50128,-23.36702],[-51.55471,-23.38373],[-51.64355,-23.41133],[-51.6674,-23.41659],[-51.68044,-23.41938],[-51.71651,-23.42631],[-51.72416,-23.4277],[-51.7474,-23.43224],[-51.7754,-23.43757],[-51.78564,-23.44082],[-51.8255,-23.4496],[-51.82684,-23.44876],[-51.82776,-23.44424],[-51.82811,-23.44389]]}},{"type":"Feature","properties":{"nome":"LT 230 kV Maringá - Sarandi, C2","tensao":230,"ano":2023,"planejada":false},"geometry":{"type":"LineString","coordinates":[[-51.987,-23.44933],[-51.98673,-23.4503],[-51.98586,-23.45086],[-51.96086,-23.45701],[-51.87515,-23.46332],[-51.82786,-23.45026],[-51.82723,-23.44889],[-51.82761,-23.44671],[-51.82791,-23.44437],[-51.82823,-23.44399]]}},{"type":"Feature","properties":{"nome":"LT 525 kV Guaíra - Foz do Iguaçu, C1 (CD)","tensao":525,"ano":2022,"planejada":false},"geometry":{"type":"LineString","coordinates":[[-54.22695,-24.10666],[-54.2269,-24.10734],[-54.22712,-24.11188],[-54.22851,-24.12731],[-54.22986,-24.15157],[-54.23743,-24.21211],[-54.23814,-24.22575],[-54.21548,-24.27011],[-54.18976,-24.32021],[-54.15183,-24.3909],[-54.13392,-24.4181],[-54.1331,-24.43197],[-54.13291,-24.43652],[-54.1289,-24.50226],[-54.12944,-24.51261],[-54.13677,-24.55983],[-54.14593,-24.63911],[-54.15096,-24.65433],[-54.16182,-24.70159],[-54.16113,-24.73316],[-54.16469,-24.78236],[-54.16645,-24.80558],[-54.16753,-24.82118],[-54.17393,-24.87098],[-54.18156,-24.92335],[-54.18189,-24.92642],[-54.1843,-24.93866],[-54.19017,-24.966],[-54.1946,-24.99575],[-54.19493,-25.02668],[-54.19745,-25.05097],[-54.18786,-25.0971],[-54.196,-25.11389],[-54.2024,-25.12549],[-54.20935,-25.13623],[-54.20933,-25.15937],[-54.21041,-25.17823],[-54.21085,-25.18761],[-54.21223,-25.23078],[-54.21227,-25.23403],[-54.23364,-25.25514],[-54.24294,-25.26569],[-54.24506,-25.268],[-54.26815,-25.28908],[-54.27733,-25.30061],[-54.3097,-25.32988],[-54.32589,-25.34729],[-54.36313,-25.38574],[-54.3674,-25.39025],[-54.38911,-25.39974],[-54.41538,-25.41451],[-54.44471,-25.42836],[-54.47719,-25.44609],[-54.4953,-25.46253],[-54.50033,-25.46311],[-54.52742,-25.46451],[-54.53383,-25.45972],[-54.54315,-25.45822],[-54.54551,-25.46075],[-54.54495,-25.46226],[-54.54399,-25.4626]]}},{"type":"Feature","properties":{"nome":"LT 525 kV Guaíra - Foz do Iguaçu, C2 (CD)","tensao":525,"ano":2022,"planejada":false},"geometry":{"type":"LineString","coordinates":[[-54.22668,-24.10665],[-54.22694,-24.1119],[-54.22833,-24.12734],[-54.22966,-24.15159],[-54.23725,-24.21211],[-54.23797,-24.22573],[-54.20187,-24.29629],[-54.18958,-24.32014],[-54.15171,-24.39083],[-54.13377,-24.41806],[-54.12876,-24.50219],[-54.12896,-24.50734],[-54.12928,-24.51256],[-54.1366,-24.55985],[-54.14581,-24.63913],[-54.15081,-24.65438],[-54.16167,-24.7016],[-54.16096,-24.73316],[-54.1674,-24.82122],[-54.17419,-24.874],[-54.18141,-24.92337],[-54.18176,-24.92644],[-54.18416,-24.9387],[-54.18527,-24.94356],[-54.19003,-24.96598],[-54.19448,-24.99575],[-54.19476,-25.02668],[-54.19734,-25.05097],[-54.1877,-25.09712],[-54.19585,-25.11394],[-54.20226,-25.12558],[-54.20692,-25.13262],[-54.20922,-25.13625],[-54.20926,-25.14184],[-54.20917,-25.15937],[-54.21005,-25.1748],[-54.21031,-25.17822],[-54.21071,-25.18762],[-54.21194,-25.22701],[-54.21215,-25.23077],[-54.21217,-25.23407],[-54.23354,-25.25522],[-54.24494,-25.26811],[-54.26804,-25.28915],[-54.27429,-25.29696],[-54.27718,-25.30073],[-54.2859,-25.30865],[-54.28911,-25.31144],[-54.30958,-25.33],[-54.32874,-25.35046],[-54.36732,-25.39034],[-54.38903,-25.39987],[-54.41528,-25.41467],[-54.43567,-25.42431],[-54.44464,-25.42847],[-54.4771,-25.44618],[-54.49521,-25.46265],[-54.50032,-25.46328],[-54.52753,-25.46464],[-54.53397,-25.45985],[-54.54306,-25.45838],[-54.54533,-25.46078],[-54.54484,-25.46207],[-54.54394,-25.46207]]}},{"type":"Feature","properties":{"nome":"LT 230 kV Paranavaí Norte - Sarandi, C1 (CD)","tensao":230,"ano":2023,"planejada":false},"geometry":{"type":"LineString","coordinates":[[-52.44679,-23.0338],[-52.44562,-23.0338],[-52.38961,-23.03936],[-52.35515,-23.03957],[-52.33502,-23.04122],[-52.26321,-23.06972],[-52.20806,-23.08641],[-52.18006,-23.10029],[-52.11033,-23.14312],[-52.02585,-23.21856],[-52.00791,-23.23594],[-51.94518,-23.29707],[-51.92789,-23.31459],[-51.89494,-23.34166],[-51.8863,-23.35977],[-51.85664,-23.39615],[-51.8411,-23.43335],[-51.82863,-23.44337]]}},{"type":"Feature","properties":{"nome":"LT 230 kV Paranavaí Norte - Sarandi, C2 (CD)","tensao":230,"ano":2023,"planejada":false},"geometry":{"type":"LineString","coordinates":[[-52.44679,-23.03396],[-52.44568,-23.0339],[-52.38961,-23.03948],[-52.35519,-23.03966],[-52.33508,-23.04132],[-52.26328,-23.06982],[-52.20808,-23.08654],[-52.18011,-23.10039],[-52.11041,-23.14322],[-52.08397,-23.16689],[-52.02593,-23.21861],[-51.98809,-23.25555],[-51.9453,-23.29717],[-51.92799,-23.31468],[-51.89505,-23.34176],[-51.88641,-23.35984],[-51.85673,-23.3962],[-51.84119,-23.43343],[-51.82872,-23.44347]]}},{"type":"Feature","properties":{"nome":"LT 230 kV Ponta Grossa - São Mateus do Sul, C1","tensao":230,"ano":2021,"planejada":false},"geometry":{"type":"LineString","coordinates":[[-50.32163,-25.09241],[-50.32021,-25.09506],[-50.31029,-25.10499],[-50.29571,-25.12395],[-50.28468,-25.18462],[-50.28194,-25.22741],[-50.29043,-25.27171],[-50.28523,-25.29837],[-50.2903,-25.30716],[-50.27524,-25.41084],[-50.27275,-25.46509],[-50.28494,-25.52522],[-50.28556,-25.56189],[-50.34071,-25.64747],[-50.34528,-25.6544],[-50.35262,-25.66582],[-50.3733,-25.69716],[-50.376,-25.72114],[-50.37906,-25.73239],[-50.39673,-25.79894],[-50.39716,-25.81682],[-50.39929,-25.83088],[-50.39958,-25.8344],[-50.39998,-25.83583],[-50.40209,-25.84994],[-50.40154,-25.85299]]}},{"type":"Feature","properties":{"nome":"LT 230 kV Castro Norte - Klabin Celulose, C1","tensao":230,"ano":2022,"planejada":false},"geometry":{"type":"LineString","coordinates":[[-50.05914,-24.77512],[-50.05993,-24.77448],[-50.06291,-24.77146],[-50.0751,-24.76844],[-50.10001,-24.76034],[-50.16974,-24.7817],[-50.19957,-24.71207],[-50.24563,-24.60289],[-50.28532,-24.553],[-50.30738,-24.52399],[-50.30147,-24.45136],[-50.30326,-24.41664],[-50.31224,-24.32187],[-50.32226,-24.22443],[-50.32368,-24.22448],[-50.3834,-24.23124],[-50.53461,-24.24807],[-50.56003,-24.25448],[-50.5885,-24.25401],[-50.62103,-24.25762],[-50.69642,-24.2498],[-50.70739,-24.2536],[-50.73266,-24.25391],[-50.73491,-24.25285]]}},{"type":"Feature","properties":{"nome":"LT 230 kV Ponta Grossa - Ponta Grossa Norte, C2","tensao":230,"ano":2021,"planejada":false},"geometry":{"type":"LineString","coordinates":[[-50.32112,-25.09211],[-50.32066,-25.09278],[-50.3186,-25.09331],[-50.29,-25.07145],[-50.25691,-25.04788],[-50.25255,-25.03833],[-50.18532,-25.02597],[-50.14114,-25.03745],[-50.14053,-25.03739],[-50.13978,-25.04259],[-50.14014,-25.04428]]}},{"type":"Feature","properties":{"nome":"LT 230 kV Castro Norte - Ponta Grossa, C1","tensao":230,"ano":2022,"planejada":false},"geometry":{"type":"LineString","coordinates":[[-50.05925,-24.77523],[-50.06298,-24.77155],[-50.07513,-24.76855],[-50.10002,-24.76048],[-50.16972,-24.7818],[-50.16102,-24.80214],[-50.15749,-24.91363],[-50.1548,-24.93449],[-50.15102,-24.96271],[-50.14556,-25.00086],[-50.14522,-25.00463],[-50.13865,-25.00742],[-50.13341,-25.00919],[-50.12563,-25.01137],[-50.12542,-25.012],[-50.12687,-25.0144],[-50.13831,-25.0198],[-50.14252,-25.02343],[-50.14054,-25.0373],[-50.14114,-25.03734],[-50.18533,-25.02584],[-50.25263,-25.03823],[-50.25701,-25.04781],[-50.29007,-25.07137],[-50.31863,-25.09324],[-50.32059,-25.09272],[-50.321,-25.09202]]}},{"type":"Feature","properties":{"nome":"LT 230 kV Areia - Guarapuava Oeste, C2","tensao":230,"ano":2022,"planejada":false},"geometry":{"type":"LineString","coordinates":[[-51.60317,-25.96883],[-51.60342,-25.96933],[-51.60629,-25.97085],[-51.60734,-25.97046],[-51.60763,-25.96941],[-51.6075,-25.96871],[-51.60749,-25.96677],[-51.58898,-25.9409],[-51.57594,-25.92477],[-51.56152,-25.87094],[-51.57452,-25.83314],[-51.57966,-25.77282],[-51.6009,-25.74048],[-51.6077,-25.71033],[-51.62501,-25.62076],[-51.62106,-25.53757],[-51.59889,-25.44681],[-51.5977,-25.43344],[-51.59805,-25.43277]]}},{"type":"Feature","properties":{"nome":"LT 230 kV Areia - Guarapuava Oeste, C1","tensao":230,"ano":2022,"planejada":false},"geometry":{"type":"LineString","coordinates":[[-51.60342,-25.96789],[-51.60305,-25.96674],[-51.59482,-25.95828],[-51.57123,-25.93262],[-51.56975,-25.93136],[-51.56571,-25.92836],[-51.53601,-25.90671],[-51.53275,-25.90441],[-51.54127,-25.89517],[-51.55237,-25.88334],[-51.5596,-25.87546],[-51.57417,-25.83308],[-51.5793,-25.77273],[-51.60056,-25.74037],[-51.60734,-25.71026],[-51.62465,-25.62075],[-51.62069,-25.53759],[-51.59853,-25.44684],[-51.59737,-25.43366],[-51.59791,-25.43271]]}},{"type":"Feature","properties":{"nome":"LT 230 kV Guarapuava Oeste - Irati Norte, C1","tensao":230,"ano":2023,"planejada":false},"geometry":{"type":"LineString","coordinates":[[-51.59779,-25.43265],[-51.59726,-25.43363],[-51.5984,-25.44686],[-51.62059,-25.53761],[-51.62454,-25.62073],[-51.60724,-25.71025],[-51.60045,-25.74033],[-51.57919,-25.77268],[-51.57404,-25.83306],[-51.55948,-25.87538],[-51.53266,-25.90435],[-51.53148,-25.90342],[-51.52484,-25.89867],[-51.48729,-25.88253],[-51.37865,-25.82177],[-51.33458,-25.79704],[-51.20123,-25.71314],[-51.09118,-25.64368],[-50.98857,-25.57878],[-50.93687,-25.54962],[-50.89175,-25.52406],[-50.75051,-25.43719],[-50.69462,-25.40265],[-50.65467,-25.37801],[-50.65278,-25.37691],[-50.65318,-25.37639],[-50.65703,-25.37485],[-50.66205,-25.36914],[-50.66522,-25.36766],[-50.66586,-25.36797]]}},{"type":"Feature","properties":{"nome":"LT 230 kV Irati Norte - Ponta Grossa, C1","tensao":230,"ano":2023,"planejada":false},"geometry":{"type":"LineString","coordinates":[[-50.66594,-25.36787],[-50.66521,-25.36756],[-50.66196,-25.36903],[-50.65693,-25.37476],[-50.65311,-25.37633],[-50.65272,-25.37686],[-50.63559,-25.3662],[-50.63208,-25.36411],[-50.53027,-25.30112],[-50.43008,-25.19814],[-50.36441,-25.15154],[-50.30596,-25.11349],[-50.3038,-25.11215],[-50.30448,-25.11136],[-50.3097,-25.10456],[-50.31948,-25.09473],[-50.32138,-25.09224]]}},{"type":"Feature","properties":{"nome":"LT 230 kV Areia - União da Vitória Norte, C1","tensao":230,"ano":2021,"planejada":false},"geometry":{"type":"LineString","coordinates":[[-51.60303,-25.96889],[-51.60326,-25.96938],[-51.60363,-25.97072],[-51.6013,-25.97619],[-51.59452,-25.98196],[-51.59174,-25.98618],[-51.58369,-26.0008],[-51.57394,-26.00525],[-51.56511,-26.00997],[-51.55533,-26.01095],[-51.53358,-26.01497],[-51.48048,-26.01962],[-51.4737,-26.02215],[-51.43218,-26.02653],[-51.41341,-26.031],[-51.38511,-26.03464],[-51.37826,-26.03431],[-51.35056,-26.03643],[-51.33968,-26.03845],[-51.32597,-26.04409],[-51.31589,-26.04834],[-51.31283,-26.04954],[-51.27837,-26.07069],[-51.26609,-26.07812],[-51.25991,-26.0832],[-51.2501,-26.09087],[-51.24412,-26.09917],[-51.24231,-26.10269],[-51.24334,-26.10753],[-51.23873,-26.11778],[-51.2341,-26.12098],[-51.21612,-26.12786],[-51.19243,-26.13062],[-51.18291,-26.13366],[-51.16076,-26.13709],[-51.1462,-26.13478],[-51.14581,-26.13437]]}},{"type":"Feature","properties":{"nome":"LT 230 kV Areia - São Mateus do Sul, C1","tensao":230,"ano":0,"planejada":false},"geometry":{"type":"LineString","coordinates":[[-51.60328,-25.96796],[-51.60284,-25.96698],[-51.59443,-25.95832],[-51.57099,-25.93282],[-51.5693,-25.93163],[-51.52713,-25.90925],[-51.36638,-25.87787],[-51.31904,-25.87604],[-51.31277,-25.87571],[-51.27537,-25.87334],[-51.19414,-25.86219],[-51.00631,-25.83345],[-50.98665,-25.83086],[-50.93389,-25.82446],[-50.89525,-25.82528],[-50.88656,-25.8254],[-50.86398,-25.82593],[-50.69909,-25.82921],[-50.52881,-25.8162],[-50.47469,-25.82061],[-50.39998,-25.80836],[-50.39969,-25.80978],[-50.39859,-25.81366],[-50.39794,-25.8169],[-50.40295,-25.85003],[-50.40198,-25.8531]]}},{"type":"Feature","properties":{"nome":"LT 230 kV Campo Comprido - Santa Quitéria, C1","tensao":230,"ano":2014,"planejada":false},"geometry":{"type":"LineString","coordinates":[[-49.36991,-25.4318],[-49.36972,-25.43296],[-49.3655,-25.44369],[-49.36498,-25.44687],[-49.35862,-25.45318],[-49.34427,-25.47525],[-49.34324,-25.4787],[-49.34152,-25.47827],[-49.34114,-25.47714],[-49.33124,-25.47134],[-49.31498,-25.46689],[-49.3128,-25.46121],[-49.31249,-25.46113],[-49.31254,-25.46096],[-49.31243,-25.4608],[-49.31166,-25.46057],[-49.31161,-25.46066]]}},{"type":"Feature","properties":{"nome":"LT 230 kV Santa Quitéria - Umbará, C1","tensao":230,"ano":2014,"planejada":false},"geometry":{"type":"LineString","coordinates":[[-49.31165,-25.46068],[-49.31167,-25.46059],[-49.31243,-25.46081],[-49.31253,-25.46097],[-49.31245,-25.46122],[-49.31275,-25.46126],[-49.31493,-25.46693],[-49.33121,-25.4714],[-49.34108,-25.47719],[-49.34146,-25.47834],[-49.34321,-25.47881],[-49.34137,-25.485],[-49.34146,-25.49873],[-49.34319,-25.50058],[-49.34203,-25.50677],[-49.34124,-25.50918],[-49.33773,-25.51582],[-49.33079,-25.53329],[-49.31897,-25.54303],[-49.29415,-25.55012],[-49.26697,-25.58017],[-49.26663,-25.5822],[-49.26924,-25.58542],[-49.27854,-25.58977],[-49.31299,-25.59268],[-49.31627,-25.59218],[-49.31674,-25.59204]]}},{"type":"Feature","properties":{"nome":"LT 230 kV Campo do Assobio - Umbará, C1","tensao":230,"ano":2004,"planejada":false},"geometry":{"type":"LineString","coordinates":[[-49.18346,-25.66854],[-49.18502,-25.66897],[-49.18695,-25.6681],[-49.19297,-25.66148],[-49.19208,-25.64345],[-49.20079,-25.62064],[-49.20259,-25.61156],[-49.22908,-25.61937],[-49.23249,-25.61781],[-49.25768,-25.59],[-49.25932,-25.5885],[-49.31299,-25.59292],[-49.31692,-25.5923]]}},{"type":"Feature","properties":{"nome":"LT 230 kV Campo do Assobio - Distrito Industrial de São José dos Pinhais, C1","tensao":230,"ano":1999,"planejada":false},"geometry":{"type":"LineString","coordinates":[[-49.18351,-25.66839],[-49.185,-25.66887],[-49.18687,-25.66802],[-49.19285,-25.66145],[-49.192,-25.64339],[-49.2007,-25.62062],[-49.20251,-25.61152],[-49.18339,-25.60584],[-49.16558,-25.59613],[-49.1403,-25.5611],[-49.13078,-25.53846],[-49.12918,-25.53442],[-49.1274,-25.53021],[-49.12782,-25.52978]]}},{"type":"Feature","properties":{"nome":"LT 230 kV Curitiba Leste - Uberaba, C1","tensao":230,"ano":2015,"planejada":false},"geometry":{"type":"LineString","coordinates":[[-49.08134,-25.57089],[-49.08135,-25.56783],[-49.07672,-25.55991],[-49.07493,-25.55626],[-49.07335,-25.55326],[-49.07308,-25.55292],[-49.10798,-25.53772],[-49.11444,-25.53966],[-49.11584,-25.54146],[-49.11733,-25.54256],[-49.12078,-25.54242],[-49.12963,-25.53813],[-49.12983,-25.53656],[-49.12907,-25.53451],[-49.12696,-25.52952],[-49.14329,-25.51005],[-49.20796,-25.48119],[-49.20841,-25.4789],[-49.20815,-25.47748]]}},{"type":"Feature","properties":{"nome":"LT 230 kV Distrito Industrial de São José dos Pinhais - Uberaba, C1","tensao":230,"ano":1999,"planejada":false},"geometry":{"type":"LineString","coordinates":[[-49.1283,-25.5292],[-49.12885,-25.52747],[-49.14337,-25.51016],[-49.20807,-25.48126],[-49.20855,-25.47892],[-49.20831,-25.47746]]}},{"type":"Feature","properties":{"nome":"LT 230 kV Distrito Industrial de São José dos Pinhais - Repar, C1","tensao":230,"ano":2009,"planejada":false},"geometry":{"type":"LineString","coordinates":[[-49.1277,-25.52968],[-49.12733,-25.53021],[-49.13234,-25.54242],[-49.1402,-25.56113],[-49.1638,-25.59385],[-49.16504,-25.59499],[-49.16575,-25.59596],[-49.1835,-25.60562],[-49.22908,-25.61914],[-49.23229,-25.61763],[-49.25746,-25.58986],[-49.25926,-25.58823],[-49.2759,-25.58962],[-49.28254,-25.58998],[-49.31298,-25.5925],[-49.3151,-25.59216],[-49.31618,-25.59124],[-49.31827,-25.59007],[-49.32172,-25.59131],[-49.33928,-25.58751],[-49.35391,-25.58442],[-49.35538,-25.58417],[-49.36136,-25.58132],[-49.36186,-25.5801],[-49.36233,-25.5798]]}},{"type":"Feature","properties":{"nome":"LT 230 kV Governador Parigot Souza - UHE Parigot Souza, C1","tensao":230,"ano":0,"planejada":false},"geometry":{"type":"LineString","coordinates":[[-48.76202,-25.25277],[-48.76215,-25.25274]]}},{"type":"Feature","properties":{"nome":"LT 230 kV Governador Parigot Souza - UHE Parigot Souza, C2","tensao":230,"ano":0,"planejada":false},"geometry":{"type":"LineString","coordinates":[[-48.76207,-25.2529],[-48.7622,-25.25287]]}},{"type":"Feature","properties":{"nome":"LT 230 kV Governador Parigot Souza - UHE Parigot Souza, C3","tensao":230,"ano":0,"planejada":false},"geometry":{"type":"LineString","coordinates":[[-48.76213,-25.25304],[-48.76226,-25.253]]}},{"type":"Feature","properties":{"nome":"LT 230 kV Governador Parigot Souza - UHE Parigot Souza, C4","tensao":230,"ano":0,"planejada":false},"geometry":{"type":"LineString","coordinates":[[-48.76219,-25.25316],[-48.76231,-25.25313]]}},{"type":"Feature","properties":{"nome":"LT 230 kV Peróxidos - Umbará, C1","tensao":230,"ano":0,"planejada":false},"geometry":{"type":"LineString","coordinates":[[-49.31956,-25.55101],[-49.32017,-25.55125],[-49.31954,-25.55261],[-49.32818,-25.56443],[-49.32816,-25.57339],[-49.32725,-25.57585],[-49.32611,-25.5783],[-49.32709,-25.57982],[-49.33118,-25.58534],[-49.32786,-25.59017]]}},{"type":"Feature","properties":{"nome":"LT 230 kV Baixo Iguaçu - UHE Baixo Iguaçu, C1","tensao":230,"ano":0,"planejada":false},"geometry":{"type":"LineString","coordinates":[[-53.6771,-25.50843],[-53.67516,-25.50815]]}},{"type":"Feature","properties":{"nome":"LT 230 kV Baixo Iguaçu - UHE Baixo Iguaçu, C2","tensao":230,"ano":0,"planejada":false},"geometry":{"type":"LineString","coordinates":[[-53.67712,-25.50829],[-53.67501,-25.50789]]}},{"type":"Feature","properties":{"nome":"LT 230 kV Baixo Iguaçu - UHE Baixo Iguaçu, C3","tensao":230,"ano":0,"planejada":false},"geometry":{"type":"LineString","coordinates":[[-53.67715,-25.50814],[-53.67489,-25.50762]]}},{"type":"Feature","properties":{"nome":"LT 230 kV UHE Jayme Canet Junior - Mauá, C3","tensao":230,"ano":0,"planejada":false},"geometry":{"type":"LineString","coordinates":[[-50.69404,-24.04173],[-50.69313,-24.0403]]}},{"type":"Feature","properties":{"nome":"LT 230 kV UHE Jayme Canet Junior - Mauá, C2","tensao":230,"ano":0,"planejada":false},"geometry":{"type":"LineString","coordinates":[[-50.69389,-24.04175],[-50.69299,-24.04035]]}},{"type":"Feature","properties":{"nome":"LT 230 kV UHE Jayme Canet Junior - Mauá, C1","tensao":230,"ano":0,"planejada":false},"geometry":{"type":"LineString","coordinates":[[-50.69372,-24.04176],[-50.69285,-24.04042]]}},{"type":"Feature","properties":{"nome":"LT 230 kV União da Vitória Norte - São Mateus do Sul, C1","tensao":230,"ano":2021,"planejada":false},"geometry":{"type":"LineString","coordinates":[[-51.1456,-26.13461],[-51.14684,-26.1359],[-51.14568,-26.14033],[-51.13705,-26.1481],[-51.11735,-26.15433],[-51.07174,-26.15399],[-51.06636,-26.15387],[-51.01235,-26.15344],[-50.99898,-26.15326],[-50.93984,-26.1585],[-50.87161,-26.13193],[-50.82899,-26.10875],[-50.76371,-26.08028],[-50.7223,-26.04831],[-50.69366,-26.02501],[-50.67373,-26.01926],[-50.65784,-26.01697],[-50.61915,-26.00379],[-50.58111,-25.98944],[-50.55086,-25.96899],[-50.51958,-25.95652],[-50.48919,-25.93866],[-50.46446,-25.9131],[-50.43436,-25.84189],[-50.42727,-25.83881],[-50.42246,-25.83649],[-50.41051,-25.83164],[-50.40171,-25.83219],[-50.3998,-25.83444],[-50.40011,-25.83585],[-50.40226,-25.85001],[-50.40167,-25.85306]]}},{"type":"Feature","properties":{"nome":"LT 525 kV Curitiba - Gaspar 2, C1","tensao":525,"ano":2024,"planejada":false},"geometry":{"type":"LineString","coordinates":[[-49.31931,-25.59547],[-49.31497,-25.59777],[-49.31174,-25.60364],[-49.31053,-25.60566],[-49.30466,-25.62067],[-49.29976,-25.62887],[-49.29776,-25.63249],[-49.29597,-25.63541],[-49.2884,-25.64856],[-49.28624,-25.65212],[-49.28459,-25.65516],[-49.28576,-25.6589],[-49.28819,-25.66521],[-49.29184,-25.6754],[-49.29368,-25.68027],[-49.29787,-25.69198],[-49.2986,-25.69427],[-49.2985,-25.70337],[-49.29805,-25.71549],[-49.2978,-25.71949],[-49.29776,-25.72296],[-49.29722,-25.73095],[-49.29711,-25.73527],[-49.29672,-25.74182],[-49.29649,-25.74837],[-49.2969,-25.75183],[-49.29813,-25.76551],[-49.29944,-25.78954],[-49.29872,-25.81788],[-49.29874,-25.82286],[-49.29832,-25.83913],[-49.29825,-25.84773],[-49.29804,-25.85126],[-49.29758,-25.87176],[-49.29745,-25.88201],[-49.29711,-25.89497],[-49.29701,-25.90185],[-49.29682,-25.90705],[-49.29683,-25.90978],[-49.29654,-25.92027],[-49.29636,-25.93512],[-49.29617,-25.9398],[-49.29574,-25.95859],[-49.29563,-25.96713],[-49.29504,-25.97375],[-49.29403,-25.97861],[-49.28937,-26.00302],[-49.28858,-26.00641],[-49.28715,-26.01435],[-49.28385,-26.02704],[-49.28235,-26.03323],[-49.27349,-26.06736],[-49.26022,-26.14076],[-49.24356,-26.19036],[-49.25192,-26.26078],[-49.23661,-26.32124],[-49.23539,-26.32567],[-49.23257,-26.32928],[-49.20743,-26.36054],[-49.20291,-26.37553],[-49.19471,-26.39513],[-49.19141,-26.40331],[-49.1907,-26.40534],[-49.18778,-26.41251],[-49.18654,-26.41581],[-49.18572,-26.419],[-49.17186,-26.47773],[-49.16963,-26.48524],[-49.16736,-26.49236],[-49.15716,-26.52588],[-49.15115,-26.55246],[-49.13359,-26.58049],[-49.13031,-26.58584],[-49.12354,-26.60986],[-49.12141,-26.61787],[-49.11486,-26.64093],[-49.10898,-26.65962],[-49.10673,-26.66714],[-49.08649,-26.7316],[-49.08537,-26.73537],[-49.07476,-26.76928],[-49.07321,-26.7701],[-49.07069,-26.77107],[-49.06546,-26.77202],[-49.06018,-26.77501],[-49.05697,-26.77669],[-49.04493,-26.78296],[-49.04206,-26.78422],[-49.02571,-26.78484],[-49.02383,-26.78589],[-49.01517,-26.7865],[-49.01098,-26.78829],[-48.99931,-26.79554],[-48.99565,-26.79754],[-48.99548,-26.79992],[-48.99532,-26.80625],[-48.99411,-26.81752],[-48.99335,-26.82183],[-48.9934,-26.8243],[-48.99401,-26.82807],[-48.9949,-26.83469],[-48.99778,-26.84103],[-49.00396,-26.85683],[-49.00465,-26.87739],[-49.00629,-26.88146],[-49.00735,-26.88178],[-49.01204,-26.8817],[-49.01987,-26.87763],[-49.01992,-26.87686]]}},{"type":"Feature","properties":{"nome":"LT 525 kV Salto Caxias - UHE Governador José Richa, C1","tensao":525,"ano":0,"planejada":false},"geometry":{"type":"LineString","coordinates":[[-53.49794,-25.54319],[-53.49806,-25.5433]]}},{"type":"Feature","properties":{"nome":"LT 525 kV Salto Caxias - UHE Governador José Richa, C2","tensao":525,"ano":0,"planejada":false},"geometry":{"type":"LineString","coordinates":[[-53.49774,-25.54338],[-53.49786,-25.54348]]}},{"type":"Feature","properties":{"nome":"LT 525 kV Salto Caxias - UHE Governador José Richa, C3","tensao":525,"ano":0,"planejada":false},"geometry":{"type":"LineString","coordinates":[[-53.49755,-25.54358],[-53.49766,-25.54368]]}},{"type":"Feature","properties":{"nome":"LT 525 kV Salto Caxias - UHE Governador José Richa, C4","tensao":525,"ano":0,"planejada":false},"geometry":{"type":"LineString","coordinates":[[-53.49735,-25.54378],[-53.49745,-25.54387]]}},{"type":"Feature","properties":{"nome":"LT 230 kV Blumenau - Jaraguá do Sul, C1","tensao":230,"ano":2025,"planejada":false},"geometry":{"type":"LineString","coordinates":[[-49.07829,-26.78367],[-49.07762,-26.78411],[-49.07376,-26.78423],[-49.06294,-26.78532],[-49.04473,-26.78795],[-49.01863,-26.80221],[-49.01346,-26.8011],[-49.00968,-26.7998],[-49.00735,-26.79517],[-48.9587,-26.72022],[-48.94822,-26.68666],[-48.94644,-26.6752],[-48.9447,-26.66301],[-48.94418,-26.66018],[-48.94323,-26.65403],[-48.93896,-26.62537],[-48.94871,-26.56765],[-48.94983,-26.53089],[-48.94709,-26.48765],[-48.95074,-26.45217],[-48.95093,-26.44943],[-48.95274,-26.4498],[-48.96156,-26.45121],[-48.9711,-26.45135],[-48.9786,-26.45422],[-48.98441,-26.45611],[-48.99861,-26.45474],[-49.00702,-26.45625],[-49.01448,-26.45745],[-49.02214,-26.45621],[-49.03619,-26.45372],[-49.04311,-26.45259],[-49.04859,-26.45483],[-49.07184,-26.45273],[-49.08097,-26.44624],[-49.08711,-26.44176],[-49.09353,-26.43724],[-49.11287,-26.43117],[-49.12558,-26.42203],[-49.14039,-26.41868],[-49.14897,-26.42134],[-49.15234,-26.42231],[-49.15591,-26.4273],[-49.16369,-26.43419],[-49.16462,-26.43492],[-49.16463,-26.43594]]}},{"type":"Feature","properties":{"nome":"LT 230 kV Blumenau - Jaraguá do Sul, C2","tensao":230,"ano":2025,"planejada":false},"geometry":{"type":"LineString","coordinates":[[-49.07836,-26.78381],[-49.07773,-26.78427],[-49.07525,-26.7844],[-49.06303,-26.78559],[-49.04483,-26.78823],[-49.02993,-26.79645],[-49.01869,-26.80251],[-49.01339,-26.80141],[-49.00943,-26.80004],[-49.0071,-26.79537],[-48.95841,-26.72029],[-48.94785,-26.68671],[-48.94436,-26.66306],[-48.9438,-26.65996],[-48.93933,-26.62989],[-48.93859,-26.6254],[-48.9484,-26.56762],[-48.94866,-26.55739],[-48.94952,-26.53089],[-48.94675,-26.48767],[-48.95029,-26.4535],[-48.95345,-26.4531],[-48.96157,-26.45186],[-48.97119,-26.45184],[-48.978,-26.45446],[-48.98435,-26.45652],[-48.99863,-26.45517],[-49.00688,-26.45664],[-49.01449,-26.45788],[-49.04306,-26.45298],[-49.04881,-26.45537],[-49.07065,-26.45462],[-49.0787,-26.44899],[-49.08786,-26.44231],[-49.09478,-26.43754],[-49.10367,-26.43483],[-49.10893,-26.43478],[-49.12656,-26.42234],[-49.13971,-26.41946],[-49.15204,-26.42269],[-49.15562,-26.42774],[-49.16362,-26.43481],[-49.16436,-26.43534],[-49.16434,-26.43593]]}},{"type":"Feature","properties":{"nome":"LT 230 kV Jaraguá do Sul - Joinville Norte, C1","tensao":230,"ano":2025,"planejada":false},"geometry":{"type":"LineString","coordinates":[[-49.16479,-26.43594],[-49.16478,-26.43484],[-49.16382,-26.4341],[-49.15602,-26.42724],[-49.15243,-26.4222],[-49.14035,-26.41856],[-49.12552,-26.42192],[-49.11278,-26.43105],[-49.09345,-26.43713],[-49.08403,-26.44377],[-49.07975,-26.44694],[-49.0718,-26.45259],[-49.04863,-26.4547],[-49.04313,-26.45247],[-49.03949,-26.45303],[-49.01446,-26.45734],[-48.99862,-26.45461],[-48.98444,-26.45595],[-48.97868,-26.45407],[-48.97113,-26.4512],[-48.96158,-26.45107],[-48.95094,-26.44932],[-48.95156,-26.43877],[-48.95225,-26.4288],[-48.95344,-26.40543],[-48.95193,-26.39744],[-48.95057,-26.38971],[-48.94423,-26.35288],[-48.92128,-26.32346],[-48.91815,-26.32019],[-48.91583,-26.31804],[-48.89494,-26.29719],[-48.89135,-26.29371],[-48.88847,-26.2911],[-48.88987,-26.28824],[-48.89116,-26.28368],[-48.89211,-26.28199],[-48.89382,-26.27953],[-48.89433,-26.27734],[-48.89822,-26.27505],[-48.90157,-26.27255],[-48.90881,-26.25925],[-48.90694,-26.25654],[-48.9048,-26.25394],[-48.90181,-26.25276],[-48.90172,-26.25238]]}},{"type":"Feature","properties":{"nome":"LT 230 kV Jaraguá do Sul - Joinville, C1","tensao":230,"ano":2025,"planejada":false},"geometry":{"type":"LineString","coordinates":[[-49.16448,-26.43594],[-49.16449,-26.43527],[-49.16372,-26.43473],[-49.15571,-26.42768],[-49.15214,-26.42258],[-49.13974,-26.41933],[-49.12647,-26.42221],[-49.10888,-26.43463],[-49.10365,-26.43471],[-49.09472,-26.43739],[-49.08774,-26.44219],[-49.0786,-26.44885],[-49.07413,-26.45192],[-49.0706,-26.45446],[-49.04882,-26.45524],[-49.04309,-26.45286],[-49.0145,-26.45774],[-48.99863,-26.45503],[-48.98437,-26.45641],[-48.97807,-26.45434],[-48.97123,-26.4517],[-48.96158,-26.45171],[-48.9503,-26.45338],[-48.95201,-26.42731],[-48.9527,-26.41085],[-48.953,-26.40549],[-48.9439,-26.35298],[-48.92105,-26.32365],[-48.89116,-26.29391],[-48.89005,-26.2931],[-48.88877,-26.29173],[-48.88857,-26.29174]]}},{"type":"Feature","properties":{"nome":"LT 230 kV Itararé II - Avaré Nova, C1","tensao":230,"ano":2035,"planejada":true},"geometry":{"type":"LineString","coordinates":[[-49.31267,-24.10218],[-49.33243,-23.56727],[-49.33094,-23.40183],[-49.32945,-23.35507],[-49.32562,-23.31259],[-49.30647,-23.22703],[-49.29623,-23.1899],[-49.29036,-23.18183],[-49.27606,-23.16633],[-49.25966,-23.15169],[-49.21218,-23.13007],[-49.13782,-23.102],[-49.07576,-23.08428],[-49.00558,-23.06859],[-48.93358,-23.06218]]}},{"type":"Feature","properties":{"nome":"SECC LT 230 kV Curitiba - Joinville Norte, C2 (CD), na SE Joinville Norte 2","tensao":230,"ano":2034,"planejada":true},"geometry":{"type":"LineString","coordinates":[[-48.87548,-26.23136],[-48.89361,-26.23158]]}},{"type":"Feature","properties":{"nome":"SECC LT 230 kV Curitiba - Joinville Norte, C1 (CD), na SE Joinville Norte 2","tensao":230,"ano":2037,"planejada":true},"geometry":{"type":"LineString","coordinates":[[-48.87548,-26.23136],[-48.8943,-26.23378]]}},{"type":"Feature","properties":{"nome":"SECC LT 230 kV Blumenau - Joinville, C1 (CD), na SE Joinville Sul","tensao":230,"ano":2025,"planejada":true},"geometry":{"type":"LineString","coordinates":[[-48.94619,-26.38268],[-48.94612,-26.38161],[-48.94665,-26.37979],[-48.94848,-26.37934]]}},{"type":"Feature","properties":{"nome":"SECC LT 525 kV Curitiba Leste - Posto Fiscal C1 e C2 (CD) na SE Litorânea","tensao":525,"ano":2027,"planejada":true},"geometry":{"type":"LineString","coordinates":[[-48.61443,-25.58716],[-48.6145,-25.5631]]}},{"type":"Feature","properties":{"nome":"SECC LT 230 kV Uberaba - Umbará, C2 (CD), na SE Curitiba Sul","tensao":230,"ano":2037,"planejada":true},"geometry":{"type":"LineString","coordinates":[[-49.15303,-25.57914],[-49.14705,-25.58244],[-49.12867,-25.62056],[-49.127,-25.62669],[-49.12706,-25.62834]]}},{"type":"Feature","properties":{"nome":"LT 230 kV Curitiba Leste - Curitiba Sul, C1 e C2 (CD)","tensao":230,"ano":2037,"planejada":true},"geometry":{"type":"LineString","coordinates":[[-49.08051,-25.5715],[-49.12738,-25.62879]]}},{"type":"Feature","properties":{"nome":"LT 525 kV Curitiba Leste - Posto Fiscal, C1 e C2 (CD)","tensao":525,"ano":2033,"planejada":true},"geometry":{"type":"LineString","coordinates":[[-49.0785,-25.57181],[-49.06261,-25.5747],[-49.05189,-25.57578],[-49.03486,-25.57864],[-49.01637,-25.57885],[-49.00444,-25.58011],[-48.98495,-25.58697],[-48.97336,-25.58782],[-48.96015,-25.59026],[-48.94579,-25.59362],[-48.93642,-25.59494],[-48.90384,-25.58695],[-48.86861,-25.55301],[-48.85465,-25.5313],[-48.82548,-25.52199],[-48.79273,-25.51832],[-48.7704,-25.52194],[-48.72938,-25.53149],[-48.70153,-25.53527],[-48.63696,-25.55867],[-48.62469,-25.56117],[-48.61869,-25.56177],[-48.6136,-25.56338],[-48.56562,-25.55384]]}},{"type":"Feature","properties":{"nome":"SECC LT 230 kV Umbará - Santa Quitéria, C1 (CD), na SE Barigui 2","tensao":230,"ano":2037,"planejada":true},"geometry":{"type":"LineString","coordinates":[[-49.34371,-25.47691],[-49.34314,-25.47881]]}},{"type":"Feature","properties":{"nome":"LT 230 kV Areia - Pato Branco, C1","tensao":230,"ano":2033,"planejada":true},"geometry":{"type":"LineString","coordinates":[[-52.67246,-26.21027],[-52.63794,-26.22555],[-52.59186,-26.25047],[-52.42389,-26.33424],[-52.36668,-26.35038],[-52.16014,-26.36561],[-52.03451,-26.34943],[-51.94218,-26.30184],[-51.8708,-26.21809],[-51.76929,-26.08609],[-51.727,-26.03948],[-51.68056,-25.99866],[-51.67591,-25.9931],[-51.61313,-25.98128],[-51.60398,-25.97529],[-51.60249,-25.97281],[-51.60331,-25.97071],[-51.60327,-25.96949]]}},{"type":"Feature","properties":{"nome":"LT 230 kV Foz do Chopim - Cascavel Oeste, C1 e C2 (CD)","tensao":230,"ano":2033,"planejada":true},"geometry":{"type":"LineString","coordinates":[[-53.09742,-25.52331],[-53.09963,-25.50859],[-53.13798,-25.49227],[-53.15278,-25.47979],[-53.19734,-25.43577],[-53.33022,-25.2869],[-53.47174,-25.12029],[-53.51241,-25.06516],[-53.52024,-25.04907],[-53.52344,-25.04065],[-53.53337,-25.02902]]}},{"type":"Feature","properties":{"nome":"SECC LT 230 kV Medianeira Norte - Cascavel, C1 na SE Cascavel Oeste (CD)","tensao":230,"ano":2028,"planejada":true},"geometry":{"type":"LineString","coordinates":[[-53.53001,-25.02804],[-53.5298,-25.02795],[-53.52984,-25.02722]]}},{"type":"Feature","properties":{"nome":"SECC LT 230 kV Guaíra - Dourados, C1 (CD), na SE Iguatemi 2","tensao":230,"ano":2029,"planejada":true},"geometry":{"type":"LineString","coordinates":[[-54.4965,-23.67847],[-54.50036,-23.6793]]}},{"type":"Feature","properties":{"nome":"SECC LT 230 kV Areia - Pato Branco, C1, na SE Palmas 2","tensao":230,"ano":2033,"planejada":true},"geometry":{"type":"LineString","coordinates":[[-52.07913,-26.35577],[-52.07101,-26.42364]]}},{"type":"Feature","properties":{"nome":"LT 525 kV Joinville Sul - Areia, C1","tensao":525,"ano":2025,"planejada":true},"geometry":{"type":"LineString","coordinates":[[-48.94934,-26.38978],[-48.94936,-26.3891],[-48.95069,-26.38635],[-48.95089,-26.38511],[-48.95166,-26.38348],[-48.95325,-26.38258],[-48.96509,-26.38154],[-48.97109,-26.38113],[-48.99394,-26.3798],[-49.01277,-26.37179],[-49.03006,-26.37973],[-49.04594,-26.38651],[-49.06096,-26.37634],[-49.07554,-26.3759],[-49.08604,-26.37848],[-49.09712,-26.37868],[-49.1055,-26.38479],[-49.12349,-26.38542],[-49.12718,-26.38689],[-49.1492,-26.39807],[-49.15747,-26.39446],[-49.18112,-26.39674],[-49.18331,-26.3985],[-49.18807,-26.39992],[-49.19089,-26.3992],[-49.19325,-26.3969],[-49.2019,-26.39545],[-49.21988,-26.3897],[-49.22854,-26.391],[-49.24198,-26.38756],[-49.2522,-26.38299],[-49.28637,-26.37578],[-49.29307,-26.37484],[-49.3273,-26.37317],[-49.34913,-26.3677],[-49.35699,-26.36565],[-49.42074,-26.33669],[-49.43675,-26.32934],[-49.47575,-26.31237],[-49.48287,-26.30939],[-49.51707,-26.29437],[-49.55599,-26.29164],[-49.61228,-26.27259],[-49.62865,-26.27019],[-49.64055,-26.26256],[-49.66389,-26.25325],[-49.71355,-26.23014],[-49.72583,-26.22691],[-49.75306,-26.22376],[-49.82488,-26.22151],[-49.84038,-26.21438],[-49.95477,-26.19061],[-49.96943,-26.18932],[-49.99171,-26.17892],[-50.0044,-26.17325],[-50.05335,-26.16045],[-50.05775,-26.15586],[-50.06535,-26.15437],[-50.09454,-26.13793],[-50.10216,-26.13583],[-50.12353,-26.12508],[-50.15449,-26.11521],[-50.27847,-26.10794],[-50.30405,-26.09668],[-50.33807,-26.09271],[-50.41356,-26.06823],[-50.49925,-26.06552],[-50.55816,-26.0569],[-50.66843,-26.04539],[-50.67568,-26.04426],[-50.71597,-26.02868],[-50.75492,-26.02564],[-50.77329,-26.02479],[-50.80493,-26.02713],[-50.8185,-26.02381],[-50.83438,-26.01796],[-50.85159,-26.0149],[-50.88332,-26.00713],[-50.94327,-25.97675],[-50.97186,-25.9792],[-51.05115,-25.94978],[-51.06681,-25.94698],[-51.11877,-25.97009],[-51.13801,-25.96536],[-51.16474,-25.95796],[-51.16894,-25.95722],[-51.21048,-25.93024],[-51.23985,-25.92776],[-51.25469,-25.93513],[-51.26991,-25.93526],[-51.2785,-25.93195],[-51.32765,-25.9259],[-51.33445,-25.92327],[-51.34823,-25.92337],[-51.3891,-25.91827],[-51.40611,-25.92078],[-51.41797,-25.91462],[-51.46799,-25.90829],[-51.48172,-25.90644],[-51.49508,-25.9131],[-51.51584,-25.91957],[-51.51997,-25.92323],[-51.5227,-25.92434],[-51.53379,-25.92597],[-51.55234,-25.93191],[-51.55854,-25.93617],[-51.57221,-25.94406],[-51.57716,-25.94625],[-51.59376,-25.96345],[-51.59733,-25.96475],[-51.59968,-25.96735],[-51.59986,-25.96768]]}},{"type":"Feature","properties":{"nome":"LT 525 kV Joinville Sul - Itajaí 2, C1","tensao":525,"ano":2025,"planejada":true},"geometry":{"type":"LineString","coordinates":[[-48.70228,-26.96231],[-48.70191,-26.96167],[-48.70263,-26.95998],[-48.70394,-26.95559],[-48.7029,-26.93528],[-48.71086,-26.93094],[-48.7215,-26.93154],[-48.77317,-26.92362],[-48.78429,-26.9138],[-48.80096,-26.86744],[-48.80035,-26.85806],[-48.80883,-26.8194],[-48.81086,-26.81299],[-48.81113,-26.80586],[-48.80737,-26.79722],[-48.80239,-26.71784],[-48.79401,-26.69754],[-48.79384,-26.67675],[-48.82075,-26.62169],[-48.84252,-26.60586],[-48.868,-26.57737],[-48.87067,-26.5754],[-48.87604,-26.5749],[-48.88631,-26.56742],[-48.89787,-26.56491],[-48.93624,-26.53532],[-48.93529,-26.52399],[-48.93273,-26.5182],[-48.93364,-26.50452],[-48.93879,-26.49344],[-48.9368,-26.48095],[-48.93477,-26.47586],[-48.93816,-26.42037],[-48.94697,-26.41283],[-48.94744,-26.39218]]}},{"type":"Feature","properties":{"nome":"LT 230 kV Ponta Grossa - Canoinhas, C1","tensao":230,"ano":2031,"planejada":true},"geometry":{"type":"LineString","coordinates":[[-50.32075,-25.09589],[-50.2449,-25.25343],[-50.2374,-25.2985],[-50.25132,-25.46591],[-50.26683,-25.58965],[-50.39326,-25.68159],[-50.47764,-25.79292],[-50.47571,-26.10789],[-50.44878,-26.19393],[-50.43412,-26.20187],[-50.40355,-26.19619]]}},{"type":"Feature","properties":{"nome":"SECC LT 230 kV Cascavel - Salto Osório, C1 (CD), na SE Foz do Chopim","tensao":230,"ano":2026,"planejada":true},"geometry":{"type":"LineString","coordinates":[[-53.09502,-25.5124],[-53.09546,-25.51319],[-53.09473,-25.5196],[-53.09567,-25.52279],[-53.096,-25.52312]]}},{"type":"Feature","properties":{"nome":"LT 230 kV Maringá - Sarandi, C1 e C3","tensao":230,"ano":2030,"planejada":true},"geometry":{"type":"LineString","coordinates":[[-51.98719,-23.44931],[-51.98703,-23.45045],[-51.98599,-23.45112],[-51.96095,-23.45732],[-51.87511,-23.46361],[-51.82539,-23.44989],[-51.82347,-23.45097],[-51.82329,-23.45044],[-51.82766,-23.44415],[-51.82803,-23.44378]]}},{"type":"Feature","properties":{"nome":"LT 525 kV Abdon Batista 2 - Curitiba Oeste, C1","tensao":525,"ano":2029,"planejada":true},"geometry":{"type":"LineString","coordinates":[[-51.00746,-27.52671],[-51.00745,-27.52526],[-51.00265,-27.51503],[-50.98547,-27.48143],[-50.97132,-27.45954],[-50.94745,-27.40951],[-50.89557,-27.34999],[-50.86433,-27.308],[-50.80046,-27.22506],[-50.76419,-27.17997],[-50.72031,-27.1283],[-50.69409,-27.10502],[-50.63951,-27.03639],[-50.60522,-26.97549],[-50.55775,-26.90547],[-50.44548,-26.72325],[-50.39919,-26.6561],[-50.37997,-26.63103],[-50.35518,-26.58693],[-50.32372,-26.52774],[-50.2797,-26.44979],[-50.26246,-26.43112],[-50.24433,-26.38674],[-50.23066,-26.35981],[-50.182,-26.28612],[-50.12035,-26.18211],[-50.11411,-26.16478],[-50.09368,-26.11974],[-49.99468,-25.91063],[-49.97859,-25.88561],[-49.96384,-25.85662],[-49.96085,-25.851],[-49.95059,-25.83273],[-49.94793,-25.82776],[-49.91987,-25.77146],[-49.89737,-25.74127],[-49.86634,-25.68368],[-49.84755,-25.65566],[-49.83076,-25.63219],[-49.82505,-25.63038]]}},{"type":"Feature","properties":{"nome":"SECC LT 230 kV Joinville - Joinville Norte, C1 (CD), na SE Joinville Sul","tensao":230,"ano":2025,"planejada":true},"geometry":{"type":"MultiLineString","coordinates":[[[-48.94707,-26.38876],[-48.94707,-26.38805],[-48.94579,-26.38558],[-48.94477,-26.38425],[-48.94544,-26.38158],[-48.94293,-26.37905],[-48.94048,-26.37],[-48.92477,-26.35943],[-48.91609,-26.34897],[-48.89124,-26.34035],[-48.89078,-26.31814],[-48.89276,-26.29707],[-48.89271,-26.29358],[-48.89197,-26.29097],[-48.89056,-26.2887]],[[-48.89056,-26.2887],[-48.88912,-26.28906],[-48.88844,-26.29061]],[[-48.89056,-26.2887],[-48.88984,-26.28711],[-48.89085,-26.28361]]]}},{"type":"Feature","properties":{"nome":"LT 525 kV Abdon Batista 2 - Segredo, C1","tensao":525,"ano":2029,"planejada":true},"geometry":{"type":"LineString","coordinates":[[-51.0077,-27.52669],[-51.00779,-27.52548],[-51.0138,-27.5154],[-51.02768,-27.49312],[-51.04864,-27.45584],[-51.0893,-27.38697],[-51.12778,-27.34547],[-51.13442,-27.338],[-51.16141,-27.30623],[-51.1922,-27.25797],[-51.21681,-27.23025],[-51.22431,-27.22161],[-51.23054,-27.20768],[-51.24815,-27.18396],[-51.25723,-27.16506],[-51.28914,-27.11572],[-51.30749,-27.08862],[-51.3245,-27.05937],[-51.34696,-27.01803],[-51.35559,-27.00889],[-51.37248,-26.98816],[-51.38501,-26.97011],[-51.40394,-26.95165],[-51.40751,-26.94539],[-51.41513,-26.93064],[-51.4211,-26.92277],[-51.43848,-26.8962],[-51.53707,-26.76872],[-51.54257,-26.7586],[-51.58411,-26.6993],[-51.71763,-26.51551],[-51.75103,-26.47858],[-51.80921,-26.32221],[-51.8723,-26.19971],[-51.9159,-26.10034],[-51.92765,-26.07708],[-51.94667,-26.02593],[-51.99064,-25.9157],[-52.00088,-25.89358],[-52.02718,-25.87358],[-52.04722,-25.84534],[-52.06788,-25.79427],[-52.07585,-25.78327],[-52.08042,-25.7826],[-52.09446,-25.78817],[-52.0961,-25.78874]]}},{"type":"Feature","properties":{"nome":"SECC LT 525 kV Blumenau - Curitiba Leste, C1 (CD), na SE Joinville Sul","tensao":525,"ano":2025,"planejada":true},"geometry":{"type":"MultiLineString","coordinates":[[[-49.19309,-26.43475],[-49.1943,-26.43699]],[[-49.19309,-26.43475],[-49.19444,-26.43342]],[[-48.94793,-26.39215],[-48.94784,-26.39585],[-48.97009,-26.40812],[-48.97763,-26.42193],[-49.00983,-26.43566],[-49.02582,-26.43008],[-49.04089,-26.4372],[-49.05441,-26.43854],[-49.06014,-26.43723],[-49.06339,-26.43818],[-49.06759,-26.43734],[-49.07097,-26.44061],[-49.08003,-26.44232],[-49.09614,-26.43533],[-49.1013,-26.43415],[-49.10561,-26.43155],[-49.11038,-26.42952],[-49.12876,-26.42831],[-49.14904,-26.42015],[-49.16497,-26.42448],[-49.16715,-26.42573],[-49.17156,-26.42976],[-49.18024,-26.43015],[-49.18462,-26.43234],[-49.18885,-26.43544],[-49.19309,-26.43475]]]}},{"type":"Feature","properties":{"nome":"SECC LT 230 kV Blumenau - Joinville Norte, C1 (CD), na SE Joinville Sul","tensao":230,"ano":2025,"planejada":true},"geometry":{"type":"LineString","coordinates":[[-48.94763,-26.38876],[-48.94761,-26.3873],[-48.94906,-26.38584],[-48.94984,-26.38547]]}},{"type":"Feature","properties":{"nome":"SECC LT 525 kV Blumenau - Curitiba, C1 (CD), na SE Joinville Sul","tensao":525,"ano":2025,"planejada":true},"geometry":{"type":"MultiLineString","coordinates":[[[-49.18333,-26.42921],[-49.18252,-26.42766]],[[-49.18252,-26.42766],[-49.18398,-26.42658]],[[-49.18252,-26.42766],[-49.17907,-26.42908],[-49.17185,-26.42912],[-49.16754,-26.42517],[-49.1653,-26.42383],[-49.15503,-26.42104],[-49.14899,-26.4195],[-49.12606,-26.42709],[-49.11255,-26.42622],[-49.10054,-26.43362],[-49.08213,-26.43772],[-49.07748,-26.43722],[-49.07138,-26.43217],[-49.06601,-26.43199],[-49.05777,-26.43694],[-49.04643,-26.43641],[-49.03988,-26.43595],[-49.02622,-26.42911],[-49.0098,-26.43469],[-48.98384,-26.42361],[-48.98091,-26.42251],[-48.97815,-26.42129],[-48.97656,-26.41819],[-48.97037,-26.40683],[-48.95425,-26.39825],[-48.94849,-26.39496],[-48.94853,-26.39217]]]}},{"type":"Feature","properties":{"nome":"LT 525 kV Cascavel Oeste - Segredo, C1","tensao":525,"ano":2029,"planejada":true},"geometry":{"type":"LineString","coordinates":[[-52.09635,-25.78794],[-52.09494,-25.78722],[-52.0938,-25.78552],[-52.09376,-25.78403],[-52.10848,-25.76563],[-52.16254,-25.72115],[-52.21555,-25.68341],[-52.28533,-25.62296],[-52.29118,-25.61345],[-52.30168,-25.60531],[-52.42019,-25.5606],[-52.47127,-25.54267],[-52.51314,-25.52641],[-52.51991,-25.52359],[-52.55303,-25.50683],[-52.58444,-25.49659],[-52.59192,-25.49391],[-52.63516,-25.47686],[-52.67766,-25.4647],[-52.73077,-25.44108],[-52.75265,-25.42724],[-52.80553,-25.40582],[-52.88631,-25.36249],[-52.90469,-25.35605],[-52.92779,-25.34286],[-52.96913,-25.32603],[-53.09155,-25.26658],[-53.16839,-25.23578],[-53.27687,-25.19334],[-53.356,-25.14879],[-53.37171,-25.14112],[-53.38944,-25.12814],[-53.47412,-25.07934],[-53.52534,-25.04319],[-53.53745,-25.03744],[-53.54025,-25.03297],[-53.53812,-25.02847],[-53.53451,-25.02859]]}},{"type":"Feature","properties":{"nome":"LT 230 kV Itararé II - Capão Bonito, C1","tensao":230,"ano":2028,"planejada":true},"geometry":{"type":"LineString","coordinates":[[-49.31183,-24.10079],[-49.31138,-24.09983],[-49.29826,-24.09904],[-49.22643,-24.06811],[-49.19907,-24.06396],[-49.19366,-24.06352],[-49.17357,-24.06028],[-49.15547,-24.04933],[-49.12294,-24.04405],[-49.1041,-24.03518],[-49.09961,-24.03427],[-49.08055,-24.03982],[-49.07379,-24.03969],[-49.06108,-24.04561],[-49.0375,-24.05429],[-49.03028,-24.05859],[-49.02496,-24.05898],[-49.0163,-24.05747],[-48.93614,-24.05736],[-48.91374,-24.05717],[-48.89641,-24.06076],[-48.88874,-24.05876],[-48.88498,-24.05691],[-48.87445,-24.05682],[-48.86114,-24.0523],[-48.81853,-24.03815],[-48.81249,-24.03719],[-48.79157,-24.04166],[-48.73921,-24.05581],[-48.73082,-24.05356],[-48.71774,-24.05081],[-48.6729,-24.04918],[-48.61907,-24.03985],[-48.60668,-24.04053],[-48.58886,-24.04395],[-48.57296,-24.04183],[-48.56902,-24.04022],[-48.56274,-24.04087],[-48.55441,-24.03847],[-48.53796,-24.04369],[-48.5076,-24.04531],[-48.49444,-24.04538],[-48.43241,-24.03311],[-48.42107,-24.02913],[-48.40714,-24.01994],[-48.39863,-24.01554],[-48.36249,-23.98851],[-48.35857,-23.98126],[-48.35615,-23.98078],[-48.34703,-23.98453],[-48.34558,-23.98564],[-48.34557,-23.98656],[-48.34514,-23.98692]]}},{"type":"Feature","properties":{"nome":"LT 525 kV Bateias - Curitiba Leste, C1 e C2 (CD)","tensao":525,"ano":2026,"planejada":true},"geometry":{"type":"LineString","coordinates":[[-49.53599,-25.40968],[-49.53661,-25.40824],[-49.54001,-25.40121],[-49.5359,-25.39566],[-49.5277,-25.39432],[-49.52626,-25.3923],[-49.5205,-25.39039],[-49.5151,-25.38839],[-49.48373,-25.37897],[-49.47317,-25.36238],[-49.46205,-25.35481],[-49.45637,-25.35399],[-49.43496,-25.34672],[-49.42575,-25.34004],[-49.37819,-25.32691],[-49.35883,-25.31067],[-49.33124,-25.31132],[-49.3171,-25.30718],[-49.29871,-25.30515],[-49.2931,-25.30611],[-49.28316,-25.30485],[-49.24425,-25.31571],[-49.23562,-25.32241],[-49.22676,-25.32117],[-49.21863,-25.3165],[-49.21531,-25.3159],[-49.20777,-25.31669],[-49.19735,-25.32458],[-49.19211,-25.32543],[-49.18882,-25.32515],[-49.18097,-25.33059],[-49.15911,-25.33539],[-49.15561,-25.33666],[-49.15466,-25.34069],[-49.15477,-25.34474],[-49.14742,-25.34891],[-49.14606,-25.35474],[-49.14236,-25.35955],[-49.13894,-25.36885],[-49.13957,-25.37311],[-49.13351,-25.37984],[-49.13225,-25.38665],[-49.12907,-25.39069],[-49.12296,-25.40363],[-49.12277,-25.41735],[-49.11794,-25.4435],[-49.11924,-25.45615],[-49.11246,-25.47214],[-49.10485,-25.48015],[-49.09436,-25.48228],[-49.07475,-25.49185],[-49.06886,-25.50028],[-49.06856,-25.51439],[-49.06535,-25.52071],[-49.06506,-25.52828],[-49.06404,-25.5345],[-49.06463,-25.5484],[-49.06543,-25.55721],[-49.0742,-25.57161],[-49.07746,-25.5722],[-49.07831,-25.5722]]}},{"type":"Feature","properties":{"nome":"SECC LT 525 kV Ponta Grossa - Bateias, C1 na SE Curitiba Oeste","tensao":525,"ano":2029,"planejada":true},"geometry":{"type":"MultiLineString","coordinates":[[[-49.82351,-25.62964],[-49.82058,-25.62871],[-49.81697,-25.62277],[-49.8244,-25.59519],[-49.8264,-25.58376],[-49.82869,-25.55364],[-49.83036,-25.53892],[-49.83046,-25.53396],[-49.83389,-25.49962],[-49.83186,-25.4801],[-49.83021,-25.47883]],[[-49.82366,-25.62937],[-49.82097,-25.62817],[-49.81765,-25.62269],[-49.82504,-25.5953],[-49.82703,-25.58383],[-49.82934,-25.55369],[-49.83102,-25.53895],[-49.83109,-25.53399],[-49.83452,-25.49972],[-49.8414,-25.47986],[-49.84326,-25.47804]]]}},{"type":"Feature","properties":{"nome":"LT 500 kV Assis - Ponta Grossa, C1 e C2 (CD)","tensao":500,"ano":2027,"planejada":true},"geometry":{"type":"LineString","coordinates":[[-50.32194,-25.08881],[-50.32236,-25.08817],[-50.33176,-25.07582],[-50.35536,-25.05986],[-50.35827,-25.05824],[-50.36066,-25.04623],[-50.35366,-25.00038],[-50.35564,-24.91946],[-50.35956,-24.87288],[-50.36015,-24.86873],[-50.36033,-24.86388],[-50.36229,-24.84061],[-50.36114,-24.82084],[-50.36445,-24.8145],[-50.37223,-24.72236],[-50.3645,-24.68294],[-50.37005,-24.54166],[-50.37146,-24.49384],[-50.37005,-24.48586],[-50.37021,-24.46439],[-50.37258,-24.45309],[-50.37355,-24.42111],[-50.31216,-24.31779],[-50.32171,-24.22368],[-50.32203,-24.2212],[-50.31723,-24.12021],[-50.31277,-24.11058],[-50.30007,-24.10125],[-50.30029,-24.0992],[-50.30091,-24.0985],[-50.30187,-24.09663],[-50.30463,-24.09168],[-50.30418,-24.07845],[-50.29901,-24.00599],[-50.2984,-24.00388],[-50.29957,-23.99454],[-50.30036,-23.97105],[-50.30367,-23.95915],[-50.30662,-23.94222],[-50.30512,-23.92775],[-50.30796,-23.91023],[-50.30894,-23.90781],[-50.30883,-23.90586],[-50.30804,-23.90285],[-50.30862,-23.8958],[-50.30771,-23.87591],[-50.31111,-23.86495],[-50.31214,-23.85233],[-50.30185,-23.80697],[-50.31298,-23.76299],[-50.3194,-23.75113],[-50.33094,-23.71791],[-50.32048,-23.7005],[-50.32484,-23.6136],[-50.32163,-23.60251],[-50.32602,-23.58891],[-50.32845,-23.53963],[-50.32361,-23.51278],[-50.32779,-23.49187],[-50.32333,-23.44842],[-50.32515,-23.41579],[-50.32463,-23.39844],[-50.2929,-23.34117],[-50.28289,-23.30854],[-50.27548,-23.26344],[-50.27672,-23.25051],[-50.27028,-23.22851],[-50.26966,-23.21209],[-50.28361,-23.17938],[-50.29176,-23.09568],[-50.2925,-23.08662],[-50.29259,-23.0813],[-50.29329,-23.07789],[-50.29911,-23.01091],[-50.3061,-22.94118],[-50.34242,-22.86016],[-50.34334,-22.81963],[-50.34021,-22.80922],[-50.34422,-22.77906],[-50.35042,-22.75124],[-50.35306,-22.73488],[-50.36658,-22.70801],[-50.36979,-22.70281],[-50.37319,-22.69635],[-50.36977,-22.67863],[-50.35437,-22.66776],[-50.35388,-22.66727]]}},{"type":"Feature","properties":{"nome":"LT 500 kV Itaberá - Curitiba Oeste, C1 e C2 (CS)","tensao":500,"ano":0,"planejada":true},"geometry":{"type":"LineString","coordinates":[[-49.82619,-25.63002],[-49.69964,-25.22943],[-49.57449,-25.00312],[-49.48068,-24.73072],[-49.40574,-24.48426],[-49.13209,-23.95138]]}},{"type":"Feature","properties":{"nome":"LT 525 kV Curitiba Oeste - Abdon Batista 2, C2","tensao":525,"ano":0,"planejada":true},"geometry":{"type":"LineString","coordinates":[[-51.00798,-27.5272],[-50.93064,-27.40927],[-50.78592,-27.20522],[-50.65028,-27.06016],[-50.36939,-26.59245],[-50.01533,-25.9779],[-49.82619,-25.63002]]}},{"type":"Feature","properties":{"nome":"LT 525 kV Curitiba Oeste - Joinville Sul, C1","tensao":525,"ano":0,"planejada":true},"geometry":{"type":"LineString","coordinates":[[-48.94659,-26.38911],[-49.02326,-26.26068],[-49.18427,-26.18305],[-49.82619,-25.63002]]}},{"type":"Feature","properties":{"nome":"LT 500 kV Itabera - Itaporanga 2, C1, C2 e C3 (CS)","tensao":500,"ano":0,"planejada":true},"geometry":{"type":"LineString","coordinates":[[-49.13209,-23.95138],[-49.37112,-23.68996]]}},{"type":"Feature","properties":{"nome":"LT 600 kV Angicos - Itaporanga 2, C1","tensao":600,"ano":0,"planejada":true},"geometry":{"type":"LineString","coordinates":[[-49.3712,-23.68991],[-49.30339,-23.19928],[-48.85483,-22.66991],[-47.17516,-20.45458],[-46.96018,-20.04958],[-45.70765,-18.87451],[-45.21349,-18.25393],[-43.5125,-16.72918],[-42.76743,-14.90887],[-41.12169,-13.89199],[-38.05928,-10.15221],[-37.74629,-9.62439],[-37.11293,-6.22468],[-36.53053,-5.5816]]}},{"type":"Feature","properties":{"nome":"LT 500 kV Araraquara 2 - Itaporanga 2, C1","tensao":500,"ano":0,"planejada":true},"geometry":{"type":"LineString","coordinates":[[-49.37112,-23.68996],[-49.28688,-23.51934],[-49.28319,-23.21695],[-49.05566,-22.9758],[-48.8965,-22.8503],[-48.41202,-22.17957],[-48.34422,-21.95189],[-48.34967,-21.83357]]}},{"type":"Feature","properties":{"nome":"LT 500 kV Rio Brilhante - Sarandi, C1 e C2 (CD)","tensao":500,"ano":2029,"planejada":true},"geometry":{"type":"LineString","coordinates":[[-53.81834,-21.53498],[-53.81675,-21.53579],[-53.81406,-21.53609],[-53.80989,-21.53783],[-53.80592,-21.54186],[-53.78047,-21.57018],[-53.78292,-21.62135],[-53.74288,-21.70857],[-53.69116,-21.79331],[-53.59024,-21.87537],[-53.49784,-21.99238],[-53.44673,-22.05111],[-53.41593,-22.07379],[-53.28499,-22.14872],[-53.24599,-22.29196],[-53.22594,-22.35684],[-53.19951,-22.39106],[-53.10203,-22.46674],[-53.08312,-22.47415],[-53.07608,-22.47484],[-53.03826,-22.48872],[-53.03672,-22.49102],[-53.00491,-22.50254],[-52.99291,-22.50732],[-52.97586,-22.54762],[-52.93972,-22.59587],[-52.91858,-22.61903],[-52.90559,-22.6595],[-52.88417,-22.69243],[-52.8797,-22.70023],[-52.82817,-22.73617],[-52.64394,-22.83395],[-52.61067,-22.84897],[-52.40105,-22.97677],[-52.30847,-23.01122],[-52.20805,-23.08574],[-52.17973,-23.09977],[-52.16474,-23.10769],[-52.15194,-23.11585],[-52.11479,-23.13771],[-52.07146,-23.17585],[-52.02359,-23.21973],[-51.94319,-23.29731],[-51.92739,-23.31421],[-51.89424,-23.34137],[-51.88575,-23.35948],[-51.87004,-23.3758],[-51.85033,-23.40433],[-51.83468,-23.41643],[-51.82674,-23.43506],[-51.81925,-23.44264],[-51.81943,-23.44515],[-51.82208,-23.44612],[-51.82323,-23.44553]]}},{"type":"Feature","properties":{"nome":"LT 230 kV Curitiba Oeste - Barigui 2, C1 e C2 (CD) - Aéreo","tensao":230,"ano":2037,"planejada":true},"geometry":{"type":"LineString","coordinates":[[-49.82152,-25.63034],[-49.81229,-25.62766],[-49.75512,-25.65175],[-49.71053,-25.66323],[-49.68404,-25.66867],[-49.66449,-25.67017],[-49.64507,-25.66467],[-49.63578,-25.65907],[-49.61968,-25.65179],[-49.61592,-25.64811],[-49.61298,-25.64672],[-49.60288,-25.6449],[-49.59441,-25.64066],[-49.57678,-25.63377],[-49.56548,-25.62066],[-49.56105,-25.60976],[-49.56027,-25.60617],[-49.56169,-25.59675],[-49.56099,-25.58691],[-49.55506,-25.57979],[-49.5418,-25.57287],[-49.53401,-25.56731],[-49.52405,-25.56431],[-49.5054,-25.55611],[-49.49965,-25.55513],[-49.49247,-25.55251],[-49.48477,-25.5515],[-49.48117,-25.55006],[-49.46555,-25.53366],[-49.45919,-25.53045],[-49.44686,-25.52909],[-49.39579,-25.51623],[-49.38902,-25.51219],[-49.38538,-25.5061],[-49.38054,-25.50275],[-49.37654,-25.49604],[-49.36427,-25.49042],[-49.36161,-25.48989],[-49.36043,-25.48857],[-49.36053,-25.48699]]}},{"type":"Feature","properties":{"nome":"LT 230 kV Curitiba Oeste - Barigui 2, C1 e C2 (CD) - Subterrâneo","tensao":230,"ano":2037,"planejada":true},"geometry":{"type":"LineString","coordinates":[[-49.36053,-25.48699],[-49.35929,-25.48686],[-49.35721,-25.48692],[-49.35623,-25.48586],[-49.35565,-25.48648],[-49.35498,-25.48688],[-49.34818,-25.48447],[-49.34704,-25.48431],[-49.34401,-25.48357],[-49.34397,-25.47718],[-49.34414,-25.4766],[-49.34404,-25.47652]]}},{"type":"Feature","properties":{"nome":"SECC LT 230 kV Campo Comprido - Cidade Industrial de Curitiba, C1 na SE Curitiba Oeste - Aéreo","tensao":230,"ano":2037,"planejada":true},"geometry":{"type":"LineString","coordinates":[[-49.82159,-25.62993],[-49.81226,-25.62721],[-49.75497,-25.65135],[-49.7104,-25.66284],[-49.68397,-25.66826],[-49.66454,-25.66974],[-49.64527,-25.66429],[-49.63601,-25.65871],[-49.61996,-25.65145],[-49.6162,-25.64777],[-49.61314,-25.64632],[-49.60305,-25.64451],[-49.59461,-25.64029],[-49.57707,-25.63343],[-49.56589,-25.62046],[-49.56149,-25.60964],[-49.56073,-25.60616],[-49.56216,-25.59677],[-49.56144,-25.58676],[-49.55537,-25.57948],[-49.54206,-25.57252],[-49.53423,-25.56694],[-49.52423,-25.56393],[-49.50554,-25.55571],[-49.49976,-25.55472],[-49.48877,-25.55073],[-49.48513,-25.54843],[-49.48187,-25.54511],[-49.47244,-25.53926],[-49.46583,-25.53332],[-49.44318,-25.52212],[-49.42493,-25.5174],[-49.41198,-25.51147],[-49.39482,-25.50907],[-49.38573,-25.5058],[-49.38089,-25.50237],[-49.37696,-25.49573],[-49.3645,-25.49003],[-49.36191,-25.48952],[-49.36098,-25.48848],[-49.36085,-25.48693]]}},{"type":"Feature","properties":{"nome":"SECC LT 230 kV Campo Comprido - Cidade Industrial de Curitiba, C1 na SE Curitiba Oeste - Subterrâneo","tensao":230,"ano":2037,"planejada":true},"geometry":{"type":"LineString","coordinates":[[-49.36085,-25.48693],[-49.35929,-25.4868],[-49.35722,-25.48688],[-49.35541,-25.48496],[-49.35339,-25.48415],[-49.34971,-25.48047]]}},{"type":"Feature","properties":{"nome":"LT 230 kV Curitiba Oeste - Barigui 2, C1 e C2 (CD) - Aéreo","tensao":230,"ano":2037,"planejada":true},"geometry":{"type":"LineString","coordinates":[[-49.82152,-25.63034],[-49.81229,-25.62766],[-49.75512,-25.65175],[-49.71053,-25.66323],[-49.68404,-25.66867],[-49.66449,-25.67017],[-49.64507,-25.66467],[-49.63578,-25.65907],[-49.61968,-25.65179],[-49.61592,-25.64811],[-49.61298,-25.64672],[-49.60288,-25.6449],[-49.59441,-25.64066],[-49.57678,-25.63377],[-49.56548,-25.62066],[-49.56105,-25.60976],[-49.56027,-25.60617],[-49.56169,-25.59675],[-49.56099,-25.58691],[-49.55506,-25.57979],[-49.5418,-25.57287],[-49.53401,-25.56731],[-49.52405,-25.56431],[-49.5054,-25.55611],[-49.49965,-25.55513],[-49.49247,-25.55251],[-49.48477,-25.5515],[-49.48117,-25.55006],[-49.46555,-25.53366],[-49.45919,-25.53045],[-49.44686,-25.52909],[-49.39579,-25.51623],[-49.38902,-25.51219],[-49.38538,-25.5061],[-49.38054,-25.50275],[-49.37654,-25.49604],[-49.36427,-25.49042],[-49.36161,-25.48989],[-49.36043,-25.48857],[-49.36053,-25.48699]]}},{"type":"Feature","properties":{"nome":"LT 230 kV Curitiba Oeste - Barigui 2, C1 e C2 (CD) - Subterrâneo","tensao":230,"ano":2037,"planejada":true},"geometry":{"type":"LineString","coordinates":[[-49.36053,-25.48699],[-49.35929,-25.48686],[-49.35721,-25.48692],[-49.35623,-25.48586],[-49.35565,-25.48648],[-49.35498,-25.48688],[-49.34818,-25.48447],[-49.34704,-25.48431],[-49.34401,-25.48357],[-49.34397,-25.47718],[-49.34414,-25.4766],[-49.34404,-25.47652]]}},{"type":"Feature","properties":{"nome":"SECC LT 230 kV Campo Comprido - Cidade Industrial de Curitiba, C1 na SE Curitiba Oeste - Aéreo","tensao":230,"ano":2037,"planejada":true},"geometry":{"type":"LineString","coordinates":[[-49.82159,-25.62993],[-49.81226,-25.62721],[-49.75497,-25.65135],[-49.7104,-25.66284],[-49.68397,-25.66826],[-49.66454,-25.66974],[-49.64527,-25.66429],[-49.63601,-25.65871],[-49.61996,-25.65145],[-49.6162,-25.64777],[-49.61314,-25.64632],[-49.60305,-25.64451],[-49.59461,-25.64029],[-49.57707,-25.63343],[-49.56589,-25.62046],[-49.56149,-25.60964],[-49.56073,-25.60616],[-49.56216,-25.59677],[-49.56144,-25.58676],[-49.55537,-25.57948],[-49.54206,-25.57252],[-49.53423,-25.56694],[-49.52423,-25.56393],[-49.50554,-25.55571],[-49.49976,-25.55472],[-49.48877,-25.55073],[-49.48513,-25.54843],[-49.48187,-25.54511],[-49.47244,-25.53926],[-49.46583,-25.53332],[-49.44318,-25.52212],[-49.42493,-25.5174],[-49.41198,-25.51147],[-49.39482,-25.50907],[-49.38573,-25.5058],[-49.38089,-25.50237],[-49.37696,-25.49573],[-49.3645,-25.49003],[-49.36191,-25.48952],[-49.36098,-25.48848],[-49.36085,-25.48693]]}},{"type":"Feature","properties":{"nome":"SECC LT 230 kV Campo Comprido - Cidade Industrial de Curitiba, C1 na SE Curitiba Oeste - Subterrâneo","tensao":230,"ano":2037,"planejada":true},"geometry":{"type":"LineString","coordinates":[[-49.36085,-25.48693],[-49.35929,-25.4868],[-49.35722,-25.48688],[-49.35541,-25.48496],[-49.35339,-25.48415],[-49.34971,-25.48047]]}},{"type":"Feature","properties":{"nome":"SECC LT 230 kV Foz do Iguaçu Norte - Medianeira Norte, C1 na SE Iguaçu (CD)","tensao":230,"ano":2035,"planejada":true},"geometry":{"type":"LineString","coordinates":[[-54.48196,-25.46587],[-54.47909,-25.4718],[-54.47852,-25.47158]]}},{"type":"Feature","properties":{"nome":"SECC LT 230 kV Foz do Iguaçu Norte - Medianeira Norte, C2 na SE Iguaçu (CD)","tensao":230,"ano":2035,"planejada":true},"geometry":{"type":"LineString","coordinates":[[-54.47862,-25.47129],[-54.4789,-25.47137],[-54.48182,-25.46523]]}},{"type":"Feature","properties":{"nome":"SECC LT 525 kV Foz do Iguaçu - Cascavel Oeste, C1 na SE Iguaçu  (CD)","tensao":525,"ano":2035,"planejada":true},"geometry":{"type":"LineString","coordinates":[[-54.4809,-25.46455],[-54.47948,-25.46767]]}},{"type":"Feature","properties":{"nome":"LT 500 kV Assis - Marimbondo 2, C2","tensao":500,"ano":0,"planejada":true},"geometry":{"type":"LineString","coordinates":[[-49.2241,-20.25464],[-49.22417,-20.25561],[-49.22501,-20.25667],[-49.23855,-20.26537],[-49.25068,-20.29108],[-49.28192,-20.39974],[-49.35542,-20.52185],[-49.36193,-20.5287],[-49.38704,-20.57211],[-49.43517,-20.64696],[-49.47211,-20.6735],[-49.49395,-20.70935],[-49.55152,-20.77541],[-49.57817,-20.83253],[-49.60434,-20.85982],[-49.61948,-20.88899],[-49.64684,-20.91979],[-49.65623,-20.93297],[-49.69128,-20.9773],[-49.70037,-20.99178],[-49.7932,-21.07807],[-49.82864,-21.18563],[-49.8438,-21.21528],[-49.82882,-21.29859],[-49.84087,-21.31755],[-49.84944,-21.34136],[-49.93482,-21.51837],[-49.93435,-21.56036],[-49.94598,-21.66285],[-49.97828,-21.7594],[-50.02071,-21.80931],[-50.019,-21.88121],[-50.06561,-22.05924],[-50.07068,-22.06997],[-50.14352,-22.18644],[-50.1512,-22.19782],[-50.31551,-22.52904],[-50.33235,-22.63506],[-50.35103,-22.65994],[-50.35263,-22.66401],[-50.35164,-22.66568],[-50.35226,-22.66643]]}}]}