{"type":"FeatureCollection","otimizacao":{"tolerancia":2e-05,"casas":5},"features":[{"type":"Feature","properties":{"nome":"TI Rio Areia","etapa":"Regularizada","area_ha":1363.89},"geometry":{"type":"Polygon","coordinates":[[[-51.24876,-25.77642],[-51.25922,-25.76888],[-51.26171,-25.76656],[-51.26441,-25.76486],[-51.26997,-25.76034],[-51.25682,-25.75247],[-51.23643,-25.74293],[-51.23654,-25.74328],[-51.23638,-25.74365],[-51.23596,-25.74385],[-51.23414,-25.74375],[-51.2339,-25.74388],[-51.23332,-25.74487],[-51.23144,-25.74711],[-51.22979,-25.74843],[-51.22939,-25.74855],[-51.22847,-25.74833],[-51.22755,-25.74782],[-51.22711,-25.7472],[-51.22718,-25.74663],[-51.22664,-25.74631],[-51.22591,-25.74628],[-51.22521,-25.74601],[-51.22484,-25.74609],[-51.22378,-25.74579],[-51.22056,-25.74579],[-51.21885,-25.74502],[-51.2177,-25.74368],[-51.21624,-25.74256],[-51.21512,-25.74144],[-51.21442,-25.74007],[-51.21375,-25.73972],[-51.2134,-25.73982],[-51.21295,-25.74087],[-51.21107,-25.74297],[-51.21015,-25.74539],[-51.20992,-25.74688],[-51.21004,-25.74721],[-51.21039,-25.74748],[-51.21141,-25.74768],[-51.2132,-25.74745],[-51.2151,-25.74696],[-51.2154,-25.74705],[-51.21564,-25.74778],[-51.21561,-25.74884],[-51.2183,-25.75214],[-51.21893,-25.75363],[-51.21923,-25.75505],[-51.21892,-25.75578],[-51.21885,-25.75711],[-51.21912,-25.7579],[-51.2197,-25.75843],[-51.21975,-25.75991],[-51.22004,-25.76093],[-51.22074,-25.76153],[-51.2223,-25.76234],[-51.22561,-25.76468],[-51.22681,-25.76505],[-51.22935,-25.76535],[-51.23158,-25.76528],[-51.23342,-25.76484],[-51.23459,-25.76523],[-51.23482,-25.7656],[-51.23474,-25.76632],[-51.23414,-25.76694],[-51.23355,-25.76892],[-51.23286,-25.76954],[-51.23114,-25.77029],[-51.23061,-25.77074],[-51.22967,-25.77118],[-51.22892,-25.77267],[-51.22862,-25.77279],[-51.22837,-25.77329],[-51.22822,-25.77557],[-51.22848,-25.77635],[-51.22897,-25.7768],[-51.22877,-25.77769],[-51.22898,-25.77963],[-51.2276,-25.78086],[-51.22718,-25.78146],[-51.2272,-25.78168],[-51.2288,-25.78322],[-51.22982,-25.78447],[-51.23091,-25.78454],[-51.23243,-25.78395],[-51.2333,-25.78414],[-51.23395,-25.78476],[-51.23464,-25.78677],[-51.23502,-25.7871],[-51.23659,-25.78774],[-51.23797,-25.78784],[-51.23964,-25.78757],[-51.24191,-25.78648],[-51.24241,-25.78575],[-51.24236,-25.78489],[-51.24027,-25.78016],[-51.24049,-25.77797],[-51.24118,-25.7762],[-51.24251,-25.77549],[-51.24599,-25.77497],[-51.24758,-25.77559],[-51.24876,-25.77642]]]}},{"type":"Feature","properties":{"nome":"TI Rio dos Pardos","etapa":"Regularizada","area_ha":731.63},"geometry":{"type":"Polygon","coordinates":[[[-50.97149,-26.48041],[-50.97176,-26.48087],[-50.97181,-26.48127],[-50.97162,-26.48162],[-50.97078,-26.48243],[-50.9695,-26.483],[-50.96942,-26.48313],[-50.96957,-26.48339],[-50.96932,-26.48375],[-50.96858,-26.48345],[-50.96795,-26.4846],[-50.96717,-26.48543],[-50.96577,-26.48499],[-50.96328,-26.49123],[-50.97593,-26.49447],[-50.97812,-26.48711],[-50.98971,-26.49127],[-50.99046,-26.49064],[-50.99137,-26.49109],[-50.99165,-26.49072],[-50.99217,-26.49051],[-50.99223,-26.48958],[-50.99265,-26.48886],[-50.99321,-26.48847],[-50.99326,-26.48781],[-50.99391,-26.48719],[-50.99452,-26.48632],[-50.99448,-26.48559],[-50.99511,-26.48498],[-50.99497,-26.48482],[-50.99544,-26.48482],[-50.9951,-26.48376],[-50.99519,-26.48335],[-50.99568,-26.48275],[-50.99566,-26.48121],[-50.99631,-26.4798],[-50.99624,-26.47786],[-50.99683,-26.47553],[-50.99833,-26.47214],[-50.99802,-26.47069],[-50.99809,-26.47021],[-50.99893,-26.46837],[-50.99891,-26.46788],[-50.99797,-26.4666],[-50.99687,-26.46614],[-50.99667,-26.46525],[-50.99688,-26.4646],[-50.99814,-26.46302],[-50.98967,-26.46187],[-50.98052,-26.4617],[-50.9804,-26.46205],[-50.97943,-26.4628],[-50.9794,-26.46327],[-50.97989,-26.46342],[-50.98018,-26.46418],[-50.98018,-26.46455],[-50.9799,-26.46474],[-50.97975,-26.46555],[-50.97932,-26.46652],[-50.9796,-26.46768],[-50.9795,-26.46837],[-50.97981,-26.46884],[-50.97947,-26.46947],[-50.97932,-26.46947],[-50.97885,-26.47013],[-50.97899,-26.47097],[-50.97854,-26.47143],[-50.97849,-26.47215],[-50.97743,-26.47289],[-50.97655,-26.47369],[-50.97663,-26.47394],[-50.97628,-26.47401],[-50.9762,-26.47426],[-50.97532,-26.47492],[-50.97523,-26.47517],[-50.97507,-26.47512],[-50.97488,-26.47528],[-50.97496,-26.47548],[-50.97382,-26.47633],[-50.97357,-26.47672],[-50.9736,-26.47712],[-50.97251,-26.47764],[-50.97233,-26.47946],[-50.97149,-26.48041]]]}},{"type":"Feature","properties":{"nome":"TI Barão de Antonina","etapa":"Regularizada","area_ha":3763.83},"geometry":{"type":"Polygon","coordinates":[[[-50.90709,-23.63906],[-50.90591,-23.63996],[-50.90492,-23.64015],[-50.90442,-23.64073],[-50.90381,-23.64088],[-50.90366,-23.64076],[-50.90347,-23.64096],[-50.90325,-23.641],[-50.90239,-23.6406],[-50.90153,-23.64074],[-50.9006,-23.64121],[-50.9001,-23.64079],[-50.89973,-23.64087],[-50.89921,-23.64109],[-50.89838,-23.64191],[-50.89798,-23.64201],[-50.89762,-23.64188],[-50.89682,-23.64113],[-50.89615,-23.64105],[-50.89547,-23.64059],[-50.89498,-23.6406],[-50.89264,-23.6415],[-50.89054,-23.64184],[-50.88834,-23.6433],[-50.8877,-23.64329],[-50.88567,-23.64235],[-50.88525,-23.6424],[-50.88444,-23.64276],[-50.8822,-23.64539],[-50.88045,-23.64652],[-50.88007,-23.64656],[-50.87878,-23.64753],[-50.87777,-23.64708],[-50.87665,-23.64598],[-50.87641,-23.64555],[-50.87628,-23.64452],[-50.87578,-23.64326],[-50.87395,-23.64116],[-50.87294,-23.64051],[-50.87209,-23.64024],[-50.87089,-23.63959],[-50.86946,-23.63966],[-50.86808,-23.64007],[-50.86644,-23.64101],[-50.86509,-23.6409],[-50.86366,-23.64039],[-50.86186,-23.64052],[-50.86132,-23.64038],[-50.86061,-23.63982],[-50.8596,-23.63974],[-50.8587,-23.63997],[-50.85756,-23.64085],[-50.8559,-23.64149],[-50.8555,-23.6425],[-50.85451,-23.64327],[-50.85424,-23.64411],[-50.85346,-23.64533],[-50.85337,-23.64613],[-50.85162,-23.64834],[-50.85155,-23.65013],[-50.85128,-23.65066],[-50.8505,-23.65114],[-50.84743,-23.64956],[-50.84546,-23.6512],[-50.83634,-23.65589],[-50.83537,-23.65667],[-50.83298,-23.65801],[-50.83204,-23.65879],[-50.83016,-23.65898],[-50.82852,-23.65894],[-50.82725,-23.6593],[-50.82699,-23.65947],[-50.82724,-23.66149],[-50.82838,-23.66519],[-50.82898,-23.66591],[-50.82987,-23.66651],[-50.83215,-23.66735],[-50.83336,-23.66751],[-50.83466,-23.66827],[-50.83637,-23.67106],[-50.83779,-23.67255],[-50.84015,-23.67442],[-50.84051,-23.67491],[-50.84123,-23.67611],[-50.84116,-23.67843],[-50.8409,-23.67992],[-50.84177,-23.68195],[-50.84221,-23.68243],[-50.84264,-23.68215],[-50.84345,-23.68214],[-50.8444,-23.68289],[-50.8462,-23.68282],[-50.84746,-23.68359],[-50.84818,-23.68349],[-50.84912,-23.68303],[-50.85022,-23.6839],[-50.85127,-23.68434],[-50.85491,-23.68406],[-50.85566,-23.68437],[-50.85647,-23.68446],[-50.85856,-23.68528],[-50.86023,-23.68702],[-50.86023,-23.68735],[-50.85979,-23.68804],[-50.86029,-23.68901],[-50.8606,-23.68927],[-50.8611,-23.6893],[-50.86132,-23.6896],[-50.86137,-23.69],[-50.86101,-23.69134],[-50.86169,-23.69357],[-50.86138,-23.69452],[-50.8614,-23.69492],[-50.862,-23.69503],[-50.8622,-23.69544],[-50.86234,-23.69545],[-50.86387,-23.69414],[-50.86466,-23.69433],[-50.86519,-23.69464],[-50.86554,-23.69502],[-50.86602,-23.69608],[-50.86716,-23.69897],[-50.86757,-23.69945],[-50.86806,-23.69951],[-50.86837,-23.69932],[-50.86957,-23.69782],[-50.87001,-23.69654],[-50.87056,-23.69645],[-50.87303,-23.69699],[-50.87379,-23.69619],[-50.87482,-23.69559],[-50.8752,-23.6957],[-50.87562,-23.69611],[-50.87613,-23.69719],[-50.87631,-23.69725],[-50.87676,-23.69709],[-50.87684,-23.69678],[-50.87622,-23.69638],[-50.87562,-23.69556],[-50.87536,-23.6949],[-50.87535,-23.69412],[-50.87615,-23.69033],[-50.87695,-23.68878],[-50.87729,-23.68758],[-50.87826,-23.68543],[-50.87846,-23.68414],[-50.87813,-23.68136],[-50.87842,-23.68054],[-50.87947,-23.67952],[-50.88031,-23.6793],[-50.88095,-23.67854],[-50.88203,-23.67781],[-50.88425,-23.67566],[-50.88794,-23.6744],[-50.89339,-23.67381],[-50.89668,-23.67446],[-50.89805,-23.67434],[-50.89871,-23.67447],[-50.90042,-23.67517],[-50.90199,-23.67546],[-50.90315,-23.67602],[-50.90357,-23.67608],[-50.90473,-23.67597],[-50.90631,-23.67532],[-50.90849,-23.67474],[-50.90987,-23.67416],[-50.91108,-23.67311],[-50.91428,-23.67101],[-50.91499,-23.67018],[-50.91531,-23.66955],[-50.91542,-23.66872],[-50.91586,-23.66779],[-50.91646,-23.66744],[-50.91791,-23.66587],[-50.91935,-23.66476],[-50.92053,-23.66355],[-50.92075,-23.66264],[-50.92042,-23.66078],[-50.91904,-23.65896],[-50.91859,-23.65819],[-50.91863,-23.65782],[-50.91834,-23.65728],[-50.919,-23.65531],[-50.9194,-23.65468],[-50.92138,-23.65305],[-50.92142,-23.65144],[-50.92237,-23.6502],[-50.9224,-23.64919],[-50.92193,-23.64577],[-50.92168,-23.64549],[-50.92154,-23.6448],[-50.92155,-23.64411],[-50.9217,-23.64383],[-50.92159,-23.64257],[-50.9213,-23.64211],[-50.92107,-23.64088],[-50.92121,-23.64017],[-50.92169,-23.63965],[-50.92175,-23.63771],[-50.92261,-23.63632],[-50.92272,-23.63595],[-50.92259,-23.63559],[-50.92359,-23.6333],[-50.92361,-23.63148],[-50.92378,-23.63049],[-50.92249,-23.63039],[-50.92143,-23.62925],[-50.92053,-23.62902],[-50.92007,-23.62918],[-50.92036,-23.62965],[-50.92058,-23.62967],[-50.92055,-23.62986],[-50.91592,-23.62987],[-50.91471,-23.63046],[-50.91237,-23.63085],[-50.91176,-23.63111],[-50.91089,-23.63247],[-50.91074,-23.63331],[-50.91081,-23.63388],[-50.91066,-23.63414],[-50.91041,-23.63412],[-50.91008,-23.63437],[-50.91028,-23.63566],[-50.90992,-23.6365],[-50.90735,-23.63827],[-50.90709,-23.63906]]]}},{"type":"Feature","properties":{"nome":"TI Boa Vista - PR","etapa":"Declarada","area_ha":5989.15},"geometry":{"type":"MultiPolygon","coordinates":[[[[-52.3635,-25.21036],[-52.36344,-25.20978],[-52.36305,-25.20926],[-52.36186,-25.20873],[-52.36081,-25.20873],[-52.35806,-25.20975],[-52.35708,-25.20967],[-52.35689,-25.20951],[-52.35668,-25.20884],[-52.35671,-25.20836],[-52.34273,-25.21687],[-52.34245,-25.20965],[-52.34148,-25.20749],[-52.35949,-25.196],[-52.36652,-25.20086],[-52.36641,-25.20112],[-52.36515,-25.20208],[-52.36426,-25.20302],[-52.36422,-25.2038],[-52.36459,-25.20411],[-52.37307,-25.19911],[-52.38043,-25.19541],[-52.3803,-25.195],[-52.38071,-25.19406],[-52.38068,-25.19364],[-52.38046,-25.19306],[-52.38,-25.19266],[-52.38,-25.19208],[-52.38181,-25.19107],[-52.38255,-25.19045],[-52.38312,-25.18968],[-52.38304,-25.18929],[-52.38276,-25.18907],[-52.38122,-25.1894],[-52.38081,-25.18921],[-52.38095,-25.18857],[-52.38195,-25.18754],[-52.38207,-25.18703],[-52.38196,-25.18649],[-52.38158,-25.18609],[-52.38057,-25.1861],[-52.37968,-25.1864],[-52.37903,-25.18636],[-52.37885,-25.18617],[-52.37874,-25.18558],[-52.37985,-25.18458],[-52.37995,-25.18432],[-52.37955,-25.18308],[-52.3787,-25.18163],[-52.37821,-25.18143],[-52.3776,-25.18154],[-52.37629,-25.18335],[-52.37573,-25.18352],[-52.37515,-25.18351],[-52.37461,-25.18319],[-52.37407,-25.18254],[-52.37372,-25.1816],[-52.37342,-25.18033],[-52.37355,-25.17966],[-52.37453,-25.17825],[-52.37698,-25.17694],[-52.37846,-25.17574],[-52.37918,-25.17455],[-52.3793,-25.174],[-52.37908,-25.17354],[-52.3786,-25.17318],[-52.37765,-25.17283],[-52.37686,-25.17158],[-52.3759,-25.17112],[-52.37608,-25.17017],[-52.37585,-25.16965],[-52.375,-25.16968],[-52.37291,-25.17026],[-52.37203,-25.17034],[-52.37152,-25.16967],[-52.37138,-25.16887],[-52.37166,-25.16831],[-52.3728,-25.16695],[-52.3728,-25.16674],[-52.37269,-25.16651],[-52.37183,-25.16593],[-52.37097,-25.16574],[-52.36974,-25.16597],[-52.36867,-25.16651],[-52.36766,-25.16726],[-52.3671,-25.16741],[-52.36662,-25.1671],[-52.36618,-25.16569],[-52.36576,-25.16525],[-52.36518,-25.16524],[-52.36417,-25.16623],[-52.36334,-25.16605],[-52.36281,-25.16549],[-52.36243,-25.16468],[-52.36246,-25.1618],[-52.36139,-25.16025],[-52.36126,-25.16056],[-52.361,-25.16056],[-52.36051,-25.16087],[-52.35918,-25.16195],[-52.35845,-25.16185],[-52.35826,-25.16159],[-52.35801,-25.16024],[-52.35699,-25.15735],[-52.35679,-25.15694],[-52.35634,-25.15658],[-52.35534,-25.15688],[-52.35491,-25.15742],[-52.3538,-25.15918],[-52.35296,-25.16135],[-52.35314,-25.1616],[-52.35482,-25.16123],[-52.35518,-25.16135],[-52.35572,-25.16346],[-52.35658,-25.16513],[-52.35646,-25.16678],[-52.35583,-25.16758],[-52.35404,-25.16871],[-52.35351,-25.16973],[-52.3532,-25.16965],[-52.35221,-25.16873],[-52.35125,-25.16925],[-52.34949,-25.16874],[-52.34835,-25.16911],[-52.34739,-25.16893],[-52.34648,-25.16942],[-52.346,-25.17],[-52.34582,-25.17121],[-52.34621,-25.17307],[-52.34611,-25.17414],[-52.34581,-25.17465],[-52.3452,-25.17471],[-52.34399,-25.1758],[-52.34368,-25.1778],[-52.34415,-25.17792],[-52.34514,-25.17719],[-52.34541,-25.17721],[-52.34607,-25.17985],[-52.34538,-25.18142],[-52.3448,-25.18226],[-52.34466,-25.18327],[-52.34402,-25.18386],[-52.34323,-25.18406],[-52.34284,-25.18392],[-52.3422,-25.18308],[-52.34172,-25.18199],[-52.34117,-25.18164],[-52.34092,-25.18114],[-52.33961,-25.18099],[-52.33895,-25.18068],[-52.338,-25.17993],[-52.33783,-25.17956],[-52.33804,-25.17843],[-52.33797,-25.17792],[-52.33749,-25.17715],[-52.3359,-25.17723],[-52.33472,-25.17808],[-52.33303,-25.17971],[-52.33297,-25.1815],[-52.33178,-25.18242],[-52.33115,-25.18254],[-52.32997,-25.18309],[-52.32967,-25.18349],[-52.32992,-25.18443],[-52.3297,-25.18459],[-52.32943,-25.18465],[-52.32847,-25.18354],[-52.32694,-25.18358],[-52.3256,-25.18418],[-52.32532,-25.18494],[-52.32565,-25.18535],[-52.32627,-25.18554],[-52.32693,-25.1853],[-52.32746,-25.1853],[-52.32738,-25.18616],[-52.32813,-25.1867],[-52.32823,-25.18696],[-52.32772,-25.18736],[-52.32688,-25.1869],[-52.32671,-25.18702],[-52.32682,-25.18771],[-52.32655,-25.18875],[-52.32656,-25.1893],[-52.32711,-25.18965],[-52.32795,-25.1894],[-52.32803,-25.18956],[-52.32793,-25.19002],[-52.32701,-25.19072],[-52.32703,-25.19187],[-52.32685,-25.1922],[-52.3267,-25.1924],[-52.32629,-25.19248],[-52.32568,-25.19316],[-52.32514,-25.19278],[-52.32475,-25.19285],[-52.32475,-25.19338],[-52.32451,-25.19349],[-52.32324,-25.19335],[-52.32287,-25.19369],[-52.32263,-25.19481],[-52.32217,-25.19502],[-52.32195,-25.1947],[-52.32066,-25.1947],[-52.32,-25.1944],[-52.31903,-25.19316],[-52.31821,-25.193],[-52.31777,-25.19255],[-52.31605,-25.19357],[-52.31526,-25.1934],[-52.31485,-25.19312],[-52.31539,-25.19252],[-52.31546,-25.19221],[-52.31473,-25.19121],[-52.3142,-25.19105],[-52.31229,-25.19178],[-52.31102,-25.1926],[-52.3094,-25.19265],[-52.30889,-25.19308],[-52.3086,-25.19395],[-52.30861,-25.1959],[-52.30831,-25.19636],[-52.3071,-25.19634],[-52.30569,-25.19668],[-52.30548,-25.19692],[-52.30536,-25.19784],[-52.30337,-25.1979],[-52.30263,-25.19828],[-52.30241,-25.1989],[-52.30242,-25.20007],[-52.3034,-25.20085],[-52.30339,-25.20202],[-52.30362,-25.20307],[-52.3034,-25.20342],[-52.30265,-25.20368],[-52.30192,-25.20435],[-52.30269,-25.20456],[-52.30288,-25.20489],[-52.30284,-25.20539],[-52.30306,-25.20559],[-52.30425,-25.20517],[-52.30463,-25.20539],[-52.30465,-25.20588],[-52.30427,-25.20772],[-52.30364,-25.20787],[-52.30272,-25.20733],[-52.30154,-25.20712],[-52.30081,-25.20752],[-52.30048,-25.20846],[-52.29926,-25.20902],[-52.29898,-25.20975],[-52.29909,-25.21086],[-52.29948,-25.21128],[-52.30046,-25.2112],[-52.30164,-25.21014],[-52.30225,-25.20996],[-52.30274,-25.21004],[-52.30282,-25.21029],[-52.30173,-25.21131],[-52.30118,-25.21212],[-52.29987,-25.21219],[-52.30019,-25.21356],[-52.30147,-25.21341],[-52.30216,-25.21367],[-52.30226,-25.21403],[-52.30127,-25.21523],[-52.30112,-25.21602],[-52.30076,-25.21656],[-52.30071,-25.21699],[-52.30148,-25.21783],[-52.30021,-25.21848],[-52.30031,-25.21876],[-52.30117,-25.21898],[-52.30134,-25.21928],[-52.30114,-25.21965],[-52.30083,-25.21941],[-52.30046,-25.22032],[-52.29966,-25.221],[-52.29966,-25.22113],[-52.30073,-25.22105],[-52.3009,-25.22116],[-52.30096,-25.22151],[-52.30027,-25.22232],[-52.30005,-25.22361],[-52.30017,-25.22456],[-52.29995,-25.22532],[-52.29998,-25.22548],[-52.30078,-25.2258],[-52.301,-25.22606],[-52.30061,-25.22718],[-52.30129,-25.22812],[-52.30203,-25.22858],[-52.3028,-25.22847],[-52.30351,-25.22864],[-52.30404,-25.22911],[-52.30379,-25.22964],[-52.30376,-25.23014],[-52.30414,-25.23045],[-52.30474,-25.23175],[-52.30475,-25.2325],[-52.30433,-25.23294],[-52.30445,-25.23339],[-52.30377,-25.2338],[-52.30402,-25.23479],[-52.30426,-25.23491],[-52.30361,-25.23599],[-52.30369,-25.23692],[-52.30346,-25.2385],[-52.30349,-25.23938],[-52.30307,-25.23959],[-52.30302,-25.2398],[-52.30388,-25.24073],[-52.30399,-25.24127],[-52.30469,-25.24135],[-52.30497,-25.24163],[-52.30486,-25.24354],[-52.30538,-25.24438],[-52.30508,-25.24504],[-52.3043,-25.24553],[-52.30418,-25.24593],[-52.30435,-25.24793],[-52.30536,-25.24834],[-52.30614,-25.24894],[-52.30636,-25.24957],[-52.30682,-25.24981],[-52.30703,-25.25157],[-52.30758,-25.25182],[-52.3081,-25.25251],[-52.30925,-25.25263],[-52.31079,-25.25377],[-52.31128,-25.25394],[-52.31148,-25.25458],[-52.31148,-25.25555],[-52.31205,-25.25705],[-52.31226,-25.25917],[-52.31217,-25.2595],[-52.31154,-25.26007],[-52.31102,-25.26082],[-52.31029,-25.26213],[-52.30924,-25.26299],[-52.30785,-25.26479],[-52.30788,-25.26779],[-52.31017,-25.26659],[-52.31121,-25.26646],[-52.31573,-25.26597],[-52.31736,-25.26613],[-52.31846,-25.2664],[-52.32055,-25.26556],[-52.32491,-25.26443],[-52.32649,-25.26331],[-52.32858,-25.26279],[-52.32925,-25.26295],[-52.3302,-25.26258],[-52.33191,-25.26241],[-52.3324,-25.26268],[-52.33278,-25.2625],[-52.33286,-25.263],[-52.33299,-25.26307],[-52.33367,-25.26297],[-52.33416,-25.26311],[-52.33446,-25.26257],[-52.33493,-25.26221],[-52.33523,-25.26227],[-52.3355,-25.26258],[-52.33638,-25.26283],[-52.33676,-25.2625],[-52.33696,-25.26191],[-52.3372,-25.2619],[-52.33784,-25.26215],[-52.33823,-25.26258],[-52.33856,-25.2626],[-52.33932,-25.2624],[-52.33959,-25.26207],[-52.33947,-25.26167],[-52.33984,-25.26122],[-52.34093,-25.26047],[-52.3413,-25.26004],[-52.3425,-25.26015],[-52.3429,-25.25991],[-52.34335,-25.25931],[-52.34392,-25.25921],[-52.34476,-25.25855],[-52.34508,-25.25848],[-52.34571,-25.25853],[-52.34588,-25.25915],[-52.34649,-25.2601],[-52.34746,-25.25998],[-52.34762,-25.25974],[-52.34735,-25.25863],[-52.3476,-25.25828],[-52.34777,-25.25752],[-52.34749,-25.25734],[-52.3476,-25.25674],[-52.34738,-25.25658],[-52.34702,-25.25713],[-52.34661,-25.2574],[-52.34591,-25.25756],[-52.33636,-25.24674],[-52.33743,-25.24522],[-52.33799,-25.24337],[-52.33943,-25.24242],[-52.34639,-25.24507],[-52.34644,-25.2445],[-52.3467,-25.24457],[-52.34658,-25.24461],[-52.34679,-25.24491],[-52.34794,-25.24275],[-52.34946,-25.24235],[-52.35016,-25.24208],[-52.35092,-25.24154],[-52.35198,-25.24127],[-52.35198,-25.24102],[-52.35129,-25.24047],[-52.35124,-25.24017],[-52.35168,-25.239],[-52.35162,-25.23832],[-52.3521,-25.237],[-52.35164,-25.23648],[-52.35037,-25.23597],[-52.35027,-25.23572],[-52.35123,-25.23529],[-52.35251,-25.23517],[-52.35348,-25.23458],[-52.35415,-25.23368],[-52.35381,-25.23318],[-52.35376,-25.23276],[-52.35474,-25.23246],[-52.35488,-25.23225],[-52.35495,-25.22991],[-52.35525,-25.22925],[-52.35588,-25.22898],[-52.35672,-25.229],[-52.35856,-25.22955],[-52.35948,-25.22952],[-52.36,-25.22859],[-52.36094,-25.22762],[-52.36146,-25.22726],[-52.36275,-25.22717],[-52.36298,-25.22822],[-52.36394,-25.22876],[-52.36549,-25.22841],[-52.36607,-25.22847],[-52.36672,-25.2282],[-52.36867,-25.22874],[-52.36861,-25.22941],[-52.36782,-25.23093],[-52.36781,-25.23155],[-52.36802,-25.23212],[-52.36931,-25.23248],[-52.36984,-25.23165],[-52.37039,-25.23142],[-52.3708,-25.23144],[-52.37118,-25.23162],[-52.37127,-25.23284],[-52.37143,-25.23333],[-52.37187,-25.23387],[-52.37222,-25.23402],[-52.373,-25.23401],[-52.37361,-25.23354],[-52.37464,-25.23328],[-52.3751,-25.23291],[-52.37521,-25.23199],[-52.3754,-25.23162],[-52.37597,-25.23133],[-52.37652,-25.23191],[-52.37839,-25.23263],[-52.37896,-25.23278],[-52.3798,-25.23273],[-52.38039,-25.23353],[-52.38057,-25.23451],[-52.38119,-25.23475],[-52.38147,-25.23558],[-52.3814,-25.235],[-52.3788,-25.2285],[-52.3753,-25.2217],[-52.3677,-25.2263],[-52.3649,-25.2211],[-52.3709,-25.2172],[-52.3635,-25.21036]]],[[[-52.38162,-25.23633],[-52.382,-25.23658],[-52.38259,-25.23677],[-52.3836,-25.2388],[-52.38322,-25.23929],[-52.38291,-25.24023],[-52.3828,-25.24131],[-52.38296,-25.24152],[-52.383,-25.2402],[-52.3833,-25.2394],[-52.384,-25.2383],[-52.3838,-25.237],[-52.3833,-25.2368],[-52.3827,-25.2368],[-52.38162,-25.23633]]],[[[-52.38407,-25.24146],[-52.38499,-25.24179],[-52.38612,-25.24245],[-52.38603,-25.24261],[-52.38475,-25.24313],[-52.38359,-25.24433],[-52.3831,-25.24458],[-52.3831,-25.24497],[-52.3836,-25.24544],[-52.38444,-25.24565],[-52.38478,-25.24613],[-52.38504,-25.24624],[-52.38555,-25.24601],[-52.38666,-25.2472],[-52.38784,-25.24761],[-52.38811,-25.24816],[-52.38901,-25.24845],[-52.38946,-25.24896],[-52.39008,-25.24878],[-52.39077,-25.24915],[-52.39108,-25.24893],[-52.39156,-25.24908],[-52.39206,-25.24892],[-52.3925,-25.24907],[-52.39328,-25.25068],[-52.39502,-25.25113],[-52.39615,-25.25193],[-52.39766,-25.25258],[-52.39787,-25.2525],[-52.39798,-25.25218],[-52.39829,-25.25214],[-52.39872,-25.25236],[-52.40023,-25.2526],[-52.40149,-25.25253],[-52.40203,-25.25275],[-52.40303,-25.2526],[-52.40536,-25.25298],[-52.40966,-25.25289],[-52.40997,-25.2521],[-52.41076,-25.2515],[-52.41159,-25.25126],[-52.41234,-25.25142],[-52.41272,-25.25109],[-52.4135,-25.25109],[-52.41347,-25.25063],[-52.41365,-25.2502],[-52.41413,-25.25023],[-52.4143,-25.24985],[-52.41498,-25.24981],[-52.4158,-25.24938],[-52.41587,-25.24923],[-52.41517,-25.24873],[-52.41604,-25.24627],[-52.41692,-25.24518],[-52.4169,-25.245],[-52.41656,-25.24478],[-52.41648,-25.24433],[-52.41722,-25.24457],[-52.4174,-25.24448],[-52.4173,-25.24407],[-52.41667,-25.24365],[-52.41396,-25.24387],[-52.41253,-25.24351],[-52.4117,-25.24289],[-52.41118,-25.24122],[-52.41135,-25.24079],[-52.41182,-25.24033],[-52.41218,-25.23939],[-52.4127,-25.2386],[-52.41366,-25.23782],[-52.4149,-25.23637],[-52.41505,-25.23604],[-52.41477,-25.23566],[-52.41481,-25.23517],[-52.41612,-25.23406],[-52.41436,-25.23383],[-52.41412,-25.23371],[-52.41472,-25.23291],[-52.41373,-25.23274],[-52.4123,-25.23221],[-52.4122,-25.2319],[-52.41246,-25.23086],[-52.41178,-25.22978],[-52.41058,-25.22988],[-52.40992,-25.229],[-52.40949,-25.22888],[-52.40892,-25.22942],[-52.40888,-25.22968],[-52.408,-25.23019],[-52.40753,-25.22937],[-52.40678,-25.22922],[-52.40589,-25.22878],[-52.40602,-25.22715],[-52.40721,-25.2263],[-52.40717,-25.226],[-52.40673,-25.22591],[-52.40615,-25.22636],[-52.40585,-25.22638],[-52.40538,-25.22554],[-52.40565,-25.22519],[-52.40784,-25.2244],[-52.40805,-25.22403],[-52.40786,-25.22369],[-52.40701,-25.22355],[-52.40514,-25.22378],[-52.40437,-25.22348],[-52.40343,-25.22063],[-52.40276,-25.22053],[-52.40222,-25.22083],[-52.40209,-25.22114],[-52.40131,-25.22125],[-52.40056,-25.22081],[-52.39889,-25.22085],[-52.39795,-25.22041],[-52.39748,-25.22045],[-52.39638,-25.22018],[-52.39603,-25.21996],[-52.39599,-25.21966],[-52.39655,-25.21884],[-52.39617,-25.21845],[-52.39592,-25.21762],[-52.39522,-25.21751],[-52.39437,-25.21764],[-52.3946,-25.2177],[-52.3927,-25.2189],[-52.3888,-25.2218],[-52.3995,-25.2301],[-52.3852,-25.2418],[-52.3848,-25.2417],[-52.3846,-25.2413],[-52.38407,-25.24146]]]]}},{"type":"Feature","properties":{"nome":"TI Avá-Guarani do Ocoí","etapa":"Regularizada","area_ha":253.43},"geometry":{"type":"Polygon","coordinates":[[[-54.31438,-25.22224],[-54.30991,-25.2342],[-54.3095,-25.23482],[-54.30886,-25.23674],[-54.30691,-25.24037],[-54.30696,-25.24217],[-54.30619,-25.24424],[-54.30605,-25.24455],[-54.30477,-25.24509],[-54.30416,-25.24671],[-54.3047,-25.24877],[-54.30304,-25.25621],[-54.30146,-25.25859],[-54.30115,-25.25846],[-54.30113,-25.25913],[-54.30055,-25.26007],[-54.29814,-25.26218],[-54.29753,-25.26322],[-54.29736,-25.26516],[-54.2984,-25.26489],[-54.2996,-25.264],[-54.30379,-25.26192],[-54.30434,-25.2618],[-54.30771,-25.2597],[-54.3077,-25.25914],[-54.30847,-25.25671],[-54.30885,-25.25478],[-54.31062,-25.25236],[-54.31185,-25.25144],[-54.3138,-25.25183],[-54.31497,-25.25156],[-54.31322,-25.24922],[-54.31267,-25.24792],[-54.31243,-25.24617],[-54.31303,-25.24568],[-54.31497,-25.24195],[-54.31898,-25.23515],[-54.32104,-25.2344],[-54.33268,-25.2381],[-54.33258,-25.23413],[-54.33177,-25.2341],[-54.32956,-25.23461],[-54.32787,-25.23388],[-54.32571,-25.23383],[-54.3242,-25.23288],[-54.32324,-25.23261],[-54.32239,-25.23259],[-54.3217,-25.23301],[-54.32058,-25.23276],[-54.31944,-25.23296],[-54.31796,-25.23373],[-54.31489,-25.23815],[-54.31202,-25.24389],[-54.31085,-25.24677],[-54.31074,-25.2487],[-54.31196,-25.24954],[-54.31239,-25.25007],[-54.31234,-25.25095],[-54.31053,-25.25046],[-54.3086,-25.25201],[-54.30804,-25.25294],[-54.3065,-25.25793],[-54.30561,-25.25871],[-54.30501,-25.25858],[-54.30418,-25.25979],[-54.30313,-25.25932],[-54.30459,-25.25664],[-54.30496,-25.25495],[-54.30543,-25.25396],[-54.30538,-25.25352],[-54.30587,-25.25275],[-54.30636,-25.25054],[-54.30658,-25.2492],[-54.30641,-25.24775],[-54.30561,-25.24729],[-54.30592,-25.24682],[-54.3057,-25.24618],[-54.30623,-25.24634],[-54.30687,-25.24608],[-54.30784,-25.24524],[-54.30864,-25.24303],[-54.30888,-25.24149],[-54.30889,-25.24042],[-54.30862,-25.24014],[-54.30944,-25.23963],[-54.31137,-25.23608],[-54.31137,-25.23461],[-54.3122,-25.23399],[-54.31315,-25.23164],[-54.31324,-25.23106],[-54.3131,-25.22986],[-54.31326,-25.22959],[-54.31453,-25.22978],[-54.31572,-25.22923],[-54.31848,-25.22667],[-54.31872,-25.22548],[-54.32047,-25.22538],[-54.32044,-25.22553],[-54.32143,-25.22633],[-54.32508,-25.22641],[-54.32801,-25.22592],[-54.32822,-25.22541],[-54.32807,-25.22489],[-54.32672,-25.22316],[-54.32386,-25.22129],[-54.32347,-25.22123],[-54.3231,-25.22137],[-54.32269,-25.22176],[-54.32051,-25.22466],[-54.32048,-25.22509],[-54.31867,-25.22521],[-54.31841,-25.22457],[-54.31697,-25.22418],[-54.31622,-25.22408],[-54.31517,-25.22422],[-54.31411,-25.22401],[-54.31445,-25.22263],[-54.31438,-25.22224]]]}},{"type":"Feature","properties":{"nome":"TI Barragem Norte","etapa":"Regularizada","area_ha":860.33},"geometry":{"type":"MultiPolygon","coordinates":[[[[-49.72592,-26.87477],[-49.72463,-26.87512],[-49.72456,-26.87607],[-49.72324,-26.87709],[-49.71874,-26.87976],[-49.71549,-26.87956],[-49.71388,-26.88116],[-49.70975,-26.88193],[-49.70677,-26.8822],[-49.70661,-26.88338],[-49.70593,-26.8833],[-49.7056,-26.8843],[-49.70447,-26.88406],[-49.70356,-26.88626],[-49.70049,-26.88577],[-49.69849,-26.88567],[-49.6981,-26.88601],[-49.69803,-26.88667],[-49.69697,-26.88692],[-49.69635,-26.88667],[-49.69615,-26.88793],[-49.69448,-26.88725],[-49.69392,-26.88763],[-49.69337,-26.88757],[-49.6928,-26.88728],[-49.69255,-26.88767],[-49.69153,-26.8878],[-49.69183,-26.87686],[-49.68879,-26.87686],[-49.6887,-26.88042],[-49.68264,-26.8804],[-49.6818,-26.87937],[-49.68151,-26.87722],[-49.68186,-26.87651],[-49.68267,-26.87618],[-49.68176,-26.87518],[-49.68198,-26.87334],[-49.68457,-26.87047],[-49.68604,-26.87018],[-49.68593,-26.86913],[-49.68687,-26.86817],[-49.68847,-26.86713],[-49.68783,-26.86595],[-49.68851,-26.86481],[-49.69329,-26.86309],[-49.69711,-26.86336],[-49.69958,-26.86389],[-49.70047,-26.86434],[-49.70214,-26.86381],[-49.70429,-26.86267],[-49.70424,-26.86155],[-49.70596,-26.86047],[-49.70655,-26.85991],[-49.70725,-26.85987],[-49.70734,-26.85915],[-49.70841,-26.85816],[-49.70839,-26.85551],[-49.70772,-26.857],[-49.70605,-26.8589],[-49.70467,-26.85962],[-49.70325,-26.86001],[-49.70106,-26.86091],[-49.6969,-26.86022],[-49.69336,-26.85991],[-49.68895,-26.86001],[-49.68769,-26.86018],[-49.68682,-26.86135],[-49.68562,-26.86417],[-49.68535,-26.8671],[-49.68343,-26.87036],[-49.68203,-26.8718],[-49.68101,-26.87323],[-49.67837,-26.87324],[-49.67779,-26.87342],[-49.67843,-26.87383],[-49.67871,-26.8785],[-49.67901,-26.88037],[-49.67914,-26.88439],[-49.67857,-26.8844],[-49.67727,-26.88334],[-49.67628,-26.88279],[-49.67654,-26.88328],[-49.67786,-26.88436],[-49.67759,-26.88479],[-49.67825,-26.88513],[-49.67978,-26.88654],[-49.68119,-26.88724],[-49.68206,-26.88852],[-49.68179,-26.88912],[-49.68573,-26.88876],[-49.68779,-26.89051],[-49.68805,-26.89091],[-49.68822,-26.8926],[-49.68801,-26.893],[-49.68771,-26.89286],[-49.68749,-26.8932],[-49.68771,-26.89328],[-49.6875,-26.89365],[-49.68684,-26.89413],[-49.68769,-26.89472],[-49.68874,-26.895],[-49.69046,-26.89375],[-49.69106,-26.89368],[-49.6924,-26.89484],[-49.69299,-26.89468],[-49.69386,-26.896],[-49.69413,-26.89895],[-49.69475,-26.9001],[-49.69659,-26.89938],[-49.6978,-26.90024],[-49.69908,-26.90175],[-49.69913,-26.90259],[-49.69985,-26.90213],[-49.70202,-26.90325],[-49.70212,-26.90414],[-49.70268,-26.90417],[-49.70345,-26.90458],[-49.70415,-26.90434],[-49.70273,-26.90257],[-49.70186,-26.90212],[-49.70097,-26.90046],[-49.70095,-26.89956],[-49.70071,-26.89952],[-49.70068,-26.8955],[-49.70451,-26.8945],[-49.70459,-26.89143],[-49.70603,-26.89058],[-49.70713,-26.89094],[-49.70709,-26.88987],[-49.70862,-26.88933],[-49.71085,-26.88688],[-49.71319,-26.887],[-49.71351,-26.88575],[-49.71502,-26.88548],[-49.71645,-26.88497],[-49.71773,-26.88568],[-49.71826,-26.88533],[-49.71957,-26.88555],[-49.72011,-26.88643],[-49.72005,-26.88765],[-49.71952,-26.88876],[-49.72107,-26.88827],[-49.72267,-26.88875],[-49.72405,-26.88894],[-49.72696,-26.89161],[-49.72899,-26.89075],[-49.7308,-26.89161],[-49.73131,-26.89144],[-49.73129,-26.89089],[-49.72669,-26.88754],[-49.7236,-26.88422],[-49.72386,-26.88357],[-49.7225,-26.88233],[-49.72294,-26.88172],[-49.72535,-26.88001],[-49.72681,-26.87949],[-49.72623,-26.87871],[-49.72644,-26.87797],[-49.72965,-26.87416],[-49.7302,-26.87377],[-49.73101,-26.87394],[-49.73109,-26.87349],[-49.73213,-26.87237],[-49.73189,-26.87099],[-49.73324,-26.87076],[-49.73324,-26.86996],[-49.7338,-26.86931],[-49.73417,-26.86578],[-49.73383,-26.86596],[-49.73302,-26.86696],[-49.73231,-26.86873],[-49.72862,-26.87113],[-49.72918,-26.87175],[-49.7288,-26.87227],[-49.72685,-26.87373],[-49.72592,-26.87477]]],[[[-49.68091,-26.88908],[-49.6802,-26.88889],[-49.6802,-26.88853],[-49.67638,-26.88861],[-49.67634,-26.88688],[-49.67593,-26.88742],[-49.67575,-26.88743],[-49.67517,-26.88669],[-49.67474,-26.88654],[-49.6721,-26.88654],[-49.67201,-26.88725],[-49.67177,-26.88747],[-49.67,-26.88666],[-49.66913,-26.88666],[-49.66913,-26.88215],[-49.6681,-26.88214],[-49.66813,-26.89283],[-49.6659,-26.89242],[-49.66686,-26.89363],[-49.66934,-26.89372],[-49.6723,-26.89417],[-49.67216,-26.90769],[-49.68031,-26.90763],[-49.68024,-26.89761],[-49.68164,-26.89718],[-49.68221,-26.89693],[-49.68248,-26.89659],[-49.68512,-26.8955],[-49.6851,-26.89425],[-49.68488,-26.89355],[-49.68458,-26.89376],[-49.68488,-26.89425],[-49.68348,-26.89528],[-49.68147,-26.89573],[-49.67975,-26.89572],[-49.67882,-26.89531],[-49.67861,-26.89489],[-49.67687,-26.89426],[-49.67663,-26.89272],[-49.67631,-26.89245],[-49.67525,-26.8923],[-49.67535,-26.89205],[-49.67777,-26.89144],[-49.68017,-26.8903],[-49.68067,-26.88983],[-49.68091,-26.88908]]]]}},{"type":"Feature","properties":{"nome":"TI Caarapó","etapa":"Regularizada","area_ha":3626.62},"geometry":{"type":"Polygon","coordinates":[[[-55.00738,-22.61805],[-55.00856,-22.59396],[-55.00855,-22.58678],[-55.00744,-22.58063],[-55.00304,-22.58081],[-54.99613,-22.58054],[-54.9195,-22.57705],[-54.91867,-22.59202],[-54.92174,-22.60134],[-54.92508,-22.60245],[-54.92633,-22.60582],[-54.92628,-22.60616],[-54.92952,-22.61461],[-55.00738,-22.61805]]]}},{"type":"Feature","properties":{"nome":"TI Sassoró","etapa":"Regularizada","area_ha":1919.56},"geometry":{"type":"Polygon","coordinates":[[[-54.74667,-23.58187],[-54.74707,-23.58271],[-54.74707,-23.58316],[-54.74684,-23.58351],[-54.7457,-23.58413],[-54.74435,-23.58585],[-54.74303,-23.58679],[-54.73991,-23.58959],[-54.73902,-23.59017],[-54.738,-23.59059],[-54.73632,-23.59091],[-54.73539,-23.5909],[-54.7351,-23.5911],[-54.73489,-23.59176],[-54.73523,-23.59218],[-54.73622,-23.5926],[-54.73627,-23.59307],[-54.73612,-23.59334],[-54.73534,-23.59369],[-54.73467,-23.59368],[-54.73353,-23.59283],[-54.73277,-23.59256],[-54.73228,-23.59301],[-54.73229,-23.59356],[-54.73312,-23.5945],[-54.73337,-23.59505],[-54.73328,-23.59591],[-54.73296,-23.59624],[-54.73526,-23.59757],[-54.73546,-23.5978],[-54.73531,-23.59867],[-54.73609,-23.59887],[-54.73642,-23.59917],[-54.73761,-23.59935],[-54.73766,-23.59954],[-54.73813,-23.59977],[-54.73877,-23.59976],[-54.73948,-23.60028],[-54.74067,-23.60054],[-54.741,-23.60103],[-54.74157,-23.6013],[-54.74195,-23.6018],[-54.74302,-23.60228],[-54.74505,-23.60436],[-54.74571,-23.60459],[-54.74648,-23.60547],[-54.74667,-23.6054],[-54.74708,-23.6056],[-54.74971,-23.60887],[-54.75205,-23.61134],[-54.75268,-23.61246],[-54.75279,-23.61348],[-54.75339,-23.61348],[-54.7538,-23.61395],[-54.80162,-23.6],[-54.80124,-23.59899],[-54.80124,-23.59823],[-54.80158,-23.59789],[-54.80084,-23.59683],[-54.80057,-23.59675],[-54.80027,-23.59608],[-54.79977,-23.59597],[-54.79825,-23.59424],[-54.79785,-23.59397],[-54.79798,-23.59324],[-54.79784,-23.59251],[-54.79818,-23.59189],[-54.79782,-23.59058],[-54.79748,-23.58998],[-54.79693,-23.58957],[-54.79674,-23.58911],[-54.79634,-23.58895],[-54.79639,-23.58841],[-54.79534,-23.58686],[-54.79527,-23.58663],[-54.79553,-23.58641],[-54.79491,-23.5857],[-54.79488,-23.58516],[-54.79334,-23.5834],[-54.79336,-23.58323],[-54.7929,-23.58292],[-54.79271,-23.58301],[-54.79232,-23.58208],[-54.79182,-23.58176],[-54.79182,-23.58152],[-54.79141,-23.58099],[-54.79147,-23.58066],[-54.79099,-23.5803],[-54.79083,-23.57947],[-54.79058,-23.57921],[-54.79073,-23.57895],[-54.78975,-23.57844],[-54.78909,-23.57784],[-54.78882,-23.5779],[-54.78773,-23.57707],[-54.78675,-23.5754],[-54.78587,-23.57479],[-54.78548,-23.57386],[-54.78502,-23.57379],[-54.78482,-23.57277],[-54.78404,-23.57233],[-54.78337,-23.57254],[-54.78261,-23.57216],[-54.78157,-23.57228],[-54.78022,-23.57048],[-54.77981,-23.57044],[-54.77903,-23.57083],[-54.77884,-23.57211],[-54.77765,-23.57302],[-54.77677,-23.57309],[-54.77603,-23.57278],[-54.77574,-23.57216],[-54.77573,-23.57152],[-54.77542,-23.57142],[-54.77521,-23.5719],[-54.77416,-23.57254],[-54.77393,-23.5747],[-54.77333,-23.57585],[-54.77126,-23.57703],[-54.76978,-23.57685],[-54.76846,-23.57728],[-54.76688,-23.57878],[-54.76445,-23.57973],[-54.7632,-23.58002],[-54.7623,-23.58001],[-54.7606,-23.57902],[-54.75968,-23.5795],[-54.75906,-23.58063],[-54.75867,-23.58089],[-54.75795,-23.58086],[-54.75703,-23.58031],[-54.75522,-23.57971],[-54.75411,-23.57822],[-54.75382,-23.578],[-54.75337,-23.57795],[-54.75296,-23.57874],[-54.75211,-23.57937],[-54.75162,-23.57929],[-54.75117,-23.57891],[-54.74908,-23.57862],[-54.7486,-23.57872],[-54.74841,-23.57908],[-54.74842,-23.58049],[-54.74828,-23.58089],[-54.74769,-23.58123],[-54.74666,-23.58127],[-54.74667,-23.58187]]]}},{"type":"Feature","properties":{"nome":"TI Cerrito","etapa":"Regularizada","area_ha":2067.59},"geometry":{"type":"Polygon","coordinates":[[[-54.27176,-23.56508],[-54.27101,-23.5648],[-54.26974,-23.56487],[-54.26885,-23.56515],[-54.26832,-23.56546],[-54.26798,-23.56618],[-54.26748,-23.56643],[-54.26686,-23.56709],[-54.26678,-23.56739],[-54.28079,-23.61666],[-54.3033,-23.61982],[-54.30775,-23.61475],[-54.30512,-23.56147],[-54.30497,-23.56194],[-54.30483,-23.56147],[-54.30453,-23.56138],[-54.30441,-23.5611],[-54.30424,-23.56114],[-54.30364,-23.56141],[-54.30277,-23.56225],[-54.30219,-23.5621],[-54.30095,-23.56222],[-54.30038,-23.56168],[-54.30008,-23.56168],[-54.29986,-23.56199],[-54.2993,-23.56215],[-54.29896,-23.56198],[-54.29886,-23.56174],[-54.29806,-23.56192],[-54.29752,-23.5615],[-54.29692,-23.56185],[-54.29613,-23.56196],[-54.29583,-23.5622],[-54.29457,-23.56181],[-54.29434,-23.56183],[-54.29415,-23.56224],[-54.29387,-23.56226],[-54.29354,-23.56212],[-54.29344,-23.56191],[-54.29303,-23.56179],[-54.29284,-23.56185],[-54.29254,-23.56242],[-54.29153,-23.56268],[-54.29013,-23.56244],[-54.29007,-23.56187],[-54.28986,-23.56184],[-54.28965,-23.56203],[-54.2892,-23.56199],[-54.28792,-23.56232],[-54.2874,-23.56206],[-54.28714,-23.56232],[-54.28672,-23.56209],[-54.28532,-23.56241],[-54.28507,-23.56226],[-54.28512,-23.56185],[-54.28474,-23.56242],[-54.28392,-23.56247],[-54.28348,-23.56192],[-54.2828,-23.56178],[-54.28262,-23.56135],[-54.28245,-23.56133],[-54.28243,-23.5618],[-54.28197,-23.56214],[-54.28173,-23.56218],[-54.28095,-23.56175],[-54.28064,-23.56174],[-54.2789,-23.56234],[-54.27861,-23.56286],[-54.27771,-23.56294],[-54.27752,-23.56337],[-54.27702,-23.56378],[-54.2766,-23.56376],[-54.27637,-23.56426],[-54.27535,-23.56475],[-54.27429,-23.565],[-54.27381,-23.56488],[-54.27331,-23.56451],[-54.27176,-23.56508]]]}},{"type":"Feature","properties":{"nome":"TI Faxinal","etapa":"Regularizada","area_ha":2018.05},"geometry":{"type":"Polygon","coordinates":[[[-51.25879,-24.65766],[-51.27734,-24.67019],[-51.28532,-24.67494],[-51.29357,-24.67066],[-51.29521,-24.66694],[-51.30523,-24.65094],[-51.28001,-24.62266],[-51.27493,-24.6225],[-51.27359,-24.62207],[-51.27092,-24.62075],[-51.27008,-24.62261],[-51.26922,-24.62328],[-51.26834,-24.6237],[-51.26781,-24.62373],[-51.26755,-24.62348],[-51.26753,-24.62309],[-51.26816,-24.62245],[-51.26813,-24.62213],[-51.26764,-24.62212],[-51.26723,-24.6223],[-51.26625,-24.62178],[-51.26563,-24.62193],[-51.26537,-24.62274],[-51.26539,-24.62409],[-51.26493,-24.62485],[-51.26511,-24.62545],[-51.2642,-24.6268],[-51.26303,-24.62688],[-51.26031,-24.62849],[-51.25925,-24.62877],[-51.25832,-24.62954],[-51.258,-24.63012],[-51.25748,-24.63028],[-51.2562,-24.6299],[-51.256,-24.63002],[-51.25583,-24.6304],[-51.25643,-24.63127],[-51.25662,-24.63201],[-51.25651,-24.63233],[-51.25624,-24.63244],[-51.25626,-24.63265],[-51.25702,-24.63343],[-51.25717,-24.63379],[-51.25703,-24.6344],[-51.25592,-24.63494],[-51.25549,-24.63498],[-51.25376,-24.63494],[-51.25238,-24.63462],[-51.25209,-24.63476],[-51.252,-24.6359],[-51.2522,-24.63632],[-51.25204,-24.63676],[-51.25253,-24.63791],[-51.25329,-24.63875],[-51.25347,-24.63916],[-51.2534,-24.63956],[-51.25312,-24.6398],[-51.25192,-24.63983],[-51.25103,-24.64133],[-51.25108,-24.64173],[-51.25192,-24.6427],[-51.2519,-24.64304],[-51.251,-24.64434],[-51.25033,-24.64491],[-51.25029,-24.64507],[-51.25067,-24.64558],[-51.25062,-24.64581],[-51.24987,-24.64634],[-51.24962,-24.64775],[-51.24995,-24.64841],[-51.24973,-24.64933],[-51.25036,-24.64948],[-51.25075,-24.64999],[-51.25093,-24.65113],[-51.25049,-24.65167],[-51.25061,-24.65198],[-51.25128,-24.65214],[-51.25141,-24.65208],[-51.25138,-24.65173],[-51.2519,-24.65167],[-51.25222,-24.65223],[-51.25353,-24.6536],[-51.2537,-24.65434],[-51.25409,-24.6544],[-51.25501,-24.65503],[-51.25506,-24.65606],[-51.25493,-24.65624],[-51.25527,-24.65698],[-51.25615,-24.65711],[-51.2571,-24.65748],[-51.25728,-24.65786],[-51.2586,-24.65789],[-51.25879,-24.65766]]]}},{"type":"Feature","properties":{"nome":"TI Ilha da Cotinga","etapa":"Regularizada","area_ha":1689.32},"geometry":{"type":"MultiPolygon","coordinates":[[[[-48.46954,-25.527],[-48.47154,-25.52492],[-48.4707,-25.52403],[-48.47148,-25.52191],[-48.4739,-25.52233],[-48.474,-25.51992],[-48.4758,-25.51862],[-48.47604,-25.51827],[-48.47585,-25.51691],[-48.47661,-25.51422],[-48.47807,-25.51359],[-48.47915,-25.51183],[-48.47985,-25.5093],[-48.48066,-25.50824],[-48.4814,-25.50669],[-48.48201,-25.50605],[-48.48459,-25.50484],[-48.48492,-25.50443],[-48.48503,-25.5031],[-48.48538,-25.50241],[-48.48728,-25.50141],[-48.48786,-25.50087],[-48.4881,-25.50038],[-48.48734,-25.50041],[-48.48645,-25.50071],[-48.48474,-25.50172],[-48.48391,-25.50147],[-48.48301,-25.50076],[-48.4823,-25.50051],[-48.48103,-25.50144],[-48.47871,-25.5023],[-48.47456,-25.50245],[-48.47399,-25.50267],[-48.47313,-25.50347],[-48.47226,-25.50401],[-48.47144,-25.50392],[-48.47103,-25.50432],[-48.47076,-25.50543],[-48.47014,-25.50637],[-48.47004,-25.50718],[-48.46941,-25.50813],[-48.46949,-25.50858],[-48.46931,-25.5091],[-48.46708,-25.51216],[-48.46563,-25.5147],[-48.46368,-25.51742],[-48.46187,-25.51897],[-48.46009,-25.52011],[-48.45991,-25.52095],[-48.46028,-25.52122],[-48.45972,-25.52184],[-48.45949,-25.52238],[-48.45957,-25.52157],[-48.45944,-25.5211],[-48.45894,-25.52073],[-48.45816,-25.5209],[-48.45573,-25.52202],[-48.45385,-25.52325],[-48.45284,-25.52409],[-48.45288,-25.52466],[-48.45185,-25.52461],[-48.45019,-25.52573],[-48.44866,-25.52641],[-48.44795,-25.52705],[-48.44726,-25.52722],[-48.44422,-25.52869],[-48.44126,-25.5299],[-48.43201,-25.53253],[-48.43036,-25.53351],[-48.42976,-25.5336],[-48.42912,-25.5341],[-48.42807,-25.53444],[-48.42785,-25.53457],[-48.42739,-25.53562],[-48.42648,-25.5367],[-48.4245,-25.53799],[-48.42396,-25.53851],[-48.42295,-25.53904],[-48.41859,-25.54273],[-48.4175,-25.54337],[-48.41675,-25.54508],[-48.41658,-25.54596],[-48.41664,-25.54665],[-48.41689,-25.54701],[-48.41816,-25.54757],[-48.41963,-25.54728],[-48.4208,-25.54667],[-48.42199,-25.54661],[-48.42007,-25.54739],[-48.41985,-25.54764],[-48.41991,-25.54778],[-48.42024,-25.54786],[-48.42108,-25.54782],[-48.42381,-25.54701],[-48.42471,-25.54636],[-48.42716,-25.54589],[-48.42769,-25.54547],[-48.42684,-25.5451],[-48.42691,-25.54466],[-48.42825,-25.54419],[-48.43079,-25.54366],[-48.43038,-25.54396],[-48.43028,-25.54439],[-48.4304,-25.54465],[-48.43085,-25.5447],[-48.43153,-25.54452],[-48.4321,-25.54427],[-48.43328,-25.54337],[-48.43932,-25.54061],[-48.4418,-25.53911],[-48.44186,-25.53859],[-48.44327,-25.53841],[-48.44666,-25.53694],[-48.44855,-25.5358],[-48.44886,-25.53554],[-48.44911,-25.53491],[-48.45024,-25.53481],[-48.45259,-25.53416],[-48.45893,-25.53201],[-48.46105,-25.53097],[-48.46189,-25.53028],[-48.46227,-25.52962],[-48.46294,-25.52919],[-48.46903,-25.52749],[-48.46957,-25.52728],[-48.46966,-25.52713],[-48.46954,-25.527]]],[[[-48.46095,-25.50993],[-48.45705,-25.51062],[-48.45405,-25.51149],[-48.45264,-25.51146],[-48.45115,-25.51097],[-48.44958,-25.5114],[-48.44884,-25.5114],[-48.44871,-25.51153],[-48.44892,-25.51175],[-48.44882,-25.51183],[-48.44826,-25.51175],[-48.44763,-25.51139],[-48.44703,-25.51134],[-48.44466,-25.51181],[-48.44247,-25.51166],[-48.44077,-25.51198],[-48.4392,-25.51192],[-48.43795,-25.51213],[-48.43689,-25.51205],[-48.43384,-25.51266],[-48.42858,-25.51301],[-48.42665,-25.51348],[-48.42533,-25.51427],[-48.42461,-25.51484],[-48.42444,-25.51524],[-48.42337,-25.51612],[-48.42327,-25.51649],[-48.423,-25.51663],[-48.42134,-25.5172],[-48.41811,-25.51739],[-48.41609,-25.51799],[-48.41497,-25.51897],[-48.41346,-25.51939],[-48.413,-25.52014],[-48.4119,-25.52103],[-48.40994,-25.52372],[-48.40887,-25.52442],[-48.40659,-25.52742],[-48.40554,-25.52937],[-48.40453,-25.53237],[-48.40442,-25.53377],[-48.40508,-25.53634],[-48.40537,-25.53683],[-48.40719,-25.53819],[-48.40738,-25.53855],[-48.40709,-25.53931],[-48.4074,-25.5399],[-48.40792,-25.54031],[-48.40925,-25.54079],[-48.41052,-25.54089],[-48.41256,-25.54058],[-48.41353,-25.54024],[-48.41463,-25.53963],[-48.41505,-25.53901],[-48.41627,-25.53821],[-48.41687,-25.53734],[-48.41782,-25.53707],[-48.42034,-25.53576],[-48.42153,-25.53477],[-48.42482,-25.53277],[-48.43394,-25.52797],[-48.4351,-25.527],[-48.43589,-25.52602],[-48.43769,-25.52525],[-48.43869,-25.52533],[-48.44033,-25.52511],[-48.44542,-25.52384],[-48.44681,-25.52323],[-48.45039,-25.52122],[-48.4507,-25.52079],[-48.45163,-25.52034],[-48.45298,-25.5192],[-48.45519,-25.51787],[-48.45592,-25.51706],[-48.45674,-25.51662],[-48.46036,-25.51486],[-48.46077,-25.51486],[-48.46184,-25.51538],[-48.46222,-25.51493],[-48.46257,-25.51403],[-48.46283,-25.51436],[-48.46284,-25.51277],[-48.46259,-25.51215],[-48.46122,-25.51047],[-48.46123,-25.51016],[-48.46095,-25.50993]]]]}},{"type":"Feature","properties":{"nome":"TI Guaviraty","etapa":"Declarada","area_ha":1246.6},"geometry":{"type":"Polygon","coordinates":[[[-47.78562,-24.8237],[-47.7772,-24.82366],[-47.77651,-24.82311],[-47.77572,-24.8213],[-47.7749,-24.81837],[-47.77523,-24.81608],[-47.77588,-24.81557],[-47.77678,-24.81522],[-47.7773,-24.81521],[-47.77908,-24.81323],[-47.77952,-24.81229],[-47.77937,-24.81164],[-47.77858,-24.81065],[-47.77896,-24.80959],[-47.77868,-24.80776],[-47.77742,-24.80688],[-47.7788,-24.80405],[-47.7797,-24.80304],[-47.77973,-24.80268],[-47.77938,-24.80163],[-47.77982,-24.79981],[-47.77937,-24.79851],[-47.77851,-24.79786],[-47.77754,-24.79754],[-47.77732,-24.79678],[-47.77677,-24.79623],[-47.77592,-24.797],[-47.7715,-24.79954],[-47.76997,-24.801],[-47.76828,-24.80188],[-47.76431,-24.80255],[-47.76226,-24.80413],[-47.75181,-24.80878],[-47.74954,-24.80989],[-47.7482,-24.81082],[-47.75409,-24.82283],[-47.75483,-24.82395],[-47.75722,-24.82565],[-47.75966,-24.82607],[-47.76435,-24.8299],[-47.76566,-24.83077],[-47.76717,-24.83139],[-47.77847,-24.84617],[-47.7795,-24.84592],[-47.77985,-24.84652],[-47.7799,-24.84717],[-47.78022,-24.84755],[-47.78071,-24.8478],[-47.78277,-24.84816],[-47.78337,-24.84863],[-47.78448,-24.84893],[-47.78519,-24.84891],[-47.78606,-24.84865],[-47.78675,-24.84799],[-47.78703,-24.84716],[-47.78691,-24.84661],[-47.78477,-24.84482],[-47.78488,-24.84283],[-47.78711,-24.84126],[-47.78865,-24.83877],[-47.79196,-24.83574],[-47.79398,-24.83532],[-47.79455,-24.83408],[-47.7952,-24.83395],[-47.79606,-24.83326],[-47.80011,-24.83197],[-47.8012,-24.83071],[-47.80343,-24.83062],[-47.80404,-24.83008],[-47.80059,-24.82755],[-47.79729,-24.82618],[-47.79561,-24.82591],[-47.79487,-24.82518],[-47.79439,-24.82493],[-47.79274,-24.82483],[-47.79133,-24.82428],[-47.78562,-24.8237]]]}},{"type":"Feature","properties":{"nome":"TI Takuari","etapa":"Encaminhada RI","area_ha":2160.46},"geometry":{"type":"Polygon","coordinates":[[[-48.2475,-24.51619],[-48.24254,-24.51475],[-48.23773,-24.51164],[-48.23683,-24.51012],[-48.23302,-24.5095],[-48.22719,-24.51222],[-48.22581,-24.51168],[-48.22321,-24.51364],[-48.2158,-24.51443],[-48.21057,-24.51677],[-48.20433,-24.51555],[-48.20217,-24.51729],[-48.19832,-24.51721],[-48.19583,-24.51836],[-48.19314,-24.51738],[-48.19237,-24.51811],[-48.18893,-24.51955],[-48.1882,-24.52028],[-48.18931,-24.52952],[-48.18967,-24.53132],[-48.19094,-24.53364],[-48.193,-24.53504],[-48.19315,-24.53721],[-48.19376,-24.5385],[-48.1986,-24.54042],[-48.19929,-24.54048],[-48.20183,-24.54318],[-48.19933,-24.54635],[-48.19772,-24.55],[-48.1976,-24.55171],[-48.19813,-24.55194],[-48.19848,-24.56647],[-48.19873,-24.56653],[-48.20033,-24.56571],[-48.20125,-24.56558],[-48.20282,-24.56647],[-48.20302,-24.56694],[-48.20398,-24.56766],[-48.20454,-24.56846],[-48.20479,-24.56855],[-48.20508,-24.56832],[-48.2055,-24.56864],[-48.20574,-24.56917],[-48.20686,-24.56897],[-48.20926,-24.56821],[-48.21073,-24.5681],[-48.21226,-24.56762],[-48.21393,-24.56679],[-48.21605,-24.56614],[-48.21819,-24.56414],[-48.21831,-24.56363],[-48.2153,-24.56277],[-48.21443,-24.56234],[-48.21423,-24.56201],[-48.21445,-24.56155],[-48.2169,-24.56112],[-48.21958,-24.55987],[-48.21957,-24.5597],[-48.21823,-24.55969],[-48.2181,-24.5594],[-48.21895,-24.55845],[-48.22018,-24.5576],[-48.2214,-24.55716],[-48.22244,-24.5566],[-48.22262,-24.55631],[-48.22228,-24.55543],[-48.22239,-24.55523],[-48.22218,-24.55498],[-48.22015,-24.5557],[-48.21901,-24.55564],[-48.21843,-24.55446],[-48.21744,-24.55376],[-48.21738,-24.55303],[-48.21862,-24.55194],[-48.21935,-24.55189],[-48.21955,-24.55173],[-48.22007,-24.55045],[-48.21898,-24.54902],[-48.21862,-24.54627],[-48.21883,-24.54589],[-48.21955,-24.54562],[-48.21998,-24.54512],[-48.22017,-24.54402],[-48.22004,-24.54309],[-48.2198,-24.54281],[-48.2344,-24.54239],[-48.23333,-24.54076],[-48.23601,-24.53572],[-48.23566,-24.53427],[-48.23842,-24.53046],[-48.23889,-24.52694],[-48.24646,-24.52706],[-48.24797,-24.52733],[-48.25243,-24.52252],[-48.25087,-24.51895],[-48.2475,-24.51619]]]}},{"type":"Feature","properties":{"nome":"TI Guyraroká","etapa":"Declarada","area_ha":11341.67},"geometry":{"type":"Polygon","coordinates":[[[-54.57154,-22.47716],[-54.5836,-22.53413],[-54.56654,-22.57482],[-54.62123,-22.59113],[-54.62153,-22.59099],[-54.62205,-22.59004],[-54.62279,-22.58962],[-54.62346,-22.58799],[-54.62336,-22.58715],[-54.62506,-22.58619],[-54.62459,-22.58506],[-54.62333,-22.58464],[-54.62261,-22.58347],[-54.62231,-22.58181],[-54.62237,-22.58102],[-54.62219,-22.57894],[-54.62254,-22.57703],[-54.62251,-22.57555],[-54.6228,-22.57458],[-54.62281,-22.57378],[-54.62259,-22.57329],[-54.62319,-22.57239],[-54.6238,-22.57008],[-54.62466,-22.56783],[-54.62643,-22.56616],[-54.62864,-22.56627],[-54.63252,-22.56685],[-54.64621,-22.56842],[-54.64757,-22.56875],[-54.6505,-22.56984],[-54.65221,-22.57074],[-54.67298,-22.56277],[-54.68126,-22.55977],[-54.67984,-22.55575],[-54.67806,-22.54895],[-54.67794,-22.54525],[-54.67858,-22.53162],[-54.67943,-22.52686],[-54.68179,-22.51719],[-54.68183,-22.51595],[-54.6815,-22.51246],[-54.68057,-22.49485],[-54.68368,-22.48835],[-54.67373,-22.4786],[-54.67446,-22.48688],[-54.64671,-22.47802],[-54.63593,-22.48391],[-54.5769,-22.46977],[-54.57154,-22.47716]]]}},{"type":"Feature","properties":{"nome":"TI Ibirama","etapa":"Regularizada","area_ha":14037.69},"geometry":{"type":"Polygon","coordinates":[[[-49.65133,-26.76351],[-49.63292,-26.78299],[-49.61978,-26.77961],[-49.61641,-26.7845],[-49.62345,-26.79272],[-49.62197,-26.79895],[-49.62562,-26.80684],[-49.62729,-26.80852],[-49.62958,-26.81391],[-49.63174,-26.81384],[-49.63461,-26.81847],[-49.62977,-26.82322],[-49.6577,-26.84822],[-49.65812,-26.85978],[-49.65893,-26.8726],[-49.67979,-26.87286],[-49.67995,-26.87167],[-49.68275,-26.86809],[-49.68369,-26.86726],[-49.68438,-26.86608],[-49.68441,-26.86391],[-49.68463,-26.86232],[-49.68522,-26.86028],[-49.68584,-26.85923],[-49.68623,-26.8589],[-49.68852,-26.85826],[-49.69198,-26.85809],[-49.69541,-26.85837],[-49.69869,-26.8591],[-49.70113,-26.859],[-49.70272,-26.85824],[-49.70396,-26.85809],[-49.7051,-26.85756],[-49.70574,-26.85699],[-49.70661,-26.85576],[-49.70728,-26.85432],[-49.70769,-26.85192],[-49.70772,-26.85053],[-49.7076,-26.84992],[-49.70721,-26.84924],[-49.70569,-26.84814],[-49.70527,-26.84758],[-49.70499,-26.84686],[-49.70524,-26.84597],[-49.70665,-26.84469],[-49.70978,-26.84316],[-49.71041,-26.84265],[-49.71134,-26.83988],[-49.71262,-26.83734],[-49.71347,-26.83519],[-49.71619,-26.83179],[-49.71986,-26.82787],[-49.72113,-26.82627],[-49.73115,-26.81854],[-49.7332,-26.81786],[-49.73398,-26.81725],[-49.73426,-26.81672],[-49.73518,-26.81322],[-49.7358,-26.81185],[-49.7377,-26.80994],[-49.74123,-26.80752],[-49.74176,-26.80675],[-49.74204,-26.80556],[-49.74189,-26.80417],[-49.74234,-26.80343],[-49.74247,-26.80023],[-49.74263,-26.7996],[-49.74301,-26.79903],[-49.74402,-26.79846],[-49.74599,-26.7982],[-49.74875,-26.79726],[-49.75046,-26.79637],[-49.75175,-26.79554],[-49.75243,-26.79483],[-49.75339,-26.79364],[-49.75394,-26.79227],[-49.7544,-26.79191],[-49.75372,-26.79384],[-49.75167,-26.79612],[-49.75075,-26.79681],[-49.74882,-26.79766],[-49.74406,-26.79905],[-49.74334,-26.79946],[-49.74301,-26.80024],[-49.74302,-26.80144],[-49.74276,-26.80281],[-49.74263,-26.80608],[-49.74248,-26.80669],[-49.74196,-26.80747],[-49.74003,-26.80914],[-49.73664,-26.81141],[-49.73614,-26.8122],[-49.73544,-26.81427],[-49.73527,-26.81637],[-49.73468,-26.81744],[-49.73354,-26.81827],[-49.73083,-26.81966],[-49.72952,-26.82082],[-49.72622,-26.82289],[-49.72325,-26.82579],[-49.72093,-26.82724],[-49.71892,-26.82982],[-49.7149,-26.83405],[-49.71413,-26.83517],[-49.71174,-26.84128],[-49.71088,-26.84272],[-49.71012,-26.84344],[-49.70648,-26.8456],[-49.70621,-26.84592],[-49.70573,-26.84677],[-49.70576,-26.8473],[-49.70815,-26.84915],[-49.70838,-26.84989],[-49.70813,-26.85386],[-49.7077,-26.855],[-49.7079,-26.87159],[-49.8008,-26.78628],[-49.79982,-26.78593],[-49.79861,-26.78629],[-49.7974,-26.78595],[-49.79502,-26.78449],[-49.79441,-26.78393],[-49.79331,-26.78355],[-49.79171,-26.78264],[-49.7905,-26.7825],[-49.78992,-26.78195],[-49.78967,-26.78149],[-49.78971,-26.78026],[-49.78924,-26.77895],[-49.78842,-26.77772],[-49.78768,-26.77723],[-49.78668,-26.77716],[-49.78577,-26.77749],[-49.78488,-26.77709],[-49.78369,-26.77713],[-49.78287,-26.77698],[-49.78068,-26.77565],[-49.77872,-26.77488],[-49.7774,-26.77404],[-49.77477,-26.77309],[-49.77417,-26.77301],[-49.77318,-26.77338],[-49.77162,-26.77327],[-49.7518,-26.76995],[-49.65472,-26.7528],[-49.65372,-26.7528],[-49.65133,-26.76351]]]}},{"type":"Feature","properties":{"nome":"TI Jarara","etapa":"Homologada","area_ha":494.82},"geometry":{"type":"Polygon","coordinates":[[[-54.60324,-22.91634],[-54.60111,-22.92676],[-54.59321,-22.92229],[-54.59252,-22.92332],[-54.60235,-22.93941],[-54.60666,-22.93901],[-54.60875,-22.93753],[-54.6092,-22.93688],[-54.60972,-22.93557],[-54.61075,-22.93214],[-54.61168,-22.93016],[-54.61268,-22.92958],[-54.61352,-22.92934],[-54.61597,-22.93039],[-54.61645,-22.93022],[-54.61722,-22.92949],[-54.61825,-22.92745],[-54.61901,-22.92661],[-54.61989,-22.9258],[-54.62162,-22.92457],[-54.6229,-22.92259],[-54.62407,-22.92226],[-54.61269,-22.9097],[-54.60744,-22.91321],[-54.60324,-22.91634]]]}},{"type":"Feature","properties":{"nome":"TI Ivai","etapa":"Regularizada","area_ha":7318.41},"geometry":{"type":"Polygon","coordinates":[[[-51.64579,-24.54014],[-51.62785,-24.53623],[-51.61261,-24.53458],[-51.61286,-24.53994],[-51.6125,-24.54065],[-51.58088,-24.53512],[-51.5594,-24.5747],[-51.55583,-24.58069],[-51.53903,-24.6112],[-51.52772,-24.63132],[-51.54881,-24.63519],[-51.58793,-24.64189],[-51.59057,-24.63626],[-51.59421,-24.62901],[-51.60262,-24.61383],[-51.60887,-24.60206],[-51.61324,-24.59488],[-51.62715,-24.57049],[-51.63687,-24.55492],[-51.64108,-24.54775],[-51.64579,-24.54014]]]}},{"type":"Feature","properties":{"nome":"TI Jaguapiré","etapa":"Regularizada","area_ha":2257.52},"geometry":{"type":"Polygon","coordinates":[[[-54.95452,-23.73801],[-54.95445,-23.73776],[-54.95403,-23.73754],[-54.95406,-23.73699],[-54.9548,-23.73675],[-54.95537,-23.73685],[-54.95565,-23.73762],[-54.95619,-23.73711],[-54.95713,-23.73691],[-54.95731,-23.7364],[-54.95794,-23.73588],[-54.95853,-23.73571],[-54.95859,-23.7354],[-54.95808,-23.73549],[-54.95781,-23.73502],[-54.95813,-23.73477],[-54.95869,-23.73492],[-54.95838,-23.73424],[-54.95698,-23.73411],[-54.95671,-23.73383],[-54.95672,-23.73277],[-54.95732,-23.73237],[-54.95819,-23.73258],[-54.9626,-23.73524],[-54.96295,-23.73597],[-54.96307,-23.73694],[-54.96399,-23.73839],[-54.96382,-23.73897],[-54.9644,-23.7398],[-54.96539,-23.73964],[-54.96571,-23.73975],[-54.96624,-23.73958],[-54.9667,-23.73892],[-54.96671,-23.73753],[-54.96698,-23.73747],[-54.96832,-23.73808],[-54.96887,-23.73865],[-54.96922,-23.7388],[-54.96947,-23.73917],[-54.96978,-23.73913],[-54.97003,-23.73719],[-54.97003,-23.73555],[-54.97052,-23.73476],[-54.9709,-23.73483],[-54.97137,-23.73425],[-54.97108,-23.73376],[-54.97161,-23.73203],[-54.97196,-23.73191],[-54.97242,-23.73229],[-54.97322,-23.73242],[-54.9736,-23.73179],[-54.97353,-23.73151],[-54.9738,-23.73136],[-54.97484,-23.73157],[-54.9749,-23.73139],[-54.97367,-23.73119],[-54.97375,-23.73077],[-54.97462,-23.73078],[-54.97505,-23.73061],[-54.9754,-23.73039],[-54.9756,-23.72987],[-54.97589,-23.72982],[-54.97611,-23.72997],[-54.97626,-23.73065],[-54.97646,-23.73079],[-54.97732,-23.73029],[-54.97722,-23.7301],[-54.97678,-23.73012],[-54.97639,-23.7298],[-54.97683,-23.72924],[-54.97727,-23.729],[-54.97702,-23.72854],[-54.97706,-23.7281],[-54.97783,-23.7266],[-54.97948,-23.72571],[-54.97992,-23.72678],[-54.98095,-23.72688],[-54.98116,-23.72674],[-54.98155,-23.7254],[-54.982,-23.72504],[-54.98252,-23.724],[-54.98282,-23.72382],[-54.9834,-23.72391],[-54.98334,-23.72431],[-54.98362,-23.72392],[-54.9844,-23.72386],[-54.9849,-23.72399],[-54.98522,-23.72447],[-54.98534,-23.72408],[-54.98619,-23.72398],[-54.98632,-23.72422],[-54.98622,-23.72464],[-54.98642,-23.72478],[-54.98665,-23.72451],[-54.98669,-23.72414],[-54.98642,-23.72391],[-54.98654,-23.72347],[-54.98706,-23.72265],[-54.98734,-23.72231],[-54.98762,-23.72235],[-54.98805,-23.72278],[-54.98808,-23.72227],[-54.98828,-23.72199],[-54.99024,-23.72027],[-54.99095,-23.71822],[-54.99031,-23.71739],[-54.99034,-23.71666],[-54.98991,-23.71656],[-54.98941,-23.71676],[-54.98643,-23.7135],[-54.98411,-23.7121],[-54.98342,-23.7113],[-54.98135,-23.71027],[-54.97985,-23.70916],[-54.96853,-23.70265],[-54.95986,-23.69745],[-54.95636,-23.69627],[-54.95494,-23.6962],[-54.95442,-23.69637],[-54.95315,-23.69606],[-54.95283,-23.69619],[-54.95118,-23.69578],[-54.95055,-23.69593],[-54.94907,-23.69581],[-54.94797,-23.69549],[-54.94767,-23.69565],[-54.94486,-23.69559],[-54.9444,-23.69582],[-54.94468,-23.69725],[-54.94436,-23.6982],[-54.94455,-23.69892],[-54.94454,-23.69976],[-54.9442,-23.70091],[-54.94273,-23.702],[-54.94269,-23.7024],[-54.94238,-23.70253],[-54.94198,-23.70302],[-54.94146,-23.70323],[-54.94146,-23.7041],[-54.9411,-23.70421],[-54.94079,-23.70397],[-54.94076,-23.70418],[-54.9411,-23.70434],[-54.94042,-23.70509],[-54.94071,-23.70563],[-54.94048,-23.70604],[-54.94069,-23.70627],[-54.94038,-23.70731],[-54.9399,-23.70813],[-54.93974,-23.70887],[-54.93899,-23.71011],[-54.9382,-23.71075],[-54.93752,-23.71177],[-54.93641,-23.71422],[-54.93591,-23.71464],[-54.93587,-23.71506],[-54.93539,-23.7153],[-54.93428,-23.71696],[-54.93357,-23.71746],[-54.9335,-23.71822],[-54.93327,-23.71855],[-54.93152,-23.71961],[-54.93144,-23.71992],[-54.931,-23.72021],[-54.931,-23.7205],[-54.93058,-23.72072],[-54.9296,-23.72221],[-54.92939,-23.7233],[-54.9299,-23.72405],[-54.92971,-23.7244],[-54.92923,-23.72471],[-54.92924,-23.72526],[-54.92879,-23.72545],[-54.92818,-23.72603],[-54.92739,-23.72721],[-54.9274,-23.72753],[-54.92778,-23.72781],[-54.92729,-23.72834],[-54.9266,-23.72966],[-54.92682,-23.73045],[-54.92644,-23.73066],[-54.92644,-23.73119],[-54.92374,-23.7344],[-54.92311,-23.73448],[-54.9221,-23.73597],[-54.92148,-23.73618],[-54.92079,-23.73727],[-54.92105,-23.73763],[-54.9205,-23.73836],[-54.92082,-23.73853],[-54.91966,-23.73953],[-54.9199,-23.7399],[-54.9195,-23.74056],[-54.91939,-23.74123],[-54.91887,-23.74129],[-54.91875,-23.74222],[-54.91833,-23.74239],[-54.91799,-23.74226],[-54.9175,-23.74266],[-54.91716,-23.74269],[-54.91684,-23.74306],[-54.91567,-23.74364],[-54.91664,-23.74344],[-54.91722,-23.7441],[-54.9181,-23.74464],[-54.91807,-23.74569],[-54.91858,-23.74531],[-54.91964,-23.74594],[-54.92076,-23.74555],[-54.92111,-23.74524],[-54.92158,-23.74528],[-54.92232,-23.74587],[-54.92247,-23.74624],[-54.92233,-23.74678],[-54.923,-23.74678],[-54.92372,-23.74735],[-54.92375,-23.74783],[-54.92402,-23.74834],[-54.9246,-23.74894],[-54.92677,-23.74858],[-54.92874,-23.74886],[-54.92912,-23.74926],[-54.92929,-23.7491],[-54.92921,-23.74878],[-54.92934,-23.74831],[-54.92953,-23.74818],[-54.93055,-23.74846],[-54.93077,-23.74875],[-54.93084,-23.74803],[-54.93074,-23.74793],[-54.93003,-23.74809],[-54.92977,-23.74792],[-54.92989,-23.74759],[-54.9304,-23.74731],[-54.93057,-23.74658],[-54.93142,-23.7462],[-54.93189,-23.74643],[-54.93159,-23.7469],[-54.93184,-23.74736],[-54.93216,-23.74711],[-54.93278,-23.74698],[-54.9331,-23.74661],[-54.93382,-23.74637],[-54.93416,-23.74637],[-54.93447,-23.74658],[-54.93495,-23.74729],[-54.93514,-23.74533],[-54.93566,-23.74466],[-54.93595,-23.74461],[-54.93517,-23.74371],[-54.93516,-23.74349],[-54.93556,-23.74297],[-54.93595,-23.74311],[-54.93587,-23.74341],[-54.93621,-23.74377],[-54.93757,-23.74395],[-54.93869,-23.7439],[-54.93909,-23.74407],[-54.93939,-23.74428],[-54.93939,-23.7452],[-54.93917,-23.74549],[-54.93939,-23.74558],[-54.93975,-23.74541],[-54.94004,-23.74508],[-54.94066,-23.7425],[-54.94108,-23.74215],[-54.94197,-23.74216],[-54.94246,-23.74266],[-54.94271,-23.74228],[-54.9433,-23.7422],[-54.94413,-23.7416],[-54.94504,-23.74159],[-54.9451,-23.74145],[-54.94465,-23.74129],[-54.94475,-23.74064],[-54.94519,-23.74039],[-54.94562,-23.74036],[-54.94609,-23.74059],[-54.94625,-23.74041],[-54.94593,-23.73989],[-54.94597,-23.73964],[-54.94655,-23.73925],[-54.94704,-23.7394],[-54.94714,-23.73929],[-54.94684,-23.73895],[-54.94699,-23.73861],[-54.94731,-23.73856],[-54.94807,-23.73903],[-54.94826,-23.73931],[-54.94874,-23.73866],[-54.94833,-23.73735],[-54.94847,-23.73696],[-54.94883,-23.73663],[-54.94949,-23.73636],[-54.95002,-23.73681],[-54.95068,-23.73594],[-54.95294,-23.73686],[-54.95327,-23.73752],[-54.95328,-23.73809],[-54.9537,-23.7383],[-54.9538,-23.73853],[-54.95441,-23.73876],[-54.95397,-23.73844],[-54.95406,-23.73827],[-54.95376,-23.73791],[-54.95391,-23.73779],[-54.95422,-23.73807],[-54.95452,-23.73801]]]}},{"type":"Feature","properties":{"nome":"TI Jaguari","etapa":"Regularizada","area_ha":438.03},"geometry":{"type":"Polygon","coordinates":[[[-54.92675,-23.04887],[-54.92666,-23.04853],[-54.92634,-23.0484],[-54.92648,-23.04891],[-54.92632,-23.04896],[-54.9261,-23.0488],[-54.92598,-23.04837],[-54.9252,-23.04795],[-54.92488,-23.04696],[-54.92413,-23.04678],[-54.92364,-23.04703],[-54.923,-23.04666],[-54.92267,-23.0451],[-54.92316,-23.04491],[-54.92327,-23.04432],[-54.92216,-23.04373],[-54.92196,-23.04339],[-54.92213,-23.04291],[-54.92177,-23.04223],[-54.92164,-23.04225],[-54.92188,-23.04273],[-54.92178,-23.04287],[-54.92127,-23.04302],[-54.92104,-23.04285],[-54.92083,-23.04237],[-54.92108,-23.04126],[-54.92068,-23.04088],[-54.92063,-23.04061],[-54.92099,-23.03939],[-54.92085,-23.03884],[-54.92034,-23.03839],[-54.91989,-23.03864],[-54.91923,-23.03865],[-54.91842,-23.04028],[-54.91703,-23.04146],[-54.91677,-23.04149],[-54.91665,-23.04179],[-54.91577,-23.04264],[-54.9144,-23.04358],[-54.91403,-23.0441],[-54.9126,-23.04515],[-54.91106,-23.046],[-54.90979,-23.04646],[-54.90889,-23.04729],[-54.91701,-23.07245],[-54.92238,-23.07195],[-54.9222,-23.07116],[-54.92333,-23.07049],[-54.92336,-23.07029],[-54.92337,-23.06952],[-54.92297,-23.0678],[-54.92319,-23.06776],[-54.92358,-23.06816],[-54.92388,-23.06678],[-54.92462,-23.06696],[-54.92473,-23.06667],[-54.92513,-23.06671],[-54.92507,-23.0661],[-54.92556,-23.06565],[-54.92542,-23.06524],[-54.92562,-23.06491],[-54.92545,-23.06471],[-54.92505,-23.06503],[-54.9247,-23.06481],[-54.92456,-23.0644],[-54.92513,-23.06387],[-54.92555,-23.06285],[-54.9256,-23.06262],[-54.92531,-23.06213],[-54.9253,-23.06174],[-54.9257,-23.06185],[-54.92627,-23.06268],[-54.92668,-23.06271],[-54.92669,-23.06223],[-54.92699,-23.06152],[-54.92646,-23.06098],[-54.92641,-23.06074],[-54.92735,-23.0588],[-54.92747,-23.05821],[-54.92835,-23.05693],[-54.92811,-23.05552],[-54.92779,-23.05494],[-54.92789,-23.05424],[-54.92756,-23.0532],[-54.92762,-23.05302],[-54.92815,-23.05302],[-54.92816,-23.05285],[-54.92722,-23.05208],[-54.92744,-23.05015],[-54.9272,-23.04912],[-54.92675,-23.04887]]]}},{"type":"Feature","properties":{"nome":"TI Tibagy/Mococa","etapa":"Regularizada","area_ha":827.89},"geometry":{"type":"Polygon","coordinates":[[[-50.744,-24.00638],[-50.74345,-24.00762],[-50.74277,-24.00839],[-50.74247,-24.00922],[-50.74185,-24.00988],[-50.73763,-24.01269],[-50.73417,-24.01549],[-50.73075,-24.01889],[-50.73018,-24.01908],[-50.72808,-24.02141],[-50.72734,-24.0227],[-50.72638,-24.02396],[-50.75458,-24.02706],[-50.75886,-24.02879],[-50.75871,-24.02866],[-50.7702,-24.0181],[-50.7747,-24.0099],[-50.7758,-24.0057],[-50.76255,-24.0058],[-50.74438,-24.00492],[-50.744,-24.00638]]]}},{"type":"Feature","properties":{"nome":"TI Toldo Imbu","etapa":"Homologada","area_ha":1961.37},"geometry":{"type":"Polygon","coordinates":[[[-52.3594,-26.55066],[-52.35732,-26.54983],[-52.35596,-26.54861],[-52.35522,-26.54828],[-52.35455,-26.54819],[-52.35413,-26.54898],[-52.35406,-26.54986],[-52.35471,-26.55321],[-52.35432,-26.5543],[-52.35359,-26.55541],[-52.35154,-26.55652],[-52.35063,-26.55679],[-52.34981,-26.55763],[-52.3492,-26.55915],[-52.34929,-26.5609],[-52.34889,-26.56164],[-52.34646,-26.56264],[-52.34397,-26.56253],[-52.34359,-26.56276],[-52.34365,-26.56429],[-52.34482,-26.56516],[-52.34455,-26.56606],[-52.34372,-26.56711],[-52.34275,-26.56762],[-52.34247,-26.56829],[-52.34252,-26.56857],[-52.3427,-26.56881],[-52.34688,-26.56841],[-52.34683,-26.56969],[-52.34622,-26.57113],[-52.34607,-26.57184],[-52.3453,-26.57291],[-52.34542,-26.57387],[-52.34482,-26.57468],[-52.34378,-26.57523],[-52.34283,-26.57628],[-52.34238,-26.57755],[-52.34195,-26.57792],[-52.34068,-26.57968],[-52.34058,-26.58009],[-52.33978,-26.58107],[-52.33975,-26.58134],[-52.33894,-26.58159],[-52.33864,-26.58225],[-52.33717,-26.58306],[-52.33677,-26.58375],[-52.34075,-26.59252],[-52.34233,-26.59554],[-52.34255,-26.5965],[-52.34236,-26.59905],[-52.34455,-26.60301],[-52.34478,-26.60288],[-52.34517,-26.60324],[-52.34548,-26.60329],[-52.34604,-26.60299],[-52.34662,-26.60234],[-52.34742,-26.60236],[-52.34762,-26.60264],[-52.34745,-26.60344],[-52.34764,-26.60368],[-52.34741,-26.60412],[-52.34758,-26.60498],[-52.3475,-26.60532],[-52.34841,-26.60544],[-52.34914,-26.60521],[-52.34948,-26.60558],[-52.35011,-26.60564],[-52.35066,-26.60615],[-52.35129,-26.60584],[-52.3516,-26.60549],[-52.35184,-26.60433],[-52.35208,-26.60417],[-52.35274,-26.60421],[-52.35256,-26.60461],[-52.35268,-26.6047],[-52.35325,-26.60447],[-52.35377,-26.6051],[-52.35488,-26.60494],[-52.35517,-26.60557],[-52.35605,-26.60632],[-52.35657,-26.6065],[-52.35685,-26.60644],[-52.35785,-26.60565],[-52.35838,-26.60557],[-52.35936,-26.60453],[-52.35986,-26.60433],[-52.3654,-26.60332],[-52.36572,-26.60197],[-52.3661,-26.60145],[-52.36694,-26.60082],[-52.36736,-26.60011],[-52.36787,-26.59995],[-52.36905,-26.60012],[-52.37008,-26.59996],[-52.37087,-26.59945],[-52.37114,-26.59897],[-52.37255,-26.59849],[-52.37301,-26.59799],[-52.37306,-26.59739],[-52.37281,-26.59717],[-52.37001,-26.59707],[-52.36958,-26.5968],[-52.36943,-26.59661],[-52.36952,-26.59518],[-52.36971,-26.59453],[-52.37054,-26.59439],[-52.37161,-26.59475],[-52.37193,-26.59468],[-52.37202,-26.59435],[-52.37246,-26.59388],[-52.37412,-26.59317],[-52.37507,-26.59233],[-52.37619,-26.59169],[-52.37778,-26.59115],[-52.37971,-26.59089],[-52.38039,-26.59019],[-52.38155,-26.58795],[-52.38145,-26.58631],[-52.38172,-26.58523],[-52.37997,-26.58409],[-52.37883,-26.58299],[-52.37846,-26.58241],[-52.37879,-26.58212],[-52.38135,-26.58175],[-52.38194,-26.58121],[-52.38198,-26.58069],[-52.38081,-26.58034],[-52.38077,-26.57994],[-52.38104,-26.57961],[-52.38105,-26.57865],[-52.38037,-26.57298],[-52.38058,-26.57211],[-52.38154,-26.56983],[-52.38137,-26.56783],[-52.38165,-26.56696],[-52.38195,-26.56645],[-52.3837,-26.56467],[-52.38389,-26.56298],[-52.3836,-26.56142],[-52.38297,-26.56076],[-52.38224,-26.5604],[-52.37981,-26.55945],[-52.3785,-26.55915],[-52.37761,-26.5586],[-52.37423,-26.55852],[-52.37103,-26.5588],[-52.37036,-26.55875],[-52.36987,-26.5585],[-52.36944,-26.55808],[-52.36919,-26.55748],[-52.3693,-26.55655],[-52.36945,-26.55576],[-52.37071,-26.55374],[-52.37106,-26.5527],[-52.37107,-26.55188],[-52.37077,-26.55084],[-52.36953,-26.54919],[-52.36877,-26.54882],[-52.3678,-26.54868],[-52.36664,-26.54887],[-52.36331,-26.55013],[-52.36233,-26.55027],[-52.36023,-26.55096],[-52.35976,-26.55093],[-52.3594,-26.55066]]]}},{"type":"Feature","properties":{"nome":"TI Vera Tupã’i","etapa":"Regularizada","area_ha":5.13},"geometry":{"type":"Polygon","coordinates":[[[-52.27617,-24.02547],[-52.27561,-24.02565],[-52.27537,-24.02522],[-52.27252,-24.02647],[-52.27222,-24.02705],[-52.27159,-24.02718],[-52.27708,-24.02651],[-52.27617,-24.02547]]]}},{"type":"Feature","properties":{"nome":"TI Pinhalzinho","etapa":"Regularizada","area_ha":593.09},"geometry":{"type":"Polygon","coordinates":[[[-50.06134,-23.55173],[-50.0615,-23.55254],[-50.06104,-23.55242],[-50.06114,-23.55367],[-50.06096,-23.55406],[-50.06066,-23.55425],[-50.06047,-23.55486],[-50.06021,-23.55511],[-50.05979,-23.55516],[-50.05962,-23.55482],[-50.05951,-23.55501],[-50.05907,-23.55504],[-50.05881,-23.55462],[-50.05821,-23.55524],[-50.05789,-23.55514],[-50.05772,-23.55481],[-50.05749,-23.55493],[-50.05714,-23.55532],[-50.05734,-23.55541],[-50.05728,-23.55563],[-50.05635,-23.55622],[-50.0555,-23.55723],[-50.05581,-23.55719],[-50.05581,-23.55745],[-50.05441,-23.55772],[-50.05407,-23.55807],[-50.05399,-23.55869],[-50.05348,-23.55862],[-50.05369,-23.5592],[-50.05277,-23.5598],[-50.05214,-23.56049],[-50.05237,-23.56051],[-50.05241,-23.56071],[-50.05192,-23.56111],[-50.052,-23.56151],[-50.05139,-23.5615],[-50.05138,-23.56184],[-50.051,-23.56186],[-50.0507,-23.56207],[-50.05018,-23.56265],[-50.05015,-23.56294],[-50.04975,-23.56315],[-50.04997,-23.56367],[-50.04983,-23.56401],[-50.04952,-23.56378],[-50.04837,-23.56389],[-50.04871,-23.56401],[-50.0487,-23.56416],[-50.04812,-23.56445],[-50.04821,-23.56505],[-50.0473,-23.56558],[-50.0472,-23.56609],[-50.04688,-23.56659],[-50.06887,-23.56847],[-50.0689,-23.5683],[-50.06845,-23.56792],[-50.06833,-23.5676],[-50.06862,-23.56714],[-50.07007,-23.56608],[-50.07179,-23.5655],[-50.07531,-23.56535],[-50.0773,-23.56509],[-50.08112,-23.56405],[-50.08368,-23.56279],[-50.08606,-23.56294],[-50.08859,-23.56338],[-50.09076,-23.56457],[-50.09208,-23.56492],[-50.09266,-23.56481],[-50.09317,-23.56431],[-50.09401,-23.562],[-50.09418,-23.56091],[-50.09409,-23.56007],[-50.09301,-23.55812],[-50.09195,-23.55671],[-50.0894,-23.55509],[-50.08917,-23.55467],[-50.08931,-23.55362],[-50.08982,-23.55274],[-50.08971,-23.55241],[-50.08551,-23.55241],[-50.06134,-23.55173]]]}},{"type":"Feature","properties":{"nome":"TI Queimadas","etapa":"Regularizada","area_ha":3017.33},"geometry":{"type":"Polygon","coordinates":[[[-50.98313,-24.2833],[-50.99596,-24.27121],[-50.99179,-24.26648],[-50.98014,-24.25242],[-50.99505,-24.24168],[-50.99905,-24.23896],[-50.99826,-24.23831],[-50.99713,-24.23692],[-50.99631,-24.23618],[-50.99075,-24.23557],[-50.98967,-24.23556],[-50.98675,-24.23599],[-50.98475,-24.23497],[-50.9816,-24.23419],[-50.9809,-24.23387],[-50.98044,-24.2327],[-50.99185,-24.22567],[-50.98045,-24.20884],[-50.97747,-24.20794],[-50.97698,-24.20797],[-50.97432,-24.20634],[-50.9729,-24.20587],[-50.96931,-24.20599],[-50.96831,-24.20578],[-50.96775,-24.20591],[-50.96697,-24.20641],[-50.96612,-24.20638],[-50.96574,-24.20558],[-50.96516,-24.20539],[-50.96408,-24.20565],[-50.96095,-24.2072],[-50.96003,-24.20817],[-50.95743,-24.20953],[-50.95355,-24.21301],[-50.95281,-24.21319],[-50.95178,-24.21269],[-50.95128,-24.21262],[-50.94868,-24.21362],[-50.94833,-24.21344],[-50.9482,-24.21352],[-50.94786,-24.21459],[-50.94683,-24.21559],[-50.9463,-24.21543],[-50.94617,-24.21557],[-50.94618,-24.21611],[-50.94603,-24.21639],[-50.94468,-24.21739],[-50.94292,-24.21819],[-50.94148,-24.21926],[-50.9409,-24.21927],[-50.93875,-24.22078],[-50.93773,-24.22174],[-50.93644,-24.22239],[-50.93634,-24.22299],[-50.93607,-24.22324],[-50.93613,-24.22367],[-50.93591,-24.22376],[-50.93525,-24.22488],[-50.93421,-24.2254],[-50.93372,-24.22607],[-50.93252,-24.2265],[-50.93233,-24.22679],[-50.93156,-24.22727],[-50.9312,-24.22779],[-50.9303,-24.22841],[-50.92982,-24.22849],[-50.9297,-24.22871],[-50.93303,-24.23326],[-50.93834,-24.24249],[-50.93769,-24.24342],[-50.93776,-24.24381],[-50.93863,-24.24416],[-50.93881,-24.24475],[-50.94049,-24.24492],[-50.94152,-24.24542],[-50.94313,-24.24651],[-50.9442,-24.24682],[-50.94488,-24.24747],[-50.94541,-24.24835],[-50.9463,-24.24918],[-50.94604,-24.25014],[-50.94845,-24.2529],[-50.94976,-24.25207],[-50.97082,-24.26462],[-50.97309,-24.26254],[-50.97439,-24.26328],[-50.9745,-24.26372],[-50.97401,-24.2644],[-50.97394,-24.26512],[-50.974,-24.26545],[-50.97493,-24.2666],[-50.97503,-24.2672],[-50.97516,-24.26715],[-50.9754,-24.26828],[-50.97506,-24.26888],[-50.97519,-24.26937],[-50.97491,-24.26964],[-50.97546,-24.2701],[-50.97548,-24.27102],[-50.97594,-24.27128],[-50.97576,-24.27181],[-50.97532,-24.27178],[-50.97533,-24.27196],[-50.97603,-24.27273],[-50.97637,-24.27345],[-50.97676,-24.2735],[-50.97677,-24.27373],[-50.9772,-24.2741],[-50.97684,-24.27429],[-50.977,-24.27465],[-50.97679,-24.27482],[-50.97645,-24.27471],[-50.97575,-24.27515],[-50.97579,-24.27567],[-50.97547,-24.2757],[-50.9748,-24.27509],[-50.97431,-24.27539],[-50.97427,-24.27583],[-50.97447,-24.2761],[-50.97378,-24.27635],[-50.9738,-24.27649],[-50.97446,-24.27689],[-50.97466,-24.27779],[-50.97452,-24.27792],[-50.97402,-24.27791],[-50.974,-24.27818],[-50.97479,-24.27843],[-50.97468,-24.279],[-50.97496,-24.27913],[-50.97582,-24.2791],[-50.9758,-24.27854],[-50.97724,-24.27791],[-50.97739,-24.27828],[-50.97695,-24.27883],[-50.97735,-24.27915],[-50.97715,-24.27975],[-50.97729,-24.28007],[-50.97755,-24.28041],[-50.97786,-24.28049],[-50.97749,-24.28083],[-50.97763,-24.28103],[-50.97842,-24.2804],[-50.97856,-24.2807],[-50.9779,-24.28125],[-50.97945,-24.28184],[-50.97968,-24.28245],[-50.98056,-24.28243],[-50.98313,-24.2833]]]}},{"type":"Feature","properties":{"nome":"TI Morro Alto","etapa":"Declarada","area_ha":888.57},"geometry":{"type":"Polygon","coordinates":[[[-48.68281,-26.29589],[-48.67826,-26.29576],[-48.67738,-26.29178],[-48.68136,-26.29065],[-48.681,-26.29035],[-48.68002,-26.28872],[-48.67925,-26.2864],[-48.67947,-26.28578],[-48.67868,-26.28529],[-48.67869,-26.28466],[-48.67852,-26.28431],[-48.67805,-26.28403],[-48.67779,-26.28358],[-48.67743,-26.2835],[-48.67213,-26.28892],[-48.66588,-26.28616],[-48.66704,-26.28132],[-48.66516,-26.2815],[-48.66319,-26.28203],[-48.66214,-26.2826],[-48.66058,-26.28385],[-48.6593,-26.28429],[-48.65713,-26.283],[-48.65408,-26.28049],[-48.64936,-26.28716],[-48.65131,-26.28933],[-48.64703,-26.30919],[-48.65474,-26.30955],[-48.65753,-26.31091],[-48.65584,-26.31816],[-48.65497,-26.31915],[-48.65086,-26.31627],[-48.6542,-26.32526],[-48.65506,-26.32468],[-48.65641,-26.32231],[-48.65856,-26.32199],[-48.65887,-26.32172],[-48.65754,-26.32103],[-48.66005,-26.31281],[-48.66207,-26.31394],[-48.66704,-26.30876],[-48.66985,-26.31025],[-48.67033,-26.3101],[-48.67039,-26.3097],[-48.67014,-26.3089],[-48.67045,-26.30838],[-48.67184,-26.30732],[-48.67282,-26.30632],[-48.67318,-26.30614],[-48.67562,-26.30638],[-48.67686,-26.3061],[-48.67701,-26.30597],[-48.67721,-26.30376],[-48.67863,-26.3049],[-48.67976,-26.30141],[-48.68279,-26.29695],[-48.68281,-26.29589]]]}},{"type":"Feature","properties":{"nome":"TI Xapecó","etapa":"Regularizada","area_ha":15551.34},"geometry":{"type":"MultiPolygon","coordinates":[[[[-52.54413,-26.73115],[-52.50934,-26.71469],[-52.50335,-26.71246],[-52.49387,-26.70809],[-52.49043,-26.70605],[-52.48364,-26.7042],[-52.47576,-26.69764],[-52.4641,-26.69077],[-52.4556,-26.68474],[-52.44921,-26.67843],[-52.44845,-26.67702],[-52.44753,-26.676],[-52.44609,-26.67513],[-52.44496,-26.67414],[-52.44161,-26.67034],[-52.43356,-26.6623],[-52.43556,-26.66004],[-52.43141,-26.65899],[-52.43067,-26.6601],[-52.42983,-26.66037],[-52.42548,-26.65663],[-52.42184,-26.65597],[-52.41281,-26.65393],[-52.40404,-26.65427],[-52.40299,-26.65415],[-52.40267,-26.65456],[-52.40156,-26.65468],[-52.4013,-26.65542],[-52.40094,-26.65538],[-52.40046,-26.65579],[-52.39967,-26.65604],[-52.39903,-26.6569],[-52.39825,-26.65695],[-52.39749,-26.65766],[-52.39554,-26.65824],[-52.39514,-26.65905],[-52.41083,-26.66716],[-52.41594,-26.67676],[-52.41744,-26.68217],[-52.41672,-26.6881],[-52.41647,-26.69345],[-52.4156,-26.70244],[-52.41986,-26.70276],[-52.42237,-26.70361],[-52.42325,-26.7044],[-52.42379,-26.70607],[-52.42475,-26.70697],[-52.42517,-26.70775],[-52.42517,-26.70886],[-52.42488,-26.71026],[-52.42553,-26.71189],[-52.4251,-26.71309],[-52.42528,-26.71367],[-52.42604,-26.71456],[-52.42623,-26.71502],[-52.42613,-26.71619],[-52.42565,-26.71694],[-52.42554,-26.71744],[-52.42541,-26.72057],[-52.42449,-26.72302],[-52.42379,-26.72348],[-52.42122,-26.72398],[-52.41966,-26.72494],[-52.41931,-26.7254],[-52.41895,-26.7268],[-52.41819,-26.72838],[-52.41825,-26.7292],[-52.41804,-26.72898],[-52.41757,-26.72898],[-52.4171,-26.72958],[-52.4168,-26.72964],[-52.41569,-26.72921],[-52.41551,-26.72922],[-52.41541,-26.72946],[-52.41508,-26.72902],[-52.41479,-26.72941],[-52.4144,-26.72937],[-52.41461,-26.72951],[-52.41444,-26.73016],[-52.41397,-26.73034],[-52.41353,-26.73016],[-52.41337,-26.73023],[-52.41334,-26.73048],[-52.41252,-26.73081],[-52.41209,-26.73167],[-52.41232,-26.73186],[-52.41297,-26.73161],[-52.41381,-26.73196],[-52.41348,-26.73252],[-52.41359,-26.73313],[-52.41337,-26.73416],[-52.41276,-26.73462],[-52.41199,-26.73454],[-52.41164,-26.73513],[-52.41117,-26.73504],[-52.41115,-26.73547],[-52.41089,-26.73553],[-52.41094,-26.73577],[-52.4104,-26.73617],[-52.41024,-26.73612],[-52.41041,-26.73635],[-52.41032,-26.73648],[-52.41005,-26.73644],[-52.41028,-26.73659],[-52.40997,-26.73713],[-52.41055,-26.73748],[-52.41046,-26.73794],[-52.41069,-26.73811],[-52.4104,-26.73846],[-52.41003,-26.73835],[-52.41015,-26.73895],[-52.40975,-26.73913],[-52.40879,-26.73847],[-52.40877,-26.73905],[-52.40851,-26.73931],[-52.40865,-26.73947],[-52.40861,-26.73985],[-52.40902,-26.73978],[-52.40917,-26.74024],[-52.40967,-26.7403],[-52.40958,-26.74094],[-52.40938,-26.74122],[-52.40901,-26.74124],[-52.40875,-26.74147],[-52.40757,-26.74135],[-52.40758,-26.74172],[-52.40696,-26.74196],[-52.40714,-26.74216],[-52.40713,-26.74252],[-52.40731,-26.74266],[-52.40755,-26.74223],[-52.40789,-26.74236],[-52.40812,-26.7436],[-52.40791,-26.74399],[-52.40674,-26.74436],[-52.40578,-26.74519],[-52.40554,-26.7459],[-52.40595,-26.74682],[-52.40639,-26.74729],[-52.4078,-26.74769],[-52.40848,-26.747],[-52.40921,-26.74703],[-52.40952,-26.74716],[-52.41012,-26.74793],[-52.41063,-26.74807],[-52.41464,-26.74745],[-52.41571,-26.74748],[-52.41731,-26.74802],[-52.41785,-26.74792],[-52.42113,-26.74811],[-52.42228,-26.7484],[-52.42325,-26.74996],[-52.42337,-26.7507],[-52.42238,-26.75223],[-52.42117,-26.75532],[-52.42034,-26.75647],[-52.41836,-26.75821],[-52.41813,-26.75869],[-52.41833,-26.75981],[-52.41896,-26.76037],[-52.42035,-26.76039],[-52.42096,-26.76062],[-52.42363,-26.7622],[-52.42394,-26.76252],[-52.42422,-26.76324],[-52.42393,-26.76371],[-52.42422,-26.76514],[-52.42551,-26.76669],[-52.42605,-26.76703],[-52.42686,-26.76725],[-52.42956,-26.76725],[-52.4305,-26.76691],[-52.43386,-26.76292],[-52.43472,-26.76217],[-52.43487,-26.76183],[-52.43481,-26.76118],[-52.43323,-26.7593],[-52.43184,-26.75696],[-52.43067,-26.75418],[-52.43065,-26.75327],[-52.4309,-26.75279],[-52.43148,-26.75237],[-52.43384,-26.75223],[-52.43641,-26.75119],[-52.43809,-26.75071],[-52.4415,-26.74881],[-52.44307,-26.74883],[-52.44528,-26.74935],[-52.44692,-26.75028],[-52.45169,-26.75371],[-52.45409,-26.7548],[-52.45561,-26.75474],[-52.45745,-26.75419],[-52.45801,-26.75377],[-52.45835,-26.75272],[-52.45883,-26.75227],[-52.45938,-26.75203],[-52.45937,-26.75154],[-52.45975,-26.75115],[-52.46056,-26.75075],[-52.46156,-26.75062],[-52.46187,-26.75075],[-52.46261,-26.75148],[-52.46327,-26.75351],[-52.46323,-26.75467],[-52.46244,-26.75577],[-52.46239,-26.75632],[-52.46264,-26.75722],[-52.46317,-26.75775],[-52.46552,-26.75795],[-52.46652,-26.75837],[-52.46756,-26.75891],[-52.46805,-26.75954],[-52.46804,-26.76024],[-52.46828,-26.76102],[-52.46816,-26.76193],[-52.46791,-26.76214],[-52.46777,-26.76287],[-52.46702,-26.76459],[-52.467,-26.76546],[-52.46746,-26.76584],[-52.47032,-26.76545],[-52.47082,-26.7651],[-52.47121,-26.76389],[-52.4711,-26.76226],[-52.47131,-26.76208],[-52.47157,-26.76127],[-52.47265,-26.7606],[-52.47394,-26.76029],[-52.47508,-26.76026],[-52.47644,-26.76046],[-52.47799,-26.76026],[-52.4787,-26.75998],[-52.48037,-26.76014],[-52.48235,-26.76117],[-52.48367,-26.76253],[-52.4845,-26.76272],[-52.48615,-26.76356],[-52.48874,-26.76379],[-52.48963,-26.76365],[-52.49052,-26.76309],[-52.49137,-26.76215],[-52.4915,-26.76106],[-52.49238,-26.75948],[-52.49423,-26.75716],[-52.49538,-26.75606],[-52.49711,-26.75525],[-52.49845,-26.75408],[-52.49931,-26.75393],[-52.50036,-26.75461],[-52.50053,-26.75495],[-52.50049,-26.75532],[-52.49934,-26.75723],[-52.4981,-26.75887],[-52.49683,-26.76191],[-52.49617,-26.76297],[-52.49608,-26.76362],[-52.49457,-26.76616],[-52.49306,-26.76899],[-52.493,-26.76937],[-52.49379,-26.7713],[-52.49447,-26.77199],[-52.49538,-26.77251],[-52.49634,-26.77281],[-52.49859,-26.77294],[-52.50084,-26.77348],[-52.50165,-26.77404],[-52.50295,-26.77625],[-52.5032,-26.77774],[-52.50286,-26.77854],[-52.50218,-26.77905],[-52.50178,-26.77914],[-52.50079,-26.77992],[-52.50021,-26.78053],[-52.49998,-26.78103],[-52.49966,-26.78499],[-52.49889,-26.78754],[-52.4991,-26.78831],[-52.50014,-26.78876],[-52.50059,-26.78856],[-52.50202,-26.7884],[-52.50266,-26.78848],[-52.503,-26.78821],[-52.50355,-26.78736],[-52.50361,-26.78666],[-52.50551,-26.7844],[-52.50673,-26.78355],[-52.50876,-26.78268],[-52.50955,-26.78171],[-52.51013,-26.78059],[-52.5102,-26.78006],[-52.51111,-26.77802],[-52.51202,-26.7767],[-52.51377,-26.7758],[-52.51529,-26.77568],[-52.51782,-26.77489],[-52.51965,-26.77476],[-52.52093,-26.77492],[-52.52152,-26.77515],[-52.52202,-26.77549],[-52.52262,-26.77655],[-52.5232,-26.77885],[-52.52316,-26.77963],[-52.52276,-26.78088],[-52.52345,-26.78459],[-52.52353,-26.78777],[-52.52318,-26.78905],[-52.52289,-26.78947],[-52.52249,-26.78977],[-52.52149,-26.79012],[-52.52071,-26.79019],[-52.51926,-26.78981],[-52.51797,-26.7891],[-52.51689,-26.78824],[-52.51611,-26.78793],[-52.5106,-26.78894],[-52.50957,-26.78946],[-52.5093,-26.7899],[-52.50752,-26.79061],[-52.50672,-26.79143],[-52.50629,-26.79247],[-52.50646,-26.79402],[-52.50698,-26.79491],[-52.5078,-26.79572],[-52.50933,-26.79639],[-52.5107,-26.79658],[-52.51356,-26.79662],[-52.51638,-26.79743],[-52.51696,-26.79783],[-52.51747,-26.79875],[-52.51861,-26.79956],[-52.51989,-26.80027],[-52.52205,-26.80072],[-52.52295,-26.80108],[-52.52438,-26.8022],[-52.52518,-26.80334],[-52.52772,-26.80485],[-52.53065,-26.80544],[-52.53176,-26.80585],[-52.53252,-26.80634],[-52.53369,-26.8077],[-52.53599,-26.8091],[-52.53695,-26.80897],[-52.53964,-26.8076],[-52.54392,-26.806],[-52.54682,-26.80425],[-52.54779,-26.80323],[-52.54932,-26.80216],[-52.55114,-26.79987],[-52.55113,-26.79873],[-52.55093,-26.79834],[-52.55034,-26.7979],[-52.54976,-26.79714],[-52.54918,-26.79598],[-52.54929,-26.79536],[-52.54987,-26.79452],[-52.55102,-26.79434],[-52.55159,-26.79455],[-52.55832,-26.7942],[-52.55895,-26.79406],[-52.56013,-26.79296],[-52.56171,-26.79202],[-52.56426,-26.79133],[-52.5655,-26.79133],[-52.56667,-26.79177],[-52.56826,-26.79329],[-52.57012,-26.79641],[-52.57059,-26.79691],[-52.57164,-26.79741],[-52.57255,-26.79761],[-52.57437,-26.79735],[-52.57556,-26.79695],[-52.57847,-26.79542],[-52.57993,-26.79503],[-52.58095,-26.79499],[-52.58169,-26.79569],[-52.58188,-26.79684],[-52.58196,-26.79926],[-52.5824,-26.79997],[-52.58353,-26.8012],[-52.58498,-26.80122],[-52.58735,-26.80009],[-52.59053,-26.7982],[-52.5916,-26.79715],[-52.59188,-26.79645],[-52.5929,-26.79494],[-52.59526,-26.7929],[-52.59605,-26.79243],[-52.59644,-26.79243],[-52.59819,-26.79297],[-52.59922,-26.79256],[-52.60029,-26.79178],[-52.60143,-26.7904],[-52.60174,-26.78779],[-52.60256,-26.78612],[-52.60348,-26.78477],[-52.60376,-26.78396],[-52.60433,-26.78122],[-52.6044,-26.77879],[-52.60457,-26.77804],[-52.605,-26.77725],[-52.60884,-26.77428],[-52.61155,-26.77122],[-52.61194,-26.77053],[-52.61193,-26.77022],[-52.61145,-26.77002],[-52.61114,-26.76918],[-52.61002,-26.76862],[-52.60729,-26.76876],[-52.6044,-26.7692],[-52.60375,-26.76909],[-52.60289,-26.76868],[-52.60145,-26.76718],[-52.6011,-26.76632],[-52.60125,-26.7639],[-52.60203,-26.76286],[-52.60354,-26.76199],[-52.60389,-26.76192],[-52.60491,-26.76228],[-52.60554,-26.76298],[-52.60932,-26.76595],[-52.61048,-26.76667],[-52.61178,-26.76668],[-52.61414,-26.76555],[-52.61622,-26.76586],[-52.61836,-26.76659],[-52.62093,-26.76849],[-52.62307,-26.771],[-52.62556,-26.76969],[-52.6284,-26.76877],[-52.62987,-26.76848],[-52.63102,-26.76805],[-52.63533,-26.7675],[-52.63706,-26.76686],[-52.6378,-26.76632],[-52.63866,-26.76535],[-52.639,-26.7648],[-52.63927,-26.76388],[-52.63917,-26.76285],[-52.63869,-26.76206],[-52.63817,-26.76156],[-52.63703,-26.76092],[-52.63235,-26.75942],[-52.62967,-26.75772],[-52.62895,-26.75693],[-52.6285,-26.7559],[-52.62836,-26.75484],[-52.62852,-26.75443],[-52.62893,-26.75395],[-52.62963,-26.75359],[-52.63157,-26.75315],[-52.63429,-26.75329],[-52.63662,-26.7537],[-52.6387,-26.75359],[-52.63988,-26.75325],[-52.64257,-26.75203],[-52.64576,-26.75022],[-52.64656,-26.7494],[-52.64698,-26.7487],[-52.64697,-26.7478],[-52.64724,-26.74707],[-52.64713,-26.74682],[-52.6467,-26.74592],[-52.64542,-26.74529],[-52.64289,-26.74512],[-52.63722,-26.74579],[-52.63432,-26.74578],[-52.63132,-26.74523],[-52.62918,-26.74426],[-52.6277,-26.74288],[-52.62733,-26.74231],[-52.62683,-26.74074],[-52.62689,-26.74014],[-52.62767,-26.73843],[-52.6283,-26.73795],[-52.63121,-26.73659],[-52.63171,-26.73609],[-52.63508,-26.73388],[-52.6369,-26.73216],[-52.63735,-26.7309],[-52.63686,-26.72877],[-52.63642,-26.72848],[-52.63385,-26.7282],[-52.62961,-26.72991],[-52.62703,-26.73125],[-52.62581,-26.73151],[-52.62342,-26.73158],[-52.62237,-26.731],[-52.62122,-26.73006],[-52.6209,-26.72962],[-52.62087,-26.72899],[-52.62041,-26.72818],[-52.61919,-26.72666],[-52.61857,-26.72616],[-52.61824,-26.72661],[-52.6169,-26.72761],[-52.61595,-26.72798],[-52.61584,-26.72816],[-52.6161,-26.72893],[-52.61599,-26.72937],[-52.6155,-26.7295],[-52.61488,-26.72935],[-52.61398,-26.73064],[-52.61326,-26.73135],[-52.6132,-26.73165],[-52.6123,-26.73235],[-52.61192,-26.73243],[-52.61156,-26.73217],[-52.61187,-26.73096],[-52.61177,-26.73066],[-52.61097,-26.73091],[-52.61034,-26.7314],[-52.60999,-26.73178],[-52.60933,-26.73425],[-52.60803,-26.73452],[-52.60829,-26.73548],[-52.60875,-26.73571],[-52.60903,-26.73608],[-52.60895,-26.73643],[-52.60791,-26.73739],[-52.60727,-26.73775],[-52.60644,-26.7379],[-52.60604,-26.73846],[-52.60535,-26.73892],[-52.60399,-26.73893],[-52.60264,-26.73836],[-52.60147,-26.73828],[-52.60071,-26.7388],[-52.60033,-26.73941],[-52.59979,-26.73981],[-52.59819,-26.73949],[-52.59713,-26.74024],[-52.59618,-26.73991],[-52.5958,-26.73957],[-52.59476,-26.74025],[-52.59254,-26.7407],[-52.5912,-26.7403],[-52.5898,-26.74041],[-52.58887,-26.74003],[-52.58705,-26.74005],[-52.58684,-26.73992],[-52.58636,-26.74084],[-52.5855,-26.74153],[-52.58506,-26.74271],[-52.58457,-26.7432],[-52.58389,-26.74326],[-52.58302,-26.7431],[-52.58127,-26.74427],[-52.57998,-26.74463],[-52.57934,-26.74507],[-52.57895,-26.74548],[-52.57842,-26.74689],[-52.57808,-26.74734],[-52.57846,-26.74811],[-52.57847,-26.7486],[-52.577,-26.74947],[-52.57652,-26.7494],[-52.57617,-26.74872],[-52.57649,-26.74758],[-52.57568,-26.74749],[-52.57466,-26.74765],[-52.57423,-26.74714],[-52.57351,-26.74478],[-52.57324,-26.7445],[-52.57243,-26.74424],[-52.5717,-26.74302],[-52.56898,-26.74117],[-52.56851,-26.74098],[-52.568,-26.74101],[-52.5668,-26.74159],[-52.56566,-26.74168],[-52.56454,-26.7424],[-52.56257,-26.74252],[-52.56168,-26.7429],[-52.56101,-26.74299],[-52.55819,-26.74095],[-52.55013,-26.73449],[-52.54413,-26.73115]]],[[[-52.40981,-26.73713],[-52.40984,-26.73708],[-52.40981,-26.73702],[-52.40981,-26.73713]]]]}},{"type":"Feature","properties":{"nome":"TI Pindoty/Araçá-Mirim","etapa":"Declarada","area_ha":1029.61},"geometry":{"type":"Polygon","coordinates":[[[-47.85203,-24.76843],[-47.85235,-24.76733],[-47.85489,-24.76737],[-47.85561,-24.76767],[-47.85758,-24.76647],[-47.85928,-24.76624],[-47.8603,-24.7654],[-47.86151,-24.76555],[-47.86183,-24.76518],[-47.87589,-24.76598],[-47.87599,-24.76388],[-47.87427,-24.76393],[-47.87333,-24.76209],[-47.873,-24.75545],[-47.87279,-24.75455],[-47.87287,-24.75372],[-47.86686,-24.75331],[-47.8672,-24.75162],[-47.86689,-24.74932],[-47.86743,-24.74644],[-47.86733,-24.74571],[-47.86637,-24.74375],[-47.86199,-24.74264],[-47.86152,-24.74225],[-47.86037,-24.74187],[-47.8596,-24.74237],[-47.85741,-24.74316],[-47.85496,-24.74286],[-47.85415,-24.74378],[-47.8532,-24.74317],[-47.8529,-24.74315],[-47.85195,-24.74334],[-47.85164,-24.74319],[-47.85019,-24.74329],[-47.84872,-24.74314],[-47.84711,-24.74362],[-47.84638,-24.74318],[-47.84562,-24.74221],[-47.84401,-24.74246],[-47.84286,-24.7434],[-47.8418,-24.74394],[-47.84019,-24.74526],[-47.83672,-24.74592],[-47.83586,-24.74653],[-47.83526,-24.74649],[-47.83367,-24.7471],[-47.83473,-24.75034],[-47.83644,-24.75338],[-47.83401,-24.7549],[-47.83049,-24.75597],[-47.83034,-24.75571],[-47.82975,-24.75576],[-47.8271,-24.75704],[-47.82648,-24.75761],[-47.82547,-24.75803],[-47.82512,-24.75836],[-47.82485,-24.75952],[-47.82443,-24.76021],[-47.82499,-24.76191],[-47.82485,-24.76324],[-47.82513,-24.76424],[-47.82557,-24.76527],[-47.82629,-24.76564],[-47.82686,-24.7655],[-47.82717,-24.76518],[-47.82772,-24.7643],[-47.82815,-24.76224],[-47.82912,-24.76133],[-47.82925,-24.76224],[-47.82903,-24.76265],[-47.82907,-24.76296],[-47.82932,-24.76298],[-47.82999,-24.76395],[-47.83062,-24.76414],[-47.83112,-24.76415],[-47.83161,-24.76375],[-47.83222,-24.76225],[-47.83273,-24.76286],[-47.83317,-24.7629],[-47.83274,-24.76166],[-47.83342,-24.76193],[-47.83398,-24.76194],[-47.83457,-24.76155],[-47.83467,-24.76179],[-47.83497,-24.76164],[-47.83583,-24.76263],[-47.83549,-24.7636],[-47.83566,-24.76393],[-47.83509,-24.76425],[-47.83457,-24.76486],[-47.83297,-24.76585],[-47.83235,-24.76651],[-47.83228,-24.76683],[-47.83165,-24.76765],[-47.8321,-24.76815],[-47.83256,-24.76837],[-47.83285,-24.76832],[-47.83315,-24.76785],[-47.83351,-24.76779],[-47.83394,-24.76746],[-47.83418,-24.76785],[-47.83453,-24.76773],[-47.8352,-24.76792],[-47.83454,-24.76874],[-47.83502,-24.76921],[-47.83511,-24.77039],[-47.83547,-24.77059],[-47.83597,-24.77056],[-47.83635,-24.7703],[-47.83762,-24.76896],[-47.83757,-24.76796],[-47.83724,-24.7672],[-47.83823,-24.76814],[-47.83875,-24.76716],[-47.8392,-24.76685],[-47.83921,-24.76632],[-47.83965,-24.76611],[-47.8404,-24.76635],[-47.84139,-24.766],[-47.84407,-24.76713],[-47.84474,-24.767],[-47.84555,-24.76713],[-47.84639,-24.7681],[-47.84813,-24.76888],[-47.84871,-24.76959],[-47.84935,-24.7697],[-47.85043,-24.77055],[-47.85203,-24.76843]]]}},{"type":"Feature","properties":{"nome":"TI Tekoha Itamarã","etapa":"Regularizada","area_ha":215.96},"geometry":{"type":"Polygon","coordinates":[[[-54.06362,-25.00051],[-54.06264,-25.00253],[-54.06067,-25.00481],[-54.06017,-25.00506],[-54.0599,-25.00571],[-54.05904,-25.00632],[-54.05742,-25.00706],[-54.0569,-25.007],[-54.05654,-25.00654],[-54.05645,-25.00585],[-54.05663,-25.00507],[-54.05657,-25.00463],[-54.0561,-25.0038],[-54.05395,-25.00092],[-54.05336,-25.00065],[-54.05284,-25.00084],[-54.05238,-25.00137],[-54.05253,-25.002],[-54.0524,-25.00219],[-54.05173,-25.00267],[-54.05048,-25.0031],[-54.04695,-25.00245],[-54.04562,-25.00248],[-54.04484,-25.0028],[-54.04348,-25.00204],[-54.04311,-25.00201],[-54.04098,-25.00314],[-54.04028,-25.00407],[-54.03974,-25.00521],[-54.03879,-25.00612],[-54.03721,-25.00585],[-54.03408,-25.00601],[-54.03331,-25.0059],[-54.03263,-25.00605],[-54.03179,-25.00649],[-54.03139,-25.00682],[-54.03119,-25.00748],[-54.03125,-25.00904],[-54.03261,-25.01039],[-54.03314,-25.01134],[-54.03398,-25.01194],[-54.03563,-25.01263],[-54.03727,-25.01302],[-54.03884,-25.01069],[-54.03914,-25.01058],[-54.03935,-25.01094],[-54.04006,-25.01119],[-54.04062,-25.01109],[-54.04154,-25.01176],[-54.0423,-25.01206],[-54.04278,-25.01174],[-54.04276,-25.01126],[-54.04176,-25.01035],[-54.04323,-25.01051],[-54.04341,-25.00917],[-54.04261,-25.00908],[-54.0431,-25.00861],[-54.04289,-25.00789],[-54.04332,-25.00691],[-54.04434,-25.00617],[-54.04512,-25.00511],[-54.046,-25.00475],[-54.04833,-25.00531],[-54.0492,-25.00584],[-54.04997,-25.00726],[-54.04979,-25.00882],[-54.05062,-25.00928],[-54.05198,-25.00634],[-54.05705,-25.00865],[-54.05675,-25.01089],[-54.05871,-25.01111],[-54.05901,-25.00888],[-54.05917,-25.00857],[-54.05953,-25.00835],[-54.05952,-25.00768],[-54.06084,-25.0067],[-54.06099,-25.0063],[-54.06183,-25.0053],[-54.06225,-25.00556],[-54.06303,-25.00449],[-54.06377,-25.00386],[-54.06401,-25.00319],[-54.06448,-25.00265],[-54.06531,-25.00201],[-54.06841,-24.99893],[-54.06952,-24.9983],[-54.06962,-24.99802],[-54.06889,-24.99661],[-54.06842,-24.99609],[-54.06618,-24.9942],[-54.06451,-24.99249],[-54.06371,-24.99198],[-54.06319,-24.9922],[-54.06266,-24.99342],[-54.06182,-24.99452],[-54.06176,-24.99489],[-54.0618,-24.99588],[-54.06198,-24.99614],[-54.06288,-24.99645],[-54.06311,-24.99669],[-54.06425,-24.99857],[-54.06362,-25.00051]]]}},{"type":"Feature","properties":{"nome":"TI Tapyi/Rio Branquinho","etapa":"Declarada","area_ha":1152.35},"geometry":{"type":"Polygon","coordinates":[[[-48.00463,-24.91822],[-48.00521,-24.91857],[-48.00567,-24.91864],[-48.00614,-24.91906],[-48.00743,-24.91925],[-48.00806,-24.91965],[-48.00808,-24.91991],[-48.00743,-24.92079],[-48.0073,-24.92128],[-48.00747,-24.92156],[-48.00807,-24.92192],[-48.00791,-24.92234],[-48.00823,-24.92285],[-48.00901,-24.92337],[-48.01017,-24.92367],[-48.01099,-24.92438],[-48.01132,-24.92529],[-48.01136,-24.92649],[-48.01163,-24.92687],[-48.01162,-24.92713],[-48.01191,-24.9271],[-48.01265,-24.92655],[-48.01309,-24.92643],[-48.01371,-24.92672],[-48.01537,-24.9266],[-48.01645,-24.92765],[-48.01744,-24.92828],[-48.0179,-24.92917],[-48.01811,-24.92921],[-48.01846,-24.92966],[-48.01883,-24.93087],[-48.02058,-24.93189],[-48.02084,-24.93234],[-48.0211,-24.93477],[-48.02152,-24.93533],[-48.02183,-24.9356],[-48.02565,-24.93651],[-48.028,-24.93752],[-48.02821,-24.93788],[-48.02831,-24.9387],[-48.02857,-24.93912],[-48.02919,-24.93971],[-48.03065,-24.94029],[-48.03101,-24.9406],[-48.0312,-24.94052],[-48.03203,-24.93923],[-48.03304,-24.93843],[-48.03351,-24.93768],[-48.03535,-24.93743],[-48.03584,-24.93718],[-48.03655,-24.93594],[-48.03684,-24.93575],[-48.03786,-24.93555],[-48.03822,-24.93523],[-48.03926,-24.93484],[-48.03984,-24.93434],[-48.04019,-24.93453],[-48.04048,-24.9344],[-48.04083,-24.93352],[-48.04166,-24.93289],[-48.04181,-24.93227],[-48.0429,-24.93014],[-48.04322,-24.92976],[-48.04428,-24.92932],[-48.04479,-24.92943],[-48.04576,-24.92896],[-48.04594,-24.92836],[-48.04633,-24.92802],[-48.04693,-24.92704],[-48.04727,-24.92587],[-48.04691,-24.92523],[-48.0469,-24.9235],[-48.04607,-24.92253],[-48.04621,-24.92103],[-48.046,-24.92066],[-48.04448,-24.9195],[-48.04381,-24.91844],[-48.04341,-24.9182],[-48.04279,-24.91811],[-48.04047,-24.91806],[-48.0396,-24.91763],[-48.039,-24.91779],[-48.03853,-24.91841],[-48.03792,-24.91842],[-48.03756,-24.91767],[-48.03683,-24.91713],[-48.03527,-24.91647],[-48.03526,-24.91604],[-48.03617,-24.91444],[-48.03655,-24.91285],[-48.03653,-24.91225],[-48.0363,-24.91099],[-48.03636,-24.9104],[-48.03594,-24.90912],[-48.03606,-24.90875],[-48.03596,-24.90841],[-48.03558,-24.90802],[-48.03552,-24.90695],[-48.03519,-24.90638],[-48.03511,-24.90588],[-48.03439,-24.90526],[-48.03435,-24.90405],[-48.03168,-24.90399],[-48.03031,-24.90291],[-48.03009,-24.90284],[-48.02953,-24.90315],[-48.02789,-24.9026],[-48.02744,-24.90225],[-48.02557,-24.90186],[-48.0248,-24.90131],[-48.02302,-24.90076],[-48.02201,-24.89933],[-48.02019,-24.89886],[-48.01962,-24.89921],[-48.01674,-24.89967],[-48.01584,-24.90046],[-48.01453,-24.90088],[-48.01082,-24.8995],[-48.00974,-24.89962],[-48.00848,-24.90013],[-48.00823,-24.90005],[-48.00745,-24.90052],[-48.00633,-24.90049],[-48.00575,-24.9008],[-48.00559,-24.90149],[-48.00573,-24.90169],[-48.00561,-24.90185],[-48.00575,-24.90233],[-48.00527,-24.90302],[-48.00551,-24.90331],[-48.00586,-24.90335],[-48.00642,-24.9042],[-48.00704,-24.9044],[-48.00713,-24.90418],[-48.00751,-24.90422],[-48.00773,-24.90471],[-48.00787,-24.90474],[-48.00841,-24.90444],[-48.01057,-24.90405],[-48.01075,-24.90441],[-48.01121,-24.90419],[-48.01156,-24.90471],[-48.01259,-24.90504],[-48.00463,-24.91822]]]}},{"type":"Feature","properties":{"nome":"TI Xapecó (Pinhalzinho-Canhadão)","etapa":"Declarada","area_ha":629.61},"geometry":{"type":"MultiPolygon","coordinates":[[[[-52.44921,-26.67843],[-52.44929,-26.67591],[-52.44851,-26.67436],[-52.44795,-26.67394],[-52.44683,-26.67162],[-52.44639,-26.66929],[-52.44658,-26.66794],[-52.44566,-26.66733],[-52.44415,-26.66373],[-52.44338,-26.66365],[-52.443,-26.66295],[-52.44169,-26.66232],[-52.44083,-26.66211],[-52.43963,-26.66105],[-52.43881,-26.65922],[-52.438,-26.65824],[-52.43742,-26.65706],[-52.43763,-26.65588],[-52.4374,-26.6539],[-52.43785,-26.65146],[-52.43823,-26.65097],[-52.43924,-26.65028],[-52.44058,-26.64861],[-52.44086,-26.648],[-52.44083,-26.64752],[-52.44032,-26.64645],[-52.44043,-26.64603],[-52.44103,-26.6452],[-52.44029,-26.64418],[-52.44057,-26.64337],[-52.44006,-26.64197],[-52.44066,-26.64132],[-52.44031,-26.64034],[-52.43967,-26.64037],[-52.43925,-26.64012],[-52.43897,-26.64017],[-52.43914,-26.64082],[-52.43836,-26.6407],[-52.43804,-26.64095],[-52.4375,-26.64104],[-52.43706,-26.64177],[-52.43657,-26.64168],[-52.43633,-26.64105],[-52.43597,-26.64084],[-52.43517,-26.64081],[-52.43353,-26.64135],[-52.43254,-26.64124],[-52.43217,-26.64142],[-52.43217,-26.64222],[-52.43189,-26.64245],[-52.43164,-26.64241],[-52.43084,-26.64142],[-52.43099,-26.64077],[-52.43076,-26.64034],[-52.43028,-26.64043],[-52.43006,-26.64086],[-52.42957,-26.64129],[-52.42772,-26.64193],[-52.42718,-26.64197],[-52.42661,-26.64156],[-52.42633,-26.64153],[-52.42596,-26.64199],[-52.42585,-26.64278],[-52.42535,-26.64322],[-52.42262,-26.64398],[-52.4211,-26.64546],[-52.42072,-26.64565],[-52.41983,-26.6459],[-52.4183,-26.64561],[-52.41757,-26.6458],[-52.41604,-26.6471],[-52.41317,-26.64876],[-52.41122,-26.649],[-52.4101,-26.64989],[-52.40904,-26.65007],[-52.40701,-26.6517],[-52.40692,-26.65229],[-52.40712,-26.65286],[-52.40664,-26.65374],[-52.406,-26.654],[-52.40404,-26.65427],[-52.41281,-26.65393],[-52.42184,-26.65597],[-52.42548,-26.65663],[-52.42983,-26.66037],[-52.43067,-26.6601],[-52.43141,-26.65899],[-52.43556,-26.66004],[-52.43356,-26.6623],[-52.44161,-26.67034],[-52.44496,-26.67414],[-52.44609,-26.67513],[-52.44753,-26.676],[-52.44845,-26.67702],[-52.44921,-26.67843]]],[[[-52.41594,-26.67676],[-52.41083,-26.66716],[-52.39491,-26.65985],[-52.39554,-26.65824],[-52.39483,-26.65863],[-52.39283,-26.65875],[-52.40098,-26.66608],[-52.40914,-26.67298],[-52.41594,-26.67676]]]]}},{"type":"Feature","properties":{"nome":"TI Yvy-katu","etapa":"Declarada","area_ha":9426.8},"geometry":{"type":"Polygon","coordinates":[[[-54.59267,-23.7305],[-54.58943,-23.73095],[-54.58426,-23.731],[-54.58337,-23.73078],[-54.58206,-23.73016],[-54.58089,-23.72996],[-54.5801,-23.73084],[-54.57755,-23.73203],[-54.57713,-23.73241],[-54.57677,-23.73334],[-54.5763,-23.73401],[-54.57511,-23.73504],[-54.57325,-23.73609],[-54.57181,-23.73638],[-54.56844,-23.73644],[-54.56628,-23.73601],[-54.56437,-23.73544],[-54.56307,-23.73485],[-54.56188,-23.73409],[-54.55975,-23.7334],[-54.55858,-23.7343],[-54.55668,-23.73511],[-54.55583,-23.73526],[-54.55366,-23.73609],[-54.55265,-23.73627],[-54.54998,-23.73595],[-54.54622,-23.73446],[-54.54436,-23.73398],[-54.54307,-23.7346],[-54.53961,-23.73681],[-54.53836,-23.73713],[-54.5352,-23.7362],[-54.53307,-23.73509],[-54.5317,-23.73408],[-54.53102,-23.73391],[-54.53067,-23.73404],[-54.53031,-23.73445],[-54.52995,-23.73907],[-54.52988,-23.73939],[-54.5292,-23.74007],[-54.52773,-23.74045],[-54.52688,-23.74043],[-54.52231,-23.73893],[-54.52012,-23.74007],[-54.51854,-23.74141],[-54.51764,-23.74175],[-54.5161,-23.74155],[-54.514,-23.74039],[-54.51161,-23.73847],[-54.51112,-23.73837],[-54.51082,-23.73855],[-54.50989,-23.74004],[-54.50944,-23.74047],[-54.50588,-23.74302],[-54.50495,-23.74413],[-54.50312,-23.74669],[-54.50153,-23.74987],[-54.50077,-23.75108],[-54.50027,-23.75157],[-54.49531,-23.75364],[-54.49077,-23.75419],[-54.48992,-23.75415],[-54.48869,-23.75377],[-54.48625,-23.75192],[-54.48518,-23.75151],[-54.48209,-23.75214],[-54.48123,-23.75205],[-54.47904,-23.7514],[-54.47828,-23.75093],[-54.47756,-23.7508],[-54.47427,-23.7507],[-54.47112,-23.75094],[-54.46907,-23.75068],[-54.46878,-23.75079],[-54.46857,-23.75159],[-54.46866,-23.75234],[-54.46888,-23.75291],[-54.47059,-23.75545],[-54.47129,-23.75594],[-54.47188,-23.75609],[-54.47374,-23.7556],[-54.47396,-23.75579],[-54.47396,-23.75601],[-54.47346,-23.75676],[-54.47197,-23.75781],[-54.47019,-23.75864],[-54.46849,-23.75872],[-54.46199,-23.76033],[-54.45928,-23.76123],[-54.45871,-23.76124],[-54.45765,-23.76086],[-54.45656,-23.75944],[-54.45596,-23.75904],[-54.45514,-23.75912],[-54.4549,-23.76073],[-54.45538,-23.76218],[-54.45585,-23.7627],[-54.4563,-23.76363],[-54.45678,-23.76403],[-54.45777,-23.76448],[-54.4588,-23.76461],[-54.46074,-23.76533],[-54.46123,-23.76571],[-54.46152,-23.76624],[-54.46164,-23.76699],[-54.46133,-23.76832],[-54.45986,-23.77001],[-54.4586,-23.77067],[-54.45742,-23.77107],[-54.45611,-23.77093],[-54.45552,-23.77041],[-54.45448,-23.76794],[-54.45412,-23.76761],[-54.45376,-23.76759],[-54.45334,-23.76794],[-54.45298,-23.76873],[-54.45296,-23.77058],[-54.45329,-23.77176],[-54.45459,-23.77366],[-54.45554,-23.77475],[-54.45742,-23.77641],[-54.45777,-23.77705],[-54.45787,-23.77779],[-54.45737,-23.77902],[-54.45595,-23.7794],[-54.45564,-23.77973],[-54.45569,-23.78018],[-54.45666,-23.78108],[-54.45708,-23.782],[-54.45786,-23.78136],[-54.45777,-23.78101],[-54.45848,-23.78079],[-54.45851,-23.78037],[-54.45866,-23.78028],[-54.4592,-23.78062],[-54.45993,-23.78031],[-54.46036,-23.78084],[-54.46055,-23.78066],[-54.46176,-23.7809],[-54.46202,-23.78127],[-54.46255,-23.78129],[-54.46259,-23.78098],[-54.46276,-23.78092],[-54.46446,-23.78172],[-54.46471,-23.78202],[-54.46639,-23.78259],[-54.46704,-23.78258],[-54.46715,-23.7829],[-54.46834,-23.78385],[-54.46994,-23.78474],[-54.47273,-23.78539],[-54.47312,-23.78528],[-54.47399,-23.78557],[-54.47604,-23.78687],[-54.47632,-23.78673],[-54.47727,-23.78724],[-54.47807,-23.78705],[-54.47831,-23.78751],[-54.47945,-23.7878],[-54.48044,-23.78834],[-54.48085,-23.78834],[-54.48123,-23.78809],[-54.48177,-23.78812],[-54.48239,-23.78902],[-54.48318,-23.78929],[-54.4835,-23.78906],[-54.4851,-23.79096],[-54.48571,-23.7931],[-54.48598,-23.79316],[-54.48623,-23.79396],[-54.48737,-23.79493],[-54.4876,-23.79566],[-54.48841,-23.79712],[-54.48884,-23.79753],[-54.48865,-23.79797],[-54.48918,-23.79826],[-54.48981,-23.7992],[-54.49003,-23.79982],[-54.48986,-23.80007],[-54.49023,-23.80029],[-54.49089,-23.80127],[-54.49132,-23.80137],[-54.4912,-23.80189],[-54.49156,-23.80218],[-54.49225,-23.80166],[-54.49253,-23.80184],[-54.4926,-23.80225],[-54.49298,-23.80261],[-54.49426,-23.80308],[-54.49446,-23.80339],[-54.49528,-23.80353],[-54.49595,-23.80439],[-54.49743,-23.80473],[-54.49813,-23.80458],[-54.49846,-23.8047],[-54.49929,-23.80545],[-54.50144,-23.80617],[-54.5024,-23.80609],[-54.50417,-23.80553],[-54.50485,-23.80512],[-54.50503,-23.8052],[-54.50585,-23.80502],[-54.50632,-23.80478],[-54.50693,-23.80419],[-54.50732,-23.80308],[-54.50804,-23.80238],[-54.50826,-23.80182],[-54.50922,-23.8012],[-54.5102,-23.80018],[-54.512,-23.79485],[-54.51269,-23.79388],[-54.51565,-23.79072],[-54.51717,-23.78932],[-54.51722,-23.78901],[-54.5179,-23.78834],[-54.51874,-23.78782],[-54.51893,-23.78732],[-54.51937,-23.78716],[-54.51994,-23.78658],[-54.52043,-23.78664],[-54.52131,-23.78616],[-54.52132,-23.78581],[-54.52225,-23.7853],[-54.52254,-23.78494],[-54.52296,-23.78479],[-54.52428,-23.7849],[-54.52489,-23.78403],[-54.52562,-23.78407],[-54.52578,-23.78367],[-54.52726,-23.78303],[-54.52911,-23.78258],[-54.53148,-23.78158],[-54.5326,-23.78163],[-54.53426,-23.78201],[-54.53904,-23.78441],[-54.54451,-23.78859],[-54.54647,-23.78996],[-54.5487,-23.79126],[-54.55055,-23.79156],[-54.55226,-23.7922],[-54.55406,-23.79263],[-54.55525,-23.79275],[-54.55598,-23.79318],[-54.55864,-23.79357],[-54.56023,-23.79401],[-54.5633,-23.79444],[-54.56469,-23.79409],[-54.5656,-23.79421],[-54.5676,-23.79414],[-54.56836,-23.79458],[-54.57065,-23.79459],[-54.57125,-23.79485],[-54.57479,-23.7951],[-54.57532,-23.79544],[-54.57622,-23.79557],[-54.5795,-23.79696],[-54.58066,-23.79823],[-54.58177,-23.80001],[-54.58423,-23.80301],[-54.58954,-23.80758],[-54.59057,-23.80803],[-54.59186,-23.80832],[-54.59663,-23.8081],[-54.59751,-23.80777],[-54.59911,-23.80784],[-54.60217,-23.8095],[-54.60384,-23.8108],[-54.60793,-23.81288],[-54.60975,-23.81411],[-54.61069,-23.80763],[-54.6111,-23.80302],[-54.61196,-23.79842],[-54.61401,-23.79096],[-54.61427,-23.78938],[-54.61401,-23.78884],[-54.614,-23.7884],[-54.61379,-23.78822],[-54.61358,-23.78826],[-54.61369,-23.78767],[-54.61329,-23.78724],[-54.61355,-23.78674],[-54.61277,-23.78514],[-54.61278,-23.78348],[-54.6125,-23.78184],[-54.61284,-23.78086],[-54.61292,-23.77918],[-54.61402,-23.77548],[-54.61501,-23.77348],[-54.61523,-23.77252],[-54.61517,-23.77221],[-54.6155,-23.77152],[-54.61526,-23.76847],[-54.61575,-23.76648],[-54.61551,-23.76544],[-54.61642,-23.76132],[-54.61705,-23.76016],[-54.617,-23.75967],[-54.61587,-23.75807],[-54.61553,-23.75782],[-54.61545,-23.75727],[-54.61443,-23.75585],[-54.61391,-23.75555],[-54.6126,-23.75325],[-54.61176,-23.75125],[-54.61183,-23.75072],[-54.61128,-23.74987],[-54.61122,-23.74924],[-54.611,-23.74904],[-54.61087,-23.7477],[-54.61037,-23.74657],[-54.61045,-23.74602],[-54.60927,-23.74292],[-54.60788,-23.74163],[-54.6066,-23.73968],[-54.60533,-23.73747],[-54.6045,-23.73543],[-54.60369,-23.73465],[-54.60078,-23.73403],[-54.60106,-23.73233],[-54.6004,-23.73135],[-54.60038,-23.73087],[-54.60197,-23.72862],[-54.60322,-23.72838],[-54.60334,-23.7275],[-54.60306,-23.72693],[-54.60161,-23.7264],[-54.59745,-23.72734],[-54.59434,-23.72986],[-54.59267,-23.7305]]]}},{"type":"Feature","properties":{"nome":"TI Yvyporã Laranjinha","etapa":"Declarada","area_ha":1244.65},"geometry":{"type":"Polygon","coordinates":[[[-50.45167,-23.29421],[-50.45082,-23.29403],[-50.4507,-23.29427],[-50.4503,-23.29415],[-50.44972,-23.29508],[-50.4495,-23.29516],[-50.44946,-23.29571],[-50.44887,-23.2963],[-50.4483,-23.2974],[-50.44757,-23.29797],[-50.44761,-23.29829],[-50.44717,-23.29863],[-50.44718,-23.29888],[-50.44674,-23.29893],[-50.4465,-23.2993],[-50.44648,-23.29959],[-50.44689,-23.30045],[-50.44786,-23.30179],[-50.44911,-23.30433],[-50.44926,-23.30492],[-50.44718,-23.30598],[-50.44907,-23.30962],[-50.44957,-23.30967],[-50.44982,-23.31075],[-50.44915,-23.31081],[-50.44857,-23.31382],[-50.44776,-23.3155],[-50.46454,-23.31634],[-50.46461,-23.31687],[-50.46511,-23.31788],[-50.46904,-23.32224],[-50.46997,-23.32235],[-50.47082,-23.32198],[-50.47105,-23.32227],[-50.4726,-23.32285],[-50.47268,-23.32316],[-50.4725,-23.32331],[-50.47269,-23.32363],[-50.47221,-23.32398],[-50.47232,-23.32595],[-50.47453,-23.32574],[-50.47762,-23.32593],[-50.4816,-23.32557],[-50.48294,-23.32529],[-50.48417,-23.3243],[-50.48557,-23.32199],[-50.48818,-23.31996],[-50.48897,-23.31914],[-50.4892,-23.31823],[-50.4881,-23.31669],[-50.48751,-23.31645],[-50.4884,-23.31448],[-50.48939,-23.31472],[-50.49011,-23.31452],[-50.49149,-23.31382],[-50.4922,-23.31297],[-50.49244,-23.31143],[-50.49231,-23.30893],[-50.49179,-23.30748],[-50.49154,-23.30625],[-50.49151,-23.30511],[-50.49215,-23.30176],[-50.4923,-23.3],[-50.49233,-23.29924],[-50.49207,-23.29813],[-50.49233,-23.29716],[-50.49241,-23.2956],[-50.49239,-23.29489],[-50.49176,-23.29393],[-50.48932,-23.29386],[-50.48839,-23.29503],[-50.48698,-23.29623],[-50.4851,-23.29698],[-50.4814,-23.29735],[-50.47699,-23.29755],[-50.47409,-23.29677],[-50.47257,-23.29606],[-50.47173,-23.29545],[-50.46779,-23.29481],[-50.45982,-23.29027],[-50.45973,-23.29087],[-50.45941,-23.29131],[-50.45737,-23.29251],[-50.4554,-23.29341],[-50.45464,-23.29332],[-50.45348,-23.29285],[-50.45312,-23.29288],[-50.45234,-23.29343],[-50.45216,-23.29402],[-50.45167,-23.29421]]]}},{"type":"Feature","properties":{"nome":"TI Marrecas","etapa":"Regularizada","area_ha":16903.83},"geometry":{"type":"Polygon","coordinates":[[[-51.37309,-25.10113],[-51.39055,-25.11599],[-51.37881,-25.1283],[-51.37833,-25.13895],[-51.38999,-25.14473],[-51.39785,-25.14347],[-51.39818,-25.14401],[-51.39871,-25.14411],[-51.3992,-25.14383],[-51.39963,-25.14328],[-51.4,-25.14327],[-51.40076,-25.1428],[-51.40144,-25.14211],[-51.40328,-25.14183],[-51.4042,-25.14226],[-51.40498,-25.1434],[-51.40567,-25.14378],[-51.40771,-25.14389],[-51.40802,-25.14357],[-51.40818,-25.14236],[-51.40907,-25.14088],[-51.40943,-25.14064],[-51.41022,-25.14049],[-51.41074,-25.14023],[-51.41081,-25.14004],[-51.41068,-25.1398],[-51.41024,-25.1396],[-51.4088,-25.13964],[-51.4086,-25.13914],[-51.4087,-25.13894],[-51.40944,-25.13853],[-51.41126,-25.13814],[-51.41196,-25.13769],[-51.41188,-25.13644],[-51.41206,-25.1357],[-51.41171,-25.13458],[-51.41188,-25.13409],[-51.41333,-25.13381],[-51.41359,-25.13393],[-51.41341,-25.13439],[-51.41374,-25.13448],[-51.41478,-25.13359],[-51.4158,-25.13377],[-51.41661,-25.1333],[-51.4171,-25.13322],[-51.41751,-25.13328],[-51.41776,-25.13359],[-51.43567,-25.12252],[-51.43517,-25.12114],[-51.43501,-25.11924],[-51.43479,-25.11919],[-51.43464,-25.11884],[-51.4345,-25.11887],[-51.43452,-25.11851],[-51.43419,-25.11846],[-51.43384,-25.11811],[-51.43364,-25.11818],[-51.4338,-25.11778],[-51.43357,-25.11761],[-51.43364,-25.11729],[-51.43348,-25.11748],[-51.43343,-25.11718],[-51.43314,-25.1172],[-51.43347,-25.11701],[-51.43344,-25.11669],[-51.43318,-25.11684],[-51.43311,-25.11648],[-51.43283,-25.11651],[-51.43282,-25.11632],[-51.43172,-25.11623],[-51.43171,-25.11607],[-51.43211,-25.11595],[-51.43185,-25.11581],[-51.43209,-25.11555],[-51.43207,-25.11517],[-51.43157,-25.11524],[-51.4316,-25.115],[-51.43142,-25.11498],[-51.43159,-25.11485],[-51.43168,-25.11437],[-51.43185,-25.11434],[-51.43155,-25.11425],[-51.4319,-25.11388],[-51.43169,-25.11391],[-51.43166,-25.11365],[-51.4319,-25.11369],[-51.43205,-25.11351],[-51.43192,-25.11315],[-51.43146,-25.11319],[-51.43145,-25.11338],[-51.43105,-25.11302],[-51.43152,-25.11258],[-51.43136,-25.11238],[-51.4317,-25.11216],[-51.43158,-25.11193],[-51.43166,-25.11168],[-51.43206,-25.11146],[-51.43197,-25.11125],[-51.43218,-25.11103],[-51.43203,-25.11072],[-51.43226,-25.11063],[-51.43215,-25.11043],[-51.43274,-25.10968],[-51.43233,-25.10763],[-51.43334,-25.10708],[-51.43366,-25.10639],[-51.43452,-25.10528],[-51.43612,-25.10541],[-51.43646,-25.10525],[-51.43751,-25.10348],[-51.43737,-25.10282],[-51.43767,-25.10218],[-51.43767,-25.10041],[-51.43776,-25.10015],[-51.43799,-25.10007],[-51.43789,-25.0997],[-51.43757,-25.09874],[-51.43649,-25.09824],[-51.43601,-25.09772],[-51.43594,-25.09731],[-51.43521,-25.0969],[-51.43547,-25.09626],[-51.43578,-25.096],[-51.43544,-25.09541],[-51.43525,-25.09532],[-51.4471,-25.08713],[-51.45401,-25.08289],[-51.46013,-25.07666],[-51.46544,-25.07222],[-51.47253,-25.06733],[-51.48846,-25.05694],[-51.49588,-25.05131],[-51.49464,-25.05008],[-51.49247,-25.04852],[-51.48011,-25.03866],[-51.4743,-25.03375],[-51.46068,-25.02317],[-51.45008,-25.0147],[-51.43704,-25.00506],[-51.42337,-24.9944],[-51.41935,-24.99104],[-51.41653,-24.98944],[-51.39143,-24.97263],[-51.39092,-24.97264],[-51.38399,-24.97906],[-51.37281,-24.99205],[-51.36446,-25.00145],[-51.36036,-25.00685],[-51.35849,-25.0086],[-51.35113,-25.01467],[-51.33759,-25.0277],[-51.32165,-25.04363],[-51.31341,-25.05287],[-51.31796,-25.05627],[-51.33539,-25.07071],[-51.36143,-25.09194],[-51.36522,-25.09473],[-51.37009,-25.09883],[-51.37309,-25.10113]]]}},{"type":"Feature","properties":{"nome":"TI Araribá","etapa":"Regularizada","area_ha":1920.68},"geometry":{"type":"Polygon","coordinates":[[[-49.34617,-22.24426],[-49.34472,-22.24196],[-49.34326,-22.24189],[-49.34042,-22.23518],[-49.34053,-22.23437],[-49.34023,-22.23383],[-49.33975,-22.23347],[-49.33889,-22.23349],[-49.33887,-22.23394],[-49.33737,-22.23493],[-49.33685,-22.23562],[-49.33647,-22.23556],[-49.33637,-22.23618],[-49.33581,-22.23626],[-49.33551,-22.23664],[-49.33584,-22.23672],[-49.33525,-22.23756],[-49.33457,-22.23795],[-49.33432,-22.23793],[-49.33377,-22.23947],[-49.33425,-22.24043],[-49.33388,-22.24091],[-49.3338,-22.24148],[-49.33345,-22.24212],[-49.33301,-22.24253],[-49.33066,-22.24344],[-49.33028,-22.24388],[-49.32961,-22.244],[-49.3281,-22.24367],[-49.32674,-22.24308],[-49.32619,-22.243],[-49.32575,-22.24313],[-49.32561,-22.24367],[-49.32522,-22.24376],[-49.32522,-22.24404],[-49.32467,-22.245],[-49.32422,-22.24765],[-49.32398,-22.24784],[-49.32352,-22.24765],[-49.32348,-22.24797],[-49.32288,-22.24869],[-49.32257,-22.24945],[-49.3223,-22.24956],[-49.32466,-22.25066],[-49.32603,-22.25099],[-49.32745,-22.25099],[-49.33078,-22.2505],[-49.33158,-22.2508],[-49.33365,-22.25445],[-49.33562,-22.25649],[-49.33571,-22.25731],[-49.33539,-22.25912],[-49.33604,-22.26176],[-49.33614,-22.26279],[-49.33585,-22.26302],[-49.33452,-22.26508],[-49.33369,-22.26586],[-49.33217,-22.26676],[-49.33152,-22.26777],[-49.33181,-22.26873],[-49.33261,-22.26908],[-49.3337,-22.26993],[-49.33395,-22.27027],[-49.33397,-22.27152],[-49.33727,-22.27382],[-49.3378,-22.27458],[-49.33881,-22.27723],[-49.33985,-22.27846],[-49.34053,-22.27881],[-49.34258,-22.27919],[-49.34621,-22.28143],[-49.34859,-22.28335],[-49.34897,-22.28437],[-49.34984,-22.28527],[-49.35121,-22.28559],[-49.35308,-22.28717],[-49.35337,-22.28748],[-49.35364,-22.28829],[-49.35411,-22.28875],[-49.35477,-22.28911],[-49.35569,-22.28908],[-49.35643,-22.28935],[-49.35862,-22.29136],[-49.35958,-22.29458],[-49.36098,-22.29636],[-49.36136,-22.2982],[-49.36284,-22.29847],[-49.36416,-22.29986],[-49.36547,-22.30161],[-49.36613,-22.3022],[-49.36818,-22.3031],[-49.36924,-22.30335],[-49.37042,-22.30444],[-49.37071,-22.30525],[-49.37112,-22.30569],[-49.37263,-22.30645],[-49.37337,-22.30654],[-49.374,-22.30685],[-49.3752,-22.30776],[-49.37577,-22.30848],[-49.37674,-22.30899],[-49.37805,-22.31159],[-49.37809,-22.31216],[-49.37884,-22.31274],[-49.37945,-22.31289],[-49.38065,-22.31264],[-49.382,-22.31175],[-49.38392,-22.31272],[-49.38346,-22.31183],[-49.38342,-22.31142],[-49.38343,-22.31086],[-49.38387,-22.31001],[-49.38379,-22.30823],[-49.3826,-22.30653],[-49.38165,-22.30296],[-49.38239,-22.30097],[-49.3824,-22.30049],[-49.38172,-22.29798],[-49.38152,-22.29563],[-49.38181,-22.29427],[-49.38033,-22.29319],[-49.37993,-22.29268],[-49.37959,-22.29092],[-49.37906,-22.28957],[-49.37766,-22.28755],[-49.37763,-22.28626],[-49.37807,-22.28383],[-49.37803,-22.28237],[-49.37778,-22.28087],[-49.37724,-22.27902],[-49.37726,-22.27679],[-49.37677,-22.2755],[-49.3759,-22.2748],[-49.37038,-22.27162],[-49.3691,-22.26995],[-49.36829,-22.26922],[-49.36768,-22.26908],[-49.36704,-22.26934],[-49.36623,-22.27002],[-49.36452,-22.26948],[-49.36279,-22.26611],[-49.36024,-22.26521],[-49.35792,-22.26469],[-49.3577,-22.26428],[-49.35756,-22.2631],[-49.35708,-22.26208],[-49.35649,-22.26151],[-49.35524,-22.26111],[-49.35502,-22.26076],[-49.35462,-22.25885],[-49.35479,-22.25729],[-49.35456,-22.25575],[-49.35253,-22.25363],[-49.35227,-22.25111],[-49.35147,-22.24877],[-49.35099,-22.24828],[-49.34945,-22.24756],[-49.34876,-22.24703],[-49.34834,-22.24557],[-49.34617,-22.24426]]]}},{"type":"Feature","properties":{"nome":"TI Tarumã","etapa":"Declarada","area_ha":2161.1},"geometry":{"type":"Polygon","coordinates":[[[-48.70364,-26.44195],[-48.70219,-26.44195],[-48.70149,-26.44245],[-48.69754,-26.44321],[-48.69453,-26.44333],[-48.67164,-26.45746],[-48.67259,-26.4743],[-48.68843,-26.48918],[-48.69742,-26.47972],[-48.71128,-26.48001],[-48.71185,-26.46625],[-48.73369,-26.46644],[-48.73852,-26.46168],[-48.74167,-26.4625],[-48.74441,-26.46806],[-48.74551,-26.46899],[-48.74611,-26.46887],[-48.74743,-26.46729],[-48.74124,-26.45904],[-48.73412,-26.45259],[-48.73963,-26.44708],[-48.73804,-26.44662],[-48.73651,-26.44581],[-48.7351,-26.44576],[-48.73387,-26.44594],[-48.73215,-26.44557],[-48.73094,-26.44435],[-48.73087,-26.44395],[-48.72975,-26.44376],[-48.7277,-26.44301],[-48.72741,-26.44307],[-48.72703,-26.44352],[-48.72624,-26.44378],[-48.72579,-26.44422],[-48.72434,-26.444],[-48.72148,-26.44489],[-48.72027,-26.44496],[-48.71861,-26.4444],[-48.71647,-26.44301],[-48.71478,-26.44291],[-48.71245,-26.44378],[-48.71092,-26.44388],[-48.70824,-26.44345],[-48.70661,-26.44278],[-48.70527,-26.44268],[-48.70364,-26.44195]]]}},{"type":"Feature","properties":{"nome":"TI Pindoty","etapa":"Declarada","area_ha":3270.91},"geometry":{"type":"MultiPolygon","coordinates":[[[[-48.66353,-26.37188],[-48.66026,-26.37281],[-48.65918,-26.37297],[-48.65899,-26.37355],[-48.65874,-26.37372],[-48.65341,-26.37483],[-48.6534,-26.37462],[-48.65202,-26.37472],[-48.65161,-26.37494],[-48.65085,-26.37471],[-48.64964,-26.37486],[-48.64617,-26.37596],[-48.64614,-26.37611],[-48.64108,-26.37966],[-48.6373,-26.38359],[-48.63669,-26.38376],[-48.63287,-26.38593],[-48.62984,-26.38789],[-48.62867,-26.38914],[-48.62799,-26.39014],[-48.62769,-26.39085],[-48.62735,-26.39119],[-48.62712,-26.39195],[-48.62594,-26.39379],[-48.62607,-26.39392],[-48.62591,-26.39455],[-48.62603,-26.39485],[-48.63127,-26.40082],[-48.6306,-26.40302],[-48.62911,-26.40411],[-48.64094,-26.40829],[-48.64188,-26.40894],[-48.64505,-26.40312],[-48.65087,-26.39619],[-48.65183,-26.39593],[-48.65591,-26.3959],[-48.65814,-26.39016],[-48.66301,-26.38912],[-48.66294,-26.38698],[-48.66498,-26.38636],[-48.6705,-26.38845],[-48.67139,-26.38648],[-48.67244,-26.38508],[-48.67469,-26.38315],[-48.67772,-26.38148],[-48.67066,-26.37489],[-48.66627,-26.37466],[-48.66353,-26.37188]]],[[[-48.71062,-26.38857],[-48.7084,-26.39098],[-48.7029,-26.39258],[-48.69393,-26.39936],[-48.69395,-26.39975],[-48.69344,-26.39973],[-48.6864,-26.40506],[-48.68602,-26.43644],[-48.6764,-26.44487],[-48.67164,-26.45746],[-48.69453,-26.44333],[-48.69753,-26.44317],[-48.70146,-26.4424],[-48.70217,-26.44191],[-48.70365,-26.44191],[-48.70528,-26.44264],[-48.70662,-26.44274],[-48.70825,-26.4434],[-48.71092,-26.44383],[-48.71244,-26.44373],[-48.71478,-26.44287],[-48.71648,-26.44297],[-48.71863,-26.44436],[-48.72027,-26.44491],[-48.72147,-26.44485],[-48.72435,-26.44395],[-48.72576,-26.44417],[-48.72621,-26.44374],[-48.72701,-26.44347],[-48.72738,-26.44303],[-48.72771,-26.44297],[-48.72977,-26.44371],[-48.73091,-26.44391],[-48.73099,-26.44432],[-48.73217,-26.44553],[-48.73388,-26.4459],[-48.7351,-26.44571],[-48.73652,-26.44576],[-48.73806,-26.44658],[-48.74213,-26.44754],[-48.73728,-26.42973],[-48.7453,-26.42197],[-48.74,-26.41563],[-48.73346,-26.42029],[-48.72717,-26.4252],[-48.72455,-26.41937],[-48.71827,-26.42582],[-48.71801,-26.43072],[-48.70679,-26.43077],[-48.70556,-26.42405],[-48.71839,-26.41171],[-48.71854,-26.40484],[-48.71891,-26.39939],[-48.71882,-26.39896],[-48.71731,-26.39556],[-48.71657,-26.39433],[-48.7165,-26.39256],[-48.71062,-26.38857]]]]}},{"type":"Feature","properties":{"nome":"TI Pirai","etapa":"Declarada","area_ha":3009.13},"geometry":{"type":"Polygon","coordinates":[[[-48.85419,-26.522],[-48.87763,-26.50538],[-48.84556,-26.48014],[-48.84026,-26.48493],[-48.83107,-26.48102],[-48.82654,-26.47814],[-48.82152,-26.46868],[-48.8267,-26.46384],[-48.82403,-26.46162],[-48.81211,-26.46241],[-48.81025,-26.45842],[-48.81061,-26.45863],[-48.81181,-26.45798],[-48.81313,-26.45817],[-48.81427,-26.45796],[-48.81453,-26.45754],[-48.81467,-26.45572],[-48.81561,-26.45491],[-48.81761,-26.45493],[-48.81842,-26.45513],[-48.81938,-26.45489],[-48.82047,-26.45327],[-48.82141,-26.45223],[-48.82149,-26.45041],[-48.82314,-26.4501],[-48.82348,-26.44978],[-48.82343,-26.44877],[-48.82154,-26.44853],[-48.82086,-26.447],[-48.82192,-26.44741],[-48.82384,-26.44769],[-48.8244,-26.44582],[-48.8232,-26.44558],[-48.82195,-26.44331],[-48.82171,-26.4424],[-48.8228,-26.44028],[-48.82291,-26.43976],[-48.8235,-26.43918],[-48.81449,-26.43809],[-48.81243,-26.4398],[-48.81325,-26.44082],[-48.81418,-26.44156],[-48.81429,-26.44184],[-48.81675,-26.4436],[-48.81638,-26.44444],[-48.81038,-26.44262],[-48.80903,-26.44196],[-48.80818,-26.44131],[-48.80283,-26.44558],[-48.80176,-26.44592],[-48.80154,-26.44618],[-48.80113,-26.44682],[-48.80114,-26.44777],[-48.80079,-26.44839],[-48.80098,-26.4494],[-48.8005,-26.44942],[-48.80079,-26.45052],[-48.80015,-26.4509],[-48.80033,-26.45149],[-48.80002,-26.45146],[-48.80065,-26.45311],[-48.80107,-26.45374],[-48.80357,-26.45557],[-48.80562,-26.45664],[-48.80482,-26.45685],[-48.80384,-26.45808],[-48.80395,-26.45965],[-48.80379,-26.4636],[-48.80303,-26.46583],[-48.80324,-26.46636],[-48.80301,-26.46689],[-48.80251,-26.46683],[-48.80284,-26.46814],[-48.80523,-26.47012],[-48.80302,-26.47503],[-48.79851,-26.47825],[-48.79714,-26.48199],[-48.78787,-26.49131],[-48.80508,-26.50299],[-48.81558,-26.50157],[-48.83771,-26.5083],[-48.84253,-26.51796],[-48.85145,-26.52165],[-48.85419,-26.522]]]}},{"type":"Feature","properties":{"nome":"TI Sambaqui","etapa":"Declarada","area_ha":2792.2},"geometry":{"type":"Polygon","coordinates":[[[-48.44578,-25.5816],[-48.42969,-25.59977],[-48.43087,-25.60043],[-48.43203,-25.60071],[-48.43269,-25.60111],[-48.43344,-25.60223],[-48.4341,-25.60247],[-48.43715,-25.60517],[-48.43773,-25.60598],[-48.43929,-25.60712],[-48.44012,-25.60839],[-48.44222,-25.61038],[-48.44327,-25.61097],[-48.44458,-25.61203],[-48.44589,-25.61382],[-48.44648,-25.61409],[-48.44656,-25.61446],[-48.44752,-25.6145],[-48.44811,-25.61479],[-48.44825,-25.61521],[-48.44813,-25.61568],[-48.44736,-25.61564],[-48.44705,-25.61607],[-48.4493,-25.61708],[-48.4498,-25.61745],[-48.45009,-25.61821],[-48.4498,-25.61865],[-48.44938,-25.6187],[-48.44948,-25.61914],[-48.45054,-25.61934],[-48.45093,-25.61992],[-48.45186,-25.62031],[-48.45315,-25.62143],[-48.45359,-25.62195],[-48.45393,-25.62277],[-48.45461,-25.62326],[-48.45521,-25.62445],[-48.45563,-25.62482],[-48.45672,-25.62514],[-48.45783,-25.62632],[-48.45878,-25.62691],[-48.46072,-25.62933],[-48.46178,-25.63002],[-48.46266,-25.63148],[-48.46365,-25.63204],[-48.4639,-25.63282],[-48.46431,-25.6334],[-48.46555,-25.63431],[-48.46671,-25.63578],[-48.46928,-25.63754],[-48.47159,-25.64],[-48.47276,-25.6408],[-48.47351,-25.64187],[-48.47461,-25.64281],[-48.47562,-25.6444],[-48.47665,-25.64457],[-48.47756,-25.64508],[-48.47791,-25.64593],[-48.47853,-25.64676],[-48.47878,-25.64772],[-48.47989,-25.64921],[-48.48057,-25.64971],[-48.4823,-25.65165],[-48.48513,-25.65431],[-48.49745,-25.6624],[-48.50027,-25.6639],[-48.50144,-25.66409],[-48.50228,-25.66382],[-48.50631,-25.66089],[-48.50505,-25.66061],[-48.5038,-25.6598],[-48.50322,-25.659],[-48.50267,-25.65769],[-48.50114,-25.65532],[-48.50004,-25.65394],[-48.49769,-25.65204],[-48.49454,-25.64698],[-48.4945,-25.64666],[-48.49523,-25.6452],[-48.49464,-25.64401],[-48.49613,-25.64307],[-48.49377,-25.63908],[-48.49459,-25.6389],[-48.49912,-25.63895],[-48.50074,-25.63744],[-48.50402,-25.63532],[-48.50731,-25.63423],[-48.51207,-25.63222],[-48.51351,-25.63091],[-48.51414,-25.63002],[-48.51423,-25.62919],[-48.51397,-25.62852],[-48.51356,-25.62819],[-48.51274,-25.62789],[-48.51044,-25.62762],[-48.50702,-25.62629],[-48.50547,-25.62599],[-48.50331,-25.62634],[-48.50229,-25.62684],[-48.50044,-25.62814],[-48.49964,-25.62833],[-48.49843,-25.62836],[-48.49791,-25.6281],[-48.49663,-25.62694],[-48.49513,-25.62593],[-48.494,-25.6255],[-48.49286,-25.62546],[-48.49219,-25.62559],[-48.48666,-25.62807],[-48.48502,-25.62848],[-48.48334,-25.62853],[-48.48106,-25.62819],[-48.48043,-25.62789],[-48.47904,-25.62666],[-48.4784,-25.62549],[-48.4785,-25.6243],[-48.47942,-25.62342],[-48.48092,-25.62278],[-48.48308,-25.62273],[-48.4842,-25.62202],[-48.48482,-25.62123],[-48.48536,-25.61943],[-48.48638,-25.61708],[-48.4871,-25.6164],[-48.48877,-25.6153],[-48.48959,-25.61506],[-48.49141,-25.61503],[-48.49223,-25.61487],[-48.49267,-25.61466],[-48.49306,-25.61419],[-48.49293,-25.6138],[-48.49228,-25.6133],[-48.48881,-25.61182],[-48.48711,-25.61152],[-48.48642,-25.61154],[-48.48555,-25.61184],[-48.48473,-25.61181],[-48.48285,-25.61136],[-48.48224,-25.61073],[-48.48217,-25.60931],[-48.48242,-25.60849],[-48.48294,-25.60808],[-48.48456,-25.60742],[-48.48566,-25.60537],[-48.48636,-25.60442],[-48.49006,-25.60156],[-48.49034,-25.60018],[-48.48988,-25.60083],[-48.49014,-25.59827],[-48.4896,-25.59703],[-48.48832,-25.59632],[-48.48686,-25.59594],[-48.48655,-25.59617],[-48.48607,-25.59729],[-48.48492,-25.59784],[-48.48378,-25.59866],[-48.47985,-25.59995],[-48.47886,-25.59991],[-48.47802,-25.59947],[-48.47651,-25.59955],[-48.47542,-25.59996],[-48.47393,-25.59981],[-48.47284,-25.60098],[-48.47259,-25.6008],[-48.47244,-25.6001],[-48.47231,-25.60004],[-48.47156,-25.60063],[-48.47117,-25.60026],[-48.47101,-25.60029],[-48.47083,-25.60045],[-48.4708,-25.60112],[-48.47053,-25.60128],[-48.4696,-25.60119],[-48.4688,-25.60133],[-48.46788,-25.6008],[-48.46705,-25.60083],[-48.46647,-25.60106],[-48.46609,-25.60099],[-48.46589,-25.6006],[-48.46627,-25.59979],[-48.46675,-25.59987],[-48.46738,-25.59975],[-48.46782,-25.59922],[-48.46735,-25.59811],[-48.46742,-25.59702],[-48.46757,-25.59672],[-48.46824,-25.59629],[-48.46806,-25.59589],[-48.46755,-25.59576],[-48.46744,-25.59439],[-48.46639,-25.59369],[-48.46614,-25.59371],[-48.46503,-25.59475],[-48.46437,-25.5957],[-48.46404,-25.59586],[-48.4634,-25.5955],[-48.46271,-25.59468],[-48.46188,-25.5927],[-48.46155,-25.59282],[-48.46169,-25.59257],[-48.46157,-25.59148],[-48.46171,-25.59075],[-48.46277,-25.58991],[-48.46396,-25.58928],[-48.46485,-25.58838],[-48.46488,-25.5878],[-48.46459,-25.5871],[-48.46468,-25.58636],[-48.4643,-25.58512],[-48.46361,-25.58377],[-48.46306,-25.58316],[-48.46322,-25.58374],[-48.46313,-25.58554],[-48.46299,-25.58522],[-48.46295,-25.58353],[-48.46232,-25.58255],[-48.46116,-25.58173],[-48.46037,-25.58169],[-48.46017,-25.58185],[-48.46005,-25.58257],[-48.46001,-25.58195],[-48.45946,-25.58191],[-48.4603,-25.58155],[-48.46066,-25.58158],[-48.46069,-25.58141],[-48.45816,-25.58041],[-48.45746,-25.58031],[-48.45716,-25.58058],[-48.45708,-25.58023],[-48.45597,-25.58012],[-48.45585,-25.58028],[-48.45655,-25.58047],[-48.45434,-25.58038],[-48.4524,-25.57971],[-48.45229,-25.58004],[-48.45185,-25.57967],[-48.45095,-25.57986],[-48.45,-25.57977],[-48.44895,-25.58012],[-48.44742,-25.58103],[-48.44578,-25.5816]]]}},{"type":"Feature","properties":{"nome":"TI Apucarana","etapa":"Regularizada","area_ha":5595.37},"geometry":{"type":"Polygon","coordinates":[[[-50.94134,-23.7497],[-50.94013,-23.74816],[-50.94001,-23.74755],[-50.93919,-23.74609],[-50.93951,-23.74528],[-50.93948,-23.74481],[-50.9378,-23.74332],[-50.93739,-23.74336],[-50.93678,-23.74429],[-50.93499,-23.74473],[-50.93501,-23.74497],[-50.9356,-23.74557],[-50.9361,-23.74678],[-50.93621,-23.7473],[-50.93605,-23.74795],[-50.93484,-23.74884],[-50.93302,-23.74965],[-50.932,-23.74994],[-50.93124,-23.74969],[-50.93059,-23.74912],[-50.92946,-23.74896],[-50.92919,-23.74833],[-50.92957,-23.74759],[-50.92899,-23.74717],[-50.92798,-23.74741],[-50.92775,-23.74713],[-50.92797,-23.74608],[-50.92725,-23.7458],[-50.92596,-23.74626],[-50.92567,-23.74601],[-50.92572,-23.7456],[-50.92598,-23.7452],[-50.92592,-23.74499],[-50.92503,-23.74539],[-50.92515,-23.74641],[-50.92499,-23.7468],[-50.92352,-23.74802],[-50.92291,-23.74803],[-50.92202,-23.74674],[-50.92103,-23.74613],[-50.92042,-23.74658],[-50.92018,-23.74737],[-50.91963,-23.74729],[-50.91885,-23.7467],[-50.91848,-23.74662],[-50.91827,-23.7467],[-50.91838,-23.74769],[-50.91808,-23.74796],[-50.91688,-23.74799],[-50.91606,-23.7476],[-50.91505,-23.74848],[-50.91426,-23.74864],[-50.9104,-23.74802],[-50.90876,-23.74948],[-50.9089,-23.74964],[-50.90951,-23.74939],[-50.90892,-23.75091],[-50.90855,-23.75104],[-50.90744,-23.751],[-50.90782,-23.75003],[-50.90763,-23.74962],[-50.90714,-23.74949],[-50.90679,-23.75009],[-50.90574,-23.75112],[-50.90483,-23.75145],[-50.90291,-23.75134],[-50.90217,-23.75093],[-50.90159,-23.75036],[-50.90127,-23.74937],[-50.9013,-23.74867],[-50.90006,-23.74779],[-50.89962,-23.74631],[-50.89722,-23.74498],[-50.89599,-23.74488],[-50.89448,-23.74402],[-50.89432,-23.74644],[-50.89443,-23.74736],[-50.89478,-23.74792],[-50.89469,-23.74872],[-50.89443,-23.7501],[-50.89409,-23.75028],[-50.89383,-23.75072],[-50.89355,-23.75079],[-50.89353,-23.75134],[-50.89336,-23.75163],[-50.89255,-23.75226],[-50.89245,-23.75261],[-50.89172,-23.75358],[-50.88898,-23.7547],[-50.88461,-23.75605],[-50.88347,-23.7568],[-50.88186,-23.75832],[-50.88127,-23.75862],[-50.8811,-23.75928],[-50.88067,-23.75981],[-50.87976,-23.76038],[-50.87944,-23.76085],[-50.87906,-23.76106],[-50.87881,-23.76151],[-50.87879,-23.76206],[-50.87601,-23.76748],[-50.87609,-23.76804],[-50.87694,-23.76849],[-50.87774,-23.76856],[-50.87925,-23.76838],[-50.87954,-23.76872],[-50.88073,-23.76911],[-50.88084,-23.76943],[-50.88146,-23.76972],[-50.88239,-23.76988],[-50.88335,-23.76985],[-50.88513,-23.77062],[-50.88684,-23.77068],[-50.88814,-23.77145],[-50.8893,-23.77164],[-50.88981,-23.77193],[-50.89094,-23.77297],[-50.89247,-23.77374],[-50.89288,-23.77438],[-50.89706,-23.77571],[-50.8994,-23.77617],[-50.89998,-23.77677],[-50.89976,-23.77733],[-50.9008,-23.77935],[-50.90059,-23.78007],[-50.90162,-23.78251],[-50.90156,-23.78318],[-50.90085,-23.78473],[-50.89936,-23.78621],[-50.89899,-23.78781],[-50.89963,-23.7889],[-50.89939,-23.79076],[-50.89911,-23.79122],[-50.8984,-23.79173],[-50.89791,-23.79288],[-50.89793,-23.79372],[-50.89975,-23.79637],[-50.90028,-23.79833],[-50.90101,-23.79958],[-50.90233,-23.80054],[-50.90523,-23.80128],[-50.90593,-23.80167],[-50.90708,-23.80253],[-50.90749,-23.80372],[-50.91,-23.80573],[-50.91085,-23.80684],[-50.91064,-23.80777],[-50.91017,-23.80841],[-50.90886,-23.80943],[-50.90865,-23.80979],[-50.90847,-23.81095],[-50.91064,-23.81295],[-50.91063,-23.81358],[-50.90999,-23.81411],[-50.90754,-23.81361],[-50.90658,-23.81403],[-50.9055,-23.81484],[-50.90382,-23.81664],[-50.90292,-23.81719],[-50.90284,-23.81745],[-50.90321,-23.81829],[-50.90387,-23.81833],[-50.90566,-23.81778],[-50.90661,-23.81766],[-50.90737,-23.81796],[-50.90761,-23.81854],[-50.90746,-23.81935],[-50.9072,-23.81987],[-50.90748,-23.82046],[-50.90798,-23.82049],[-50.90922,-23.82036],[-50.9101,-23.82002],[-50.91188,-23.82025],[-50.9123,-23.82005],[-50.91421,-23.81776],[-50.91537,-23.8176],[-50.91603,-23.8177],[-50.9163,-23.81792],[-50.91638,-23.81839],[-50.91698,-23.81956],[-50.9178,-23.81999],[-50.91873,-23.81999],[-50.92167,-23.82142],[-50.9223,-23.82123],[-50.92345,-23.82126],[-50.92601,-23.82087],[-50.92846,-23.81989],[-50.93114,-23.81945],[-50.93371,-23.81789],[-50.93478,-23.818],[-50.93582,-23.81856],[-50.93723,-23.81873],[-50.93785,-23.8192],[-50.93834,-23.82084],[-50.9379,-23.82175],[-50.93727,-23.82257],[-50.93726,-23.82291],[-50.93755,-23.82343],[-50.93806,-23.82391],[-50.93945,-23.82455],[-50.94027,-23.82532],[-50.94061,-23.82625],[-50.94082,-23.82772],[-50.94075,-23.82858],[-50.93998,-23.82962],[-50.93941,-23.82996],[-50.93705,-23.83002],[-50.93667,-23.82959],[-50.93597,-23.8295],[-50.9349,-23.82906],[-50.93453,-23.82915],[-50.93384,-23.83015],[-50.93428,-23.83216],[-50.93364,-23.83347],[-50.93206,-23.83493],[-50.93205,-23.83521],[-50.93246,-23.83614],[-50.93358,-23.83684],[-50.93432,-23.83695],[-50.93492,-23.83684],[-50.93709,-23.83611],[-50.93831,-23.83648],[-50.93878,-23.83736],[-50.93858,-23.8391],[-50.93871,-23.83983],[-50.939,-23.8403],[-50.9397,-23.8409],[-50.94139,-23.84182],[-50.94204,-23.84168],[-50.94403,-23.8397],[-50.94476,-23.83922],[-50.94689,-23.83887],[-50.94743,-23.83892],[-50.94807,-23.83933],[-50.94869,-23.84111],[-50.94828,-23.84212],[-50.9472,-23.84284],[-50.94427,-23.844],[-50.94383,-23.84447],[-50.94365,-23.84518],[-50.94361,-23.84633],[-50.94422,-23.84808],[-50.9449,-23.85124],[-50.9458,-23.85291],[-50.9467,-23.85366],[-50.94756,-23.85363],[-50.94858,-23.8532],[-50.94878,-23.85231],[-50.94868,-23.84916],[-50.94885,-23.84834],[-50.94942,-23.84749],[-50.95014,-23.84526],[-50.94994,-23.84467],[-50.94994,-23.84407],[-50.95054,-23.84374],[-50.95114,-23.84387],[-50.95163,-23.84368],[-50.95196,-23.84388],[-50.95211,-23.84449],[-50.95246,-23.84485],[-50.95329,-23.84517],[-50.95454,-23.84465],[-50.95567,-23.84486],[-50.95576,-23.8453],[-50.95556,-23.84569],[-50.95437,-23.84599],[-50.95431,-23.84661],[-50.95521,-23.8476],[-50.9559,-23.84746],[-50.95621,-23.84687],[-50.95614,-23.84524],[-50.95667,-23.84428],[-50.95691,-23.84345],[-50.95735,-23.84327],[-50.95784,-23.84341],[-50.95767,-23.84398],[-50.95781,-23.84502],[-50.9587,-23.84544],[-50.95951,-23.8454],[-50.96046,-23.84468],[-50.96092,-23.84494],[-50.96123,-23.8456],[-50.96167,-23.84529],[-50.96171,-23.8444],[-50.9623,-23.84394],[-50.96298,-23.84353],[-50.96438,-23.84334],[-50.96434,-23.84281],[-50.96456,-23.84252],[-50.9644,-23.82618],[-50.97085,-23.82376],[-50.95995,-23.79944],[-50.96461,-23.78611],[-50.96421,-23.7857],[-50.96414,-23.78516],[-50.96331,-23.78429],[-50.96194,-23.78192],[-50.96002,-23.78037],[-50.95899,-23.77989],[-50.95826,-23.77929],[-50.95576,-23.77792],[-50.95482,-23.77787],[-50.95238,-23.77818],[-50.95065,-23.77914],[-50.94789,-23.7811],[-50.9469,-23.78078],[-50.94641,-23.78032],[-50.94611,-23.77964],[-50.94808,-23.7779],[-50.94962,-23.77703],[-50.9504,-23.77619],[-50.95051,-23.77454],[-50.95033,-23.77371],[-50.94802,-23.76837],[-50.947,-23.76526],[-50.94576,-23.76335],[-50.9455,-23.7627],[-50.94443,-23.76142],[-50.94442,-23.76013],[-50.94391,-23.75898],[-50.94202,-23.7566],[-50.94154,-23.75635],[-50.94,-23.75633],[-50.93979,-23.756],[-50.93964,-23.75553],[-50.93962,-23.75385],[-50.94022,-23.75023],[-50.94051,-23.74994],[-50.94134,-23.7497]]]}},{"type":"Feature","properties":{"nome":"TI Rio das Cobras","etapa":"Regularizada","area_ha":19033.6},"geometry":{"type":"Polygon","coordinates":[[[-52.74043,-25.22624],[-52.74029,-25.22663],[-52.74153,-25.22795],[-52.74118,-25.22849],[-52.7404,-25.2288],[-52.73959,-25.2289],[-52.73947,-25.22913],[-52.73956,-25.22951],[-52.73944,-25.22957],[-52.73862,-25.22915],[-52.73672,-25.22976],[-52.73579,-25.22989],[-52.73505,-25.23029],[-52.72871,-25.23258],[-52.72771,-25.23332],[-52.72553,-25.23578],[-52.7245,-25.23859],[-52.72413,-25.24107],[-52.722,-25.24354],[-52.72178,-25.24448],[-52.72192,-25.24522],[-52.72068,-25.24495],[-52.72011,-25.2451],[-52.71838,-25.24707],[-52.71822,-25.24743],[-52.71827,-25.24828],[-52.71917,-25.25011],[-52.71962,-25.25165],[-52.72096,-25.25374],[-52.72028,-25.25498],[-52.71894,-25.25674],[-52.71873,-25.25782],[-52.71498,-25.26044],[-52.7087,-25.26519],[-52.70818,-25.26573],[-52.70799,-25.26618],[-52.7068,-25.266],[-52.70605,-25.26635],[-52.70241,-25.26888],[-52.69913,-25.27086],[-52.69828,-25.27079],[-52.69632,-25.27182],[-52.69553,-25.2724],[-52.6952,-25.27367],[-52.69477,-25.27419],[-52.69346,-25.27405],[-52.69278,-25.27433],[-52.69111,-25.27598],[-52.68998,-25.2775],[-52.68785,-25.27742],[-52.68645,-25.27784],[-52.68571,-25.27826],[-52.68449,-25.27952],[-52.68407,-25.27966],[-52.68312,-25.27946],[-52.68184,-25.27969],[-52.68088,-25.28039],[-52.6806,-25.28113],[-52.68066,-25.28184],[-52.68043,-25.28272],[-52.68022,-25.2832],[-52.6793,-25.28428],[-52.67764,-25.28487],[-52.67714,-25.28522],[-52.6763,-25.28623],[-52.67314,-25.28883],[-52.67228,-25.28932],[-52.67113,-25.28938],[-52.66998,-25.2904],[-52.66734,-25.29161],[-52.66292,-25.29236],[-52.66134,-25.29147],[-52.66139,-25.29107],[-52.66164,-25.29135],[-52.66253,-25.29166],[-52.66247,-25.29122],[-52.66359,-25.29143],[-52.66383,-25.29112],[-52.66326,-25.2907],[-52.66362,-25.2906],[-52.66405,-25.29078],[-52.6653,-25.28979],[-52.66596,-25.28989],[-52.66666,-25.28914],[-52.66713,-25.28968],[-52.6674,-25.28962],[-52.6674,-25.28845],[-52.66761,-25.2884],[-52.66782,-25.289],[-52.66843,-25.28858],[-52.66818,-25.28758],[-52.66829,-25.28743],[-52.66898,-25.28736],[-52.66877,-25.28707],[-52.66807,-25.2868],[-52.66799,-25.28647],[-52.6675,-25.28646],[-52.66725,-25.28606],[-52.66577,-25.28655],[-52.66556,-25.28622],[-52.66507,-25.28621],[-52.66482,-25.28667],[-52.66461,-25.28647],[-52.66464,-25.28621],[-52.66415,-25.28611],[-52.66431,-25.28545],[-52.6641,-25.28531],[-52.66395,-25.28487],[-52.66427,-25.28449],[-52.66503,-25.28455],[-52.66561,-25.28391],[-52.66635,-25.28356],[-52.66635,-25.28274],[-52.66669,-25.28252],[-52.66684,-25.28193],[-52.66749,-25.28104],[-52.66645,-25.28078],[-52.6663,-25.28115],[-52.665,-25.28106],[-52.66473,-25.28063],[-52.66474,-25.28033],[-52.6651,-25.27995],[-52.66502,-25.27966],[-52.66582,-25.27817],[-52.66451,-25.27615],[-52.66362,-25.27506],[-52.66157,-25.27458],[-52.66103,-25.2739],[-52.66004,-25.27352],[-52.65887,-25.27346],[-52.65867,-25.27387],[-52.65773,-25.27432],[-52.65705,-25.27415],[-52.65612,-25.2744],[-52.65541,-25.27428],[-52.65459,-25.27305],[-52.654,-25.2731],[-52.65399,-25.27254],[-52.65378,-25.27259],[-52.65367,-25.27296],[-52.65291,-25.2731],[-52.6517,-25.27236],[-52.65039,-25.272],[-52.64711,-25.27062],[-52.64632,-25.26986],[-52.64553,-25.26857],[-52.64489,-25.26805],[-52.64213,-25.26695],[-52.64149,-25.26625],[-52.64129,-25.26428],[-52.64084,-25.26357],[-52.64101,-25.26323],[-52.64219,-25.26222],[-52.64243,-25.2608],[-52.64241,-25.25918],[-52.64211,-25.25849],[-52.6417,-25.25805],[-52.64021,-25.25711],[-52.63913,-25.25601],[-52.63865,-25.25485],[-52.63809,-25.25427],[-52.6378,-25.25256],[-52.63862,-25.25],[-52.63867,-25.2493],[-52.63723,-25.24827],[-52.6359,-25.24676],[-52.63509,-25.24653],[-52.63433,-25.24574],[-52.63349,-25.24541],[-52.63335,-25.24492],[-52.63077,-25.24413],[-52.62994,-25.24377],[-52.62886,-25.243],[-52.62861,-25.24354],[-52.62856,-25.24414],[-52.62934,-25.24701],[-52.62962,-25.24859],[-52.62954,-25.24898],[-52.6292,-25.24943],[-52.62751,-25.25052],[-52.62525,-25.25529],[-52.62841,-25.25753],[-52.62874,-25.25795],[-52.62879,-25.25857],[-52.62837,-25.25961],[-52.62573,-25.2614],[-52.62355,-25.26254],[-52.6233,-25.26298],[-52.62331,-25.2634],[-52.62381,-25.26392],[-52.62555,-25.26455],[-52.62581,-25.26523],[-52.62551,-25.26588],[-52.625,-25.26613],[-52.62258,-25.26634],[-52.61884,-25.26597],[-52.61835,-25.26621],[-52.61697,-25.26776],[-52.61428,-25.26976],[-52.61319,-25.27016],[-52.60601,-25.27195],[-52.60164,-25.27393],[-52.59714,-25.27474],[-52.59606,-25.27477],[-52.5935,-25.27435],[-52.59221,-25.27453],[-52.5916,-25.275],[-52.59017,-25.27714],[-52.58902,-25.28087],[-52.58764,-25.28419],[-52.58703,-25.28518],[-52.58591,-25.28574],[-52.58346,-25.2856],[-52.58293,-25.28564],[-52.58214,-25.286],[-52.58136,-25.28694],[-52.58069,-25.28842],[-52.5796,-25.29008],[-52.57793,-25.28922],[-52.57705,-25.2893],[-52.57565,-25.28915],[-52.57288,-25.28839],[-52.57226,-25.28863],[-52.57211,-25.28913],[-52.57226,-25.28947],[-52.57417,-25.29261],[-52.57403,-25.29596],[-52.57297,-25.29689],[-52.56992,-25.29779],[-52.55886,-25.29949],[-52.5585,-25.2997],[-52.55818,-25.30016],[-52.55816,-25.30077],[-52.55962,-25.30286],[-52.55977,-25.30344],[-52.55955,-25.30435],[-52.56111,-25.30479],[-52.56175,-25.30534],[-52.56128,-25.30604],[-52.56119,-25.30721],[-52.56179,-25.30843],[-52.56267,-25.30884],[-52.56439,-25.30926],[-52.56491,-25.30919],[-52.56551,-25.30817],[-52.56707,-25.30716],[-52.56753,-25.30661],[-52.56775,-25.3067],[-52.56858,-25.30797],[-52.56918,-25.30807],[-52.57006,-25.30783],[-52.57043,-25.30735],[-52.57193,-25.307],[-52.57226,-25.3071],[-52.57217,-25.30816],[-52.57263,-25.30895],[-52.57228,-25.30912],[-52.57228,-25.30946],[-52.57306,-25.30998],[-52.57399,-25.30958],[-52.57502,-25.30949],[-52.57617,-25.30904],[-52.57634,-25.30917],[-52.5764,-25.30978],[-52.57608,-25.31035],[-52.57616,-25.3108],[-52.57657,-25.31138],[-52.5782,-25.31153],[-52.57888,-25.31207],[-52.57855,-25.31338],[-52.57883,-25.31348],[-52.58009,-25.31318],[-52.5817,-25.31221],[-52.58186,-25.31234],[-52.58154,-25.3132],[-52.58172,-25.31373],[-52.58064,-25.31477],[-52.58019,-25.31671],[-52.5802,-25.31751],[-52.58075,-25.31804],[-52.5811,-25.31788],[-52.58212,-25.31686],[-52.58283,-25.31475],[-52.58306,-25.31455],[-52.58398,-25.31463],[-52.58455,-25.31514],[-52.5862,-25.31583],[-52.58616,-25.31603],[-52.5868,-25.31607],[-52.58666,-25.31622],[-52.58723,-25.31651],[-52.58728,-25.31867],[-52.58753,-25.31879],[-52.58805,-25.31865],[-52.58977,-25.31708],[-52.5902,-25.31748],[-52.59018,-25.31787],[-52.59062,-25.31866],[-52.59051,-25.31904],[-52.59028,-25.31923],[-52.58875,-25.31912],[-52.5884,-25.31944],[-52.5883,-25.31984],[-52.58832,-25.3208],[-52.58904,-25.3223],[-52.58998,-25.32299],[-52.59241,-25.32338],[-52.59374,-25.32329],[-52.59423,-25.32346],[-52.59383,-25.3245],[-52.59302,-25.32524],[-52.59355,-25.32578],[-52.59431,-25.326],[-52.59496,-25.3261],[-52.59889,-25.32363],[-52.60026,-25.32343],[-52.60089,-25.32385],[-52.60172,-25.32546],[-52.60202,-25.32539],[-52.6033,-25.32315],[-52.60537,-25.32156],[-52.60553,-25.32119],[-52.60549,-25.32051],[-52.60494,-25.31898],[-52.60524,-25.31868],[-52.60592,-25.31858],[-52.60857,-25.31978],[-52.60921,-25.3198],[-52.60961,-25.31961],[-52.61004,-25.31906],[-52.61076,-25.3171],[-52.61112,-25.3169],[-52.61167,-25.31708],[-52.61202,-25.31768],[-52.61215,-25.31882],[-52.61114,-25.32228],[-52.61144,-25.32334],[-52.61123,-25.32472],[-52.609,-25.32563],[-52.60895,-25.32619],[-52.60914,-25.32655],[-52.61029,-25.32806],[-52.61024,-25.32861],[-52.6097,-25.32908],[-52.60868,-25.32947],[-52.60657,-25.3295],[-52.60568,-25.32934],[-52.6045,-25.32963],[-52.60223,-25.33159],[-52.60027,-25.33241],[-52.59991,-25.33271],[-52.59996,-25.33309],[-52.60251,-25.33353],[-52.60326,-25.33409],[-52.60438,-25.33455],[-52.60588,-25.33396],[-52.60627,-25.33412],[-52.60639,-25.33445],[-52.60616,-25.33517],[-52.60421,-25.33747],[-52.60409,-25.33808],[-52.60519,-25.33831],[-52.60743,-25.33821],[-52.61012,-25.34006],[-52.60927,-25.34115],[-52.60774,-25.3413],[-52.6068,-25.34217],[-52.60669,-25.34256],[-52.60679,-25.34296],[-52.60713,-25.34329],[-52.60819,-25.34374],[-52.60879,-25.34374],[-52.60943,-25.3435],[-52.61059,-25.34247],[-52.61083,-25.34201],[-52.61072,-25.3417],[-52.61117,-25.34114],[-52.61163,-25.33913],[-52.61245,-25.33769],[-52.61542,-25.33639],[-52.61605,-25.33594],[-52.61683,-25.33587],[-52.61964,-25.33761],[-52.62094,-25.33753],[-52.62171,-25.33728],[-52.6225,-25.3374],[-52.62273,-25.33768],[-52.6228,-25.3382],[-52.62235,-25.33957],[-52.62119,-25.34069],[-52.62047,-25.34118],[-52.62031,-25.34112],[-52.61969,-25.34166],[-52.61915,-25.3427],[-52.61914,-25.34359],[-52.61961,-25.3442],[-52.62077,-25.34495],[-52.62167,-25.3452],[-52.62281,-25.34513],[-52.62374,-25.34526],[-52.62391,-25.34568],[-52.62371,-25.34695],[-52.62322,-25.34801],[-52.62288,-25.34828],[-52.62302,-25.34867],[-52.62504,-25.35083],[-52.62629,-25.35171],[-52.62698,-25.35267],[-52.62754,-25.35312],[-52.62812,-25.35321],[-52.62951,-25.35272],[-52.63297,-25.35365],[-52.63323,-25.35354],[-52.63308,-25.35293],[-52.63182,-25.35135],[-52.63188,-25.35038],[-52.63226,-25.34995],[-52.63251,-25.34977],[-52.63441,-25.34971],[-52.63493,-25.34955],[-52.63611,-25.34906],[-52.63725,-25.34829],[-52.63856,-25.34788],[-52.63963,-25.34862],[-52.64068,-25.34962],[-52.64146,-25.35002],[-52.64457,-25.34455],[-52.65471,-25.34732],[-52.65551,-25.34784],[-52.65569,-25.3477],[-52.65642,-25.34791],[-52.65734,-25.34788],[-52.65797,-25.34608],[-52.65831,-25.3457],[-52.65847,-25.34504],[-52.65841,-25.34424],[-52.65866,-25.344],[-52.65948,-25.34376],[-52.66054,-25.34378],[-52.66115,-25.34397],[-52.66298,-25.34269],[-52.66429,-25.34213],[-52.66479,-25.34165],[-52.67474,-25.34185],[-52.67551,-25.3415],[-52.67597,-25.34149],[-52.67812,-25.34033],[-52.68286,-25.33881],[-52.68888,-25.33506],[-52.69201,-25.33524],[-52.69256,-25.33543],[-52.69403,-25.3351],[-52.69467,-25.33459],[-52.69481,-25.33389],[-52.69554,-25.33322],[-52.69575,-25.33352],[-52.69955,-25.33585],[-52.70115,-25.33525],[-52.70322,-25.33357],[-52.71406,-25.34096],[-52.71551,-25.33921],[-52.71632,-25.33848],[-52.71795,-25.33763],[-52.71834,-25.33681],[-52.72017,-25.335],[-52.72167,-25.33379],[-52.72255,-25.33205],[-52.72355,-25.33122],[-52.72406,-25.3314],[-52.72437,-25.33112],[-52.72447,-25.33],[-52.7251,-25.32947],[-52.7245,-25.32921],[-52.72468,-25.32848],[-52.72512,-25.32854],[-52.72505,-25.32797],[-52.72528,-25.32759],[-52.72575,-25.32757],[-52.7265,-25.32685],[-52.72684,-25.32677],[-52.7272,-25.32598],[-52.72679,-25.32595],[-52.72694,-25.32551],[-52.72687,-25.32524],[-52.72718,-25.32507],[-52.72744,-25.32463],[-52.72761,-25.32354],[-52.72802,-25.32295],[-52.72803,-25.32266],[-52.72786,-25.32243],[-52.72816,-25.32192],[-52.72845,-25.32182],[-52.72853,-25.32147],[-52.72928,-25.3208],[-52.72962,-25.3207],[-52.73,-25.3202],[-52.73004,-25.31991],[-52.73256,-25.32166],[-52.73327,-25.32199],[-52.73508,-25.32197],[-52.73594,-25.32219],[-52.73664,-25.3216],[-52.73681,-25.32117],[-52.73712,-25.32125],[-52.73751,-25.32103],[-52.73765,-25.32037],[-52.73724,-25.31993],[-52.73774,-25.31965],[-52.73818,-25.31871],[-52.73808,-25.3186],[-52.73854,-25.31847],[-52.73854,-25.31828],[-52.7392,-25.31775],[-52.74113,-25.3172],[-52.74158,-25.31743],[-52.74146,-25.31788],[-52.74254,-25.3191],[-52.74253,-25.31952],[-52.74306,-25.31976],[-52.74321,-25.31993],[-52.74318,-25.32024],[-52.74378,-25.32037],[-52.74403,-25.32076],[-52.74518,-25.32078],[-52.7452,-25.32054],[-52.74608,-25.32035],[-52.74642,-25.32056],[-52.74738,-25.32063],[-52.74796,-25.32037],[-52.74804,-25.32016],[-52.74916,-25.31998],[-52.74944,-25.31981],[-52.74957,-25.31918],[-52.75038,-25.31888],[-52.75046,-25.31862],[-52.75103,-25.31879],[-52.7517,-25.31865],[-52.75182,-25.31831],[-52.75166,-25.31805],[-52.7522,-25.31785],[-52.75244,-25.31809],[-52.75281,-25.31788],[-52.75286,-25.31672],[-52.75329,-25.3166],[-52.75394,-25.31595],[-52.75397,-25.31575],[-52.75462,-25.31595],[-52.75513,-25.31571],[-52.75593,-25.3147],[-52.75695,-25.31471],[-52.7578,-25.31448],[-52.75795,-25.31417],[-52.75835,-25.3141],[-52.7595,-25.31293],[-52.7608,-25.31319],[-52.76108,-25.31274],[-52.76099,-25.3126],[-52.7612,-25.31173],[-52.76225,-25.31164],[-52.76269,-25.31075],[-52.7631,-25.31058],[-52.76349,-25.30998],[-52.76408,-25.3096],[-52.76409,-25.30928],[-52.76463,-25.30886],[-52.76639,-25.30796],[-52.76677,-25.30794],[-52.76695,-25.30774],[-52.76755,-25.30786],[-52.76808,-25.30738],[-52.76846,-25.30734],[-52.76853,-25.30719],[-52.76827,-25.30691],[-52.7685,-25.30649],[-52.76927,-25.30586],[-52.76926,-25.30481],[-52.76961,-25.30386],[-52.77055,-25.30301],[-52.77197,-25.3025],[-52.77314,-25.30137],[-52.775,-25.30054],[-52.77798,-25.29989],[-52.78034,-25.3001],[-52.78265,-25.30041],[-52.78568,-25.30114],[-52.78625,-25.30142],[-52.78979,-25.3024],[-52.79279,-25.30254],[-52.79388,-25.30275],[-52.7943,-25.30253],[-52.79545,-25.30253],[-52.79686,-25.30196],[-52.79974,-25.30285],[-52.80166,-25.30232],[-52.80245,-25.30179],[-52.80301,-25.30089],[-52.80475,-25.29989],[-52.80539,-25.29994],[-52.80683,-25.30043],[-52.80756,-25.30038],[-52.80796,-25.3006],[-52.81141,-25.29958],[-52.81222,-25.29953],[-52.81285,-25.29922],[-52.81321,-25.29881],[-52.81468,-25.29915],[-52.81597,-25.29993],[-52.81631,-25.3],[-52.81709,-25.30082],[-52.81764,-25.30088],[-52.81818,-25.30131],[-52.81857,-25.30199],[-52.81984,-25.30164],[-52.82015,-25.30124],[-52.821,-25.30066],[-52.82279,-25.30033],[-52.82342,-25.28579],[-52.82459,-25.2853],[-52.82536,-25.28517],[-52.82655,-25.28404],[-52.82697,-25.2839],[-52.82764,-25.28398],[-52.82887,-25.28383],[-52.83056,-25.28251],[-52.83126,-25.28132],[-52.83253,-25.2799],[-52.8336,-25.27946],[-52.83407,-25.27871],[-52.83527,-25.27739],[-52.83613,-25.27672],[-52.83703,-25.27648],[-52.83839,-25.27513],[-52.8391,-25.27476],[-52.83952,-25.27411],[-52.83949,-25.27314],[-52.83823,-25.27245],[-52.83817,-25.27213],[-52.83972,-25.26997],[-52.84018,-25.26975],[-52.84004,-25.26899],[-52.83956,-25.26863],[-52.83893,-25.26863],[-52.83692,-25.26914],[-52.83626,-25.26868],[-52.83609,-25.26776],[-52.83682,-25.2663],[-52.84021,-25.2638],[-52.84068,-25.26317],[-52.84168,-25.261],[-52.84276,-25.25955],[-52.84285,-25.25886],[-52.84347,-25.25819],[-52.84357,-25.25754],[-52.84314,-25.25732],[-52.84243,-25.25762],[-52.84202,-25.25803],[-52.84079,-25.25836],[-52.83782,-25.25796],[-52.836,-25.25732],[-52.83232,-25.25775],[-52.83037,-25.25851],[-52.82988,-25.25822],[-52.82973,-25.25793],[-52.82949,-25.25515],[-52.8301,-25.25356],[-52.8304,-25.25338],[-52.83105,-25.25237],[-52.83083,-25.252],[-52.82996,-25.25195],[-52.82863,-25.25218],[-52.82588,-25.25111],[-52.82519,-25.25153],[-52.82395,-25.2529],[-52.82349,-25.25306],[-52.8222,-25.25252],[-52.82144,-25.25165],[-52.82077,-25.25149],[-52.8201,-25.25183],[-52.81936,-25.2529],[-52.81799,-25.25355],[-52.81719,-25.25359],[-52.81564,-25.25225],[-52.81479,-25.25116],[-52.81425,-25.25128],[-52.81307,-25.25225],[-52.81228,-25.25223],[-52.80967,-25.25014],[-52.80816,-25.24948],[-52.80471,-25.24878],[-52.80392,-25.24957],[-52.80358,-25.25013],[-52.80357,-25.25046],[-52.80392,-25.2523],[-52.80514,-25.25373],[-52.80517,-25.25394],[-52.80495,-25.25418],[-52.80428,-25.25431],[-52.80072,-25.25281],[-52.79891,-25.25243],[-52.79869,-25.2529],[-52.79874,-25.25326],[-52.79954,-25.25488],[-52.79993,-25.25638],[-52.79988,-25.2567],[-52.79739,-25.25665],[-52.79667,-25.25648],[-52.79629,-25.25653],[-52.79518,-25.25731],[-52.79359,-25.25742],[-52.79329,-25.25723],[-52.79323,-25.25698],[-52.79299,-25.2526],[-52.79312,-25.25197],[-52.79329,-25.25161],[-52.79373,-25.25125],[-52.79558,-25.25103],[-52.79586,-25.24989],[-52.79555,-25.24798],[-52.79568,-25.24746],[-52.79628,-25.24671],[-52.79611,-25.2465],[-52.79515,-25.24647],[-52.79457,-25.24671],[-52.79437,-25.24732],[-52.79436,-25.24846],[-52.79405,-25.24904],[-52.79303,-25.24955],[-52.79178,-25.24976],[-52.79033,-25.24951],[-52.78942,-25.24884],[-52.7884,-25.24767],[-52.78755,-25.24752],[-52.78728,-25.24929],[-52.78735,-25.25174],[-52.787,-25.25245],[-52.78642,-25.25289],[-52.78603,-25.25298],[-52.78523,-25.25293],[-52.78418,-25.24987],[-52.78345,-25.24852],[-52.78294,-25.24808],[-52.78236,-25.24783],[-52.78169,-25.24789],[-52.78129,-25.24956],[-52.78083,-25.2495],[-52.77888,-25.24869],[-52.77727,-25.24886],[-52.77654,-25.24878],[-52.77626,-25.24851],[-52.77634,-25.24807],[-52.77696,-25.24695],[-52.77732,-25.24658],[-52.77789,-25.24639],[-52.77804,-25.24614],[-52.77789,-25.2459],[-52.77641,-25.24582],[-52.77612,-25.24544],[-52.77557,-25.24525],[-52.77541,-25.24502],[-52.77561,-25.24368],[-52.77481,-25.24186],[-52.77506,-25.24135],[-52.77554,-25.24098],[-52.77743,-25.24048],[-52.77786,-25.24008],[-52.77811,-25.23927],[-52.77796,-25.23881],[-52.7773,-25.23879],[-52.77512,-25.24011],[-52.77465,-25.24016],[-52.77441,-25.24006],[-52.77405,-25.23944],[-52.7738,-25.23862],[-52.77394,-25.23748],[-52.77494,-25.23702],[-52.77591,-25.23696],[-52.77625,-25.23677],[-52.7763,-25.23649],[-52.77629,-25.23627],[-52.77564,-25.23574],[-52.77611,-25.23437],[-52.77607,-25.23376],[-52.77577,-25.23328],[-52.77533,-25.23324],[-52.77433,-25.23372],[-52.77355,-25.23332],[-52.77288,-25.23245],[-52.77483,-25.23055],[-52.77481,-25.23006],[-52.77418,-25.2299],[-52.77257,-25.23023],[-52.77086,-25.23031],[-52.76962,-25.23123],[-52.7694,-25.2315],[-52.76942,-25.23196],[-52.77039,-25.23377],[-52.77071,-25.23554],[-52.77015,-25.2365],[-52.76902,-25.23722],[-52.76802,-25.2375],[-52.76743,-25.23732],[-52.76707,-25.23692],[-52.7669,-25.23517],[-52.76607,-25.23481],[-52.76533,-25.23473],[-52.76432,-25.23423],[-52.76387,-25.23426],[-52.76305,-25.2347],[-52.76243,-25.23556],[-52.76095,-25.23671],[-52.75953,-25.2375],[-52.759,-25.23759],[-52.75864,-25.23711],[-52.7588,-25.23621],[-52.76054,-25.23532],[-52.76122,-25.23451],[-52.76126,-25.23425],[-52.76103,-25.23389],[-52.7605,-25.23386],[-52.75954,-25.23437],[-52.75894,-25.23445],[-52.75864,-25.23429],[-52.75872,-25.23314],[-52.75915,-25.23236],[-52.75903,-25.23167],[-52.75851,-25.23145],[-52.75512,-25.23121],[-52.75351,-25.23041],[-52.75147,-25.23137],[-52.75117,-25.23144],[-52.75086,-25.23117],[-52.75127,-25.22922],[-52.75157,-25.22879],[-52.75179,-25.22856],[-52.75271,-25.22832],[-52.75337,-25.22761],[-52.75356,-25.22652],[-52.75319,-25.22611],[-52.75227,-25.22654],[-52.75162,-25.2264],[-52.75093,-25.22592],[-52.7501,-25.2262],[-52.74989,-25.22654],[-52.74984,-25.22843],[-52.74944,-25.22934],[-52.74912,-25.22952],[-52.74723,-25.22877],[-52.74542,-25.22899],[-52.74517,-25.22885],[-52.74505,-25.22815],[-52.74604,-25.22669],[-52.74601,-25.22646],[-52.74567,-25.22621],[-52.7411,-25.22586],[-52.74043,-25.22624]]]}},{"type":"Feature","properties":{"nome":"TI Cerco Grande","etapa":"Delimitada","area_ha":1388.07},"geometry":{"type":"Polygon","coordinates":[[[-48.29709,-25.29489],[-48.29681,-25.29555],[-48.29621,-25.29633],[-48.29514,-25.29669],[-48.29449,-25.29668],[-48.29402,-25.2962],[-48.29202,-25.29528],[-48.29166,-25.29457],[-48.29122,-25.2943],[-48.29025,-25.29427],[-48.28763,-25.29501],[-48.28709,-25.29479],[-48.28692,-25.29457],[-48.28464,-25.29535],[-48.28434,-25.29563],[-48.28415,-25.29622],[-48.28411,-25.29746],[-48.28173,-25.29964],[-48.28109,-25.30109],[-48.28119,-25.30158],[-48.28056,-25.30185],[-48.27984,-25.3027],[-48.2788,-25.30265],[-48.27803,-25.30296],[-48.27814,-25.30397],[-48.27868,-25.30457],[-48.27884,-25.30515],[-48.27856,-25.30641],[-48.2772,-25.30787],[-48.27649,-25.30792],[-48.27562,-25.30771],[-48.27562,-25.30689],[-48.27474,-25.30747],[-48.27406,-25.30854],[-48.27412,-25.30953],[-48.27337,-25.31006],[-48.2731,-25.31045],[-48.27307,-25.31077],[-48.27341,-25.31141],[-48.27293,-25.31132],[-48.27265,-25.31092],[-48.27318,-25.30922],[-48.27273,-25.30875],[-48.27007,-25.30977],[-48.269,-25.31048],[-48.26858,-25.31032],[-48.26807,-25.31056],[-48.26709,-25.31163],[-48.26688,-25.31212],[-48.26754,-25.31243],[-48.26772,-25.31304],[-48.2676,-25.31385],[-48.26688,-25.31596],[-48.26705,-25.31685],[-48.26676,-25.3206],[-48.26712,-25.32219],[-48.26675,-25.32231],[-48.26627,-25.32205],[-48.26598,-25.32342],[-48.26615,-25.32386],[-48.26673,-25.32431],[-48.26773,-25.32425],[-48.26854,-25.32443],[-48.26897,-25.32484],[-48.26931,-25.32566],[-48.27011,-25.32645],[-48.2704,-25.32718],[-48.27123,-25.32746],[-48.27185,-25.32734],[-48.27234,-25.32662],[-48.27287,-25.32712],[-48.27336,-25.32726],[-48.27366,-25.32756],[-48.27381,-25.32748],[-48.27402,-25.32716],[-48.27407,-25.32616],[-48.27427,-25.32568],[-48.27454,-25.32526],[-48.27503,-25.32512],[-48.27583,-25.32582],[-48.27805,-25.32621],[-48.27902,-25.32674],[-48.28101,-25.32664],[-48.28115,-25.32671],[-48.28066,-25.3268],[-48.27952,-25.32746],[-48.27898,-25.32819],[-48.2792,-25.32914],[-48.27997,-25.33019],[-48.28108,-25.33096],[-48.28277,-25.33119],[-48.28333,-25.33178],[-48.28429,-25.33218],[-48.28603,-25.33244],[-48.28989,-25.33364],[-48.29027,-25.3334],[-48.29048,-25.33304],[-48.29018,-25.33213],[-48.29062,-25.32968],[-48.29018,-25.32875],[-48.29043,-25.32802],[-48.29159,-25.32736],[-48.29215,-25.3259],[-48.29216,-25.32653],[-48.29156,-25.3279],[-48.2915,-25.32866],[-48.29276,-25.33037],[-48.29331,-25.33058],[-48.2949,-25.32978],[-48.29595,-25.32889],[-48.29718,-25.3283],[-48.29746,-25.32789],[-48.29745,-25.32666],[-48.29818,-25.32561],[-48.29831,-25.32468],[-48.2987,-25.32434],[-48.29891,-25.32365],[-48.29975,-25.3231],[-48.30061,-25.32331],[-48.30086,-25.32295],[-48.30117,-25.32293],[-48.30151,-25.32327],[-48.30245,-25.32319],[-48.30317,-25.32365],[-48.30346,-25.32365],[-48.30429,-25.32342],[-48.3057,-25.32345],[-48.30621,-25.3228],[-48.30712,-25.32265],[-48.30833,-25.324],[-48.30858,-25.3254],[-48.31026,-25.32511],[-48.31082,-25.32455],[-48.3116,-25.32428],[-48.31279,-25.3242],[-48.31362,-25.32432],[-48.31408,-25.32393],[-48.31423,-25.32314],[-48.31501,-25.32228],[-48.31449,-25.32162],[-48.31416,-25.32081],[-48.31353,-25.32034],[-48.31225,-25.32008],[-48.31157,-25.31965],[-48.31291,-25.31959],[-48.31384,-25.32022],[-48.31641,-25.32101],[-48.31677,-25.32158],[-48.31728,-25.32168],[-48.31825,-25.32126],[-48.31852,-25.32097],[-48.3187,-25.32031],[-48.31849,-25.31903],[-48.31783,-25.31851],[-48.31753,-25.31777],[-48.31778,-25.31775],[-48.31799,-25.3183],[-48.31916,-25.31831],[-48.31973,-25.31796],[-48.32061,-25.31695],[-48.32298,-25.31553],[-48.32348,-25.3155],[-48.32419,-25.31571],[-48.32495,-25.31488],[-48.32705,-25.31465],[-48.32771,-25.31428],[-48.32798,-25.31392],[-48.32791,-25.3131],[-48.32734,-25.31168],[-48.32726,-25.31067],[-48.32698,-25.31048],[-48.32615,-25.31109],[-48.32601,-25.31067],[-48.32568,-25.3104],[-48.32424,-25.30981],[-48.32016,-25.3113],[-48.31772,-25.31252],[-48.31566,-25.31418],[-48.3145,-25.31544],[-48.3137,-25.31531],[-48.31327,-25.31507],[-48.31252,-25.3145],[-48.3114,-25.31269],[-48.31031,-25.31146],[-48.30969,-25.31119],[-48.30859,-25.31105],[-48.30823,-25.31051],[-48.30831,-25.3101],[-48.30811,-25.30952],[-48.30725,-25.30849],[-48.30527,-25.30734],[-48.30416,-25.3063],[-48.30365,-25.30625],[-48.30409,-25.3057],[-48.3032,-25.30484],[-48.30249,-25.30468],[-48.30235,-25.30424],[-48.30208,-25.30418],[-48.30194,-25.30426],[-48.30201,-25.30477],[-48.30184,-25.30519],[-48.30147,-25.30447],[-48.3015,-25.30391],[-48.30129,-25.30361],[-48.30097,-25.3035],[-48.30083,-25.3037],[-48.30038,-25.30364],[-48.30057,-25.30319],[-48.30107,-25.30328],[-48.30143,-25.3031],[-48.30173,-25.30312],[-48.30203,-25.30343],[-48.30274,-25.30336],[-48.30303,-25.30356],[-48.30354,-25.3019],[-48.30414,-25.30187],[-48.3048,-25.30136],[-48.30582,-25.30092],[-48.30657,-25.30101],[-48.307,-25.3004],[-48.30745,-25.30009],[-48.30658,-25.29849],[-48.30644,-25.29845],[-48.30616,-25.29881],[-48.30588,-25.29878],[-48.30584,-25.29855],[-48.30612,-25.29823],[-48.30603,-25.29809],[-48.30567,-25.29801],[-48.30544,-25.29762],[-48.30426,-25.29696],[-48.30342,-25.29619],[-48.30276,-25.29609],[-48.3026,-25.29555],[-48.29709,-25.29489]]]}},{"type":"Feature","properties":{"nome":"TI Dourados-Amambaipeguá I","etapa":"Delimitada","area_ha":55583.85},"geometry":{"type":"Polygon","coordinates":[[[-54.91897,-23.03841],[-54.91968,-23.03859],[-54.92042,-23.03822],[-54.92088,-23.0387],[-54.9211,-23.03949],[-54.92068,-23.04065],[-54.92117,-23.04111],[-54.92114,-23.0419],[-54.92092,-23.04231],[-54.92116,-23.04288],[-54.9217,-23.04281],[-54.92179,-23.04261],[-54.92154,-23.04214],[-54.92191,-23.04216],[-54.92227,-23.04289],[-54.92208,-23.04329],[-54.92214,-23.04355],[-54.9232,-23.04408],[-54.92342,-23.04436],[-54.9233,-23.04495],[-54.92275,-23.04507],[-54.92312,-23.046],[-54.92299,-23.04656],[-54.92341,-23.04661],[-54.92365,-23.04686],[-54.92403,-23.04663],[-54.92488,-23.04676],[-54.92526,-23.04769],[-54.92572,-23.04812],[-54.92595,-23.04806],[-54.92619,-23.04872],[-54.92625,-23.04823],[-54.92717,-23.04873],[-54.9274,-23.04814],[-54.92832,-23.04803],[-54.92891,-23.04763],[-54.92944,-23.04794],[-54.93026,-23.04775],[-54.93088,-23.04809],[-54.9311,-23.04845],[-54.93219,-23.04863],[-54.93264,-23.04933],[-54.93288,-23.04942],[-54.9333,-23.04951],[-54.93404,-23.04921],[-54.93542,-23.0499],[-54.93596,-23.04949],[-54.93542,-23.04926],[-54.93543,-23.04899],[-54.93694,-23.04915],[-54.93807,-23.04953],[-54.93788,-23.05002],[-54.93843,-23.05027],[-54.93963,-23.04998],[-54.94045,-23.05024],[-54.94105,-23.05002],[-54.94153,-23.04942],[-54.94425,-23.04763],[-54.94607,-23.04568],[-54.94904,-23.04323],[-54.95106,-23.04217],[-54.95235,-23.04169],[-54.9553,-23.04133],[-54.95582,-23.04109],[-54.95801,-23.0409],[-54.96016,-23.03999],[-54.96375,-23.03885],[-54.96608,-23.0377],[-54.96776,-23.03738],[-54.97255,-23.03998],[-54.97851,-23.03319],[-54.97984,-23.01952],[-54.98485,-23.01738],[-54.98527,-23.0155],[-54.98669,-23.01363],[-54.99031,-23.01128],[-54.99229,-23.01023],[-54.99322,-23.00938],[-54.99248,-23.00734],[-54.99238,-23.0049],[-54.99288,-23.00192],[-54.99385,-22.99934],[-54.9939,-22.99855],[-54.99356,-22.99698],[-54.99364,-22.99427],[-54.99486,-22.98968],[-54.99556,-22.98838],[-54.99583,-22.98653],[-54.99628,-22.98564],[-54.99743,-22.98087],[-54.99794,-22.97944],[-54.99817,-22.97649],[-54.99801,-22.97022],[-54.99868,-22.96764],[-54.9988,-22.96657],[-54.99876,-22.96368],[-54.9985,-22.9628],[-54.9987,-22.96216],[-54.99922,-22.96153],[-55.00075,-22.96097],[-55.00142,-22.96088],[-55.00286,-22.96139],[-55.00417,-22.96241],[-55.00532,-22.96411],[-55.00639,-22.96471],[-55.00707,-22.96486],[-55.00747,-22.96563],[-55.00777,-22.96581],[-55.00923,-22.96611],[-55.01137,-22.9701],[-55.0131,-22.97227],[-55.01526,-22.97342],[-55.01735,-22.97373],[-55.01878,-22.97469],[-55.01968,-22.97566],[-55.0234,-22.97713],[-55.02227,-22.97471],[-55.01724,-22.95976],[-55.01716,-22.95925],[-55.01738,-22.95837],[-55.01805,-22.95729],[-55.0264,-22.94753],[-55.02692,-22.94535],[-55.02735,-22.94446],[-55.03436,-22.93761],[-55.03568,-22.9356],[-55.04157,-22.93205],[-55.04181,-22.93202],[-55.04319,-22.93262],[-55.04325,-22.93229],[-55.04262,-22.93079],[-55.04256,-22.9244],[-55.04293,-22.92335],[-55.04429,-22.92174],[-55.04382,-22.92138],[-55.04324,-22.92009],[-55.04251,-22.91903],[-55.04198,-22.91854],[-55.04087,-22.91827],[-55.03997,-22.91942],[-55.03946,-22.92059],[-55.03902,-22.92252],[-55.03828,-22.92395],[-55.03762,-22.92602],[-55.0369,-22.92653],[-55.03399,-22.92601],[-55.03331,-22.92527],[-55.03359,-22.92334],[-55.0334,-22.92214],[-55.03207,-22.91975],[-55.03106,-22.91933],[-55.02878,-22.91771],[-55.02572,-22.91595],[-55.02432,-22.91469],[-55.02104,-22.91254],[-55.01956,-22.91105],[-55.01717,-22.91009],[-55.01642,-22.90996],[-55.01433,-22.91197],[-55.01219,-22.91363],[-55.01109,-22.91389],[-55.00921,-22.91346],[-55.00777,-22.91341],[-55.00663,-22.91441],[-55.00538,-22.91467],[-55.00379,-22.91469],[-55.00343,-22.91458],[-55.00261,-22.91383],[-55.00201,-22.91363],[-55.00072,-22.91208],[-54.99973,-22.91158],[-54.99772,-22.91015],[-54.99735,-22.9096],[-54.99753,-22.90891],[-54.99733,-22.90803],[-54.99687,-22.90735],[-54.99573,-22.90736],[-54.99308,-22.90699],[-54.99166,-22.90637],[-54.99078,-22.90621],[-54.99028,-22.90656],[-54.98981,-22.90811],[-54.99018,-22.90905],[-54.98988,-22.90984],[-54.98984,-22.91075],[-54.99016,-22.91273],[-54.98973,-22.91341],[-54.98831,-22.91347],[-54.98623,-22.91302],[-54.98552,-22.91261],[-54.98432,-22.91156],[-54.98411,-22.91153],[-54.98339,-22.91162],[-54.98287,-22.91304],[-54.98266,-22.91556],[-54.98289,-22.91698],[-54.98435,-22.91951],[-54.98479,-22.9213],[-54.98652,-22.92488],[-54.98681,-22.92603],[-54.98673,-22.92695],[-54.9857,-22.92757],[-54.98519,-22.92761],[-54.98232,-22.92753],[-54.98085,-22.92727],[-54.97993,-22.9273],[-54.97961,-22.92745],[-54.97912,-22.92851],[-54.97915,-22.92956],[-54.9794,-22.9299],[-54.9794,-22.93028],[-54.97903,-22.93088],[-54.97874,-22.93224],[-54.97869,-22.93535],[-54.97768,-22.9381],[-54.97729,-22.93966],[-54.97719,-22.94202],[-54.97774,-22.94383],[-54.97767,-22.94452],[-54.9768,-22.94514],[-54.97638,-22.94516],[-54.97459,-22.94453],[-54.97315,-22.94452],[-54.97117,-22.94729],[-54.97025,-22.94775],[-54.96774,-22.94768],[-54.96713,-22.94741],[-54.96677,-22.94705],[-54.96626,-22.94568],[-54.96555,-22.94507],[-54.96523,-22.94495],[-54.96388,-22.945],[-54.96334,-22.94448],[-54.96172,-22.94371],[-54.96095,-22.94311],[-54.95935,-22.94259],[-54.95833,-22.94287],[-54.95797,-22.9428],[-54.95689,-22.94208],[-54.95614,-22.94183],[-54.95583,-22.9395],[-54.95547,-22.93835],[-54.95522,-22.93809],[-54.95457,-22.93791],[-54.95378,-22.93832],[-54.95354,-22.93825],[-54.95268,-22.93785],[-54.95121,-22.93671],[-54.95099,-22.93604],[-54.95127,-22.93563],[-54.95476,-22.93391],[-54.95545,-22.93374],[-54.95786,-22.93183],[-54.95807,-22.93158],[-54.95841,-22.93036],[-54.95914,-22.92928],[-54.95917,-22.929],[-54.95874,-22.92819],[-54.95872,-22.92769],[-54.95908,-22.92657],[-54.95884,-22.92574],[-54.95851,-22.92536],[-54.95749,-22.92507],[-54.95673,-22.924],[-54.9566,-22.92271],[-54.95633,-22.92182],[-54.95572,-22.92105],[-54.95467,-22.92032],[-54.95392,-22.92035],[-54.95287,-22.92158],[-54.95269,-22.92238],[-54.95335,-22.92362],[-54.95335,-22.92501],[-54.95237,-22.92667],[-54.95203,-22.92699],[-54.9514,-22.92723],[-54.9503,-22.92694],[-54.94686,-22.92669],[-54.94432,-22.92585],[-54.9412,-22.92583],[-54.93988,-22.92623],[-54.93947,-22.92621],[-54.9377,-22.92494],[-54.93637,-22.92437],[-54.9351,-22.92359],[-54.93422,-22.92289],[-54.93383,-22.92228],[-54.93347,-22.92212],[-54.93286,-22.92232],[-54.92964,-22.92468],[-54.9274,-22.92524],[-54.92581,-22.92529],[-54.92403,-22.9256],[-54.92322,-22.92551],[-54.92162,-22.92397],[-54.92109,-22.92257],[-54.92088,-22.92117],[-54.92097,-22.92008],[-54.92126,-22.9192],[-54.92171,-22.91856],[-54.92206,-22.91705],[-54.92156,-22.91606],[-54.92106,-22.91546],[-54.9199,-22.91477],[-54.91874,-22.91371],[-54.91723,-22.91265],[-54.9159,-22.9121],[-54.91576,-22.91155],[-54.91545,-22.91114],[-54.91407,-22.91008],[-54.91211,-22.90922],[-54.90932,-22.90988],[-54.90581,-22.91175],[-54.90495,-22.9117],[-54.90472,-22.91145],[-54.9045,-22.91072],[-54.90381,-22.90795],[-54.90401,-22.90689],[-54.90313,-22.90451],[-54.9031,-22.90422],[-54.90392,-22.90337],[-54.90395,-22.90302],[-54.90385,-22.90278],[-54.9033,-22.90257],[-54.90364,-22.90155],[-54.90436,-22.90057],[-54.90441,-22.89995],[-54.90514,-22.8977],[-54.90679,-22.89484],[-54.90885,-22.89391],[-54.9104,-22.89251],[-54.91059,-22.89121],[-54.91094,-22.89033],[-54.91123,-22.88638],[-54.92186,-22.88634],[-54.9233,-22.88616],[-54.92279,-22.88092],[-54.93116,-22.87388],[-54.93083,-22.8643],[-54.93015,-22.86231],[-54.92956,-22.86118],[-54.92772,-22.85926],[-54.92716,-22.85823],[-54.92608,-22.85732],[-54.92252,-22.8521],[-54.92173,-22.85151],[-54.92104,-22.85069],[-54.91971,-22.84844],[-54.91711,-22.84569],[-54.91481,-22.8426],[-54.91418,-22.84204],[-54.91323,-22.84183],[-54.91182,-22.84197],[-54.91069,-22.84168],[-54.9093,-22.84031],[-54.90757,-22.83917],[-54.90605,-22.8376],[-54.90537,-22.83572],[-54.90558,-22.83523],[-54.90594,-22.83501],[-54.90937,-22.83478],[-54.91108,-22.83428],[-54.91387,-22.83418],[-54.91409,-22.83386],[-54.91433,-22.83181],[-54.91555,-22.82922],[-54.91619,-22.82879],[-54.91788,-22.82848],[-54.91835,-22.82817],[-54.93446,-22.80376],[-54.93757,-22.80139],[-54.93845,-22.80027],[-54.93899,-22.79923],[-54.93903,-22.79771],[-54.93873,-22.79627],[-54.9387,-22.792],[-54.9391,-22.79019],[-54.93982,-22.78802],[-54.94015,-22.78608],[-54.94059,-22.78496],[-54.95776,-22.76607],[-54.95802,-22.76564],[-54.95769,-22.76516],[-54.95663,-22.76443],[-54.95613,-22.76369],[-54.95612,-22.76323],[-54.95693,-22.76085],[-54.95769,-22.76072],[-54.9592,-22.7608],[-54.95976,-22.76246],[-54.96043,-22.76298],[-54.9609,-22.7629],[-54.96163,-22.75877],[-54.96187,-22.7586],[-54.96276,-22.75905],[-54.96336,-22.75909],[-54.96304,-22.75731],[-54.96232,-22.75639],[-54.96236,-22.75601],[-54.96291,-22.75524],[-54.96404,-22.75531],[-54.96506,-22.75506],[-54.96761,-22.75407],[-54.96866,-22.75433],[-54.96914,-22.75461],[-54.97008,-22.75466],[-54.9702,-22.75481],[-54.96939,-22.75574],[-54.9696,-22.75592],[-54.97006,-22.75594],[-54.97037,-22.75564],[-54.97081,-22.75415],[-54.97151,-22.7534],[-54.97057,-22.75249],[-54.96978,-22.75076],[-54.96816,-22.74968],[-54.96836,-22.74942],[-54.96821,-22.74898],[-54.96788,-22.74891],[-54.96635,-22.74917],[-54.96558,-22.749],[-54.96529,-22.74878],[-54.96567,-22.74648],[-54.96607,-22.74634],[-54.96661,-22.74673],[-54.96687,-22.74657],[-54.9666,-22.74554],[-54.96648,-22.7441],[-54.96659,-22.74365],[-54.96697,-22.74314],[-54.96701,-22.74225],[-54.96724,-22.74194],[-54.96827,-22.74261],[-54.96873,-22.7426],[-54.96897,-22.74242],[-54.96924,-22.74177],[-54.96911,-22.74069],[-54.96893,-22.7403],[-54.96866,-22.74014],[-54.96691,-22.73965],[-54.96603,-22.73888],[-54.96585,-22.73836],[-54.96594,-22.73694],[-54.96641,-22.7353],[-54.96605,-22.73498],[-54.96586,-22.73492],[-54.96542,-22.73518],[-54.96414,-22.73462],[-54.96377,-22.73415],[-54.96388,-22.73367],[-54.96545,-22.73257],[-54.96653,-22.73263],[-54.96742,-22.73226],[-54.96919,-22.73081],[-54.96961,-22.73013],[-54.97012,-22.73068],[-54.97002,-22.73183],[-54.97013,-22.73209],[-54.97059,-22.73222],[-54.97114,-22.73213],[-54.97168,-22.73177],[-54.97249,-22.73076],[-54.97268,-22.73073],[-54.97284,-22.73084],[-54.9731,-22.73198],[-54.97346,-22.73212],[-54.97412,-22.73169],[-54.97494,-22.72983],[-54.97545,-22.72938],[-54.97587,-22.72948],[-54.97625,-22.72992],[-54.97711,-22.73133],[-54.9787,-22.73318],[-54.97912,-22.73293],[-54.97982,-22.73127],[-54.9806,-22.73135],[-54.98097,-22.7309],[-54.98116,-22.72983],[-54.98111,-22.72828],[-54.98355,-22.72735],[-54.98471,-22.72731],[-54.98592,-22.72685],[-54.98635,-22.72714],[-54.98649,-22.72708],[-54.98654,-22.72684],[-54.98634,-22.72652],[-54.98466,-22.72479],[-54.98352,-22.72388],[-54.98336,-22.72299],[-54.98268,-22.72217],[-54.98312,-22.72192],[-54.98357,-22.72205],[-54.98441,-22.72195],[-54.98702,-22.72215],[-54.98807,-22.72202],[-54.9894,-22.72214],[-54.98974,-22.72196],[-54.99029,-22.72079],[-54.98986,-22.72008],[-54.99077,-22.72006],[-54.99093,-22.71973],[-54.98882,-22.71864],[-54.98854,-22.71833],[-54.98852,-22.71796],[-54.98896,-22.71718],[-54.9889,-22.71667],[-54.98848,-22.71617],[-54.98883,-22.71584],[-54.98899,-22.7154],[-54.98829,-22.71537],[-54.98788,-22.71488],[-54.98771,-22.71325],[-54.98818,-22.71275],[-54.98853,-22.71284],[-54.98906,-22.71271],[-54.98963,-22.71211],[-54.99087,-22.71165],[-54.99199,-22.71062],[-54.99295,-22.71077],[-54.99436,-22.7105],[-54.99486,-22.70957],[-54.99509,-22.70963],[-54.99538,-22.71044],[-54.99587,-22.71034],[-54.99576,-22.70967],[-54.99488,-22.70898],[-54.99508,-22.70877],[-54.99577,-22.70869],[-54.9961,-22.70897],[-54.99628,-22.70959],[-54.99647,-22.70959],[-54.99709,-22.70891],[-54.99717,-22.70865],[-54.99703,-22.70852],[-54.99634,-22.70862],[-54.99621,-22.70843],[-54.99629,-22.70796],[-54.99674,-22.70745],[-54.99674,-22.70654],[-54.99729,-22.70579],[-54.99699,-22.70437],[-54.99711,-22.70377],[-54.99781,-22.70402],[-54.99827,-22.70453],[-54.99868,-22.70458],[-54.99898,-22.70428],[-54.99858,-22.7039],[-54.99852,-22.70361],[-54.9991,-22.70306],[-54.99932,-22.70218],[-55.00017,-22.70184],[-55.00023,-22.70114],[-55.00045,-22.70087],[-55.00194,-22.69987],[-55.00255,-22.6998],[-55.0048,-22.69896],[-55.00558,-22.69924],[-55.0067,-22.69888],[-55.00696,-22.69929],[-55.00724,-22.69924],[-55.00819,-22.6976],[-55.00903,-22.69722],[-55.0094,-22.6975],[-55.00964,-22.69845],[-55.00997,-22.69867],[-55.01079,-22.69753],[-55.01174,-22.69711],[-55.01268,-22.69728],[-55.01361,-22.69631],[-55.01584,-22.69766],[-55.01712,-22.698],[-55.01809,-22.69808],[-55.01897,-22.69872],[-55.02302,-22.69764],[-55.02351,-22.69713],[-55.02359,-22.69506],[-55.02449,-22.69459],[-55.02456,-22.69434],[-55.0232,-22.69396],[-55.0233,-22.69338],[-55.02227,-22.69282],[-55.02205,-22.69236],[-55.02213,-22.69206],[-55.02286,-22.69119],[-55.0239,-22.69056],[-55.02462,-22.69077],[-55.02487,-22.69099],[-55.02575,-22.69097],[-55.02665,-22.69123],[-55.02752,-22.69181],[-55.02828,-22.69206],[-55.02843,-22.6919],[-55.0284,-22.69074],[-55.02906,-22.6901],[-55.02916,-22.68967],[-55.02853,-22.68878],[-55.02857,-22.68748],[-55.02777,-22.68703],[-55.0282,-22.68662],[-55.02926,-22.6861],[-55.02982,-22.6855],[-55.02984,-22.68533],[-55.02959,-22.68515],[-55.02887,-22.68487],[-55.02902,-22.68435],[-55.02966,-22.68441],[-55.03003,-22.68399],[-55.02978,-22.6825],[-55.03091,-22.68207],[-55.03089,-22.6814],[-55.03151,-22.6814],[-55.03186,-22.68084],[-55.03224,-22.68095],[-55.0327,-22.68058],[-55.03353,-22.68075],[-55.03383,-22.68024],[-55.03467,-22.67983],[-55.03602,-22.67958],[-55.03629,-22.67801],[-55.03645,-22.67779],[-55.0368,-22.67788],[-55.03703,-22.67769],[-55.03704,-22.67688],[-55.03777,-22.67734],[-55.03839,-22.67701],[-55.03849,-22.67735],[-55.03898,-22.67726],[-55.03964,-22.67742],[-55.03994,-22.67685],[-55.03946,-22.67584],[-55.03947,-22.67522],[-55.03964,-22.67502],[-55.04022,-22.67533],[-55.04199,-22.67489],[-55.04232,-22.67561],[-55.04222,-22.67646],[-55.04281,-22.67705],[-55.04362,-22.67748],[-55.04421,-22.67737],[-55.0455,-22.67673],[-55.0494,-22.67746],[-55.0501,-22.6769],[-55.05001,-22.67574],[-55.04977,-22.67512],[-55.05086,-22.67364],[-55.05137,-22.67327],[-55.05166,-22.67267],[-55.0525,-22.67231],[-55.05274,-22.67236],[-55.05309,-22.67288],[-55.05343,-22.673],[-55.05402,-22.67252],[-55.05439,-22.67275],[-55.05427,-22.67186],[-55.05464,-22.67199],[-55.05589,-22.67148],[-55.05659,-22.67167],[-55.05789,-22.67106],[-55.05809,-22.67144],[-55.05907,-22.67118],[-55.05927,-22.67157],[-55.05904,-22.67241],[-55.05936,-22.67263],[-55.06049,-22.67265],[-55.06191,-22.67234],[-55.06357,-22.67275],[-55.06391,-22.67298],[-55.06472,-22.67305],[-55.06634,-22.67275],[-55.06739,-22.6721],[-55.06806,-22.67211],[-55.06857,-22.67179],[-55.06896,-22.67131],[-55.06909,-22.67193],[-55.06958,-22.67204],[-55.0705,-22.67182],[-55.07066,-22.67157],[-55.0721,-22.67083],[-55.07259,-22.67089],[-55.07355,-22.67148],[-55.07405,-22.67146],[-55.07561,-22.67038],[-55.07659,-22.67022],[-55.07709,-22.66988],[-55.07698,-22.66943],[-55.07645,-22.6687],[-55.07711,-22.66815],[-55.07742,-22.66866],[-55.07857,-22.66737],[-55.0789,-22.66754],[-55.079,-22.66744],[-55.07936,-22.66683],[-55.07919,-22.66607],[-55.07934,-22.66597],[-55.07977,-22.6658],[-55.08101,-22.66579],[-55.08201,-22.66557],[-55.08233,-22.66533],[-55.08243,-22.66481],[-55.08271,-22.66474],[-55.08387,-22.66491],[-55.08463,-22.66462],[-55.08546,-22.66473],[-55.08594,-22.66405],[-55.08666,-22.66433],[-55.08733,-22.66424],[-55.08832,-22.6627],[-55.08757,-22.66191],[-55.08773,-22.66128],[-55.08847,-22.66095],[-55.08934,-22.66138],[-55.09004,-22.66099],[-55.09056,-22.66113],[-55.09095,-22.66103],[-55.09108,-22.66085],[-55.09077,-22.65992],[-55.09091,-22.65901],[-55.08922,-22.65873],[-55.08897,-22.65812],[-55.08924,-22.65754],[-55.089,-22.65708],[-55.08983,-22.65698],[-55.09043,-22.65742],[-55.09157,-22.65783],[-55.09223,-22.65748],[-55.0934,-22.65778],[-55.09468,-22.65683],[-55.09507,-22.65609],[-55.09589,-22.65569],[-55.09725,-22.65651],[-55.09757,-22.65653],[-55.0992,-22.6556],[-55.09942,-22.65532],[-55.09939,-22.655],[-55.10043,-22.65419],[-55.10149,-22.65425],[-55.10214,-22.65488],[-55.10348,-22.65573],[-55.10356,-22.65446],[-55.10397,-22.6535],[-55.10319,-22.65306],[-55.10307,-22.65282],[-55.10329,-22.6523],[-55.10354,-22.65222],[-55.10419,-22.65217],[-55.10485,-22.65253],[-55.10492,-22.6531],[-55.10515,-22.65338],[-55.10694,-22.65272],[-55.10902,-22.65223],[-55.10988,-22.65215],[-55.11099,-22.65267],[-55.11114,-22.65222],[-55.11095,-22.6512],[-55.11124,-22.65046],[-55.11177,-22.65024],[-55.11274,-22.64935],[-55.11394,-22.64925],[-55.11379,-22.64878],[-55.11401,-22.64873],[-55.11479,-22.64888],[-55.11511,-22.64928],[-55.11631,-22.64885],[-55.11749,-22.64907],[-55.11823,-22.64807],[-55.11929,-22.64807],[-55.11986,-22.64786],[-55.11998,-22.64732],[-55.1197,-22.64618],[-55.1206,-22.64511],[-55.12172,-22.64397],[-55.1224,-22.64352],[-55.12289,-22.64279],[-55.12316,-22.64265],[-55.12391,-22.64268],[-55.12447,-22.64239],[-55.12482,-22.64162],[-55.12608,-22.64088],[-55.12631,-22.64049],[-55.12647,-22.63923],[-55.12588,-22.63866],[-55.12572,-22.63817],[-55.12602,-22.63748],[-55.12656,-22.63734],[-55.12675,-22.63709],[-55.1274,-22.63557],[-55.12792,-22.63506],[-55.12825,-22.6344],[-55.12843,-22.63296],[-55.1283,-22.63114],[-55.12727,-22.62862],[-55.12673,-22.62776],[-55.12672,-22.62713],[-55.12647,-22.62661],[-55.12567,-22.62602],[-55.12525,-22.62536],[-55.12409,-22.62415],[-55.12345,-22.62258],[-55.12346,-22.62138],[-55.12325,-22.62047],[-55.12307,-22.61813],[-55.12213,-22.61464],[-55.12182,-22.61408],[-55.12097,-22.61333],[-55.11964,-22.61162],[-55.11777,-22.60816],[-55.11794,-22.60701],[-55.11905,-22.60617],[-55.1195,-22.60515],[-55.1196,-22.60444],[-55.11916,-22.6035],[-55.11844,-22.60283],[-55.11812,-22.60207],[-55.11822,-22.60031],[-55.11686,-22.59724],[-55.11407,-22.59727],[-55.11327,-22.59666],[-55.11593,-22.59336],[-55.11749,-22.5919],[-55.12646,-22.58714],[-55.12551,-22.58558],[-55.12468,-22.58302],[-55.12407,-22.58269],[-55.12389,-22.5814],[-55.12318,-22.58053],[-55.12336,-22.58016],[-55.12326,-22.57981],[-55.12311,-22.57982],[-55.12284,-22.57897],[-55.12268,-22.57887],[-55.12281,-22.57875],[-55.12254,-22.57866],[-55.12227,-22.57802],[-55.1223,-22.57737],[-55.12168,-22.5765],[-55.12149,-22.57544],[-55.12124,-22.57516],[-55.12141,-22.57497],[-55.12113,-22.57471],[-55.12094,-22.57322],[-55.12058,-22.57278],[-55.12058,-22.57242],[-55.12017,-22.57199],[-55.12038,-22.56827],[-55.12073,-22.56683],[-55.12339,-22.56118],[-55.1241,-22.55914],[-55.12428,-22.55687],[-55.12359,-22.55666],[-55.12389,-22.55625],[-55.12354,-22.55547],[-55.1231,-22.55552],[-55.12135,-22.55444],[-55.11885,-22.55245],[-55.11768,-22.55225],[-55.11217,-22.55236],[-55.10966,-22.55128],[-55.10801,-22.55019],[-55.10663,-22.54955],[-55.09821,-22.54693],[-55.0947,-22.54497],[-55.0921,-22.54429],[-55.09059,-22.54325],[-55.0883,-22.5421],[-55.08595,-22.5427],[-55.08529,-22.54333],[-55.08429,-22.54373],[-55.08119,-22.54236],[-55.07997,-22.54285],[-55.07984,-22.54309],[-55.07897,-22.54285],[-55.07767,-22.54168],[-55.07621,-22.54144],[-55.07426,-22.54437],[-55.07361,-22.54706],[-55.0727,-22.54814],[-55.07178,-22.54965],[-55.07014,-22.5555],[-55.06932,-22.55953],[-55.06933,-22.56376],[-55.06989,-22.56579],[-55.07203,-22.5681],[-55.07413,-22.5696],[-55.07507,-22.57047],[-55.0752,-22.57138],[-55.07483,-22.57213],[-55.07494,-22.5731],[-55.07477,-22.57466],[-55.07447,-22.57572],[-55.0699,-22.57907],[-55.06912,-22.57907],[-55.06041,-22.58397],[-55.05738,-22.58509],[-55.0374,-22.58748],[-55.03792,-22.59416],[-55.03861,-22.59373],[-55.03914,-22.59385],[-55.03953,-22.59704],[-55.03952,-22.59772],[-55.03888,-22.59865],[-55.03883,-22.59923],[-55.03906,-22.60027],[-55.03848,-22.60254],[-55.03897,-22.60408],[-55.0387,-22.60493],[-55.03784,-22.60602],[-55.03677,-22.60705],[-55.03559,-22.60752],[-55.03514,-22.60798],[-55.03403,-22.60844],[-55.03371,-22.60888],[-55.03335,-22.60907],[-55.03326,-22.60947],[-55.03274,-22.60979],[-55.03212,-22.61053],[-55.0318,-22.61204],[-55.03135,-22.61297],[-55.03131,-22.61496],[-55.03162,-22.61582],[-55.03142,-22.61631],[-55.03117,-22.61811],[-55.03168,-22.62031],[-55.03151,-22.62117],[-55.03159,-22.62166],[-55.03094,-22.62285],[-55.03074,-22.62373],[-55.03027,-22.62645],[-55.03031,-22.62711],[-55.03074,-22.62755],[-55.0306,-22.62789],[-55.03025,-22.62799],[-55.03017,-22.62874],[-55.03031,-22.62937],[-55.031,-22.62985],[-55.03141,-22.63059],[-55.03115,-22.63114],[-55.0314,-22.63179],[-55.03133,-22.63207],[-55.0315,-22.63259],[-55.03191,-22.63292],[-55.03186,-22.63329],[-55.03235,-22.63447],[-55.03204,-22.63555],[-55.03223,-22.63638],[-55.03234,-22.63648],[-55.0325,-22.63636],[-55.03253,-22.63659],[-55.03303,-22.63665],[-55.03309,-22.63718],[-55.03352,-22.63744],[-55.03335,-22.63797],[-55.03365,-22.63849],[-55.03335,-22.63856],[-55.03328,-22.63886],[-55.03311,-22.63882],[-55.03293,-22.63961],[-55.0333,-22.63981],[-55.03351,-22.63966],[-55.03359,-22.64003],[-55.03395,-22.64015],[-55.03424,-22.64064],[-55.03389,-22.6407],[-55.03465,-22.64166],[-55.0346,-22.64218],[-55.03485,-22.64223],[-55.03483,-22.64237],[-55.03452,-22.64249],[-55.03447,-22.6432],[-55.0349,-22.64344],[-55.03481,-22.64358],[-55.03459,-22.64353],[-55.03464,-22.64423],[-55.03473,-22.64439],[-55.0351,-22.64434],[-55.035,-22.64457],[-55.03517,-22.64482],[-55.03514,-22.64545],[-55.03543,-22.6462],[-55.03518,-22.64693],[-55.03553,-22.64697],[-55.03556,-22.6471],[-55.03511,-22.64732],[-55.03445,-22.64898],[-55.03477,-22.64949],[-55.03525,-22.64958],[-55.03537,-22.64998],[-55.03496,-22.65098],[-55.03504,-22.65164],[-55.0345,-22.65185],[-55.0342,-22.6526],[-55.03371,-22.65324],[-55.03307,-22.65364],[-55.03218,-22.65481],[-55.03168,-22.65597],[-55.03112,-22.65643],[-55.03124,-22.65683],[-55.03094,-22.65718],[-55.03118,-22.65796],[-55.03085,-22.65839],[-55.03067,-22.65934],[-55.02962,-22.66139],[-55.0294,-22.66227],[-55.02809,-22.66173],[-55.00719,-22.663],[-55.00634,-22.66366],[-55.00621,-22.66568],[-55.00526,-22.66697],[-55.00501,-22.668],[-55.0037,-22.66853],[-55.00307,-22.66931],[-55.00188,-22.6694],[-55.00124,-22.66998],[-55.0002,-22.67029],[-54.99907,-22.67112],[-54.99609,-22.6721],[-54.99476,-22.6732],[-54.99456,-22.67402],[-54.99344,-22.67408],[-54.9926,-22.67356],[-54.9927,-22.67255],[-54.99251,-22.67164],[-54.99138,-22.67045],[-54.99069,-22.66921],[-54.99051,-22.66842],[-54.99079,-22.66795],[-54.99044,-22.66675],[-54.98896,-22.66683],[-54.98844,-22.66668],[-54.9882,-22.66632],[-54.98835,-22.66459],[-54.98775,-22.66335],[-54.9877,-22.66239],[-54.9872,-22.66151],[-54.98661,-22.66095],[-54.98553,-22.65906],[-54.98562,-22.65841],[-54.98593,-22.65799],[-54.98555,-22.65704],[-54.98561,-22.65618],[-54.98535,-22.6557],[-54.98532,-22.65507],[-54.9851,-22.65476],[-54.98472,-22.6546],[-54.98458,-22.65375],[-54.98479,-22.65226],[-54.9847,-22.65109],[-54.98487,-22.65044],[-54.9843,-22.6496],[-54.98379,-22.64933],[-54.98394,-22.64866],[-54.98379,-22.64726],[-54.98353,-22.64669],[-54.983,-22.64637],[-54.98298,-22.6458],[-54.98266,-22.64491],[-54.98265,-22.64392],[-54.98209,-22.64265],[-54.98265,-22.64227],[-54.9827,-22.64125],[-54.98222,-22.64085],[-54.98225,-22.64048],[-54.98192,-22.64048],[-54.98183,-22.64028],[-54.98204,-22.64013],[-54.98186,-22.63965],[-54.98236,-22.63874],[-54.98212,-22.63855],[-54.98202,-22.63813],[-54.98219,-22.63701],[-54.9821,-22.63665],[-54.98229,-22.63637],[-54.98189,-22.63585],[-54.98096,-22.63566],[-54.98095,-22.63446],[-54.9816,-22.63212],[-54.98307,-22.62937],[-54.9839,-22.6285],[-54.98469,-22.62785],[-54.98544,-22.62767],[-54.98743,-22.62642],[-54.98824,-22.62643],[-54.98878,-22.6262],[-54.98884,-22.62576],[-54.98941,-22.62587],[-54.98991,-22.62552],[-54.99018,-22.62558],[-54.98997,-22.62503],[-54.9907,-22.62407],[-54.99107,-22.62409],[-54.99183,-22.62345],[-54.99269,-22.6233],[-54.99324,-22.62302],[-54.99361,-22.62304],[-54.99444,-22.62216],[-54.99512,-22.622],[-54.99559,-22.62155],[-54.99642,-22.62111],[-54.99682,-22.62042],[-54.99683,-22.61997],[-54.99724,-22.61983],[-54.99722,-22.61933],[-54.99741,-22.61868],[-54.99761,-22.61853],[-54.99742,-22.61759],[-54.92952,-22.61461],[-54.92628,-22.60616],[-54.92633,-22.60582],[-54.92508,-22.60245],[-54.92174,-22.60134],[-54.91867,-22.59202],[-54.91902,-22.5855],[-54.9195,-22.57705],[-54.99613,-22.58054],[-54.9938,-22.5762],[-54.99404,-22.5753],[-54.99492,-22.57377],[-54.9945,-22.57207],[-54.99445,-22.57091],[-54.99411,-22.57001],[-54.9931,-22.56852],[-54.99407,-22.56471],[-54.99381,-22.56409],[-54.99363,-22.56285],[-54.99341,-22.5597],[-54.99349,-22.55885],[-54.99281,-22.55689],[-54.99242,-22.55394],[-54.99247,-22.55323],[-54.99127,-22.54937],[-54.99162,-22.54819],[-54.99258,-22.54629],[-54.99249,-22.54582],[-54.99214,-22.54567],[-54.99177,-22.54434],[-54.99286,-22.54302],[-54.99359,-22.54094],[-54.995,-22.53893],[-54.99581,-22.53833],[-54.99807,-22.53749],[-54.99873,-22.53672],[-55.00029,-22.5339],[-54.99994,-22.53331],[-54.99993,-22.53268],[-55.0004,-22.53113],[-55.00155,-22.5289],[-54.98448,-22.52823],[-54.98486,-22.52035],[-54.97269,-22.51989],[-54.9714,-22.52313],[-54.97025,-22.52494],[-54.97002,-22.52513],[-54.96873,-22.52529],[-54.9675,-22.52592],[-54.96615,-22.52585],[-54.96493,-22.52723],[-54.96439,-22.52829],[-54.96158,-22.53096],[-54.96181,-22.5317],[-54.96142,-22.53265],[-54.96237,-22.53397],[-54.95607,-22.53801],[-54.95332,-22.53782],[-54.95196,-22.53714],[-54.9479,-22.53332],[-54.9452,-22.53022],[-54.94355,-22.52907],[-54.94177,-22.52748],[-54.93991,-22.52655],[-54.93735,-22.52681],[-54.93324,-22.52771],[-54.93151,-22.52779],[-54.9301,-22.52824],[-54.9271,-22.528],[-54.92526,-22.52812],[-54.92428,-22.5284],[-54.9237,-22.52829],[-54.92342,-22.52835],[-54.92328,-22.5289],[-54.92224,-22.52893],[-54.92191,-22.52945],[-54.92043,-22.5301],[-54.91916,-22.52957],[-54.91873,-22.52998],[-54.91784,-22.53021],[-54.91705,-22.52998],[-54.91638,-22.5301],[-54.91594,-22.53055],[-54.91496,-22.53087],[-54.91425,-22.53082],[-54.91324,-22.53102],[-54.91151,-22.53096],[-54.91102,-22.53137],[-54.90861,-22.53209],[-54.906,-22.5335],[-54.90457,-22.53401],[-54.90318,-22.53407],[-54.90234,-22.53375],[-54.90203,-22.53381],[-54.90202,-22.53398],[-54.90159,-22.53407],[-54.90149,-22.53427],[-54.90103,-22.53422],[-54.90079,-22.53468],[-54.89969,-22.53539],[-54.89934,-22.53546],[-54.89772,-22.53513],[-54.89535,-22.53353],[-54.89234,-22.53226],[-54.89163,-22.53233],[-54.89106,-22.53167],[-54.89011,-22.53239],[-54.8891,-22.53145],[-54.8885,-22.53134],[-54.88782,-22.53158],[-54.88717,-22.53205],[-54.88575,-22.53249],[-54.88536,-22.53213],[-54.88517,-22.5317],[-54.88438,-22.53139],[-54.88378,-22.53091],[-54.88345,-22.53051],[-54.88317,-22.52951],[-54.8827,-22.52923],[-54.8817,-22.52978],[-54.88102,-22.52928],[-54.87987,-22.52949],[-54.8787,-22.52919],[-54.87774,-22.52956],[-54.87595,-22.52904],[-54.8741,-22.52813],[-54.8734,-22.52805],[-54.87232,-22.52765],[-54.87141,-22.52867],[-54.87093,-22.52898],[-54.8696,-22.52882],[-54.86942,-22.52896],[-54.86989,-22.53049],[-54.8696,-22.53293],[-54.86923,-22.53348],[-54.86758,-22.53483],[-54.86699,-22.5357],[-54.86592,-22.53878],[-54.86598,-22.5416],[-54.86545,-22.5432],[-54.86497,-22.5436],[-54.86485,-22.54405],[-54.86502,-22.54538],[-54.86418,-22.55142],[-54.86405,-22.55191],[-54.86365,-22.55224],[-54.86356,-22.55323],[-54.86296,-22.55364],[-54.86269,-22.55428],[-54.86277,-22.55484],[-54.86227,-22.55589],[-54.8621,-22.55729],[-54.86248,-22.55832],[-54.86338,-22.55919],[-54.86425,-22.55973],[-54.86679,-22.5627],[-54.86738,-22.56298],[-54.86744,-22.56357],[-54.86764,-22.5638],[-54.86846,-22.56464],[-54.86975,-22.56559],[-54.87046,-22.56653],[-54.87254,-22.56758],[-54.87291,-22.56885],[-54.87324,-22.56935],[-54.87503,-22.57097],[-54.87507,-22.57156],[-54.87467,-22.57263],[-54.87476,-22.57381],[-54.87554,-22.57758],[-54.8777,-22.58221],[-54.87919,-22.58493],[-54.88011,-22.58575],[-54.88069,-22.58732],[-54.88176,-22.58935],[-54.8836,-22.59196],[-54.88383,-22.59262],[-54.88437,-22.59301],[-54.88396,-22.59418],[-54.88406,-22.59537],[-54.88662,-22.60921],[-54.88698,-22.6095],[-54.8876,-22.61074],[-54.8874,-22.61435],[-54.88701,-22.61489],[-54.88711,-22.61532],[-54.88817,-22.61637],[-54.88901,-22.61814],[-54.88931,-22.61939],[-54.89035,-22.62141],[-54.89047,-22.62255],[-54.891,-22.62333],[-54.89119,-22.62395],[-54.8913,-22.62538],[-54.89195,-22.62712],[-54.89429,-22.62943],[-54.89556,-22.63169],[-54.89604,-22.63357],[-54.89764,-22.63597],[-54.89812,-22.63699],[-54.89839,-22.63814],[-54.89929,-22.64014],[-54.89933,-22.64154],[-54.89971,-22.64322],[-54.90009,-22.64798],[-54.90138,-22.65164],[-54.90146,-22.65271],[-54.90277,-22.65683],[-54.90333,-22.65704],[-54.90491,-22.65856],[-54.90595,-22.65921],[-54.90812,-22.661],[-54.90883,-22.66204],[-54.90934,-22.66337],[-54.90952,-22.66437],[-54.91008,-22.66541],[-54.9125,-22.66881],[-54.91319,-22.67072],[-54.91375,-22.67152],[-54.91431,-22.67292],[-54.91513,-22.67422],[-54.91683,-22.67557],[-54.91807,-22.67632],[-54.91848,-22.67688],[-54.91892,-22.6783],[-54.92003,-22.68022],[-54.92039,-22.68113],[-54.91984,-22.68394],[-54.91995,-22.6872],[-54.92092,-22.68956],[-54.92133,-22.69123],[-54.92159,-22.69165],[-54.92284,-22.69261],[-54.92282,-22.69386],[-54.92305,-22.69454],[-54.92474,-22.69602],[-54.92515,-22.69773],[-54.92554,-22.69842],[-54.92654,-22.69907],[-54.92772,-22.69945],[-54.92889,-22.69966],[-54.93267,-22.69942],[-54.93375,-22.70003],[-54.93415,-22.70236],[-54.93633,-22.70611],[-54.93652,-22.70715],[-54.93688,-22.70774],[-54.93802,-22.70839],[-54.93827,-22.70881],[-54.93824,-22.70943],[-54.93801,-22.70987],[-54.93571,-22.71058],[-54.9347,-22.71164],[-54.93399,-22.71294],[-54.93379,-22.71379],[-54.93377,-22.7176],[-54.93296,-22.71907],[-54.93245,-22.7208],[-54.93194,-22.72137],[-54.93165,-22.72237],[-54.92985,-22.72465],[-54.92976,-22.72541],[-54.93042,-22.72719],[-54.93036,-22.72792],[-54.92962,-22.73018],[-54.92921,-22.73099],[-54.92872,-22.73128],[-54.92843,-22.73246],[-54.92841,-22.73348],[-54.92873,-22.73415],[-54.92873,-22.73631],[-54.92912,-22.73754],[-54.92963,-22.73836],[-54.93047,-22.74049],[-54.93035,-22.74122],[-54.92911,-22.74408],[-54.92986,-22.74428],[-54.93026,-22.74505],[-54.9302,-22.74557],[-54.92952,-22.74636],[-54.92955,-22.74706],[-54.92921,-22.7485],[-54.92949,-22.74964],[-54.9295,-22.75247],[-54.92977,-22.75403],[-54.93082,-22.75526],[-54.93115,-22.75597],[-54.93175,-22.75643],[-54.93187,-22.7567],[-54.93211,-22.75761],[-54.93162,-22.75834],[-54.93151,-22.75889],[-54.93162,-22.75914],[-54.93381,-22.7599],[-54.93409,-22.76029],[-54.93394,-22.76118],[-54.93473,-22.76174],[-54.935,-22.76211],[-54.93479,-22.76267],[-54.93426,-22.76314],[-54.9342,-22.76368],[-54.93583,-22.76403],[-54.93641,-22.76491],[-54.93657,-22.76548],[-54.93339,-22.76687],[-54.93217,-22.76667],[-54.93154,-22.76639],[-54.93069,-22.76694],[-54.92972,-22.76691],[-54.92869,-22.7673],[-54.92856,-22.76752],[-54.92979,-22.76855],[-54.93127,-22.76929],[-54.93345,-22.77106],[-54.93361,-22.77149],[-54.93345,-22.77195],[-54.93299,-22.77264],[-54.93219,-22.77313],[-54.93127,-22.77336],[-54.92994,-22.77339],[-54.92945,-22.77365],[-54.92962,-22.77452],[-54.93107,-22.77538],[-54.93104,-22.77576],[-54.93069,-22.77607],[-54.92778,-22.77616],[-54.92693,-22.77537],[-54.92572,-22.7764],[-54.92381,-22.7776],[-54.92392,-22.77803],[-54.92341,-22.77891],[-54.92329,-22.77965],[-54.92398,-22.78076],[-54.92554,-22.78096],[-54.92753,-22.78222],[-54.92783,-22.78349],[-54.92749,-22.78369],[-54.92687,-22.78376],[-54.92489,-22.78378],[-54.92415,-22.78407],[-54.92307,-22.78387],[-54.92186,-22.78418],[-54.92097,-22.78379],[-54.92059,-22.7839],[-54.92034,-22.78404],[-54.91951,-22.78541],[-54.91959,-22.78704],[-54.91941,-22.78732],[-54.91921,-22.78734],[-54.91896,-22.7879],[-54.9193,-22.78918],[-54.92024,-22.78842],[-54.92086,-22.78834],[-54.92324,-22.78961],[-54.92464,-22.78963],[-54.92544,-22.78909],[-54.92745,-22.78965],[-54.92978,-22.79001],[-54.92983,-22.79019],[-54.92964,-22.79028],[-54.92834,-22.79066],[-54.92782,-22.7912],[-54.92755,-22.79123],[-54.92715,-22.79086],[-54.92671,-22.79126],[-54.92656,-22.79149],[-54.92646,-22.79307],[-54.92601,-22.79468],[-54.92543,-22.79544],[-54.92552,-22.79566],[-54.92718,-22.79621],[-54.92783,-22.79551],[-54.92812,-22.79539],[-54.92871,-22.79607],[-54.92909,-22.79629],[-54.93091,-22.79676],[-54.93121,-22.79707],[-54.93141,-22.7978],[-54.93218,-22.79822],[-54.93219,-22.799],[-54.93142,-22.79929],[-54.92986,-22.80058],[-54.92887,-22.80196],[-54.92833,-22.80229],[-54.92688,-22.80193],[-54.92587,-22.8022],[-54.92314,-22.80088],[-54.92275,-22.80053],[-54.923,-22.79999],[-54.92284,-22.79984],[-54.92093,-22.79961],[-54.91941,-22.80018],[-54.9185,-22.80034],[-54.91707,-22.80184],[-54.91559,-22.80203],[-54.91465,-22.80182],[-54.91425,-22.80145],[-54.91413,-22.80113],[-54.91435,-22.79991],[-54.91402,-22.79806],[-54.91311,-22.79785],[-54.91269,-22.79798],[-54.91187,-22.79851],[-54.91058,-22.80005],[-54.90981,-22.80033],[-54.90892,-22.79987],[-54.90778,-22.7998],[-54.90744,-22.79891],[-54.90765,-22.79759],[-54.90732,-22.79715],[-54.90661,-22.79777],[-54.90528,-22.79821],[-54.90523,-22.79856],[-54.90542,-22.79894],[-54.90511,-22.79978],[-54.9045,-22.80066],[-54.90454,-22.80091],[-54.90561,-22.80225],[-54.90576,-22.8029],[-54.90569,-22.80397],[-54.90547,-22.80411],[-54.90509,-22.80392],[-54.90484,-22.80307],[-54.90463,-22.80303],[-54.90437,-22.80319],[-54.9039,-22.8051],[-54.90347,-22.80557],[-54.90207,-22.80618],[-54.90213,-22.80639],[-54.90365,-22.80742],[-54.90413,-22.80796],[-54.9042,-22.80817],[-54.90348,-22.80903],[-54.90352,-22.8093],[-54.90503,-22.81147],[-54.90596,-22.81229],[-54.90596,-22.8125],[-54.90524,-22.81318],[-54.90391,-22.81365],[-54.90399,-22.81413],[-54.90536,-22.8151],[-54.9056,-22.81565],[-54.90477,-22.81575],[-54.90363,-22.8156],[-54.90255,-22.81587],[-54.90098,-22.8167],[-54.90013,-22.81684],[-54.89602,-22.81483],[-54.89573,-22.81463],[-54.89555,-22.81391],[-54.8927,-22.81249],[-54.89115,-22.81133],[-54.89088,-22.81135],[-54.89066,-22.81148],[-54.8906,-22.81183],[-54.89149,-22.81241],[-54.89133,-22.81337],[-54.8907,-22.81446],[-54.88968,-22.81513],[-54.88919,-22.81582],[-54.88824,-22.81616],[-54.88721,-22.81617],[-54.88509,-22.81672],[-54.88296,-22.8185],[-54.88253,-22.81824],[-54.88234,-22.81706],[-54.88223,-22.81688],[-54.88203,-22.81691],[-54.88062,-22.81971],[-54.87847,-22.82114],[-54.87741,-22.8226],[-54.87632,-22.82264],[-54.87516,-22.8224],[-54.87476,-22.82227],[-54.87413,-22.82175],[-54.87334,-22.82152],[-54.87252,-22.82191],[-54.87153,-22.822],[-54.87066,-22.82229],[-54.8685,-22.82183],[-54.86813,-22.82159],[-54.86765,-22.82161],[-54.86694,-22.8219],[-54.8668,-22.82211],[-54.86689,-22.82258],[-54.8675,-22.82297],[-54.86781,-22.82352],[-54.86745,-22.8248],[-54.86719,-22.82507],[-54.86651,-22.82527],[-54.86551,-22.82491],[-54.86518,-22.82496],[-54.86392,-22.82623],[-54.86218,-22.82731],[-54.8616,-22.82745],[-54.86107,-22.82715],[-54.85952,-22.8277],[-54.85934,-22.82819],[-54.85982,-22.82873],[-54.85988,-22.82933],[-54.85939,-22.83019],[-54.85943,-22.83085],[-54.85888,-22.83162],[-54.85862,-22.83168],[-54.85844,-22.83093],[-54.85797,-22.83084],[-54.85637,-22.83129],[-54.85536,-22.83197],[-54.85366,-22.83218],[-54.85198,-22.8326],[-54.85172,-22.83273],[-54.85152,-22.83317],[-54.85161,-22.83397],[-54.85124,-22.83412],[-54.85084,-22.83406],[-54.85034,-22.83326],[-54.84949,-22.83281],[-54.84851,-22.83274],[-54.84744,-22.83309],[-54.8474,-22.83342],[-54.85005,-22.83444],[-54.85034,-22.83462],[-54.85062,-22.83515],[-54.8505,-22.83636],[-54.84942,-22.83793],[-54.84999,-22.83841],[-54.85081,-22.83871],[-54.85092,-22.83904],[-54.85052,-22.83959],[-54.84912,-22.84072],[-54.8488,-22.84077],[-54.84857,-22.84063],[-54.8488,-22.8395],[-54.84848,-22.83926],[-54.84802,-22.83957],[-54.84728,-22.84105],[-54.84557,-22.84091],[-54.84474,-22.84143],[-54.84308,-22.84202],[-54.84243,-22.84186],[-54.84157,-22.84134],[-54.83984,-22.84092],[-54.83831,-22.84089],[-54.83802,-22.84142],[-54.83805,-22.84171],[-54.8386,-22.84387],[-54.83872,-22.84559],[-54.83857,-22.84575],[-54.83817,-22.84567],[-54.83733,-22.84402],[-54.83702,-22.84358],[-54.83662,-22.84338],[-54.83619,-22.84357],[-54.83459,-22.84487],[-54.8328,-22.84498],[-54.83119,-22.84663],[-54.83,-22.8473],[-54.83119,-22.84805],[-54.83176,-22.84897],[-54.83173,-22.84939],[-54.83126,-22.84928],[-54.83073,-22.84873],[-54.82944,-22.84856],[-54.82922,-22.84775],[-54.82884,-22.84752],[-54.82836,-22.84769],[-54.8281,-22.84895],[-54.82773,-22.84925],[-54.82676,-22.84868],[-54.82512,-22.84852],[-54.82374,-22.84801],[-54.82358,-22.84801],[-54.82334,-22.84839],[-54.82361,-22.84922],[-54.82323,-22.84946],[-54.82004,-22.84873],[-54.81963,-22.84947],[-54.81997,-22.84995],[-54.82236,-22.84997],[-54.82262,-22.85007],[-54.82273,-22.85036],[-54.82204,-22.85167],[-54.82174,-22.85272],[-54.82188,-22.85333],[-54.82269,-22.85377],[-54.82249,-22.85521],[-54.8229,-22.85606],[-54.82291,-22.85642],[-54.82205,-22.8565],[-54.82196,-22.8567],[-54.82285,-22.85761],[-54.82235,-22.85773],[-54.82109,-22.85754],[-54.81909,-22.85642],[-54.8187,-22.85643],[-54.8186,-22.85659],[-54.81893,-22.85714],[-54.81904,-22.85769],[-54.8189,-22.8606],[-54.81825,-22.86084],[-54.81705,-22.86078],[-54.81648,-22.86091],[-54.81602,-22.86138],[-54.81584,-22.8619],[-54.81616,-22.86196],[-54.81668,-22.86141],[-54.81716,-22.86135],[-54.81752,-22.86151],[-54.81791,-22.86229],[-54.8177,-22.86252],[-54.81703,-22.86261],[-54.81548,-22.86249],[-54.81512,-22.86297],[-54.81629,-22.86446],[-54.8174,-22.86525],[-54.8184,-22.86639],[-54.81834,-22.86737],[-54.81765,-22.8686],[-54.81732,-22.86885],[-54.81603,-22.86872],[-54.81367,-22.86753],[-54.81333,-22.86763],[-54.81304,-22.8682],[-54.81416,-22.86921],[-54.81515,-22.87096],[-54.8151,-22.87116],[-54.81472,-22.87135],[-54.81387,-22.87147],[-54.8134,-22.87179],[-54.81397,-22.87314],[-54.81438,-22.87465],[-54.81435,-22.87508],[-54.81516,-22.87601],[-54.81697,-22.87656],[-54.81861,-22.87648],[-54.82088,-22.87668],[-54.82202,-22.87696],[-54.82286,-22.87726],[-54.82319,-22.87798],[-54.8241,-22.87877],[-54.82477,-22.87871],[-54.82548,-22.87827],[-54.82612,-22.87833],[-54.82656,-22.87883],[-54.82748,-22.88067],[-54.82756,-22.88192],[-54.82741,-22.88221],[-54.82767,-22.88246],[-54.82824,-22.88248],[-54.82916,-22.88214],[-54.83021,-22.88043],[-54.83117,-22.87957],[-54.83209,-22.87815],[-54.8325,-22.87783],[-54.83418,-22.87808],[-54.83717,-22.88027],[-54.83761,-22.88039],[-54.83792,-22.88069],[-54.83826,-22.88164],[-54.83886,-22.88784],[-54.84002,-22.88969],[-54.84057,-22.88985],[-54.84113,-22.88967],[-54.84161,-22.88896],[-54.84226,-22.88729],[-54.84331,-22.88609],[-54.84409,-22.88567],[-54.84491,-22.88581],[-54.84609,-22.88647],[-54.8469,-22.88793],[-54.84764,-22.88886],[-54.8482,-22.8891],[-54.84868,-22.88908],[-54.85005,-22.88822],[-54.85044,-22.88754],[-54.85167,-22.88673],[-54.85275,-22.88876],[-54.85453,-22.89091],[-54.8561,-22.89184],[-54.85668,-22.89181],[-54.85746,-22.89221],[-54.85783,-22.8939],[-54.85837,-22.8947],[-54.85842,-22.89634],[-54.8591,-22.89788],[-54.86032,-22.89875],[-54.86302,-22.90124],[-54.86421,-22.90256],[-54.86641,-22.90554],[-54.86711,-22.90604],[-54.86767,-22.9068],[-54.86928,-22.90825],[-54.87004,-22.91055],[-54.87111,-22.91097],[-54.87177,-22.91248],[-54.87273,-22.91341],[-54.87321,-22.91424],[-54.87354,-22.91511],[-54.87367,-22.91619],[-54.87358,-22.91726],[-54.87167,-22.92382],[-54.87059,-22.92541],[-54.87009,-22.92728],[-54.86992,-22.9286],[-54.86948,-22.93],[-54.86948,-22.9332],[-54.8692,-22.93521],[-54.86752,-22.9389],[-54.86724,-22.94314],[-54.86846,-22.943],[-54.87363,-22.94168],[-54.87499,-22.94152],[-54.89542,-22.95072],[-54.91012,-22.95753],[-54.91057,-22.95789],[-54.91089,-22.95962],[-54.91149,-22.96016],[-54.91135,-22.96072],[-54.91194,-22.96194],[-54.91181,-22.96228],[-54.90985,-22.96273],[-54.91008,-22.96376],[-54.91049,-22.96414],[-54.91043,-22.96446],[-54.90966,-22.9652],[-54.90834,-22.96579],[-54.90797,-22.96567],[-54.90784,-22.96525],[-54.90736,-22.96571],[-54.90479,-22.96622],[-54.90478,-22.96648],[-54.9053,-22.96748],[-54.90514,-22.96796],[-54.90465,-22.96825],[-54.90446,-22.9682],[-54.90423,-22.96753],[-54.90393,-22.96733],[-54.90355,-22.96741],[-54.90341,-22.96774],[-54.90334,-22.96802],[-54.90382,-22.96825],[-54.90401,-22.96885],[-54.90322,-22.9693],[-54.90374,-22.96943],[-54.90382,-22.9696],[-54.90285,-22.97059],[-54.90247,-22.97156],[-54.90264,-22.97186],[-54.90298,-22.97161],[-54.90352,-22.97188],[-54.90369,-22.97217],[-54.90359,-22.97233],[-54.90234,-22.97284],[-54.90223,-22.97362],[-54.90265,-22.97378],[-54.90302,-22.97371],[-54.90318,-22.97393],[-54.902,-22.97488],[-54.90214,-22.97505],[-54.90227,-22.97489],[-54.90254,-22.97491],[-54.90304,-22.97569],[-54.90305,-22.97605],[-54.90249,-22.9767],[-54.90252,-22.97748],[-54.90226,-22.97803],[-54.90133,-22.9783],[-54.90086,-22.97818],[-54.90056,-22.97856],[-54.90063,-22.97991],[-54.90049,-22.98053],[-54.90017,-22.98085],[-54.90035,-22.98095],[-54.90099,-22.98071],[-54.90102,-22.98093],[-54.90077,-22.98112],[-54.90124,-22.9814],[-54.90143,-22.98107],[-54.90167,-22.98108],[-54.90187,-22.9814],[-54.90169,-22.98169],[-54.90192,-22.98201],[-54.90185,-22.9827],[-54.90281,-22.98393],[-54.90257,-22.985],[-54.90214,-22.98544],[-54.90141,-22.98671],[-54.90151,-22.98711],[-54.90205,-22.98765],[-54.90161,-22.98793],[-54.90156,-22.98832],[-54.9011,-22.98884],[-54.89965,-22.98925],[-54.89919,-22.9896],[-54.89931,-22.99009],[-54.89916,-22.99014],[-54.89876,-22.9898],[-54.89841,-22.98988],[-54.89919,-22.99045],[-54.89901,-22.9907],[-54.89863,-22.99083],[-54.89816,-22.99181],[-54.89823,-22.99267],[-54.89861,-22.99252],[-54.89886,-22.99266],[-54.89851,-22.99312],[-54.89833,-22.99394],[-54.8987,-22.99464],[-54.89944,-22.99475],[-54.89989,-22.99545],[-54.89963,-22.99573],[-54.89984,-22.99617],[-54.8994,-22.99672],[-54.89946,-22.9971],[-54.89929,-22.99744],[-54.89948,-22.99779],[-54.89956,-22.99952],[-54.89942,-22.99967],[-54.899,-22.9997],[-54.89887,-22.99992],[-54.90013,-23.0008],[-54.90008,-23.00172],[-54.90064,-23.00218],[-54.90043,-23.00256],[-54.90095,-23.00294],[-54.90238,-23.00332],[-54.90245,-23.00358],[-54.90201,-23.00539],[-54.90243,-23.00662],[-54.90465,-23.00709],[-54.9056,-23.00686],[-54.90557,-23.00784],[-54.9059,-23.00827],[-54.90603,-23.00886],[-54.90642,-23.00877],[-54.90651,-23.00825],[-54.907,-23.00753],[-54.90718,-23.00749],[-54.90752,-23.00776],[-54.90838,-23.00913],[-54.90911,-23.00951],[-54.90954,-23.01031],[-54.90986,-23.01051],[-54.90984,-23.0114],[-54.91061,-23.01177],[-54.91063,-23.01191],[-54.91014,-23.01429],[-54.90976,-23.01502],[-54.91023,-23.01523],[-54.90995,-23.01565],[-54.91058,-23.01641],[-54.91174,-23.01714],[-54.91102,-23.0177],[-54.91005,-23.01707],[-54.91007,-23.01863],[-54.91131,-23.01895],[-54.91129,-23.01963],[-54.91186,-23.01971],[-54.91264,-23.01952],[-54.91266,-23.01978],[-54.9124,-23.02013],[-54.91262,-23.02029],[-54.91364,-23.01999],[-54.91433,-23.01933],[-54.91452,-23.01942],[-54.91454,-23.01991],[-54.91504,-23.01994],[-54.91536,-23.01961],[-54.91533,-23.01889],[-54.91561,-23.01881],[-54.91684,-23.01955],[-54.91752,-23.02044],[-54.91798,-23.02074],[-54.91785,-23.02192],[-54.91759,-23.02201],[-54.91721,-23.02188],[-54.91668,-23.02122],[-54.9165,-23.02151],[-54.91677,-23.02237],[-54.91761,-23.0231],[-54.9175,-23.02347],[-54.91836,-23.02353],[-54.91848,-23.02381],[-54.91836,-23.02478],[-54.91779,-23.02535],[-54.91773,-23.02563],[-54.91802,-23.02598],[-54.91866,-23.02611],[-54.9183,-23.0271],[-54.91889,-23.02866],[-54.91809,-23.02918],[-54.91808,-23.03005],[-54.91858,-23.03142],[-54.91851,-23.03182],[-54.91964,-23.03283],[-54.91851,-23.03335],[-54.91854,-23.0335],[-54.91909,-23.03362],[-54.91918,-23.03405],[-54.91897,-23.03415],[-54.91818,-23.03385],[-54.91753,-23.03448],[-54.91837,-23.0349],[-54.9193,-23.03568],[-54.91859,-23.03686],[-54.91866,-23.03812],[-54.91897,-23.03841]]]}},{"type":"Feature","properties":{"nome":"TI Sombrerito","etapa":"Declarada","area_ha":12761.13},"geometry":{"type":"Polygon","coordinates":[[[-54.71451,-23.73423],[-54.71489,-23.73513],[-54.71488,-23.73576],[-54.71475,-23.73656],[-54.71429,-23.73725],[-54.71388,-23.73755],[-54.71299,-23.73776],[-54.71049,-23.7377],[-54.70941,-23.73899],[-54.70918,-23.73991],[-54.70851,-23.74077],[-54.7086,-23.74149],[-54.70626,-23.74287],[-54.70642,-23.74323],[-54.70573,-23.74417],[-54.70552,-23.74484],[-54.70493,-23.74548],[-54.70441,-23.74671],[-54.70428,-23.74774],[-54.70457,-23.74788],[-54.70399,-23.74961],[-54.70247,-23.75144],[-54.70182,-23.75285],[-54.70143,-23.75582],[-54.70184,-23.75833],[-54.70241,-23.75989],[-54.70272,-23.76131],[-54.70375,-23.76211],[-54.70356,-23.76363],[-54.70314,-23.7651],[-54.70378,-23.76559],[-54.70354,-23.76628],[-54.70263,-23.76676],[-54.70254,-23.76782],[-54.70322,-23.76843],[-54.70261,-23.77193],[-54.70224,-23.77303],[-54.70165,-23.77893],[-54.70206,-23.77993],[-54.70228,-23.78166],[-54.70142,-23.78328],[-54.70151,-23.78429],[-54.70124,-23.78487],[-54.70046,-23.78522],[-54.69974,-23.78613],[-54.69929,-23.78682],[-54.69902,-23.788],[-54.69844,-23.7885],[-54.69813,-23.78962],[-54.69724,-23.79089],[-54.69711,-23.79281],[-54.69724,-23.79295],[-54.69659,-23.79392],[-54.69604,-23.79581],[-54.69588,-23.79756],[-54.69554,-23.79846],[-54.69586,-23.79984],[-54.69552,-23.80106],[-54.69484,-23.80179],[-54.6945,-23.80265],[-54.69439,-23.8042],[-54.69389,-23.80457],[-54.69395,-23.80498],[-54.6936,-23.80583],[-54.69365,-23.80608],[-54.69331,-23.80657],[-54.69351,-23.80706],[-54.69343,-23.80848],[-54.69312,-23.81081],[-54.69265,-23.81227],[-54.69216,-23.81271],[-54.6917,-23.81349],[-54.69126,-23.81369],[-54.69082,-23.8145],[-54.69053,-23.81469],[-54.69023,-23.81544],[-54.68953,-23.81591],[-54.68986,-23.81643],[-54.68369,-23.82992],[-54.6862,-23.83171],[-54.6915,-23.83335],[-54.69213,-23.83371],[-54.69913,-23.84193],[-54.69911,-23.85002],[-54.69862,-23.85778],[-54.69978,-23.8591],[-54.70529,-23.86422],[-54.70556,-23.86431],[-54.71033,-23.86413],[-54.71253,-23.86472],[-54.72145,-23.86524],[-54.73262,-23.86905],[-54.73327,-23.86915],[-54.73392,-23.8686],[-54.73607,-23.8661],[-54.73662,-23.86568],[-54.7449,-23.86824],[-54.74536,-23.86824],[-54.74816,-23.8658],[-54.74907,-23.8608],[-54.75895,-23.85652],[-54.75942,-23.85646],[-54.7621,-23.85764],[-54.76233,-23.85786],[-54.76433,-23.86546],[-54.76454,-23.86576],[-54.76511,-23.86582],[-54.7747,-23.86502],[-54.7753,-23.86558],[-54.77723,-23.86822],[-54.77928,-23.86987],[-54.78098,-23.86863],[-54.78699,-23.86988],[-54.79016,-23.86817],[-54.79307,-23.86777],[-54.79627,-23.86964],[-54.79646,-23.86984],[-54.79659,-23.87104],[-54.79702,-23.87141],[-54.79721,-23.87138],[-54.79957,-23.86916],[-54.80364,-23.8649],[-54.80875,-23.85834],[-54.80889,-23.82133],[-54.80877,-23.80433],[-54.80903,-23.79513],[-54.80855,-23.79427],[-54.80777,-23.79324],[-54.80569,-23.79191],[-54.80504,-23.79192],[-54.80327,-23.79267],[-54.80058,-23.79439],[-54.79951,-23.79436],[-54.79838,-23.79385],[-54.79759,-23.79329],[-54.79728,-23.79295],[-54.79703,-23.79209],[-54.79672,-23.7894],[-54.7962,-23.78747],[-54.79622,-23.78662],[-54.79644,-23.78612],[-54.79749,-23.78553],[-54.79858,-23.78565],[-54.79987,-23.78658],[-54.80031,-23.78595],[-54.79973,-23.78515],[-54.79836,-23.78443],[-54.79758,-23.78242],[-54.7973,-23.78216],[-54.79639,-23.78204],[-54.79401,-23.78218],[-54.79233,-23.78253],[-54.79105,-23.78222],[-54.79033,-23.78138],[-54.79014,-23.78079],[-54.79036,-23.77985],[-54.79141,-23.7787],[-54.79112,-23.77809],[-54.79055,-23.77801],[-54.79019,-23.77818],[-54.78964,-23.77956],[-54.78934,-23.78123],[-54.78989,-23.78297],[-54.78983,-23.78335],[-54.78925,-23.78399],[-54.78743,-23.78375],[-54.78592,-23.78397],[-54.78539,-23.78387],[-54.78468,-23.7835],[-54.78418,-23.78281],[-54.78429,-23.78224],[-54.78534,-23.78135],[-54.78789,-23.77839],[-54.78785,-23.77775],[-54.78734,-23.77737],[-54.78683,-23.77732],[-54.78596,-23.77764],[-54.78509,-23.77879],[-54.78401,-23.77946],[-54.78333,-23.77961],[-54.78193,-23.77913],[-54.78162,-23.77858],[-54.78155,-23.77734],[-54.78229,-23.77622],[-54.78221,-23.77606],[-54.7816,-23.77631],[-54.78069,-23.77697],[-54.7803,-23.77857],[-54.77981,-23.77909],[-54.77862,-23.77899],[-54.77836,-23.77884],[-54.77758,-23.77757],[-54.77714,-23.77733],[-54.77677,-23.77732],[-54.77646,-23.7776],[-54.77642,-23.77805],[-54.77777,-23.77933],[-54.77791,-23.77983],[-54.77783,-23.78019],[-54.77746,-23.78061],[-54.77694,-23.78066],[-54.77518,-23.77925],[-54.77493,-23.77838],[-54.77522,-23.777],[-54.77497,-23.77669],[-54.77507,-23.7753],[-54.77408,-23.77502],[-54.77262,-23.77555],[-54.77149,-23.7755],[-54.77108,-23.77524],[-54.77065,-23.77444],[-54.77062,-23.77322],[-54.7704,-23.77304],[-54.76965,-23.77308],[-54.76826,-23.77374],[-54.76716,-23.77347],[-54.76702,-23.77256],[-54.76642,-23.7717],[-54.76457,-23.77046],[-54.76426,-23.76861],[-54.76323,-23.76751],[-54.76323,-23.76691],[-54.76352,-23.76629],[-54.76456,-23.76587],[-54.76453,-23.76576],[-54.76393,-23.76583],[-54.76231,-23.76673],[-54.75924,-23.7668],[-54.75846,-23.7666],[-54.75768,-23.76586],[-54.7574,-23.76498],[-54.75752,-23.76441],[-54.75853,-23.76347],[-54.7585,-23.76311],[-54.75816,-23.76285],[-54.75734,-23.76296],[-54.75662,-23.76344],[-54.75641,-23.76387],[-54.75636,-23.76516],[-54.7559,-23.7656],[-54.75558,-23.76563],[-54.75498,-23.76559],[-54.75462,-23.76523],[-54.75439,-23.76463],[-54.75438,-23.76401],[-54.75402,-23.7636],[-54.75318,-23.76383],[-54.75213,-23.76357],[-54.75099,-23.76241],[-54.74991,-23.7617],[-54.74947,-23.76176],[-54.74867,-23.76253],[-54.74785,-23.76293],[-54.74557,-23.7633],[-54.74292,-23.76426],[-54.74202,-23.76416],[-54.74122,-23.76385],[-54.74085,-23.76337],[-54.74073,-23.76257],[-54.7415,-23.76167],[-54.74314,-23.76041],[-54.7432,-23.75966],[-54.74291,-23.75929],[-54.7425,-23.75912],[-54.74152,-23.75935],[-54.74059,-23.75913],[-54.73992,-23.75828],[-54.73973,-23.75648],[-54.73953,-23.75631],[-54.73861,-23.756],[-54.7372,-23.75604],[-54.73632,-23.75545],[-54.73629,-23.75465],[-54.73643,-23.75448],[-54.73801,-23.75402],[-54.73804,-23.75376],[-54.73635,-23.7537],[-54.73532,-23.75305],[-54.73489,-23.75238],[-54.73478,-23.75103],[-54.73458,-23.75072],[-54.734,-23.7505],[-54.72928,-23.74983],[-54.72775,-23.75],[-54.72597,-23.75056],[-54.72514,-23.75001],[-54.72497,-23.74914],[-54.72545,-23.74808],[-54.7271,-23.74725],[-54.72925,-23.7471],[-54.72949,-23.74664],[-54.72928,-23.74585],[-54.72889,-23.74562],[-54.72833,-23.74565],[-54.7274,-23.74654],[-54.7266,-23.74687],[-54.72559,-23.74679],[-54.72474,-23.74643],[-54.72386,-23.74554],[-54.7237,-23.74487],[-54.72384,-23.74412],[-54.72449,-23.74244],[-54.72421,-23.74171],[-54.72386,-23.74142],[-54.72272,-23.74137],[-54.72178,-23.74229],[-54.72138,-23.7424],[-54.72095,-23.74231],[-54.72008,-23.74167],[-54.7199,-23.74129],[-54.71972,-23.74001],[-54.72005,-23.73875],[-54.72051,-23.73806],[-54.72146,-23.73724],[-54.72152,-23.73657],[-54.72113,-23.73606],[-54.72064,-23.73583],[-54.72001,-23.73613],[-54.71979,-23.73656],[-54.71973,-23.73791],[-54.71921,-23.73829],[-54.71874,-23.73825],[-54.71757,-23.73756],[-54.716,-23.73732],[-54.71547,-23.7369],[-54.71519,-23.73642],[-54.71557,-23.73584],[-54.71881,-23.73425],[-54.719,-23.73376],[-54.71867,-23.7336],[-54.7174,-23.73398],[-54.71662,-23.73402],[-54.71525,-23.73348],[-54.71452,-23.7337],[-54.71451,-23.73423]]]}},{"type":"Feature","properties":{"nome":"TI Pakurity","etapa":"Declarada","area_ha":5723.04},"geometry":{"type":"MultiPolygon","coordinates":[[[[-47.97456,-25.04377],[-47.97479,-25.04297],[-47.97457,-25.04242],[-47.97422,-25.04277],[-47.97396,-25.04279],[-47.97334,-25.04267],[-47.97299,-25.04233],[-47.97217,-25.04234],[-47.972,-25.02152],[-47.96364,-25.01737],[-47.95934,-25.01647],[-47.95714,-25.00903],[-47.95333,-25.00555],[-47.95286,-25.00646],[-47.95024,-25.00908],[-47.94814,-25.00884],[-47.94826,-25.0082],[-47.94896,-25.0075],[-47.94902,-25.00697],[-47.94873,-25.00695],[-47.94763,-25.00773],[-47.94708,-25.00786],[-47.94683,-25.00749],[-47.94745,-25.00652],[-47.94675,-25.00634],[-47.94622,-25.00674],[-47.94566,-25.00737],[-47.94566,-25.00897],[-47.94541,-25.01034],[-47.94409,-25.01155],[-47.94724,-25.0133],[-47.94777,-25.02611],[-47.94793,-25.02676],[-47.94891,-25.0277],[-47.94898,-25.02827],[-47.94845,-25.02963],[-47.94932,-25.0301],[-47.94997,-25.02993],[-47.95008,-25.03019],[-47.95059,-25.03047],[-47.94993,-25.03078],[-47.94992,-25.03101],[-47.95022,-25.03141],[-47.94937,-25.03169],[-47.94976,-25.03205],[-47.95037,-25.03186],[-47.95054,-25.03195],[-47.95016,-25.03264],[-47.95045,-25.03306],[-47.95042,-25.03334],[-47.95023,-25.03355],[-47.94934,-25.03301],[-47.94859,-25.03216],[-47.94831,-25.03219],[-47.94836,-25.03337],[-47.94792,-25.03484],[-47.94798,-25.03497],[-47.95097,-25.03568],[-47.9518,-25.03643],[-47.952,-25.03712],[-47.95153,-25.03779],[-47.951,-25.03814],[-47.94913,-25.03857],[-47.9487,-25.03932],[-47.94828,-25.03955],[-47.94791,-25.03938],[-47.9478,-25.03907],[-47.94772,-25.03757],[-47.94753,-25.0374],[-47.94678,-25.03732],[-47.94621,-25.03708],[-47.94577,-25.03713],[-47.94549,-25.03753],[-47.94538,-25.03841],[-47.94551,-25.03977],[-47.94686,-25.04027],[-47.947,-25.04058],[-47.9469,-25.04093],[-47.94409,-25.04261],[-47.94332,-25.0426],[-47.94234,-25.04225],[-47.94053,-25.04244],[-47.94022,-25.04263],[-47.9401,-25.04292],[-47.94016,-25.04341],[-47.94031,-25.04358],[-47.94091,-25.04368],[-47.94297,-25.04337],[-47.94356,-25.0435],[-47.94546,-25.04444],[-47.94636,-25.04506],[-47.94769,-25.04528],[-47.94824,-25.04564],[-47.94863,-25.04614],[-47.94859,-25.04658],[-47.9494,-25.04671],[-47.95074,-25.04903],[-47.95059,-25.05018],[-47.95272,-25.05238],[-47.95268,-25.05264],[-47.95184,-25.05346],[-47.95154,-25.05435],[-47.95115,-25.05445],[-47.95117,-25.05514],[-47.95155,-25.05551],[-47.95188,-25.05566],[-47.95287,-25.05571],[-47.95643,-25.05437],[-47.9576,-25.05443],[-47.95926,-25.05425],[-47.96008,-25.05499],[-47.96066,-25.05634],[-47.96126,-25.05646],[-47.96219,-25.05549],[-47.96357,-25.05331],[-47.96413,-25.05297],[-47.96463,-25.05293],[-47.96537,-25.05334],[-47.96657,-25.05525],[-47.96757,-25.05632],[-47.96815,-25.05675],[-47.96879,-25.05693],[-47.96954,-25.05587],[-47.97085,-25.05473],[-47.97217,-25.05444],[-47.97277,-25.05477],[-47.97418,-25.05483],[-47.97515,-25.05439],[-47.97536,-25.05412],[-47.97596,-25.05299],[-47.97609,-25.05196],[-47.97597,-25.05175],[-47.97569,-25.05168],[-47.97416,-25.05164],[-47.97388,-25.05132],[-47.97391,-25.05028],[-47.97373,-25.04937],[-47.97392,-25.04897],[-47.97419,-25.04881],[-47.97475,-25.04882],[-47.97721,-25.04917],[-47.9777,-25.04938],[-47.97878,-25.04794],[-47.97938,-25.04761],[-47.98013,-25.04759],[-47.98,-25.04718],[-47.97805,-25.04498],[-47.97766,-25.04474],[-47.97725,-25.04472],[-47.97675,-25.04524],[-47.97649,-25.04526],[-47.97608,-25.04481],[-47.97557,-25.04459],[-47.97552,-25.04348],[-47.97456,-25.04377]]],[[[-48.01582,-25.12485],[-48.0165,-25.12351],[-48.01882,-25.12152],[-48.01996,-25.11915],[-48.02052,-25.11746],[-48.02054,-25.11565],[-48.02017,-25.11554],[-48.01917,-25.11623],[-48.01901,-25.11621],[-48.01874,-25.11573],[-48.01803,-25.11608],[-48.01783,-25.11594],[-48.01783,-25.11531],[-48.02197,-25.1096],[-48.02224,-25.10846],[-48.02208,-25.1078],[-48.02146,-25.10759],[-48.02108,-25.1077],[-48.01995,-25.10855],[-48.01966,-25.10775],[-48.01794,-25.1078],[-48.01733,-25.10812],[-48.01658,-25.10901],[-48.01572,-25.10936],[-48.01518,-25.10785],[-48.01533,-25.1073],[-48.01572,-25.10696],[-48.01577,-25.10643],[-48.01591,-25.10639],[-48.01628,-25.10691],[-48.01651,-25.107],[-48.01791,-25.10675],[-48.01859,-25.10679],[-48.02045,-25.10491],[-48.02106,-25.10324],[-48.02123,-25.10216],[-48.02105,-25.10104],[-48.02072,-25.10017],[-48.02025,-25.0995],[-48.01952,-25.0993],[-48.01825,-25.09947],[-48.0142,-25.09859],[-48.01067,-25.09686],[-48.01031,-25.09683],[-48.00989,-25.09709],[-48.00975,-25.09758],[-48.01056,-25.09886],[-48.01086,-25.09986],[-48.01031,-25.10064],[-48.01033,-25.10163],[-48.01064,-25.10253],[-48.01033,-25.10386],[-48.00999,-25.10282],[-48.01004,-25.10184],[-48.00981,-25.10105],[-48.01028,-25.09959],[-48.00932,-25.09891],[-48.00897,-25.09818],[-48.00888,-25.09716],[-48.0092,-25.09659],[-48.01117,-25.09634],[-48.01163,-25.09607],[-48.01163,-25.09586],[-48.01085,-25.09515],[-48.01017,-25.09485],[-48.00689,-25.09492],[-48.00503,-25.09561],[-48.00412,-25.09614],[-48.00363,-25.09694],[-48.00348,-25.09767],[-48.0041,-25.10008],[-48.0037,-25.10113],[-48.00401,-25.10226],[-48.0037,-25.10216],[-48.00337,-25.10134],[-48.00348,-25.09968],[-48.00315,-25.09917],[-48.00246,-25.09872],[-48.00216,-25.09811],[-48.00161,-25.09761],[-47.99997,-25.09748],[-47.99844,-25.09775],[-47.99794,-25.09772],[-47.99742,-25.09738],[-47.99721,-25.09739],[-47.99673,-25.09785],[-47.99591,-25.09959],[-47.99525,-25.09979],[-47.99451,-25.09976],[-47.9938,-25.09936],[-47.99381,-25.09907],[-47.99571,-25.0989],[-47.99649,-25.09784],[-47.99628,-25.09774],[-47.99565,-25.09798],[-47.99506,-25.09753],[-47.99426,-25.09738],[-47.99303,-25.09625],[-47.99458,-25.09605],[-47.99521,-25.0964],[-47.99543,-25.09635],[-47.9956,-25.09607],[-47.99555,-25.09545],[-47.99442,-25.09415],[-47.99536,-25.09394],[-47.99582,-25.09362],[-47.9957,-25.09244],[-47.99542,-25.0922],[-47.99554,-25.09109],[-47.9953,-25.09097],[-47.99492,-25.09091],[-47.99443,-25.09127],[-47.99401,-25.09197],[-47.99386,-25.09327],[-47.99316,-25.09388],[-47.99164,-25.09416],[-47.99092,-25.09386],[-47.9902,-25.09315],[-47.98877,-25.09297],[-47.98748,-25.09247],[-47.98712,-25.09248],[-47.98457,-25.0931],[-47.98344,-25.09376],[-47.9825,-25.09473],[-47.982,-25.09477],[-47.98386,-25.09307],[-47.98477,-25.09269],[-47.98622,-25.09227],[-47.98774,-25.09217],[-47.98975,-25.09152],[-47.99064,-25.09169],[-47.99094,-25.09192],[-47.99058,-25.09304],[-47.99111,-25.09359],[-47.99182,-25.09375],[-47.99297,-25.09352],[-47.99348,-25.09286],[-47.99339,-25.0925],[-47.9925,-25.09204],[-47.99249,-25.09184],[-47.99361,-25.09181],[-47.99394,-25.09098],[-47.99371,-25.09049],[-47.99291,-25.09019],[-47.99249,-25.0897],[-47.99224,-25.08896],[-47.99158,-25.08848],[-47.99182,-25.08844],[-47.99243,-25.08866],[-47.99302,-25.08939],[-47.99329,-25.08948],[-47.99385,-25.08946],[-47.99402,-25.089],[-47.99426,-25.08883],[-47.99709,-25.08852],[-47.99742,-25.08864],[-47.99805,-25.08914],[-47.99828,-25.08988],[-47.99803,-25.09061],[-47.99761,-25.09101],[-47.9966,-25.09152],[-47.99642,-25.09179],[-47.99655,-25.09299],[-47.99685,-25.09336],[-47.99821,-25.09395],[-47.99988,-25.09372],[-48.00051,-25.09457],[-48.00078,-25.09465],[-48.00305,-25.09413],[-48.00414,-25.09341],[-48.00635,-25.09148],[-48.00718,-25.09033],[-48.00717,-25.08988],[-48.00658,-25.08913],[-48.00582,-25.08753],[-48.00582,-25.08721],[-48.00632,-25.08611],[-48.0062,-25.08556],[-48.00462,-25.08309],[-48.00351,-25.08167],[-48.00154,-25.08114],[-47.99731,-25.08102],[-47.99456,-25.07986],[-47.99321,-25.07998],[-47.99127,-25.07953],[-47.99037,-25.07974],[-47.98881,-25.08054],[-47.98729,-25.081],[-47.98568,-25.0808],[-47.98415,-25.08112],[-47.98247,-25.08091],[-47.97948,-25.08132],[-47.97783,-25.08196],[-47.97605,-25.08224],[-47.975,-25.082],[-47.97385,-25.08143],[-47.97336,-25.08144],[-47.97195,-25.08186],[-47.97011,-25.08361],[-47.9693,-25.08409],[-47.96813,-25.08433],[-47.96588,-25.0841],[-47.96463,-25.08416],[-47.96358,-25.08403],[-47.96301,-25.08371],[-47.9618,-25.08338],[-47.95889,-25.0836],[-47.95478,-25.08312],[-47.95182,-25.08191],[-47.95047,-25.08086],[-47.95026,-25.0805],[-47.95036,-25.07988],[-47.94951,-25.0792],[-47.94568,-25.07953],[-47.94433,-25.07906],[-47.94388,-25.07844],[-47.94335,-25.07812],[-47.94114,-25.07769],[-47.93937,-25.07701],[-47.93885,-25.07873],[-47.9388,-25.07948],[-47.93925,-25.08091],[-47.9392,-25.08264],[-47.93897,-25.08354],[-47.93751,-25.08605],[-47.93727,-25.08813],[-47.93745,-25.08984],[-47.93779,-25.09102],[-47.93828,-25.09196],[-47.94156,-25.1085],[-47.94127,-25.10913],[-47.94122,-25.11011],[-47.93965,-25.11037],[-47.93884,-25.11123],[-47.93743,-25.11108],[-47.93629,-25.11125],[-47.93572,-25.11177],[-47.9357,-25.11225],[-47.93662,-25.11317],[-47.93669,-25.11424],[-47.93702,-25.11469],[-47.93797,-25.11538],[-47.93824,-25.11582],[-47.93819,-25.11616],[-47.93786,-25.11652],[-47.93667,-25.11742],[-47.93683,-25.11852],[-47.93707,-25.11912],[-47.93742,-25.11948],[-47.93799,-25.11972],[-47.94039,-25.12171],[-47.94098,-25.12189],[-47.9423,-25.12176],[-47.94268,-25.12157],[-47.94296,-25.12094],[-47.94353,-25.1207],[-47.94408,-25.12121],[-47.94468,-25.1223],[-47.94625,-25.12314],[-47.94628,-25.12336],[-47.94529,-25.12396],[-47.94459,-25.12484],[-47.94448,-25.12531],[-47.94462,-25.1257],[-47.94598,-25.1262],[-47.94652,-25.12663],[-47.94786,-25.12824],[-47.9487,-25.12821],[-47.94985,-25.12781],[-47.95072,-25.12698],[-47.95126,-25.12671],[-47.95142,-25.12627],[-47.95185,-25.12624],[-47.95228,-25.12659],[-47.95272,-25.12668],[-47.9528,-25.12626],[-47.95308,-25.12628],[-47.95348,-25.12674],[-47.95335,-25.1272],[-47.95353,-25.12748],[-47.95402,-25.12755],[-47.95571,-25.12734],[-47.95667,-25.12689],[-47.95696,-25.12697],[-47.95707,-25.12757],[-47.95646,-25.12871],[-47.95549,-25.12908],[-47.95468,-25.1298],[-47.95449,-25.13018],[-47.95426,-25.13163],[-47.95344,-25.13217],[-47.95257,-25.1324],[-47.9525,-25.13277],[-47.95305,-25.13346],[-47.95178,-25.13434],[-47.9519,-25.13471],[-47.95325,-25.13499],[-47.95433,-25.13541],[-47.95382,-25.13648],[-47.95409,-25.13669],[-47.95456,-25.1367],[-47.95514,-25.13628],[-47.95544,-25.1356],[-47.95579,-25.13544],[-47.95618,-25.13554],[-47.95668,-25.13591],[-47.95695,-25.13575],[-47.95719,-25.13525],[-47.95837,-25.13488],[-47.95877,-25.13448],[-47.95919,-25.13453],[-47.95937,-25.13512],[-47.95965,-25.13546],[-47.96003,-25.1356],[-47.96005,-25.13643],[-47.95975,-25.13727],[-47.9598,-25.13779],[-47.9602,-25.13832],[-47.96202,-25.13823],[-47.96332,-25.13775],[-47.96351,-25.13752],[-47.96356,-25.1365],[-47.96383,-25.13626],[-47.96439,-25.13643],[-47.96456,-25.1371],[-47.96489,-25.13719],[-47.9652,-25.13705],[-47.96513,-25.13653],[-47.96547,-25.13643],[-47.96537,-25.13553],[-47.96585,-25.13519],[-47.96635,-25.13546],[-47.96718,-25.13646],[-47.96785,-25.13661],[-47.96862,-25.13647],[-47.96975,-25.13667],[-47.96993,-25.13707],[-47.96967,-25.13737],[-47.969,-25.13749],[-47.96841,-25.13809],[-47.96831,-25.13871],[-47.96867,-25.13947],[-47.96939,-25.13985],[-47.96996,-25.14085],[-47.97055,-25.14111],[-47.97098,-25.14172],[-47.97098,-25.14239],[-47.97041,-25.14343],[-47.987,-25.14337],[-47.98905,-25.14282],[-47.99114,-25.14288],[-47.99241,-25.1427],[-47.9945,-25.14268],[-47.99484,-25.14257],[-47.99541,-25.14196],[-47.99757,-25.14179],[-47.99899,-25.14131],[-47.99958,-25.14092],[-48.00204,-25.13846],[-48.00303,-25.13642],[-48.00659,-25.13631],[-48.00734,-25.13586],[-48.0083,-25.13489],[-48.00925,-25.13439],[-48.01008,-25.13423],[-48.01152,-25.13422],[-48.0114,-25.13353],[-48.00986,-25.13193],[-48.00985,-25.13139],[-48.01036,-25.13056],[-48.01121,-25.13015],[-48.01213,-25.13029],[-48.0125,-25.1311],[-48.01302,-25.13123],[-48.0133,-25.13091],[-48.01345,-25.12929],[-48.01283,-25.12894],[-48.01149,-25.12904],[-48.01051,-25.12849],[-48.00998,-25.12746],[-48.00987,-25.12663],[-48.01004,-25.12606],[-48.01025,-25.12581],[-48.01105,-25.12558],[-48.01249,-25.12575],[-48.01283,-25.12594],[-48.01306,-25.12635],[-48.01345,-25.12764],[-48.01394,-25.12821],[-48.0143,-25.12836],[-48.01537,-25.1284],[-48.01553,-25.12699],[-48.01544,-25.12671],[-48.01463,-25.12605],[-48.01333,-25.12525],[-48.01265,-25.12491],[-48.01019,-25.12419],[-48.00989,-25.12385],[-48.00979,-25.12336],[-48.00994,-25.12292],[-48.01074,-25.12219],[-48.01177,-25.1221],[-48.012,-25.1222],[-48.01027,-25.12302],[-48.01026,-25.12355],[-48.01075,-25.12408],[-48.01265,-25.12461],[-48.01445,-25.12475],[-48.01528,-25.12505],[-48.01582,-25.12485]]]]}},{"type":"Feature","properties":{"nome":"TI São Jeronimo","etapa":"Regularizada","area_ha":1346.5},"geometry":{"type":"Polygon","coordinates":[[[-50.76835,-23.72385],[-50.76853,-23.72479],[-50.76782,-23.72505],[-50.7673,-23.7247],[-50.76692,-23.72473],[-50.76672,-23.72454],[-50.76692,-23.72429],[-50.76621,-23.72394],[-50.76635,-23.72342],[-50.76613,-23.72315],[-50.76579,-23.7232],[-50.76513,-23.72379],[-50.76454,-23.72395],[-50.76397,-23.72456],[-50.76361,-23.7246],[-50.76332,-23.72487],[-50.76294,-23.72482],[-50.76294,-23.725],[-50.76334,-23.72514],[-50.76317,-23.72529],[-50.76139,-23.72486],[-50.76072,-23.72504],[-50.75965,-23.72479],[-50.75915,-23.72555],[-50.75753,-23.72563],[-50.75729,-23.72672],[-50.75698,-23.72691],[-50.75698,-23.7272],[-50.75651,-23.72762],[-50.756,-23.72789],[-50.7548,-23.72811],[-50.75449,-23.72915],[-50.75444,-23.73021],[-50.75407,-23.73047],[-50.75377,-23.73011],[-50.75383,-23.72977],[-50.75355,-23.7297],[-50.75321,-23.73009],[-50.75311,-23.72981],[-50.75323,-23.72949],[-50.75292,-23.72949],[-50.75287,-23.72978],[-50.75246,-23.73007],[-50.75215,-23.72986],[-50.75196,-23.72991],[-50.75184,-23.7306],[-50.75222,-23.73092],[-50.75196,-23.73111],[-50.75134,-23.73082],[-50.7511,-23.73051],[-50.75049,-23.73054],[-50.7501,-23.7301],[-50.75009,-23.72984],[-50.74986,-23.72979],[-50.74988,-23.72951],[-50.74906,-23.72946],[-50.74891,-23.72965],[-50.7484,-23.72946],[-50.74847,-23.72934],[-50.74815,-23.72908],[-50.7475,-23.72901],[-50.74667,-23.72941],[-50.74638,-23.72994],[-50.74592,-23.73013],[-50.74555,-23.73068],[-50.74519,-23.73062],[-50.74471,-23.73086],[-50.74484,-23.73135],[-50.74538,-23.73133],[-50.74542,-23.73155],[-50.74424,-23.73171],[-50.74406,-23.73144],[-50.74354,-23.73129],[-50.743,-23.73204],[-50.7423,-23.73243],[-50.74193,-23.73232],[-50.74151,-23.73291],[-50.74158,-23.73312],[-50.74132,-23.73337],[-50.74198,-23.73331],[-50.74203,-23.73361],[-50.7408,-23.73341],[-50.73994,-23.73599],[-50.73909,-23.7373],[-50.73892,-23.73972],[-50.73894,-23.74011],[-50.73918,-23.74049],[-50.74055,-23.74164],[-50.74083,-23.74216],[-50.74064,-23.74299],[-50.73967,-23.74446],[-50.74109,-23.74597],[-50.74113,-23.74641],[-50.7404,-23.74749],[-50.73924,-23.74847],[-50.73897,-23.74979],[-50.73855,-23.75059],[-50.73777,-23.75108],[-50.73696,-23.75125],[-50.73666,-23.75155],[-50.73641,-23.75282],[-50.73616,-23.75328],[-50.73637,-23.75448],[-50.73569,-23.75553],[-50.73571,-23.75575],[-50.73658,-23.75701],[-50.73871,-23.75787],[-50.73895,-23.75825],[-50.73879,-23.75864],[-50.73943,-23.7587],[-50.74025,-23.75833],[-50.74063,-23.75791],[-50.74108,-23.75688],[-50.74174,-23.75685],[-50.74212,-23.75701],[-50.74239,-23.75724],[-50.74257,-23.75828],[-50.74353,-23.75861],[-50.74412,-23.75786],[-50.7451,-23.75775],[-50.74604,-23.75696],[-50.74728,-23.75762],[-50.74859,-23.75882],[-50.74973,-23.75906],[-50.7503,-23.75872],[-50.75055,-23.75888],[-50.75089,-23.75964],[-50.75116,-23.75973],[-50.75214,-23.75935],[-50.75237,-23.75953],[-50.75269,-23.76034],[-50.7538,-23.76038],[-50.75447,-23.76109],[-50.75546,-23.76133],[-50.7555,-23.76179],[-50.7557,-23.76208],[-50.7564,-23.76142],[-50.75672,-23.76139],[-50.75743,-23.76195],[-50.75756,-23.76235],[-50.75741,-23.76351],[-50.75773,-23.76382],[-50.75834,-23.76386],[-50.7599,-23.76506],[-50.76029,-23.7649],[-50.76046,-23.76428],[-50.76175,-23.76308],[-50.76327,-23.7629],[-50.76473,-23.76294],[-50.76734,-23.76088],[-50.76804,-23.76078],[-50.76848,-23.76054],[-50.7688,-23.76018],[-50.76897,-23.75965],[-50.76888,-23.75905],[-50.76847,-23.7585],[-50.76838,-23.75751],[-50.76885,-23.75674],[-50.76965,-23.75661],[-50.77049,-23.75589],[-50.77054,-23.75557],[-50.76952,-23.75464],[-50.77086,-23.75361],[-50.77128,-23.75286],[-50.77282,-23.75159],[-50.77309,-23.75096],[-50.77312,-23.74957],[-50.77353,-23.74933],[-50.77384,-23.74879],[-50.77439,-23.74688],[-50.77466,-23.74645],[-50.77508,-23.74632],[-50.77557,-23.74581],[-50.77503,-23.74498],[-50.77531,-23.74329],[-50.77502,-23.74293],[-50.77346,-23.74209],[-50.77328,-23.74177],[-50.774,-23.73974],[-50.77368,-23.73808],[-50.77389,-23.73724],[-50.77509,-23.73562],[-50.77512,-23.73452],[-50.77576,-23.73342],[-50.77694,-23.73238],[-50.77831,-23.73217],[-50.77897,-23.73118],[-50.77898,-23.73065],[-50.77871,-23.73003],[-50.77877,-23.72961],[-50.77938,-23.72863],[-50.77945,-23.72752],[-50.77999,-23.72674],[-50.78011,-23.7262],[-50.77993,-23.72474],[-50.77973,-23.72445],[-50.77866,-23.724],[-50.77798,-23.72345],[-50.77791,-23.72286],[-50.77725,-23.72172],[-50.77687,-23.72127],[-50.77651,-23.72117],[-50.77648,-23.72074],[-50.7763,-23.72044],[-50.77612,-23.72044],[-50.77613,-23.72017],[-50.77574,-23.71983],[-50.77512,-23.71962],[-50.77512,-23.71933],[-50.77491,-23.71913],[-50.77404,-23.71881],[-50.77304,-23.71934],[-50.77255,-23.71986],[-50.77246,-23.72017],[-50.7734,-23.72039],[-50.77399,-23.72073],[-50.77395,-23.721],[-50.77326,-23.72101],[-50.77298,-23.72151],[-50.77072,-23.72315],[-50.77016,-23.72309],[-50.76975,-23.72285],[-50.76923,-23.72339],[-50.76835,-23.72385]]]}},{"type":"Feature","properties":{"nome":"TI Palmas","etapa":"Regularizada","area_ha":3690.53},"geometry":{"type":"Polygon","coordinates":[[[-52.11959,-26.54044],[-52.11908,-26.54013],[-52.1175,-26.54066],[-52.11694,-26.54068],[-52.1166,-26.54041],[-52.11604,-26.54076],[-52.11562,-26.54041],[-52.11534,-26.54064],[-52.11487,-26.54013],[-52.11431,-26.54023],[-52.11407,-26.53991],[-52.11339,-26.53989],[-52.11266,-26.5401],[-52.11224,-26.53978],[-52.11265,-26.53941],[-52.11229,-26.53934],[-52.11226,-26.53888],[-52.11185,-26.5389],[-52.1123,-26.53839],[-52.11221,-26.53819],[-52.11171,-26.53864],[-52.11127,-26.53865],[-52.11054,-26.53832],[-52.1102,-26.53767],[-52.10973,-26.53754],[-52.10984,-26.53782],[-52.1095,-26.53798],[-52.10901,-26.53795],[-52.10915,-26.53775],[-52.10886,-26.53757],[-52.10907,-26.53739],[-52.10848,-26.5373],[-52.10851,-26.53746],[-52.10817,-26.53742],[-52.10808,-26.53779],[-52.10764,-26.53791],[-52.10756,-26.53808],[-52.10728,-26.53784],[-52.10675,-26.53771],[-52.1069,-26.53721],[-52.10637,-26.5372],[-52.1059,-26.53662],[-52.10577,-26.53655],[-52.10579,-26.53684],[-52.10523,-26.53663],[-52.10501,-26.53688],[-52.10502,-26.53657],[-52.10452,-26.53669],[-52.10458,-26.53617],[-52.10438,-26.53636],[-52.10372,-26.53627],[-52.10362,-26.53601],[-52.10342,-26.53598],[-52.10336,-26.5364],[-52.10206,-26.53616],[-52.10177,-26.53647],[-52.10144,-26.53556],[-52.10042,-26.53556],[-52.10033,-26.53531],[-52.09984,-26.53539],[-52.09977,-26.53494],[-52.09953,-26.53485],[-52.09965,-26.53463],[-52.09887,-26.53477],[-52.09753,-26.53443],[-52.09772,-26.53404],[-52.09754,-26.53308],[-52.09692,-26.53306],[-52.09597,-26.5327],[-52.09555,-26.53288],[-52.09521,-26.53204],[-52.09494,-26.53201],[-52.09474,-26.53231],[-52.09463,-26.53204],[-52.09404,-26.53205],[-52.09391,-26.53219],[-52.09384,-26.53189],[-52.09327,-26.53156],[-52.0934,-26.53104],[-52.093,-26.53082],[-52.09218,-26.53073],[-52.09205,-26.53046],[-52.09175,-26.53051],[-52.09174,-26.53017],[-52.09163,-26.53031],[-52.09081,-26.52984],[-52.08978,-26.52818],[-52.08949,-26.52706],[-52.08733,-26.52553],[-52.08565,-26.52522],[-52.08441,-26.52428],[-52.08302,-26.52399],[-52.0832,-26.52215],[-52.08259,-26.52111],[-52.08267,-26.52095],[-52.07763,-26.51255],[-52.07151,-26.50651],[-52.06976,-26.50304],[-52.06199,-26.49799],[-52.05291,-26.49545],[-52.04986,-26.49485],[-52.04949,-26.49491],[-52.0482,-26.49446],[-52.04803,-26.49456],[-52.04793,-26.49442],[-52.04751,-26.49477],[-52.04722,-26.49429],[-52.04672,-26.4939],[-52.04572,-26.4938],[-52.04505,-26.49313],[-52.04481,-26.4932],[-52.04441,-26.4921],[-52.04312,-26.4913],[-52.04331,-26.49121],[-52.04319,-26.49106],[-52.04355,-26.49109],[-52.04315,-26.491],[-52.04214,-26.49013],[-52.04116,-26.49006],[-52.03915,-26.49022],[-52.03861,-26.49058],[-52.03875,-26.49074],[-52.03845,-26.4911],[-52.03844,-26.49144],[-52.03788,-26.49175],[-52.0377,-26.49227],[-52.03794,-26.49247],[-52.038,-26.49311],[-52.03787,-26.49348],[-52.03811,-26.49361],[-52.03837,-26.49414],[-52.03897,-26.49461],[-52.03864,-26.49526],[-52.03863,-26.4959],[-52.03823,-26.49638],[-52.03825,-26.4966],[-52.03907,-26.49726],[-52.03856,-26.49825],[-52.03903,-26.49848],[-52.03915,-26.49886],[-52.03898,-26.49911],[-52.03862,-26.49913],[-52.03844,-26.50008],[-52.03764,-26.50169],[-52.03799,-26.50208],[-52.03801,-26.50235],[-52.03743,-26.50326],[-52.03757,-26.50364],[-52.03745,-26.50455],[-52.03761,-26.50469],[-52.03738,-26.50607],[-52.03781,-26.50731],[-52.03702,-26.50848],[-52.03621,-26.50904],[-52.03555,-26.50935],[-52.03465,-26.50931],[-52.03394,-26.51029],[-52.03369,-26.51149],[-52.03278,-26.51183],[-52.03263,-26.51254],[-52.03241,-26.51277],[-52.03218,-26.51278],[-52.03244,-26.51285],[-52.03262,-26.51326],[-52.03183,-26.5134],[-52.03203,-26.514],[-52.03174,-26.51452],[-52.03176,-26.51506],[-52.03061,-26.51577],[-52.03026,-26.51653],[-52.02947,-26.51753],[-52.0298,-26.51836],[-52.02997,-26.52022],[-52.02994,-26.52172],[-52.02977,-26.52264],[-52.02953,-26.52295],[-52.0296,-26.52331],[-52.03007,-26.52332],[-52.03076,-26.52276],[-52.0314,-26.52287],[-52.03204,-26.52332],[-52.03255,-26.52346],[-52.03432,-26.52524],[-52.03566,-26.52567],[-52.03593,-26.5259],[-52.03588,-26.52632],[-52.03522,-26.52736],[-52.03492,-26.52733],[-52.0348,-26.52784],[-52.03505,-26.52951],[-52.03492,-26.53018],[-52.03523,-26.53091],[-52.03579,-26.5316],[-52.03673,-26.53233],[-52.03727,-26.53306],[-52.03759,-26.53364],[-52.03763,-26.53414],[-52.03744,-26.53551],[-52.0381,-26.53594],[-52.03777,-26.5367],[-52.03785,-26.53701],[-52.03747,-26.53739],[-52.03726,-26.53794],[-52.03095,-26.5416],[-52.03057,-26.54274],[-52.03087,-26.54259],[-52.03234,-26.54295],[-52.03334,-26.54292],[-52.03426,-26.54311],[-52.03609,-26.54406],[-52.03724,-26.54342],[-52.03803,-26.54265],[-52.03848,-26.54249],[-52.03903,-26.54262],[-52.04001,-26.54217],[-52.04053,-26.54216],[-52.04116,-26.5428],[-52.04116,-26.54338],[-52.04144,-26.54335],[-52.04248,-26.54377],[-52.04235,-26.54449],[-52.04281,-26.54468],[-52.04275,-26.54538],[-52.0425,-26.54595],[-52.04284,-26.54623],[-52.04283,-26.54755],[-52.04367,-26.54773],[-52.04476,-26.54763],[-52.04504,-26.54774],[-52.04512,-26.54795],[-52.04677,-26.54768],[-52.04741,-26.54804],[-52.04832,-26.5481],[-52.04909,-26.54765],[-52.04953,-26.54772],[-52.05018,-26.54717],[-52.0503,-26.54737],[-52.0502,-26.54767],[-52.05052,-26.54801],[-52.05046,-26.54845],[-52.05131,-26.54884],[-52.05166,-26.54871],[-52.05239,-26.54891],[-52.05386,-26.54895],[-52.05401,-26.5493],[-52.0545,-26.54959],[-52.05557,-26.54962],[-52.05593,-26.5493],[-52.0563,-26.54947],[-52.0573,-26.54931],[-52.05774,-26.54963],[-52.0579,-26.54914],[-52.05836,-26.5488],[-52.05907,-26.54883],[-52.05931,-26.54837],[-52.06017,-26.54817],[-52.06125,-26.54769],[-52.06183,-26.54699],[-52.06209,-26.54711],[-52.06238,-26.54694],[-52.06239,-26.54732],[-52.06289,-26.54709],[-52.06357,-26.54768],[-52.06394,-26.54744],[-52.06416,-26.54773],[-52.06436,-26.54754],[-52.06425,-26.54716],[-52.06469,-26.54726],[-52.06492,-26.54701],[-52.06482,-26.54758],[-52.06494,-26.54769],[-52.06555,-26.54724],[-52.06604,-26.54726],[-52.06618,-26.54693],[-52.06679,-26.5465],[-52.0673,-26.54649],[-52.06748,-26.54634],[-52.06834,-26.54666],[-52.06851,-26.54694],[-52.06915,-26.54665],[-52.06945,-26.54696],[-52.07021,-26.54642],[-52.07079,-26.54686],[-52.07106,-26.54674],[-52.07106,-26.54642],[-52.07145,-26.5465],[-52.07172,-26.54627],[-52.07191,-26.5463],[-52.07196,-26.54658],[-52.07221,-26.54656],[-52.0723,-26.54645],[-52.07203,-26.54616],[-52.07255,-26.54597],[-52.07267,-26.54554],[-52.07288,-26.54587],[-52.07408,-26.54595],[-52.07424,-26.54682],[-52.07464,-26.5474],[-52.07497,-26.54745],[-52.07612,-26.54821],[-52.0765,-26.54903],[-52.07684,-26.5491],[-52.07738,-26.54877],[-52.07887,-26.5494],[-52.07895,-26.5496],[-52.07874,-26.54997],[-52.0785,-26.55026],[-52.07809,-26.55042],[-52.07883,-26.55109],[-52.07947,-26.55128],[-52.07972,-26.55189],[-52.07935,-26.55206],[-52.07946,-26.55232],[-52.07936,-26.55248],[-52.07881,-26.55253],[-52.07871,-26.55293],[-52.07923,-26.55364],[-52.07922,-26.55417],[-52.07984,-26.55417],[-52.08021,-26.55454],[-52.08009,-26.55474],[-52.07952,-26.55495],[-52.07946,-26.55536],[-52.07966,-26.55557],[-52.07908,-26.55551],[-52.07892,-26.55579],[-52.0797,-26.55633],[-52.08031,-26.55764],[-52.08076,-26.55762],[-52.08102,-26.55739],[-52.08151,-26.55799],[-52.08198,-26.55763],[-52.0822,-26.55765],[-52.08219,-26.55799],[-52.08235,-26.55815],[-52.08264,-26.55789],[-52.08302,-26.55785],[-52.08258,-26.55862],[-52.08254,-26.55976],[-52.08193,-26.56067],[-52.08249,-26.5608],[-52.08406,-26.56192],[-52.08398,-26.56271],[-52.08455,-26.56269],[-52.08419,-26.56347],[-52.0847,-26.56406],[-52.08421,-26.56466],[-52.08516,-26.56512],[-52.08535,-26.56536],[-52.08587,-26.56519],[-52.08582,-26.56551],[-52.08628,-26.56556],[-52.0863,-26.56579],[-52.08689,-26.56633],[-52.08664,-26.56671],[-52.0875,-26.56684],[-52.08774,-26.56655],[-52.08784,-26.56684],[-52.08846,-26.567],[-52.08855,-26.5673],[-52.08896,-26.56709],[-52.08937,-26.56731],[-52.08967,-26.567],[-52.09017,-26.5674],[-52.09066,-26.56725],[-52.09111,-26.56745],[-52.09148,-26.56733],[-52.09219,-26.56777],[-52.09248,-26.56778],[-52.09237,-26.56811],[-52.09265,-26.56817],[-52.09248,-26.56866],[-52.09305,-26.56863],[-52.09312,-26.56876],[-52.09308,-26.56928],[-52.09322,-26.56952],[-52.09283,-26.5697],[-52.09347,-26.56997],[-52.09315,-26.57023],[-52.09343,-26.57047],[-52.09334,-26.5707],[-52.09375,-26.57087],[-52.09373,-26.57141],[-52.0942,-26.57162],[-52.09402,-26.57189],[-52.09445,-26.57203],[-52.09424,-26.57235],[-52.09476,-26.57253],[-52.0949,-26.57286],[-52.09544,-26.57296],[-52.09539,-26.57342],[-52.0959,-26.57361],[-52.09621,-26.57297],[-52.09701,-26.57286],[-52.09713,-26.57324],[-52.09742,-26.57333],[-52.09783,-26.57281],[-52.09794,-26.57285],[-52.09856,-26.57087],[-52.09856,-26.5703],[-52.09954,-26.5696],[-52.10334,-26.56897],[-52.10385,-26.56944],[-52.10545,-26.56957],[-52.10633,-26.56901],[-52.10631,-26.56818],[-52.10694,-26.56737],[-52.10702,-26.56681],[-52.10717,-26.56666],[-52.10837,-26.56604],[-52.10927,-26.56589],[-52.11083,-26.56495],[-52.11156,-26.56355],[-52.1091,-26.56049],[-52.10726,-26.55966],[-52.10809,-26.55807],[-52.10828,-26.55681],[-52.10859,-26.55622],[-52.11074,-26.55436],[-52.11101,-26.55315],[-52.11135,-26.5527],[-52.11195,-26.55252],[-52.11183,-26.55246],[-52.11198,-26.55223],[-52.11185,-26.55218],[-52.11325,-26.551],[-52.11334,-26.55045],[-52.11382,-26.55005],[-52.11386,-26.54963],[-52.11456,-26.54905],[-52.11516,-26.54891],[-52.11518,-26.54865],[-52.11567,-26.54842],[-52.11559,-26.54825],[-52.11585,-26.54784],[-52.11567,-26.54782],[-52.11584,-26.54752],[-52.11572,-26.54744],[-52.11614,-26.54734],[-52.11624,-26.54682],[-52.11641,-26.54679],[-52.11641,-26.5465],[-52.11697,-26.54593],[-52.1169,-26.54573],[-52.11716,-26.54531],[-52.11674,-26.54506],[-52.11688,-26.54489],[-52.11686,-26.54452],[-52.11646,-26.5441],[-52.11629,-26.54415],[-52.1162,-26.54384],[-52.11642,-26.54335],[-52.11672,-26.54345],[-52.11691,-26.54316],[-52.11676,-26.54296],[-52.11682,-26.54276],[-52.11753,-26.54203],[-52.11788,-26.54198],[-52.11828,-26.5416],[-52.11866,-26.54161],[-52.11848,-26.54152],[-52.11877,-26.54123],[-52.11872,-26.54104],[-52.11914,-26.54093],[-52.11893,-26.54075],[-52.11905,-26.54063],[-52.11919,-26.54075],[-52.11926,-26.54049],[-52.1195,-26.54064],[-52.11959,-26.54044]]]}},{"type":"Feature","properties":{"nome":"TI Iguatemipegua I","etapa":"Delimitada","area_ha":40553.11},"geometry":{"type":"Polygon","coordinates":[[[-54.7111,-23.6114],[-54.71223,-23.61103],[-54.71252,-23.61064],[-54.71268,-23.60983],[-54.71239,-23.6092],[-54.71245,-23.60899],[-54.71327,-23.60837],[-54.71448,-23.60777],[-54.71499,-23.60671],[-54.71597,-23.60593],[-54.71687,-23.60471],[-54.71806,-23.60418],[-54.71862,-23.6033],[-54.71901,-23.603],[-54.7214,-23.60209],[-54.72362,-23.59981],[-54.72471,-23.59966],[-54.72655,-23.60038],[-54.7293,-23.60085],[-54.73021,-23.59867],[-54.73191,-23.597],[-54.73301,-23.5955],[-54.73294,-23.59497],[-54.7324,-23.59477],[-54.73178,-23.59391],[-54.73159,-23.59317],[-54.73181,-23.59258],[-54.73255,-23.59222],[-54.73345,-23.59231],[-54.73374,-23.59215],[-54.73446,-23.5914],[-54.7346,-23.59088],[-54.73492,-23.59072],[-54.73585,-23.59041],[-54.73757,-23.59033],[-54.73915,-23.58967],[-54.74229,-23.58692],[-54.74394,-23.58583],[-54.74427,-23.58509],[-54.74537,-23.58406],[-54.74562,-23.58348],[-54.7456,-23.58317],[-54.7453,-23.58296],[-54.7455,-23.58265],[-54.74401,-23.58102],[-54.74406,-23.58049],[-54.74334,-23.57879],[-54.74371,-23.57842],[-54.74339,-23.5779],[-54.74345,-23.57718],[-54.74324,-23.57667],[-54.74384,-23.57515],[-54.7433,-23.5749],[-54.74311,-23.57462],[-54.74276,-23.57461],[-54.74274,-23.57419],[-54.74231,-23.57376],[-54.74241,-23.57283],[-54.7426,-23.57264],[-54.74268,-23.57224],[-54.74239,-23.57111],[-54.74301,-23.57082],[-54.74301,-23.57067],[-54.74212,-23.57039],[-54.74128,-23.56918],[-54.74127,-23.56899],[-54.74166,-23.56894],[-54.74166,-23.56826],[-54.74217,-23.56787],[-54.74232,-23.56738],[-54.74206,-23.56707],[-54.74097,-23.56699],[-54.74038,-23.56642],[-54.74026,-23.56586],[-54.74058,-23.56553],[-54.74076,-23.56474],[-54.74048,-23.56461],[-54.74024,-23.56421],[-54.74068,-23.56396],[-54.7407,-23.56377],[-54.7406,-23.56318],[-54.74023,-23.56281],[-54.74081,-23.56207],[-54.74075,-23.56182],[-54.74033,-23.56152],[-54.74079,-23.56123],[-54.74035,-23.56042],[-54.74088,-23.55976],[-54.74089,-23.55963],[-54.74053,-23.55943],[-54.74096,-23.55858],[-54.74091,-23.5584],[-54.74076,-23.55854],[-54.7405,-23.55848],[-54.74053,-23.55821],[-54.74026,-23.55789],[-54.74032,-23.55771],[-54.74065,-23.55764],[-54.74059,-23.55752],[-54.74018,-23.55769],[-54.73981,-23.5575],[-54.74003,-23.5569],[-54.7399,-23.55652],[-54.74018,-23.55593],[-54.73976,-23.55551],[-54.74047,-23.55491],[-54.7401,-23.55451],[-54.74075,-23.554],[-54.74065,-23.55376],[-54.74011,-23.55338],[-54.74059,-23.55294],[-54.7402,-23.55254],[-54.74033,-23.5516],[-54.74094,-23.55086],[-54.74081,-23.54999],[-54.74049,-23.54974],[-54.74056,-23.54927],[-54.74036,-23.54862],[-54.74084,-23.54828],[-54.74031,-23.54815],[-54.74047,-23.54769],[-54.74083,-23.5474],[-54.73992,-23.54686],[-54.73996,-23.54611],[-54.73973,-23.54595],[-54.73976,-23.54573],[-54.74018,-23.54548],[-54.73966,-23.54504],[-54.73981,-23.54433],[-54.73943,-23.54412],[-54.73966,-23.54369],[-54.73959,-23.54264],[-54.73997,-23.54209],[-54.73986,-23.5418],[-54.74024,-23.54078],[-54.74007,-23.54056],[-54.74021,-23.53993],[-54.73993,-23.53926],[-54.74024,-23.53878],[-54.73981,-23.53844],[-54.74015,-23.53783],[-54.73958,-23.5373],[-54.73977,-23.5369],[-54.73987,-23.53577],[-54.74047,-23.53507],[-54.74051,-23.53464],[-54.73991,-23.5342],[-54.73992,-23.53384],[-54.74017,-23.53368],[-54.73987,-23.53334],[-54.73992,-23.53318],[-54.74021,-23.5331],[-54.74065,-23.5323],[-54.74055,-23.53199],[-54.7408,-23.53121],[-54.74023,-23.53029],[-54.74026,-23.52992],[-54.74077,-23.5296],[-54.7408,-23.52935],[-54.7406,-23.52905],[-54.74063,-23.52851],[-54.74091,-23.52812],[-54.7404,-23.52722],[-54.74116,-23.52672],[-54.74115,-23.52654],[-54.74087,-23.52647],[-54.74084,-23.52629],[-54.74144,-23.52581],[-54.74151,-23.52479],[-54.74185,-23.52402],[-54.7417,-23.52311],[-54.74239,-23.52215],[-54.74281,-23.52197],[-54.74314,-23.5206],[-54.74305,-23.51998],[-54.74327,-23.51866],[-54.74298,-23.51768],[-54.74314,-23.5171],[-54.74245,-23.51603],[-54.74387,-23.5137],[-54.74448,-23.51343],[-54.74422,-23.513],[-54.74477,-23.51275],[-54.74521,-23.51281],[-54.74748,-23.51237],[-54.74752,-23.51222],[-54.74714,-23.512],[-54.7474,-23.5114],[-54.74781,-23.511],[-54.74782,-23.51068],[-54.74826,-23.51015],[-54.74862,-23.51008],[-54.74893,-23.50957],[-54.74915,-23.50952],[-54.7492,-23.50899],[-54.74953,-23.50834],[-54.75019,-23.50827],[-54.75056,-23.50795],[-54.75103,-23.50791],[-54.75105,-23.50775],[-54.7504,-23.50772],[-54.75021,-23.50715],[-54.75079,-23.50601],[-54.75041,-23.50556],[-54.75045,-23.5054],[-54.75103,-23.5049],[-54.75121,-23.5043],[-54.75185,-23.50332],[-54.75174,-23.50279],[-54.75186,-23.5012],[-54.75196,-23.50103],[-54.75261,-23.50093],[-54.75303,-23.50042],[-54.75451,-23.4995],[-54.75455,-23.49875],[-54.75483,-23.49806],[-54.7552,-23.49762],[-54.75553,-23.49679],[-54.756,-23.49652],[-54.75608,-23.49562],[-54.75666,-23.49402],[-54.75656,-23.4938],[-54.75695,-23.4933],[-54.75685,-23.49286],[-54.75824,-23.4917],[-54.7584,-23.49092],[-54.75831,-23.48904],[-54.75735,-23.48657],[-54.75759,-23.4837],[-54.75733,-23.4794],[-54.7566,-23.47575],[-54.75546,-23.47287],[-54.75526,-23.47086],[-54.7553,-23.47022],[-54.75578,-23.46898],[-54.7566,-23.4617],[-54.75668,-23.45947],[-54.75637,-23.45452],[-54.75677,-23.44753],[-54.7557,-23.44094],[-54.75542,-23.44035],[-54.75433,-23.43907],[-54.75382,-23.43754],[-54.75373,-23.43664],[-54.75393,-23.43498],[-54.75349,-23.42907],[-54.75315,-23.42823],[-54.7522,-23.42691],[-54.75183,-23.42532],[-54.75192,-23.42452],[-54.75229,-23.42335],[-54.75438,-23.41946],[-54.75493,-23.41541],[-54.75531,-23.41413],[-54.75579,-23.41348],[-54.75667,-23.41288],[-54.77198,-23.40676],[-54.78186,-23.39643],[-54.79206,-23.38798],[-54.80915,-23.37823],[-54.80909,-23.37737],[-54.8062,-23.37712],[-54.80479,-23.37669],[-54.8033,-23.37656],[-54.80057,-23.37581],[-54.79795,-23.37401],[-54.79636,-23.37188],[-54.79517,-23.37094],[-54.79412,-23.36921],[-54.79248,-23.36765],[-54.79209,-23.36648],[-54.78971,-23.36343],[-54.79073,-23.361],[-54.79134,-23.36008],[-54.7915,-23.35863],[-54.79208,-23.35707],[-54.79082,-23.35612],[-54.79013,-23.35488],[-54.79023,-23.35324],[-54.78805,-23.34881],[-54.78723,-23.34829],[-54.78649,-23.34815],[-54.7821,-23.34849],[-54.78201,-23.34439],[-54.77541,-23.34486],[-54.77306,-23.34839],[-54.77466,-23.34948],[-54.76972,-23.35608],[-54.76764,-23.35431],[-54.76567,-23.3561],[-54.75197,-23.35198],[-54.75042,-23.33833],[-54.7658,-23.338],[-54.7857,-23.3378],[-54.78759,-23.34467],[-54.79446,-23.34883],[-54.79859,-23.3463],[-54.79992,-23.34642],[-54.79903,-23.34163],[-54.80379,-23.3396],[-54.80011,-23.33311],[-54.81183,-23.32455],[-54.80913,-23.3186],[-54.8086,-23.31866],[-54.80373,-23.30492],[-54.79988,-23.30728],[-54.79698,-23.30782],[-54.7958,-23.30851],[-54.79553,-23.30811],[-54.79078,-23.30643],[-54.78965,-23.30583],[-54.78876,-23.30496],[-54.7847,-23.29919],[-54.78341,-23.29795],[-54.7812,-23.29649],[-54.77697,-23.29424],[-54.77307,-23.29137],[-54.77124,-23.29063],[-54.77048,-23.29097],[-54.76962,-23.29112],[-54.76885,-23.29186],[-54.76722,-23.29252],[-54.76602,-23.29349],[-54.76494,-23.29408],[-54.76303,-23.29451],[-54.75708,-23.29447],[-54.75346,-23.29492],[-54.75167,-23.29462],[-54.74881,-23.29338],[-54.74773,-23.29313],[-54.74601,-23.29315],[-54.74156,-23.29389],[-54.73795,-23.29366],[-54.73575,-23.29374],[-54.73384,-23.29402],[-54.73049,-23.29389],[-54.72899,-23.29344],[-54.72774,-23.29284],[-54.72688,-23.29182],[-54.72602,-23.29116],[-54.72296,-23.28981],[-54.7223,-23.28906],[-54.72197,-23.2889],[-54.72079,-23.28884],[-54.7193,-23.28925],[-54.71828,-23.28935],[-54.71508,-23.2893],[-54.71204,-23.28903],[-54.71078,-23.28843],[-54.70903,-23.28814],[-54.70787,-23.28715],[-54.70702,-23.28718],[-54.70644,-23.28752],[-54.70594,-23.28758],[-54.705,-23.28834],[-54.70488,-23.28869],[-54.70407,-23.28925],[-54.70396,-23.28958],[-54.7021,-23.29043],[-54.69906,-23.29092],[-54.69716,-23.2922],[-54.69473,-23.2951],[-54.69282,-23.29608],[-54.6916,-23.29706],[-54.69028,-23.29863],[-54.68884,-23.29942],[-54.68707,-23.30009],[-54.68605,-23.30093],[-54.68502,-23.30121],[-54.68357,-23.30227],[-54.68292,-23.30324],[-54.68232,-23.30465],[-54.681,-23.30598],[-54.67815,-23.30792],[-54.67716,-23.30848],[-54.67586,-23.30893],[-54.67307,-23.31081],[-54.67242,-23.31137],[-54.67179,-23.31289],[-54.67124,-23.31353],[-54.67021,-23.31616],[-54.66897,-23.31719],[-54.66819,-23.31836],[-54.66696,-23.31949],[-54.6659,-23.32079],[-54.6649,-23.32155],[-54.66332,-23.32171],[-54.6624,-23.32242],[-54.66143,-23.32253],[-54.66008,-23.32371],[-54.65891,-23.32353],[-54.65832,-23.32402],[-54.6581,-23.32475],[-54.65752,-23.32498],[-54.65751,-23.32588],[-54.65715,-23.32637],[-54.65648,-23.32673],[-54.65556,-23.32804],[-54.65547,-23.32882],[-54.65505,-23.32916],[-54.65437,-23.32926],[-54.65262,-23.33178],[-54.65218,-23.33254],[-54.65182,-23.33432],[-54.6509,-23.33468],[-54.6497,-23.33484],[-54.64794,-23.33634],[-54.64486,-23.33977],[-54.64481,-23.34004],[-54.64304,-23.3404],[-54.64266,-23.34156],[-54.64147,-23.34249],[-54.64142,-23.34285],[-54.64179,-23.34314],[-54.64183,-23.3438],[-54.64112,-23.34428],[-54.64106,-23.34478],[-54.64147,-23.3454],[-54.64095,-23.34678],[-54.63949,-23.34721],[-54.63925,-23.34769],[-54.63819,-23.34875],[-54.63809,-23.34921],[-54.63846,-23.34959],[-54.63849,-23.34985],[-54.63827,-23.3511],[-54.63747,-23.35158],[-54.63712,-23.3524],[-54.63633,-23.35306],[-54.63503,-23.35466],[-54.63497,-23.35531],[-54.63344,-23.3565],[-54.63189,-23.35722],[-54.63087,-23.35713],[-54.62937,-23.35734],[-54.62871,-23.35722],[-54.62837,-23.35697],[-54.62748,-23.35592],[-54.62697,-23.3558],[-54.62629,-23.35605],[-54.62548,-23.35531],[-54.62435,-23.35521],[-54.62238,-23.35603],[-54.62116,-23.35606],[-54.62001,-23.35694],[-54.61874,-23.35702],[-54.61741,-23.35747],[-54.61622,-23.35741],[-54.6149,-23.35762],[-54.61364,-23.35721],[-54.61297,-23.35721],[-54.61086,-23.3592],[-54.61006,-23.35958],[-54.61043,-23.36019],[-54.61168,-23.36133],[-54.612,-23.362],[-54.61268,-23.36538],[-54.61385,-23.37284],[-54.61383,-23.37569],[-54.61483,-23.37871],[-54.61547,-23.37973],[-54.61647,-23.38088],[-54.61729,-23.38281],[-54.61763,-23.38806],[-54.61917,-23.39128],[-54.62049,-23.39451],[-54.62089,-23.39589],[-54.62076,-23.39692],[-54.61944,-23.40118],[-54.61933,-23.40202],[-54.62024,-23.40452],[-54.62358,-23.40842],[-54.63035,-23.41715],[-54.63047,-23.41747],[-54.63024,-23.41869],[-54.6302,-23.42154],[-54.63512,-23.43486],[-54.6358,-23.4378],[-54.6357,-23.43917],[-54.6352,-23.44103],[-54.63599,-23.44409],[-54.63764,-23.44674],[-54.63891,-23.44965],[-54.64319,-23.45456],[-54.64378,-23.4561],[-54.64383,-23.45682],[-54.6436,-23.45788],[-54.64269,-23.45972],[-54.64253,-23.46053],[-54.64308,-23.46719],[-54.64302,-23.46858],[-54.64282,-23.46981],[-54.64185,-23.47232],[-54.64173,-23.47319],[-54.6419,-23.47451],[-54.64269,-23.47688],[-54.64268,-23.47892],[-54.64392,-23.48438],[-54.64351,-23.48502],[-54.64323,-23.48607],[-54.64335,-23.48792],[-54.64442,-23.49076],[-54.64419,-23.49204],[-54.6443,-23.49257],[-54.64699,-23.49599],[-54.6481,-23.49853],[-54.64958,-23.50073],[-54.65023,-23.50275],[-54.6504,-23.50442],[-54.65006,-23.50948],[-54.6504,-23.51211],[-54.65229,-23.51634],[-54.65319,-23.5203],[-54.65419,-23.52262],[-54.65454,-23.52404],[-54.65431,-23.52591],[-54.65446,-23.52884],[-54.65465,-23.52963],[-54.65421,-23.53081],[-54.65354,-23.53153],[-54.65348,-23.53467],[-54.65457,-23.53957],[-54.65463,-23.54127],[-54.655,-23.54218],[-54.65552,-23.54292],[-54.65586,-23.54473],[-54.65671,-23.5462],[-54.65733,-23.54862],[-54.65869,-23.55242],[-54.6595,-23.5544],[-54.66055,-23.55635],[-54.66108,-23.55911],[-54.66222,-23.56033],[-54.66317,-23.56239],[-54.66425,-23.56336],[-54.66513,-23.5652],[-54.66705,-23.56742],[-54.66884,-23.57028],[-54.66945,-23.57081],[-54.67208,-23.57236],[-54.67315,-23.57352],[-54.67566,-23.57698],[-54.67631,-23.5787],[-54.67749,-23.58004],[-54.67818,-23.58141],[-54.67883,-23.58161],[-54.68119,-23.58298],[-54.68507,-23.58447],[-54.688,-23.58636],[-54.69067,-23.58685],[-54.69432,-23.58867],[-54.69498,-23.58972],[-54.6957,-23.59021],[-54.6956,-23.59094],[-54.69612,-23.59101],[-54.69611,-23.59133],[-54.69636,-23.59167],[-54.69685,-23.59184],[-54.69769,-23.59146],[-54.69859,-23.59247],[-54.69946,-23.59264],[-54.69954,-23.59314],[-54.69985,-23.59341],[-54.69982,-23.59389],[-54.70002,-23.59457],[-54.7005,-23.59505],[-54.70082,-23.59576],[-54.70146,-23.59588],[-54.70254,-23.59687],[-54.70397,-23.59755],[-54.70422,-23.59853],[-54.7044,-23.59859],[-54.70479,-23.59838],[-54.70494,-23.59848],[-54.70479,-23.59881],[-54.70483,-23.59946],[-54.70529,-23.60036],[-54.70572,-23.60034],[-54.7066,-23.60071],[-54.70666,-23.60098],[-54.70645,-23.60129],[-54.7065,-23.6016],[-54.70623,-23.60237],[-54.70695,-23.60278],[-54.70717,-23.6035],[-54.70742,-23.6038],[-54.70828,-23.604],[-54.70852,-23.60425],[-54.70797,-23.60467],[-54.70769,-23.60511],[-54.70792,-23.6055],[-54.7078,-23.60704],[-54.7082,-23.60876],[-54.71035,-23.61045],[-54.71051,-23.61064],[-54.71041,-23.61103],[-54.71064,-23.61137],[-54.7111,-23.6114]]]}},{"type":"Feature","properties":{"nome":"TI Guarani de Araçai","etapa":"Declarada","area_ha":2799.32},"geometry":{"type":"Polygon","coordinates":[[[-53.0969,-26.84635],[-53.09606,-26.84686],[-53.09605,-26.84748],[-53.09583,-26.84784],[-53.09511,-26.84765],[-53.09362,-26.84758],[-53.09375,-26.84813],[-53.09334,-26.84812],[-53.09315,-26.84846],[-53.09352,-26.84903],[-53.09363,-26.85007],[-53.09389,-26.85051],[-53.09371,-26.85083],[-53.09222,-26.84955],[-53.09079,-26.85032],[-53.09041,-26.85127],[-53.09023,-26.85139],[-53.08835,-26.8516],[-53.08665,-26.85098],[-53.08629,-26.85104],[-53.08629,-26.85153],[-53.08699,-26.85255],[-53.08657,-26.85432],[-53.08789,-26.85481],[-53.08748,-26.85615],[-53.08696,-26.857],[-53.08836,-26.85821],[-53.08847,-26.85842],[-53.08828,-26.85883],[-53.08676,-26.85958],[-53.08564,-26.85959],[-53.08519,-26.85909],[-53.08533,-26.85768],[-53.08352,-26.85735],[-53.08251,-26.85653],[-53.08183,-26.85623],[-53.08077,-26.85628],[-53.07992,-26.85678],[-53.0795,-26.85725],[-53.07863,-26.85771],[-53.07846,-26.8599],[-53.07855,-26.8612],[-53.07829,-26.86155],[-53.0774,-26.86186],[-53.074,-26.86196],[-53.07378,-26.86187],[-53.0737,-26.86133],[-53.07328,-26.8605],[-53.07042,-26.86072],[-53.06851,-26.86042],[-53.06826,-26.86052],[-53.06804,-26.86091],[-53.0672,-26.86292],[-53.0672,-26.86429],[-53.06746,-26.8649],[-53.06778,-26.8652],[-53.07107,-26.86467],[-53.07126,-26.86586],[-53.07068,-26.86901],[-53.07087,-26.86942],[-53.07126,-26.8696],[-53.07257,-26.86942],[-53.07392,-26.86899],[-53.07444,-26.86918],[-53.07459,-26.86958],[-53.0744,-26.86997],[-53.07229,-26.87126],[-53.07216,-26.87149],[-53.07232,-26.87214],[-53.07357,-26.87345],[-53.07483,-26.87338],[-53.07594,-26.87293],[-53.07705,-26.87162],[-53.07912,-26.87093],[-53.08021,-26.87103],[-53.08175,-26.87084],[-53.08243,-26.87069],[-53.08308,-26.87014],[-53.08345,-26.87007],[-53.08447,-26.87108],[-53.08432,-26.87238],[-53.08404,-26.8728],[-53.08356,-26.87304],[-53.08316,-26.87378],[-53.08267,-26.8743],[-53.08265,-26.87449],[-53.08305,-26.87511],[-53.08299,-26.8761],[-53.08323,-26.87693],[-53.08298,-26.87787],[-53.08308,-26.87811],[-53.08417,-26.87821],[-53.08554,-26.87787],[-53.08609,-26.8779],[-53.08626,-26.87823],[-53.0859,-26.87837],[-53.086,-26.87889],[-53.08684,-26.88022],[-53.0875,-26.88065],[-53.08976,-26.88104],[-53.09041,-26.88146],[-53.09065,-26.88189],[-53.09066,-26.88249],[-53.08969,-26.88361],[-53.08915,-26.88407],[-53.08839,-26.88431],[-53.08798,-26.88472],[-53.08789,-26.88509],[-53.0881,-26.8862],[-53.08765,-26.88687],[-53.08782,-26.8872],[-53.08952,-26.88724],[-53.09004,-26.88709],[-53.09183,-26.88705],[-53.09248,-26.88681],[-53.09289,-26.88694],[-53.09305,-26.88718],[-53.09306,-26.88806],[-53.0933,-26.88816],[-53.09491,-26.88748],[-53.09683,-26.88828],[-53.09741,-26.88795],[-53.09822,-26.88794],[-53.09923,-26.8876],[-53.10015,-26.88765],[-53.10016,-26.88804],[-53.0996,-26.88875],[-53.09972,-26.88932],[-53.0996,-26.88994],[-53.09989,-26.89139],[-53.10021,-26.89181],[-53.10233,-26.89111],[-53.10446,-26.89072],[-53.10582,-26.89091],[-53.10658,-26.89144],[-53.10714,-26.89162],[-53.1074,-26.8916],[-53.10781,-26.89102],[-53.10877,-26.89111],[-53.10933,-26.89137],[-53.11009,-26.89088],[-53.11053,-26.88993],[-53.11103,-26.88954],[-53.11176,-26.88944],[-53.11352,-26.88943],[-53.11387,-26.89025],[-53.11486,-26.8907],[-53.11585,-26.89014],[-53.11635,-26.88901],[-53.11769,-26.88886],[-53.11865,-26.88857],[-53.11928,-26.88868],[-53.11976,-26.88903],[-53.12141,-26.88955],[-53.12208,-26.89005],[-53.12284,-26.89105],[-53.12376,-26.8912],[-53.12453,-26.89189],[-53.12501,-26.89203],[-53.12898,-26.89211],[-53.13049,-26.89231],[-53.13122,-26.89219],[-53.13332,-26.89044],[-53.13734,-26.88786],[-53.13871,-26.88662],[-53.13982,-26.88619],[-53.14291,-26.88565],[-53.14396,-26.88586],[-53.14527,-26.88501],[-53.14571,-26.88493],[-53.14733,-26.88522],[-53.14928,-26.88524],[-53.14996,-26.88548],[-53.14599,-26.86995],[-53.14758,-26.85992],[-53.14961,-26.85503],[-53.14862,-26.85387],[-53.14641,-26.8528],[-53.14479,-26.85141],[-53.14384,-26.8511],[-53.1423,-26.85004],[-53.14157,-26.84987],[-53.14076,-26.85051],[-53.14024,-26.85071],[-53.13923,-26.85161],[-53.13832,-26.85202],[-53.13599,-26.85243],[-53.13326,-26.85381],[-53.13114,-26.85448],[-53.13046,-26.85405],[-53.12977,-26.85411],[-53.12742,-26.85627],[-53.12421,-26.85655],[-53.12374,-26.85639],[-53.12365,-26.85609],[-53.12302,-26.85558],[-53.12218,-26.85563],[-53.12163,-26.85531],[-53.12143,-26.85515],[-53.1214,-26.85478],[-53.12094,-26.85444],[-53.12047,-26.85362],[-53.11832,-26.85363],[-53.11736,-26.85334],[-53.11613,-26.8532],[-53.11591,-26.85247],[-53.11624,-26.85132],[-53.11598,-26.85064],[-53.11514,-26.85063],[-53.11404,-26.85026],[-53.11376,-26.84971],[-53.11339,-26.84958],[-53.11299,-26.84948],[-53.11217,-26.84967],[-53.11176,-26.84957],[-53.11123,-26.84859],[-53.11012,-26.84718],[-53.10969,-26.84624],[-53.10911,-26.84591],[-53.10718,-26.8466],[-53.10586,-26.84612],[-53.10422,-26.84647],[-53.10213,-26.84607],[-53.09929,-26.84526],[-53.09794,-26.84518],[-53.09771,-26.84537],[-53.09783,-26.84591],[-53.09712,-26.84603],[-53.0969,-26.84635]]]}},{"type":"Feature","properties":{"nome":"TI Herarekã Xetá","etapa":"Delimitada","area_ha":2684.25},"geometry":{"type":"Polygon","coordinates":[[[-53.39757,-23.43737],[-53.39915,-23.43878],[-53.39904,-23.4396],[-53.39991,-23.44198],[-53.40949,-23.45292],[-53.41013,-23.45336],[-53.41335,-23.45429],[-53.41935,-23.45666],[-53.42602,-23.45905],[-53.42676,-23.45962],[-53.42691,-23.46002],[-53.43593,-23.46541],[-53.43912,-23.46713],[-53.44009,-23.4674],[-53.4411,-23.46742],[-53.44668,-23.46618],[-53.44982,-23.46564],[-53.45305,-23.46468],[-53.45627,-23.46283],[-53.45651,-23.46103],[-53.45608,-23.4592],[-53.45613,-23.45696],[-53.45585,-23.45183],[-53.45556,-23.45141],[-53.45491,-23.44881],[-53.45472,-23.4464],[-53.45512,-23.44183],[-53.4549,-23.43955],[-53.45594,-23.43687],[-53.45565,-23.43594],[-53.456,-23.43491],[-53.45595,-23.43305],[-53.45519,-23.43124],[-53.45472,-23.43065],[-53.45415,-23.42875],[-53.45269,-23.42607],[-53.45203,-23.42548],[-53.45044,-23.425],[-53.45012,-23.42467],[-53.45065,-23.42337],[-53.45066,-23.42298],[-53.44976,-23.42118],[-53.44961,-23.41963],[-53.44859,-23.41645],[-53.44828,-23.41606],[-53.44731,-23.41547],[-53.44703,-23.41507],[-53.44725,-23.41318],[-53.4466,-23.41226],[-53.44594,-23.41074],[-53.44601,-23.40923],[-53.4459,-23.40875],[-53.44393,-23.40641],[-53.44194,-23.40183],[-53.44178,-23.40093],[-53.44186,-23.40003],[-53.44275,-23.3982],[-53.44245,-23.39714],[-53.44117,-23.39773],[-53.43997,-23.39765],[-53.4396,-23.39781],[-53.43858,-23.39891],[-53.43757,-23.40133],[-53.43264,-23.40602],[-53.43127,-23.4087],[-53.42992,-23.40951],[-53.42917,-23.41089],[-53.42769,-23.4125],[-53.4262,-23.41287],[-53.42532,-23.41335],[-53.42483,-23.4143],[-53.4249,-23.41606],[-53.42478,-23.41643],[-53.42437,-23.41677],[-53.4245,-23.417],[-53.424,-23.41724],[-53.42375,-23.4176],[-53.42312,-23.41785],[-53.42261,-23.41785],[-53.42234,-23.41727],[-53.41973,-23.41781],[-53.41641,-23.41936],[-53.41594,-23.41984],[-53.41567,-23.42043],[-53.41497,-23.42419],[-53.41475,-23.42426],[-53.41421,-23.42409],[-53.41346,-23.42468],[-53.41298,-23.42475],[-53.41243,-23.42423],[-53.41242,-23.42353],[-53.41216,-23.42353],[-53.41116,-23.42383],[-53.41029,-23.42438],[-53.40946,-23.42513],[-53.40843,-23.4266],[-53.4073,-23.4277],[-53.40517,-23.42952],[-53.40214,-23.43155],[-53.40108,-23.43327],[-53.39944,-23.43423],[-53.39838,-23.43627],[-53.39757,-23.43737]]]}},{"type":"Feature","properties":{"nome":"TI Ibirama-La Klãnô","etapa":"Declarada","area_ha":36996.55},"geometry":{"type":"Polygon","coordinates":[[[-49.64259,-26.74759],[-49.61717,-26.78478],[-49.62273,-26.79923],[-49.62639,-26.80712],[-49.62805,-26.8088],[-49.63034,-26.8142],[-49.63251,-26.81413],[-49.63538,-26.81876],[-49.63054,-26.82349],[-49.65847,-26.8485],[-49.65969,-26.87288],[-49.68092,-26.87315],[-49.68035,-26.87705],[-49.68204,-26.8826],[-49.68351,-26.88544],[-49.68425,-26.88636],[-49.68688,-26.88762],[-49.68793,-26.88839],[-49.69058,-26.88984],[-49.69391,-26.89068],[-49.69515,-26.88934],[-49.6961,-26.88934],[-49.69739,-26.88983],[-49.6988,-26.88864],[-49.70012,-26.88817],[-49.70128,-26.88831],[-49.70228,-26.88888],[-49.70252,-26.8888],[-49.70372,-26.88744],[-49.70451,-26.88702],[-49.70654,-26.88647],[-49.70759,-26.88593],[-49.70788,-26.88508],[-49.70855,-26.88482],[-49.70869,-26.88459],[-49.70859,-26.88434],[-49.7077,-26.88393],[-49.70724,-26.88275],[-49.70711,-26.88192],[-49.70653,-26.88129],[-49.70659,-26.88059],[-49.70543,-26.87975],[-49.70501,-26.87882],[-49.70551,-26.87545],[-49.70592,-26.87482],[-49.70864,-26.87187],[-49.75609,-26.82817],[-49.7566,-26.8279],[-49.7575,-26.82775],[-49.75815,-26.82804],[-49.75909,-26.82787],[-49.75998,-26.82631],[-49.76078,-26.8264],[-49.76315,-26.82601],[-49.76382,-26.82631],[-49.76427,-26.82624],[-49.76489,-26.82504],[-49.76444,-26.82409],[-49.76437,-26.82315],[-49.76456,-26.82296],[-49.76501,-26.82289],[-49.76611,-26.82294],[-49.76655,-26.82196],[-49.76709,-26.82155],[-49.76766,-26.82141],[-49.76797,-26.82087],[-49.76868,-26.82017],[-49.77011,-26.82035],[-49.77183,-26.81964],[-49.77268,-26.81978],[-49.77309,-26.82014],[-49.77411,-26.82051],[-49.77488,-26.82111],[-49.77659,-26.82156],[-49.77692,-26.82216],[-49.7779,-26.82304],[-49.78069,-26.82429],[-49.78162,-26.82558],[-49.78233,-26.82583],[-49.7845,-26.82552],[-49.78515,-26.82569],[-49.78601,-26.8254],[-49.78612,-26.82529],[-49.78601,-26.82479],[-49.78657,-26.82421],[-49.78894,-26.82335],[-49.79239,-26.82121],[-49.79369,-26.82131],[-49.7954,-26.8226],[-49.7957,-26.82264],[-49.79856,-26.82252],[-49.79974,-26.82211],[-49.8,-26.82152],[-49.80051,-26.8217],[-49.8014,-26.82242],[-49.80409,-26.82199],[-49.80585,-26.82243],[-49.80825,-26.82234],[-49.80911,-26.82246],[-49.80995,-26.82231],[-49.81072,-26.82249],[-49.81221,-26.82217],[-49.81282,-26.82236],[-49.81497,-26.82354],[-49.81569,-26.82433],[-49.81681,-26.82468],[-49.8187,-26.82682],[-49.8201,-26.82767],[-49.82064,-26.82785],[-49.82181,-26.82772],[-49.82211,-26.82787],[-49.82478,-26.83052],[-49.82562,-26.83082],[-49.82622,-26.83085],[-49.82769,-26.83036],[-49.82893,-26.83037],[-49.83085,-26.83009],[-49.83245,-26.83042],[-49.83433,-26.83007],[-49.83494,-26.8297],[-49.83586,-26.82986],[-49.83769,-26.83141],[-49.83884,-26.8321],[-49.841,-26.83276],[-49.84243,-26.83278],[-49.84518,-26.83391],[-49.84654,-26.8351],[-49.84741,-26.83558],[-49.84869,-26.83701],[-49.84955,-26.83842],[-49.85192,-26.83989],[-49.85402,-26.84054],[-49.85485,-26.84041],[-49.85621,-26.8396],[-49.85695,-26.83938],[-49.85795,-26.83964],[-49.85924,-26.84103],[-49.86045,-26.84195],[-49.86131,-26.84367],[-49.86324,-26.84456],[-49.86476,-26.84443],[-49.866,-26.84462],[-49.86798,-26.84383],[-49.86905,-26.84298],[-49.86938,-26.84213],[-49.86995,-26.84155],[-49.87174,-26.84068],[-49.87492,-26.84065],[-49.87556,-26.84089],[-49.87776,-26.84234],[-49.87915,-26.84283],[-49.87975,-26.84325],[-49.88005,-26.84363],[-49.88,-26.84422],[-49.8802,-26.84462],[-49.88101,-26.84511],[-49.88217,-26.84537],[-49.88315,-26.84521],[-49.88484,-26.84566],[-49.88646,-26.84563],[-49.88695,-26.8453],[-49.88932,-26.84212],[-49.88987,-26.84151],[-49.89079,-26.84094],[-49.89175,-26.83969],[-49.89243,-26.83955],[-49.89359,-26.83985],[-49.8947,-26.83956],[-49.89593,-26.8398],[-49.89653,-26.83944],[-49.8969,-26.83869],[-49.89704,-26.83778],[-49.89776,-26.83667],[-49.89804,-26.8364],[-49.90031,-26.83531],[-49.90178,-26.83414],[-49.90278,-26.83367],[-49.90303,-26.83289],[-49.90297,-26.83254],[-49.90542,-26.83351],[-49.9062,-26.8349],[-49.90788,-26.83451],[-49.90954,-26.83464],[-49.91047,-26.83584],[-49.911,-26.83613],[-49.91182,-26.83619],[-49.91786,-26.83426],[-49.91657,-26.83389],[-49.91351,-26.83335],[-49.91256,-26.83278],[-49.90989,-26.83072],[-49.90877,-26.83033],[-49.90778,-26.82898],[-49.90718,-26.82859],[-49.90686,-26.82817],[-49.90642,-26.82803],[-49.90559,-26.82712],[-49.90621,-26.82523],[-49.90364,-26.82372],[-49.9034,-26.82318],[-49.90323,-26.82133],[-49.90293,-26.8203],[-49.90155,-26.81839],[-49.91342,-26.81204],[-49.91618,-26.81141],[-49.91704,-26.81094],[-49.91744,-26.80963],[-49.91753,-26.80834],[-49.91788,-26.80682],[-49.9184,-26.80621],[-49.91945,-26.80551],[-49.92128,-26.80502],[-49.9236,-26.80413],[-49.92493,-26.8042],[-49.92519,-26.80396],[-49.92528,-26.80327],[-49.92621,-26.80184],[-49.92939,-26.79761],[-49.92921,-26.79658],[-49.93044,-26.79563],[-49.93117,-26.79546],[-49.93118,-26.79522],[-49.93086,-26.79501],[-49.92854,-26.79418],[-49.92828,-26.79385],[-49.92838,-26.79348],[-49.92956,-26.79253],[-49.92887,-26.79202],[-49.92854,-26.79153],[-49.92853,-26.79117],[-49.92939,-26.79032],[-49.92923,-26.79005],[-49.92826,-26.78943],[-49.92618,-26.78918],[-49.92544,-26.7884],[-49.92433,-26.78961],[-49.92395,-26.78964],[-49.92357,-26.78945],[-49.92258,-26.7883],[-49.92169,-26.78847],[-49.92131,-26.78872],[-49.92084,-26.78961],[-49.92053,-26.78988],[-49.91854,-26.78987],[-49.9183,-26.79003],[-49.91804,-26.79144],[-49.91774,-26.79161],[-49.91702,-26.79139],[-49.91628,-26.79065],[-49.91601,-26.78977],[-49.9162,-26.78703],[-49.91441,-26.78466],[-49.91381,-26.78402],[-49.9132,-26.78379],[-49.91207,-26.78374],[-49.91166,-26.7839],[-49.91148,-26.78425],[-49.91146,-26.78576],[-49.91086,-26.78603],[-49.90921,-26.78638],[-49.90693,-26.78733],[-49.90598,-26.78738],[-49.90572,-26.78718],[-49.90567,-26.78684],[-49.90641,-26.78414],[-49.90628,-26.78288],[-49.90632,-26.78022],[-49.90604,-26.77972],[-49.90438,-26.77807],[-49.9041,-26.77762],[-49.90404,-26.77707],[-49.90383,-26.77689],[-49.90292,-26.77761],[-49.90252,-26.77757],[-49.90152,-26.777],[-49.90132,-26.77658],[-49.90159,-26.77595],[-49.9022,-26.77546],[-49.90407,-26.77448],[-49.90413,-26.77428],[-49.90373,-26.77358],[-49.90349,-26.77343],[-49.90303,-26.77456],[-49.90247,-26.77459],[-49.90193,-26.77432],[-49.90121,-26.77236],[-49.90133,-26.77063],[-49.90097,-26.7703],[-49.90046,-26.76998],[-49.89991,-26.76985],[-49.89864,-26.76992],[-49.89805,-26.76984],[-49.89743,-26.76953],[-49.89748,-26.76786],[-49.89671,-26.76744],[-49.89608,-26.76689],[-49.89588,-26.7665],[-49.89598,-26.76585],[-49.89689,-26.76523],[-49.89692,-26.76373],[-49.89673,-26.76187],[-49.89625,-26.76129],[-49.89625,-26.76064],[-49.89575,-26.75947],[-49.89423,-26.75822],[-49.89206,-26.75609],[-49.8913,-26.75568],[-49.89052,-26.75497],[-49.89024,-26.75444],[-49.88996,-26.75303],[-49.89004,-26.75213],[-49.8905,-26.75107],[-49.89008,-26.75013],[-49.89041,-26.74961],[-49.89156,-26.74926],[-49.8917,-26.74894],[-49.89003,-26.74743],[-49.88899,-26.74714],[-49.8884,-26.7467],[-49.88876,-26.74579],[-49.89023,-26.74462],[-49.89038,-26.74356],[-49.89073,-26.74297],[-49.89046,-26.74244],[-49.88953,-26.74181],[-49.88904,-26.74174],[-49.88838,-26.74195],[-49.88763,-26.74267],[-49.88751,-26.74306],[-49.88774,-26.74435],[-49.88761,-26.7445],[-49.88709,-26.74436],[-49.88641,-26.74348],[-49.88501,-26.74269],[-49.88475,-26.74204],[-49.88488,-26.74106],[-49.88486,-26.74068],[-49.88467,-26.74047],[-49.88389,-26.74032],[-49.88143,-26.74035],[-49.88086,-26.73964],[-49.8806,-26.73878],[-49.88103,-26.73775],[-49.88174,-26.73732],[-49.88328,-26.73745],[-49.88352,-26.73723],[-49.88335,-26.73676],[-49.88254,-26.73601],[-49.88161,-26.73561],[-49.87992,-26.73612],[-49.87961,-26.73597],[-49.87992,-26.7331],[-49.87812,-26.73359],[-49.87718,-26.73415],[-49.87652,-26.73396],[-49.87549,-26.73312],[-49.87472,-26.73214],[-49.8748,-26.73124],[-49.87469,-26.73107],[-49.87331,-26.72997],[-49.87109,-26.72895],[-49.87104,-26.7288],[-49.87144,-26.72791],[-49.8682,-26.72681],[-49.86813,-26.72665],[-49.86858,-26.72578],[-49.86858,-26.72537],[-49.86816,-26.72465],[-49.86717,-26.72445],[-49.86705,-26.72481],[-49.86668,-26.72518],[-49.86618,-26.72548],[-49.86568,-26.72556],[-49.86524,-26.7252],[-49.86391,-26.72291],[-49.86218,-26.72176],[-49.86211,-26.7215],[-49.86109,-26.72052],[-49.861,-26.7202],[-49.85985,-26.71948],[-49.85847,-26.71945],[-49.85715,-26.71911],[-49.85666,-26.71848],[-49.85598,-26.71684],[-49.85471,-26.71449],[-49.85277,-26.71361],[-49.85188,-26.71352],[-49.85126,-26.71366],[-49.85051,-26.71351],[-49.84787,-26.71199],[-49.84713,-26.71142],[-49.84715,-26.71086],[-49.84736,-26.71047],[-49.84724,-26.70966],[-49.84655,-26.70939],[-49.84428,-26.70943],[-49.84275,-26.71046],[-49.84232,-26.71056],[-49.84196,-26.7104],[-49.84096,-26.7085],[-49.84072,-26.70835],[-49.83944,-26.70822],[-49.83826,-26.70729],[-49.83772,-26.7071],[-49.83681,-26.70622],[-49.83644,-26.70525],[-49.83598,-26.70501],[-49.83522,-26.7052],[-49.83498,-26.70546],[-49.8343,-26.70568],[-49.83386,-26.70555],[-49.83307,-26.70493],[-49.83097,-26.70508],[-49.8292,-26.70592],[-49.82777,-26.70794],[-49.82699,-26.7084],[-49.82626,-26.70847],[-49.82434,-26.70808],[-49.82278,-26.70842],[-49.82136,-26.70852],[-49.81028,-26.7125],[-49.80892,-26.71419],[-49.80559,-26.72116],[-49.80536,-26.72248],[-49.8051,-26.72617],[-49.80478,-26.7271],[-49.804,-26.72849],[-49.79681,-26.73663],[-49.79527,-26.73805],[-49.79457,-26.73906],[-49.79413,-26.74033],[-49.79386,-26.74188],[-49.79366,-26.74656],[-49.79339,-26.74804],[-49.79305,-26.74885],[-49.79261,-26.74945],[-49.79147,-26.74999],[-49.7902,-26.7503],[-49.78826,-26.75058],[-49.78498,-26.75035],[-49.78213,-26.75114],[-49.78106,-26.75204],[-49.77708,-26.75648],[-49.77663,-26.75794],[-49.77441,-26.76333],[-49.77283,-26.76491],[-49.77203,-26.76648],[-49.70703,-26.68176],[-49.69509,-26.67982],[-49.64259,-26.74759]]]}},{"type":"Feature","properties":{"nome":"TI Peguaoty","etapa":"Declarada","area_ha":6221.39},"geometry":{"type":"Polygon","coordinates":[[[-48.05283,-24.22996],[-48.05288,-24.22976],[-48.05351,-24.23041],[-48.05464,-24.23082],[-48.05471,-24.2313],[-48.05497,-24.23124],[-48.05527,-24.23058],[-48.05567,-24.23043],[-48.05589,-24.22992],[-48.05627,-24.22973],[-48.05667,-24.22899],[-48.05674,-24.22847],[-48.05781,-24.22794],[-48.05815,-24.22742],[-48.05856,-24.22728],[-48.0588,-24.2269],[-48.05947,-24.22656],[-48.05991,-24.22608],[-48.06167,-24.22626],[-48.06235,-24.22592],[-48.0625,-24.22648],[-48.06309,-24.22689],[-48.06529,-24.22721],[-48.06742,-24.22722],[-48.06857,-24.22668],[-48.06937,-24.22591],[-48.07006,-24.22564],[-48.07162,-24.22544],[-48.07935,-24.22586],[-48.08283,-24.22428],[-48.08326,-24.2237],[-48.08528,-24.2194],[-48.08549,-24.21821],[-48.0853,-24.21634],[-48.08485,-24.21487],[-48.08586,-24.21292],[-48.08615,-24.21189],[-48.08742,-24.20985],[-48.08835,-24.20979],[-48.08918,-24.20922],[-48.09071,-24.20291],[-48.09176,-24.20255],[-48.09252,-24.20169],[-48.09278,-24.20047],[-48.09421,-24.20018],[-48.09367,-24.19869],[-48.09323,-24.19806],[-48.09309,-24.19742],[-48.09272,-24.19679],[-48.09321,-24.19527],[-48.09309,-24.19487],[-48.09273,-24.19462],[-48.08942,-24.19319],[-48.08895,-24.19318],[-48.08876,-24.19367],[-48.0885,-24.19388],[-48.08739,-24.19368],[-48.08656,-24.19315],[-48.08644,-24.19223],[-48.08542,-24.19201],[-48.08411,-24.19107],[-48.08374,-24.19159],[-48.08355,-24.19267],[-48.08364,-24.19339],[-48.08325,-24.19384],[-48.08264,-24.19384],[-48.08213,-24.19325],[-48.08113,-24.19283],[-48.08067,-24.19202],[-48.07959,-24.19207],[-48.07932,-24.1919],[-48.07871,-24.19099],[-48.078,-24.19057],[-48.07729,-24.19051],[-48.07648,-24.19066],[-48.07629,-24.19053],[-48.07554,-24.18983],[-48.07543,-24.18945],[-48.07468,-24.18883],[-48.07386,-24.18764],[-48.0727,-24.18683],[-48.07247,-24.18604],[-48.07182,-24.18563],[-48.07089,-24.18558],[-48.07012,-24.18581],[-48.06971,-24.18565],[-48.0689,-24.18414],[-48.06705,-24.18375],[-48.06667,-24.18302],[-48.06493,-24.1824],[-48.06398,-24.18247],[-48.06354,-24.1823],[-48.06247,-24.1827],[-48.06164,-24.18241],[-48.06104,-24.18286],[-48.06041,-24.18272],[-48.05981,-24.18283],[-48.06039,-24.18157],[-48.06132,-24.18097],[-48.06144,-24.1807],[-48.06105,-24.17995],[-48.06097,-24.17933],[-48.06029,-24.1785],[-48.06087,-24.17797],[-48.06075,-24.17757],[-48.0595,-24.17696],[-48.05812,-24.17669],[-48.05769,-24.17643],[-48.05731,-24.17568],[-48.05742,-24.17552],[-48.05801,-24.1754],[-48.05765,-24.17504],[-48.05723,-24.17497],[-48.05737,-24.1742],[-48.05677,-24.1739],[-48.05635,-24.17304],[-48.0556,-24.17265],[-48.0556,-24.17251],[-48.05652,-24.17229],[-48.05704,-24.17029],[-48.05704,-24.1693],[-48.05562,-24.16832],[-48.05539,-24.16784],[-48.05495,-24.16763],[-48.05506,-24.1667],[-48.05395,-24.16696],[-48.05355,-24.16636],[-48.05359,-24.16536],[-48.05338,-24.16473],[-48.05204,-24.16469],[-48.05185,-24.16395],[-48.04993,-24.16311],[-48.04939,-24.16272],[-48.04932,-24.16242],[-48.04959,-24.16187],[-48.04944,-24.16144],[-48.04764,-24.16056],[-48.04693,-24.16083],[-48.04587,-24.16092],[-48.04568,-24.16109],[-48.04577,-24.16174],[-48.04557,-24.16222],[-48.04536,-24.16236],[-48.04411,-24.16244],[-48.04326,-24.16284],[-48.04248,-24.16258],[-48.04195,-24.16194],[-48.04039,-24.16195],[-48.03821,-24.16114],[-48.0371,-24.16048],[-48.03663,-24.16039],[-48.03632,-24.16119],[-48.03665,-24.16216],[-48.03567,-24.16264],[-48.03458,-24.16275],[-48.03476,-24.16384],[-48.03435,-24.16419],[-48.03428,-24.16479],[-48.03384,-24.16545],[-48.03347,-24.16576],[-48.03245,-24.16607],[-48.03212,-24.16651],[-48.03167,-24.16674],[-48.0313,-24.16673],[-48.03036,-24.16629],[-48.03014,-24.16668],[-48.03046,-24.16749],[-48.0304,-24.16771],[-48.02864,-24.16822],[-48.02794,-24.16911],[-48.02723,-24.16756],[-48.02712,-24.1664],[-48.02664,-24.16526],[-48.02655,-24.16443],[-48.02631,-24.16386],[-48.02488,-24.16296],[-48.0244,-24.16162],[-48.02441,-24.16131],[-48.02498,-24.1603],[-48.02453,-24.15979],[-48.02456,-24.15917],[-48.02412,-24.15869],[-48.02332,-24.1583],[-48.02216,-24.15696],[-48.02105,-24.15617],[-48.0192,-24.15356],[-48.01928,-24.15284],[-48.01793,-24.15194],[-48.01613,-24.15203],[-48.01394,-24.15275],[-48.01113,-24.15232],[-48.00723,-24.15291],[-48.00676,-24.15278],[-48.00624,-24.15286],[-48.00493,-24.15385],[-48.00374,-24.15431],[-48.003,-24.15518],[-48.00246,-24.15613],[-48.00026,-24.15665],[-47.99971,-24.15745],[-47.99802,-24.15852],[-47.99737,-24.15875],[-47.9945,-24.15698],[-47.99425,-24.15656],[-47.99346,-24.15606],[-47.99297,-24.15592],[-47.9914,-24.15493],[-47.99087,-24.1548],[-47.99032,-24.15433],[-47.98883,-24.15396],[-47.98764,-24.1544],[-47.98638,-24.15448],[-47.98538,-24.15494],[-47.98472,-24.15617],[-47.98342,-24.1564],[-47.98288,-24.15708],[-47.98208,-24.15772],[-47.98128,-24.15916],[-47.98032,-24.16039],[-47.97946,-24.16107],[-47.97901,-24.16193],[-47.97896,-24.16265],[-47.9793,-24.16347],[-47.98177,-24.16465],[-47.98185,-24.16501],[-47.9816,-24.16581],[-47.98185,-24.1664],[-47.98151,-24.1668],[-47.98145,-24.16724],[-47.9808,-24.16779],[-47.9809,-24.16837],[-47.98073,-24.16853],[-47.97995,-24.1686],[-47.97811,-24.16835],[-47.97768,-24.16847],[-47.97764,-24.16886],[-47.97898,-24.16956],[-47.97966,-24.17059],[-47.98059,-24.1708],[-47.98155,-24.17146],[-47.98208,-24.17221],[-47.98293,-24.1724],[-47.98313,-24.17261],[-47.98297,-24.17295],[-47.9824,-24.17304],[-47.98145,-24.17286],[-47.97913,-24.17203],[-47.97715,-24.17204],[-47.97609,-24.17124],[-47.97547,-24.17106],[-47.9746,-24.17121],[-47.97309,-24.17103],[-47.97218,-24.17143],[-47.97127,-24.17114],[-47.97087,-24.1712],[-47.97054,-24.17044],[-47.96835,-24.16959],[-47.96723,-24.17032],[-47.96611,-24.17152],[-47.96462,-24.17192],[-47.96335,-24.17259],[-47.96261,-24.17238],[-47.96112,-24.17243],[-47.96058,-24.17289],[-47.96092,-24.17307],[-47.96208,-24.1732],[-47.96366,-24.17487],[-47.96436,-24.17487],[-47.96529,-24.17452],[-47.96583,-24.17479],[-47.96853,-24.17531],[-47.96904,-24.17568],[-47.96927,-24.17699],[-47.9695,-24.17732],[-47.9707,-24.17733],[-47.97166,-24.17772],[-47.97247,-24.17774],[-47.97347,-24.17745],[-47.97388,-24.17749],[-47.97495,-24.17787],[-47.9755,-24.17856],[-47.97637,-24.17878],[-47.97675,-24.17905],[-47.97737,-24.17908],[-47.97811,-24.17879],[-47.97989,-24.17873],[-47.98145,-24.17888],[-47.98289,-24.17905],[-47.98404,-24.17987],[-47.9856,-24.17993],[-47.98717,-24.18064],[-47.98987,-24.1806],[-47.99005,-24.18094],[-47.98985,-24.18163],[-47.99067,-24.18321],[-47.99072,-24.18369],[-47.99135,-24.18386],[-47.99165,-24.18474],[-47.99198,-24.18487],[-47.99228,-24.18576],[-47.99433,-24.1873],[-47.99474,-24.18841],[-47.9954,-24.18906],[-47.995,-24.19048],[-47.99558,-24.19205],[-47.99722,-24.19529],[-47.9973,-24.19626],[-47.99793,-24.19681],[-47.99879,-24.19657],[-48.00062,-24.19643],[-48.00225,-24.19575],[-48.00713,-24.19626],[-48.00806,-24.19662],[-48.01001,-24.20127],[-48.0109,-24.20188],[-48.0125,-24.20237],[-48.01279,-24.2021],[-48.01625,-24.20118],[-48.01764,-24.20205],[-48.01993,-24.20576],[-48.02012,-24.20808],[-48.0211,-24.21281],[-48.01852,-24.21642],[-48.01825,-24.22012],[-48.01972,-24.22058],[-48.023,-24.22295],[-48.02569,-24.22627],[-48.02557,-24.23658],[-48.02745,-24.24057],[-48.02838,-24.24031],[-48.02883,-24.2405],[-48.02909,-24.24042],[-48.02933,-24.24068],[-48.03104,-24.24134],[-48.03165,-24.24112],[-48.03218,-24.24051],[-48.03241,-24.24056],[-48.03259,-24.24085],[-48.03258,-24.2415],[-48.03291,-24.24244],[-48.03355,-24.24188],[-48.03412,-24.24187],[-48.03451,-24.24231],[-48.03422,-24.24297],[-48.03493,-24.24311],[-48.03554,-24.24269],[-48.03564,-24.24208],[-48.03589,-24.24186],[-48.03773,-24.24198],[-48.03914,-24.24186],[-48.04034,-24.24153],[-48.04095,-24.24097],[-48.04095,-24.2401],[-48.04155,-24.23963],[-48.0424,-24.23951],[-48.04359,-24.2397],[-48.04515,-24.23857],[-48.04557,-24.23802],[-48.04675,-24.23756],[-48.04712,-24.23757],[-48.04753,-24.23821],[-48.04919,-24.23839],[-48.0503,-24.23821],[-48.05209,-24.23761],[-48.05249,-24.23763],[-48.05261,-24.23749],[-48.05245,-24.23687],[-48.05254,-24.23648],[-48.05358,-24.23557],[-48.0536,-24.23522],[-48.05302,-24.23396],[-48.05189,-24.23329],[-48.05186,-24.23292],[-48.0521,-24.23261],[-48.05207,-24.23212],[-48.05177,-24.23169],[-48.05126,-24.23142],[-48.05109,-24.23101],[-48.05166,-24.23044],[-48.05202,-24.2305],[-48.05233,-24.23016],[-48.05283,-24.22996]],[[-48.09044,-24.1939],[-48.09043,-24.19389],[-48.09046,-24.19386],[-48.09044,-24.1939]]]}},{"type":"Feature","properties":{"nome":"TI Tekoha Guasú Guavirá","etapa":"Delimitada","area_ha":23871.8},"geometry":{"type":"MultiPolygon","coordinates":[[[[-54.19774,-24.07002],[-54.1962,-24.06973],[-54.19546,-24.0693],[-54.19186,-24.06797],[-54.18991,-24.06771],[-54.18246,-24.06604],[-54.17973,-24.06558],[-54.17812,-24.06546],[-54.17747,-24.06567],[-54.17618,-24.06579],[-54.17539,-24.06617],[-54.17332,-24.06616],[-54.16563,-24.06437],[-54.16075,-24.06289],[-54.15633,-24.06127],[-54.1535,-24.05928],[-54.15189,-24.05835],[-54.14742,-24.05681],[-54.1449,-24.05555],[-54.1389,-24.05128],[-54.13747,-24.05044],[-54.13614,-24.04996],[-54.13419,-24.0497],[-54.13212,-24.04997],[-54.13074,-24.04994],[-54.1282,-24.0492],[-54.12121,-24.04594],[-54.11976,-24.04494],[-54.11545,-24.04292],[-54.11428,-24.04226],[-54.11261,-24.04082],[-54.10975,-24.03943],[-54.10743,-24.03785],[-54.1051,-24.03716],[-54.10315,-24.03603],[-54.10021,-24.03282],[-54.09715,-24.03015],[-54.09373,-24.02821],[-54.09228,-24.02818],[-54.08996,-24.02857],[-54.08207,-24.0317],[-54.07903,-24.03256],[-54.0772,-24.03366],[-54.07573,-24.03415],[-54.06581,-24.03579],[-54.06374,-24.0366],[-54.06111,-24.03737],[-54.05787,-24.03769],[-54.05645,-24.03765],[-54.05373,-24.03681],[-54.05212,-24.03587],[-54.05099,-24.03485],[-54.04978,-24.03341],[-54.04812,-24.03209],[-54.04427,-24.03013],[-54.04173,-24.0291],[-54.03874,-24.0271],[-54.03631,-24.02427],[-54.03354,-24.02175],[-54.03248,-24.02116],[-54.03019,-24.02023],[-54.02281,-24.01948],[-54.02104,-24.01901],[-54.0185,-24.01797],[-54.01592,-24.01595],[-54.0147,-24.01424],[-54.01108,-24.00999],[-54.01022,-24.00832],[-54.00679,-24.00324],[-54.00518,-24.00047],[-54.00365,-23.99672],[-54.00051,-23.99069],[-53.99789,-23.98676],[-53.99663,-23.98532],[-53.99542,-23.9843],[-53.99449,-23.9838],[-53.99315,-23.98342],[-53.99003,-23.98281],[-53.98188,-23.98219],[-53.97387,-23.98206],[-53.97289,-23.98242],[-53.97237,-23.98296],[-53.97187,-23.98492],[-53.97204,-23.98813],[-53.97155,-23.99088],[-53.96941,-23.99775],[-53.96854,-23.99964],[-53.96792,-24.00051],[-53.96716,-24.00268],[-53.96617,-24.00674],[-53.96552,-24.00847],[-53.9651,-24.0112],[-53.96483,-24.01199],[-53.96467,-24.01369],[-53.96478,-24.01428],[-53.96584,-24.01652],[-53.96777,-24.01993],[-53.96828,-24.02117],[-53.97178,-24.02771],[-53.97442,-24.03586],[-53.97553,-24.03811],[-53.97589,-24.03964],[-53.97866,-24.04437],[-53.97892,-24.0455],[-53.97929,-24.04632],[-53.97985,-24.04701],[-53.98034,-24.04848],[-53.98103,-24.0499],[-53.98277,-24.05612],[-53.9843,-24.05902],[-53.98463,-24.05992],[-53.98518,-24.0601],[-53.9853,-24.05999],[-53.98519,-24.05925],[-53.98538,-24.05913],[-53.9859,-24.05927],[-53.98799,-24.06016],[-53.98884,-24.06123],[-53.99048,-24.06279],[-53.99292,-24.06323],[-53.99439,-24.0633],[-53.99524,-24.06406],[-53.99607,-24.06422],[-53.99667,-24.06471],[-53.99811,-24.06488],[-53.99969,-24.06713],[-54.00098,-24.0675],[-54.00165,-24.06827],[-54.00294,-24.06848],[-54.00377,-24.06843],[-54.00407,-24.06869],[-54.00455,-24.06881],[-54.00585,-24.06992],[-54.00677,-24.06981],[-54.00757,-24.06928],[-54.00855,-24.06934],[-54.00893,-24.06911],[-54.00989,-24.0689],[-54.01192,-24.06907],[-54.01243,-24.06884],[-54.0128,-24.06887],[-54.01333,-24.06847],[-54.01404,-24.06861],[-54.01494,-24.06802],[-54.01551,-24.06819],[-54.01594,-24.06785],[-54.01621,-24.06803],[-54.01777,-24.06804],[-54.01858,-24.06779],[-54.01914,-24.06737],[-54.0197,-24.0681],[-54.02088,-24.06875],[-54.02216,-24.06982],[-54.02393,-24.06963],[-54.02488,-24.06971],[-54.02617,-24.07018],[-54.02705,-24.07003],[-54.02839,-24.07014],[-54.02886,-24.07004],[-54.02923,-24.07022],[-54.0305,-24.07007],[-54.03075,-24.07063],[-54.0311,-24.0709],[-54.03114,-24.0712],[-54.03148,-24.07149],[-54.03235,-24.0717],[-54.03356,-24.07262],[-54.03417,-24.07282],[-54.03555,-24.07373],[-54.03624,-24.07391],[-54.03655,-24.07428],[-54.03671,-24.07483],[-54.03745,-24.07495],[-54.03798,-24.07522],[-54.03865,-24.07585],[-54.03915,-24.07584],[-54.04006,-24.07625],[-54.04134,-24.07727],[-54.04279,-24.07805],[-54.04435,-24.07943],[-54.04604,-24.08009],[-54.04739,-24.08131],[-54.0479,-24.08149],[-54.04876,-24.08129],[-54.04929,-24.08135],[-54.05001,-24.08185],[-54.05177,-24.08381],[-54.05272,-24.08443],[-54.05315,-24.08513],[-54.05454,-24.08578],[-54.05667,-24.08769],[-54.0592,-24.08949],[-54.06148,-24.09004],[-54.0626,-24.0906],[-54.06337,-24.09059],[-54.06422,-24.09079],[-54.06613,-24.09159],[-54.0666,-24.09194],[-54.06812,-24.09212],[-54.06906,-24.09261],[-54.06995,-24.09271],[-54.07134,-24.09396],[-54.07201,-24.09404],[-54.07255,-24.09441],[-54.07311,-24.09452],[-54.07454,-24.09591],[-54.07482,-24.09658],[-54.07553,-24.09709],[-54.07624,-24.09788],[-54.07728,-24.10015],[-54.07807,-24.10097],[-54.07915,-24.10094],[-54.08216,-24.09952],[-54.08251,-24.09957],[-54.08378,-24.09923],[-54.08524,-24.09691],[-54.08508,-24.09475],[-54.08604,-24.0852],[-54.08583,-24.08431],[-54.09407,-24.08192],[-54.09413,-24.08269],[-54.094,-24.0829],[-54.09128,-24.08592],[-54.09105,-24.08683],[-54.09121,-24.0875],[-54.11114,-24.11138],[-54.12509,-24.12856],[-54.11815,-24.12851],[-54.12038,-24.13085],[-54.12139,-24.13255],[-54.12201,-24.13444],[-54.12199,-24.13529],[-54.12262,-24.13647],[-54.12212,-24.138],[-54.1235,-24.14006],[-54.12398,-24.14052],[-54.12488,-24.1406],[-54.12692,-24.13957],[-54.12724,-24.1392],[-54.12864,-24.13915],[-54.12924,-24.13883],[-54.13107,-24.13891],[-54.13203,-24.13848],[-54.13234,-24.13806],[-54.13299,-24.13775],[-54.13319,-24.13801],[-54.13361,-24.13791],[-54.13396,-24.13759],[-54.13437,-24.13756],[-54.13481,-24.13778],[-54.13548,-24.13751],[-54.1356,-24.13728],[-54.1363,-24.13688],[-54.13758,-24.13721],[-54.13828,-24.1376],[-54.13858,-24.13722],[-54.13901,-24.1372],[-54.13959,-24.13777],[-54.14021,-24.13779],[-54.14051,-24.13803],[-54.14213,-24.13853],[-54.14442,-24.13961],[-54.1446,-24.1399],[-54.14465,-24.14058],[-54.14573,-24.14179],[-54.14603,-24.14287],[-54.14666,-24.14318],[-54.14665,-24.14364],[-54.14682,-24.14394],[-54.14721,-24.14345],[-54.15218,-24.14367],[-54.16475,-24.14383],[-54.16455,-24.14858],[-54.16946,-24.14853],[-54.18254,-24.14892],[-54.20371,-24.14918],[-54.20361,-24.14791],[-54.20295,-24.14686],[-54.203,-24.14637],[-54.20334,-24.14582],[-54.20328,-24.14548],[-54.20294,-24.14524],[-54.2025,-24.14425],[-54.2016,-24.14404],[-54.20147,-24.14353],[-54.20192,-24.14308],[-54.2019,-24.1427],[-54.20147,-24.14228],[-54.20089,-24.14201],[-54.20062,-24.14133],[-54.20025,-24.14097],[-54.19969,-24.14096],[-54.19957,-24.14084],[-54.19935,-24.14027],[-54.19956,-24.13968],[-54.19904,-24.13921],[-54.19917,-24.13879],[-54.19908,-24.13848],[-54.19793,-24.13813],[-54.19626,-24.13802],[-54.1956,-24.13669],[-54.19315,-24.13536],[-54.19275,-24.13494],[-54.1912,-24.13398],[-54.19082,-24.13403],[-54.19074,-24.13435],[-54.19039,-24.13426],[-54.18997,-24.13369],[-54.19031,-24.13339],[-54.1902,-24.13283],[-54.18941,-24.13233],[-54.1888,-24.13231],[-54.18875,-24.13173],[-54.189,-24.13073],[-54.19063,-24.12714],[-54.19151,-24.12646],[-54.19181,-24.12493],[-54.18615,-24.12491],[-54.18588,-24.12479],[-54.18573,-24.12106],[-54.18585,-24.11856],[-54.18908,-24.11857],[-54.18948,-24.11806],[-54.18991,-24.11717],[-54.19009,-24.11552],[-54.1906,-24.11397],[-54.19155,-24.11259],[-54.1917,-24.10684],[-54.19198,-24.1041],[-54.19214,-24.10377],[-54.19295,-24.10321],[-54.19341,-24.10258],[-54.19386,-24.10235],[-54.19388,-24.10214],[-54.19349,-24.10173],[-54.1932,-24.10057],[-54.19313,-24.09936],[-54.19335,-24.09823],[-54.19529,-24.097],[-54.19749,-24.09501],[-54.1979,-24.09428],[-54.19824,-24.09403],[-54.19927,-24.0939],[-54.20004,-24.09333],[-54.20125,-24.09293],[-54.20328,-24.09286],[-54.20592,-24.0935],[-54.20764,-24.09374],[-54.21193,-24.09557],[-54.21304,-24.09565],[-54.21422,-24.09543],[-54.21515,-24.09575],[-54.21728,-24.09591],[-54.219,-24.09634],[-54.21986,-24.09622],[-54.22087,-24.09585],[-54.22286,-24.09489],[-54.22382,-24.09435],[-54.22489,-24.0933],[-54.2257,-24.09316],[-54.22606,-24.0929],[-54.22629,-24.09253],[-54.2261,-24.0922],[-54.22646,-24.09184],[-54.22657,-24.09103],[-54.22552,-24.09152],[-54.22467,-24.09169],[-54.22379,-24.09143],[-54.2231,-24.09101],[-54.22333,-24.08609],[-54.223,-24.08486],[-54.22266,-24.08211],[-54.22262,-24.07967],[-54.21775,-24.07871],[-54.21702,-24.08005],[-54.21696,-24.08241],[-54.21551,-24.08235],[-54.21537,-24.08567],[-54.21122,-24.08561],[-54.20936,-24.08712],[-54.21095,-24.08893],[-54.21338,-24.08927],[-54.21351,-24.08948],[-54.21343,-24.09072],[-54.20665,-24.09044],[-54.20671,-24.08954],[-54.20638,-24.08928],[-54.20093,-24.08916],[-54.20089,-24.08897],[-54.19961,-24.0886],[-54.19655,-24.09335],[-54.18641,-24.08693],[-54.1836,-24.08538],[-54.18032,-24.0844],[-54.1789,-24.08422],[-54.17532,-24.08426],[-54.17344,-24.08404],[-54.16944,-24.08304],[-54.16717,-24.08226],[-54.16668,-24.09673],[-54.1604,-24.09669],[-54.15433,-24.09781],[-54.15188,-24.0967],[-54.15104,-24.09578],[-54.15133,-24.09405],[-54.1514,-24.09095],[-54.15185,-24.09019],[-54.15312,-24.08892],[-54.15329,-24.08829],[-54.15334,-24.08668],[-54.15358,-24.08624],[-54.15334,-24.08592],[-54.15351,-24.08548],[-54.15328,-24.08505],[-54.1534,-24.08243],[-54.15305,-24.08155],[-54.15275,-24.08138],[-54.15266,-24.08104],[-54.15261,-24.07936],[-54.15173,-24.07645],[-54.15176,-24.07463],[-54.151,-24.07276],[-54.15187,-24.07189],[-54.15335,-24.07112],[-54.15375,-24.06992],[-54.15452,-24.06978],[-54.16627,-24.07094],[-54.16701,-24.07085],[-54.16727,-24.07176],[-54.16725,-24.07381],[-54.16892,-24.07298],[-54.16957,-24.07238],[-54.17065,-24.07308],[-54.17233,-24.07339],[-54.17454,-24.07443],[-54.17595,-24.0756],[-54.17699,-24.07738],[-54.18055,-24.0775],[-54.18061,-24.07441],[-54.18633,-24.07764],[-54.19565,-24.08261],[-54.19695,-24.07937],[-54.19735,-24.07774],[-54.19804,-24.07635],[-54.19804,-24.07494],[-54.19736,-24.07361],[-54.19728,-24.07293],[-54.19765,-24.0715],[-54.19758,-24.07078],[-54.19774,-24.07002]]],[[[-54.2476,-24.05994],[-54.24747,-24.05964],[-54.24686,-24.05921],[-54.24148,-24.05787],[-54.23759,-24.0574],[-54.23617,-24.05765],[-54.23784,-24.05814],[-54.24085,-24.05869],[-54.24581,-24.0593],[-54.2476,-24.05994]]],[[[-54.24666,-24.05864],[-54.24371,-24.05516],[-54.24253,-24.05406],[-54.23912,-24.05191],[-54.23689,-24.05078],[-54.23437,-24.05101],[-54.23295,-24.05141],[-54.23186,-24.05193],[-54.23104,-24.05252],[-54.23045,-24.05358],[-54.22989,-24.05406],[-54.22912,-24.05558],[-54.22923,-24.05597],[-54.22995,-24.05634],[-54.24068,-24.05746],[-54.24492,-24.05833],[-54.24617,-24.05872],[-54.24666,-24.05864]]],[[[-54.22915,-24.05942],[-54.22924,-24.05955],[-54.23093,-24.05982],[-54.23426,-24.05958],[-54.2346,-24.05931],[-54.23431,-24.05909],[-54.23439,-24.05887],[-54.23425,-24.0588],[-54.23355,-24.05864],[-54.2317,-24.05861],[-54.22955,-24.0591],[-54.22915,-24.05942]]],[[[-54.22738,-24.05317],[-54.22767,-24.05324],[-54.22904,-24.05295],[-54.23037,-24.05185],[-54.2304,-24.05133],[-54.23001,-24.05136],[-54.22824,-24.05218],[-54.22771,-24.05259],[-54.22738,-24.05317]]],[[[-54.20156,-24.06819],[-54.20175,-24.06838],[-54.20292,-24.06877],[-54.20527,-24.06866],[-54.20727,-24.06793],[-54.20837,-24.06707],[-54.21004,-24.06613],[-54.21034,-24.06581],[-54.21029,-24.06563],[-54.20427,-24.06641],[-54.20266,-24.06701],[-54.2016,-24.06772],[-54.20156,-24.06819]]],[[[-54.18783,-24.0624],[-54.18522,-24.05981],[-54.18419,-24.05898],[-54.1808,-24.05777],[-54.17847,-24.05674],[-54.1764,-24.0563],[-54.1748,-24.05625],[-54.17147,-24.05641],[-54.16972,-24.05691],[-54.17022,-24.05813],[-54.17085,-24.05862],[-54.17657,-24.06146],[-54.17993,-24.0623],[-54.18498,-24.06252],[-54.18783,-24.0624]]],[[[-54.18391,-24.05736],[-54.18379,-24.05708],[-54.18272,-24.05646],[-54.17997,-24.05562],[-54.17887,-24.05565],[-54.17891,-24.05583],[-54.18046,-24.05651],[-54.18336,-24.05753],[-54.18391,-24.05736]]],[[[-54.17149,-24.05499],[-54.17169,-24.05518],[-54.17295,-24.05523],[-54.17429,-24.055],[-54.17394,-24.05483],[-54.17274,-24.05476],[-54.17149,-24.05499]]],[[[-54.10722,-24.03273],[-54.10719,-24.03244],[-54.10634,-24.0314],[-54.10549,-24.03079],[-54.10455,-24.03064],[-54.10489,-24.03128],[-54.10592,-24.03227],[-54.10675,-24.03282],[-54.10722,-24.03273]]],[[[-54.10587,-24.03049],[-54.10466,-24.02865],[-54.10266,-24.02616],[-54.10205,-24.02579],[-54.10138,-24.02579],[-54.10131,-24.02645],[-54.10254,-24.02809],[-54.10434,-24.02996],[-54.10542,-24.03053],[-54.10587,-24.03049]]],[[[-54.10226,-24.02482],[-54.10291,-24.02482],[-54.10293,-24.02415],[-54.10262,-24.02355],[-54.10187,-24.02086],[-54.10141,-24.02004],[-54.1002,-24.01864],[-54.0991,-24.01813],[-54.09898,-24.01842],[-54.09918,-24.01983],[-54.10068,-24.02278],[-54.10181,-24.02441],[-54.10226,-24.02482]]],[[[-54.10205,-24.01875],[-54.10208,-24.0185],[-54.10093,-24.01598],[-54.09942,-24.01104],[-54.09861,-24.00925],[-54.09639,-24.00702],[-54.09269,-24.00286],[-54.09121,-24.00192],[-54.09066,-24.0018],[-54.09027,-24.00191],[-54.09029,-24.00259],[-54.09235,-24.00462],[-54.09429,-24.00688],[-54.09576,-24.0089],[-54.09631,-24.01021],[-54.09698,-24.01083],[-54.09786,-24.01219],[-54.09813,-24.01294],[-54.09874,-24.01363],[-54.10111,-24.01788],[-54.10205,-24.01875]]],[[[-54.10055,-24.01792],[-54.09902,-24.01488],[-54.09836,-24.0141],[-54.09806,-24.01399],[-54.09799,-24.01457],[-54.0988,-24.01602],[-54.10003,-24.01759],[-54.10055,-24.01792]]],[[[-54.12749,-23.989],[-54.09146,-24.0004],[-54.09237,-24.00141],[-54.09298,-24.00174],[-54.09492,-24.00415],[-54.09884,-24.00782],[-54.09996,-24.01002],[-54.10107,-24.01321],[-54.10115,-24.01397],[-54.10202,-24.01617],[-54.10355,-24.01898],[-54.10384,-24.02011],[-54.10464,-24.02182],[-54.10518,-24.02417],[-54.10596,-24.02556],[-54.10869,-24.02872],[-54.11154,-24.03128],[-54.11455,-24.03448],[-54.11872,-24.03804],[-54.12344,-24.04057],[-54.12636,-24.04173],[-54.12683,-24.04174],[-54.12994,-24.04265],[-54.13493,-24.04328],[-54.13887,-24.04412],[-54.14119,-24.04489],[-54.14266,-24.04557],[-54.14757,-24.04912],[-54.14902,-24.04999],[-54.15444,-24.05189],[-54.15563,-24.0521],[-54.15891,-24.05219],[-54.1649,-24.05182],[-54.16871,-24.05181],[-54.17594,-24.05296],[-54.17847,-24.05368],[-54.18065,-24.05395],[-54.18283,-24.05453],[-54.1844,-24.05534],[-54.18711,-24.05766],[-54.19003,-24.06115],[-54.19091,-24.06152],[-54.19401,-24.06133],[-54.19878,-24.05954],[-54.20095,-24.05849],[-54.20677,-24.05718],[-54.20751,-24.0569],[-54.2104,-24.05637],[-54.21493,-24.05615],[-54.21663,-24.05589],[-54.22094,-24.05478],[-54.22389,-24.05347],[-54.22677,-24.05185],[-54.23141,-24.05002],[-54.23246,-24.04932],[-54.23246,-24.0492],[-54.231,-24.04856],[-54.22765,-24.04665],[-54.22663,-24.04579],[-54.22433,-24.04447],[-54.22124,-24.04215],[-54.21962,-24.04119],[-54.21818,-24.03989],[-54.21646,-24.03887],[-54.21412,-24.03698],[-54.21185,-24.03579],[-54.20948,-24.03375],[-54.20622,-24.03215],[-54.20294,-24.03106],[-54.19759,-24.02796],[-54.19589,-24.02666],[-54.19249,-24.02356],[-54.1902,-24.02084],[-54.18962,-24.01986],[-54.18706,-24.01724],[-54.18596,-24.01632],[-54.18496,-24.01608],[-54.18236,-24.01692],[-54.17824,-24.01672],[-54.17737,-24.01718],[-54.17623,-24.0174],[-54.17553,-24.01803],[-54.17429,-24.01842],[-54.17158,-24.01872],[-54.16993,-24.01865],[-54.16842,-24.01837],[-54.16681,-24.01904],[-54.16517,-24.01933],[-54.16457,-24.01905],[-54.16366,-24.01829],[-54.16281,-24.01682],[-54.16177,-24.01578],[-54.15995,-24.01473],[-54.15474,-24.0135],[-54.15186,-24.01332],[-54.14942,-24.01377],[-54.14249,-24.01369],[-54.14132,-24.01387],[-54.14036,-24.01425],[-54.14011,-24.01407],[-54.14055,-24.01369],[-54.1403,-24.01337],[-54.13503,-24.01336],[-54.13467,-24.01285],[-54.13407,-24.01238],[-54.13386,-24.01186],[-54.13402,-24.01076],[-54.13446,-24.00988],[-54.1344,-24.00953],[-54.13478,-24.00855],[-54.135,-24.00853],[-54.13516,-24.00899],[-54.13522,-24.01042],[-54.13533,-24.01078],[-54.13551,-24.01079],[-54.13594,-24.01041],[-54.13647,-24.00875],[-54.13643,-24.00856],[-54.13555,-24.00784],[-54.13469,-24.00761],[-54.13368,-24.00774],[-54.13331,-24.00794],[-54.13282,-24.00879],[-54.13228,-24.00914],[-54.13161,-24.01023],[-54.13064,-24.01086],[-54.12856,-24.01107],[-54.12392,-24.01085],[-54.1212,-24.01144],[-54.12024,-24.01144],[-54.1199,-24.01285],[-54.11979,-24.01147],[-54.11804,-24.01107],[-54.11727,-24.01072],[-54.11648,-24.0107],[-54.11604,-24.01055],[-54.11562,-24.01015],[-54.11439,-24.00865],[-54.11297,-24.00596],[-54.11254,-24.00597],[-54.11194,-24.00635],[-54.11125,-24.00654],[-54.1123,-24.00574],[-54.11225,-24.00534],[-54.11141,-24.00461],[-54.11058,-24.00324],[-54.10893,-24.00183],[-54.10763,-24.0012],[-54.107,-24.00047],[-54.10636,-23.99909],[-54.10589,-23.99872],[-54.1058,-23.99843],[-54.10601,-23.99837],[-54.10749,-23.99941],[-54.10886,-23.99941],[-54.10933,-23.99959],[-54.11036,-24.00095],[-54.11077,-24.00182],[-54.11233,-24.00245],[-54.11331,-24.00328],[-54.11352,-24.00331],[-54.11382,-24.00288],[-54.11381,-24.00189],[-54.11405,-24.00179],[-54.11434,-24.00338],[-54.11401,-24.00466],[-54.11412,-24.00517],[-54.11508,-24.00611],[-54.11566,-24.00732],[-54.11645,-24.0083],[-54.11798,-24.00948],[-54.11972,-24.00949],[-54.12149,-24.00921],[-54.12549,-24.0096],[-54.12994,-24.00981],[-54.13158,-24.00919],[-54.13204,-24.00886],[-54.13212,-24.0086],[-54.13195,-24.00836],[-54.13074,-24.00894],[-54.13046,-24.00877],[-54.13139,-24.00787],[-54.13145,-24.00742],[-54.13442,-24.00706],[-54.13647,-24.00764],[-54.13699,-24.00817],[-54.13711,-24.00852],[-54.13715,-24.00914],[-54.13676,-24.01023],[-54.13635,-24.01075],[-54.1359,-24.01092],[-54.13585,-24.0112],[-54.13727,-24.01116],[-54.13919,-24.01155],[-54.14038,-24.0114],[-54.14279,-24.01157],[-54.14475,-24.0115],[-54.14612,-24.01182],[-54.15119,-24.0119],[-54.1517,-24.01175],[-54.15214,-24.01128],[-54.15265,-24.01129],[-54.15338,-24.01186],[-54.15395,-24.01167],[-54.15462,-24.01208],[-54.15711,-24.01248],[-54.16021,-24.01324],[-54.16113,-24.01371],[-54.16202,-24.01453],[-54.16308,-24.01589],[-54.16383,-24.01733],[-54.16464,-24.01839],[-54.1653,-24.01868],[-54.16627,-24.01854],[-54.16834,-24.01782],[-54.16919,-24.01784],[-54.17021,-24.0182],[-54.17177,-24.01824],[-54.17453,-24.01795],[-54.17631,-24.01706],[-54.1775,-24.01688],[-54.17821,-24.01644],[-54.17373,-24.01529],[-54.1675,-24.01308],[-54.16224,-24.01047],[-54.16066,-24.00869],[-54.1589,-24.00707],[-54.15742,-24.00461],[-54.15691,-24.00279],[-54.15588,-24.00098],[-54.15572,-24.00037],[-54.15402,-23.99701],[-54.15268,-23.99491],[-54.15163,-23.99403],[-54.14766,-23.99327],[-54.14417,-23.99316],[-54.13765,-23.9915],[-54.13264,-23.99086],[-54.12855,-23.98956],[-54.12763,-23.9892],[-54.12749,-23.989]]],[[[-54.27298,-24.11175],[-54.27017,-24.11854],[-54.27001,-24.11845],[-54.26992,-24.11897],[-54.26927,-24.11962],[-54.26907,-24.12073],[-54.2687,-24.12095],[-54.26851,-24.12138],[-54.26913,-24.12177],[-54.26993,-24.122],[-54.26981,-24.12229],[-54.26919,-24.12218],[-54.26913,-24.12256],[-54.27001,-24.12323],[-54.27033,-24.12414],[-54.27116,-24.12447],[-54.27145,-24.12493],[-54.27144,-24.12651],[-54.27161,-24.12741],[-54.2719,-24.12786],[-54.27252,-24.12786],[-54.27387,-24.12716],[-54.27412,-24.12724],[-54.27436,-24.12698],[-54.2751,-24.12704],[-54.27547,-24.1269],[-54.2767,-24.12716],[-54.27744,-24.12666],[-54.2799,-24.12729],[-54.28076,-24.12847],[-54.28199,-24.12787],[-54.28297,-24.12788],[-54.28286,-24.12818],[-54.28236,-24.12825],[-54.28209,-24.12852],[-54.2822,-24.12886],[-54.28264,-24.12931],[-54.28268,-24.12965],[-54.28124,-24.13057],[-54.28082,-24.13101],[-54.28073,-24.13157],[-54.28103,-24.13214],[-54.28206,-24.13247],[-54.28244,-24.13292],[-54.28138,-24.13341],[-54.28055,-24.13451],[-54.28077,-24.13487],[-54.28142,-24.13428],[-54.28261,-24.13422],[-54.28298,-24.13403],[-54.28323,-24.13306],[-54.28403,-24.13168],[-54.28577,-24.13126],[-54.28661,-24.13038],[-54.2871,-24.13039],[-54.28751,-24.13061],[-54.28785,-24.13119],[-54.28896,-24.13096],[-54.29083,-24.13135],[-54.29102,-24.13168],[-54.29104,-24.13303],[-54.29146,-24.13335],[-54.2922,-24.13356],[-54.29306,-24.13197],[-54.29412,-24.13088],[-54.29435,-24.13043],[-54.29589,-24.12913],[-54.29689,-24.12785],[-54.29762,-24.12799],[-54.29897,-24.1274],[-54.30228,-24.12683],[-54.30278,-24.12648],[-54.30308,-24.12677],[-54.30384,-24.1271],[-54.30514,-24.12842],[-54.30588,-24.12885],[-54.30662,-24.12899],[-54.30809,-24.12884],[-54.30957,-24.12896],[-54.31104,-24.1286],[-54.3114,-24.12802],[-54.31188,-24.12769],[-54.31409,-24.12743],[-54.31445,-24.12718],[-54.31483,-24.12646],[-54.3148,-24.1259],[-54.31456,-24.12534],[-54.31372,-24.12433],[-54.31044,-24.12305],[-54.30825,-24.12137],[-54.30755,-24.12048],[-54.30755,-24.11939],[-54.30785,-24.11901],[-54.30746,-24.11857],[-54.30746,-24.11834],[-54.30772,-24.11789],[-54.30777,-24.11816],[-54.30814,-24.11841],[-54.30812,-24.11867],[-54.30835,-24.11844],[-54.30844,-24.1172],[-54.30826,-24.11664],[-54.30833,-24.11619],[-54.3081,-24.11584],[-54.307,-24.1164],[-54.30622,-24.11565],[-54.30748,-24.11557],[-54.30859,-24.11505],[-54.31005,-24.11525],[-54.30981,-24.1151],[-54.31035,-24.1148],[-54.31052,-24.11367],[-54.31014,-24.11329],[-54.30927,-24.11287],[-54.30761,-24.11146],[-54.30533,-24.11014],[-54.30281,-24.10838],[-54.30225,-24.1073],[-54.30232,-24.10658],[-54.3018,-24.10577],[-54.30249,-24.10466],[-54.30207,-24.10453],[-54.3011,-24.10487],[-54.30078,-24.10447],[-54.30092,-24.1039],[-54.30047,-24.10409],[-54.29947,-24.10364],[-54.29962,-24.10325],[-54.30032,-24.10277],[-54.30046,-24.1021],[-54.30116,-24.10198],[-54.30215,-24.10234],[-54.30223,-24.10196],[-54.30031,-24.10087],[-54.2997,-24.09986],[-54.29927,-24.09948],[-54.29678,-24.09817],[-54.29619,-24.09766],[-54.29542,-24.09762],[-54.29431,-24.09723],[-54.29257,-24.09634],[-54.2921,-24.09627],[-54.2917,-24.09582],[-54.29072,-24.09595],[-54.28962,-24.09645],[-54.28876,-24.0964],[-54.28748,-24.09673],[-54.28734,-24.09665],[-54.28736,-24.09601],[-54.28761,-24.09567],[-54.28852,-24.0952],[-54.28867,-24.09497],[-54.28848,-24.09483],[-54.28845,-24.09452],[-54.28685,-24.09296],[-54.28703,-24.09207],[-54.28843,-24.09195],[-54.28904,-24.09209],[-54.28923,-24.09248],[-54.28942,-24.09252],[-54.28978,-24.09228],[-54.29015,-24.09232],[-54.29025,-24.09213],[-54.29059,-24.09201],[-54.29045,-24.09145],[-54.29062,-24.09132],[-54.291,-24.09149],[-54.29149,-24.0921],[-54.29151,-24.09235],[-54.29224,-24.09243],[-54.29238,-24.0922],[-54.29261,-24.09218],[-54.29373,-24.09279],[-54.29385,-24.09279],[-54.29392,-24.09251],[-54.29356,-24.09241],[-54.29322,-24.09189],[-54.29183,-24.09085],[-54.28961,-24.0899],[-54.28959,-24.08954],[-54.28891,-24.08899],[-54.28874,-24.08901],[-54.28862,-24.0894],[-54.28544,-24.08848],[-54.28551,-24.08803],[-54.28479,-24.08817],[-54.28385,-24.08783],[-54.28393,-24.08727],[-54.28326,-24.08705],[-54.28206,-24.08617],[-54.28186,-24.08539],[-54.28123,-24.08482],[-54.28129,-24.08461],[-54.28102,-24.08438],[-54.28101,-24.08416],[-54.28079,-24.08394],[-54.28052,-24.08391],[-54.28049,-24.08361],[-54.27989,-24.08315],[-54.2795,-24.08249],[-54.2793,-24.08159],[-54.27877,-24.08115],[-54.27871,-24.0807],[-54.27563,-24.07891],[-54.27502,-24.07889],[-54.27416,-24.07923],[-54.27367,-24.0792],[-54.27196,-24.07766],[-54.27141,-24.0775],[-54.26915,-24.07805],[-54.26939,-24.07939],[-54.26657,-24.0785],[-54.26642,-24.07816],[-54.26395,-24.07892],[-54.2626,-24.08017],[-54.26277,-24.08096],[-54.26257,-24.0813],[-54.26263,-24.08185],[-54.26369,-24.08219],[-54.26711,-24.07923],[-54.26717,-24.07887],[-54.26729,-24.07887],[-54.27782,-24.08267],[-54.2873,-24.09684],[-54.2862,-24.09727],[-54.2855,-24.09727],[-54.28437,-24.09808],[-54.28326,-24.09853],[-54.28319,-24.09969],[-54.283,-24.09945],[-54.2824,-24.09977],[-54.27068,-24.10298],[-54.26384,-24.0974],[-54.26461,-24.09454],[-54.26277,-24.09463],[-54.26257,-24.09309],[-54.2621,-24.09269],[-54.26071,-24.09422],[-54.26121,-24.09469],[-54.26087,-24.0952],[-54.26306,-24.09686],[-54.26332,-24.10086],[-54.26829,-24.10112],[-54.26719,-24.10274],[-54.26722,-24.10565],[-54.27076,-24.10545],[-54.27083,-24.11014],[-54.27298,-24.11175]]]]}},{"type":"Feature","properties":{"nome":"TI Laranjinha","etapa":"Regularizada","area_ha":290.83},"geometry":{"type":"Polygon","coordinates":[[[-50.41904,-23.28017],[-50.41856,-23.27959],[-50.41837,-23.27955],[-50.41723,-23.28061],[-50.41644,-23.28045],[-50.41001,-23.27794],[-50.39867,-23.2739],[-50.39871,-23.28623],[-50.39894,-23.2908],[-50.406,-23.28776],[-50.40851,-23.29006],[-50.40872,-23.28977],[-50.4091,-23.28969],[-50.40996,-23.29013],[-50.41098,-23.29011],[-50.41157,-23.28993],[-50.41177,-23.29005],[-50.4121,-23.29074],[-50.418,-23.29273],[-50.41962,-23.28005],[-50.41904,-23.28017]]]}},{"type":"Feature","properties":{"nome":"TI Mangueirinha","etapa":"Regularizada","area_ha":17238.96},"geometry":{"type":"Polygon","coordinates":[[[-52.28217,-25.796],[-52.28103,-25.7929],[-52.28115,-25.79109],[-52.27998,-25.78888],[-52.27865,-25.78788],[-52.27792,-25.78784],[-52.27736,-25.78742],[-52.27671,-25.78738],[-52.27551,-25.78693],[-52.27352,-25.78702],[-52.27261,-25.78736],[-52.27228,-25.78722],[-52.2724,-25.78664],[-52.27206,-25.78565],[-52.27071,-25.78482],[-52.26979,-25.78388],[-52.26945,-25.78288],[-52.26871,-25.78196],[-52.26936,-25.78002],[-52.26914,-25.77909],[-52.26891,-25.7789],[-52.26761,-25.77878],[-52.26696,-25.77821],[-52.26658,-25.77755],[-52.26648,-25.77675],[-52.26606,-25.77606],[-52.26654,-25.77471],[-52.26641,-25.77439],[-52.26608,-25.77408],[-52.26433,-25.77325],[-52.26352,-25.7721],[-52.26261,-25.7716],[-52.26178,-25.77055],[-52.26079,-25.77005],[-52.26033,-25.76946],[-52.25981,-25.76926],[-52.25904,-25.76928],[-52.2586,-25.76892],[-52.25821,-25.76809],[-52.25813,-25.76626],[-52.25717,-25.76506],[-52.25698,-25.76443],[-52.25703,-25.76318],[-52.2574,-25.76171],[-52.2574,-25.75999],[-52.25726,-25.75931],[-52.25629,-25.75719],[-52.25578,-25.7565],[-52.25517,-25.75585],[-52.25451,-25.7555],[-52.25419,-25.75501],[-52.25351,-25.75469],[-52.2527,-25.75462],[-52.25157,-25.75384],[-52.24891,-25.75069],[-52.24767,-25.74984],[-52.24737,-25.74984],[-52.24633,-25.74859],[-52.24547,-25.74801],[-52.24484,-25.74698],[-52.24452,-25.74677],[-52.24286,-25.74622],[-52.24078,-25.74601],[-52.24044,-25.74624],[-52.24011,-25.74676],[-52.23939,-25.74696],[-52.23855,-25.74694],[-52.23844,-25.74721],[-52.23745,-25.74735],[-52.23697,-25.74699],[-52.23701,-25.74595],[-52.23671,-25.74524],[-52.23549,-25.74459],[-52.23439,-25.74443],[-52.23382,-25.74454],[-52.23456,-25.74661],[-52.23494,-25.74693],[-52.23545,-25.74775],[-52.23555,-25.74913],[-52.23603,-25.74953],[-52.23539,-25.75045],[-52.23501,-25.75057],[-52.23513,-25.75184],[-52.23481,-25.75189],[-52.23453,-25.75173],[-52.23362,-25.75193],[-52.23286,-25.75284],[-52.2315,-25.75332],[-52.23109,-25.75333],[-52.23085,-25.75376],[-52.23031,-25.75422],[-52.22892,-25.75496],[-52.22852,-25.75571],[-52.22818,-25.75575],[-52.22794,-25.75621],[-52.22739,-25.75619],[-52.22716,-25.75649],[-52.22697,-25.75636],[-52.22649,-25.75662],[-52.22631,-25.75591],[-52.22569,-25.75534],[-52.22558,-25.7556],[-52.22574,-25.75579],[-52.22541,-25.75607],[-52.22513,-25.75607],[-52.22477,-25.75548],[-52.22429,-25.75523],[-52.22375,-25.75522],[-52.22337,-25.75553],[-52.22332,-25.75587],[-52.22285,-25.75645],[-52.2227,-25.75618],[-52.22154,-25.75596],[-52.22103,-25.75605],[-52.22065,-25.75579],[-52.22015,-25.75605],[-52.21995,-25.75635],[-52.21931,-25.75615],[-52.21869,-25.75639],[-52.2177,-25.75728],[-52.21752,-25.75799],[-52.21657,-25.75938],[-52.21655,-25.75991],[-52.21671,-25.76007],[-52.21747,-25.76017],[-52.21787,-25.75999],[-52.21879,-25.76032],[-52.22042,-25.76019],[-52.22089,-25.76054],[-52.22135,-25.76027],[-52.2221,-25.76041],[-52.22229,-25.76011],[-52.22326,-25.75979],[-52.22357,-25.7592],[-52.22424,-25.75971],[-52.2249,-25.7598],[-52.22556,-25.76021],[-52.22662,-25.76053],[-52.22708,-25.76098],[-52.22734,-25.76151],[-52.22776,-25.76159],[-52.22797,-25.76193],[-52.2292,-25.7627],[-52.22993,-25.76373],[-52.23036,-25.7639],[-52.23051,-25.76412],[-52.23021,-25.76486],[-52.23026,-25.76528],[-52.22989,-25.76553],[-52.22946,-25.7664],[-52.22968,-25.76747],[-52.22962,-25.76777],[-52.2291,-25.76844],[-52.22945,-25.76898],[-52.22984,-25.76903],[-52.22997,-25.76887],[-52.23045,-25.76912],[-52.23042,-25.76932],[-52.23125,-25.7699],[-52.23169,-25.77077],[-52.23169,-25.7715],[-52.23153,-25.77153],[-52.23159,-25.77191],[-52.23112,-25.77293],[-52.23091,-25.77304],[-52.23072,-25.77372],[-52.22895,-25.77473],[-52.228,-25.7751],[-52.2281,-25.77675],[-52.2279,-25.7773],[-52.22683,-25.77785],[-52.22575,-25.77801],[-52.22564,-25.77819],[-52.22573,-25.77958],[-52.22521,-25.78229],[-52.22524,-25.78291],[-52.2261,-25.78347],[-52.22796,-25.78344],[-52.22827,-25.78366],[-52.22812,-25.78414],[-52.22735,-25.78466],[-52.22651,-25.78561],[-52.22583,-25.787],[-52.2265,-25.7879],[-52.22727,-25.78977],[-52.2259,-25.7914],[-52.22478,-25.79194],[-52.22407,-25.7932],[-52.22457,-25.79355],[-52.22693,-25.7945],[-52.22961,-25.79517],[-52.23033,-25.79581],[-52.23134,-25.79609],[-52.23211,-25.79783],[-52.23251,-25.79775],[-52.23271,-25.79754],[-52.23348,-25.79605],[-52.23486,-25.79508],[-52.23511,-25.79506],[-52.23628,-25.79628],[-52.23713,-25.79683],[-52.23746,-25.79734],[-52.23737,-25.79761],[-52.23698,-25.79795],[-52.23639,-25.79811],[-52.23582,-25.7986],[-52.23545,-25.80048],[-52.23603,-25.80329],[-52.23671,-25.80453],[-52.23765,-25.80508],[-52.24035,-25.80568],[-52.24086,-25.80629],[-52.24094,-25.80661],[-52.23999,-25.8085],[-52.24028,-25.809],[-52.241,-25.80952],[-52.24223,-25.80994],[-52.2429,-25.81038],[-52.24355,-25.81143],[-52.2464,-25.81233],[-52.24708,-25.81279],[-52.24705,-25.81355],[-52.24605,-25.81644],[-52.24601,-25.81696],[-52.24615,-25.81726],[-52.24692,-25.81742],[-52.24868,-25.81712],[-52.24965,-25.81757],[-52.25051,-25.81845],[-52.25069,-25.81936],[-52.25061,-25.81972],[-52.24958,-25.82117],[-52.24914,-25.82159],[-52.24821,-25.82184],[-52.24576,-25.82318],[-52.24521,-25.82359],[-52.24485,-25.82416],[-52.24498,-25.82441],[-52.2459,-25.82496],[-52.24804,-25.8258],[-52.24863,-25.82627],[-52.24958,-25.82814],[-52.25051,-25.82935],[-52.25063,-25.83042],[-52.25147,-25.83179],[-52.25208,-25.83201],[-52.25532,-25.83096],[-52.25624,-25.83124],[-52.25651,-25.83197],[-52.25626,-25.83367],[-52.25611,-25.83385],[-52.25364,-25.8341],[-52.25247,-25.83445],[-52.25018,-25.83584],[-52.24983,-25.83687],[-52.25037,-25.83703],[-52.25072,-25.83776],[-52.25182,-25.83865],[-52.25267,-25.83911],[-52.25353,-25.83902],[-52.25429,-25.83838],[-52.25534,-25.8378],[-52.25604,-25.83769],[-52.2563,-25.83788],[-52.25635,-25.83849],[-52.25591,-25.84086],[-52.25623,-25.84162],[-52.25784,-25.84316],[-52.25758,-25.84389],[-52.25769,-25.8467],[-52.25849,-25.84736],[-52.26017,-25.84831],[-52.26086,-25.84763],[-52.26306,-25.84658],[-52.26456,-25.84535],[-52.2657,-25.84486],[-52.26791,-25.84462],[-52.26931,-25.84421],[-52.27053,-25.84456],[-52.27341,-25.84488],[-52.27383,-25.84512],[-52.27358,-25.84595],[-52.27271,-25.84666],[-52.2725,-25.84712],[-52.2721,-25.8494],[-52.27069,-25.8507],[-52.2701,-25.85185],[-52.26935,-25.85264],[-52.2683,-25.85529],[-52.26734,-25.85604],[-52.26497,-25.85698],[-52.26405,-25.85705],[-52.26324,-25.85685],[-52.26263,-25.85688],[-52.26164,-25.85762],[-52.26157,-25.85802],[-52.26214,-25.8588],[-52.26416,-25.86],[-52.26577,-25.86005],[-52.2668,-25.86027],[-52.26901,-25.86013],[-52.26992,-25.86048],[-52.27014,-25.86036],[-52.27044,-25.8597],[-52.271,-25.8594],[-52.27127,-25.85948],[-52.27209,-25.86048],[-52.27315,-25.86059],[-52.27383,-25.86011],[-52.27398,-25.85915],[-52.27439,-25.85876],[-52.27584,-25.8597],[-52.27596,-25.85996],[-52.27538,-25.86089],[-52.27545,-25.86123],[-52.27668,-25.86138],[-52.27707,-25.86161],[-52.27767,-25.86153],[-52.27776,-25.86165],[-52.27779,-25.86205],[-52.27709,-25.8629],[-52.27706,-25.86307],[-52.2773,-25.86325],[-52.27764,-25.86334],[-52.27878,-25.86314],[-52.28064,-25.86234],[-52.28109,-25.86233],[-52.28147,-25.86239],[-52.28203,-25.86299],[-52.28359,-25.86338],[-52.28431,-25.86431],[-52.28429,-25.86462],[-52.28387,-25.8653],[-52.28281,-25.86654],[-52.28258,-25.86746],[-52.28291,-25.8681],[-52.28216,-25.86892],[-52.2819,-25.86944],[-52.28155,-25.8691],[-52.28124,-25.86824],[-52.28075,-25.8682],[-52.28031,-25.86877],[-52.2804,-25.87058],[-52.2786,-25.8704],[-52.27796,-25.87066],[-52.27828,-25.87129],[-52.27845,-25.87212],[-52.27998,-25.87271],[-52.28015,-25.87301],[-52.28014,-25.87358],[-52.28082,-25.87439],[-52.28128,-25.87452],[-52.28201,-25.87445],[-52.28253,-25.87418],[-52.28278,-25.87425],[-52.28333,-25.87507],[-52.28444,-25.87541],[-52.28534,-25.87634],[-52.28628,-25.87679],[-52.28658,-25.87718],[-52.28696,-25.87825],[-52.28706,-25.87906],[-52.28688,-25.88027],[-52.2871,-25.88084],[-52.28665,-25.88188],[-52.28549,-25.88247],[-52.28471,-25.88347],[-52.28257,-25.8838],[-52.28132,-25.88523],[-52.28132,-25.88543],[-52.28168,-25.88569],[-52.28253,-25.88576],[-52.28413,-25.8854],[-52.28553,-25.88634],[-52.28623,-25.88637],[-52.28668,-25.88595],[-52.28677,-25.88562],[-52.28656,-25.88489],[-52.28742,-25.88336],[-52.28826,-25.88231],[-52.28914,-25.88188],[-52.29018,-25.8819],[-52.29052,-25.88219],[-52.29106,-25.88276],[-52.2913,-25.88362],[-52.29181,-25.8842],[-52.29219,-25.88423],[-52.29249,-25.88397],[-52.29273,-25.88319],[-52.29301,-25.88299],[-52.29345,-25.88307],[-52.29399,-25.88355],[-52.29409,-25.88406],[-52.29367,-25.88491],[-52.29196,-25.887],[-52.29193,-25.88734],[-52.29291,-25.88903],[-52.2927,-25.89103],[-52.29293,-25.89175],[-52.2933,-25.89185],[-52.29381,-25.89134],[-52.29466,-25.89088],[-52.29493,-25.89093],[-52.29501,-25.89122],[-52.29569,-25.8919],[-52.29591,-25.8919],[-52.29649,-25.89134],[-52.29715,-25.89105],[-52.29753,-25.89056],[-52.29839,-25.89022],[-52.29915,-25.89021],[-52.29948,-25.89027],[-52.29955,-25.89042],[-52.29927,-25.8908],[-52.29986,-25.89181],[-52.30043,-25.8926],[-52.30095,-25.89291],[-52.30316,-25.89064],[-52.30366,-25.89024],[-52.30388,-25.89025],[-52.30431,-25.89192],[-52.30487,-25.89316],[-52.30447,-25.89404],[-52.30485,-25.89456],[-52.30485,-25.89488],[-52.30222,-25.89762],[-52.30208,-25.89806],[-52.30215,-25.89849],[-52.30287,-25.89871],[-52.30323,-25.89921],[-52.30125,-25.90005],[-52.30132,-25.90045],[-52.30184,-25.90085],[-52.30238,-25.90106],[-52.30283,-25.90075],[-52.30316,-25.90077],[-52.30404,-25.90126],[-52.30447,-25.90127],[-52.30583,-25.90067],[-52.30641,-25.89972],[-52.30853,-25.89916],[-52.31005,-25.89923],[-52.31111,-25.89898],[-52.31173,-25.89776],[-52.31201,-25.89762],[-52.31361,-25.89886],[-52.31445,-25.90024],[-52.31508,-25.90068],[-52.31543,-25.90076],[-52.31656,-25.90028],[-52.31732,-25.90022],[-52.31728,-25.90109],[-52.31704,-25.90171],[-52.3171,-25.90247],[-52.31849,-25.90323],[-52.31869,-25.90318],[-52.31897,-25.90263],[-52.31952,-25.90277],[-52.32123,-25.90426],[-52.32158,-25.90507],[-52.32217,-25.90559],[-52.32431,-25.90519],[-52.32446,-25.90482],[-52.32441,-25.90432],[-52.32483,-25.9032],[-52.32534,-25.90283],[-52.32605,-25.90314],[-52.32609,-25.90547],[-52.32623,-25.90599],[-52.32656,-25.90642],[-52.32771,-25.90726],[-52.32779,-25.90766],[-52.32423,-25.90867],[-52.32301,-25.90877],[-52.32198,-25.90922],[-52.32059,-25.90954],[-52.31863,-25.90949],[-52.31875,-25.91079],[-52.31976,-25.91371],[-52.3197,-25.91406],[-52.31912,-25.91495],[-52.31902,-25.91566],[-52.31917,-25.91619],[-52.32012,-25.91677],[-52.32063,-25.91751],[-52.32095,-25.91848],[-52.32156,-25.91906],[-52.32282,-25.91909],[-52.32447,-25.9203],[-52.32499,-25.92017],[-52.32522,-25.91987],[-52.32581,-25.91703],[-52.32552,-25.91573],[-52.32629,-25.91524],[-52.32441,-25.91395],[-52.32467,-25.91367],[-52.3251,-25.91358],[-52.32802,-25.91349],[-52.32898,-25.91413],[-52.3299,-25.9142],[-52.33046,-25.91441],[-52.33029,-25.91517],[-52.33037,-25.91543],[-52.33147,-25.91589],[-52.33255,-25.91583],[-52.33249,-25.91685],[-52.33372,-25.91741],[-52.33389,-25.91768],[-52.33384,-25.91865],[-52.33343,-25.91859],[-52.33323,-25.91795],[-52.33296,-25.91797],[-52.33127,-25.91998],[-52.33064,-25.92048],[-52.33096,-25.92151],[-52.33188,-25.92202],[-52.33267,-25.92206],[-52.33282,-25.92232],[-52.33279,-25.92268],[-52.33232,-25.92345],[-52.33161,-25.92418],[-52.33136,-25.92483],[-52.33049,-25.92614],[-52.32841,-25.92785],[-52.3271,-25.92983],[-52.32682,-25.93083],[-52.32665,-25.93259],[-52.32713,-25.9336],[-52.32699,-25.93738],[-52.3267,-25.9387],[-52.32606,-25.9391],[-52.32549,-25.93972],[-52.32308,-25.94317],[-52.32229,-25.9438],[-52.32003,-25.94443],[-52.31924,-25.94539],[-52.31882,-25.94676],[-52.31918,-25.94723],[-52.31882,-25.95086],[-52.31803,-25.95462],[-52.31769,-25.95522],[-52.31782,-25.95654],[-52.31764,-25.95747],[-52.31607,-25.95903],[-52.3154,-25.95993],[-52.31491,-25.96119],[-52.3147,-25.96221],[-52.31459,-25.96431],[-52.31325,-25.96641],[-52.31202,-25.96919],[-52.31196,-25.97085],[-52.31264,-25.97343],[-52.31423,-25.97783],[-52.31653,-25.98176],[-52.32011,-25.98881],[-52.32052,-25.98861],[-52.32142,-25.98719],[-52.32309,-25.98625],[-52.3242,-25.98625],[-52.3254,-25.98651],[-52.32703,-25.98727],[-52.32805,-25.98753],[-52.33085,-25.98772],[-52.33265,-25.98774],[-52.33321,-25.98755],[-52.33385,-25.98708],[-52.33685,-25.98685],[-52.33863,-25.98638],[-52.34103,-25.98694],[-52.34238,-25.98677],[-52.34279,-25.98692],[-52.34286,-25.98741],[-52.34325,-25.98765],[-52.34459,-25.98764],[-52.34554,-25.9886],[-52.34729,-25.98922],[-52.348,-25.98979],[-52.35014,-25.99021],[-52.35178,-25.99116],[-52.35294,-25.99145],[-52.35416,-25.99231],[-52.35406,-25.99262],[-52.35416,-25.993],[-52.35583,-25.99497],[-52.35625,-25.99513],[-52.35807,-25.99539],[-52.3639,-25.99433],[-52.36537,-25.99444],[-52.371,-25.99953],[-52.3861,-26.00395],[-52.38838,-26.00325],[-52.40002,-25.99891],[-52.40033,-25.99529],[-52.4004,-25.99126],[-52.40124,-25.98675],[-52.40259,-25.98226],[-52.40564,-25.9783],[-52.41133,-25.96547],[-52.41304,-25.96534],[-52.41454,-25.93804],[-52.41174,-25.93392],[-52.40657,-25.92756],[-52.40507,-25.92537],[-52.40232,-25.92087],[-52.40133,-25.91872],[-52.39395,-25.90929],[-52.38507,-25.90286],[-52.38172,-25.89927],[-52.36082,-25.89809],[-52.36152,-25.88742],[-52.3592,-25.88553],[-52.35544,-25.88181],[-52.34832,-25.87539],[-52.34732,-25.87189],[-52.34472,-25.8686],[-52.3372,-25.86565],[-52.33719,-25.86517],[-52.33603,-25.86512],[-52.33146,-25.86178],[-52.32633,-25.85903],[-52.32508,-25.85862],[-52.31899,-25.85519],[-52.31529,-25.84574],[-52.31437,-25.84268],[-52.31305,-25.8428],[-52.30305,-25.84218],[-52.30228,-25.83621],[-52.30244,-25.83452],[-52.30232,-25.83368],[-52.3022,-25.83325],[-52.30182,-25.83288],[-52.29593,-25.82028],[-52.29237,-25.80312],[-52.28806,-25.79872],[-52.2864,-25.79762],[-52.28217,-25.796]]]}},{"type":"Feature","properties":{"nome":"TI Porto Lindo","etapa":"Regularizada","area_ha":1670.57},"geometry":{"type":"Polygon","coordinates":[[[-54.5542,-23.79217],[-54.56258,-23.79404],[-54.56499,-23.79366],[-54.56652,-23.79361],[-54.56827,-23.79397],[-54.57064,-23.79398],[-54.57254,-23.79439],[-54.57467,-23.79463],[-54.57662,-23.79516],[-54.57745,-23.79554],[-54.57951,-23.79722],[-54.58029,-23.79799],[-54.58377,-23.80274],[-54.58554,-23.80402],[-54.58777,-23.80625],[-54.58871,-23.80695],[-54.58981,-23.8075],[-54.59156,-23.80773],[-54.59632,-23.8074],[-54.59833,-23.80759],[-54.60264,-23.80929],[-54.61572,-23.76597],[-54.61402,-23.7661],[-54.61338,-23.76646],[-54.60103,-23.76955],[-54.5959,-23.7703],[-54.5935,-23.77147],[-54.58436,-23.77379],[-54.57452,-23.77505],[-54.55837,-23.7786],[-54.55595,-23.77927],[-54.5557,-23.77953],[-54.55295,-23.79064],[-54.55335,-23.79092],[-54.55377,-23.79193],[-54.5542,-23.79217]]]}},{"type":"Feature","properties":{"nome":"TI Tekohá Añetete","etapa":"Regularizada","area_ha":1749.77},"geometry":{"type":"Polygon","coordinates":[[[-54.02727,-25.03476],[-54.07268,-25.03507],[-54.07336,-25.03469],[-54.07384,-25.03401],[-54.07443,-25.0338],[-54.0745,-25.03364],[-54.07428,-25.03303],[-54.07326,-25.03156],[-54.07208,-25.03017],[-54.07204,-25.02979],[-54.07237,-25.02939],[-54.07452,-25.02936],[-54.07563,-25.02947],[-54.0768,-25.02985],[-54.07729,-25.02979],[-54.07775,-25.02937],[-54.07899,-25.02947],[-54.08111,-25.03079],[-54.08241,-25.03128],[-54.08316,-25.03115],[-54.08393,-25.03065],[-54.08424,-25.03024],[-54.0843,-25.02982],[-54.08412,-25.02898],[-54.08357,-25.02804],[-54.08343,-25.02747],[-54.08426,-25.02663],[-54.08552,-25.0245],[-54.08634,-25.02348],[-54.08739,-25.02291],[-54.09187,-25.02215],[-54.09289,-25.02156],[-54.09407,-25.02054],[-54.09403,-25.01992],[-54.09319,-25.01902],[-54.09201,-25.01666],[-54.09142,-25.0161],[-54.0907,-25.01589],[-54.09032,-25.01556],[-54.08999,-25.01414],[-54.09034,-25.01326],[-54.09086,-25.01293],[-54.09178,-25.01272],[-54.09746,-25.01301],[-54.1002,-25.01262],[-54.10064,-25.01277],[-54.10108,-25.01446],[-54.10137,-25.01484],[-54.10158,-25.01485],[-54.10234,-25.01429],[-54.10266,-25.01369],[-54.10275,-25.01253],[-54.1025,-25.01195],[-54.10278,-25.01105],[-54.10254,-25.00948],[-54.10262,-25.00918],[-54.10344,-25.00904],[-54.10493,-25.00927],[-54.10588,-25.00973],[-54.10708,-25.00955],[-54.10757,-25.00926],[-54.10824,-25.0074],[-54.10825,-25.00671],[-54.10651,-25.00581],[-54.10541,-25.00477],[-54.10385,-25.00467],[-54.10254,-25.00494],[-54.1019,-25.00528],[-54.10086,-25.00635],[-54.09821,-25.00803],[-54.09742,-25.00828],[-54.09677,-25.00827],[-54.09584,-25.00795],[-54.09523,-25.00711],[-54.09449,-25.0049],[-54.09352,-25.00275],[-54.09314,-25.00131],[-54.09268,-25.00048],[-54.08987,-24.99785],[-54.08952,-24.99736],[-54.08896,-24.99591],[-54.08778,-24.99544],[-54.08738,-24.9948],[-54.08679,-24.99431],[-54.08685,-24.99402],[-54.08654,-24.99357],[-54.08566,-24.99273],[-54.08513,-24.99256],[-54.08301,-24.99265],[-54.08248,-24.99306],[-54.08184,-24.99392],[-54.08036,-24.99431],[-54.07799,-24.99549],[-54.07782,-24.99574],[-54.07782,-24.99659],[-54.07817,-24.99751],[-54.07866,-24.99815],[-54.07878,-24.99867],[-54.07873,-24.99976],[-54.07841,-25.00056],[-54.07761,-25.00106],[-54.07621,-25.00153],[-54.07584,-25.00264],[-54.07385,-25.00383],[-54.07307,-25.00375],[-54.07224,-25.00328],[-54.06998,-25.00082],[-54.06873,-25.00013],[-54.06843,-24.99929],[-54.0683,-24.99927],[-54.06274,-25.01558],[-54.06202,-25.01651],[-54.0613,-25.01784],[-54.06052,-25.0184],[-54.05864,-25.01922],[-54.05827,-25.01918],[-54.03997,-25.01453],[-54.03939,-25.01566],[-54.03792,-25.01648],[-54.0376,-25.01742],[-54.03718,-25.01748],[-54.03678,-25.01709],[-54.0352,-25.01729],[-54.03309,-25.01715],[-54.03242,-25.01741],[-54.03113,-25.01912],[-54.02932,-25.01999],[-54.02924,-25.02019],[-54.03014,-25.02203],[-54.03031,-25.02305],[-54.03081,-25.02356],[-54.03224,-25.02426],[-54.03245,-25.02464],[-54.03245,-25.02506],[-54.03198,-25.02626],[-54.03056,-25.02746],[-54.02982,-25.02849],[-54.02999,-25.02899],[-54.03068,-25.02968],[-54.0307,-25.0306],[-54.03028,-25.03086],[-54.03,-25.0308],[-54.02982,-25.03054],[-54.02942,-25.03046],[-54.02934,-25.03091],[-54.02976,-25.03142],[-54.02937,-25.03231],[-54.02905,-25.03236],[-54.0283,-25.03179],[-54.02798,-25.0318],[-54.02923,-25.03297],[-54.02931,-25.03346],[-54.02906,-25.03373],[-54.02732,-25.03461],[-54.02727,-25.03476]]]}},{"type":"Feature","properties":{"nome":"TI Taquara","etapa":"Declarada","area_ha":9693.59},"geometry":{"type":"Polygon","coordinates":[[[-54.62254,-22.81207],[-54.62362,-22.81186],[-54.62377,-22.81209],[-54.62288,-22.81357],[-54.62311,-22.8139],[-54.6236,-22.81353],[-54.62459,-22.8132],[-54.6249,-22.81333],[-54.62488,-22.81375],[-54.62508,-22.81395],[-54.62678,-22.81294],[-54.62708,-22.81324],[-54.62677,-22.81538],[-54.62768,-22.81409],[-54.62829,-22.81415],[-54.62814,-22.81496],[-54.62821,-22.8159],[-54.62859,-22.81646],[-54.628,-22.8167],[-54.62825,-22.8175],[-54.62887,-22.81742],[-54.62901,-22.81771],[-54.62895,-22.81798],[-54.62854,-22.81804],[-54.62837,-22.81839],[-54.62883,-22.8184],[-54.6293,-22.81795],[-54.6296,-22.81833],[-54.62969,-22.81825],[-54.62944,-22.81786],[-54.63006,-22.81739],[-54.63061,-22.81621],[-54.631,-22.81618],[-54.63138,-22.8166],[-54.63173,-22.81702],[-54.63129,-22.81846],[-54.63063,-22.81904],[-54.63078,-22.8195],[-54.63104,-22.81946],[-54.63157,-22.81892],[-54.63185,-22.81895],[-54.63213,-22.81946],[-54.63206,-22.8198],[-54.63163,-22.82006],[-54.63129,-22.82106],[-54.63139,-22.82123],[-54.63178,-22.82126],[-54.63186,-22.82089],[-54.63365,-22.82096],[-54.63466,-22.82144],[-54.63553,-22.82133],[-54.6356,-22.82163],[-54.63502,-22.82198],[-54.63504,-22.82277],[-54.6355,-22.82335],[-54.63583,-22.82458],[-54.6358,-22.82585],[-54.63648,-22.82592],[-54.6363,-22.8274],[-54.63696,-22.82691],[-54.63707,-22.82656],[-54.63834,-22.82638],[-54.63878,-22.82599],[-54.63966,-22.8246],[-54.64014,-22.82458],[-54.64096,-22.82387],[-54.64113,-22.8227],[-54.64165,-22.82238],[-54.64279,-22.82274],[-54.64348,-22.8226],[-54.64455,-22.82167],[-54.64471,-22.82152],[-54.64425,-22.82109],[-54.64406,-22.81985],[-54.6446,-22.82017],[-54.6453,-22.81968],[-54.64708,-22.81893],[-54.64791,-22.81918],[-54.64793,-22.81772],[-54.64873,-22.81687],[-54.64742,-22.81644],[-54.64774,-22.81604],[-54.64829,-22.81602],[-54.64801,-22.81495],[-54.64855,-22.81442],[-54.64896,-22.81449],[-54.64975,-22.81421],[-54.64964,-22.81374],[-54.64929,-22.81351],[-54.64939,-22.81323],[-54.65072,-22.81359],[-54.65069,-22.81292],[-54.65031,-22.81219],[-54.65046,-22.81185],[-54.65116,-22.81199],[-54.65134,-22.8118],[-54.65182,-22.81246],[-54.65193,-22.81005],[-54.65416,-22.80966],[-54.65398,-22.80897],[-54.65422,-22.80856],[-54.65333,-22.80743],[-54.65401,-22.80739],[-54.65434,-22.8072],[-54.65425,-22.8077],[-54.65478,-22.80779],[-54.65461,-22.80712],[-54.65473,-22.80672],[-54.65353,-22.8054],[-54.65475,-22.80588],[-54.65464,-22.80556],[-54.65502,-22.80507],[-54.6549,-22.80472],[-54.65419,-22.80458],[-54.65508,-22.80292],[-54.65605,-22.80249],[-54.65546,-22.80167],[-54.65484,-22.80169],[-54.65485,-22.80227],[-54.65433,-22.80217],[-54.65425,-22.80161],[-54.65464,-22.80119],[-54.65454,-22.80073],[-54.65402,-22.80095],[-54.65398,-22.80056],[-54.65448,-22.79991],[-54.65397,-22.7996],[-54.65471,-22.79885],[-54.65427,-22.79812],[-54.65395,-22.79804],[-54.65373,-22.79745],[-54.65422,-22.79765],[-54.65485,-22.79763],[-54.65449,-22.79671],[-54.65509,-22.79676],[-54.65527,-22.79643],[-54.65469,-22.79594],[-54.65542,-22.79574],[-54.65563,-22.79552],[-54.65563,-22.79516],[-54.65524,-22.79528],[-54.65526,-22.79458],[-54.65497,-22.79443],[-54.65474,-22.79482],[-54.65441,-22.79458],[-54.65552,-22.79319],[-54.65551,-22.79304],[-54.65527,-22.79301],[-54.65597,-22.79277],[-54.65627,-22.79246],[-54.65618,-22.79217],[-54.65594,-22.79225],[-54.65572,-22.79183],[-54.65544,-22.79195],[-54.65501,-22.79125],[-54.6551,-22.78978],[-54.65555,-22.7894],[-54.65533,-22.78899],[-54.65478,-22.7885],[-54.65516,-22.78847],[-54.65544,-22.78777],[-54.65606,-22.78771],[-54.65609,-22.78742],[-54.65513,-22.78713],[-54.65601,-22.78661],[-54.65495,-22.78574],[-54.65546,-22.78512],[-54.65522,-22.78396],[-54.65538,-22.78381],[-54.65624,-22.78383],[-54.65631,-22.78325],[-54.65684,-22.78281],[-54.65652,-22.78206],[-54.65545,-22.78167],[-54.65614,-22.78085],[-54.6568,-22.78074],[-54.65679,-22.78005],[-54.65724,-22.77993],[-54.65712,-22.77945],[-54.65657,-22.77867],[-54.65755,-22.77876],[-54.65775,-22.77855],[-54.65799,-22.77619],[-54.65833,-22.77601],[-54.6577,-22.77552],[-54.65779,-22.77537],[-54.65819,-22.77543],[-54.65905,-22.7752],[-54.65931,-22.77531],[-54.65975,-22.77464],[-54.65944,-22.77349],[-54.65857,-22.77355],[-54.65851,-22.77308],[-54.65912,-22.77284],[-54.65939,-22.77245],[-54.65908,-22.77183],[-54.65934,-22.77104],[-54.65899,-22.76772],[-54.6586,-22.76721],[-54.6585,-22.76666],[-54.6588,-22.7654],[-54.65871,-22.76481],[-54.6578,-22.76473],[-54.65773,-22.76444],[-54.6577,-22.76395],[-54.65841,-22.76235],[-54.65716,-22.76152],[-54.65742,-22.76125],[-54.65813,-22.76107],[-54.65854,-22.76075],[-54.65871,-22.75968],[-54.65855,-22.75896],[-54.6585,-22.75421],[-54.65778,-22.75317],[-54.65829,-22.75039],[-54.65645,-22.74703],[-54.65625,-22.74594],[-54.65552,-22.7449],[-54.65539,-22.74345],[-54.65569,-22.7408],[-54.65436,-22.73922],[-54.65419,-22.73791],[-54.65345,-22.73559],[-54.65277,-22.73538],[-54.65284,-22.73432],[-54.65172,-22.73313],[-54.65169,-22.73174],[-54.65131,-22.73051],[-54.64996,-22.72868],[-54.64988,-22.72764],[-54.65069,-22.72712],[-54.65015,-22.72614],[-54.65033,-22.72461],[-54.65138,-22.72413],[-54.64941,-22.72272],[-54.65006,-22.72189],[-54.65046,-22.71871],[-54.65143,-22.71632],[-54.6506,-22.71514],[-54.65162,-22.71452],[-54.65118,-22.71339],[-54.6516,-22.71169],[-54.65249,-22.71099],[-54.65217,-22.70972],[-54.65303,-22.70881],[-54.65323,-22.7072],[-54.65404,-22.7065],[-54.65464,-22.70416],[-54.65567,-22.70333],[-54.65464,-22.70153],[-54.65486,-22.70045],[-54.65551,-22.69982],[-54.65566,-22.69891],[-54.65564,-22.69712],[-54.65526,-22.69585],[-54.65598,-22.69481],[-54.65612,-22.69382],[-54.65547,-22.69246],[-54.65493,-22.69219],[-54.6535,-22.69096],[-54.6533,-22.68977],[-54.65227,-22.68938],[-54.65188,-22.6878],[-54.6519,-22.68737],[-54.65141,-22.68714],[-54.65098,-22.68612],[-54.65047,-22.68601],[-54.65035,-22.68558],[-54.6501,-22.68577],[-54.64941,-22.68537],[-54.64949,-22.68499],[-54.64907,-22.68471],[-54.64915,-22.68447],[-54.6488,-22.68426],[-54.64816,-22.68274],[-54.64761,-22.68229],[-54.64741,-22.68104],[-54.64699,-22.68068],[-54.64684,-22.67936],[-54.647,-22.67915],[-54.64642,-22.67849],[-54.64654,-22.67827],[-54.64613,-22.6769],[-54.64585,-22.67672],[-54.6457,-22.67599],[-54.6461,-22.67565],[-54.64575,-22.67525],[-54.64586,-22.6749],[-54.64565,-22.67423],[-54.64565,-22.67357],[-54.63321,-22.67074],[-54.63107,-22.67277],[-54.60093,-22.66467],[-54.59957,-22.66726],[-54.59919,-22.66728],[-54.59749,-22.66828],[-54.59603,-22.6694],[-54.59512,-22.66962],[-54.59468,-22.67022],[-54.59444,-22.67009],[-54.59394,-22.67086],[-54.5929,-22.67106],[-54.59253,-22.67174],[-54.59217,-22.67183],[-54.59206,-22.67171],[-54.59177,-22.67186],[-54.59132,-22.67262],[-54.59025,-22.67318],[-54.58961,-22.67458],[-54.58886,-22.67489],[-54.58802,-22.67562],[-54.58804,-22.67592],[-54.58733,-22.67631],[-54.58703,-22.67737],[-54.58619,-22.67738],[-54.58632,-22.67795],[-54.58611,-22.67858],[-54.58327,-22.68071],[-54.58335,-22.68135],[-54.58307,-22.68197],[-54.58156,-22.68357],[-54.58156,-22.68446],[-54.58128,-22.68473],[-54.58207,-22.68512],[-54.58119,-22.68539],[-54.58118,-22.68656],[-54.58184,-22.68629],[-54.58285,-22.68634],[-54.58235,-22.68726],[-54.58309,-22.68775],[-54.58281,-22.68829],[-54.58336,-22.68866],[-54.58356,-22.68998],[-54.58304,-22.69167],[-54.58349,-22.6916],[-54.58317,-22.69233],[-54.58392,-22.69368],[-54.58416,-22.69469],[-54.5841,-22.69722],[-54.58537,-22.69652],[-54.58624,-22.69684],[-54.58421,-22.69806],[-54.58473,-22.69876],[-54.58438,-22.69927],[-54.58387,-22.7027],[-54.58345,-22.70311],[-54.58253,-22.70645],[-54.5829,-22.7064],[-54.58342,-22.70728],[-54.58291,-22.70857],[-54.58322,-22.7107],[-54.58387,-22.71113],[-54.58342,-22.71135],[-54.58333,-22.71219],[-54.5824,-22.71306],[-54.58316,-22.71356],[-54.58395,-22.71379],[-54.58382,-22.71526],[-54.58472,-22.71568],[-54.58487,-22.71628],[-54.58437,-22.71643],[-54.58527,-22.7173],[-54.58509,-22.71772],[-54.5846,-22.71795],[-54.58475,-22.71831],[-54.58472,-22.72006],[-54.58491,-22.7209],[-54.58434,-22.72153],[-54.58424,-22.7241],[-54.58446,-22.72465],[-54.58518,-22.72507],[-54.5859,-22.72508],[-54.58637,-22.72583],[-54.58642,-22.72675],[-54.58685,-22.72739],[-54.58662,-22.72803],[-54.58772,-22.7296],[-54.58744,-22.73028],[-54.58794,-22.73206],[-54.58825,-22.73226],[-54.58931,-22.73183],[-54.5893,-22.73261],[-54.5897,-22.73315],[-54.59017,-22.73446],[-54.59117,-22.7348],[-54.59047,-22.73522],[-54.59029,-22.73607],[-54.59069,-22.73602],[-54.59126,-22.73625],[-54.59205,-22.73704],[-54.59189,-22.73762],[-54.591,-22.73825],[-54.59123,-22.73861],[-54.59225,-22.73897],[-54.59237,-22.73936],[-54.59345,-22.74018],[-54.59298,-22.74088],[-54.59277,-22.74094],[-54.59276,-22.74135],[-54.59229,-22.74159],[-54.59273,-22.74165],[-54.59313,-22.74201],[-54.59339,-22.74307],[-54.59407,-22.74372],[-54.59376,-22.74406],[-54.59342,-22.74393],[-54.59343,-22.74436],[-54.59294,-22.74525],[-54.59315,-22.7458],[-54.59352,-22.74618],[-54.59588,-22.74597],[-54.59625,-22.74655],[-54.59604,-22.74694],[-54.59694,-22.74753],[-54.59638,-22.74826],[-54.5956,-22.74841],[-54.59607,-22.74885],[-54.59733,-22.74883],[-54.59743,-22.74963],[-54.59727,-22.75004],[-54.59657,-22.75025],[-54.59584,-22.75088],[-54.59593,-22.75123],[-54.59616,-22.75137],[-54.59649,-22.75119],[-54.59697,-22.75204],[-54.59712,-22.75273],[-54.59674,-22.75302],[-54.59726,-22.7531],[-54.59692,-22.75361],[-54.59646,-22.75378],[-54.59601,-22.75463],[-54.5987,-22.75672],[-54.59828,-22.75697],[-54.59844,-22.7572],[-54.59903,-22.75695],[-54.59962,-22.75696],[-54.59977,-22.7574],[-54.59944,-22.75802],[-54.59924,-22.75806],[-54.5994,-22.75865],[-54.59929,-22.75919],[-54.59982,-22.75973],[-54.60038,-22.75937],[-54.60071,-22.75946],[-54.60082,-22.76072],[-54.60056,-22.76099],[-54.60186,-22.76204],[-54.60231,-22.76208],[-54.60233,-22.76286],[-54.60302,-22.76258],[-54.60331,-22.76318],[-54.6041,-22.76356],[-54.60418,-22.76415],[-54.60367,-22.76448],[-54.60376,-22.76474],[-54.60352,-22.76532],[-54.60403,-22.76567],[-54.60434,-22.76611],[-54.60554,-22.76695],[-54.60572,-22.76735],[-54.60549,-22.76764],[-54.60489,-22.7677],[-54.60432,-22.76816],[-54.60395,-22.76749],[-54.60335,-22.76754],[-54.60303,-22.76782],[-54.603,-22.7683],[-54.60351,-22.76886],[-54.60397,-22.7701],[-54.60548,-22.76984],[-54.60545,-22.77038],[-54.6057,-22.77063],[-54.60629,-22.77058],[-54.60674,-22.77118],[-54.60563,-22.77164],[-54.60631,-22.77213],[-54.60651,-22.77257],[-54.60571,-22.77358],[-54.60646,-22.774],[-54.6066,-22.77447],[-54.60748,-22.77451],[-54.60702,-22.77541],[-54.60643,-22.77582],[-54.60649,-22.77633],[-54.60731,-22.77649],[-54.60708,-22.77776],[-54.60644,-22.77761],[-54.60545,-22.7785],[-54.60556,-22.77873],[-54.60626,-22.77863],[-54.60663,-22.77961],[-54.60574,-22.77997],[-54.60564,-22.78014],[-54.60606,-22.78003],[-54.60663,-22.78041],[-54.60651,-22.78089],[-54.60661,-22.78173],[-54.60644,-22.7822],[-54.60704,-22.78197],[-54.60741,-22.78303],[-54.60829,-22.78337],[-54.60819,-22.78412],[-54.60847,-22.78476],[-54.60789,-22.78624],[-54.60719,-22.78684],[-54.60629,-22.78654],[-54.60594,-22.7869],[-54.60635,-22.78762],[-54.60812,-22.7873],[-54.60853,-22.78749],[-54.60849,-22.78792],[-54.60732,-22.78815],[-54.60724,-22.78826],[-54.60754,-22.78871],[-54.60694,-22.78903],[-54.60565,-22.78872],[-54.60596,-22.78987],[-54.60645,-22.79076],[-54.60703,-22.7911],[-54.60748,-22.79066],[-54.60831,-22.79108],[-54.60751,-22.79238],[-54.60827,-22.79247],[-54.60819,-22.79344],[-54.60788,-22.79378],[-54.60789,-22.79402],[-54.60834,-22.79451],[-54.60837,-22.79389],[-54.60872,-22.79297],[-54.6093,-22.79269],[-54.6089,-22.79386],[-54.60919,-22.79426],[-54.61011,-22.7944],[-54.61017,-22.79603],[-54.61047,-22.79689],[-54.61105,-22.79713],[-54.61009,-22.79856],[-54.61186,-22.79876],[-54.61188,-22.79855],[-54.61149,-22.79828],[-54.61162,-22.79797],[-54.61223,-22.79811],[-54.61331,-22.79769],[-54.61353,-22.79792],[-54.61323,-22.79874],[-54.61392,-22.79906],[-54.61441,-22.79964],[-54.61287,-22.80055],[-54.61327,-22.80059],[-54.61309,-22.80158],[-54.61364,-22.80254],[-54.61284,-22.8032],[-54.61227,-22.80418],[-54.61345,-22.80408],[-54.61291,-22.80548],[-54.61339,-22.80585],[-54.61469,-22.80502],[-54.61536,-22.80576],[-54.61503,-22.80595],[-54.61483,-22.80582],[-54.61467,-22.80601],[-54.61543,-22.80697],[-54.61548,-22.80732],[-54.61503,-22.8075],[-54.61504,-22.80776],[-54.61638,-22.80945],[-54.61536,-22.80942],[-54.61512,-22.80963],[-54.61517,-22.81021],[-54.61566,-22.81036],[-54.61728,-22.80949],[-54.61773,-22.80973],[-54.61847,-22.80967],[-54.61922,-22.81009],[-54.61997,-22.81002],[-54.62041,-22.80977],[-54.62016,-22.80924],[-54.62052,-22.80871],[-54.62124,-22.8088],[-54.62185,-22.80866],[-54.6221,-22.80886],[-54.62206,-22.80906],[-54.62185,-22.80929],[-54.62116,-22.80954],[-54.62112,-22.80975],[-54.62149,-22.81063],[-54.62166,-22.81065],[-54.62222,-22.80963],[-54.62257,-22.80967],[-54.62257,-22.81042],[-54.62237,-22.81096],[-54.62254,-22.81207]]]}}]}