{"type":"FeatureCollection","fonte":"MMA · Cadastro Nacional de Unidades de Conservação (CNUC), polígonos 2025-08","geradoEm":"2026-09-13","features":[{"type":"Feature","properties":{"cnuc":"0000.41.0529","nome":"PARQUE ESTADUAL DA ILHA DO MEL","categoria":"Parque","grupo":"Proteção Integral","esfera":"Estadual","area_ha":394.72,"criacao":"22-03-2002","gestor":"INSTITUTO AMBIENTAL DO PARANÁ - PR","uf":"PARANÁ","plano_manejo":"Sem informação"},"geometry":{"type":"Polygon","coordinates":[[[-48.29885,-25.555],[-48.2986,-25.55611],[-48.3007,-25.55862],[-48.3017,-25.56117],[-48.30171,-25.56162],[-48.30159,-25.56297],[-48.30105,-25.56422],[-48.30017,-25.56462],[-48.29914,-25.5656],[-48.29825,-25.566],[-48.29813,-25.56644],[-48.29827,-25.56687],[-48.29887,-25.56759],[-48.2988,-25.56804],[-48.29929,-25.56812],[-48.29971,-25.56789],[-48.30063,-25.56683],[-48.30107,-25.56662],[-48.30303,-25.56639],[-48.30643,-25.56827],[-48.30748,-25.56921],[-48.30859,-25.57172],[-48.30916,-25.57245],[-48.31016,-25.57451],[-48.31326,-25.57676],[-48.31413,-25.57718],[-48.31463,-25.57712],[-48.31501,-25.57683],[-48.31478,-25.5755],[-48.31601,-25.57474],[-48.31796,-25.57442],[-48.31835,-25.5747],[-48.31848,-25.57513],[-48.31946,-25.57519],[-48.31991,-25.57539],[-48.31981,-25.57449],[-48.32039,-25.57377],[-48.32031,-25.57332],[-48.31989,-25.57293],[-48.31678,-25.57266],[-48.31567,-25.57305],[-48.31479,-25.57378],[-48.3142,-25.57381],[-48.31252,-25.57327],[-48.31133,-25.57328],[-48.31076,-25.57312],[-48.31046,-25.57265],[-48.30944,-25.56954],[-48.30969,-25.56905],[-48.31025,-25.56886],[-48.312,-25.56918],[-48.31259,-25.56914],[-48.3131,-25.56886],[-48.31337,-25.56781],[-48.31314,-25.56731],[-48.31325,-25.56677],[-48.31367,-25.56639],[-48.31473,-25.5659],[-48.31698,-25.56519],[-48.31747,-25.56488],[-48.31832,-25.56465],[-48.31905,-25.56485],[-48.3195,-25.564],[-48.31945,-25.5631],[-48.31877,-25.56191],[-48.31588,-25.56015],[-48.31353,-25.55849],[-48.31123,-25.55613],[-48.30977,-25.55377],[-48.30835,-25.55251],[-48.30699,-25.55011],[-48.30622,-25.54796],[-48.30592,-25.54618],[-48.30542,-25.5449],[-48.29787,-25.54531],[-48.29721,-25.54516],[-48.29501,-25.54591],[-48.29401,-25.54588],[-48.29381,-25.54563],[-48.29379,-25.54505],[-48.2946,-25.53989],[-48.29247,-25.53873],[-48.29149,-25.53863],[-48.29055,-25.53891],[-48.28976,-25.53946],[-48.2895,-25.53984],[-48.28961,-25.54028],[-48.28988,-25.54066],[-48.29108,-25.54146],[-48.29168,-25.54218],[-48.29183,-25.54352],[-48.29143,-25.54481],[-48.29116,-25.54519],[-48.29035,-25.54571],[-48.29032,-25.54706],[-48.29053,-25.54746],[-48.29165,-25.54836],[-48.29214,-25.54839],[-48.29355,-25.54798],[-48.296,-25.54968],[-48.29789,-25.54823],[-48.30091,-25.55437],[-48.29885,-25.555]]]}},{"type":"Feature","properties":{"cnuc":"0000.41.0516","nome":"ESTAÇÃO ECOLÓGICA FERNANDES PINHEIRO","categoria":"Estação Ecológica","grupo":"Proteção Integral","esfera":"Estadual","area_ha":513.12,"criacao":"06-06-2001","gestor":"INSTITUTO AMBIENTAL DO PARANÁ - PR","uf":"PARANÁ","plano_manejo":"Sem informação"},"geometry":{"type":"Polygon","coordinates":[[[-50.58521,-25.40529],[-50.57985,-25.41043],[-50.57371,-25.41451],[-50.57452,-25.41522],[-50.58389,-25.433],[-50.58378,-25.43959],[-50.58534,-25.43997],[-50.58628,-25.44079],[-50.58692,-25.44087],[-50.58851,-25.44145],[-50.5887,-25.44171],[-50.59776,-25.42124],[-50.59845,-25.41777],[-50.58521,-25.40529]]]}},{"type":"Feature","properties":{"cnuc":"0000.41.0517","nome":"FLORESTA ESTADUAL CÓRREGO DA BIQUINHA","categoria":"Floresta","grupo":"Uso Sustentável","esfera":"Estadual","area_ha":36.95,"criacao":"21-11-1994","gestor":"INSTITUTO AMBIENTAL DO PARANÁ - PR","uf":"PARANÁ","plano_manejo":"Sem informação"},"geometry":{"type":"Polygon","coordinates":[[[-50.68581,-24.59263],[-50.6872,-24.59102],[-50.68742,-24.59044],[-50.68689,-24.59032],[-50.68343,-24.58764],[-50.68147,-24.58685],[-50.68067,-24.58604],[-50.67961,-24.58448],[-50.67841,-24.58368],[-50.67869,-24.58594],[-50.67834,-24.58956],[-50.67843,-24.58973],[-50.67885,-24.59012],[-50.67959,-24.59021],[-50.6799,-24.59074],[-50.68055,-24.59075],[-50.68178,-24.59107],[-50.68442,-24.59106],[-50.68517,-24.59185],[-50.68516,-24.59229],[-50.68581,-24.59263]]]}},{"type":"Feature","properties":{"cnuc":"0000.41.0538","nome":"FLORESTA ESTADUAL DO PASSA DOIS","categoria":"Floresta","grupo":"Uso Sustentável","esfera":"Estadual","area_ha":252.81,"criacao":"23-02-1990","gestor":"INSTITUTO AMBIENTAL DO PARANÁ - PR","uf":"PARANÁ","plano_manejo":"Sem informação"},"geometry":{"type":"MultiPolygon","coordinates":[[[[-49.80643,-25.76336],[-49.79708,-25.76221],[-49.79762,-25.76694],[-49.79905,-25.76756],[-49.80046,-25.7691],[-49.80145,-25.77155],[-49.80078,-25.77146],[-49.8011,-25.77307],[-49.80201,-25.7746],[-49.80834,-25.77389],[-49.80795,-25.77922],[-49.81014,-25.77984],[-49.8124,-25.77285],[-49.81055,-25.77215],[-49.80888,-25.77084],[-49.80907,-25.76841],[-49.8105,-25.76926],[-49.81155,-25.76561],[-49.81249,-25.76447],[-49.81031,-25.76278],[-49.80896,-25.76246],[-49.80855,-25.76185],[-49.80686,-25.76191],[-49.80643,-25.76336]]],[[[-49.81282,-25.7522],[-49.81559,-25.7565],[-49.81496,-25.75728],[-49.81409,-25.75754],[-49.81338,-25.75834],[-49.81406,-25.76103],[-49.81386,-25.76199],[-49.81498,-25.76473],[-49.81521,-25.76362],[-49.81774,-25.76158],[-49.82375,-25.76199],[-49.82274,-25.75649],[-49.82243,-25.75622],[-49.82052,-25.75606],[-49.82003,-25.75552],[-49.8199,-25.75426],[-49.81956,-25.75303],[-49.8182,-25.75216],[-49.8146,-25.75197],[-49.81282,-25.7522]]]]}},{"type":"Feature","properties":{"cnuc":"0000.41.0506","nome":"ÁREA DE PROTEÇÃO AMBIENTAL DO RIO VERDE","categoria":"Área de Proteção Ambiental","grupo":"Uso Sustentável","esfera":"Estadual","area_ha":14811.6,"criacao":"31-07-2000","gestor":"INSTITUTO AMBIENTAL DO PARANÁ - PR","uf":"PARANÁ","plano_manejo":"Sem informação"},"geometry":{"type":"Polygon","coordinates":[[[-49.41796,-25.48474],[-49.41896,-25.48498],[-49.41923,-25.48557],[-49.42008,-25.48659],[-49.42043,-25.48747],[-49.42019,-25.48891],[-49.41966,-25.48971],[-49.4197,-25.48991],[-49.42018,-25.49031],[-49.42002,-25.49193],[-49.42036,-25.49216],[-49.42132,-25.49208],[-49.42238,-25.49267],[-49.42321,-25.49344],[-49.4237,-25.49426],[-49.42413,-25.49577],[-49.42441,-25.49609],[-49.42488,-25.4963],[-49.42698,-25.49615],[-49.42772,-25.49655],[-49.42974,-25.49648],[-49.43133,-25.49669],[-49.43163,-25.49695],[-49.43151,-25.49768],[-49.43191,-25.49851],[-49.43188,-25.49957],[-49.43295,-25.49978],[-49.43404,-25.4995],[-49.43493,-25.50014],[-49.4359,-25.50134],[-49.4369,-25.50183],[-49.43677,-25.50217],[-49.43596,-25.5024],[-49.43566,-25.50267],[-49.4354,-25.50338],[-49.43553,-25.50397],[-49.4361,-25.50473],[-49.4361,-25.50509],[-49.43578,-25.50608],[-49.43473,-25.50755],[-49.4346,-25.50818],[-49.43482,-25.50847],[-49.43682,-25.50924],[-49.43789,-25.50929],[-49.43863,-25.50956],[-49.44071,-25.51045],[-49.44119,-25.51092],[-49.44138,-25.51092],[-49.44152,-25.51067],[-49.4417,-25.50892],[-49.4422,-25.50869],[-49.44284,-25.50871],[-49.44353,-25.50902],[-49.44585,-25.50875],[-49.44885,-25.50912],[-49.44964,-25.50897],[-49.45056,-25.50911],[-49.45146,-25.50874],[-49.45355,-25.50868],[-49.4549,-25.50903],[-49.45496,-25.5097],[-49.45404,-25.51107],[-49.45415,-25.51258],[-49.45463,-25.51287],[-49.45823,-25.51406],[-49.4582,-25.51446],[-49.45741,-25.51557],[-49.45743,-25.51634],[-49.45759,-25.5167],[-49.46031,-25.51799],[-49.46138,-25.51822],[-49.46376,-25.51813],[-49.4654,-25.51904],[-49.46699,-25.51927],[-49.46812,-25.51981],[-49.46907,-25.52086],[-49.47018,-25.52163],[-49.47039,-25.52212],[-49.47022,-25.52395],[-49.47098,-25.52495],[-49.47094,-25.52538],[-49.47023,-25.52596],[-49.47027,-25.52826],[-49.47005,-25.52975],[-49.47047,-25.53042],[-49.47179,-25.53142],[-49.47174,-25.53234],[-49.47237,-25.5325],[-49.4746,-25.53377],[-49.47528,-25.53456],[-49.47574,-25.53543],[-49.47586,-25.53599],[-49.47744,-25.53661],[-49.47788,-25.5365],[-49.47875,-25.53575],[-49.47917,-25.53572],[-49.48044,-25.53805],[-49.4818,-25.53883],[-49.48326,-25.53914],[-49.48378,-25.5396],[-49.48436,-25.54061],[-49.4856,-25.54144],[-49.48698,-25.5433],[-49.48702,-25.54422],[-49.48715,-25.54434],[-49.48901,-25.54384],[-49.49104,-25.5441],[-49.49208,-25.54395],[-49.493,-25.54353],[-49.49413,-25.54369],[-49.49458,-25.54415],[-49.49489,-25.54525],[-49.49557,-25.5464],[-49.49639,-25.54703],[-49.49825,-25.54718],[-49.49863,-25.54731],[-49.49956,-25.54821],[-49.50078,-25.54832],[-49.50116,-25.54852],[-49.50193,-25.5496],[-49.50207,-25.55008],[-49.50308,-25.55024],[-49.50338,-25.55116],[-49.50412,-25.55222],[-49.50437,-25.55254],[-49.50514,-25.55295],[-49.50628,-25.5531],[-49.50733,-25.55369],[-49.50827,-25.55363],[-49.50899,-25.55437],[-49.50973,-25.55452],[-49.51259,-25.55348],[-49.51443,-25.55231],[-49.51565,-25.54873],[-49.51632,-25.54747],[-49.51705,-25.54675],[-49.51854,-25.54355],[-49.51899,-25.54312],[-49.52042,-25.54284],[-49.52054,-25.54217],[-49.52024,-25.54053],[-49.52045,-25.53876],[-49.52095,-25.53835],[-49.52223,-25.53788],[-49.52275,-25.53752],[-49.52324,-25.53611],[-49.5249,-25.53488],[-49.52511,-25.53432],[-49.52512,-25.5337],[-49.52544,-25.53339],[-49.52737,-25.53304],[-49.52796,-25.53276],[-49.52827,-25.53176],[-49.52851,-25.53004],[-49.53023,-25.52606],[-49.53013,-25.52559],[-49.5284,-25.52473],[-49.52749,-25.52351],[-49.52744,-25.52309],[-49.5276,-25.52284],[-49.52833,-25.52223],[-49.52825,-25.5215],[-49.52876,-25.52034],[-49.52816,-25.51889],[-49.52906,-25.51795],[-49.52924,-25.51616],[-49.52997,-25.51566],[-49.52984,-25.5146],[-49.53026,-25.51442],[-49.5312,-25.51462],[-49.53194,-25.51458],[-49.53257,-25.51482],[-49.53313,-25.51352],[-49.53385,-25.51268],[-49.53289,-25.5111],[-49.53286,-25.51051],[-49.5331,-25.50978],[-49.53177,-25.50765],[-49.53083,-25.50721],[-49.52961,-25.50749],[-49.52878,-25.50738],[-49.52837,-25.50728],[-49.52802,-25.50687],[-49.52786,-25.50504],[-49.52745,-25.50348],[-49.52699,-25.50243],[-49.52638,-25.50187],[-49.527,-25.50095],[-49.52724,-25.5003],[-49.52632,-25.49941],[-49.52605,-25.49869],[-49.52618,-25.49839],[-49.52703,-25.49769],[-49.5274,-25.49701],[-49.52768,-25.4959],[-49.52769,-25.4951],[-49.5266,-25.49469],[-49.52604,-25.49389],[-49.52494,-25.49284],[-49.52476,-25.49217],[-49.52525,-25.49154],[-49.52534,-25.49116],[-49.52471,-25.49052],[-49.52417,-25.48966],[-49.52373,-25.48944],[-49.52333,-25.48874],[-49.52334,-25.48716],[-49.52268,-25.48567],[-49.52284,-25.48506],[-49.52278,-25.48398],[-49.52211,-25.48297],[-49.5212,-25.48243],[-49.52006,-25.48212],[-49.51894,-25.4815],[-49.51695,-25.48002],[-49.51688,-25.47967],[-49.51709,-25.47926],[-49.51825,-25.47903],[-49.51861,-25.47839],[-49.51831,-25.47643],[-49.51836,-25.47493],[-49.5176,-25.47373],[-49.5175,-25.47304],[-49.51797,-25.4725],[-49.51885,-25.47192],[-49.51885,-25.4714],[-49.51852,-25.47034],[-49.51754,-25.46958],[-49.51701,-25.46876],[-49.51459,-25.46722],[-49.51332,-25.46569],[-49.51335,-25.46534],[-49.5141,-25.46455],[-49.51402,-25.46383],[-49.51285,-25.46194],[-49.51152,-25.46093],[-49.51246,-25.45897],[-49.51253,-25.45784],[-49.51222,-25.45454],[-49.51191,-25.45377],[-49.51228,-25.45183],[-49.51219,-25.45102],[-49.51194,-25.45063],[-49.50917,-25.44853],[-49.50758,-25.4476],[-49.50583,-25.44573],[-49.50437,-25.44471],[-49.50309,-25.44413],[-49.50278,-25.44373],[-49.50284,-25.44302],[-49.50336,-25.44206],[-49.50453,-25.44267],[-49.50743,-25.44267],[-49.50887,-25.44244],[-49.50991,-25.44195],[-49.51024,-25.44152],[-49.50849,-25.44074],[-49.50731,-25.43912],[-49.50677,-25.43783],[-49.50672,-25.43678],[-49.50689,-25.43558],[-49.50676,-25.43538],[-49.50609,-25.43526],[-49.50579,-25.43425],[-49.5056,-25.43304],[-49.50566,-25.43228],[-49.5061,-25.43184],[-49.5071,-25.43129],[-49.50754,-25.43045],[-49.50758,-25.42999],[-49.50755,-25.42972],[-49.50673,-25.42871],[-49.50664,-25.428],[-49.5057,-25.42674],[-49.50529,-25.42525],[-49.50534,-25.4227],[-49.50596,-25.41967],[-49.50601,-25.41756],[-49.50448,-25.41633],[-49.50409,-25.41549],[-49.50417,-25.41434],[-49.50338,-25.41324],[-49.50257,-25.41259],[-49.50093,-25.41277],[-49.49989,-25.41211],[-49.49842,-25.41211],[-49.49758,-25.41235],[-49.49706,-25.41202],[-49.49682,-25.41054],[-49.49713,-25.40975],[-49.49684,-25.40849],[-49.49624,-25.4079],[-49.49623,-25.40756],[-49.49655,-25.40708],[-49.49758,-25.4069],[-49.49793,-25.40651],[-49.49814,-25.40561],[-49.49796,-25.40391],[-49.4982,-25.40203],[-49.49746,-25.40188],[-49.49577,-25.40216],[-49.49543,-25.40189],[-49.4953,-25.40151],[-49.4956,-25.40029],[-49.49592,-25.39978],[-49.49578,-25.39941],[-49.49545,-25.39929],[-49.49462,-25.39948],[-49.49405,-25.39908],[-49.49379,-25.39908],[-49.49226,-25.39958],[-49.49073,-25.39816],[-49.4902,-25.39631],[-49.48985,-25.39611],[-49.48879,-25.39614],[-49.48852,-25.39598],[-49.48811,-25.39467],[-49.48645,-25.39338],[-49.4862,-25.39282],[-49.48604,-25.39049],[-49.48552,-25.38936],[-49.48545,-25.38864],[-49.48472,-25.38869],[-49.48367,-25.38842],[-49.48175,-25.38729],[-49.4813,-25.38681],[-49.48029,-25.38641],[-49.47804,-25.38654],[-49.47641,-25.38563],[-49.47497,-25.38593],[-49.47448,-25.38557],[-49.47426,-25.38453],[-49.47375,-25.38354],[-49.4726,-25.38255],[-49.47103,-25.38188],[-49.47074,-25.38155],[-49.47068,-25.38032],[-49.47085,-25.3798],[-49.4704,-25.37799],[-49.4697,-25.37709],[-49.46863,-25.37626],[-49.46829,-25.37612],[-49.4674,-25.37654],[-49.46748,-25.37666],[-49.46686,-25.37657],[-49.46542,-25.37689],[-49.4636,-25.37776],[-49.46141,-25.37761],[-49.45983,-25.37844],[-49.45781,-25.37876],[-49.45671,-25.37935],[-49.45532,-25.37953],[-49.45509,-25.37972],[-49.45513,-25.38028],[-49.45564,-25.3803],[-49.45605,-25.38068],[-49.45645,-25.38137],[-49.45631,-25.38164],[-49.41674,-25.40131],[-49.41721,-25.4014],[-49.41738,-25.40173],[-49.41762,-25.40372],[-49.4172,-25.40489],[-49.41784,-25.40549],[-49.41802,-25.40765],[-49.41734,-25.40909],[-49.41543,-25.41076],[-49.41494,-25.41177],[-49.41425,-25.41218],[-49.41458,-25.41327],[-49.4155,-25.41415],[-49.41635,-25.41462],[-49.41624,-25.41532],[-49.41686,-25.4165],[-49.41646,-25.41826],[-49.41683,-25.41929],[-49.41809,-25.42025],[-49.41815,-25.42056],[-49.41742,-25.42254],[-49.417,-25.42287],[-49.41567,-25.42237],[-49.41458,-25.42243],[-49.41338,-25.42215],[-49.41324,-25.42221],[-49.41305,-25.42297],[-49.4114,-25.42341],[-49.41131,-25.42381],[-49.41156,-25.42502],[-49.41146,-25.42602],[-49.41229,-25.42686],[-49.4122,-25.42765],[-49.41246,-25.42806],[-49.4124,-25.42839],[-49.41205,-25.42855],[-49.41195,-25.42878],[-49.4122,-25.42961],[-49.41261,-25.42991],[-49.41194,-25.43034],[-49.41153,-25.43127],[-49.41154,-25.43175],[-49.41216,-25.43188],[-49.41199,-25.43293],[-49.41163,-25.43353],[-49.41067,-25.43364],[-49.41022,-25.43408],[-49.41007,-25.4347],[-49.4098,-25.43506],[-49.40982,-25.43587],[-49.40932,-25.43639],[-49.40883,-25.43643],[-49.40868,-25.43682],[-49.40839,-25.43702],[-49.40819,-25.43751],[-49.40834,-25.43805],[-49.40743,-25.43816],[-49.40747,-25.43876],[-49.40714,-25.43968],[-49.40764,-25.43998],[-49.40777,-25.44022],[-49.40774,-25.44131],[-49.40733,-25.4419],[-49.40758,-25.44266],[-49.40752,-25.4434],[-49.40814,-25.44394],[-49.40877,-25.44418],[-49.40896,-25.44464],[-49.40981,-25.44521],[-49.40972,-25.44598],[-49.40952,-25.44631],[-49.40972,-25.44677],[-49.41008,-25.44707],[-49.41089,-25.44681],[-49.41157,-25.44692],[-49.41311,-25.44787],[-49.41427,-25.44775],[-49.41574,-25.44854],[-49.4161,-25.44903],[-49.41738,-25.44886],[-49.41848,-25.44919],[-49.41882,-25.44957],[-49.4189,-25.45013],[-49.41933,-25.4509],[-49.41983,-25.45131],[-49.41941,-25.45214],[-49.4193,-25.45367],[-49.41891,-25.45429],[-49.41971,-25.45465],[-49.42046,-25.45459],[-49.42145,-25.45586],[-49.4219,-25.45598],[-49.42295,-25.45666],[-49.42368,-25.45762],[-49.42367,-25.45854],[-49.42245,-25.45958],[-49.42176,-25.46042],[-49.42178,-25.46059],[-49.42209,-25.46076],[-49.42177,-25.46139],[-49.42179,-25.46166],[-49.42146,-25.46191],[-49.42189,-25.4625],[-49.42177,-25.46296],[-49.42193,-25.46359],[-49.42238,-25.46422],[-49.42299,-25.4647],[-49.42299,-25.46497],[-49.42201,-25.46522],[-49.4218,-25.46538],[-49.42168,-25.46584],[-49.42083,-25.46654],[-49.41963,-25.46696],[-49.41909,-25.46746],[-49.41831,-25.46785],[-49.41706,-25.46965],[-49.41757,-25.47075],[-49.41819,-25.47123],[-49.41863,-25.472],[-49.41912,-25.47224],[-49.41997,-25.47222],[-49.42021,-25.47241],[-49.41984,-25.47305],[-49.4192,-25.47338],[-49.41904,-25.47495],[-49.41886,-25.47531],[-49.4178,-25.47555],[-49.41822,-25.47637],[-49.41982,-25.47803],[-49.41997,-25.47904],[-49.4203,-25.47966],[-49.41946,-25.48104],[-49.41859,-25.48163],[-49.41737,-25.48326],[-49.41736,-25.48373],[-49.41796,-25.48474]]]}},{"type":"Feature","properties":{"cnuc":"0000.41.0548","nome":"ÁREA DE PROTEÇÃO AMBIENTAL ESTADUAL DA SERRA DA ESPERANÇA","categoria":"Área de Proteção Ambiental","grupo":"Uso Sustentável","esfera":"Estadual","area_ha":204513.5,"criacao":"06-12-1995","gestor":"INSTITUTO AMBIENTAL DO PARANÁ - PR","uf":"PARANÁ","plano_manejo":"Sem informação"},"geometry":{"type":"Polygon","coordinates":[[[-51.14543,-25.65595],[-51.15118,-25.65315],[-51.15217,-25.65247],[-51.15275,-25.65179],[-51.15347,-25.65042],[-51.15397,-25.64813],[-51.15606,-25.64487],[-51.15658,-25.64345],[-51.15769,-25.64121],[-51.15906,-25.63954],[-51.1598,-25.63835],[-51.1618,-25.63622],[-51.16525,-25.63376],[-51.16653,-25.63262],[-51.16787,-25.63181],[-51.17219,-25.63032],[-51.17554,-25.62887],[-51.1781,-25.62797],[-51.18145,-25.62623],[-51.18357,-25.62573],[-51.18466,-25.62573],[-51.18957,-25.6248],[-51.1914,-25.62506],[-51.19207,-25.62558],[-51.19378,-25.62615],[-51.19598,-25.62604],[-51.19701,-25.62568],[-51.19799,-25.62487],[-51.19891,-25.62453],[-51.19971,-25.6244],[-51.20012,-25.62451],[-51.2017,-25.62444],[-51.20348,-25.62415],[-51.20624,-25.62291],[-51.20905,-25.62099],[-51.21035,-25.62037],[-51.21173,-25.62006],[-51.21387,-25.62035],[-51.21897,-25.62061],[-51.22051,-25.62048],[-51.22534,-25.62055],[-51.23188,-25.62111],[-51.23361,-25.62079],[-51.23803,-25.61796],[-51.23971,-25.6172],[-51.2454,-25.61547],[-51.24891,-25.61411],[-51.25029,-25.61327],[-51.25197,-25.61161],[-51.25241,-25.61134],[-51.25651,-25.61042],[-51.258,-25.61053],[-51.26251,-25.61272],[-51.26312,-25.61295],[-51.26394,-25.61298],[-51.26542,-25.61346],[-51.26607,-25.61376],[-51.26734,-25.61476],[-51.26847,-25.6154],[-51.27255,-25.61685],[-51.27389,-25.61705],[-51.27557,-25.61673],[-51.27722,-25.61577],[-51.27821,-25.61475],[-51.27682,-25.61358],[-51.27636,-25.613],[-51.27596,-25.61201],[-51.27555,-25.61068],[-51.27619,-25.60827],[-51.27574,-25.60618],[-51.27394,-25.60395],[-51.27316,-25.60265],[-51.27263,-25.59909],[-51.27146,-25.5973],[-51.27056,-25.59283],[-51.27013,-25.59182],[-51.26936,-25.59079],[-51.26837,-25.58966],[-51.26787,-25.58948],[-51.26738,-25.58888],[-51.26726,-25.58846],[-51.26715,-25.58786],[-51.26787,-25.58714],[-51.26857,-25.58675],[-51.26882,-25.58629],[-51.26925,-25.58595],[-51.2694,-25.58484],[-51.26938,-25.58375],[-51.2687,-25.57891],[-51.2684,-25.5777],[-51.26774,-25.5766],[-51.26685,-25.57566],[-51.26364,-25.57617],[-51.26279,-25.57585],[-51.26188,-25.57512],[-51.26165,-25.57422],[-51.26204,-25.57282],[-51.26278,-25.57204],[-51.26317,-25.5712],[-51.2624,-25.56661],[-51.2641,-25.56487],[-51.26547,-25.56375],[-51.26617,-25.56258],[-51.26738,-25.56112],[-51.26764,-25.55973],[-51.26742,-25.55763],[-51.26749,-25.55615],[-51.26848,-25.55439],[-51.26825,-25.55319],[-51.26817,-25.55295],[-51.26745,-25.55235],[-51.26441,-25.55112],[-51.26396,-25.55081],[-51.26321,-25.54994],[-51.26225,-25.5482],[-51.26151,-25.54739],[-51.25701,-25.54555],[-51.25564,-25.54465],[-51.25503,-25.54386],[-51.25463,-25.54299],[-51.25409,-25.54097],[-51.25291,-25.53467],[-51.25225,-25.53288],[-51.2515,-25.52973],[-51.25139,-25.52802],[-51.25155,-25.52737],[-51.25217,-25.526],[-51.25354,-25.5238],[-51.2539,-25.5228],[-51.25412,-25.52154],[-51.25399,-25.51955],[-51.25365,-25.51781],[-51.25279,-25.51605],[-51.25229,-25.51407],[-51.25265,-25.51199],[-51.25242,-25.50942],[-51.25283,-25.50765],[-51.25266,-25.50639],[-51.25229,-25.50509],[-51.25042,-25.50365],[-51.24961,-25.50276],[-51.24837,-25.50031],[-51.24701,-25.49845],[-51.24655,-25.49733],[-51.24612,-25.49547],[-51.24718,-25.49254],[-51.24944,-25.4897],[-51.24988,-25.48851],[-51.25068,-25.48734],[-51.25121,-25.48601],[-51.25136,-25.48444],[-51.25097,-25.4825],[-51.24962,-25.48114],[-51.24928,-25.48044],[-51.24884,-25.4783],[-51.24894,-25.47782],[-51.24994,-25.47612],[-51.25198,-25.47463],[-51.24146,-25.47212],[-51.24469,-25.46942],[-51.24294,-25.46361],[-51.25728,-25.46291],[-51.26511,-25.45362],[-51.27532,-25.42848],[-51.27938,-25.4204],[-51.27869,-25.40196],[-51.28253,-25.39739],[-51.28279,-25.38288],[-51.30127,-25.3751],[-51.30975,-25.35872],[-51.30868,-25.35148],[-51.31644,-25.34523],[-51.31348,-25.33181],[-51.31478,-25.31879],[-51.30146,-25.3064],[-51.2894,-25.3084],[-51.27708,-25.3039],[-51.2725,-25.29932],[-51.278,-25.28666],[-51.27493,-25.28026],[-51.2787,-25.2733],[-51.28517,-25.27118],[-51.2863,-25.25718],[-51.28193,-25.25052],[-51.28217,-25.23817],[-51.27909,-25.23152],[-51.2812,-25.21838],[-51.2875,-25.21407],[-51.28993,-25.20945],[-51.29451,-25.20637],[-51.30995,-25.19098],[-51.312,-25.18191],[-51.31984,-25.17886],[-51.32652,-25.16632],[-51.33622,-25.15954],[-51.33282,-25.14985],[-51.3254,-25.14609],[-51.31487,-25.14475],[-51.30265,-25.13291],[-51.30118,-25.12887],[-51.29672,-25.12771],[-51.29609,-25.11982],[-51.29192,-25.10439],[-51.2966,-25.0928],[-51.30148,-25.08773],[-51.29796,-25.06736],[-51.29183,-25.07205],[-51.28569,-25.07477],[-51.28032,-25.08146],[-51.27708,-25.08928],[-51.27297,-25.08962],[-51.2698,-25.08766],[-51.25942,-25.09543],[-51.25543,-25.08763],[-51.2572,-25.08452],[-51.25118,-25.08657],[-51.24641,-25.08413],[-51.24487,-25.08058],[-51.24093,-25.08166],[-51.24235,-25.07979],[-51.23821,-25.07968],[-51.23074,-25.08212],[-51.2256,-25.08304],[-51.22543,-25.08508],[-51.22105,-25.08446],[-51.22069,-25.08187],[-51.21691,-25.08143],[-51.21633,-25.08901],[-51.22165,-25.09154],[-51.22469,-25.09739],[-51.2296,-25.09379],[-51.23278,-25.0979],[-51.23517,-25.09943],[-51.23707,-25.10557],[-51.23239,-25.10709],[-51.22703,-25.11602],[-51.23099,-25.12579],[-51.23805,-25.12987],[-51.23871,-25.13379],[-51.23377,-25.13182],[-51.22281,-25.1328],[-51.21503,-25.14299],[-51.22518,-25.15291],[-51.21114,-25.14877],[-51.20574,-25.15481],[-51.20258,-25.15068],[-51.20614,-25.14574],[-51.20049,-25.13845],[-51.20086,-25.13438],[-51.20679,-25.13517],[-51.19896,-25.1219],[-51.1897,-25.1384],[-51.18356,-25.13222],[-51.16662,-25.13276],[-51.17227,-25.13756],[-51.16725,-25.13669],[-51.16767,-25.13929],[-51.16319,-25.13533],[-51.16121,-25.13841],[-51.15989,-25.13561],[-51.1579,-25.14018],[-51.15589,-25.13476],[-51.15091,-25.13251],[-51.14883,-25.13635],[-51.14254,-25.13443],[-51.1464,-25.14001],[-51.15389,-25.13921],[-51.15495,-25.14365],[-51.16835,-25.14196],[-51.16712,-25.14513],[-51.17077,-25.14441],[-51.17278,-25.14937],[-51.18043,-25.14128],[-51.18235,-25.14294],[-51.17724,-25.14878],[-51.17862,-25.15711],[-51.17113,-25.15234],[-51.16672,-25.15404],[-51.17709,-25.16027],[-51.17713,-25.16332],[-51.17282,-25.16148],[-51.17419,-25.16795],[-51.1709,-25.1685],[-51.16971,-25.16411],[-51.16689,-25.16883],[-51.16756,-25.16276],[-51.16522,-25.16468],[-51.16359,-25.15984],[-51.16317,-25.16882],[-51.15913,-25.1658],[-51.16153,-25.15556],[-51.15708,-25.15786],[-51.1555,-25.15189],[-51.1547,-25.16241],[-51.15125,-25.16165],[-51.14909,-25.15758],[-51.14983,-25.16608],[-51.16213,-25.17232],[-51.15824,-25.17589],[-51.15402,-25.17243],[-51.15115,-25.1795],[-51.14547,-25.1757],[-51.14285,-25.18064],[-51.14022,-25.17235],[-51.13762,-25.17514],[-51.14077,-25.18383],[-51.13376,-25.17906],[-51.12433,-25.18469],[-51.12627,-25.18962],[-51.13045,-25.19188],[-51.12104,-25.19563],[-51.12773,-25.19863],[-51.13589,-25.19327],[-51.1373,-25.1983],[-51.14877,-25.19184],[-51.14893,-25.19944],[-51.15655,-25.1963],[-51.15546,-25.19126],[-51.15832,-25.19365],[-51.15951,-25.18952],[-51.16264,-25.19343],[-51.16426,-25.18776],[-51.1659,-25.19156],[-51.1712,-25.19109],[-51.1716,-25.18761],[-51.17522,-25.18997],[-51.17521,-25.19317],[-51.18176,-25.19412],[-51.18246,-25.19798],[-51.17345,-25.19801],[-51.17436,-25.20103],[-51.18307,-25.20247],[-51.19278,-25.20518],[-51.1832,-25.20635],[-51.17206,-25.20903],[-51.17004,-25.20412],[-51.16824,-25.21258],[-51.16348,-25.21621],[-51.16372,-25.20967],[-51.15806,-25.21467],[-51.15365,-25.20837],[-51.14803,-25.22192],[-51.15309,-25.22441],[-51.14544,-25.23097],[-51.14477,-25.24296],[-51.1532,-25.24695],[-51.16901,-25.23856],[-51.18005,-25.23815],[-51.17108,-25.24626],[-51.16732,-25.24485],[-51.16904,-25.25139],[-51.16254,-25.2498],[-51.16269,-25.25593],[-51.14947,-25.25925],[-51.17613,-25.26241],[-51.17812,-25.26506],[-51.17406,-25.26919],[-51.1776,-25.27242],[-51.17207,-25.27433],[-51.18019,-25.27538],[-51.1832,-25.27765],[-51.17931,-25.27966],[-51.18384,-25.28032],[-51.18637,-25.28336],[-51.19202,-25.28055],[-51.19317,-25.2856],[-51.19561,-25.30311],[-51.19201,-25.30175],[-51.19172,-25.29436],[-51.18808,-25.28879],[-51.18161,-25.28743],[-51.1782,-25.28766],[-51.17878,-25.29123],[-51.17298,-25.29261],[-51.17127,-25.28974],[-51.16778,-25.29432],[-51.17247,-25.30929],[-51.18646,-25.31035],[-51.17265,-25.31945],[-51.16392,-25.32051],[-51.16068,-25.32674],[-51.15998,-25.3211],[-51.15477,-25.32255],[-51.16208,-25.316],[-51.16137,-25.31117],[-51.15469,-25.31359],[-51.15101,-25.30895],[-51.15159,-25.31409],[-51.14472,-25.30998],[-51.14037,-25.31442],[-51.13701,-25.31033],[-51.1382,-25.31568],[-51.13305,-25.31694],[-51.13874,-25.32053],[-51.13918,-25.32324],[-51.13221,-25.32124],[-51.13534,-25.32603],[-51.13565,-25.33275],[-51.1311,-25.33712],[-51.12661,-25.33515],[-51.11993,-25.33947],[-51.11848,-25.33129],[-51.12493,-25.32983],[-51.1254,-25.32311],[-51.11959,-25.32146],[-51.12149,-25.31724],[-51.11627,-25.32028],[-51.1176,-25.3139],[-51.1117,-25.31775],[-51.1123,-25.31093],[-51.11634,-25.30677],[-51.11573,-25.30196],[-51.11148,-25.30471],[-51.10756,-25.31197],[-51.09246,-25.31303],[-51.08949,-25.31676],[-51.0732,-25.3167],[-51.07324,-25.32918],[-51.07235,-25.33587],[-51.07056,-25.33935],[-51.07643,-25.34573],[-51.08346,-25.34574],[-51.08286,-25.34077],[-51.08745,-25.34506],[-51.09143,-25.34097],[-51.09442,-25.34995],[-51.10269,-25.34369],[-51.10939,-25.34582],[-51.10668,-25.3523],[-51.10129,-25.35261],[-51.10976,-25.35842],[-51.12046,-25.3591],[-51.13113,-25.35585],[-51.12512,-25.36069],[-51.12465,-25.36746],[-51.12785,-25.37108],[-51.13249,-25.37381],[-51.12567,-25.37226],[-51.11857,-25.36348],[-51.11909,-25.36833],[-51.11365,-25.368],[-51.11394,-25.37238],[-51.10653,-25.37298],[-51.11166,-25.3763],[-51.11961,-25.37591],[-51.11588,-25.37939],[-51.12901,-25.37963],[-51.12965,-25.39174],[-51.13234,-25.39911],[-51.12781,-25.39687],[-51.12379,-25.38353],[-51.11876,-25.38532],[-51.12345,-25.39171],[-51.11609,-25.38767],[-51.11455,-25.39441],[-51.11575,-25.40316],[-51.11382,-25.40635],[-51.11431,-25.41197],[-51.11919,-25.42114],[-51.12281,-25.42603],[-51.11012,-25.42809],[-51.10292,-25.42813],[-51.09727,-25.43191],[-51.09662,-25.43742],[-51.1016,-25.44221],[-51.09614,-25.44267],[-51.0913,-25.44654],[-51.09541,-25.45529],[-51.10192,-25.45376],[-51.10161,-25.46156],[-51.11056,-25.46921],[-51.11345,-25.47516],[-51.119,-25.47711],[-51.12721,-25.47447],[-51.12936,-25.48125],[-51.11737,-25.4832],[-51.11535,-25.49135],[-51.11162,-25.48942],[-51.10657,-25.49336],[-51.10733,-25.49817],[-51.10745,-25.5024],[-51.11499,-25.50784],[-51.12055,-25.50928],[-51.1301,-25.51686],[-51.12017,-25.51552],[-51.11803,-25.5197],[-51.10548,-25.5166],[-51.10138,-25.51874],[-51.1014,-25.52239],[-51.10582,-25.52613],[-51.10512,-25.5285],[-51.09998,-25.52908],[-51.08907,-25.5388],[-51.08841,-25.54549],[-51.07725,-25.55334],[-51.07442,-25.54969],[-51.07671,-25.53825],[-51.07543,-25.53414],[-51.06766,-25.53115],[-51.06323,-25.53104],[-51.0591,-25.53439],[-51.05925,-25.53827],[-51.05448,-25.54069],[-51.04934,-25.54888],[-51.04391,-25.54916],[-51.03889,-25.55596],[-51.03517,-25.55486],[-51.03604,-25.54961],[-51.02846,-25.54554],[-51.01964,-25.55404],[-51.0202,-25.56108],[-51.01652,-25.56184],[-51.01735,-25.55799],[-51.01051,-25.5553],[-51.00923,-25.55816],[-51.00611,-25.55396],[-51.00503,-25.55906],[-51.00506,-25.55887],[-51.00104,-25.55709],[-50.99544,-25.56247],[-50.99151,-25.5611],[-50.9877,-25.5645],[-50.98157,-25.56552],[-50.97936,-25.57021],[-50.97651,-25.57015],[-50.97675,-25.57378],[-50.97257,-25.57859],[-50.96739,-25.57448],[-50.96984,-25.57043],[-50.96645,-25.56797],[-50.97327,-25.56341],[-50.97578,-25.54964],[-50.96429,-25.55458],[-50.96078,-25.55282],[-50.96187,-25.56102],[-50.9588,-25.56246],[-50.96037,-25.5648],[-50.95775,-25.56568],[-50.95527,-25.56444],[-50.95396,-25.5676],[-50.95075,-25.56582],[-50.954,-25.57138],[-50.9545,-25.57494],[-50.95877,-25.57219],[-50.96355,-25.57363],[-50.9667,-25.57817],[-50.96257,-25.58859],[-50.96928,-25.59084],[-50.97302,-25.58764],[-50.97982,-25.58781],[-50.98539,-25.58503],[-50.98839,-25.59022],[-50.98362,-25.60048],[-50.99056,-25.60299],[-50.99035,-25.61068],[-50.98528,-25.60493],[-50.98029,-25.6027],[-50.97729,-25.60576],[-50.97649,-25.6094],[-50.97358,-25.60831],[-50.96559,-25.61377],[-50.96975,-25.62457],[-50.97405,-25.62496],[-50.97177,-25.62969],[-50.97336,-25.63884],[-50.97857,-25.64195],[-50.97319,-25.64137],[-50.96888,-25.63957],[-50.96945,-25.643],[-50.96142,-25.65094],[-50.96459,-25.65612],[-50.96994,-25.65553],[-50.96972,-25.66224],[-50.96022,-25.67601],[-50.94522,-25.67764],[-50.95002,-25.68106],[-50.94699,-25.69698],[-50.95327,-25.7046],[-50.94768,-25.70791],[-50.94543,-25.70393],[-50.94085,-25.70808],[-50.93576,-25.70213],[-50.94115,-25.70022],[-50.93715,-25.69678],[-50.93923,-25.69383],[-50.93297,-25.69409],[-50.92986,-25.69073],[-50.92646,-25.69547],[-50.928,-25.69749],[-50.9241,-25.70094],[-50.92646,-25.70648],[-50.92023,-25.70228],[-50.91728,-25.70361],[-50.92128,-25.70709],[-50.91625,-25.70797],[-50.91908,-25.71511],[-50.90915,-25.71987],[-50.91217,-25.72253],[-50.9085,-25.72567],[-50.90669,-25.73406],[-50.90283,-25.73634],[-50.90558,-25.74583],[-50.89812,-25.74911],[-50.88986,-25.76201],[-50.88616,-25.76137],[-50.88885,-25.76804],[-50.89401,-25.77266],[-50.89326,-25.7759],[-50.90134,-25.77969],[-50.90393,-25.77575],[-50.90269,-25.77355],[-50.91323,-25.76484],[-50.91881,-25.76613],[-50.93067,-25.78169],[-50.92468,-25.7833],[-50.91414,-25.79354],[-50.91113,-25.80075],[-50.90493,-25.80488],[-50.90272,-25.80853],[-50.90651,-25.80933],[-50.91298,-25.80229],[-50.92695,-25.79877],[-50.93126,-25.80557],[-50.92863,-25.81009],[-50.9305,-25.82067],[-50.92516,-25.82862],[-50.91914,-25.82866],[-50.9137,-25.83334],[-50.91777,-25.84342],[-50.92931,-25.85353],[-50.92673,-25.86366],[-50.93055,-25.86478],[-50.93388,-25.86872],[-50.93239,-25.87214],[-50.93406,-25.87337],[-50.93082,-25.87714],[-50.92723,-25.87434],[-50.91653,-25.88335],[-50.91608,-25.88717],[-50.92196,-25.89013],[-50.9256,-25.88399],[-50.92975,-25.88268],[-50.93207,-25.87884],[-50.93552,-25.88297],[-50.93633,-25.88688],[-50.93938,-25.88429],[-50.94004,-25.88885],[-50.93399,-25.89256],[-50.93021,-25.89791],[-50.93068,-25.90327],[-50.93667,-25.90375],[-50.9458,-25.89662],[-50.95351,-25.90469],[-50.95008,-25.90795],[-50.95155,-25.91325],[-50.94296,-25.92241],[-50.94618,-25.93233],[-50.93654,-25.927],[-50.9297,-25.93583],[-50.91527,-25.93877],[-50.91816,-25.9442],[-50.92397,-25.94693],[-50.92144,-25.9567],[-50.9249,-25.95703],[-50.93043,-25.96334],[-50.93132,-25.96783],[-50.93581,-25.96735],[-50.93492,-25.97547],[-50.93879,-25.97844],[-50.93428,-25.98362],[-50.93361,-25.99231],[-50.93039,-25.99289],[-50.9339,-26.00204],[-50.93081,-26.00539],[-50.93065,-26.00116],[-50.92612,-26.00076],[-50.92135,-26.00011],[-50.91899,-26.00166],[-50.91558,-25.99947],[-50.91298,-26.00521],[-50.91641,-26.00959],[-50.91637,-26.01772],[-50.91046,-26.0301],[-50.89898,-26.03315],[-50.89715,-26.04773],[-50.88479,-26.05129],[-50.88607,-26.05772],[-50.87791,-26.05861],[-50.87675,-26.06324],[-50.87263,-26.06879],[-50.87793,-26.07086],[-50.88881,-26.08209],[-50.89321,-26.07082],[-50.90208,-26.06721],[-50.90769,-26.07237],[-50.90716,-26.08018],[-50.91331,-26.09067],[-50.91322,-26.10254],[-50.90278,-26.11598],[-50.91521,-26.11285],[-50.92157,-26.12027],[-50.9231,-26.12643],[-50.93072,-26.12164],[-50.94032,-26.12359],[-50.94859,-26.12754],[-50.95349,-26.12481],[-50.96238,-26.13464],[-50.95829,-26.14192],[-50.96403,-26.14544],[-50.97247,-26.14468],[-50.98705,-26.14481],[-50.98979,-26.13945],[-50.98331,-26.13752],[-50.97802,-26.14009],[-50.96767,-26.1361],[-50.97223,-26.13092],[-50.97185,-26.12229],[-50.96316,-26.11616],[-50.95058,-26.11744],[-50.94258,-26.11156],[-50.93135,-26.11275],[-50.93925,-26.10405],[-50.92786,-26.10179],[-50.93189,-26.09543],[-50.94461,-26.10045],[-50.95444,-26.09813],[-50.9625,-26.10282],[-50.97157,-26.09587],[-50.97756,-26.09506],[-50.97897,-26.08827],[-50.97327,-26.08444],[-50.96168,-26.0829],[-50.96176,-26.07824],[-50.95616,-26.07771],[-50.95647,-26.07333],[-50.96164,-26.0731],[-50.96905,-26.07947],[-50.9763,-26.07442],[-50.96986,-26.06923],[-50.97561,-26.06266],[-50.97839,-26.07061],[-50.98508,-26.08258],[-50.98996,-26.08339],[-50.99678,-26.08905],[-51.00089,-26.08553],[-51.00708,-26.08518],[-51.00692,-26.08795],[-51.00404,-26.08894],[-51.00695,-26.09671],[-51.01623,-26.09789],[-51.02128,-26.10097],[-51.01384,-26.10881],[-51.01855,-26.11831],[-51.02371,-26.12047],[-51.02631,-26.11806],[-51.04062,-26.12016],[-51.0463,-26.12451],[-51.04616,-26.13093],[-51.03894,-26.13429],[-51.04125,-26.13668],[-51.06012,-26.14068],[-51.06217,-26.14653],[-51.06109,-26.15265],[-51.0536,-26.15506],[-51.04067,-26.15636],[-51.03966,-26.16092],[-51.04291,-26.1598],[-51.04601,-26.1616],[-51.04393,-26.1658],[-51.04737,-26.16414],[-51.05003,-26.15893],[-51.05458,-26.16239],[-51.05671,-26.17304],[-51.04801,-26.18385],[-51.06797,-26.17637],[-51.06655,-26.16393],[-51.07354,-26.1597],[-51.08189,-26.16808],[-51.0828,-26.18111],[-51.08573,-26.18406],[-51.09185,-26.1835],[-51.09285,-26.17515],[-51.08532,-26.17277],[-51.08915,-26.16825],[-51.08347,-26.16764],[-51.08541,-26.15836],[-51.09087,-26.15637],[-51.08313,-26.1528],[-51.07829,-26.1494],[-51.06651,-26.15366],[-51.06636,-26.1442],[-51.0709,-26.14435],[-51.07322,-26.13457],[-51.08258,-26.1316],[-51.08196,-26.12984],[-51.07616,-26.13058],[-51.07,-26.13258],[-51.06691,-26.13071],[-51.06711,-26.12308],[-51.07278,-26.11436],[-51.06451,-26.11765],[-51.05481,-26.12356],[-51.05859,-26.11821],[-51.05469,-26.11775],[-51.05898,-26.11355],[-51.05276,-26.11402],[-51.05673,-26.10459],[-51.06394,-26.10359],[-51.06502,-26.10119],[-51.05934,-26.1011],[-51.05016,-26.1033],[-51.04486,-26.1065],[-51.0456,-26.10115],[-51.04847,-26.09775],[-51.03611,-26.10298],[-51.02606,-26.09952],[-51.03376,-26.09022],[-51.03824,-26.09068],[-51.03857,-26.088],[-51.03373,-26.08263],[-51.0269,-26.07701],[-51.02461,-26.07866],[-51.0178,-26.07227],[-51.0197,-26.06965],[-51.01916,-26.06325],[-51.02185,-26.06188],[-51.02304,-26.06752],[-51.03097,-26.07294],[-51.03879,-26.07355],[-51.04755,-26.08164],[-51.05162,-26.07721],[-51.03775,-26.06719],[-51.03963,-26.06416],[-51.03436,-26.05795],[-51.04188,-26.06037],[-51.04743,-26.05481],[-51.04959,-26.06289],[-51.05587,-26.06693],[-51.0619,-26.07285],[-51.06615,-26.07201],[-51.06888,-26.07431],[-51.07169,-26.06937],[-51.07567,-26.06814],[-51.07529,-26.06814],[-51.0602,-26.05975],[-51.06057,-26.05976],[-51.06358,-26.05825],[-51.06093,-26.05327],[-51.05726,-26.05403],[-51.05877,-26.05127],[-51.05639,-26.04623],[-51.06156,-26.04889],[-51.0668,-26.05616],[-51.06671,-26.05933],[-51.06903,-26.05874],[-51.07132,-26.0616],[-51.07456,-26.06108],[-51.07712,-26.05178],[-51.07343,-26.04646],[-51.07717,-26.04583],[-51.08108,-26.04994],[-51.08096,-26.05586],[-51.08511,-26.05867],[-51.08656,-26.0683],[-51.09433,-26.0607],[-51.09324,-26.05625],[-51.08941,-26.05131],[-51.09304,-26.05008],[-51.0966,-26.05211],[-51.103,-26.04288],[-51.1028,-26.05297],[-51.10553,-26.05338],[-51.10467,-26.05663],[-51.10898,-26.05502],[-51.11273,-26.0494],[-51.11373,-26.05722],[-51.11132,-26.0625],[-51.10679,-26.06812],[-51.11325,-26.06427],[-51.11839,-26.06561],[-51.12098,-26.05987],[-51.11772,-26.0552],[-51.12351,-26.05426],[-51.12363,-26.04874],[-51.12694,-26.04741],[-51.13258,-26.05074],[-51.13424,-26.05925],[-51.14252,-26.05244],[-51.13994,-26.03785],[-51.14201,-26.02948],[-51.13405,-26.02654],[-51.12817,-26.02028],[-51.12773,-26.01546],[-51.11983,-26.01173],[-51.11811,-26.00176],[-51.1161,-25.99915],[-51.11614,-25.99859],[-51.11486,-25.99712],[-51.11435,-25.99628],[-51.11389,-25.99495],[-51.11379,-25.99258],[-51.11293,-25.99172],[-51.1123,-25.99052],[-51.11191,-25.98759],[-51.11255,-25.98467],[-51.1125,-25.98298],[-51.11211,-25.98203],[-51.11093,-25.98055],[-51.11071,-25.9785],[-51.11025,-25.97755],[-51.10963,-25.9769],[-51.10893,-25.97525],[-51.10884,-25.9727],[-51.1094,-25.97129],[-51.11049,-25.9699],[-51.11242,-25.96899],[-51.11318,-25.96827],[-51.11473,-25.96579],[-51.11729,-25.96416],[-51.11857,-25.96311],[-51.12213,-25.95949],[-51.12302,-25.95799],[-51.1237,-25.95734],[-51.12578,-25.95596],[-51.12706,-25.95541],[-51.12861,-25.9544],[-51.12884,-25.95416],[-51.12901,-25.95267],[-51.12847,-25.95174],[-51.12687,-25.9507],[-51.1251,-25.94884],[-51.12252,-25.94812],[-51.12098,-25.94727],[-51.12039,-25.94671],[-51.11988,-25.94603],[-51.1192,-25.94424],[-51.1183,-25.94295],[-51.11823,-25.94237],[-51.11846,-25.94162],[-51.11835,-25.94086],[-51.11818,-25.94065],[-51.11746,-25.94051],[-51.11615,-25.93944],[-51.11552,-25.93831],[-51.11533,-25.9373],[-51.11409,-25.93542],[-51.1131,-25.93503],[-51.11144,-25.934],[-51.11144,-25.93369],[-51.11197,-25.93317],[-51.11325,-25.93248],[-51.11525,-25.93171],[-51.11689,-25.93042],[-51.11729,-25.92986],[-51.11736,-25.92812],[-51.11621,-25.92674],[-51.11537,-25.92613],[-51.11408,-25.92596],[-51.11286,-25.92633],[-51.11178,-25.92639],[-51.11129,-25.92637],[-51.11062,-25.926],[-51.11013,-25.92523],[-51.10934,-25.92286],[-51.10831,-25.92141],[-51.10742,-25.92084],[-51.10584,-25.92049],[-51.10529,-25.92017],[-51.10507,-25.91981],[-51.10484,-25.9185],[-51.10485,-25.91551],[-51.10427,-25.91223],[-51.10425,-25.91012],[-51.10511,-25.90528],[-51.10534,-25.89846],[-51.1051,-25.89801],[-51.10413,-25.89741],[-51.10176,-25.89658],[-51.10092,-25.89579],[-51.10017,-25.89409],[-51.09986,-25.89076],[-51.09906,-25.8892],[-51.09904,-25.88886],[-51.09905,-25.88825],[-51.09923,-25.88794],[-51.10046,-25.887],[-51.10097,-25.88628],[-51.10159,-25.88419],[-51.1028,-25.8829],[-51.10339,-25.88139],[-51.10385,-25.88088],[-51.10565,-25.87983],[-51.10585,-25.87943],[-51.106,-25.87754],[-51.1069,-25.8755],[-51.10714,-25.8723],[-51.1075,-25.87133],[-51.108,-25.86902],[-51.10825,-25.86688],[-51.10824,-25.86607],[-51.10809,-25.86578],[-51.10713,-25.86462],[-51.10597,-25.86432],[-51.10523,-25.86384],[-51.1042,-25.86239],[-51.10411,-25.85795],[-51.10321,-25.85648],[-51.1029,-25.85528],[-51.10294,-25.85427],[-51.10309,-25.85391],[-51.10405,-25.85315],[-51.1056,-25.85249],[-51.10677,-25.85171],[-51.1097,-25.84862],[-51.11084,-25.8469],[-51.11093,-25.84564],[-51.11072,-25.84429],[-51.11072,-25.84287],[-51.11074,-25.84253],[-51.1113,-25.84152],[-51.11135,-25.83976],[-51.11104,-25.83915],[-51.11057,-25.83868],[-51.10934,-25.83763],[-51.10741,-25.83638],[-51.11624,-25.82084],[-51.11758,-25.81916],[-51.11856,-25.8182],[-51.12037,-25.81679],[-51.12399,-25.81353],[-51.12645,-25.8117],[-51.12723,-25.8106],[-51.12728,-25.80912],[-51.12631,-25.80701],[-51.12627,-25.80445],[-51.12667,-25.80355],[-51.12784,-25.80185],[-51.12829,-25.80151],[-51.13052,-25.79849],[-51.13053,-25.79752],[-51.12905,-25.79429],[-51.12907,-25.79296],[-51.13023,-25.79132],[-51.1318,-25.78951],[-51.13221,-25.78821],[-51.13222,-25.78717],[-51.13123,-25.78527],[-51.13094,-25.78401],[-51.13096,-25.78284],[-51.13173,-25.78102],[-51.13271,-25.77967],[-51.13416,-25.77718],[-51.13483,-25.7755],[-51.13517,-25.77431],[-51.13528,-25.77138],[-51.13655,-25.76885],[-51.13656,-25.76799],[-51.13615,-25.76693],[-51.13604,-25.76587],[-51.13615,-25.7649],[-51.13927,-25.76224],[-51.13983,-25.76126],[-51.13986,-25.76004],[-51.14108,-25.75827],[-51.14025,-25.75493],[-51.1386,-25.75174],[-51.1381,-25.75016],[-51.13688,-25.74804],[-51.13534,-25.74595],[-51.13416,-25.74466],[-51.13419,-25.74443],[-51.13669,-25.74321],[-51.13745,-25.74243],[-51.13934,-25.73992],[-51.13952,-25.73952],[-51.13956,-25.73808],[-51.13863,-25.73514],[-51.13864,-25.73269],[-51.13895,-25.73132],[-51.13899,-25.73001],[-51.13853,-25.72742],[-51.13852,-25.72194],[-51.13801,-25.72072],[-51.13623,-25.71816],[-51.13559,-25.71757],[-51.13481,-25.71624],[-51.13446,-25.71423],[-51.13492,-25.7137],[-51.13626,-25.7133],[-51.13847,-25.71203],[-51.14198,-25.70719],[-51.14248,-25.70661],[-51.14316,-25.70617],[-51.14358,-25.70599],[-51.14707,-25.70572],[-51.15062,-25.70559],[-51.15174,-25.70576],[-51.15239,-25.70545],[-51.15314,-25.70471],[-51.15372,-25.70383],[-51.15396,-25.70287],[-51.15477,-25.7013],[-51.15666,-25.69915],[-51.1573,-25.69791],[-51.15774,-25.6965],[-51.15764,-25.6942],[-51.15653,-25.6912],[-51.15625,-25.68759],[-51.15566,-25.68358],[-51.15444,-25.68118],[-51.1549,-25.67659],[-51.15441,-25.67609],[-51.15092,-25.67492],[-51.14836,-25.67305],[-51.14638,-25.672],[-51.14506,-25.67095],[-51.14447,-25.66975],[-51.14448,-25.66948],[-51.14503,-25.66868],[-51.14522,-25.66812],[-51.14525,-25.66712],[-51.14457,-25.66613],[-51.14365,-25.66423],[-51.14328,-25.66166],[-51.14349,-25.66096],[-51.14356,-25.65889],[-51.14372,-25.65831],[-51.14437,-25.65784],[-51.14543,-25.65595]]]}},{"type":"Feature","properties":{"cnuc":"0000.41.0544","nome":"ÁREA DE RELEVANTE INTERESSE ECOLÓGICO DA SERRA DO TIGRE","categoria":"Área de Relevante Interesse Ecológico","grupo":"Uso Sustentável","esfera":"Estadual","area_ha":33.94,"criacao":"28-11-1990","gestor":"INSTITUTO AMBIENTAL DO PARANÁ - PR","uf":"PARANÁ","plano_manejo":"Sem informação"},"geometry":{"type":"MultiPolygon","coordinates":[[[[-50.81028,-25.94716],[-50.8126,-25.94716],[-50.81266,-25.94382],[-50.8103,-25.94394],[-50.81028,-25.94716]]],[[[-50.8054,-25.94718],[-50.80795,-25.94717],[-50.80792,-25.93805],[-50.80544,-25.93809],[-50.8054,-25.94718]]]]}},{"type":"Feature","properties":{"cnuc":"0000.41.0545","nome":"ÁREA DE RELEVANTE INTERESSE ECOLÓGICO DE SÃO DOMINGOS","categoria":"Área de Relevante Interesse Ecológico","grupo":"Uso Sustentável","esfera":"Estadual","area_ha":null,"criacao":"28-11-1990","gestor":"INSTITUTO AMBIENTAL DO PARANÁ - PR","uf":"PARANÁ","plano_manejo":"Sem informação"},"geometry":{"type":"Polygon","coordinates":[[[-52.4936,-24.56353],[-52.49226,-24.55878],[-52.48523,-24.56052],[-52.48652,-24.56529],[-52.4936,-24.56353]]]}},{"type":"Feature","properties":{"cnuc":"0000.41.0543","nome":"ÁREA DE RELEVANTE INTERESSE ECOLÓGICO DO BURITI","categoria":"Área de Relevante Interesse Ecológico","grupo":"Uso Sustentável","esfera":"Estadual","area_ha":83.1,"criacao":"28-11-1990","gestor":"INSTITUTO AMBIENTAL DO PARANÁ - PR","uf":"PARANÁ","plano_manejo":"Sem informação"},"geometry":{"type":"Polygon","coordinates":[[[-52.76628,-26.18332],[-52.76664,-26.18259],[-52.76609,-26.18261],[-52.76595,-26.18232],[-52.76636,-26.1815],[-52.7654,-26.18139],[-52.7654,-26.18096],[-52.76509,-26.18059],[-52.76536,-26.18015],[-52.76489,-26.17971],[-52.76491,-26.1792],[-52.76429,-26.17836],[-52.7616,-26.17851],[-52.76051,-26.18959],[-52.76004,-26.19196],[-52.76338,-26.19196],[-52.76343,-26.19318],[-52.76626,-26.19172],[-52.76722,-26.18908],[-52.76704,-26.18746],[-52.7673,-26.18649],[-52.76628,-26.18332]]]}},{"type":"Feature","properties":{"cnuc":"0000.41.0502","nome":"ÁREA DE PROTEÇÃO AMBIENTAL ESTADUAL DO PIRAQUARA","categoria":"Área de Proteção Ambiental","grupo":"Uso Sustentável","esfera":"Estadual","area_ha":8976.87,"criacao":"06-05-1996","gestor":"INSTITUTO AMBIENTAL DO PARANÁ - PR","uf":"PARANÁ","plano_manejo":"Sem informação"},"geometry":{"type":"Polygon","coordinates":[[[-49.08803,-25.47278],[-49.08723,-25.47233],[-49.08652,-25.47234],[-49.08518,-25.47298],[-49.08437,-25.473],[-49.08322,-25.47335],[-49.08121,-25.47258],[-49.08031,-25.47238],[-49.07968,-25.47244],[-49.07832,-25.47335],[-49.07744,-25.47332],[-49.07718,-25.47346],[-49.07682,-25.47402],[-49.07656,-25.47528],[-49.07621,-25.47575],[-49.07592,-25.47587],[-49.07381,-25.47603],[-49.07333,-25.47566],[-49.07061,-25.47555],[-49.06996,-25.47664],[-49.06994,-25.47784],[-49.06955,-25.47787],[-49.06933,-25.47779],[-49.06904,-25.47716],[-49.06828,-25.47652],[-49.06783,-25.47645],[-49.06727,-25.47668],[-49.0658,-25.47675],[-49.06417,-25.47563],[-49.06182,-25.47554],[-49.05991,-25.474],[-49.05914,-25.47359],[-49.05816,-25.47261],[-49.05703,-25.47087],[-49.05651,-25.47074],[-49.05583,-25.47104],[-49.05494,-25.47192],[-49.05372,-25.4726],[-49.05201,-25.47263],[-49.05155,-25.47286],[-49.05095,-25.47371],[-49.05023,-25.47431],[-49.04949,-25.47584],[-49.04913,-25.47625],[-49.04808,-25.47695],[-49.04678,-25.47751],[-49.04604,-25.47835],[-49.0456,-25.47831],[-49.04363,-25.47754],[-49.04158,-25.47814],[-49.03906,-25.47809],[-49.03737,-25.4787],[-49.03602,-25.47871],[-49.0355,-25.47831],[-49.03488,-25.47733],[-49.03484,-25.47698],[-49.03399,-25.47641],[-49.03334,-25.47563],[-49.03273,-25.4754],[-49.03195,-25.47621],[-49.03082,-25.47649],[-49.03033,-25.47693],[-49.02961,-25.47713],[-49.02831,-25.47793],[-49.02776,-25.47799],[-49.02718,-25.47836],[-49.02679,-25.47876],[-49.02664,-25.47923],[-49.02653,-25.47974],[-49.02681,-25.48085],[-49.0266,-25.48114],[-49.02452,-25.48187],[-49.02313,-25.4816],[-49.02201,-25.48187],[-49.0217,-25.48226],[-49.02162,-25.48315],[-49.02144,-25.48308],[-49.0209,-25.48191],[-49.01939,-25.48101],[-49.01802,-25.47979],[-49.01748,-25.47967],[-49.01662,-25.48024],[-49.01601,-25.48017],[-49.01492,-25.47943],[-49.0142,-25.47912],[-49.01385,-25.47874],[-49.01237,-25.47845],[-49.01152,-25.47775],[-49.01105,-25.47685],[-49.01056,-25.47674],[-49.00874,-25.47707],[-49.00874,-25.47664],[-49.00999,-25.47604],[-49.01015,-25.47518],[-49.00978,-25.4743],[-49.0098,-25.47353],[-49.00945,-25.47321],[-49.00929,-25.47262],[-49.00878,-25.47186],[-49.00873,-25.47116],[-49.00892,-25.47066],[-49.00932,-25.47033],[-49.01048,-25.46986],[-49.01121,-25.46915],[-49.01129,-25.46741],[-49.01092,-25.46724],[-49.00957,-25.46774],[-49.00845,-25.4679],[-49.00727,-25.46731],[-49.0067,-25.46724],[-49.00526,-25.46768],[-49.00473,-25.46751],[-49.00454,-25.46727],[-49.00484,-25.46563],[-49.00582,-25.46486],[-49.00621,-25.46344],[-49.00693,-25.46242],[-49.00714,-25.46162],[-49.00713,-25.46128],[-49.00662,-25.46069],[-49.00593,-25.46038],[-49.00546,-25.45989],[-49.0051,-25.46041],[-49.00387,-25.46087],[-49.00217,-25.46262],[-49.00091,-25.46305],[-48.99976,-25.46409],[-48.99847,-25.46474],[-48.99715,-25.46512],[-48.9966,-25.46563],[-48.99466,-25.46665],[-48.9937,-25.46696],[-48.99198,-25.46718],[-48.99092,-25.46711],[-48.98984,-25.46648],[-48.98926,-25.4664],[-48.98824,-25.46696],[-48.98771,-25.46776],[-48.98717,-25.46823],[-48.9866,-25.46835],[-48.98442,-25.46983],[-48.98394,-25.4704],[-48.98331,-25.47193],[-48.98315,-25.47337],[-48.98167,-25.47376],[-48.98161,-25.47426],[-48.9813,-25.47475],[-48.98066,-25.47517],[-48.97997,-25.47615],[-48.97914,-25.47656],[-48.97836,-25.47752],[-48.97823,-25.47821],[-48.97892,-25.47988],[-48.97878,-25.47998],[-48.97773,-25.47946],[-48.97687,-25.47953],[-48.97489,-25.48045],[-48.97363,-25.48048],[-48.97287,-25.4802],[-48.97051,-25.48068],[-48.96261,-25.48566],[-48.96181,-25.48566],[-48.96094,-25.48528],[-48.96038,-25.48521],[-48.9591,-25.48602],[-48.95837,-25.48589],[-48.95808,-25.48594],[-48.95791,-25.4862],[-48.95872,-25.48638],[-48.95927,-25.48687],[-48.95919,-25.48728],[-48.95835,-25.48786],[-48.95821,-25.4887],[-48.95843,-25.48898],[-48.96036,-25.49015],[-48.96137,-25.49035],[-48.96237,-25.49191],[-48.96282,-25.49236],[-48.96391,-25.49288],[-48.96436,-25.49343],[-48.96444,-25.4957],[-48.96422,-25.49692],[-48.96429,-25.49792],[-48.96577,-25.49898],[-48.96588,-25.4994],[-48.96556,-25.50092],[-48.96608,-25.50171],[-48.96761,-25.50311],[-48.96779,-25.50427],[-48.96825,-25.50492],[-48.97071,-25.50617],[-48.97232,-25.50641],[-48.97302,-25.50684],[-48.97388,-25.5081],[-48.97483,-25.50834],[-48.97506,-25.50859],[-48.97501,-25.50873],[-48.97414,-25.50885],[-48.9724,-25.50989],[-48.97159,-25.5107],[-48.97054,-25.51141],[-48.97034,-25.5119],[-48.97019,-25.51266],[-48.97044,-25.51459],[-48.97091,-25.5157],[-48.97247,-25.51706],[-48.97288,-25.51896],[-48.97276,-25.51938],[-48.97083,-25.522],[-48.9703,-25.52239],[-48.96979,-25.52246],[-48.97164,-25.52328],[-48.97326,-25.52528],[-48.97332,-25.52575],[-48.97488,-25.52648],[-48.97558,-25.52752],[-48.97573,-25.52825],[-48.97599,-25.52863],[-48.97655,-25.52882],[-48.97851,-25.52828],[-48.97878,-25.5283],[-48.97924,-25.5289],[-48.98036,-25.52944],[-48.98093,-25.52946],[-48.98152,-25.52923],[-48.98314,-25.5294],[-48.98381,-25.52919],[-48.98491,-25.52923],[-48.98532,-25.52944],[-48.98558,-25.52997],[-48.98716,-25.53181],[-48.98743,-25.53193],[-48.98821,-25.53178],[-48.98903,-25.53264],[-48.98933,-25.53327],[-48.99025,-25.53351],[-48.99114,-25.53435],[-48.9917,-25.53462],[-48.99238,-25.53464],[-48.99309,-25.53445],[-48.99301,-25.53467],[-48.99218,-25.53513],[-48.99181,-25.53557],[-48.99145,-25.53613],[-48.99144,-25.53644],[-48.99206,-25.53686],[-48.99181,-25.53808],[-48.99206,-25.539],[-48.99298,-25.53987],[-48.99388,-25.54132],[-48.99426,-25.54164],[-48.99537,-25.54096],[-48.99591,-25.54081],[-48.99685,-25.54154],[-48.99701,-25.54139],[-48.99678,-25.54082],[-48.99687,-25.54057],[-48.99766,-25.54005],[-48.99795,-25.5394],[-48.99843,-25.539],[-48.99883,-25.539],[-49.00003,-25.53964],[-49.00097,-25.53938],[-49.002,-25.53935],[-49.00302,-25.5401],[-49.00349,-25.54026],[-49.00408,-25.54015],[-49.00556,-25.53867],[-49.0066,-25.53822],[-49.00718,-25.53773],[-49.00873,-25.53733],[-49.00985,-25.53659],[-49.0103,-25.53541],[-49.01062,-25.53499],[-49.01093,-25.53488],[-49.01217,-25.53545],[-49.01323,-25.53695],[-49.01361,-25.53794],[-49.01492,-25.53822],[-49.016,-25.53752],[-49.01644,-25.53745],[-49.01771,-25.53789],[-49.01826,-25.53845],[-49.01872,-25.53938],[-49.01982,-25.54033],[-49.01981,-25.54141],[-49.02038,-25.54151],[-49.02146,-25.54099],[-49.022,-25.54099],[-49.02215,-25.54112],[-49.02218,-25.54269],[-49.02236,-25.5429],[-49.02293,-25.54263],[-49.02333,-25.54211],[-49.02389,-25.54199],[-49.02502,-25.54281],[-49.02614,-25.54303],[-49.02686,-25.54256],[-49.02734,-25.54189],[-49.02832,-25.54115],[-49.02885,-25.54114],[-49.02974,-25.54167],[-49.03065,-25.54151],[-49.03172,-25.54078],[-49.03331,-25.54017],[-49.03354,-25.53992],[-49.03329,-25.53901],[-49.03338,-25.53862],[-49.03355,-25.53853],[-49.03402,-25.53857],[-49.03512,-25.53915],[-49.03646,-25.53928],[-49.03702,-25.53923],[-49.0381,-25.53875],[-49.0393,-25.53891],[-49.04049,-25.53831],[-49.04102,-25.53825],[-49.04179,-25.53899],[-49.04344,-25.53913],[-49.04457,-25.54032],[-49.04545,-25.54024],[-49.04664,-25.54046],[-49.04706,-25.54089],[-49.04738,-25.5416],[-49.0481,-25.5417],[-49.04875,-25.54156],[-49.05133,-25.54045],[-49.05175,-25.54013],[-49.05231,-25.53854],[-49.05367,-25.53659],[-49.05429,-25.53616],[-49.05493,-25.53604],[-49.05599,-25.53666],[-49.05776,-25.53696],[-49.05875,-25.53677],[-49.05958,-25.53601],[-49.0602,-25.53578],[-49.06089,-25.53578],[-49.06215,-25.53613],[-49.06256,-25.53607],[-49.06308,-25.5348],[-49.06353,-25.53437],[-49.06565,-25.53386],[-49.06666,-25.53315],[-49.06701,-25.53274],[-49.06782,-25.53105],[-49.06845,-25.53026],[-49.06801,-25.52919],[-49.06803,-25.52815],[-49.06865,-25.52747],[-49.0706,-25.52739],[-49.07117,-25.52708],[-49.07146,-25.52657],[-49.07161,-25.5258],[-49.07181,-25.52585],[-49.07249,-25.52693],[-49.07361,-25.52724],[-49.0743,-25.52682],[-49.07581,-25.52662],[-49.0776,-25.52593],[-49.07884,-25.5259],[-49.08008,-25.52632],[-49.08179,-25.52458],[-49.08276,-25.52407],[-49.08314,-25.52398],[-49.0839,-25.52419],[-49.08502,-25.52369],[-49.08673,-25.5236],[-49.08721,-25.52343],[-49.08946,-25.52157],[-49.08983,-25.52027],[-49.09017,-25.51988],[-49.09061,-25.51968],[-49.09133,-25.51881],[-49.09143,-25.51801],[-49.09196,-25.51743],[-49.09207,-25.51572],[-49.09192,-25.51514],[-49.09203,-25.51497],[-49.09254,-25.5148],[-49.09298,-25.5149],[-49.09304,-25.5159],[-49.09337,-25.51618],[-49.09707,-25.51481],[-49.09779,-25.5148],[-49.09844,-25.5153],[-49.09923,-25.51545],[-49.10115,-25.51303],[-49.10151,-25.51172],[-49.10214,-25.51074],[-49.10277,-25.51113],[-49.10306,-25.51101],[-49.10442,-25.50915],[-49.1046,-25.50859],[-49.10498,-25.50825],[-49.10617,-25.50774],[-49.10753,-25.50816],[-49.10857,-25.50781],[-49.10906,-25.50715],[-49.10904,-25.50515],[-49.1105,-25.50331],[-49.11175,-25.50209],[-49.11311,-25.50202],[-49.11408,-25.50163],[-49.11472,-25.50086],[-49.11509,-25.4996],[-49.11585,-25.49868],[-49.11536,-25.49668],[-49.11539,-25.49595],[-49.11579,-25.49519],[-49.10777,-25.48431],[-49.1058,-25.48254],[-49.09647,-25.47636],[-49.09527,-25.47735],[-49.09274,-25.47865],[-49.09177,-25.47876],[-49.09135,-25.47853],[-49.09123,-25.47761],[-49.09027,-25.47727],[-49.09033,-25.47657],[-49.09059,-25.47595],[-49.09107,-25.47551],[-49.09101,-25.47538],[-49.09043,-25.47465],[-49.08967,-25.47489],[-49.08919,-25.47469],[-49.08874,-25.47424],[-49.08854,-25.47351],[-49.08803,-25.47278]]]}},{"type":"Feature","properties":{"cnuc":"0000.41.0528","nome":"ESTAÇÃO ECOLÓGICA DA ILHA DO MEL","categoria":"Estação Ecológica","grupo":"Proteção Integral","esfera":"Estadual","area_ha":2323.08,"criacao":"21-09-1982","gestor":"INSTITUTO AMBIENTAL DO PARANÁ - PR","uf":"PARANÁ","plano_manejo":"Sem informação"},"geometry":{"type":"Polygon","coordinates":[[[-48.31446,-25.53558],[-48.31531,-25.53511],[-48.31601,-25.53447],[-48.31938,-25.53371],[-48.32099,-25.53265],[-48.32285,-25.53204],[-48.32455,-25.53111],[-48.32549,-25.53082],[-48.32696,-25.53066],[-48.32773,-25.53009],[-48.32819,-25.52994],[-48.33065,-25.52962],[-48.33264,-25.52955],[-48.33458,-25.52917],[-48.33706,-25.52932],[-48.33854,-25.52918],[-48.34134,-25.52827],[-48.34626,-25.52766],[-48.34674,-25.52778],[-48.3471,-25.5281],[-48.34759,-25.52808],[-48.34808,-25.52798],[-48.35027,-25.52694],[-48.35076,-25.52691],[-48.35162,-25.52736],[-48.3521,-25.52723],[-48.35551,-25.52539],[-48.35797,-25.52509],[-48.3599,-25.52466],[-48.36036,-25.5245],[-48.36153,-25.52366],[-48.36248,-25.52341],[-48.36425,-25.52258],[-48.36622,-25.5224],[-48.36756,-25.5218],[-48.36922,-25.52081],[-48.37109,-25.51933],[-48.37393,-25.51751],[-48.37723,-25.51478],[-48.37883,-25.51305],[-48.37698,-25.51236],[-48.37857,-25.50774],[-48.38113,-25.50808],[-48.38139,-25.5072],[-48.38206,-25.506],[-48.38292,-25.50389],[-48.38291,-25.50344],[-48.3818,-25.50195],[-48.38007,-25.50086],[-48.37887,-25.49942],[-48.37814,-25.49824],[-48.37733,-25.49771],[-48.37324,-25.49612],[-48.37162,-25.49509],[-48.36526,-25.49411],[-48.36328,-25.49426],[-48.3613,-25.49415],[-48.35603,-25.49293],[-48.35404,-25.49289],[-48.35306,-25.49305],[-48.34838,-25.49452],[-48.34739,-25.49465],[-48.34499,-25.49411],[-48.34364,-25.49468],[-48.34216,-25.49478],[-48.34019,-25.49454],[-48.33622,-25.49439],[-48.33281,-25.49383],[-48.32834,-25.49386],[-48.32587,-25.49406],[-48.32395,-25.49451],[-48.32047,-25.49624],[-48.31809,-25.49685],[-48.317,-25.49775],[-48.31651,-25.49903],[-48.31595,-25.5008],[-48.31648,-25.50102],[-48.31615,-25.50279],[-48.31551,-25.50496],[-48.31449,-25.50749],[-48.31711,-25.50831],[-48.31323,-25.51415],[-48.31477,-25.51443],[-48.31543,-25.51398],[-48.31898,-25.51364],[-48.31956,-25.51375],[-48.3199,-25.5142],[-48.31985,-25.51474],[-48.31921,-25.51564],[-48.31868,-25.51587],[-48.31809,-25.51598],[-48.31692,-25.5158],[-48.31457,-25.51617],[-48.31339,-25.51602],[-48.31273,-25.52088],[-48.31262,-25.52419],[-48.31039,-25.5246],[-48.31006,-25.53221],[-48.31446,-25.53558]]]}},{"type":"Feature","properties":{"cnuc":"0000.41.1576","nome":"PARQUE ESTADUAL VALE DO CÓDO","categoria":"Parque","grupo":"Proteção Integral","esfera":"Estadual","area_ha":863.25,"criacao":"02-10-2007","gestor":"INSTITUTO AMBIENTAL DO PARANÁ - PR","uf":"PARANÁ","plano_manejo":"Sem informação"},"geometry":{"type":"Polygon","coordinates":[[[-49.69029,-24.29488],[-49.6894,-24.29528],[-49.68936,-24.29548],[-49.68991,-24.29561],[-49.68994,-24.2958],[-49.68863,-24.29689],[-49.68855,-24.29731],[-49.68874,-24.29749],[-49.68905,-24.29746],[-49.69077,-24.29612],[-49.69189,-24.29563],[-49.69225,-24.29577],[-49.69227,-24.29613],[-49.69142,-24.29666],[-49.6907,-24.29727],[-49.69072,-24.29743],[-49.69192,-24.29713],[-49.69236,-24.29666],[-49.69287,-24.29663],[-49.69369,-24.29736],[-49.69397,-24.298],[-49.69395,-24.29855],[-49.6932,-24.29902],[-49.69288,-24.29951],[-49.6918,-24.30032],[-49.69256,-24.30049],[-49.69261,-24.30069],[-49.69203,-24.30134],[-49.69133,-24.30177],[-49.68918,-24.30256],[-49.68787,-24.30266],[-49.68736,-24.30292],[-49.68744,-24.30307],[-49.68788,-24.30313],[-49.68894,-24.30308],[-49.68995,-24.30326],[-49.69134,-24.30304],[-49.69168,-24.30274],[-49.69365,-24.30278],[-49.69394,-24.30354],[-49.69382,-24.30414],[-49.69444,-24.3045],[-49.69469,-24.30509],[-49.69449,-24.30579],[-49.69477,-24.30666],[-49.69453,-24.30832],[-49.69386,-24.30861],[-49.69165,-24.3082],[-49.69051,-24.30843],[-49.69024,-24.30808],[-49.68995,-24.30802],[-49.68925,-24.3084],[-49.6878,-24.30859],[-49.68718,-24.30852],[-49.68681,-24.3086],[-49.68679,-24.30874],[-49.68721,-24.30898],[-49.68869,-24.30902],[-49.68844,-24.30927],[-49.68847,-24.30943],[-49.68909,-24.30913],[-49.69166,-24.30892],[-49.69323,-24.30897],[-49.69348,-24.30913],[-49.69458,-24.31045],[-49.69464,-24.31124],[-49.69487,-24.31164],[-49.69333,-24.3142],[-49.69297,-24.31434],[-49.6928,-24.31421],[-49.69252,-24.31465],[-49.6923,-24.31468],[-49.69245,-24.31512],[-49.69159,-24.31558],[-49.69173,-24.3157],[-49.69142,-24.31586],[-49.69126,-24.3164],[-49.691,-24.31648],[-49.691,-24.31665],[-49.69144,-24.31703],[-49.69224,-24.31696],[-49.69235,-24.31654],[-49.69297,-24.31604],[-49.69292,-24.31559],[-49.69331,-24.31473],[-49.6936,-24.31464],[-49.69414,-24.31494],[-49.69563,-24.31485],[-49.69614,-24.31496],[-49.69668,-24.31534],[-49.69702,-24.31522],[-49.69768,-24.31608],[-49.6987,-24.31633],[-49.69866,-24.31664],[-49.69904,-24.31727],[-49.69999,-24.31809],[-49.70011,-24.31825],[-49.70005,-24.3187],[-49.70032,-24.31895],[-49.70025,-24.31925],[-49.69903,-24.32088],[-49.69747,-24.32243],[-49.6979,-24.32249],[-49.69841,-24.32228],[-49.69988,-24.32027],[-49.70033,-24.32],[-49.70049,-24.32139],[-49.70038,-24.32189],[-49.69882,-24.3247],[-49.6984,-24.32503],[-49.6983,-24.32542],[-49.6977,-24.32576],[-49.69737,-24.3263],[-49.69452,-24.32804],[-49.69405,-24.329],[-49.69193,-24.33071],[-49.69108,-24.33206],[-49.69038,-24.33193],[-49.68978,-24.33284],[-49.68816,-24.33344],[-49.68786,-24.33413],[-49.68746,-24.33454],[-49.68562,-24.33567],[-49.68478,-24.3356],[-49.68396,-24.33606],[-49.68265,-24.33645],[-49.68217,-24.3368],[-49.68154,-24.33692],[-49.68148,-24.33706],[-49.68211,-24.33753],[-49.68261,-24.33863],[-49.68174,-24.33947],[-49.68055,-24.33989],[-49.67983,-24.34048],[-49.67856,-24.34084],[-49.67986,-24.34178],[-49.68071,-24.34286],[-49.68086,-24.34332],[-49.68034,-24.34463],[-49.68006,-24.34496],[-49.67874,-24.34436],[-49.67506,-24.34391],[-49.6724,-24.34423],[-49.67111,-24.3448],[-49.66973,-24.34489],[-49.67111,-24.34817],[-49.67201,-24.34901],[-49.6726,-24.3501],[-49.67268,-24.35091],[-49.67299,-24.35115],[-49.67385,-24.35281],[-49.67486,-24.35356],[-49.67521,-24.35417],[-49.6761,-24.35391],[-49.67654,-24.35394],[-49.67723,-24.35356],[-49.67837,-24.35345],[-49.67892,-24.35384],[-49.6792,-24.35468],[-49.67962,-24.35487],[-49.68002,-24.35474],[-49.68033,-24.35439],[-49.68094,-24.35441],[-49.68162,-24.35491],[-49.6818,-24.35532],[-49.68255,-24.3558],[-49.68306,-24.3558],[-49.68335,-24.35607],[-49.68343,-24.3566],[-49.68434,-24.35742],[-49.68495,-24.35709],[-49.68621,-24.35459],[-49.68682,-24.35462],[-49.6879,-24.35427],[-49.68912,-24.35333],[-49.68941,-24.3533],[-49.69088,-24.35379],[-49.69143,-24.35375],[-49.69164,-24.35352],[-49.69158,-24.35295],[-49.69117,-24.35237],[-49.68945,-24.35212],[-49.68816,-24.3516],[-49.68791,-24.35076],[-49.68845,-24.34953],[-49.6887,-24.34849],[-49.68829,-24.34746],[-49.68842,-24.34719],[-49.68926,-24.34703],[-49.69022,-24.34873],[-49.6909,-24.34924],[-49.69116,-24.34924],[-49.69184,-24.34839],[-49.69368,-24.3481],[-49.69483,-24.34771],[-49.69559,-24.34723],[-49.696,-24.34643],[-49.69594,-24.34597],[-49.69489,-24.34441],[-49.69457,-24.34426],[-49.69407,-24.34448],[-49.6937,-24.34441],[-49.69331,-24.34416],[-49.69323,-24.34389],[-49.694,-24.34337],[-49.69428,-24.34232],[-49.69625,-24.34199],[-49.69753,-24.34204],[-49.69815,-24.34189],[-49.699,-24.34223],[-49.70061,-24.34177],[-49.70262,-24.34218],[-49.70576,-24.34253],[-49.70465,-24.34145],[-49.70455,-24.34116],[-49.70333,-24.34101],[-49.70283,-24.34075],[-49.70193,-24.33991],[-49.70212,-24.33949],[-49.70237,-24.33939],[-49.70148,-24.33889],[-49.70112,-24.33839],[-49.70113,-24.33796],[-49.70178,-24.337],[-49.70157,-24.33672],[-49.70016,-24.33779],[-49.70005,-24.3374],[-49.70057,-24.33648],[-49.70057,-24.33608],[-49.70029,-24.33582],[-49.70022,-24.33545],[-49.7017,-24.33517],[-49.70286,-24.33396],[-49.70293,-24.33366],[-49.70259,-24.33238],[-49.70313,-24.33189],[-49.70313,-24.33153],[-49.70342,-24.33146],[-49.70339,-24.3311],[-49.70372,-24.33048],[-49.70408,-24.33015],[-49.70444,-24.33025],[-49.70484,-24.32979],[-49.70485,-24.3294],[-49.70513,-24.3293],[-49.7051,-24.32871],[-49.70525,-24.32858],[-49.70511,-24.32785],[-49.70537,-24.32766],[-49.70519,-24.32723],[-49.70588,-24.32684],[-49.70642,-24.32674],[-49.70787,-24.32692],[-49.70843,-24.32679],[-49.70829,-24.32666],[-49.70675,-24.32645],[-49.70632,-24.32622],[-49.70621,-24.32575],[-49.70669,-24.32526],[-49.70752,-24.32494],[-49.70806,-24.32439],[-49.70871,-24.32406],[-49.70921,-24.32407],[-49.71049,-24.32213],[-49.71166,-24.32113],[-49.71126,-24.32079],[-49.71068,-24.32115],[-49.71029,-24.32108],[-49.70958,-24.32008],[-49.7095,-24.31882],[-49.71038,-24.31773],[-49.70984,-24.31772],[-49.709,-24.31834],[-49.70787,-24.31836],[-49.70735,-24.31788],[-49.70743,-24.31722],[-49.70717,-24.31701],[-49.70774,-24.31686],[-49.70789,-24.31655],[-49.70628,-24.31611],[-49.70501,-24.31509],[-49.70428,-24.31481],[-49.70357,-24.3148],[-49.70197,-24.31418],[-49.70029,-24.3128],[-49.70005,-24.31242],[-49.70215,-24.31219],[-49.70389,-24.31159],[-49.70545,-24.31152],[-49.70357,-24.31139],[-49.70121,-24.31206],[-49.70012,-24.31201],[-49.69919,-24.31117],[-49.69819,-24.31073],[-49.69815,-24.31047],[-49.69885,-24.30975],[-49.69935,-24.30965],[-49.70113,-24.30974],[-49.70406,-24.31024],[-49.7058,-24.31038],[-49.70622,-24.31026],[-49.70617,-24.31003],[-49.70544,-24.30966],[-49.7041,-24.3094],[-49.69848,-24.30909],[-49.69785,-24.30863],[-49.69755,-24.30786],[-49.69751,-24.30699],[-49.69782,-24.30667],[-49.69756,-24.30649],[-49.69752,-24.30594],[-49.69731,-24.30564],[-49.69725,-24.30391],[-49.69753,-24.303],[-49.69832,-24.30235],[-49.69915,-24.30203],[-49.70028,-24.30126],[-49.70198,-24.30066],[-49.70329,-24.30058],[-49.70377,-24.30017],[-49.70291,-24.30006],[-49.70143,-24.30065],[-49.70045,-24.30056],[-49.69859,-24.30126],[-49.69823,-24.30115],[-49.69786,-24.30069],[-49.69756,-24.29992],[-49.69735,-24.29724],[-49.69716,-24.29702],[-49.69731,-24.29652],[-49.69759,-24.29624],[-49.698,-24.29615],[-49.6986,-24.29548],[-49.69956,-24.29505],[-49.69963,-24.29483],[-49.69889,-24.29518],[-49.69837,-24.2952],[-49.69815,-24.29545],[-49.69777,-24.29547],[-49.69693,-24.29623],[-49.69653,-24.29588],[-49.69576,-24.29589],[-49.69563,-24.29554],[-49.69725,-24.29475],[-49.70002,-24.29421],[-49.70083,-24.29378],[-49.70183,-24.29365],[-49.70203,-24.29348],[-49.70143,-24.29343],[-49.69905,-24.29398],[-49.6953,-24.29441],[-49.69364,-24.29404],[-49.69293,-24.29212],[-49.69309,-24.29097],[-49.69527,-24.2874],[-49.69592,-24.28527],[-49.69541,-24.28178],[-49.69479,-24.27896],[-49.69487,-24.27827],[-49.69472,-24.27792],[-49.69438,-24.27772],[-49.69425,-24.27723],[-49.69428,-24.27629],[-49.69446,-24.2758],[-49.69411,-24.27523],[-49.69426,-24.27466],[-49.69411,-24.27372],[-49.6943,-24.27308],[-49.69411,-24.27222],[-49.69456,-24.27059],[-49.6951,-24.26994],[-49.6959,-24.26675],[-49.69536,-24.26466],[-49.69522,-24.26341],[-49.69542,-24.26085],[-49.69673,-24.26212],[-49.69868,-24.26017],[-49.69576,-24.25771],[-49.69523,-24.25784],[-49.69476,-24.25863],[-49.69397,-24.25833],[-49.69362,-24.25977],[-49.69364,-24.26096],[-49.69317,-24.26152],[-49.69334,-24.26305],[-49.69294,-24.26402],[-49.69285,-24.26503],[-49.69402,-24.27016],[-49.69325,-24.27186],[-49.69366,-24.27326],[-49.69381,-24.27508],[-49.69281,-24.27544],[-49.69255,-24.27534],[-49.69192,-24.27548],[-49.69115,-24.2759],[-49.69033,-24.27676],[-49.68857,-24.27775],[-49.68831,-24.27808],[-49.68986,-24.27979],[-49.69012,-24.27918],[-49.69058,-24.27903],[-49.69082,-24.27839],[-49.69252,-24.27725],[-49.69306,-24.27726],[-49.69376,-24.27702],[-49.69394,-24.27803],[-49.69414,-24.27832],[-49.69444,-24.28101],[-49.6953,-24.28439],[-49.69508,-24.28526],[-49.6953,-24.28579],[-49.69502,-24.28689],[-49.69186,-24.29231],[-49.69174,-24.29284],[-49.69192,-24.29325],[-49.69207,-24.29478],[-49.69162,-24.29506],[-49.69131,-24.29466],[-49.69067,-24.29447],[-49.69029,-24.29488]]]}},{"type":"Feature","properties":{"cnuc":"0000.41.0522","nome":"PARQUE ESTADUAL DE IBICATU","categoria":"Parque","grupo":"Proteção Integral","esfera":"Estadual","area_ha":304.23,"criacao":"17-02-1982","gestor":"INSTITUTO AMBIENTAL DO PARANÁ - PR","uf":"PARANÁ","plano_manejo":"Sem informação"},"geometry":{"type":"Polygon","coordinates":[[[-51.47611,-22.77437],[-51.47654,-22.77467],[-51.47886,-22.77843],[-51.47605,-22.78045],[-51.47177,-22.78269],[-51.47081,-22.78275],[-51.4707,-22.78295],[-51.4748,-22.78294],[-51.47538,-22.78281],[-51.47636,-22.78228],[-51.47802,-22.78317],[-51.48048,-22.78273],[-51.48061,-22.7822],[-51.48267,-22.78207],[-51.48354,-22.78228],[-51.48443,-22.78395],[-51.48441,-22.78497],[-51.48562,-22.7856],[-51.48712,-22.78676],[-51.48609,-22.7874],[-51.48543,-22.7876],[-51.48527,-22.78744],[-51.4847,-22.78747],[-51.48461,-22.78788],[-51.48833,-22.79158],[-51.48826,-22.79214],[-51.48887,-22.79255],[-51.48982,-22.79226],[-51.48913,-22.79298],[-51.48683,-22.794],[-51.48688,-22.79489],[-51.48609,-22.7955],[-51.4861,-22.79598],[-51.48588,-22.79652],[-51.48605,-22.79673],[-51.48522,-22.79761],[-51.48795,-22.7987],[-51.49096,-22.79876],[-51.49223,-22.7982],[-51.49153,-22.79764],[-51.49095,-22.79625],[-51.49101,-22.79595],[-51.49148,-22.79564],[-51.49148,-22.79547],[-51.49081,-22.79458],[-51.49005,-22.79416],[-51.49148,-22.79273],[-51.49161,-22.79187],[-51.49462,-22.78867],[-51.49459,-22.78525],[-51.49489,-22.78514],[-51.49486,-22.78167],[-51.49506,-22.78167],[-51.49506,-22.78113],[-51.49486,-22.78113],[-51.49482,-22.77493],[-51.48669,-22.77389],[-51.48665,-22.77416],[-51.47568,-22.7728],[-51.47643,-22.77346],[-51.47609,-22.77405],[-51.47611,-22.77437]],[[-51.4906,-22.78919],[-51.49057,-22.78917],[-51.49055,-22.78915],[-51.4906,-22.78919]]]}},{"type":"Feature","properties":{"cnuc":"0000.41.0504","nome":"PARQUE ESTADUAL DE IBIPORÃ","categoria":"Parque","grupo":"Proteção Integral","esfera":"Estadual","area_ha":73.62,"criacao":"23-01-2012","gestor":"INSTITUTO AMBIENTAL DO PARANÁ - PR","uf":"PARANÁ","plano_manejo":"Sem informação"},"geometry":{"type":"Polygon","coordinates":[[[-51.03284,-23.26308],[-51.03543,-23.25233],[-51.03486,-23.25158],[-51.03333,-23.25064],[-51.02952,-23.25048],[-51.02806,-23.25589],[-51.02833,-23.25694],[-51.02822,-23.25873],[-51.02849,-23.25962],[-51.0293,-23.26098],[-51.03016,-23.26163],[-51.03284,-23.26308]]]}},{"type":"Feature","properties":{"cnuc":"0000.41.0512","nome":"PARQUE ESTADUAL DO RIO DA ONÇA","categoria":"Parque","grupo":"Proteção Integral","esfera":"Estadual","area_ha":130.67,"criacao":"23-01-2012","gestor":"INSTITUTO AMBIENTAL DO PARANÁ - PR","uf":"PARANÁ","plano_manejo":"Sem informação"},"geometry":{"type":"Polygon","coordinates":[[[-48.5254,-25.78698],[-48.52593,-25.78839],[-48.52606,-25.78838],[-48.5277,-25.79181],[-48.53007,-25.79193],[-48.53118,-25.79443],[-48.53345,-25.79467],[-48.53455,-25.79632],[-48.53965,-25.79489],[-48.54111,-25.79324],[-48.53606,-25.78333],[-48.5254,-25.78698]]]}},{"type":"Feature","properties":{"cnuc":"0000.41.2260","nome":"PARQUE ESTADUAL DA SERRA DA ESPERANÇA","categoria":"Parque","grupo":"Proteção Integral","esfera":"Estadual","area_ha":6944.35,"criacao":"23-12-2010","gestor":"INSTITUTO AMBIENTAL DO PARANÁ - PR","uf":"PARANÁ","plano_manejo":"Sem informação"},"geometry":{"type":"Polygon","coordinates":[[[-51.24267,-25.10498],[-51.24623,-25.10892],[-51.24764,-25.10894],[-51.24765,-25.10872],[-51.2481,-25.10852],[-51.24841,-25.10855],[-51.24842,-25.10873],[-51.2487,-25.1086],[-51.24873,-25.10892],[-51.24918,-25.10904],[-51.24882,-25.10928],[-51.24878,-25.10949],[-51.24952,-25.1098],[-51.24971,-25.10975],[-51.24943,-25.10946],[-51.24982,-25.10959],[-51.25032,-25.10947],[-51.25052,-25.10971],[-51.25036,-25.11003],[-51.25062,-25.11004],[-51.2506,-25.11051],[-51.25106,-25.11052],[-51.25138,-25.1108],[-51.25177,-25.1103],[-51.25147,-25.10986],[-51.25177,-25.11008],[-51.252,-25.11],[-51.25227,-25.11037],[-51.25264,-25.11026],[-51.2528,-25.11089],[-51.25383,-25.11056],[-51.25458,-25.11055],[-51.25455,-25.11139],[-51.25432,-25.112],[-51.25348,-25.11278],[-51.25384,-25.11318],[-51.2546,-25.1135],[-51.25486,-25.1139],[-51.25506,-25.11394],[-51.2554,-25.11372],[-51.25694,-25.11436],[-51.25702,-25.11504],[-51.25748,-25.11578],[-51.25886,-25.11713],[-51.25768,-25.11821],[-51.25227,-25.115],[-51.25042,-25.11613],[-51.24997,-25.11682],[-51.25264,-25.11861],[-51.25169,-25.12186],[-51.2366,-25.11701],[-51.23588,-25.11941],[-51.2352,-25.11959],[-51.23511,-25.12007],[-51.23569,-25.12164],[-51.23453,-25.12238],[-51.23341,-25.12247],[-51.23261,-25.12275],[-51.2323,-25.12346],[-51.23023,-25.12414],[-51.22996,-25.12458],[-51.2287,-25.12509],[-51.22839,-25.1257],[-51.2278,-25.12596],[-51.22896,-25.12607],[-51.22973,-25.12576],[-51.23202,-25.12597],[-51.23614,-25.12831],[-51.23683,-25.1297],[-51.23967,-25.13155],[-51.23807,-25.13311],[-51.23319,-25.13473],[-51.2316,-25.13485],[-51.2288,-25.13556],[-51.22719,-25.135],[-51.22575,-25.13416],[-51.22431,-25.13407],[-51.22372,-25.13419],[-51.22313,-25.13461],[-51.22259,-25.13543],[-51.22236,-25.13664],[-51.22264,-25.13779],[-51.22244,-25.13833],[-51.2235,-25.14068],[-51.22368,-25.14213],[-51.2246,-25.14234],[-51.22386,-25.14279],[-51.22397,-25.14529],[-51.22446,-25.14739],[-51.22426,-25.14802],[-51.22205,-25.14751],[-51.21994,-25.14742],[-51.21919,-25.14709],[-51.21791,-25.147],[-51.21753,-25.14738],[-51.21758,-25.14786],[-51.21846,-25.14797],[-51.2189,-25.14859],[-51.2194,-25.14876],[-51.21773,-25.15114],[-51.21312,-25.14817],[-51.21058,-25.1512],[-51.20779,-25.15506],[-51.20799,-25.15631],[-51.20827,-25.15678],[-51.20968,-25.15787],[-51.21088,-25.15974],[-51.21117,-25.15914],[-51.21272,-25.15858],[-51.21314,-25.15809],[-51.21361,-25.15804],[-51.21577,-25.15633],[-51.21607,-25.15594],[-51.21671,-25.15575],[-51.21985,-25.15584],[-51.22104,-25.1565],[-51.22372,-25.15648],[-51.22758,-25.15609],[-51.22835,-25.15696],[-51.22885,-25.15675],[-51.22988,-25.15684],[-51.23076,-25.15728],[-51.23171,-25.1571],[-51.23206,-25.15803],[-51.23182,-25.15849],[-51.23075,-25.15881],[-51.23014,-25.15925],[-51.22959,-25.15939],[-51.22927,-25.15976],[-51.22937,-25.16065],[-51.23042,-25.16148],[-51.23101,-25.16155],[-51.23181,-25.1615],[-51.23723,-25.15862],[-51.2382,-25.15837],[-51.23958,-25.1584],[-51.23994,-25.15754],[-51.2398,-25.15651],[-51.2416,-25.15663],[-51.24251,-25.1564],[-51.24306,-25.15646],[-51.24551,-25.15791],[-51.24747,-25.15861],[-51.24797,-25.15865],[-51.25006,-25.15791],[-51.25072,-25.15732],[-51.252,-25.15675],[-51.25283,-25.15664],[-51.25395,-25.15594],[-51.25574,-25.15581],[-51.25705,-25.15545],[-51.25825,-25.15544],[-51.25928,-25.15485],[-51.26035,-25.15472],[-51.26147,-25.15481],[-51.26189,-25.15438],[-51.26869,-25.15738],[-51.28158,-25.16643],[-51.28768,-25.16925],[-51.28902,-25.16601],[-51.29032,-25.16467],[-51.29241,-25.1635],[-51.29602,-25.16261],[-51.29703,-25.16211],[-51.29942,-25.15916],[-51.30089,-25.15664],[-51.30189,-25.1537],[-51.3037,-25.14966],[-51.3039,-25.1482],[-51.30479,-25.14654],[-51.30559,-25.14306],[-51.30539,-25.14085],[-51.30508,-25.14003],[-51.30447,-25.13957],[-51.30204,-25.13857],[-51.29971,-25.13564],[-51.29737,-25.13335],[-51.29494,-25.13217],[-51.29423,-25.13144],[-51.29353,-25.13116],[-51.28916,-25.12677],[-51.28729,-25.12582],[-51.28703,-25.1235],[-51.28643,-25.12143],[-51.28643,-25.12042],[-51.28668,-25.12004],[-51.2871,-25.11987],[-51.2871,-25.11895],[-51.28743,-25.11826],[-51.28853,-25.11664],[-51.28922,-25.1161],[-51.28964,-25.11517],[-51.29031,-25.11449],[-51.29184,-25.11339],[-51.29243,-25.11254],[-51.29259,-25.11132],[-51.29444,-25.10761],[-51.29218,-25.10751],[-51.28979,-25.10559],[-51.29131,-25.10035],[-51.29281,-25.10037],[-51.29338,-25.0996],[-51.29349,-25.09867],[-51.29432,-25.09795],[-51.29494,-25.09699],[-51.29567,-25.09488],[-51.29595,-25.09434],[-51.29671,-25.09355],[-51.29697,-25.09295],[-51.29714,-25.09179],[-51.29672,-25.09074],[-51.29699,-25.08997],[-51.29827,-25.08924],[-51.29894,-25.08844],[-51.29901,-25.08812],[-51.29564,-25.08757],[-51.29609,-25.08595],[-51.29737,-25.08614],[-51.29812,-25.08208],[-51.29919,-25.08239],[-51.29976,-25.08233],[-51.29919,-25.08039],[-51.29963,-25.08009],[-51.2998,-25.07952],[-51.29963,-25.07926],[-51.29873,-25.07921],[-51.29838,-25.07886],[-51.29844,-25.0783],[-51.29929,-25.07753],[-51.29976,-25.07647],[-51.30049,-25.07591],[-51.30172,-25.07576],[-51.30269,-25.07601],[-51.30303,-25.0758],[-51.30319,-25.07545],[-51.30314,-25.07457],[-51.30387,-25.07416],[-51.30392,-25.07391],[-51.30352,-25.07349],[-51.30352,-25.07278],[-51.30306,-25.07182],[-51.30138,-25.07192],[-51.30115,-25.07171],[-51.3012,-25.07048],[-51.30058,-25.07022],[-51.30012,-25.06962],[-51.29912,-25.06952],[-51.29882,-25.0688],[-51.29927,-25.06788],[-51.29926,-25.06729],[-51.29863,-25.06651],[-51.29833,-25.06561],[-51.29994,-25.06456],[-51.3003,-25.06453],[-51.30116,-25.064],[-51.30177,-25.06327],[-51.30329,-25.06244],[-51.30553,-25.06204],[-51.30633,-25.06154],[-51.30723,-25.06161],[-51.30816,-25.06113],[-51.30843,-25.06086],[-51.30849,-25.06023],[-51.30872,-25.05993],[-51.31005,-25.05922],[-51.31083,-25.05821],[-51.3119,-25.05745],[-51.3135,-25.05658],[-51.31407,-25.05341],[-51.31143,-25.05167],[-51.31137,-25.05269],[-51.31169,-25.05364],[-51.31133,-25.05377],[-51.31032,-25.05356],[-51.31,-25.05388],[-51.30916,-25.05422],[-51.30823,-25.05532],[-51.30684,-25.05538],[-51.30594,-25.05522],[-51.30489,-25.05478],[-51.30281,-25.05474],[-51.30196,-25.05495],[-51.30101,-25.0556],[-51.29874,-25.05609],[-51.29799,-25.05579],[-51.29734,-25.05522],[-51.29706,-25.05526],[-51.29287,-25.05296],[-51.29326,-25.05246],[-51.29445,-25.05225],[-51.29586,-25.05177],[-51.29696,-25.0511],[-51.29733,-25.05015],[-51.29844,-25.04901],[-51.29843,-25.04806],[-51.29814,-25.0476],[-51.29813,-25.04705],[-51.29603,-25.04741],[-51.294,-25.04663],[-51.29205,-25.0467],[-51.29031,-25.0465],[-51.28972,-25.04746],[-51.28645,-25.04797],[-51.28491,-25.04885],[-51.28137,-25.05147],[-51.28,-25.05186],[-51.27938,-25.05224],[-51.2782,-25.05212],[-51.2775,-25.05288],[-51.27083,-25.05713],[-51.26812,-25.05769],[-51.26325,-25.05576],[-51.26246,-25.05719],[-51.25979,-25.05698],[-51.25509,-25.06164],[-51.25971,-25.06439],[-51.26332,-25.06581],[-51.26887,-25.06957],[-51.27062,-25.07118],[-51.26991,-25.07183],[-51.26963,-25.0724],[-51.26843,-25.07271],[-51.26777,-25.07324],[-51.26694,-25.07312],[-51.26651,-25.07355],[-51.26486,-25.07417],[-51.26414,-25.07471],[-51.26384,-25.07467],[-51.26348,-25.07433],[-51.26225,-25.0744],[-51.26012,-25.07332],[-51.25916,-25.07319],[-51.25898,-25.07297],[-51.25743,-25.07252],[-51.25717,-25.07229],[-51.25613,-25.07204],[-51.25415,-25.07118],[-51.24855,-25.06949],[-51.24843,-25.07052],[-51.24858,-25.07202],[-51.24838,-25.07254],[-51.24693,-25.07362],[-51.24592,-25.07545],[-51.24472,-25.07631],[-51.24457,-25.07707],[-51.24417,-25.07735],[-51.24394,-25.07813],[-51.24191,-25.08029],[-51.23382,-25.07994],[-51.23259,-25.08137],[-51.23124,-25.08222],[-51.22994,-25.0825],[-51.23013,-25.08409],[-51.22901,-25.08542],[-51.2331,-25.08695],[-51.23544,-25.08756],[-51.23962,-25.08919],[-51.24288,-25.09109],[-51.24322,-25.09237],[-51.24313,-25.09392],[-51.24269,-25.09454],[-51.24289,-25.09776],[-51.24265,-25.09922],[-51.24173,-25.09971],[-51.24139,-25.10099],[-51.24173,-25.10254],[-51.24117,-25.10431],[-51.24267,-25.10498]]]}},{"type":"Feature","properties":{"cnuc":"0000.41.3334","nome":"PARQUE ESTADUAL VITÓRIO PIASSA","categoria":"Parque","grupo":"Proteção Integral","esfera":"Estadual","area_ha":107.26,"criacao":"31-07-2009","gestor":"INSTITUTO AMBIENTAL DO PARANÁ - PR","uf":"PARANÁ","plano_manejo":"Sem informação"},"geometry":{"type":"Polygon","coordinates":[[[-52.68014,-26.19801],[-52.68094,-26.19883],[-52.68159,-26.20069],[-52.68144,-26.20112],[-52.68157,-26.20157],[-52.68148,-26.20177],[-52.68191,-26.20282],[-52.68246,-26.20288],[-52.68616,-26.19809],[-52.68623,-26.19737],[-52.6852,-26.19674],[-52.68411,-26.19478],[-52.68379,-26.19233],[-52.68389,-26.19196],[-52.68342,-26.19065],[-52.68325,-26.18948],[-52.67248,-26.18885],[-52.67279,-26.19018],[-52.67343,-26.19087],[-52.67353,-26.19118],[-52.67411,-26.19131],[-52.67412,-26.1917],[-52.67352,-26.19258],[-52.67362,-26.19359],[-52.67411,-26.19378],[-52.67465,-26.19377],[-52.67549,-26.1945],[-52.6762,-26.19647],[-52.67724,-26.19693],[-52.6786,-26.1971],[-52.67921,-26.19759],[-52.68014,-26.19801]]]}},{"type":"Feature","properties":{"cnuc":"0000.41.0498","nome":"ÁREA DE PROTEÇÃO AMBIENTAL ESTADUAL DA ESCARPA DEVONIANA","categoria":"Área de Proteção Ambiental","grupo":"Uso Sustentável","esfera":"Estadual","area_ha":392970.85,"criacao":"30-03-1992","gestor":"INSTITUTO AMBIENTAL DO PARANÁ - PR","uf":"PARANÁ","plano_manejo":"Sim"},"geometry":{"type":"Polygon","coordinates":[[[-49.39276,-24.11627],[-49.39212,-24.11906],[-49.39176,-24.1195],[-49.38989,-24.12082],[-49.38899,-24.12105],[-49.38847,-24.1209],[-49.38794,-24.12045],[-49.38572,-24.1179],[-49.38504,-24.11745],[-49.38455,-24.11733],[-49.38402,-24.11731],[-49.37729,-24.1189],[-49.37638,-24.11897],[-49.37516,-24.11866],[-49.37131,-24.11638],[-49.37036,-24.11612],[-49.36901,-24.11633],[-49.36921,-24.11667],[-49.3691,-24.11702],[-49.36777,-24.11844],[-49.36722,-24.11868],[-49.3659,-24.11862],[-49.36539,-24.11779],[-49.36505,-24.11756],[-49.36443,-24.11753],[-49.3636,-24.11774],[-49.36297,-24.11824],[-49.3624,-24.11906],[-49.36227,-24.1204],[-49.36266,-24.12084],[-49.36307,-24.12104],[-49.36482,-24.12122],[-49.36524,-24.12167],[-49.36531,-24.12225],[-49.36486,-24.12337],[-49.36386,-24.12477],[-49.36239,-24.12757],[-49.36181,-24.12814],[-49.35931,-24.12813],[-49.35857,-24.12846],[-49.35794,-24.12908],[-49.35711,-24.13036],[-49.35626,-24.131],[-49.35543,-24.13096],[-49.35397,-24.13044],[-49.35307,-24.13049],[-49.35128,-24.13283],[-49.35062,-24.13279],[-49.34937,-24.13236],[-49.34751,-24.1321],[-49.34698,-24.13295],[-49.34446,-24.13377],[-49.34356,-24.13447],[-49.34258,-24.13572],[-49.34209,-24.13664],[-49.34185,-24.13742],[-49.34188,-24.13857],[-49.3416,-24.13886],[-49.34096,-24.13882],[-49.33983,-24.13818],[-49.33932,-24.13756],[-49.33855,-24.1361],[-49.33802,-24.13573],[-49.33698,-24.13569],[-49.33616,-24.13629],[-49.33572,-24.13811],[-49.33536,-24.1411],[-49.33606,-24.14325],[-49.33657,-24.14396],[-49.33646,-24.14478],[-49.33608,-24.14522],[-49.33364,-24.14695],[-49.33275,-24.14812],[-49.33186,-24.14893],[-49.33171,-24.1497],[-49.3323,-24.15149],[-49.33326,-24.15258],[-49.33438,-24.15318],[-49.33745,-24.15326],[-49.3383,-24.15382],[-49.33875,-24.15453],[-49.33908,-24.15593],[-49.33952,-24.15682],[-49.33957,-24.15817],[-49.33985,-24.15911],[-49.33918,-24.16136],[-49.33914,-24.16298],[-49.34001,-24.16485],[-49.3401,-24.16622],[-49.33965,-24.16902],[-49.33892,-24.17095],[-49.33899,-24.1728],[-49.33961,-24.17577],[-49.34107,-24.18081],[-49.34179,-24.1848],[-49.34359,-24.18812],[-49.34363,-24.18909],[-49.34572,-24.1911],[-49.34624,-24.19138],[-49.34648,-24.19189],[-49.34592,-24.19358],[-49.34549,-24.19786],[-49.34519,-24.19863],[-49.34431,-24.19949],[-49.34294,-24.19997],[-49.34211,-24.2006],[-49.3411,-24.20164],[-49.34102,-24.20255],[-49.34189,-24.20341],[-49.34271,-24.20396],[-49.34559,-24.20529],[-49.34869,-24.20631],[-49.34944,-24.20673],[-49.35038,-24.20683],[-49.35176,-24.20819],[-49.35267,-24.20818],[-49.35398,-24.2076],[-49.35417,-24.20765],[-49.35522,-24.2088],[-49.3566,-24.20966],[-49.35665,-24.21016],[-49.35634,-24.21143],[-49.35592,-24.21243],[-49.35505,-24.2134],[-49.35473,-24.21452],[-49.3535,-24.21559],[-49.35337,-24.21602],[-49.35345,-24.21705],[-49.35214,-24.21764],[-49.35201,-24.21805],[-49.3522,-24.21879],[-49.35192,-24.21915],[-49.35122,-24.21943],[-49.34948,-24.22062],[-49.34812,-24.22078],[-49.3472,-24.22039],[-49.34559,-24.22153],[-49.34546,-24.22278],[-49.34527,-24.22291],[-49.34451,-24.22309],[-49.34332,-24.22298],[-49.34037,-24.22487],[-49.33896,-24.22514],[-49.33822,-24.226],[-49.33773,-24.22611],[-49.33666,-24.226],[-49.33634,-24.22612],[-49.33596,-24.22652],[-49.3358,-24.22719],[-49.33421,-24.22845],[-49.33419,-24.22895],[-49.33512,-24.22979],[-49.33494,-24.23013],[-49.332,-24.23082],[-49.33149,-24.23145],[-49.3305,-24.23196],[-49.3296,-24.23222],[-49.32924,-24.23274],[-49.32815,-24.23334],[-49.32735,-24.23326],[-49.32575,-24.2342],[-49.32451,-24.23465],[-49.32323,-24.23488],[-49.32238,-24.23572],[-49.32195,-24.23569],[-49.32117,-24.23443],[-49.32077,-24.23451],[-49.32054,-24.23513],[-49.32055,-24.23605],[-49.32086,-24.23664],[-49.32173,-24.23745],[-49.32191,-24.23811],[-49.3217,-24.23853],[-49.32147,-24.23866],[-49.32106,-24.2386],[-49.32078,-24.23819],[-49.32059,-24.23714],[-49.32017,-24.23702],[-49.31949,-24.23745],[-49.31884,-24.23846],[-49.31882,-24.24053],[-49.31997,-24.24252],[-49.32004,-24.24272],[-49.3198,-24.24308],[-49.31922,-24.24322],[-49.3181,-24.2431],[-49.31746,-24.24284],[-49.31671,-24.24212],[-49.31635,-24.242],[-49.31582,-24.24242],[-49.3159,-24.24362],[-49.31555,-24.24393],[-49.31478,-24.24393],[-49.3141,-24.24356],[-49.3133,-24.24279],[-49.31316,-24.24148],[-49.31293,-24.24138],[-49.31268,-24.24153],[-49.31243,-24.24228],[-49.31264,-24.2435],[-49.31169,-24.24473],[-49.3117,-24.24592],[-49.31042,-24.24665],[-49.30994,-24.2474],[-49.30824,-24.24759],[-49.308,-24.24797],[-49.30786,-24.25022],[-49.30766,-24.25033],[-49.30721,-24.25023],[-49.30675,-24.24972],[-49.30655,-24.2497],[-49.30614,-24.24994],[-49.30579,-24.25041],[-49.30487,-24.25057],[-49.30442,-24.25113],[-49.30451,-24.25172],[-49.30564,-24.25213],[-49.30579,-24.2524],[-49.30584,-24.25333],[-49.30542,-24.25437],[-49.30544,-24.2547],[-49.306,-24.25567],[-49.30617,-24.2565],[-49.30815,-24.25688],[-49.30838,-24.25771],[-49.30905,-24.25819],[-49.3091,-24.25857],[-49.30759,-24.25979],[-49.30723,-24.25965],[-49.30573,-24.25809],[-49.30531,-24.25809],[-49.30429,-24.25857],[-49.3027,-24.25822],[-49.30243,-24.25852],[-49.3024,-24.25917],[-49.30298,-24.26013],[-49.30301,-24.26207],[-49.30236,-24.26206],[-49.30117,-24.26133],[-49.30068,-24.2613],[-49.30049,-24.26151],[-49.30052,-24.26223],[-49.30157,-24.26283],[-49.30123,-24.2639],[-49.30155,-24.26417],[-49.3018,-24.26476],[-49.30157,-24.26502],[-49.30051,-24.26534],[-49.29992,-24.26568],[-49.29967,-24.26613],[-49.29984,-24.26649],[-49.29968,-24.2667],[-49.29931,-24.26659],[-49.29869,-24.26583],[-49.29843,-24.26588],[-49.29894,-24.26951],[-49.29874,-24.27074],[-49.29986,-24.27187],[-49.30005,-24.27365],[-49.30135,-24.27416],[-49.30157,-24.27474],[-49.30149,-24.27516],[-49.29951,-24.27702],[-49.29772,-24.27821],[-49.29784,-24.27906],[-49.29809,-24.27958],[-49.298,-24.28055],[-49.29836,-24.28141],[-49.29827,-24.28175],[-49.30057,-24.28162],[-49.30121,-24.28187],[-49.30294,-24.28332],[-49.30412,-24.28521],[-49.30518,-24.28588],[-49.30666,-24.28621],[-49.30692,-24.28652],[-49.30735,-24.28669],[-49.3088,-24.28812],[-49.30945,-24.28828],[-49.31059,-24.28826],[-49.31169,-24.28865],[-49.31514,-24.28872],[-49.31608,-24.28937],[-49.31766,-24.29115],[-49.31896,-24.29176],[-49.32006,-24.29183],[-49.32177,-24.29144],[-49.32906,-24.30211],[-49.3438,-24.32196],[-49.35001,-24.31837],[-49.36696,-24.32513],[-49.3815,-24.32747],[-49.39507,-24.32695],[-49.39837,-24.32506],[-49.3998,-24.3251],[-49.40103,-24.32556],[-49.40221,-24.32556],[-49.40314,-24.32544],[-49.40616,-24.32454],[-49.40793,-24.32434],[-49.40924,-24.32436],[-49.40945,-24.32446],[-49.40971,-24.32547],[-49.41016,-24.32607],[-49.41071,-24.32603],[-49.41127,-24.32563],[-49.41194,-24.32594],[-49.41294,-24.32584],[-49.41337,-24.32615],[-49.41406,-24.32711],[-49.41507,-24.32769],[-49.41753,-24.32783],[-49.41795,-24.32882],[-49.41843,-24.32934],[-49.41956,-24.32951],[-49.42133,-24.32891],[-49.42195,-24.32889],[-49.42434,-24.33001],[-49.42514,-24.33088],[-49.42711,-24.33205],[-49.42751,-24.33288],[-49.42839,-24.33402],[-49.42863,-24.33476],[-49.42946,-24.33568],[-49.42953,-24.3364],[-49.43863,-24.3295],[-49.43993,-24.3291],[-49.44178,-24.32796],[-49.44232,-24.32779],[-49.44301,-24.32795],[-49.44332,-24.3283],[-49.44353,-24.32912],[-49.44419,-24.32966],[-49.44638,-24.33027],[-49.44847,-24.33035],[-49.44887,-24.33049],[-49.44958,-24.33118],[-49.45119,-24.33344],[-49.45186,-24.33413],[-49.45233,-24.33518],[-49.4531,-24.33546],[-49.4538,-24.33523],[-49.45448,-24.33411],[-49.45485,-24.33386],[-49.45553,-24.33439],[-49.45594,-24.33523],[-49.45634,-24.33558],[-49.45688,-24.33546],[-49.45742,-24.3347],[-49.45785,-24.33443],[-49.45926,-24.33458],[-49.46046,-24.33395],[-49.46156,-24.3339],[-49.46343,-24.33222],[-49.46478,-24.33157],[-49.46535,-24.33077],[-49.46583,-24.33049],[-49.46741,-24.33068],[-49.46906,-24.33161],[-49.46973,-24.33219],[-49.47089,-24.33219],[-49.47211,-24.33244],[-49.4721,-24.33299],[-49.47151,-24.33374],[-49.47161,-24.33456],[-49.47279,-24.3358],[-49.47414,-24.33666],[-49.47501,-24.33747],[-49.4755,-24.33818],[-49.47606,-24.33859],[-49.47553,-24.33878],[-49.47335,-24.3406],[-49.47214,-24.34096],[-49.47164,-24.34146],[-49.47174,-24.34246],[-49.4713,-24.34278],[-49.47127,-24.34302],[-49.47187,-24.3453],[-49.47308,-24.34706],[-49.47362,-24.34712],[-49.47416,-24.34694],[-49.47431,-24.34702],[-49.47438,-24.34744],[-49.47298,-24.3487],[-49.47301,-24.34929],[-49.47349,-24.35005],[-49.47353,-24.35069],[-49.47333,-24.35152],[-49.4726,-24.35292],[-49.47207,-24.35525],[-49.47152,-24.35593],[-49.47049,-24.35645],[-49.46981,-24.35739],[-49.46928,-24.35781],[-49.46978,-24.35877],[-49.46982,-24.35936],[-49.47105,-24.36018],[-49.47219,-24.36068],[-49.47376,-24.3619],[-49.47546,-24.36264],[-49.47599,-24.3631],[-49.4763,-24.36371],[-49.47632,-24.36625],[-49.47662,-24.36657],[-49.47716,-24.36628],[-49.47758,-24.36628],[-49.4782,-24.36688],[-49.47862,-24.3669],[-49.47903,-24.36671],[-49.47975,-24.36716],[-49.48041,-24.36719],[-49.48107,-24.36671],[-49.48087,-24.36575],[-49.48064,-24.36543],[-49.48078,-24.36523],[-49.48106,-24.36519],[-49.48292,-24.36693],[-49.48373,-24.36678],[-49.48492,-24.36723],[-49.48528,-24.36709],[-49.48566,-24.3666],[-49.4861,-24.3657],[-49.48617,-24.36496],[-49.48661,-24.36501],[-49.48736,-24.36548],[-49.488,-24.36628],[-49.48866,-24.36637],[-49.48857,-24.36674],[-49.48818,-24.36719],[-49.4887,-24.36759],[-49.49014,-24.36779],[-49.49115,-24.36751],[-49.49386,-24.36903],[-49.49477,-24.37038],[-49.49598,-24.37327],[-49.49853,-24.37473],[-49.50011,-24.37483],[-49.50198,-24.37431],[-49.50261,-24.37443],[-49.50384,-24.37512],[-49.50525,-24.37501],[-49.51131,-24.41713],[-49.51296,-24.41774],[-49.51401,-24.41769],[-49.51523,-24.4171],[-49.51659,-24.41594],[-49.51742,-24.41474],[-49.51839,-24.41389],[-49.519,-24.41362],[-49.51913,-24.41378],[-49.51936,-24.41375],[-49.52126,-24.413],[-49.52198,-24.41239],[-49.5234,-24.41168],[-49.52437,-24.41091],[-49.52571,-24.40876],[-49.52607,-24.40852],[-49.52643,-24.40776],[-49.52662,-24.40763],[-49.52719,-24.40782],[-49.5276,-24.40715],[-49.52813,-24.40673],[-49.5285,-24.40576],[-49.52852,-24.40493],[-49.52881,-24.40455],[-49.53009,-24.40442],[-49.53113,-24.40404],[-49.53141,-24.40429],[-49.53114,-24.40523],[-49.53151,-24.40541],[-49.53218,-24.40492],[-49.53375,-24.40433],[-49.53465,-24.40377],[-49.53513,-24.40308],[-49.53512,-24.40233],[-49.53546,-24.40165],[-49.53526,-24.40133],[-49.53448,-24.40128],[-49.53433,-24.40114],[-49.53407,-24.40014],[-49.53469,-24.39894],[-49.53525,-24.39838],[-49.53611,-24.39837],[-49.53644,-24.3999],[-49.53688,-24.40004],[-49.53711,-24.40035],[-49.53773,-24.40048],[-49.53939,-24.40039],[-49.53951,-24.40139],[-49.53969,-24.40174],[-49.54,-24.40205],[-49.54041,-24.4021],[-49.54113,-24.40129],[-49.54224,-24.40124],[-49.54391,-24.40076],[-49.54397,-24.40032],[-49.54578,-24.39831],[-49.54685,-24.39808],[-49.54809,-24.39757],[-49.55117,-24.39799],[-49.55173,-24.39831],[-49.55292,-24.39957],[-49.55366,-24.40153],[-49.55453,-24.40286],[-49.55549,-24.40312],[-49.55802,-24.40303],[-49.5595,-24.40194],[-49.56061,-24.40177],[-49.56244,-24.40328],[-49.56334,-24.40454],[-49.56441,-24.4049],[-49.56542,-24.40492],[-49.56638,-24.40458],[-49.56679,-24.40464],[-49.56691,-24.40607],[-49.56704,-24.40621],[-49.56754,-24.40619],[-49.56862,-24.40582],[-49.56966,-24.40588],[-49.56988,-24.40604],[-49.57002,-24.40725],[-49.57067,-24.4074],[-49.57221,-24.40737],[-49.57241,-24.40744],[-49.57261,-24.40806],[-49.573,-24.40835],[-49.57447,-24.40853],[-49.57486,-24.40884],[-49.57526,-24.40949],[-49.57542,-24.41111],[-49.57584,-24.41134],[-49.57609,-24.41172],[-49.57616,-24.41378],[-49.57629,-24.41416],[-49.57767,-24.41425],[-49.5784,-24.41407],[-49.57965,-24.41405],[-49.58006,-24.41482],[-49.58176,-24.41484],[-49.58259,-24.4159],[-49.58489,-24.41581],[-49.58605,-24.41479],[-49.58627,-24.41414],[-49.5869,-24.41328],[-49.58758,-24.41263],[-49.58839,-24.41215],[-49.58893,-24.4109],[-49.59062,-24.4109],[-49.59165,-24.41121],[-49.59258,-24.41083],[-49.59403,-24.41112],[-49.59439,-24.41103],[-49.59529,-24.41017],[-49.59594,-24.41011],[-49.59649,-24.40969],[-49.59748,-24.40945],[-49.59762,-24.40928],[-49.59764,-24.40814],[-49.59789,-24.40708],[-49.59829,-24.40634],[-49.59822,-24.40376],[-49.59792,-24.40324],[-49.59741,-24.40282],[-49.59729,-24.40189],[-49.59684,-24.40129],[-49.59679,-24.4005],[-49.59625,-24.40032],[-49.59585,-24.39988],[-49.59578,-24.39911],[-49.59522,-24.39842],[-49.59528,-24.39749],[-49.5956,-24.39676],[-49.59659,-24.39612],[-49.59688,-24.39536],[-49.59741,-24.39491],[-49.59774,-24.3942],[-49.59859,-24.39344],[-49.59856,-24.39294],[-49.59763,-24.3918],[-49.59766,-24.39122],[-49.59892,-24.3905],[-49.59967,-24.38847],[-49.60177,-24.38721],[-49.60233,-24.38656],[-49.6033,-24.38606],[-49.60343,-24.38529],[-49.60376,-24.38498],[-49.60437,-24.38382],[-49.60504,-24.38368],[-49.60582,-24.38314],[-49.60744,-24.38333],[-49.60868,-24.38322],[-49.60895,-24.38313],[-49.60945,-24.38237],[-49.61022,-24.38222],[-49.61108,-24.3816],[-49.61279,-24.38158],[-49.6137,-24.38096],[-49.61453,-24.38088],[-49.61545,-24.37998],[-49.61647,-24.37999],[-49.61722,-24.37951],[-49.61796,-24.37963],[-49.61873,-24.37936],[-49.61872,-24.37889],[-49.6196,-24.37753],[-49.61952,-24.37656],[-49.61911,-24.37623],[-49.61921,-24.37574],[-49.61952,-24.37561],[-49.61992,-24.37625],[-49.62053,-24.37616],[-49.62114,-24.37505],[-49.62234,-24.37387],[-49.62249,-24.37375],[-49.62325,-24.37385],[-49.62398,-24.37342],[-49.62419,-24.37324],[-49.6244,-24.37259],[-49.62468,-24.37261],[-49.62518,-24.37307],[-49.62566,-24.37287],[-49.62654,-24.37285],[-49.62772,-24.37333],[-49.62893,-24.37344],[-49.62923,-24.37471],[-49.62961,-24.37514],[-49.63088,-24.37623],[-49.63173,-24.3763],[-49.63348,-24.37554],[-49.63416,-24.37537],[-49.63493,-24.37548],[-49.63524,-24.37516],[-49.63524,-24.37482],[-49.63393,-24.37443],[-49.63376,-24.37269],[-49.63401,-24.37221],[-49.63465,-24.37205],[-49.63599,-24.37247],[-49.6366,-24.37242],[-49.63886,-24.37054],[-49.63973,-24.37022],[-49.64024,-24.37051],[-49.64048,-24.37119],[-49.64014,-24.37179],[-49.63852,-24.37301],[-49.6383,-24.37375],[-49.63838,-24.37435],[-49.63874,-24.37442],[-49.63913,-24.37427],[-49.64231,-24.37274],[-49.64284,-24.37246],[-49.64358,-24.37147],[-49.64402,-24.37138],[-49.64443,-24.3716],[-49.64473,-24.37246],[-49.64452,-24.37377],[-49.64496,-24.37415],[-49.64608,-24.37438],[-49.64667,-24.37385],[-49.6476,-24.37357],[-49.648,-24.37311],[-49.64932,-24.37307],[-49.65011,-24.37244],[-49.65077,-24.37047],[-49.65091,-24.36779],[-49.6513,-24.36706],[-49.65197,-24.36665],[-49.65259,-24.36562],[-49.6531,-24.36525],[-49.6534,-24.3652],[-49.65416,-24.36573],[-49.65458,-24.36574],[-49.6556,-24.36498],[-49.65785,-24.36429],[-49.65829,-24.36369],[-49.65894,-24.36341],[-49.65935,-24.36243],[-49.65955,-24.36145],[-49.65999,-24.36098],[-49.6608,-24.3608],[-49.66077,-24.36173],[-49.66108,-24.36211],[-49.66276,-24.36177],[-49.66315,-24.36184],[-49.66404,-24.3624],[-49.66608,-24.36209],[-49.66598,-24.36181],[-49.6651,-24.3615],[-49.66514,-24.36059],[-49.66487,-24.3602],[-49.66463,-24.35919],[-49.66474,-24.3588],[-49.66585,-24.35719],[-49.66727,-24.35691],[-49.66897,-24.35692],[-49.66998,-24.35667],[-49.67146,-24.35768],[-49.67199,-24.35785],[-49.67468,-24.35624],[-49.67479,-24.35537],[-49.67459,-24.35466],[-49.67473,-24.35429],[-49.67539,-24.35406],[-49.67578,-24.35372],[-49.67672,-24.3537],[-49.67744,-24.35326],[-49.67847,-24.35318],[-49.67894,-24.35338],[-49.67939,-24.35431],[-49.67967,-24.35457],[-49.68075,-24.35427],[-49.68154,-24.35437],[-49.68223,-24.35527],[-49.6834,-24.35582],[-49.68364,-24.35658],[-49.68426,-24.35701],[-49.6846,-24.35706],[-49.68514,-24.3565],[-49.68589,-24.35468],[-49.68616,-24.35436],[-49.68735,-24.35438],[-49.68826,-24.35366],[-49.68932,-24.35308],[-49.68986,-24.35317],[-49.69075,-24.35361],[-49.69164,-24.35365],[-49.69183,-24.35339],[-49.69179,-24.35277],[-49.69215,-24.35287],[-49.69285,-24.3526],[-49.69331,-24.35276],[-49.69343,-24.35384],[-49.69473,-24.35507],[-49.69524,-24.35627],[-49.69656,-24.35784],[-49.69767,-24.35905],[-49.69885,-24.35938],[-49.69916,-24.35975],[-49.69902,-24.36017],[-49.69833,-24.36087],[-49.6979,-24.36206],[-49.69738,-24.36278],[-49.69769,-24.3641],[-49.69746,-24.36498],[-49.6969,-24.36609],[-49.69688,-24.36714],[-49.69809,-24.36855],[-49.69879,-24.36864],[-49.69931,-24.36939],[-49.69972,-24.36965],[-49.70099,-24.36977],[-49.70218,-24.37064],[-49.7038,-24.3707],[-49.70412,-24.37102],[-49.70408,-24.37181],[-49.70589,-24.37278],[-49.70648,-24.37337],[-49.70774,-24.37575],[-49.7088,-24.37724],[-49.70986,-24.38092],[-49.71047,-24.38214],[-49.71049,-24.38316],[-49.71,-24.38595],[-49.71089,-24.38724],[-49.71123,-24.38756],[-49.71243,-24.38795],[-49.7144,-24.38761],[-49.71759,-24.38752],[-49.71881,-24.38805],[-49.71948,-24.38873],[-49.72038,-24.38909],[-49.72037,-24.39087],[-49.71996,-24.39173],[-49.72081,-24.39167],[-49.72214,-24.39197],[-49.72278,-24.39229],[-49.72373,-24.39319],[-49.72533,-24.3942],[-49.72692,-24.39643],[-49.72732,-24.39676],[-49.73133,-24.39631],[-49.73241,-24.39592],[-49.73406,-24.396],[-49.74748,-24.4152],[-49.76402,-24.41692],[-49.79618,-24.42939],[-49.84293,-24.42246],[-49.86591,-24.40353],[-49.86604,-24.43722],[-49.89228,-24.46263],[-49.93386,-24.48362],[-49.97299,-24.48901],[-49.99705,-24.49548],[-50.01406,-24.50564],[-50.02498,-24.50354],[-50.04087,-24.50857],[-50.05174,-24.52302],[-50.07939,-24.54092],[-50.08902,-24.54945],[-50.09092,-24.55478],[-50.08718,-24.5652],[-50.0949,-24.56751],[-50.09734,-24.57003],[-50.09531,-24.57161],[-50.09434,-24.57296],[-50.09304,-24.57397],[-50.09063,-24.5747],[-50.08962,-24.57535],[-50.0872,-24.57646],[-50.08591,-24.57751],[-50.08482,-24.57868],[-50.08422,-24.57969],[-50.08404,-24.58022],[-50.0842,-24.58084],[-50.06917,-24.5853],[-50.06835,-24.58513],[-50.06787,-24.58584],[-50.06397,-24.58742],[-50.06349,-24.58782],[-50.06185,-24.58846],[-50.06168,-24.58939],[-50.06143,-24.58973],[-50.05986,-24.59052],[-50.05831,-24.59322],[-50.05813,-24.59399],[-50.05544,-24.59638],[-50.05442,-24.59654],[-50.0534,-24.59728],[-50.05282,-24.59661],[-50.05112,-24.59559],[-50.05051,-24.59551],[-50.04905,-24.59645],[-50.04837,-24.5972],[-50.04981,-24.59736],[-50.0499,-24.59753],[-50.04964,-24.59803],[-50.0503,-24.59803],[-50.05045,-24.59818],[-50.05084,-24.59936],[-50.05077,-24.59962],[-50.05031,-24.59972],[-50.04973,-24.59918],[-50.04914,-24.59923],[-50.04924,-24.59974],[-50.04996,-24.59981],[-50.05021,-24.60043],[-50.05013,-24.60104],[-50.04922,-24.60133],[-50.04896,-24.60176],[-50.0498,-24.60207],[-50.04984,-24.60253],[-50.04939,-24.6026],[-50.04897,-24.60218],[-50.04865,-24.60215],[-50.04809,-24.60265],[-50.04934,-24.60332],[-50.04935,-24.60369],[-50.04893,-24.60451],[-50.0502,-24.60529],[-50.0504,-24.60561],[-50.05018,-24.60598],[-50.04932,-24.606],[-50.04915,-24.60614],[-50.04925,-24.60654],[-50.05013,-24.6068],[-50.05029,-24.60693],[-50.05028,-24.60717],[-50.04906,-24.60733],[-50.04888,-24.60762],[-50.04905,-24.60819],[-50.0499,-24.60801],[-50.05037,-24.60857],[-50.05026,-24.60877],[-50.04983,-24.60884],[-50.04907,-24.6087],[-50.04933,-24.60911],[-50.04907,-24.60951],[-50.04997,-24.6112],[-50.04976,-24.61167],[-50.04985,-24.61201],[-50.05021,-24.61251],[-50.05091,-24.613],[-50.05149,-24.61297],[-50.05193,-24.61209],[-50.05271,-24.6116],[-50.05285,-24.61059],[-50.05575,-24.60862],[-50.05607,-24.60776],[-50.05677,-24.6079],[-50.05765,-24.60669],[-50.05815,-24.60636],[-50.05839,-24.6064],[-50.05877,-24.60678],[-50.05825,-24.60732],[-50.05826,-24.60753],[-50.05866,-24.60763],[-50.05886,-24.60752],[-50.05993,-24.60592],[-50.06024,-24.60492],[-50.06075,-24.60439],[-50.06076,-24.60296],[-50.06181,-24.60292],[-50.06204,-24.60194],[-50.06262,-24.60159],[-50.06414,-24.60113],[-50.06454,-24.60115],[-50.0651,-24.60195],[-50.06532,-24.60197],[-50.0655,-24.60116],[-50.06588,-24.60082],[-50.0661,-24.60093],[-50.06646,-24.60168],[-50.06677,-24.60196],[-50.06717,-24.6019],[-50.06772,-24.60152],[-50.06779,-24.60191],[-50.0674,-24.60244],[-50.06745,-24.60271],[-50.0677,-24.60288],[-50.06814,-24.60289],[-50.06905,-24.60226],[-50.06937,-24.60243],[-50.06927,-24.60298],[-50.06944,-24.60318],[-50.07197,-24.60311],[-50.07325,-24.60388],[-50.07366,-24.60385],[-50.07398,-24.60359],[-50.07425,-24.60364],[-50.07466,-24.60427],[-50.07458,-24.605],[-50.0757,-24.60553],[-50.07611,-24.60627],[-50.07749,-24.60706],[-50.07806,-24.60784],[-50.07856,-24.60794],[-50.07961,-24.60748],[-50.07936,-24.60804],[-50.0788,-24.60856],[-50.07918,-24.60903],[-50.07913,-24.60923],[-50.07867,-24.6093],[-50.07904,-24.60991],[-50.07864,-24.6107],[-50.07903,-24.61132],[-50.07877,-24.61143],[-50.07828,-24.61105],[-50.07803,-24.61115],[-50.0779,-24.61143],[-50.07808,-24.61179],[-50.07901,-24.61242],[-50.0805,-24.61296],[-50.08064,-24.6137],[-50.08088,-24.61406],[-50.083,-24.61464],[-50.0849,-24.61567],[-50.08585,-24.61577],[-50.08658,-24.61661],[-50.08831,-24.61634],[-50.08911,-24.61756],[-50.0894,-24.61775],[-50.09,-24.61761],[-50.08997,-24.61697],[-50.0903,-24.61685],[-50.09168,-24.61811],[-50.09161,-24.61832],[-50.0908,-24.61849],[-50.09078,-24.61868],[-50.09173,-24.61876],[-50.09237,-24.61915],[-50.09279,-24.61916],[-50.09322,-24.61874],[-50.09295,-24.61806],[-50.09348,-24.61777],[-50.09417,-24.61835],[-50.09499,-24.61834],[-50.09555,-24.61816],[-50.09635,-24.6187],[-50.09683,-24.61864],[-50.0971,-24.61812],[-50.09789,-24.61848],[-50.09848,-24.61813],[-50.0984,-24.61886],[-50.09877,-24.61879],[-50.09905,-24.61844],[-50.09942,-24.61831],[-50.10051,-24.61839],[-50.10107,-24.61913],[-50.10123,-24.62041],[-50.10101,-24.62114],[-50.10158,-24.62083],[-50.10189,-24.62083],[-50.1022,-24.6211],[-50.1023,-24.6219],[-50.10275,-24.62195],[-50.10297,-24.62234],[-50.10318,-24.62389],[-50.10355,-24.62384],[-50.10383,-24.62352],[-50.10415,-24.62365],[-50.10416,-24.62405],[-50.10358,-24.62472],[-50.10439,-24.6245],[-50.1046,-24.62464],[-50.10479,-24.62679],[-50.105,-24.62674],[-50.10516,-24.62617],[-50.10539,-24.62621],[-50.10573,-24.62665],[-50.10576,-24.627],[-50.10536,-24.62751],[-50.10539,-24.6278],[-50.1063,-24.62802],[-50.10654,-24.62825],[-50.10656,-24.62853],[-50.1061,-24.62919],[-50.10516,-24.62958],[-50.10516,-24.62978],[-50.1058,-24.62999],[-50.10605,-24.63032],[-50.10593,-24.63071],[-50.10532,-24.63063],[-50.1053,-24.63135],[-50.10556,-24.63167],[-50.10598,-24.63178],[-50.10699,-24.63113],[-50.10741,-24.63118],[-50.1076,-24.63154],[-50.10748,-24.63198],[-50.10677,-24.63172],[-50.10649,-24.63196],[-50.10682,-24.63266],[-50.10761,-24.63262],[-50.10752,-24.63309],[-50.10766,-24.63337],[-50.10859,-24.63356],[-50.10844,-24.63402],[-50.10853,-24.63418],[-50.10928,-24.63419],[-50.10971,-24.63363],[-50.11016,-24.63381],[-50.11083,-24.63607],[-50.11124,-24.63643],[-50.11188,-24.63668],[-50.11211,-24.63702],[-50.11213,-24.63784],[-50.11254,-24.63836],[-50.11309,-24.63989],[-50.11291,-24.64079],[-50.11366,-24.64073],[-50.11389,-24.64143],[-50.11418,-24.64159],[-50.11468,-24.64159],[-50.11527,-24.64124],[-50.11717,-24.64197],[-50.11807,-24.64213],[-50.11837,-24.64265],[-50.11813,-24.64314],[-50.11818,-24.64339],[-50.11898,-24.64407],[-50.12089,-24.64381],[-50.1215,-24.64396],[-50.12147,-24.64458],[-50.11954,-24.64571],[-50.11981,-24.64633],[-50.12068,-24.64721],[-50.12063,-24.6495],[-50.12075,-24.64985],[-50.12169,-24.65093],[-50.12384,-24.65141],[-50.12409,-24.65163],[-50.12415,-24.652],[-50.12388,-24.65227],[-50.12234,-24.65214],[-50.12035,-24.65277],[-50.11918,-24.65283],[-50.1184,-24.6533],[-50.11787,-24.65385],[-50.11754,-24.65438],[-50.11751,-24.65477],[-50.11796,-24.65491],[-50.12178,-24.65466],[-50.12212,-24.65497],[-50.12164,-24.65571],[-50.12176,-24.65605],[-50.12253,-24.65586],[-50.12313,-24.65589],[-50.12323,-24.65656],[-50.12299,-24.65711],[-50.1234,-24.6577],[-50.12339,-24.65826],[-50.12359,-24.65879],[-50.12407,-24.65949],[-50.12469,-24.65937],[-50.12491,-24.65998],[-50.12555,-24.66024],[-50.12565,-24.66086],[-50.12616,-24.66181],[-50.12625,-24.66261],[-50.12614,-24.66304],[-50.12553,-24.66388],[-50.12565,-24.66412],[-50.126,-24.66413],[-50.12675,-24.66311],[-50.1271,-24.66311],[-50.12894,-24.66557],[-50.12939,-24.66569],[-50.1295,-24.66535],[-50.12931,-24.66482],[-50.12947,-24.66453],[-50.13121,-24.6636],[-50.13254,-24.66232],[-50.13412,-24.66152],[-50.13454,-24.66146],[-50.1352,-24.66177],[-50.13518,-24.66273],[-50.13535,-24.66293],[-50.13586,-24.66297],[-50.13653,-24.66256],[-50.13716,-24.66281],[-50.13715,-24.66366],[-50.13814,-24.66493],[-50.14008,-24.66533],[-50.14038,-24.66521],[-50.14048,-24.66497],[-50.14068,-24.66275],[-50.14108,-24.66208],[-50.14144,-24.66198],[-50.14204,-24.66221],[-50.14276,-24.66224],[-50.14338,-24.66254],[-50.14344,-24.66301],[-50.1431,-24.66321],[-50.14173,-24.6633],[-50.14158,-24.66349],[-50.1416,-24.66383],[-50.14276,-24.6643],[-50.1425,-24.66495],[-50.14302,-24.66597],[-50.14436,-24.66611],[-50.14463,-24.66646],[-50.14349,-24.66791],[-50.14344,-24.66835],[-50.14418,-24.66827],[-50.1449,-24.66755],[-50.14574,-24.66753],[-50.14709,-24.66801],[-50.1472,-24.66829],[-50.147,-24.66876],[-50.14728,-24.66926],[-50.14791,-24.66932],[-50.14883,-24.66861],[-50.14916,-24.66858],[-50.14991,-24.66974],[-50.14985,-24.67025],[-50.14851,-24.6708],[-50.14826,-24.67119],[-50.1486,-24.67196],[-50.1484,-24.67264],[-50.1482,-24.6728],[-50.14707,-24.67277],[-50.14636,-24.67344],[-50.14591,-24.67338],[-50.14501,-24.67274],[-50.14395,-24.67107],[-50.14316,-24.67074],[-50.14203,-24.67079],[-50.1419,-24.67094],[-50.14195,-24.67126],[-50.14312,-24.67175],[-50.14341,-24.67206],[-50.14326,-24.67275],[-50.1409,-24.67432],[-50.14041,-24.67501],[-50.13886,-24.67645],[-50.1386,-24.67697],[-50.13873,-24.67742],[-50.14029,-24.67826],[-50.14136,-24.67964],[-50.14178,-24.68032],[-50.14185,-24.68116],[-50.14225,-24.68174],[-50.14284,-24.68199],[-50.14465,-24.68198],[-50.14531,-24.68236],[-50.14521,-24.68359],[-50.14549,-24.68468],[-50.14717,-24.68629],[-50.1463,-24.6869],[-50.14548,-24.68797],[-50.14461,-24.69025],[-50.14472,-24.69108],[-50.14602,-24.69195],[-50.14963,-24.69212],[-50.14995,-24.69237],[-50.15026,-24.69298],[-50.14976,-24.69475],[-50.14962,-24.69697],[-50.1494,-24.69757],[-50.14869,-24.69865],[-50.14793,-24.69865],[-50.14756,-24.69924],[-50.14756,-24.69983],[-50.14818,-24.70071],[-50.14804,-24.70174],[-50.14749,-24.7023],[-50.14691,-24.70254],[-50.14544,-24.70358],[-50.14408,-24.70477],[-50.14254,-24.70645],[-50.14163,-24.70821],[-50.14158,-24.70869],[-50.14181,-24.70909],[-50.1425,-24.70974],[-50.14372,-24.71049],[-50.14379,-24.71077],[-50.14339,-24.71245],[-50.14243,-24.71345],[-50.14214,-24.71415],[-50.1418,-24.71446],[-50.14105,-24.71474],[-50.14035,-24.71533],[-50.1402,-24.71581],[-50.14028,-24.71603],[-50.1413,-24.71661],[-50.14154,-24.71701],[-50.14136,-24.71738],[-50.1405,-24.71807],[-50.14028,-24.71925],[-50.13756,-24.72004],[-50.1367,-24.72051],[-50.13556,-24.72166],[-50.13415,-24.72185],[-50.13337,-24.72287],[-50.13123,-24.72354],[-50.13025,-24.72465],[-50.12977,-24.72484],[-50.12853,-24.72489],[-50.12791,-24.72526],[-50.12784,-24.72575],[-50.12836,-24.72624],[-50.12939,-24.72681],[-50.13072,-24.7271],[-50.13108,-24.72752],[-50.13101,-24.72827],[-50.12963,-24.7291],[-50.12893,-24.7292],[-50.12739,-24.72881],[-50.12499,-24.72785],[-50.12319,-24.72733],[-50.11977,-24.72786],[-50.11783,-24.72785],[-50.11751,-24.72762],[-50.11742,-24.72723],[-50.11793,-24.72589],[-50.11609,-24.72414],[-50.11569,-24.72429],[-50.11523,-24.72495],[-50.11513,-24.72579],[-50.11366,-24.72713],[-50.11162,-24.72948],[-50.11139,-24.73007],[-50.11161,-24.73057],[-50.11244,-24.73114],[-50.11345,-24.73225],[-50.11443,-24.73276],[-50.11554,-24.73414],[-50.11795,-24.73647],[-50.11823,-24.737],[-50.11929,-24.73772],[-50.1195,-24.73806],[-50.11864,-24.73996],[-50.1183,-24.74036],[-50.11476,-24.74363],[-50.11417,-24.74399],[-50.11304,-24.74408],[-50.11244,-24.74476],[-50.11217,-24.7455],[-50.11189,-24.74738],[-50.11203,-24.74914],[-50.11171,-24.74948],[-50.1115,-24.75016],[-50.11188,-24.752],[-50.11173,-24.7541],[-50.11186,-24.75473],[-50.11202,-24.75485],[-50.11484,-24.7548],[-50.11526,-24.75497],[-50.11563,-24.75547],[-50.11687,-24.75641],[-50.11698,-24.75717],[-50.11753,-24.75751],[-50.11775,-24.75856],[-50.11803,-24.75891],[-50.11815,-24.75942],[-50.11927,-24.75918],[-50.12229,-24.75916],[-50.12407,-24.75886],[-50.13101,-24.75508],[-50.13335,-24.75522],[-50.13767,-24.75599],[-50.13821,-24.75625],[-50.14265,-24.7596],[-50.14449,-24.76006],[-50.14506,-24.76039],[-50.14871,-24.76354],[-50.14821,-24.7643],[-50.14819,-24.76495],[-50.14761,-24.7653],[-50.1474,-24.76591],[-50.1465,-24.76661],[-50.14619,-24.76739],[-50.14518,-24.76822],[-50.14493,-24.76874],[-50.14542,-24.76913],[-50.14561,-24.76971],[-50.14618,-24.76994],[-50.14661,-24.77036],[-50.14744,-24.77043],[-50.14836,-24.77168],[-50.14776,-24.77405],[-50.13378,-24.79527],[-50.13159,-24.79546],[-50.13091,-24.79593],[-50.13084,-24.79664],[-50.1303,-24.79686],[-50.12911,-24.79671],[-50.12888,-24.7974],[-50.1276,-24.79937],[-50.1266,-24.79979],[-50.12559,-24.79995],[-50.12263,-24.80184],[-50.12027,-24.80238],[-50.11902,-24.80375],[-50.11876,-24.80426],[-50.11797,-24.8049],[-50.11742,-24.80613],[-50.11657,-24.80679],[-50.11632,-24.80837],[-50.11591,-24.80899],[-50.1153,-24.80944],[-50.11416,-24.81112],[-50.11374,-24.81131],[-50.11418,-24.8122],[-50.11624,-24.81409],[-50.11722,-24.81579],[-50.11656,-24.81618],[-50.11586,-24.81713],[-50.11531,-24.81753],[-50.11407,-24.81777],[-50.11354,-24.8186],[-50.11169,-24.81943],[-50.11195,-24.82015],[-50.11119,-24.82041],[-50.1102,-24.82165],[-50.10924,-24.82188],[-50.10906,-24.82239],[-50.10862,-24.82279],[-50.10867,-24.82335],[-50.10897,-24.82361],[-50.10832,-24.82484],[-50.10825,-24.82573],[-50.10786,-24.82616],[-50.10777,-24.82655],[-50.10725,-24.82687],[-50.10725,-24.82724],[-50.10751,-24.82777],[-50.10687,-24.82824],[-50.10645,-24.8291],[-50.10644,-24.83003],[-50.1056,-24.83059],[-50.10508,-24.83182],[-50.10438,-24.83253],[-50.10391,-24.83334],[-50.10411,-24.83406],[-50.10411,-24.83501],[-50.10392,-24.83555],[-50.10401,-24.83672],[-50.10411,-24.83708],[-50.10471,-24.83773],[-50.10457,-24.83821],[-50.10278,-24.84112],[-50.09686,-24.84798],[-50.09585,-24.84869],[-50.09438,-24.84889],[-50.09407,-24.84913],[-50.09425,-24.84946],[-50.09288,-24.84982],[-50.09126,-24.85068],[-50.09018,-24.85192],[-50.09011,-24.8525],[-50.0904,-24.85575],[-50.09015,-24.8614],[-50.09105,-24.86145],[-50.09144,-24.86175],[-50.09205,-24.86187],[-50.09165,-24.86262],[-50.09152,-24.86349],[-50.09109,-24.86421],[-50.09105,-24.86474],[-50.09041,-24.86535],[-50.09013,-24.86605],[-50.08995,-24.86755],[-50.08962,-24.86834],[-50.08778,-24.86882],[-50.08744,-24.86916],[-50.08756,-24.86975],[-50.08725,-24.87022],[-50.0866,-24.87049],[-50.08479,-24.87048],[-50.08455,-24.87107],[-50.08344,-24.87211],[-50.0825,-24.87248],[-50.08223,-24.87273],[-50.08189,-24.87347],[-50.08132,-24.87404],[-50.08025,-24.87493],[-50.0793,-24.87516],[-50.07939,-24.87551],[-50.08101,-24.87642],[-50.08134,-24.8771],[-50.08128,-24.87786],[-50.08073,-24.87846],[-50.08061,-24.87884],[-50.08066,-24.87967],[-50.08122,-24.88098],[-50.08152,-24.88231],[-50.08146,-24.88287],[-50.08061,-24.8842],[-50.07983,-24.88483],[-50.0792,-24.88499],[-50.07724,-24.88654],[-50.07648,-24.88678],[-50.07552,-24.88639],[-50.07486,-24.88682],[-50.07319,-24.88672],[-50.07226,-24.88714],[-50.07198,-24.88762],[-50.07109,-24.8882],[-50.06981,-24.88847],[-50.06694,-24.89128],[-50.06694,-24.89208],[-50.06576,-24.89303],[-50.06577,-24.89343],[-50.06553,-24.89392],[-50.06505,-24.89367],[-50.06482,-24.89378],[-50.06474,-24.89473],[-50.06311,-24.8975],[-50.06298,-24.89824],[-50.06197,-24.89955],[-50.06228,-24.9],[-50.06235,-24.90074],[-50.06281,-24.90104],[-50.06282,-24.90152],[-50.06343,-24.9018],[-50.0637,-24.90224],[-50.06393,-24.90373],[-50.06555,-24.90563],[-50.06591,-24.90569],[-50.06495,-24.9062],[-50.06416,-24.90704],[-50.06388,-24.90869],[-50.0639,-24.91052],[-50.06323,-24.91107],[-50.0623,-24.91133],[-50.06178,-24.91273],[-50.06117,-24.91357],[-50.06107,-24.91417],[-50.05895,-24.91583],[-50.05793,-24.91618],[-50.05727,-24.9166],[-50.0569,-24.91726],[-50.05593,-24.91773],[-50.05573,-24.91811],[-50.05535,-24.9182],[-50.05529,-24.91901],[-50.05498,-24.91945],[-50.05502,-24.92],[-50.05559,-24.92124],[-50.05547,-24.92276],[-50.05579,-24.92414],[-50.05648,-24.9258],[-50.05654,-24.9269],[-50.05689,-24.92737],[-50.05687,-24.92803],[-50.0562,-24.92879],[-50.05607,-24.92939],[-50.05697,-24.93096],[-50.05739,-24.93123],[-50.05696,-24.93198],[-50.05658,-24.93207],[-50.05706,-24.93632],[-50.06045,-24.94886],[-50.05918,-24.95486],[-50.05484,-24.9641],[-50.05053,-24.99199],[-50.04996,-24.99233],[-50.04869,-24.9925],[-50.04783,-24.9929],[-50.04705,-24.99306],[-50.04339,-24.99314],[-50.04082,-24.99347],[-50.04035,-24.99329],[-50.0385,-24.99332],[-50.03804,-24.99353],[-50.03739,-24.99424],[-50.03699,-24.99444],[-50.03604,-24.9944],[-50.03469,-24.99384],[-50.03396,-24.99385],[-50.03335,-24.99396],[-50.03282,-24.99444],[-50.0319,-24.99477],[-50.03068,-24.99466],[-50.03008,-24.99432],[-50.02925,-24.99344],[-50.02836,-24.99351],[-50.02735,-24.99285],[-50.02633,-24.99409],[-50.02504,-24.99504],[-50.02539,-24.99623],[-50.02543,-24.99707],[-50.02513,-24.99829],[-50.02482,-24.99887],[-50.02416,-24.99928],[-50.02286,-24.99944],[-50.02229,-24.99972],[-50.02038,-24.99733],[-50.00764,-24.99462],[-49.99339,-25.00248],[-49.99025,-25.01425],[-49.97696,-25.01998],[-49.98377,-25.02628],[-49.9885,-25.02466],[-49.98956,-25.02462],[-49.99095,-25.02406],[-49.99109,-25.02387],[-49.99093,-25.02317],[-49.99101,-25.02285],[-49.99167,-25.02262],[-49.9917,-25.02142],[-49.99202,-25.02113],[-49.99469,-25.02082],[-49.9959,-25.02105],[-49.9973,-25.02106],[-49.99854,-25.02143],[-49.99988,-25.02119],[-50.00071,-25.02045],[-50.00048,-25.0188],[-50.00132,-25.01719],[-50.00166,-25.01687],[-50.00314,-25.01697],[-50.00627,-25.01642],[-50.00795,-25.0181],[-50.00963,-25.02034],[-50.00957,-25.02274],[-50.00912,-25.02421],[-50.00876,-25.02685],[-50.01386,-25.04186],[-50.00008,-25.05016],[-49.97775,-25.0596],[-49.97492,-25.06715],[-49.95936,-25.07889],[-49.96174,-25.09437],[-49.9531,-25.10498],[-49.94904,-25.11408],[-49.94731,-25.12856],[-49.95067,-25.13806],[-49.94078,-25.13302],[-49.9332,-25.14264],[-49.90916,-25.14495],[-49.9166,-25.16246],[-49.89258,-25.16092],[-49.89415,-25.16899],[-49.8871,-25.17339],[-49.88487,-25.17922],[-49.87564,-25.18408],[-49.86558,-25.19099],[-49.82464,-25.21511],[-49.80906,-25.21947],[-49.80622,-25.23154],[-49.80429,-25.24524],[-49.80721,-25.24905],[-49.80939,-25.25546],[-49.80778,-25.269],[-49.78654,-25.27078],[-49.76844,-25.26908],[-49.75126,-25.29817],[-49.75454,-25.30016],[-49.75613,-25.29993],[-49.7574,-25.30026],[-49.7591,-25.30024],[-49.7599,-25.30101],[-49.76002,-25.30198],[-49.7602,-25.3024],[-49.76068,-25.30281],[-49.76082,-25.30352],[-49.76266,-25.30456],[-49.76275,-25.30541],[-49.76316,-25.30559],[-49.76363,-25.30644],[-49.76413,-25.3069],[-49.76544,-25.30751],[-49.76634,-25.30771],[-49.76678,-25.30829],[-49.76658,-25.30863],[-49.76671,-25.30882],[-49.76906,-25.30963],[-49.76949,-25.31016],[-49.7702,-25.31003],[-49.77052,-25.31077],[-49.77165,-25.31124],[-49.7721,-25.31118],[-49.77261,-25.31082],[-49.77303,-25.31091],[-49.77329,-25.31131],[-49.77344,-25.31222],[-49.77299,-25.31336],[-49.77395,-25.31333],[-49.77484,-25.31412],[-49.77566,-25.3146],[-49.7756,-25.31545],[-49.77642,-25.31585],[-49.77666,-25.31616],[-49.77652,-25.31661],[-49.77597,-25.31708],[-49.77616,-25.31757],[-49.77572,-25.31806],[-49.77469,-25.31823],[-49.77433,-25.31849],[-49.77424,-25.31891],[-49.77464,-25.31963],[-49.77456,-25.32004],[-49.77345,-25.32067],[-49.77271,-25.32091],[-49.77216,-25.32143],[-49.7729,-25.32151],[-49.77466,-25.32266],[-49.77506,-25.32317],[-49.77503,-25.3235],[-49.77473,-25.32397],[-49.77563,-25.32583],[-49.77549,-25.32822],[-49.77582,-25.32986],[-49.7757,-25.33013],[-49.77441,-25.33109],[-49.77472,-25.33181],[-49.77473,-25.33225],[-49.77447,-25.33242],[-49.77377,-25.3324],[-49.77353,-25.33264],[-49.75867,-25.33008],[-49.74866,-25.33198],[-49.7407,-25.33307],[-49.72975,-25.33908],[-49.71526,-25.341],[-49.70542,-25.36693],[-49.70596,-25.36698],[-49.70622,-25.36724],[-49.70674,-25.3672],[-49.70699,-25.36756],[-49.70742,-25.36774],[-49.70803,-25.36832],[-49.70851,-25.36843],[-49.70851,-25.36917],[-49.70899,-25.36958],[-49.70971,-25.36991],[-49.71045,-25.3699],[-49.71076,-25.3701],[-49.71085,-25.37076],[-49.71051,-25.37138],[-49.7108,-25.37166],[-49.71086,-25.37233],[-49.71138,-25.37276],[-49.7113,-25.37319],[-49.71158,-25.37413],[-49.71182,-25.37429],[-49.71247,-25.37423],[-49.71274,-25.37507],[-49.71372,-25.37598],[-49.71375,-25.3762],[-49.71344,-25.37636],[-49.71351,-25.37677],[-49.71334,-25.37757],[-49.71365,-25.3778],[-49.71437,-25.37795],[-49.71461,-25.37849],[-49.70939,-25.38429],[-49.70056,-25.39703],[-49.69291,-25.42622],[-49.67747,-25.43902],[-49.66037,-25.44164],[-49.64434,-25.43459],[-49.61923,-25.4379],[-49.62034,-25.45982],[-49.6156,-25.47007],[-49.62618,-25.48739],[-49.63038,-25.49232],[-49.63386,-25.49885],[-49.64773,-25.50939],[-49.66513,-25.54004],[-49.67908,-25.56742],[-49.679,-25.59007],[-49.68067,-25.59082],[-49.68123,-25.59153],[-49.68111,-25.59341],[-49.6818,-25.5953],[-49.68199,-25.59746],[-49.68281,-25.59908],[-49.68591,-25.60231],[-49.68758,-25.60501],[-49.68816,-25.6056],[-49.68881,-25.60594],[-49.68817,-25.60619],[-49.68805,-25.60684],[-49.68838,-25.60752],[-49.68834,-25.60773],[-49.68762,-25.6077],[-49.68754,-25.60832],[-49.68715,-25.6086],[-49.68718,-25.60873],[-49.68781,-25.60859],[-49.6879,-25.60875],[-49.6876,-25.60899],[-49.68625,-25.60929],[-49.68559,-25.60994],[-49.68512,-25.61081],[-49.68455,-25.61078],[-49.68429,-25.61092],[-49.6844,-25.61167],[-49.68418,-25.61234],[-49.68419,-25.61289],[-49.68278,-25.61483],[-49.68259,-25.61588],[-49.68276,-25.61732],[-49.68262,-25.61781],[-49.68277,-25.61825],[-49.68272,-25.61874],[-49.68339,-25.61942],[-49.6836,-25.62031],[-49.68313,-25.62105],[-49.6826,-25.62123],[-49.68232,-25.62162],[-49.68166,-25.62186],[-49.68091,-25.62244],[-49.68085,-25.62296],[-49.67935,-25.62446],[-49.67896,-25.6253],[-49.67927,-25.62579],[-49.67903,-25.6267],[-49.67931,-25.62753],[-49.67911,-25.62802],[-49.67849,-25.62829],[-49.67815,-25.62888],[-49.67823,-25.62967],[-49.67805,-25.63008],[-49.67819,-25.6307],[-49.67767,-25.63158],[-49.67772,-25.63187],[-49.67755,-25.63223],[-49.67766,-25.63267],[-49.67745,-25.63305],[-49.67755,-25.63348],[-49.67744,-25.63394],[-49.67703,-25.63435],[-49.67707,-25.63496],[-49.67727,-25.63523],[-49.67705,-25.63571],[-49.67719,-25.63617],[-49.67683,-25.63631],[-49.67635,-25.63609],[-49.67606,-25.63616],[-49.67609,-25.6372],[-49.67543,-25.63712],[-49.67515,-25.63733],[-49.6752,-25.63782],[-49.67456,-25.63834],[-49.67424,-25.63952],[-49.67404,-25.63971],[-49.67289,-25.64004],[-49.67268,-25.64056],[-49.67335,-25.64178],[-49.67371,-25.64213],[-49.67353,-25.64269],[-49.67374,-25.64295],[-49.6748,-25.64328],[-49.67509,-25.64375],[-49.67555,-25.64406],[-49.67572,-25.64481],[-49.67611,-25.64549],[-49.67586,-25.6465],[-49.67615,-25.64724],[-49.67604,-25.64754],[-49.67545,-25.64759],[-49.6753,-25.64776],[-49.67535,-25.64894],[-49.67511,-25.64942],[-49.67511,-25.64999],[-49.6746,-25.65024],[-49.67491,-25.65117],[-49.67475,-25.65202],[-49.67443,-25.65264],[-49.67367,-25.65347],[-49.67208,-25.6547],[-49.67181,-25.65511],[-49.67219,-25.65589],[-49.67146,-25.65776],[-49.67166,-25.65842],[-49.67182,-25.66072],[-49.67128,-25.66131],[-49.67151,-25.66195],[-49.67132,-25.66267],[-49.67106,-25.66324],[-49.67056,-25.6637],[-49.67043,-25.66417],[-49.67076,-25.66709],[-49.67145,-25.66824],[-49.67214,-25.66849],[-49.67231,-25.66884],[-49.67187,-25.66974],[-49.6715,-25.67011],[-49.67145,-25.6711],[-49.67062,-25.67329],[-49.67121,-25.67424],[-49.6729,-25.67536],[-49.67311,-25.676],[-49.67274,-25.67673],[-49.67172,-25.67777],[-49.67195,-25.679],[-49.67181,-25.67954],[-49.67144,-25.6799],[-49.6714,-25.68038],[-49.67168,-25.68075],[-49.6724,-25.6811],[-49.673,-25.68118],[-49.67329,-25.68152],[-49.67261,-25.68208],[-49.67183,-25.6833],[-49.6714,-25.68421],[-49.67123,-25.68533],[-49.67092,-25.68593],[-49.66999,-25.68689],[-49.66868,-25.68905],[-49.6678,-25.68975],[-49.66751,-25.6907],[-49.66724,-25.69106],[-49.66697,-25.69113],[-49.66667,-25.69092],[-49.6664,-25.69118],[-49.66605,-25.69098],[-49.6658,-25.69114],[-49.66568,-25.69151],[-49.66605,-25.69253],[-49.66595,-25.69298],[-49.66611,-25.69397],[-49.66624,-25.69432],[-49.66678,-25.69483],[-49.66669,-25.696],[-49.66617,-25.69793],[-49.66614,-25.69881],[-49.66436,-25.70204],[-49.66424,-25.70268],[-49.66448,-25.70297],[-49.66458,-25.70382],[-49.66525,-25.70449],[-49.66574,-25.7053],[-49.66575,-25.70615],[-49.66607,-25.70718],[-49.66598,-25.70762],[-49.66562,-25.70811],[-49.66575,-25.70912],[-49.66537,-25.71012],[-49.66391,-25.71121],[-49.6624,-25.7127],[-49.66237,-25.71316],[-49.66189,-25.71378],[-49.66142,-25.71526],[-49.66049,-25.71619],[-49.66049,-25.71659],[-49.65974,-25.71718],[-49.65885,-25.71937],[-49.66161,-25.7194],[-49.66351,-25.71919],[-49.66342,-25.72113],[-49.66359,-25.72212],[-49.66268,-25.72321],[-49.66262,-25.72374],[-49.66184,-25.72564],[-49.66196,-25.72592],[-49.66152,-25.72702],[-49.66148,-25.72819],[-49.66072,-25.73009],[-49.66082,-25.73091],[-49.66046,-25.73192],[-49.6605,-25.73332],[-49.6596,-25.73367],[-49.65896,-25.73477],[-49.65784,-25.73536],[-49.65771,-25.73613],[-49.65732,-25.73659],[-49.65759,-25.73703],[-49.65733,-25.73744],[-49.65675,-25.73751],[-49.65625,-25.73804],[-49.65585,-25.73784],[-49.65566,-25.73746],[-49.65522,-25.73744],[-49.65516,-25.73815],[-49.6554,-25.73948],[-49.65528,-25.73991],[-49.65462,-25.74035],[-49.65488,-25.74083],[-49.65533,-25.74111],[-49.65534,-25.74136],[-49.65515,-25.74185],[-49.6546,-25.74253],[-49.65357,-25.74334],[-49.65359,-25.74355],[-49.65423,-25.74375],[-49.65385,-25.74459],[-49.65297,-25.74532],[-49.65306,-25.74573],[-49.65268,-25.74641],[-49.65168,-25.74639],[-49.65149,-25.74693],[-49.651,-25.74693],[-49.65001,-25.74726],[-49.64916,-25.74821],[-49.649,-25.7482],[-49.64907,-25.74794],[-49.64884,-25.74766],[-49.64837,-25.74782],[-49.64766,-25.74778],[-49.6466,-25.74819],[-49.64648,-25.74999],[-49.64674,-25.75052],[-49.64635,-25.75091],[-49.64647,-25.75134],[-49.6469,-25.75164],[-49.64648,-25.75225],[-49.64644,-25.75261],[-49.64695,-25.75369],[-49.64666,-25.75487],[-49.64628,-25.75495],[-49.64614,-25.75515],[-49.64585,-25.75661],[-49.64631,-25.75723],[-49.64637,-25.75777],[-49.64617,-25.75846],[-49.64517,-25.75972],[-49.6447,-25.76067],[-49.64482,-25.76158],[-49.64517,-25.76183],[-49.64509,-25.76226],[-49.64532,-25.76264],[-49.6452,-25.76351],[-49.64486,-25.7639],[-49.66541,-25.77865],[-49.67224,-25.78701],[-49.67301,-25.78738],[-49.67328,-25.78801],[-49.67317,-25.78863],[-49.67275,-25.78924],[-49.67268,-25.78999],[-49.67234,-25.79051],[-49.67249,-25.79101],[-49.67212,-25.79138],[-49.67244,-25.79192],[-49.6721,-25.79238],[-49.67215,-25.79279],[-49.67196,-25.79306],[-49.67214,-25.79344],[-49.67179,-25.79366],[-49.6721,-25.79395],[-49.67135,-25.79431],[-49.67088,-25.79517],[-49.66952,-25.79515],[-49.66962,-25.79571],[-49.66948,-25.79595],[-49.66947,-25.79753],[-49.66921,-25.79784],[-49.66863,-25.79779],[-49.66772,-25.79824],[-49.6679,-25.79847],[-49.66853,-25.79863],[-49.66877,-25.79893],[-49.66874,-25.79936],[-49.66822,-25.79966],[-49.66812,-25.79988],[-49.66832,-25.80033],[-49.66886,-25.80031],[-49.66907,-25.80057],[-49.66901,-25.80159],[-49.66954,-25.80255],[-49.66918,-25.80335],[-49.66923,-25.80414],[-49.66796,-25.80501],[-49.66741,-25.80602],[-49.66735,-25.80643],[-49.66812,-25.80652],[-49.66834,-25.80672],[-49.6682,-25.80752],[-49.66797,-25.80779],[-49.66734,-25.80769],[-49.66686,-25.80871],[-49.66709,-25.80887],[-49.66766,-25.80882],[-49.66791,-25.80908],[-49.66961,-25.81859],[-49.67044,-25.82021],[-49.67124,-25.82087],[-49.67205,-25.82115],[-49.67263,-25.82167],[-49.67318,-25.82317],[-49.67323,-25.82404],[-49.67309,-25.82458],[-49.67234,-25.82437],[-49.67087,-25.82529],[-49.67059,-25.82521],[-49.67063,-25.82479],[-49.67047,-25.82447],[-49.66921,-25.82435],[-49.6692,-25.82494],[-49.66893,-25.82512],[-49.66878,-25.82508],[-49.66855,-25.82453],[-49.66822,-25.82447],[-49.6681,-25.82459],[-49.66826,-25.82527],[-49.66815,-25.8257],[-49.6678,-25.82579],[-49.66728,-25.82536],[-49.66693,-25.82543],[-49.66653,-25.8269],[-49.66609,-25.82753],[-49.66637,-25.82834],[-49.66621,-25.82867],[-49.66631,-25.82903],[-49.66693,-25.82897],[-49.66701,-25.82916],[-49.66685,-25.82949],[-49.66699,-25.82976],[-49.66746,-25.82967],[-49.66807,-25.82988],[-49.66728,-25.83034],[-49.6679,-25.83117],[-49.66765,-25.83169],[-49.66815,-25.83195],[-49.668,-25.83245],[-49.66842,-25.83254],[-49.66827,-25.83296],[-49.66859,-25.83324],[-49.66872,-25.83364],[-49.66933,-25.83394],[-49.66906,-25.83478],[-49.6694,-25.83504],[-49.66969,-25.83594],[-49.6701,-25.83612],[-49.66958,-25.83634],[-49.66984,-25.83666],[-49.66944,-25.83694],[-49.66998,-25.83778],[-49.66995,-25.83813],[-49.66964,-25.83836],[-49.6695,-25.83924],[-49.66962,-25.83946],[-49.66993,-25.83945],[-49.67015,-25.83966],[-49.67016,-25.84027],[-49.66983,-25.84133],[-49.67018,-25.84157],[-49.671,-25.8416],[-49.67115,-25.84179],[-49.67082,-25.84257],[-49.67092,-25.84366],[-49.67074,-25.84404],[-49.67033,-25.84426],[-49.67012,-25.84472],[-49.6697,-25.84492],[-49.6688,-25.84447],[-49.66816,-25.84462],[-49.66769,-25.84512],[-49.66765,-25.84594],[-49.66741,-25.84646],[-49.66756,-25.84709],[-49.66717,-25.84881],[-49.6669,-25.84943],[-49.66604,-25.84964],[-49.66552,-25.85027],[-49.66572,-25.85059],[-49.66625,-25.85082],[-49.66629,-25.85097],[-49.66531,-25.85284],[-49.66528,-25.85352],[-49.66499,-25.85426],[-49.66376,-25.85517],[-49.66353,-25.85606],[-49.66359,-25.85755],[-49.6641,-25.85781],[-49.66458,-25.85774],[-49.66498,-25.85831],[-49.66534,-25.85844],[-49.66579,-25.85818],[-49.66673,-25.85803],[-49.66812,-25.858],[-49.66844,-25.85822],[-49.66869,-25.85905],[-49.66848,-25.85932],[-49.66846,-25.85983],[-49.66809,-25.86043],[-49.66831,-25.86194],[-49.66805,-25.86367],[-49.66819,-25.86391],[-49.66797,-25.86456],[-49.66724,-25.86523],[-49.66757,-25.86537],[-49.66842,-25.86496],[-49.66872,-25.86497],[-49.6701,-25.86628],[-49.67047,-25.86701],[-49.67083,-25.86711],[-49.67112,-25.86665],[-49.67149,-25.86667],[-49.67158,-25.86743],[-49.67182,-25.86793],[-49.67217,-25.86796],[-49.6725,-25.86765],[-49.67279,-25.86765],[-49.67246,-25.86888],[-49.67246,-25.86946],[-49.67264,-25.86979],[-49.67289,-25.8699],[-49.67328,-25.86993],[-49.67453,-25.86952],[-49.67479,-25.86978],[-49.67502,-25.87044],[-49.67581,-25.87069],[-49.67747,-25.86954],[-49.67789,-25.86945],[-49.67809,-25.86985],[-49.67726,-25.871],[-49.67614,-25.87141],[-49.67604,-25.87172],[-49.67646,-25.87202],[-49.67716,-25.87173],[-49.67775,-25.8718],[-49.678,-25.87228],[-49.67801,-25.87348],[-49.67822,-25.87366],[-49.67861,-25.87364],[-49.67887,-25.87292],[-49.67949,-25.87293],[-49.68047,-25.87422],[-49.68052,-25.87455],[-49.68019,-25.87487],[-49.67888,-25.87486],[-49.6788,-25.87516],[-49.68045,-25.87548],[-49.68078,-25.87588],[-49.68006,-25.87651],[-49.67959,-25.87668],[-49.67928,-25.87652],[-49.67879,-25.87563],[-49.67852,-25.8755],[-49.67816,-25.87559],[-49.67751,-25.87679],[-49.67729,-25.87774],[-49.6764,-25.87794],[-49.67585,-25.87847],[-49.67549,-25.87825],[-49.67551,-25.87753],[-49.67434,-25.87753],[-49.67429,-25.87682],[-49.6741,-25.8766],[-49.67332,-25.87656],[-49.67271,-25.87625],[-49.67198,-25.8763],[-49.67164,-25.87613],[-49.67181,-25.87584],[-49.67264,-25.8755],[-49.67286,-25.87515],[-49.67269,-25.875],[-49.67179,-25.87514],[-49.67099,-25.87506],[-49.66938,-25.87635],[-49.66789,-25.87655],[-49.66745,-25.87742],[-49.66711,-25.87734],[-49.66669,-25.8768],[-49.66617,-25.8769],[-49.6653,-25.8781],[-49.66525,-25.87898],[-49.66507,-25.87921],[-49.6641,-25.87899],[-49.66258,-25.8783],[-49.66255,-25.87806],[-49.66303,-25.87755],[-49.66297,-25.87707],[-49.66276,-25.87689],[-49.66239,-25.87696],[-49.66151,-25.87751],[-49.6606,-25.87758],[-49.66051,-25.8779],[-49.66064,-25.87806],[-49.66134,-25.87834],[-49.66104,-25.87859],[-49.66015,-25.87844],[-49.65925,-25.8778],[-49.65874,-25.87774],[-49.65818,-25.87896],[-49.65667,-25.87987],[-49.65613,-25.87978],[-49.65581,-25.87952],[-49.65563,-25.87876],[-49.65532,-25.87847],[-49.65506,-25.87877],[-49.65546,-25.87979],[-49.65528,-25.88023],[-49.65439,-25.88115],[-49.65344,-25.88137],[-49.65279,-25.88261],[-49.65295,-25.88297],[-49.65386,-25.8829],[-49.65426,-25.88311],[-49.65389,-25.88503],[-49.65359,-25.88519],[-49.65323,-25.88514],[-49.65293,-25.88466],[-49.65272,-25.88458],[-49.652,-25.88493],[-49.65206,-25.88511],[-49.65266,-25.88498],[-49.65284,-25.88509],[-49.65312,-25.88578],[-49.65261,-25.88657],[-49.65291,-25.88732],[-49.65285,-25.88779],[-49.65182,-25.88781],[-49.65168,-25.888],[-49.65179,-25.88817],[-49.65278,-25.88844],[-49.65291,-25.88875],[-49.65279,-25.8891],[-49.65196,-25.88923],[-49.65157,-25.88906],[-49.65116,-25.88858],[-49.65061,-25.8885],[-49.65037,-25.88887],[-49.65094,-25.88937],[-49.65094,-25.88957],[-49.64972,-25.88989],[-49.64949,-25.88953],[-49.64958,-25.88873],[-49.64936,-25.88856],[-49.64894,-25.88867],[-49.64883,-25.88907],[-49.64909,-25.89012],[-49.6489,-25.89041],[-49.64824,-25.89077],[-49.64805,-25.89146],[-49.64834,-25.89175],[-49.64927,-25.8914],[-49.64939,-25.89159],[-49.64922,-25.89203],[-49.64867,-25.89231],[-49.64683,-25.89212],[-49.64594,-25.89289],[-49.64515,-25.89326],[-49.64486,-25.89307],[-49.64495,-25.89255],[-49.64469,-25.89242],[-49.6442,-25.89328],[-49.64336,-25.8937],[-49.64325,-25.89483],[-49.64341,-25.89508],[-49.64395,-25.89522],[-49.64459,-25.89467],[-49.64495,-25.89457],[-49.64516,-25.89474],[-49.64511,-25.89555],[-49.64525,-25.89579],[-49.64554,-25.89586],[-49.64597,-25.89533],[-49.64641,-25.89524],[-49.64692,-25.8962],[-49.64791,-25.89687],[-49.64809,-25.89712],[-49.64787,-25.89748],[-49.64661,-25.89751],[-49.64586,-25.89809],[-49.64536,-25.89797],[-49.64515,-25.8977],[-49.64487,-25.89771],[-49.64498,-25.89816],[-49.64577,-25.89879],[-49.64587,-25.89904],[-49.64567,-25.89942],[-49.64488,-25.89974],[-49.64467,-25.90005],[-49.64498,-25.90022],[-49.64602,-25.90031],[-49.64613,-25.90057],[-49.64573,-25.90089],[-49.64568,-25.90114],[-49.64601,-25.90133],[-49.64648,-25.90128],[-49.64742,-25.90196],[-49.64765,-25.90194],[-49.64779,-25.90171],[-49.64764,-25.90082],[-49.64796,-25.90078],[-49.64857,-25.90112],[-49.64875,-25.90102],[-49.64855,-25.90059],[-49.64794,-25.90025],[-49.64785,-25.89993],[-49.64798,-25.89985],[-49.65078,-25.90075],[-49.65082,-25.90124],[-49.65062,-25.90164],[-49.64951,-25.90244],[-49.65017,-25.90321],[-49.65,-25.90427],[-49.65109,-25.9043],[-49.65155,-25.90407],[-49.6517,-25.90376],[-49.65137,-25.90329],[-49.65178,-25.90309],[-49.65203,-25.90335],[-49.65227,-25.90538],[-49.65201,-25.90576],[-49.65048,-25.90594],[-49.65035,-25.90618],[-49.65151,-25.90667],[-49.6529,-25.90689],[-49.65356,-25.90997],[-49.65391,-25.91032],[-49.65428,-25.91039],[-49.65507,-25.91],[-49.65549,-25.91092],[-49.65597,-25.91125],[-49.65667,-25.91109],[-49.65716,-25.91059],[-49.65765,-25.9114],[-49.65835,-25.91146],[-49.65917,-25.91044],[-49.66032,-25.90988],[-49.66043,-25.90909],[-49.66017,-25.90884],[-49.65972,-25.90893],[-49.65914,-25.90941],[-49.65882,-25.90921],[-49.65887,-25.90836],[-49.65909,-25.90798],[-49.65984,-25.90781],[-49.66,-25.9072],[-49.66017,-25.90707],[-49.66076,-25.90702],[-49.66067,-25.90664],[-49.66039,-25.90647],[-49.65946,-25.90647],[-49.65922,-25.90629],[-49.65934,-25.90495],[-49.65959,-25.90456],[-49.66004,-25.90454],[-49.66021,-25.90529],[-49.66057,-25.90568],[-49.66101,-25.90576],[-49.66179,-25.9052],[-49.66238,-25.90515],[-49.66288,-25.9054],[-49.66297,-25.90599],[-49.6632,-25.90614],[-49.66351,-25.90599],[-49.66362,-25.90531],[-49.66382,-25.90519],[-49.6656,-25.90563],[-49.66672,-25.90535],[-49.66771,-25.90539],[-49.66905,-25.90497],[-49.67008,-25.90423],[-49.67116,-25.90484],[-49.67168,-25.90599],[-49.67203,-25.90592],[-49.67224,-25.90546],[-49.67252,-25.9055],[-49.67299,-25.90708],[-49.67353,-25.90802],[-49.6742,-25.90858],[-49.67538,-25.90863],[-49.6756,-25.90908],[-49.67557,-25.90951],[-49.67506,-25.91005],[-49.67476,-25.91101],[-49.67422,-25.9114],[-49.67423,-25.91174],[-49.67468,-25.91176],[-49.67549,-25.91142],[-49.67569,-25.91058],[-49.67596,-25.91068],[-49.67617,-25.91116],[-49.67592,-25.91186],[-49.67499,-25.91257],[-49.67519,-25.91325],[-49.67584,-25.91366],[-49.67565,-25.91403],[-49.67463,-25.91477],[-49.67508,-25.91585],[-49.675,-25.91619],[-49.67462,-25.9165],[-49.67422,-25.91635],[-49.67391,-25.9151],[-49.67353,-25.91518],[-49.67302,-25.91574],[-49.67293,-25.91633],[-49.67343,-25.91705],[-49.67302,-25.91793],[-49.67307,-25.91852],[-49.67264,-25.91867],[-49.67199,-25.91863],[-49.6713,-25.91802],[-49.67059,-25.91785],[-49.66997,-25.91825],[-49.66975,-25.91869],[-49.66984,-25.91924],[-49.67028,-25.91946],[-49.67173,-25.91914],[-49.67282,-25.91975],[-49.67412,-25.91971],[-49.67452,-25.91987],[-49.67456,-25.92017],[-49.6743,-25.9205],[-49.67322,-25.92106],[-49.67295,-25.92189],[-49.6727,-25.92206],[-49.67231,-25.92193],[-49.67158,-25.92105],[-49.67134,-25.92103],[-49.67113,-25.92123],[-49.6712,-25.92174],[-49.6717,-25.9225],[-49.67174,-25.92336],[-49.67296,-25.92405],[-49.67286,-25.92444],[-49.6723,-25.92485],[-49.67238,-25.92514],[-49.67295,-25.92503],[-49.67342,-25.92445],[-49.67378,-25.92424],[-49.67534,-25.92435],[-49.67656,-25.92359],[-49.67867,-25.92308],[-49.6792,-25.92322],[-49.68049,-25.92446],[-49.68117,-25.92438],[-49.6814,-25.92409],[-49.68138,-25.92381],[-49.68088,-25.92307],[-49.68088,-25.92258],[-49.68208,-25.92187],[-49.68265,-25.92077],[-49.68295,-25.9207],[-49.68325,-25.92087],[-49.68337,-25.92168],[-49.68359,-25.92196],[-49.68401,-25.92186],[-49.68473,-25.92113],[-49.68482,-25.92084],[-49.68455,-25.92028],[-49.68348,-25.92036],[-49.68308,-25.92013],[-49.68316,-25.91982],[-49.684,-25.91961],[-49.68415,-25.91938],[-49.68316,-25.91912],[-49.68302,-25.91883],[-49.68322,-25.91844],[-49.68415,-25.91817],[-49.68463,-25.9176],[-49.68443,-25.9163],[-49.68464,-25.91595],[-49.68681,-25.91548],[-49.68791,-25.91556],[-49.68816,-25.91582],[-49.68806,-25.91615],[-49.68636,-25.91671],[-49.68634,-25.91756],[-49.68664,-25.91789],[-49.687,-25.91801],[-49.68899,-25.91827],[-49.69,-25.91819],[-49.6916,-25.91663],[-49.69215,-25.9167],[-49.69291,-25.91708],[-49.69318,-25.91696],[-49.69357,-25.91641],[-49.69397,-25.91641],[-49.69422,-25.91657],[-49.69427,-25.91718],[-49.69399,-25.9178],[-49.69401,-25.91849],[-49.69335,-25.91917],[-49.6933,-25.91983],[-49.6938,-25.92023],[-49.69482,-25.91954],[-49.69586,-25.91997],[-49.69651,-25.91921],[-49.6969,-25.91931],[-49.69669,-25.91994],[-49.69495,-25.9206],[-49.69466,-25.92108],[-49.69563,-25.92179],[-49.69737,-25.92232],[-49.69763,-25.92266],[-49.69715,-25.92409],[-49.69737,-25.92436],[-49.69835,-25.92465],[-49.6985,-25.92496],[-49.69759,-25.92564],[-49.69746,-25.92607],[-49.69758,-25.92633],[-49.69809,-25.92645],[-49.69886,-25.92614],[-49.69942,-25.92611],[-49.69976,-25.92635],[-49.69985,-25.92724],[-49.70007,-25.9275],[-49.70049,-25.92745],[-49.70097,-25.92697],[-49.7014,-25.9268],[-49.70294,-25.92771],[-49.70426,-25.92821],[-49.70436,-25.9284],[-49.70412,-25.92874],[-49.70359,-25.92911],[-49.70297,-25.9293],[-49.70254,-25.92914],[-49.70233,-25.92923],[-49.70241,-25.92962],[-49.70292,-25.92991],[-49.70393,-25.93014],[-49.70524,-25.93013],[-49.70589,-25.92993],[-49.70676,-25.92931],[-49.70707,-25.92948],[-49.70728,-25.93024],[-49.70767,-25.93041],[-49.70797,-25.93022],[-49.70795,-25.92994],[-49.707,-25.92878],[-49.70692,-25.92765],[-49.70677,-25.92741],[-49.70635,-25.92739],[-49.70536,-25.92808],[-49.70507,-25.92803],[-49.70498,-25.92778],[-49.70513,-25.92739],[-49.70634,-25.9264],[-49.70642,-25.9251],[-49.70706,-25.92507],[-49.70756,-25.92563],[-49.70831,-25.92569],[-49.70915,-25.92489],[-49.70977,-25.92454],[-49.71033,-25.92374],[-49.71076,-25.92365],[-49.71148,-25.92441],[-49.712,-25.9238],[-49.71222,-25.92382],[-49.71235,-25.92405],[-49.71235,-25.92529],[-49.71262,-25.92556],[-49.71293,-25.92555],[-49.71311,-25.92504],[-49.71279,-25.92424],[-49.71281,-25.92377],[-49.7134,-25.92314],[-49.71344,-25.92287],[-49.71252,-25.92246],[-49.71245,-25.92229],[-49.71282,-25.92209],[-49.71318,-25.92218],[-49.71358,-25.92256],[-49.71381,-25.92254],[-49.714,-25.92235],[-49.71428,-25.92127],[-49.71597,-25.92078],[-49.71632,-25.92097],[-49.71639,-25.92122],[-49.71589,-25.92256],[-49.71592,-25.92299],[-49.71636,-25.92304],[-49.71737,-25.92279],[-49.71754,-25.92283],[-49.71764,-25.92322],[-49.7173,-25.92353],[-49.71614,-25.92397],[-49.71584,-25.9246],[-49.71531,-25.92499],[-49.71517,-25.92539],[-49.7164,-25.92725],[-49.71636,-25.92832],[-49.71676,-25.92852],[-49.71762,-25.92835],[-49.71784,-25.92854],[-49.71798,-25.92919],[-49.71818,-25.92933],[-49.71914,-25.92934],[-49.71906,-25.93138],[-49.71919,-25.93162],[-49.71959,-25.93181],[-49.72017,-25.93159],[-49.72049,-25.93113],[-49.72058,-25.93057],[-49.72094,-25.9302],[-49.7214,-25.93025],[-49.72191,-25.93078],[-49.72246,-25.93092],[-49.72315,-25.93016],[-49.72349,-25.93012],[-49.72362,-25.9305],[-49.72257,-25.93142],[-49.72247,-25.93168],[-49.72261,-25.932],[-49.7235,-25.93235],[-49.72422,-25.93295],[-49.72446,-25.93292],[-49.72491,-25.93256],[-49.72549,-25.93135],[-49.72586,-25.9312],[-49.72627,-25.93128],[-49.72644,-25.93138],[-49.72668,-25.93203],[-49.72658,-25.93252],[-49.7262,-25.9331],[-49.72624,-25.9333],[-49.72671,-25.93361],[-49.72809,-25.93324],[-49.72855,-25.9333],[-49.72871,-25.93341],[-49.7288,-25.93468],[-49.72911,-25.93509],[-49.72946,-25.93494],[-49.72962,-25.93402],[-49.73004,-25.9338],[-49.73106,-25.93473],[-49.73144,-25.93487],[-49.73238,-25.93435],[-49.73408,-25.93437],[-49.73425,-25.93462],[-49.734,-25.93498],[-49.734,-25.93526],[-49.7349,-25.9354],[-49.73515,-25.9352],[-49.73511,-25.93483],[-49.73473,-25.93427],[-49.73406,-25.93382],[-49.73389,-25.93352],[-49.73446,-25.93175],[-49.73469,-25.93169],[-49.73536,-25.93205],[-49.73629,-25.93196],[-49.73771,-25.93253],[-49.73788,-25.93226],[-49.7377,-25.93176],[-49.73678,-25.93088],[-49.7368,-25.93047],[-49.73721,-25.93037],[-49.73745,-25.93052],[-49.73827,-25.93158],[-49.73889,-25.93172],[-49.73934,-25.93148],[-49.7402,-25.93054],[-49.74021,-25.93027],[-49.73986,-25.92994],[-49.73797,-25.92973],[-49.73784,-25.92949],[-49.73794,-25.92925],[-49.73943,-25.9291],[-49.74082,-25.92837],[-49.74151,-25.9286],[-49.74169,-25.92924],[-49.74155,-25.93017],[-49.74237,-25.93126],[-49.7423,-25.9316],[-49.74166,-25.93232],[-49.74174,-25.93347],[-49.74201,-25.93382],[-49.74278,-25.93394],[-49.74303,-25.93424],[-49.74265,-25.9346],[-49.74148,-25.93454],[-49.74108,-25.93513],[-49.74119,-25.93588],[-49.74195,-25.93673],[-49.74213,-25.93747],[-49.74201,-25.93798],[-49.74233,-25.93815],[-49.74297,-25.93782],[-49.74372,-25.93782],[-49.74424,-25.93819],[-49.74422,-25.93839],[-49.74401,-25.93857],[-49.74305,-25.93879],[-49.74296,-25.93904],[-49.7432,-25.93939],[-49.74388,-25.93973],[-49.74522,-25.93948],[-49.74563,-25.93964],[-49.74563,-25.94018],[-49.7448,-25.94101],[-49.74482,-25.94136],[-49.74504,-25.94156],[-49.74543,-25.94163],[-49.74578,-25.9415],[-49.74636,-25.94071],[-49.74674,-25.94048],[-49.7471,-25.94061],[-49.74788,-25.94144],[-49.74851,-25.94133],[-49.74883,-25.94094],[-49.74905,-25.941],[-49.74923,-25.94122],[-49.7492,-25.94156],[-49.7484,-25.94181],[-49.74798,-25.94238],[-49.74802,-25.9432],[-49.7484,-25.94329],[-49.7498,-25.94227],[-49.7501,-25.94223],[-49.75093,-25.94263],[-49.75127,-25.94251],[-49.74816,-25.93496],[-49.74735,-25.93355],[-49.74571,-25.93174],[-49.73958,-25.9257],[-49.73907,-25.92488],[-49.73822,-25.92202],[-49.73789,-25.91621],[-49.7377,-25.91533],[-49.7365,-25.9124],[-49.73644,-25.91186],[-49.73663,-25.91069],[-49.73775,-25.90949],[-49.74287,-25.90783],[-49.74358,-25.90753],[-49.74449,-25.90667],[-49.74473,-25.90626],[-49.74552,-25.90206],[-49.74704,-25.8989],[-49.74768,-25.89822],[-49.7507,-25.89625],[-49.75102,-25.89579],[-49.75159,-25.8942],[-49.75163,-25.89349],[-49.75118,-25.89218],[-49.75043,-25.89148],[-49.74737,-25.88996],[-49.74649,-25.88933],[-49.74607,-25.88787],[-49.74569,-25.88456],[-49.74549,-25.88398],[-49.74317,-25.88075],[-49.743,-25.88017],[-49.74307,-25.87908],[-49.74367,-25.87801],[-49.74732,-25.87583],[-49.74792,-25.87486],[-49.74806,-25.87427],[-49.74803,-25.87339],[-49.74757,-25.87242],[-49.7428,-25.86809],[-49.74241,-25.86748],[-49.74218,-25.86625],[-49.74235,-25.86505],[-49.74558,-25.85174],[-49.74832,-25.84799],[-49.74865,-25.84726],[-49.74875,-25.8464],[-49.74853,-25.84512],[-49.74393,-25.83798],[-49.74258,-25.83103],[-49.74204,-25.8308],[-49.74173,-25.83024],[-49.74129,-25.82984],[-49.73958,-25.82978],[-49.73338,-25.82884],[-49.7323,-25.82536],[-49.73129,-25.82423],[-49.72972,-25.82095],[-49.72763,-25.81845],[-49.72732,-25.8156],[-49.72684,-25.81489],[-49.72673,-25.81444],[-49.72701,-25.81194],[-49.72664,-25.81145],[-49.72551,-25.8106],[-49.72518,-25.80971],[-49.72454,-25.80917],[-49.72349,-25.80761],[-49.72309,-25.80602],[-49.72306,-25.80467],[-49.72271,-25.80396],[-49.72322,-25.80318],[-49.7237,-25.80188],[-49.72486,-25.79995],[-49.72537,-25.79869],[-49.72537,-25.79797],[-49.72453,-25.79518],[-49.72446,-25.79359],[-49.72474,-25.7925],[-49.72545,-25.79173],[-49.7256,-25.79135],[-49.72572,-25.79006],[-49.72559,-25.78932],[-49.72513,-25.78893],[-49.72409,-25.78862],[-49.72383,-25.78832],[-49.72339,-25.78611],[-49.7231,-25.78554],[-49.72181,-25.78437],[-49.72117,-25.7824],[-49.71941,-25.78043],[-49.7192,-25.78],[-49.71835,-25.77682],[-49.71104,-25.77556],[-49.71093,-25.77515],[-49.71163,-25.7733],[-49.70876,-25.77194],[-49.70706,-25.77194],[-49.70684,-25.77129],[-49.70649,-25.76729],[-49.70551,-25.76692],[-49.70414,-25.76475],[-49.70389,-25.76405],[-49.70394,-25.76251],[-49.70316,-25.76245],[-49.70297,-25.76228],[-49.70216,-25.76129],[-49.70129,-25.76061],[-49.70086,-25.75958],[-49.69992,-25.75879],[-49.70018,-25.75551],[-49.69981,-25.75476],[-49.70026,-25.75411],[-49.70034,-25.75362],[-49.70017,-25.75112],[-49.69987,-25.75039],[-49.69979,-25.7496],[-49.69984,-25.74797],[-49.70859,-25.74601],[-49.71501,-25.74393],[-49.71718,-25.74355],[-49.71902,-25.74375],[-49.72095,-25.74353],[-49.72325,-25.74301],[-49.7243,-25.74062],[-49.72489,-25.73876],[-49.72602,-25.73673],[-49.72631,-25.73558],[-49.72664,-25.73521],[-49.72665,-25.73376],[-49.72624,-25.73347],[-49.72568,-25.73346],[-49.7254,-25.73321],[-49.72534,-25.73122],[-49.72465,-25.73045],[-49.72452,-25.72881],[-49.72484,-25.72812],[-49.72607,-25.72696],[-49.72616,-25.72668],[-49.72568,-25.72527],[-49.72606,-25.72395],[-49.72584,-25.72235],[-49.72704,-25.72018],[-49.72652,-25.71876],[-49.72685,-25.71793],[-49.72614,-25.71622],[-49.72598,-25.71533],[-49.72604,-25.71418],[-49.72669,-25.71243],[-49.72732,-25.71178],[-49.72758,-25.7111],[-49.72782,-25.70988],[-49.72816,-25.70925],[-49.72823,-25.70815],[-49.72895,-25.70566],[-49.72894,-25.70499],[-49.7286,-25.70433],[-49.7289,-25.7038],[-49.72844,-25.70376],[-49.72832,-25.70349],[-49.72899,-25.70305],[-49.72869,-25.70252],[-49.72918,-25.70234],[-49.72928,-25.70205],[-49.72931,-25.70148],[-49.72891,-25.70143],[-49.72891,-25.70108],[-49.72917,-25.70128],[-49.7295,-25.70124],[-49.72955,-25.70102],[-49.72939,-25.70079],[-49.73039,-25.7003],[-49.73104,-25.69962],[-49.73147,-25.69952],[-49.73157,-25.69916],[-49.73243,-25.69841],[-49.73251,-25.69679],[-49.73272,-25.69596],[-49.73247,-25.69528],[-49.73287,-25.69436],[-49.73272,-25.69371],[-49.73276,-25.69254],[-49.73298,-25.69221],[-49.73312,-25.69127],[-49.73371,-25.69102],[-49.73438,-25.69132],[-49.735,-25.69127],[-49.73536,-25.69098],[-49.73556,-25.69027],[-49.73506,-25.68749],[-49.73502,-25.68559],[-49.7352,-25.68493],[-49.7355,-25.68459],[-49.73696,-25.68389],[-49.73761,-25.6839],[-49.73807,-25.68412],[-49.73853,-25.68398],[-49.73942,-25.68316],[-49.73963,-25.68276],[-49.73997,-25.68107],[-49.73965,-25.6797],[-49.73973,-25.67878],[-49.74079,-25.67718],[-49.7413,-25.677],[-49.74152,-25.67672],[-49.74126,-25.67483],[-49.74161,-25.67376],[-49.74162,-25.67309],[-49.74097,-25.67196],[-49.7405,-25.67159],[-49.74055,-25.67119],[-49.74144,-25.67089],[-49.74162,-25.67039],[-49.74239,-25.6697],[-49.74314,-25.66731],[-49.74409,-25.66665],[-49.74413,-25.66629],[-49.74372,-25.66535],[-49.74389,-25.66497],[-49.74372,-25.66441],[-49.74395,-25.66421],[-49.74449,-25.66418],[-49.74483,-25.66391],[-49.74528,-25.66279],[-49.74526,-25.66211],[-49.7458,-25.66041],[-49.74628,-25.65992],[-49.74686,-25.65881],[-49.74743,-25.65848],[-49.74744,-25.65811],[-49.74658,-25.65719],[-49.74556,-25.65725],[-49.7452,-25.65713],[-49.74522,-25.65661],[-49.74488,-25.65617],[-49.74301,-25.65629],[-49.73981,-25.65729],[-49.73905,-25.65711],[-49.73893,-25.65688],[-49.73909,-25.65661],[-49.73895,-25.65634],[-49.73971,-25.65615],[-49.73993,-25.65579],[-49.73979,-25.65563],[-49.73921,-25.65565],[-49.73916,-25.65521],[-49.74053,-25.65428],[-49.73998,-25.65256],[-49.74067,-25.65157],[-49.74042,-25.65141],[-49.73973,-25.65179],[-49.73943,-25.65178],[-49.73917,-25.65151],[-49.739,-25.65052],[-49.73956,-25.65007],[-49.73977,-25.64951],[-49.73963,-25.6492],[-49.73983,-25.6488],[-49.74183,-25.6471],[-49.74245,-25.6468],[-49.74214,-25.64631],[-49.74224,-25.64577],[-49.7414,-25.64545],[-49.74142,-25.64494],[-49.74113,-25.64472],[-49.74131,-25.64421],[-49.74093,-25.64398],[-49.74122,-25.64362],[-49.74101,-25.64354],[-49.74096,-25.64334],[-49.74151,-25.64277],[-49.74332,-25.64214],[-49.74379,-25.64153],[-49.74437,-25.64161],[-49.7452,-25.64137],[-49.74536,-25.64065],[-49.74448,-25.63633],[-49.74466,-25.63603],[-49.74538,-25.63572],[-49.74541,-25.63539],[-49.7465,-25.63395],[-49.74682,-25.63319],[-49.74781,-25.63275],[-49.74747,-25.63208],[-49.74717,-25.63036],[-49.74675,-25.62969],[-49.74598,-25.62927],[-49.74524,-25.62914],[-49.74295,-25.62801],[-49.74168,-25.62715],[-49.74158,-25.62676],[-49.74185,-25.62551],[-49.7422,-25.62507],[-49.74263,-25.62496],[-49.74429,-25.62518],[-49.74606,-25.62489],[-49.74724,-25.62367],[-49.74772,-25.6227],[-49.74741,-25.62214],[-49.74393,-25.62061],[-49.74432,-25.62012],[-49.74442,-25.61972],[-49.74442,-25.61727],[-49.74406,-25.61639],[-49.74307,-25.61485],[-49.74313,-25.61423],[-49.74393,-25.6133],[-49.74461,-25.61292],[-49.74572,-25.61303],[-49.74757,-25.61384],[-49.74849,-25.61359],[-49.74872,-25.61332],[-49.74878,-25.61295],[-49.74877,-25.61181],[-49.74816,-25.61021],[-49.74684,-25.60876],[-49.74661,-25.60828],[-49.74701,-25.60623],[-49.7474,-25.60516],[-49.74733,-25.60419],[-49.74706,-25.60379],[-49.74638,-25.60347],[-49.74556,-25.60366],[-49.74529,-25.60395],[-49.7447,-25.60389],[-49.7442,-25.60369],[-49.74335,-25.60275],[-49.74341,-25.60214],[-49.74406,-25.60081],[-49.74475,-25.59979],[-49.74645,-25.59784],[-49.74694,-25.59697],[-49.74706,-25.59634],[-49.74681,-25.59577],[-49.74535,-25.59499],[-49.74461,-25.59419],[-49.74287,-25.59021],[-49.74276,-25.58844],[-49.74324,-25.58587],[-49.74357,-25.58553],[-49.74415,-25.58441],[-49.74531,-25.58384],[-49.74575,-25.58336],[-49.74625,-25.5832],[-49.74655,-25.58287],[-49.74783,-25.58218],[-49.74825,-25.58221],[-49.74838,-25.58199],[-49.74914,-25.58164],[-49.75026,-25.58171],[-49.75222,-25.58135],[-49.75363,-25.5814],[-49.75472,-25.582],[-49.75624,-25.58204],[-49.75839,-25.58186],[-49.75861,-25.58193],[-49.75884,-25.58231],[-49.75925,-25.58335],[-49.76024,-25.58449],[-49.76179,-25.58431],[-49.76229,-25.58457],[-49.76313,-25.58535],[-49.76403,-25.58551],[-49.76479,-25.5849],[-49.7648,-25.58404],[-49.76458,-25.58301],[-49.76478,-25.58198],[-49.76544,-25.58143],[-49.77092,-25.5802],[-49.77434,-25.57916],[-49.77811,-25.57506],[-49.77982,-25.57432],[-49.78417,-25.57195],[-49.78592,-25.57179],[-49.7871,-25.57207],[-49.78857,-25.57315],[-49.78917,-25.57323],[-49.79025,-25.57227],[-49.79121,-25.57167],[-49.79384,-25.57046],[-49.79588,-25.56779],[-49.79814,-25.56561],[-49.79894,-25.56526],[-49.79959,-25.56541],[-49.80113,-25.56652],[-49.80235,-25.56643],[-49.80368,-25.56596],[-49.80573,-25.56591],[-49.8076,-25.56548],[-49.80833,-25.56448],[-49.80819,-25.55939],[-49.8085,-25.55506],[-49.8086,-25.55451],[-49.80898,-25.55401],[-49.80933,-25.55385],[-49.81002,-25.55409],[-49.81191,-25.55666],[-49.81287,-25.55739],[-49.81389,-25.55719],[-49.81539,-25.55607],[-49.81662,-25.55546],[-49.81841,-25.55501],[-49.81959,-25.55445],[-49.81928,-25.55221],[-49.82012,-25.54906],[-49.82078,-25.54825],[-49.82147,-25.54776],[-49.82232,-25.54743],[-49.82245,-25.54721],[-49.82196,-25.54658],[-49.82086,-25.54649],[-49.81868,-25.54498],[-49.81802,-25.5452],[-49.81702,-25.54484],[-49.81519,-25.54448],[-49.81366,-25.54477],[-49.81292,-25.54468],[-49.81239,-25.54421],[-49.81227,-25.54276],[-49.81142,-25.54123],[-49.81176,-25.5381],[-49.81418,-25.53444],[-49.81434,-25.53211],[-49.81426,-25.5312],[-49.81369,-25.53051],[-49.8124,-25.52942],[-49.81068,-25.52897],[-49.8101,-25.52867],[-49.80978,-25.52815],[-49.80943,-25.52682],[-49.80989,-25.52525],[-49.81211,-25.52414],[-49.81284,-25.523],[-49.8145,-25.52191],[-49.81465,-25.52029],[-49.81457,-25.51991],[-49.8119,-25.51658],[-49.81168,-25.51586],[-49.81173,-25.51481],[-49.80983,-25.51216],[-49.80928,-25.50887],[-49.80978,-25.50604],[-49.81093,-25.50386],[-49.8114,-25.50344],[-49.812,-25.50342],[-49.81251,-25.50373],[-49.81271,-25.5049],[-49.81309,-25.50524],[-49.81351,-25.50533],[-49.81542,-25.50504],[-49.82039,-25.50116],[-49.82128,-25.50072],[-49.8205,-25.49844],[-49.82108,-25.49755],[-49.82136,-25.49605],[-49.82176,-25.49522],[-49.8237,-25.49258],[-49.82408,-25.49037],[-49.82486,-25.48842],[-49.82477,-25.48737],[-49.8235,-25.48546],[-49.82299,-25.48377],[-49.82283,-25.48196],[-49.82302,-25.48094],[-49.82341,-25.48002],[-49.82533,-25.47781],[-49.8256,-25.47704],[-49.82578,-25.47683],[-49.82701,-25.47643],[-49.8277,-25.47527],[-49.82743,-25.47295],[-49.81051,-25.47304],[-49.80859,-25.47274],[-49.80616,-25.47194],[-49.80025,-25.46236],[-49.78866,-25.43106],[-49.77932,-25.42888],[-49.76878,-25.41931],[-49.77409,-25.41485],[-49.86519,-25.32495],[-49.86752,-25.32305],[-49.8838,-25.3109],[-49.8852,-25.31372],[-49.88605,-25.3138],[-49.88716,-25.31359],[-49.88846,-25.31402],[-49.89066,-25.31557],[-49.89212,-25.31593],[-49.89337,-25.31551],[-49.89424,-25.31555],[-49.8967,-25.31711],[-49.90206,-25.31754],[-49.90664,-25.31878],[-49.91046,-25.32066],[-49.91241,-25.32201],[-49.9125,-25.32285],[-49.91238,-25.3238],[-49.92,-25.32556],[-49.92025,-25.3259],[-49.92007,-25.32683],[-49.92389,-25.32779],[-49.92492,-25.32746],[-49.92543,-25.32759],[-49.92575,-25.3279],[-49.92632,-25.32785],[-49.92822,-25.32721],[-49.92898,-25.32673],[-49.93008,-25.32665],[-49.93107,-25.32625],[-49.93285,-25.32603],[-49.93429,-25.32639],[-49.93476,-25.32696],[-49.93574,-25.32672],[-49.93747,-25.32599],[-49.93864,-25.32577],[-49.94124,-25.32602],[-49.941,-25.32532],[-49.94117,-25.32478],[-49.94114,-25.32414],[-49.93954,-25.32229],[-49.93922,-25.32077],[-49.93934,-25.31984],[-49.93912,-25.3195],[-49.93849,-25.31916],[-49.93843,-25.31889],[-49.93865,-25.31862],[-49.93864,-25.31834],[-49.93789,-25.31712],[-49.93745,-25.317],[-49.93666,-25.31531],[-49.93667,-25.31393],[-49.93616,-25.31232],[-49.93647,-25.30929],[-49.93635,-25.30747],[-49.93604,-25.3058],[-49.93622,-25.30448],[-49.93586,-25.30399],[-49.93567,-25.30323],[-49.93488,-25.30276],[-49.93445,-25.30206],[-49.93456,-25.30162],[-49.93408,-25.30105],[-49.93381,-25.30002],[-49.9332,-25.29928],[-49.93304,-25.29752],[-49.93248,-25.29705],[-49.93204,-25.29715],[-49.93135,-25.29701],[-49.93031,-25.29595],[-49.92996,-25.29501],[-49.92783,-25.29373],[-49.92739,-25.29255],[-49.92698,-25.29264],[-49.92669,-25.29321],[-49.92649,-25.29329],[-49.92588,-25.29327],[-49.92558,-25.29305],[-49.92469,-25.29115],[-49.92312,-25.28946],[-49.92213,-25.28871],[-49.92021,-25.28767],[-49.91861,-25.28602],[-49.91712,-25.28553],[-49.91342,-25.28256],[-49.92211,-25.27821],[-49.93366,-25.2703],[-49.93488,-25.26985],[-49.93672,-25.26966],[-49.94042,-25.27036],[-49.94313,-25.27033],[-49.94526,-25.26966],[-49.95328,-25.26592],[-49.95307,-25.26671],[-49.95323,-25.26784],[-49.95364,-25.26869],[-49.95511,-25.27068],[-49.95557,-25.27169],[-49.95582,-25.27238],[-49.95587,-25.27357],[-49.95622,-25.27525],[-49.95529,-25.27668],[-49.95114,-25.28586],[-49.95244,-25.28971],[-49.95354,-25.29188],[-49.95466,-25.29327],[-49.95519,-25.29421],[-49.95619,-25.29485],[-49.95649,-25.29528],[-49.95679,-25.29742],[-49.95668,-25.2983],[-49.95696,-25.29859],[-49.95757,-25.30068],[-49.95772,-25.30182],[-49.95835,-25.30312],[-49.95871,-25.30544],[-49.95923,-25.30672],[-49.95955,-25.30828],[-49.96004,-25.30859],[-49.96199,-25.3112],[-49.96244,-25.31136],[-49.96268,-25.31192],[-49.96428,-25.31305],[-49.96469,-25.31368],[-49.96701,-25.31552],[-49.96824,-25.31547],[-49.96842,-25.31506],[-49.96901,-25.31489],[-49.9701,-25.31416],[-49.97098,-25.31393],[-49.97196,-25.31392],[-49.97239,-25.31406],[-49.97295,-25.31511],[-49.97285,-25.31532],[-49.97232,-25.31554],[-49.97237,-25.31583],[-49.97264,-25.31604],[-49.97294,-25.31596],[-49.97302,-25.31567],[-49.97341,-25.31541],[-49.97393,-25.31538],[-49.97412,-25.31557],[-49.97378,-25.3159],[-49.97403,-25.31617],[-49.9744,-25.31627],[-49.97482,-25.31606],[-49.97552,-25.31625],[-49.97592,-25.31679],[-49.97659,-25.31679],[-49.97707,-25.317],[-49.97807,-25.318],[-49.97824,-25.31864],[-49.97806,-25.31901],[-49.9778,-25.31909],[-49.97769,-25.31839],[-49.97742,-25.31824],[-49.97706,-25.31832],[-49.97682,-25.31857],[-49.97685,-25.31938],[-49.97554,-25.32021],[-49.97594,-25.32112],[-49.97579,-25.32157],[-49.97651,-25.32202],[-49.97721,-25.32149],[-49.97781,-25.32159],[-49.97858,-25.32133],[-49.97884,-25.32145],[-49.97915,-25.32204],[-49.97936,-25.32203],[-49.97978,-25.32155],[-49.98057,-25.32198],[-49.98231,-25.32122],[-49.98316,-25.32132],[-49.98374,-25.32028],[-49.98469,-25.31987],[-49.98538,-25.31977],[-49.98544,-25.31895],[-49.98643,-25.31847],[-49.98683,-25.31744],[-49.98738,-25.31709],[-49.98761,-25.31651],[-49.98838,-25.31591],[-49.98931,-25.31434],[-49.98939,-25.31384],[-49.98929,-25.3136],[-49.98865,-25.31317],[-49.98875,-25.31287],[-49.98925,-25.31275],[-49.99003,-25.31298],[-49.99052,-25.31255],[-49.99076,-25.31206],[-49.99103,-25.31193],[-49.99134,-25.31195],[-49.99146,-25.31238],[-49.99162,-25.31238],[-49.99218,-25.31203],[-49.99393,-25.31028],[-49.9942,-25.30958],[-49.99413,-25.30863],[-49.99444,-25.30818],[-49.99501,-25.3078],[-49.99435,-25.30714],[-49.99389,-25.30691],[-49.99434,-25.3064],[-49.99501,-25.30638],[-49.99532,-25.30734],[-49.9961,-25.30792],[-49.99685,-25.30819],[-49.99688,-25.30891],[-49.99638,-25.30929],[-49.99635,-25.30949],[-49.99687,-25.30985],[-49.99728,-25.31048],[-49.99782,-25.31076],[-49.99773,-25.31113],[-49.99686,-25.31117],[-49.9966,-25.31147],[-49.99639,-25.31275],[-49.9965,-25.31328],[-49.99671,-25.31347],[-49.99791,-25.31367],[-49.99868,-25.31347],[-49.9987,-25.31286],[-49.99838,-25.31265],[-49.99779,-25.31265],[-49.99758,-25.31237],[-49.99764,-25.31206],[-49.99948,-25.31053],[-49.99978,-25.3095],[-50.00103,-25.30963],[-50.00131,-25.30946],[-50.0015,-25.30861],[-50.00237,-25.30844],[-50.00255,-25.30782],[-50.00308,-25.30784],[-50.00317,-25.30811],[-50.00341,-25.30824],[-50.0037,-25.30724],[-50.00426,-25.30735],[-50.0044,-25.30724],[-50.00428,-25.3062],[-50.00487,-25.30563],[-50.0045,-25.30476],[-50.00458,-25.3044],[-50.00524,-25.30418],[-50.00577,-25.30356],[-50.00637,-25.30363],[-50.00651,-25.30336],[-50.00643,-25.30295],[-50.00665,-25.3027],[-50.00694,-25.30262],[-50.00748,-25.30306],[-50.00783,-25.30298],[-50.00781,-25.30246],[-50.00806,-25.30226],[-50.00817,-25.30186],[-50.00817,-25.30088],[-50.00842,-25.30061],[-50.00943,-25.30074],[-50.01036,-25.30052],[-50.0113,-25.30088],[-50.01169,-25.30081],[-50.01233,-25.3004],[-50.01267,-25.30054],[-50.01292,-25.30095],[-50.01322,-25.30069],[-50.01356,-25.30064],[-50.01397,-25.30098],[-50.01409,-25.30075],[-50.01356,-25.30008],[-50.01368,-25.29989],[-50.01425,-25.29965],[-50.01459,-25.29907],[-50.01506,-25.30021],[-50.0155,-25.30048],[-50.01614,-25.30045],[-50.01612,-25.30071],[-50.01551,-25.3012],[-50.01562,-25.30167],[-50.01617,-25.30165],[-50.0169,-25.30231],[-50.01738,-25.30241],[-50.01753,-25.30396],[-50.01767,-25.30418],[-50.01795,-25.30434],[-50.0188,-25.30429],[-50.01952,-25.30496],[-50.01991,-25.30459],[-50.01987,-25.30525],[-50.02035,-25.30558],[-50.02098,-25.30516],[-50.02171,-25.30585],[-50.02173,-25.30653],[-50.02201,-25.30667],[-50.02306,-25.30661],[-50.02272,-25.30614],[-50.02273,-25.30582],[-50.02349,-25.30631],[-50.02377,-25.30626],[-50.02386,-25.30603],[-50.02338,-25.3053],[-50.02338,-25.30498],[-50.02437,-25.30463],[-50.02424,-25.30425],[-50.02463,-25.30412],[-50.0249,-25.3043],[-50.02493,-25.30462],[-50.02511,-25.30463],[-50.0252,-25.30443],[-50.02505,-25.30403],[-50.02534,-25.30372],[-50.02663,-25.30472],[-50.02682,-25.3047],[-50.02712,-25.3042],[-50.02807,-25.30451],[-50.02851,-25.30447],[-50.02894,-25.30443],[-50.03041,-25.30372],[-50.03116,-25.30383],[-50.03168,-25.30345],[-50.03258,-25.30185],[-50.03304,-25.30146],[-50.03444,-25.30161],[-50.035,-25.30151],[-50.03516,-25.3016],[-50.03553,-25.3026],[-50.0357,-25.30264],[-50.03608,-25.30238],[-50.03604,-25.30184],[-50.03698,-25.3017],[-50.03695,-25.3026],[-50.03721,-25.30269],[-50.03746,-25.30206],[-50.0378,-25.3017],[-50.03776,-25.30136],[-50.03754,-25.30104],[-50.03668,-25.3005],[-50.03662,-25.3003],[-50.03708,-25.29991],[-50.03784,-25.30004],[-50.03855,-25.29958],[-50.03856,-25.29936],[-50.0382,-25.29912],[-50.03789,-25.29917],[-50.03771,-25.29948],[-50.03736,-25.29948],[-50.03715,-25.2987],[-50.03688,-25.29871],[-50.03669,-25.29923],[-50.03647,-25.29936],[-50.03616,-25.29924],[-50.03622,-25.29865],[-50.03596,-25.29827],[-50.03599,-25.29802],[-50.03627,-25.2979],[-50.03707,-25.29806],[-50.03683,-25.29676],[-50.03714,-25.2962],[-50.03716,-25.29574],[-50.03752,-25.29539],[-50.03729,-25.29522],[-50.03715,-25.29545],[-50.03685,-25.29536],[-50.03696,-25.29482],[-50.03686,-25.29435],[-50.03661,-25.29436],[-50.03624,-25.29481],[-50.03594,-25.29485],[-50.03581,-25.29463],[-50.03589,-25.29384],[-50.0363,-25.29309],[-50.03615,-25.29296],[-50.03563,-25.2931],[-50.03564,-25.29243],[-50.036,-25.29189],[-50.037,-25.29176],[-50.0372,-25.29142],[-50.03694,-25.29098],[-50.03862,-25.29026],[-50.03953,-25.29008],[-50.04105,-25.28879],[-50.04126,-25.28844],[-50.04063,-25.2876],[-50.0402,-25.28748],[-50.04011,-25.28764],[-50.04047,-25.28835],[-50.04012,-25.28838],[-50.03991,-25.28829],[-50.03962,-25.28757],[-50.03938,-25.2875],[-50.03935,-25.28722],[-50.04001,-25.28717],[-50.0404,-25.28673],[-50.04087,-25.28661],[-50.04162,-25.28662],[-50.04203,-25.28701],[-50.04211,-25.28661],[-50.04385,-25.28589],[-50.0438,-25.2854],[-50.04281,-25.28528],[-50.04284,-25.28512],[-50.04374,-25.28449],[-50.04378,-25.28378],[-50.04453,-25.28407],[-50.04464,-25.28378],[-50.04449,-25.28361],[-50.04453,-25.28336],[-50.04498,-25.28354],[-50.04571,-25.28347],[-50.04609,-25.28252],[-50.04549,-25.28274],[-50.04538,-25.28246],[-50.04558,-25.28219],[-50.04617,-25.2821],[-50.04612,-25.28175],[-50.04577,-25.28089],[-50.04478,-25.27952],[-50.04496,-25.27895],[-50.04493,-25.27833],[-50.0444,-25.2775],[-50.04395,-25.2771],[-50.04383,-25.27667],[-50.0412,-25.277],[-50.0408,-25.27633],[-50.04098,-25.27541],[-50.04101,-25.27167],[-50.04029,-25.27085],[-50.03986,-25.27],[-50.03888,-25.26902],[-50.03726,-25.26861],[-50.03212,-25.26881],[-50.03117,-25.26863],[-50.02872,-25.26896],[-50.02346,-25.26402],[-50.02387,-25.26225],[-50.02374,-25.26173],[-50.02187,-25.25884],[-50.0201,-25.25508],[-50.01997,-25.25435],[-50.02049,-25.25185],[-50.02044,-25.25126],[-50.02126,-25.25076],[-50.02239,-25.25038],[-50.02325,-25.24982],[-50.02441,-25.24958],[-50.02465,-25.24976],[-50.02513,-25.24974],[-50.02558,-25.24902],[-50.02559,-25.24865],[-50.02614,-25.24883],[-50.02633,-25.24826],[-50.02712,-25.24808],[-50.02732,-25.24834],[-50.02792,-25.24835],[-50.02937,-25.24807],[-50.02994,-25.24778],[-50.03073,-25.24786],[-50.0314,-25.24817],[-50.03203,-25.24784],[-50.03279,-25.24797],[-50.03362,-25.24767],[-50.03378,-25.24724],[-50.03453,-25.24701],[-50.03459,-25.24655],[-50.03487,-25.24657],[-50.0351,-25.24691],[-50.03525,-25.24657],[-50.0356,-25.24649],[-50.03591,-25.24715],[-50.03636,-25.24736],[-50.03684,-25.24738],[-50.03705,-25.24733],[-50.03707,-25.24705],[-50.03746,-25.24705],[-50.03746,-25.24685],[-50.03773,-25.24675],[-50.03788,-25.24677],[-50.03788,-25.24708],[-50.03812,-25.24694],[-50.0383,-25.24703],[-50.03852,-25.24666],[-50.03873,-25.24686],[-50.03869,-25.24745],[-50.03913,-25.24732],[-50.03945,-25.24701],[-50.04003,-25.24713],[-50.04034,-25.24661],[-50.04079,-25.24706],[-50.04099,-25.24696],[-50.04108,-25.24664],[-50.04175,-25.24676],[-50.04199,-25.24662],[-50.04205,-25.24627],[-50.04231,-25.24601],[-50.04256,-25.24639],[-50.04271,-25.24611],[-50.04328,-25.24591],[-50.04353,-25.24542],[-50.04418,-25.24556],[-50.04489,-25.24522],[-50.04495,-25.24549],[-50.0451,-25.24552],[-50.04573,-25.24524],[-50.0459,-25.24593],[-50.04613,-25.24593],[-50.04626,-25.24615],[-50.04679,-25.24601],[-50.04746,-25.24473],[-50.04781,-25.24469],[-50.04798,-25.24517],[-50.04829,-25.24513],[-50.04852,-25.24528],[-50.04921,-25.24502],[-50.04925,-25.24448],[-50.04808,-25.24322],[-50.04899,-25.24307],[-50.05023,-25.24202],[-50.05048,-25.24216],[-50.05087,-25.242],[-50.0508,-25.24237],[-50.05111,-25.24254],[-50.05216,-25.24191],[-50.05244,-25.24194],[-50.05266,-25.24217],[-50.05306,-25.24179],[-50.05389,-25.24178],[-50.05399,-25.24147],[-50.05452,-25.24127],[-50.05463,-25.24132],[-50.05457,-25.24158],[-50.05479,-25.24178],[-50.05532,-25.24184],[-50.05567,-25.24153],[-50.05609,-25.24164],[-50.05632,-25.24139],[-50.05616,-25.24096],[-50.0563,-25.24072],[-50.05715,-25.24044],[-50.05725,-25.24019],[-50.05772,-25.24006],[-50.05779,-25.23962],[-50.05813,-25.23961],[-50.058,-25.23914],[-50.05813,-25.23879],[-50.05878,-25.23837],[-50.05864,-25.23771],[-50.05892,-25.23755],[-50.06019,-25.2376],[-50.06057,-25.23692],[-50.06057,-25.23652],[-50.0611,-25.23621],[-50.06096,-25.23509],[-50.06016,-25.23542],[-50.05907,-25.23521],[-50.05864,-25.23491],[-50.05822,-25.23423],[-50.05687,-25.23376],[-50.05517,-25.23238],[-50.05441,-25.23132],[-50.05423,-25.23044],[-50.05377,-25.22984],[-50.05368,-25.22953],[-50.05399,-25.2287],[-50.05393,-25.22788],[-50.05321,-25.22646],[-50.05299,-25.22548],[-50.05221,-25.22435],[-50.05109,-25.22414],[-50.05073,-25.22384],[-50.06099,-25.21256],[-50.05001,-25.20679],[-50.04952,-25.20628],[-50.04938,-25.20553],[-50.04897,-25.20553],[-50.04854,-25.20587],[-50.04801,-25.20546],[-50.0486,-25.20487],[-50.0502,-25.20388],[-50.05052,-25.20449],[-50.05073,-25.20452],[-50.05147,-25.20344],[-50.05187,-25.20251],[-50.05182,-25.20199],[-50.0511,-25.20131],[-50.04958,-25.19905],[-50.05102,-25.19909],[-50.05179,-25.19877],[-50.0555,-25.19152],[-50.05553,-25.19117],[-50.04988,-25.1862],[-50.04553,-25.18392],[-50.03286,-25.18009],[-50.01999,-25.18096],[-50.01596,-25.18159],[-50.01414,-25.1811],[-50.00346,-25.17975],[-50.00659,-25.15877],[-50.01335,-25.15013],[-50.01395,-25.14954],[-50.01598,-25.14634],[-50.02308,-25.14032],[-50.02389,-25.14044],[-50.02564,-25.13869],[-50.02572,-25.13853],[-50.02547,-25.13805],[-50.02594,-25.13746],[-50.03533,-25.13558],[-50.03921,-25.13392],[-50.03904,-25.10645],[-50.05665,-25.09082],[-50.0582,-25.08994],[-50.05893,-25.08989],[-50.06091,-25.0903],[-50.07085,-25.0537],[-50.08355,-25.04606],[-50.08883,-25.03714],[-50.10047,-25.03064],[-50.1008,-25.02981],[-50.10165,-25.02958],[-50.10212,-25.02903],[-50.1022,-25.02848],[-50.10269,-25.02765],[-50.10054,-25.02693],[-50.10029,-25.0263],[-50.10044,-25.02574],[-50.10086,-25.02521],[-50.1003,-25.02513],[-50.10017,-25.02536],[-50.09988,-25.02535],[-50.09932,-25.02442],[-50.09946,-25.02405],[-50.09934,-25.0238],[-50.09966,-25.02341],[-50.10017,-25.02217],[-50.10064,-25.0216],[-50.10159,-25.02116],[-50.10161,-25.02056],[-50.10128,-25.02023],[-50.10071,-25.01903],[-50.10015,-25.01835],[-50.1,-25.01775],[-50.09967,-25.01747],[-50.09941,-25.01691],[-50.09837,-25.01628],[-50.09759,-25.01613],[-50.09585,-25.01449],[-50.09518,-25.01294],[-50.09476,-25.01099],[-50.09358,-25.00949],[-50.09335,-25.00872],[-50.09718,-24.99581],[-50.10832,-24.97857],[-50.10954,-24.97553],[-50.11054,-24.97351],[-50.11175,-24.96998],[-50.11207,-24.96762],[-50.11189,-24.96456],[-50.11148,-24.9646],[-50.10934,-24.96547],[-50.10687,-24.96559],[-50.10639,-24.96545],[-50.10605,-24.96512],[-50.10533,-24.96504],[-50.10432,-24.96526],[-50.10211,-24.96535],[-50.10131,-24.96574],[-50.10037,-24.96531],[-50.09967,-24.96463],[-50.09848,-24.96403],[-50.09721,-24.96384],[-50.09604,-24.96443],[-50.09497,-24.96377],[-50.09418,-24.96379],[-50.09329,-24.96412],[-50.09129,-24.96572],[-50.08973,-24.96581],[-50.08883,-24.96673],[-50.08724,-24.9668],[-50.08579,-24.96739],[-50.08435,-24.96829],[-50.08361,-24.96845],[-50.08236,-24.96902],[-50.07967,-24.9691],[-50.07957,-24.96897],[-50.07955,-24.96725],[-50.08046,-24.96588],[-50.08181,-24.96442],[-50.08201,-24.96391],[-50.08139,-24.96388],[-50.08051,-24.96288],[-50.08133,-24.96229],[-50.08049,-24.96148],[-50.08059,-24.96069],[-50.08111,-24.9598],[-50.08212,-24.95866],[-50.08259,-24.95711],[-50.08382,-24.95621],[-50.086,-24.95422],[-50.08629,-24.9539],[-50.08635,-24.95349],[-50.08632,-24.95092],[-50.08437,-24.9504],[-50.08379,-24.95055],[-50.08476,-24.9483],[-50.08549,-24.94752],[-50.08536,-24.94656],[-50.0846,-24.94522],[-50.08426,-24.94341],[-50.08457,-24.9413],[-50.08493,-24.94057],[-50.08313,-24.93991],[-50.08233,-24.9394],[-50.08136,-24.93828],[-50.08095,-24.93704],[-50.08094,-24.93622],[-50.08155,-24.93489],[-50.08149,-24.93393],[-50.08105,-24.93277],[-50.08114,-24.93178],[-50.08144,-24.92996],[-50.08215,-24.928],[-50.08247,-24.92477],[-50.08292,-24.92413],[-50.08341,-24.92374],[-50.08417,-24.92341],[-50.08583,-24.92306],[-50.08718,-24.92204],[-50.08799,-24.92177],[-50.0881,-24.92217],[-50.08793,-24.92314],[-50.08767,-24.92357],[-50.08803,-24.92455],[-50.08668,-24.92684],[-50.08643,-24.92785],[-50.08668,-24.9302],[-50.08709,-24.93065],[-50.08912,-24.93145],[-50.08978,-24.93339],[-50.09046,-24.93442],[-50.09154,-24.93559],[-50.09302,-24.93649],[-50.0939,-24.93798],[-50.09454,-24.93872],[-50.09523,-24.93881],[-50.09855,-24.93865],[-50.09906,-24.93873],[-50.09944,-24.939],[-50.10027,-24.93894],[-50.10199,-24.93947],[-50.10411,-24.94062],[-50.10481,-24.94079],[-50.1071,-24.94017],[-50.1096,-24.94024],[-50.11202,-24.94142],[-50.11266,-24.94147],[-50.11309,-24.9413],[-50.11376,-24.94013],[-50.11662,-24.93814],[-50.11756,-24.93783],[-50.12029,-24.93798],[-50.12095,-24.93721],[-50.1218,-24.93676],[-50.12305,-24.93551],[-50.12518,-24.93379],[-50.12619,-24.93332],[-50.12668,-24.9329],[-50.12811,-24.93005],[-50.1287,-24.92611],[-50.12961,-24.92448],[-50.12959,-24.92386],[-50.12939,-24.92352],[-50.12992,-24.9224],[-50.13014,-24.92145],[-50.13027,-24.9194],[-50.13169,-24.91804],[-50.1337,-24.91681],[-50.13498,-24.91548],[-50.13596,-24.91502],[-50.1365,-24.9143],[-50.13767,-24.91388],[-50.13792,-24.91356],[-50.13802,-24.91277],[-50.13819,-24.91262],[-50.13905,-24.91252],[-50.14108,-24.91157],[-50.14122,-24.91144],[-50.14129,-24.91044],[-50.14194,-24.9099],[-50.14259,-24.90964],[-50.14432,-24.90961],[-50.14455,-24.90913],[-50.14589,-24.90816],[-50.14653,-24.90793],[-50.14706,-24.90822],[-50.14759,-24.90929],[-50.14891,-24.91094],[-50.14935,-24.91096],[-50.1499,-24.9107],[-50.15158,-24.91041],[-50.15219,-24.90911],[-50.15292,-24.90832],[-50.15369,-24.90798],[-50.15447,-24.90682],[-50.15612,-24.90504],[-50.15618,-24.90464],[-50.15584,-24.9041],[-50.15587,-24.90371],[-50.15732,-24.90376],[-50.15824,-24.90282],[-50.15815,-24.90243],[-50.15707,-24.90147],[-50.15687,-24.90049],[-50.15569,-24.89915],[-50.1558,-24.89855],[-50.15649,-24.89701],[-50.15724,-24.8958],[-50.15724,-24.89542],[-50.15677,-24.89501],[-50.15674,-24.89463],[-50.15688,-24.89448],[-50.15757,-24.89452],[-50.15782,-24.89423],[-50.15657,-24.89291],[-50.15785,-24.89172],[-50.15975,-24.89043],[-50.15988,-24.88985],[-50.16023,-24.88936],[-50.16118,-24.88884],[-50.16334,-24.88638],[-50.16361,-24.88647],[-50.16363,-24.88778],[-50.1639,-24.88803],[-50.16406,-24.88855],[-50.16525,-24.88941],[-50.16614,-24.88972],[-50.16656,-24.88969],[-50.16817,-24.88898],[-50.16907,-24.88912],[-50.16922,-24.88898],[-50.1693,-24.88839],[-50.17084,-24.88725],[-50.17141,-24.88697],[-50.17181,-24.88696],[-50.17222,-24.8865],[-50.17262,-24.88637],[-50.17543,-24.88766],[-50.17948,-24.88984],[-50.18162,-24.89002],[-50.19005,-24.89361],[-50.20781,-24.89619],[-50.21571,-24.88073],[-50.21491,-24.88076],[-50.21382,-24.88138],[-50.21284,-24.88067],[-50.21214,-24.8799],[-50.21187,-24.87884],[-50.21195,-24.87812],[-50.21241,-24.87682],[-50.21237,-24.87618],[-50.21129,-24.87555],[-50.21082,-24.87488],[-50.21069,-24.87315],[-50.21045,-24.87279],[-50.20969,-24.87237],[-50.20817,-24.87223],[-50.2072,-24.87154],[-50.20667,-24.87085],[-50.20611,-24.86908],[-50.20652,-24.8677],[-50.20601,-24.86711],[-50.20445,-24.86649],[-50.2026,-24.86621],[-50.19941,-24.86745],[-50.1985,-24.86725],[-50.19799,-24.86684],[-50.19656,-24.8663],[-50.19684,-24.86483],[-50.19684,-24.86061],[-50.20378,-24.84669],[-50.21366,-24.83573],[-50.22433,-24.82727],[-50.22111,-24.82486],[-50.22311,-24.82251],[-50.22933,-24.80624],[-50.24638,-24.78574],[-50.24838,-24.77059],[-50.24823,-24.75804],[-50.25222,-24.74163],[-50.262,-24.72981],[-50.26392,-24.72985],[-50.2654,-24.72938],[-50.26652,-24.72874],[-50.26824,-24.72807],[-50.27004,-24.72681],[-50.27268,-24.72547],[-50.27424,-24.72535],[-50.27522,-24.72472],[-50.2769,-24.72432],[-50.27849,-24.72436],[-50.27991,-24.72499],[-50.28131,-24.72599],[-50.28232,-24.72621],[-50.28319,-24.72619],[-50.28425,-24.72644],[-50.28574,-24.72586],[-50.2875,-24.72596],[-50.28987,-24.72668],[-50.29091,-24.72673],[-50.29185,-24.72706],[-50.29378,-24.72742],[-50.29558,-24.72814],[-50.29646,-24.7288],[-50.29803,-24.73124],[-50.29918,-24.73251],[-50.29987,-24.73388],[-50.30098,-24.73504],[-50.30191,-24.73552],[-50.30317,-24.7357],[-50.30375,-24.7361],[-50.30811,-24.72098],[-50.30898,-24.70694],[-50.32379,-24.6992],[-50.31931,-24.68844],[-50.34387,-24.67205],[-50.3578,-24.6672],[-50.37299,-24.64541],[-50.36704,-24.63669],[-50.32884,-24.61676],[-50.34879,-24.6047],[-50.36913,-24.5892],[-50.34106,-24.56017],[-50.31474,-24.53518],[-50.31926,-24.53046],[-50.3212,-24.52872],[-50.32508,-24.52473],[-50.32868,-24.52132],[-50.33091,-24.52018],[-50.33243,-24.51988],[-50.33891,-24.50815],[-50.34076,-24.4994],[-50.34155,-24.4996],[-50.34308,-24.49908],[-50.34444,-24.49895],[-50.34524,-24.49872],[-50.34744,-24.49733],[-50.34891,-24.49564],[-50.35001,-24.49465],[-50.35111,-24.494],[-50.35176,-24.49396],[-50.35246,-24.49449],[-50.35327,-24.49472],[-50.35495,-24.4943],[-50.35672,-24.49359],[-50.35901,-24.49146],[-50.35973,-24.49109],[-50.36189,-24.48922],[-50.36311,-24.48799],[-50.36377,-24.48685],[-50.36443,-24.48645],[-50.36588,-24.48632],[-50.36683,-24.48562],[-50.36813,-24.48423],[-50.36884,-24.48265],[-50.36949,-24.4821],[-50.37162,-24.48138],[-50.37409,-24.4816],[-50.37455,-24.48172],[-50.37578,-24.48278],[-50.37674,-24.48263],[-50.37738,-24.48209],[-50.3777,-24.48201],[-50.37857,-24.4824],[-50.37958,-24.48321],[-50.38044,-24.48292],[-50.38334,-24.4813],[-50.38349,-24.48074],[-50.38298,-24.48047],[-50.38181,-24.48103],[-50.38102,-24.48116],[-50.38034,-24.48108],[-50.37959,-24.48051],[-50.37943,-24.47996],[-50.37988,-24.47922],[-50.38324,-24.47608],[-50.38339,-24.47553],[-50.3827,-24.47534],[-50.3801,-24.47563],[-50.37964,-24.47555],[-50.37915,-24.47517],[-50.37861,-24.47366],[-50.3761,-24.47279],[-50.37588,-24.4724],[-50.37867,-24.47082],[-50.38026,-24.46911],[-50.3815,-24.46546],[-50.38127,-24.46524],[-50.37927,-24.4653],[-50.37601,-24.4667],[-50.37473,-24.4671],[-50.37409,-24.46704],[-50.37339,-24.46616],[-50.37306,-24.46617],[-50.37222,-24.46671],[-50.37193,-24.46673],[-50.37154,-24.46649],[-50.37151,-24.46616],[-50.3722,-24.46538],[-50.37228,-24.46488],[-50.37116,-24.46353],[-50.37078,-24.4633],[-50.36957,-24.4631],[-50.36868,-24.46256],[-50.36743,-24.46095],[-50.36438,-24.45816],[-50.36388,-24.45795],[-50.36272,-24.45788],[-50.36231,-24.45767],[-50.36219,-24.45744],[-50.36227,-24.45537],[-50.36369,-24.45513],[-50.36507,-24.45461],[-50.36544,-24.45427],[-50.36549,-24.45391],[-50.36506,-24.45304],[-50.36574,-24.45239],[-50.36584,-24.4518],[-50.3654,-24.45076],[-50.36544,-24.44927],[-50.36497,-24.44886],[-50.36428,-24.44904],[-50.36292,-24.45027],[-50.36079,-24.45307],[-50.35907,-24.45451],[-50.35576,-24.45798],[-50.35569,-24.45886],[-50.35503,-24.4593],[-50.35462,-24.45924],[-50.35271,-24.45814],[-50.35202,-24.45813],[-50.35119,-24.45788],[-50.35102,-24.45751],[-50.35119,-24.45596],[-50.35248,-24.45545],[-50.35332,-24.45462],[-50.35392,-24.45228],[-50.3538,-24.45199],[-50.35317,-24.45225],[-50.35035,-24.45486],[-50.34998,-24.45456],[-50.34962,-24.45382],[-50.34986,-24.45288],[-50.34951,-24.45222],[-50.34811,-24.45293],[-50.3468,-24.4529],[-50.34558,-24.45326],[-50.34374,-24.45319],[-50.34343,-24.45382],[-50.34412,-24.45494],[-50.34408,-24.4557],[-50.34221,-24.45763],[-50.34118,-24.45832],[-50.34042,-24.45906],[-50.33994,-24.45925],[-50.33929,-24.45907],[-50.33885,-24.45826],[-50.33896,-24.45793],[-50.33964,-24.45754],[-50.34016,-24.45645],[-50.34001,-24.45611],[-50.3395,-24.45588],[-50.3383,-24.45571],[-50.3364,-24.4551],[-50.33466,-24.45488],[-50.33377,-24.45528],[-50.33318,-24.45667],[-50.33271,-24.4568],[-50.33219,-24.4567],[-50.33149,-24.45592],[-50.33135,-24.45518],[-50.33195,-24.45311],[-50.33317,-24.45086],[-50.33519,-24.44832],[-50.33799,-24.44695],[-50.33863,-24.44615],[-50.33987,-24.44514],[-50.34042,-24.44322],[-50.33936,-24.44243],[-50.33874,-24.44171],[-50.33803,-24.44196],[-50.33756,-24.44293],[-50.33686,-24.4436],[-50.33519,-24.44464],[-50.33314,-24.44758],[-50.33112,-24.44834],[-50.33085,-24.44969],[-50.33001,-24.45221],[-50.32967,-24.45251],[-50.32924,-24.45259],[-50.32761,-24.45206],[-50.32746,-24.4514],[-50.32685,-24.45089],[-50.32545,-24.45082],[-50.32429,-24.4503],[-50.32309,-24.4507],[-50.3227,-24.45044],[-50.32235,-24.44957],[-50.3225,-24.44859],[-50.32281,-24.44822],[-50.32538,-24.44668],[-50.32559,-24.44636],[-50.32554,-24.44605],[-50.32463,-24.44539],[-50.32334,-24.44548],[-50.32252,-24.44617],[-50.31922,-24.44703],[-50.31804,-24.44672],[-50.31742,-24.44678],[-50.31686,-24.44661],[-50.3144,-24.44681],[-50.31414,-24.44627],[-50.31407,-24.44533],[-50.31386,-24.44505],[-50.3134,-24.445],[-50.31255,-24.44529],[-50.31163,-24.44501],[-50.31119,-24.44414],[-50.31144,-24.44255],[-50.3117,-24.4423],[-50.31291,-24.44183],[-50.31357,-24.44095],[-50.31358,-24.43966],[-50.31336,-24.43926],[-50.31314,-24.43919],[-50.31265,-24.43933],[-50.3119,-24.44009],[-50.31067,-24.44031],[-50.30951,-24.44013],[-50.30855,-24.43976],[-50.30706,-24.43986],[-50.3057,-24.44077],[-50.30475,-24.44207],[-50.30343,-24.44319],[-50.30276,-24.44356],[-50.30091,-24.44397],[-50.29898,-24.4449],[-50.29646,-24.44564],[-50.295,-24.44541],[-50.2941,-24.44594],[-50.29375,-24.44582],[-50.29104,-24.44379],[-50.28962,-24.44173],[-50.28917,-24.44186],[-50.28675,-24.4437],[-50.28491,-24.44299],[-50.28401,-24.44182],[-50.28392,-24.44124],[-50.28444,-24.44071],[-50.28514,-24.44079],[-50.28564,-24.44046],[-50.28476,-24.43882],[-50.28474,-24.43812],[-50.285,-24.43796],[-50.28626,-24.43798],[-50.28661,-24.43762],[-50.28674,-24.43613],[-50.28648,-24.43551],[-50.28582,-24.43478],[-50.2859,-24.43424],[-50.28665,-24.43333],[-50.28656,-24.43284],[-50.28615,-24.43226],[-50.28639,-24.43102],[-50.28632,-24.43046],[-50.28764,-24.42907],[-50.28791,-24.4285],[-50.28725,-24.42809],[-50.28663,-24.42792],[-50.28632,-24.42817],[-50.28576,-24.4292],[-50.28514,-24.42967],[-50.28456,-24.42983],[-50.28385,-24.42973],[-50.28319,-24.42926],[-50.28293,-24.42831],[-50.28299,-24.42758],[-50.28398,-24.42613],[-50.284,-24.42576],[-50.28352,-24.4254],[-50.28276,-24.42519],[-50.28197,-24.42522],[-50.28146,-24.42554],[-50.28124,-24.42594],[-50.28088,-24.42605],[-50.28055,-24.42586],[-50.27984,-24.42439],[-50.27919,-24.42392],[-50.27844,-24.42402],[-50.27775,-24.42389],[-50.27665,-24.42485],[-50.27627,-24.42472],[-50.27558,-24.42355],[-50.274,-24.42433],[-50.27381,-24.42431],[-50.2737,-24.42406],[-50.27719,-24.4215],[-50.27859,-24.42156],[-50.27906,-24.42105],[-50.27913,-24.4201],[-50.27952,-24.41976],[-50.27992,-24.41991],[-50.28015,-24.4198],[-50.28059,-24.41854],[-50.28222,-24.41726],[-50.28243,-24.41621],[-50.28302,-24.41537],[-50.28295,-24.41478],[-50.28232,-24.4143],[-50.28092,-24.41379],[-50.27986,-24.41434],[-50.27949,-24.41431],[-50.27883,-24.41372],[-50.27881,-24.41317],[-50.27922,-24.41248],[-50.28001,-24.41206],[-50.28159,-24.4104],[-50.28326,-24.40948],[-50.28344,-24.40925],[-50.2825,-24.408],[-50.28285,-24.40657],[-50.28162,-24.40558],[-50.28114,-24.40478],[-50.28078,-24.40481],[-50.28046,-24.40508],[-50.28025,-24.40581],[-50.27999,-24.40605],[-50.27961,-24.40624],[-50.27918,-24.40617],[-50.27914,-24.40576],[-50.27942,-24.40505],[-50.27942,-24.40459],[-50.27909,-24.40434],[-50.27844,-24.40425],[-50.27813,-24.40397],[-50.27789,-24.40325],[-50.27764,-24.40135],[-50.27716,-24.39966],[-50.27667,-24.39863],[-50.27591,-24.3977],[-50.27506,-24.39826],[-50.27462,-24.39824],[-50.27452,-24.39791],[-50.27492,-24.39751],[-50.27498,-24.39723],[-50.27467,-24.39687],[-50.274,-24.39662],[-50.2734,-24.39677],[-50.27265,-24.39728],[-50.27159,-24.3986],[-50.27068,-24.39939],[-50.26784,-24.40094],[-50.26772,-24.40113],[-50.26773,-24.40184],[-50.26755,-24.40202],[-50.26668,-24.40215],[-50.26568,-24.40256],[-50.26436,-24.4054],[-50.26209,-24.40707],[-50.25799,-24.41078],[-50.25659,-24.41185],[-50.25504,-24.41235],[-50.25365,-24.41327],[-50.25255,-24.41424],[-50.25242,-24.41455],[-50.25246,-24.41519],[-50.25273,-24.41616],[-50.25203,-24.41689],[-50.25021,-24.41776],[-50.24952,-24.41854],[-50.24841,-24.4192],[-50.24702,-24.41934],[-50.2462,-24.42025],[-50.24511,-24.42024],[-50.24408,-24.41971],[-50.24345,-24.41895],[-50.24279,-24.4167],[-50.24256,-24.41646],[-50.24231,-24.41646],[-50.2417,-24.41679],[-50.24095,-24.4175],[-50.24027,-24.4185],[-50.23892,-24.41993],[-50.23749,-24.42281],[-50.23627,-24.42365],[-50.23484,-24.42502],[-50.2342,-24.42502],[-50.23222,-24.42561],[-50.23007,-24.42575],[-50.22512,-24.42681],[-50.22449,-24.42669],[-50.22273,-24.4259],[-50.22099,-24.42561],[-50.22014,-24.42575],[-50.21895,-24.42664],[-50.21709,-24.42696],[-50.21587,-24.42612],[-50.21504,-24.42662],[-50.21407,-24.42787],[-50.21328,-24.42841],[-50.21186,-24.42771],[-50.21142,-24.42682],[-50.21045,-24.42609],[-50.20948,-24.4258],[-50.20859,-24.4258],[-50.20701,-24.42674],[-50.20558,-24.42786],[-50.20426,-24.42812],[-50.20335,-24.42798],[-50.20221,-24.42839],[-50.19995,-24.42978],[-50.19831,-24.43127],[-50.19775,-24.43087],[-50.19736,-24.42975],[-50.19702,-24.42928],[-50.19665,-24.42927],[-50.19533,-24.43016],[-50.19435,-24.43013],[-50.19307,-24.42938],[-50.19182,-24.42899],[-50.19052,-24.42759],[-50.19011,-24.42788],[-50.18941,-24.42929],[-50.18886,-24.42895],[-50.18807,-24.42781],[-50.18773,-24.42758],[-50.18726,-24.42781],[-50.18616,-24.42899],[-50.18591,-24.42905],[-50.18566,-24.42877],[-50.18551,-24.42776],[-50.18472,-24.42661],[-50.18465,-24.42604],[-50.18496,-24.42556],[-50.18491,-24.42533],[-50.18387,-24.42455],[-50.18307,-24.42325],[-50.18134,-24.42386],[-50.18038,-24.42379],[-50.17908,-24.42492],[-50.17843,-24.42478],[-50.17748,-24.42421],[-50.17621,-24.42412],[-50.17543,-24.42378],[-50.17459,-24.42379],[-50.17338,-24.42458],[-50.17296,-24.42454],[-50.17037,-24.42205],[-50.16814,-24.4206],[-50.16716,-24.4203],[-50.16696,-24.41994],[-50.16699,-24.41875],[-50.1658,-24.41866],[-50.16495,-24.41813],[-50.16482,-24.41795],[-50.16478,-24.41652],[-50.16539,-24.41572],[-50.16465,-24.41501],[-50.16428,-24.41482],[-50.16391,-24.41493],[-50.16254,-24.41636],[-50.16208,-24.41633],[-50.16082,-24.4156],[-50.16077,-24.41381],[-50.16099,-24.41349],[-50.16185,-24.413],[-50.16187,-24.41261],[-50.16158,-24.41191],[-50.16234,-24.411],[-50.16256,-24.41028],[-50.16171,-24.40837],[-50.16137,-24.40848],[-50.16107,-24.40958],[-50.16047,-24.40956],[-50.15971,-24.40895],[-50.159,-24.409],[-50.15685,-24.40969],[-50.15679,-24.41009],[-50.15721,-24.4117],[-50.15712,-24.41196],[-50.15611,-24.41194],[-50.15564,-24.41135],[-50.15516,-24.41116],[-50.15472,-24.41121],[-50.15384,-24.41171],[-50.15365,-24.41165],[-50.15336,-24.41116],[-50.15176,-24.40993],[-50.15156,-24.4094],[-50.15172,-24.40847],[-50.15141,-24.40759],[-50.15106,-24.40709],[-50.15042,-24.40706],[-50.15008,-24.40728],[-50.14978,-24.40797],[-50.14923,-24.40827],[-50.14839,-24.40835],[-50.1481,-24.40858],[-50.14809,-24.40877],[-50.14923,-24.40926],[-50.14947,-24.40957],[-50.14948,-24.41034],[-50.14916,-24.41185],[-50.14859,-24.41197],[-50.14841,-24.41161],[-50.14805,-24.41146],[-50.1475,-24.41224],[-50.1463,-24.41238],[-50.14601,-24.41133],[-50.14678,-24.41047],[-50.14665,-24.40975],[-50.14636,-24.40949],[-50.14516,-24.41022],[-50.14456,-24.4101],[-50.14459,-24.40823],[-50.14504,-24.40737],[-50.14592,-24.40632],[-50.14672,-24.40588],[-50.14842,-24.40549],[-50.14872,-24.40523],[-50.14869,-24.40488],[-50.14854,-24.40475],[-50.14791,-24.4048],[-50.14735,-24.40508],[-50.14689,-24.40507],[-50.14615,-24.40473],[-50.14589,-24.40443],[-50.14536,-24.40436],[-50.14452,-24.4038],[-50.14331,-24.40228],[-50.14079,-24.40056],[-50.14073,-24.40038],[-50.14078,-24.3998],[-50.14126,-24.39921],[-50.14129,-24.39865],[-50.14116,-24.39829],[-50.14058,-24.39774],[-50.1406,-24.39716],[-50.141,-24.39673],[-50.14122,-24.39669],[-50.14149,-24.39698],[-50.14193,-24.39699],[-50.14228,-24.39683],[-50.14229,-24.39664],[-50.14145,-24.39612],[-50.14148,-24.39561],[-50.14189,-24.39522],[-50.14183,-24.39505],[-50.1417,-24.39489],[-50.14092,-24.39476],[-50.14063,-24.39388],[-50.14087,-24.39359],[-50.14188,-24.39341],[-50.14173,-24.39173],[-50.14277,-24.39147],[-50.14303,-24.39121],[-50.14304,-24.39045],[-50.14269,-24.38975],[-50.14335,-24.38858],[-50.14331,-24.38822],[-50.14277,-24.38852],[-50.14179,-24.38979],[-50.14068,-24.39044],[-50.14038,-24.39123],[-50.1399,-24.39131],[-50.13934,-24.39106],[-50.13916,-24.39054],[-50.13854,-24.39105],[-50.13803,-24.39017],[-50.13746,-24.39],[-50.13723,-24.38966],[-50.1373,-24.38929],[-50.13827,-24.38879],[-50.13837,-24.38771],[-50.13824,-24.38754],[-50.13724,-24.38738],[-50.13673,-24.38646],[-50.13558,-24.38564],[-50.13565,-24.38486],[-50.13523,-24.38441],[-50.13464,-24.38428],[-50.13343,-24.38468],[-50.13247,-24.38626],[-50.13147,-24.38628],[-50.13095,-24.38595],[-50.13053,-24.38543],[-50.12991,-24.38524],[-50.12909,-24.38453],[-50.12887,-24.3846],[-50.12872,-24.38498],[-50.12853,-24.38505],[-50.12784,-24.38496],[-50.12748,-24.3847],[-50.12757,-24.38396],[-50.12732,-24.38301],[-50.12682,-24.38266],[-50.12636,-24.38263],[-50.12627,-24.38323],[-50.12604,-24.3832],[-50.12564,-24.38251],[-50.12452,-24.38156],[-50.12451,-24.38059],[-50.12376,-24.38033],[-50.12359,-24.37968],[-50.12299,-24.37971],[-50.12228,-24.37926],[-50.12216,-24.37893],[-50.12247,-24.37828],[-50.12094,-24.37788],[-50.12,-24.37663],[-50.11979,-24.37674],[-50.11975,-24.37703],[-50.11942,-24.37702],[-50.11924,-24.37671],[-50.11943,-24.37639],[-50.11873,-24.37616],[-50.11843,-24.37579],[-50.1182,-24.37581],[-50.11784,-24.37623],[-50.11749,-24.3756],[-50.11743,-24.37498],[-50.11681,-24.37437],[-50.11687,-24.37322],[-50.11648,-24.37174],[-50.11633,-24.37003],[-50.11653,-24.36865],[-50.11682,-24.36805],[-50.11666,-24.36722],[-50.1164,-24.36718],[-50.11634,-24.367],[-50.11647,-24.36631],[-50.11683,-24.36578],[-50.11704,-24.36508],[-50.11664,-24.36419],[-50.11688,-24.36347],[-50.11695,-24.36252],[-50.11737,-24.36172],[-50.11725,-24.36066],[-50.11691,-24.36009],[-50.11722,-24.35957],[-50.11724,-24.35843],[-50.11625,-24.35644],[-50.1162,-24.35559],[-50.1157,-24.35496],[-50.11532,-24.35394],[-50.1148,-24.3532],[-50.11422,-24.35278],[-50.114,-24.35229],[-50.11416,-24.35033],[-50.11501,-24.34955],[-50.11571,-24.34914],[-50.11601,-24.3487],[-50.11631,-24.34579],[-50.11675,-24.34495],[-50.11914,-24.34255],[-50.12112,-24.34153],[-50.12293,-24.33926],[-50.12319,-24.33801],[-50.12276,-24.33561],[-50.1233,-24.33421],[-50.12304,-24.32811],[-50.12071,-24.32181],[-50.11502,-24.31407],[-50.11444,-24.31461],[-50.11395,-24.31481],[-50.11263,-24.31488],[-50.11142,-24.31524],[-50.10961,-24.31521],[-50.1063,-24.31566],[-50.10475,-24.31513],[-50.10115,-24.31296],[-50.10014,-24.31195],[-50.09856,-24.30988],[-50.09744,-24.30749],[-50.09639,-24.30661],[-50.09595,-24.30695],[-50.09508,-24.30686],[-50.09469,-24.30557],[-50.09369,-24.30471],[-50.09353,-24.30408],[-50.0935,-24.30268],[-50.09311,-24.30116],[-50.09325,-24.29994],[-50.09269,-24.29921],[-50.09291,-24.29852],[-50.09286,-24.29789],[-50.09268,-24.29757],[-50.09224,-24.29747],[-50.09205,-24.2967],[-50.09124,-24.29639],[-50.08987,-24.29405],[-50.08957,-24.29306],[-50.08956,-24.29243],[-50.08899,-24.29079],[-50.08888,-24.28962],[-50.0885,-24.28905],[-50.08585,-24.28834],[-50.08511,-24.28874],[-50.08412,-24.28839],[-50.08239,-24.2885],[-50.08151,-24.28788],[-50.081,-24.28692],[-50.08039,-24.2862],[-50.07964,-24.28573],[-50.07805,-24.28561],[-50.07738,-24.28566],[-50.07689,-24.28596],[-50.07642,-24.28592],[-50.0761,-24.28571],[-50.0758,-24.2852],[-50.07511,-24.28499],[-50.0747,-24.28417],[-50.07412,-24.28401],[-50.07247,-24.284],[-50.07189,-24.28355],[-50.07099,-24.28343],[-50.07044,-24.28279],[-50.07027,-24.28195],[-50.06984,-24.28114],[-50.06915,-24.27908],[-50.06854,-24.27847],[-50.06875,-24.27788],[-50.0687,-24.277],[-50.06811,-24.2757],[-50.06789,-24.27572],[-50.06713,-24.27653],[-50.06666,-24.27748],[-50.06597,-24.27834],[-50.06488,-24.27862],[-50.06376,-24.27798],[-50.06344,-24.27754],[-50.06156,-24.27592],[-50.06081,-24.27473],[-50.0603,-24.27474],[-50.05868,-24.2754],[-50.0572,-24.27477],[-50.05573,-24.27464],[-50.05413,-24.27408],[-50.0529,-24.27391],[-50.05207,-24.27348],[-50.05098,-24.27189],[-50.05118,-24.27109],[-50.05111,-24.26962],[-50.05079,-24.2687],[-50.05026,-24.26818],[-50.05017,-24.26716],[-50.0494,-24.26678],[-50.0492,-24.26642],[-50.04956,-24.26566],[-50.04842,-24.2649],[-50.04855,-24.26401],[-50.04801,-24.26361],[-50.04762,-24.26278],[-50.04721,-24.26265],[-50.04624,-24.26305],[-50.04582,-24.26396],[-50.04608,-24.26494],[-50.04542,-24.26565],[-50.04479,-24.26582],[-50.04431,-24.26636],[-50.04378,-24.26615],[-50.04356,-24.2659],[-50.04353,-24.26548],[-50.04244,-24.2652],[-50.04207,-24.26536],[-50.04078,-24.26442],[-50.04055,-24.26391],[-50.04073,-24.26308],[-50.04034,-24.26236],[-50.04006,-24.26218],[-50.0392,-24.26212],[-50.03891,-24.26182],[-50.03896,-24.26142],[-50.03953,-24.26124],[-50.03951,-24.26084],[-50.03979,-24.26037],[-50.03953,-24.25979],[-50.03954,-24.25939],[-50.04009,-24.25828],[-50.03963,-24.25759],[-50.0396,-24.25708],[-50.03967,-24.25687],[-50.0401,-24.25666],[-50.04011,-24.25638],[-50.03967,-24.25574],[-50.03842,-24.25565],[-50.03747,-24.2543],[-50.03683,-24.25472],[-50.03636,-24.25484],[-50.03586,-24.25543],[-50.03515,-24.25527],[-50.03463,-24.25534],[-50.03462,-24.25597],[-50.03415,-24.2566],[-50.03274,-24.25716],[-50.03205,-24.25856],[-50.03152,-24.25848],[-50.03109,-24.25797],[-50.0309,-24.25825],[-50.0308,-24.25941],[-50.03011,-24.25979],[-50.03,-24.26019],[-50.02977,-24.26025],[-50.02888,-24.25971],[-50.02903,-24.25908],[-50.02894,-24.25886],[-50.02788,-24.25894],[-50.02708,-24.25877],[-50.02662,-24.25837],[-50.02614,-24.25722],[-50.02453,-24.25682],[-50.02406,-24.25655],[-50.02367,-24.25591],[-50.02322,-24.25556],[-50.02292,-24.25481],[-50.02265,-24.25493],[-50.02187,-24.25662],[-50.02156,-24.2568],[-50.02066,-24.25681],[-50.02002,-24.2564],[-50.01911,-24.25616],[-50.01864,-24.25662],[-50.0184,-24.25728],[-50.01815,-24.25753],[-50.01702,-24.25737],[-50.01662,-24.25744],[-50.01619,-24.25792],[-50.01522,-24.25793],[-50.01555,-24.25726],[-50.01548,-24.25691],[-50.01287,-24.25578],[-50.01098,-24.2536],[-50.01096,-24.25319],[-50.01115,-24.25293],[-50.01209,-24.2524],[-50.01199,-24.25193],[-50.01156,-24.25182],[-50.01026,-24.25206],[-50.00974,-24.25198],[-50.00906,-24.25164],[-50.00968,-24.25071],[-50.01033,-24.25017],[-50.01048,-24.24963],[-50.01079,-24.24938],[-50.01128,-24.24932],[-50.01143,-24.24895],[-50.00879,-24.24814],[-50.00792,-24.2452],[-50.00791,-24.24449],[-50.00762,-24.24386],[-50.00779,-24.24231],[-50.00689,-24.2413],[-50.00656,-24.24009],[-50.00564,-24.23939],[-50.00509,-24.23957],[-50.00503,-24.23998],[-50.00539,-24.24049],[-50.00543,-24.24284],[-50.00454,-24.24306],[-50.00332,-24.24449],[-50.00294,-24.24455],[-50.00203,-24.2442],[-50.00153,-24.24434],[-50.00086,-24.247],[-50.00049,-24.2477],[-50.0001,-24.24807],[-49.99946,-24.24803],[-49.99824,-24.24687],[-49.99697,-24.24687],[-49.99523,-24.24742],[-49.99515,-24.24854],[-49.99493,-24.2488],[-49.99432,-24.24905],[-49.99329,-24.24914],[-49.99279,-24.24883],[-49.99203,-24.24746],[-49.99142,-24.24694],[-49.99099,-24.24694],[-49.98966,-24.24777],[-49.98846,-24.2477],[-49.98783,-24.24698],[-49.98759,-24.24606],[-49.98733,-24.24576],[-49.98636,-24.24555],[-49.98521,-24.24573],[-49.98479,-24.24518],[-49.98468,-24.2446],[-49.98477,-24.24071],[-49.98436,-24.24013],[-49.98341,-24.24001],[-49.98255,-24.24033],[-49.98201,-24.24034],[-49.98135,-24.2396],[-49.98057,-24.23906],[-49.97973,-24.23891],[-49.97845,-24.23834],[-49.97799,-24.2385],[-49.97758,-24.23959],[-49.97685,-24.24026],[-49.97568,-24.23996],[-49.97515,-24.23947],[-49.97465,-24.23893],[-49.97416,-24.23797],[-49.97284,-24.23664],[-49.97235,-24.23554],[-49.97256,-24.23383],[-49.97229,-24.23127],[-49.97186,-24.23037],[-49.97088,-24.2295],[-49.97024,-24.22916],[-49.96857,-24.22902],[-49.96824,-24.22928],[-49.96819,-24.23032],[-49.96781,-24.23101],[-49.96613,-24.2312],[-49.96537,-24.23097],[-49.96527,-24.23063],[-49.96563,-24.22834],[-49.96619,-24.22707],[-49.96584,-24.2261],[-49.96562,-24.22444],[-49.96683,-24.2223],[-49.96675,-24.22185],[-49.96643,-24.2214],[-49.96485,-24.22202],[-49.96389,-24.22215],[-49.95936,-24.22007],[-49.95737,-24.2219],[-49.95668,-24.22291],[-49.9562,-24.22321],[-49.95443,-24.22311],[-49.9533,-24.22341],[-49.95214,-24.224],[-49.94989,-24.22412],[-49.94874,-24.22388],[-49.94698,-24.22244],[-49.94495,-24.2211],[-49.94472,-24.22071],[-49.94451,-24.21974],[-49.94389,-24.21884],[-49.94278,-24.21596],[-49.9426,-24.21473],[-49.94208,-24.21325],[-49.94256,-24.21264],[-49.94248,-24.21201],[-49.94205,-24.21186],[-49.94063,-24.21223],[-49.93967,-24.21219],[-49.93914,-24.21192],[-49.93777,-24.21056],[-49.93657,-24.20879],[-49.93665,-24.20694],[-49.93549,-24.20482],[-49.93508,-24.20525],[-49.93377,-24.2057],[-49.93308,-24.20615],[-49.93301,-24.20653],[-49.9332,-24.20713],[-49.93318,-24.20773],[-49.93249,-24.20943],[-49.93253,-24.2098],[-49.93311,-24.21091],[-49.93314,-24.21151],[-49.93387,-24.21401],[-49.93379,-24.2157],[-49.93325,-24.21682],[-49.9327,-24.21746],[-49.93143,-24.21846],[-49.92993,-24.22062],[-49.92974,-24.22245],[-49.92799,-24.2248],[-49.92773,-24.22558],[-49.9271,-24.22665],[-49.92719,-24.22834],[-49.9285,-24.23072],[-49.92836,-24.23215],[-49.92761,-24.23363],[-49.92749,-24.23464],[-49.92659,-24.23553],[-49.92384,-24.23981],[-49.92366,-24.24017],[-49.92349,-24.24204],[-49.92235,-24.24265],[-49.92129,-24.24416],[-49.9211,-24.24569],[-49.92079,-24.24623],[-49.9201,-24.2467],[-49.91995,-24.24766],[-49.91941,-24.24826],[-49.91961,-24.24891],[-49.91823,-24.24954],[-49.91728,-24.25032],[-49.9154,-24.25251],[-49.91524,-24.25306],[-49.91455,-24.25351],[-49.91436,-24.25387],[-49.91428,-24.25465],[-49.91406,-24.25499],[-49.91158,-24.25624],[-49.91153,-24.25663],[-49.91176,-24.25717],[-49.91205,-24.25752],[-49.91264,-24.25783],[-49.9126,-24.25812],[-49.91242,-24.25824],[-49.91179,-24.25819],[-49.91119,-24.25795],[-49.91036,-24.25731],[-49.9099,-24.25735],[-49.90932,-24.25919],[-49.90928,-24.26058],[-49.9079,-24.26153],[-49.90751,-24.26229],[-49.9074,-24.26286],[-49.9065,-24.26346],[-49.90515,-24.26388],[-49.90442,-24.26512],[-49.90382,-24.26572],[-49.9026,-24.26595],[-49.90163,-24.26793],[-49.90018,-24.26823],[-49.89937,-24.26809],[-49.89814,-24.26891],[-49.89641,-24.26875],[-49.8954,-24.26774],[-49.89437,-24.26755],[-49.89305,-24.26683],[-49.89221,-24.26596],[-49.89014,-24.26475],[-49.88944,-24.26398],[-49.88904,-24.26299],[-49.88804,-24.26231],[-49.88767,-24.26117],[-49.88709,-24.26055],[-49.88709,-24.25977],[-49.88694,-24.25942],[-49.88639,-24.25912],[-49.88565,-24.25841],[-49.8834,-24.25719],[-49.88289,-24.25636],[-49.88204,-24.25625],[-49.88205,-24.25531],[-49.8819,-24.25496],[-49.88019,-24.2543],[-49.87947,-24.25354],[-49.87771,-24.25365],[-49.87684,-24.25316],[-49.87596,-24.25305],[-49.87503,-24.25252],[-49.87359,-24.25212],[-49.87229,-24.25255],[-49.87122,-24.25231],[-49.87072,-24.25174],[-49.87032,-24.25184],[-49.86989,-24.25145],[-49.86924,-24.25146],[-49.86851,-24.25101],[-49.86831,-24.25068],[-49.8682,-24.2497],[-49.86795,-24.24939],[-49.86607,-24.24902],[-49.86532,-24.24855],[-49.86335,-24.24845],[-49.86074,-24.24757],[-49.85991,-24.24689],[-49.85882,-24.24682],[-49.85685,-24.24531],[-49.85633,-24.24447],[-49.85433,-24.24339],[-49.85371,-24.24257],[-49.85277,-24.24229],[-49.85207,-24.24179],[-49.85127,-24.2417],[-49.85024,-24.24026],[-49.84907,-24.23925],[-49.84761,-24.23741],[-49.84521,-24.23533],[-49.84195,-24.23389],[-49.84081,-24.2332],[-49.83787,-24.23297],[-49.83712,-24.23255],[-49.83641,-24.23259],[-49.83576,-24.23309],[-49.83418,-24.23365],[-49.83358,-24.23319],[-49.83251,-24.23331],[-49.83162,-24.23385],[-49.83068,-24.23334],[-49.82938,-24.23327],[-49.82778,-24.23422],[-49.82686,-24.23417],[-49.82608,-24.2351],[-49.82565,-24.23644],[-49.82508,-24.23728],[-49.82371,-24.23795],[-49.82247,-24.23883],[-49.82091,-24.2407],[-49.82066,-24.24124],[-49.82059,-24.24205],[-49.82016,-24.24298],[-49.82018,-24.24461],[-49.8192,-24.24592],[-49.81885,-24.2469],[-49.81829,-24.24724],[-49.81733,-24.24737],[-49.81619,-24.24801],[-49.81405,-24.24803],[-49.81294,-24.24778],[-49.8122,-24.24819],[-49.81134,-24.24787],[-49.80916,-24.2477],[-49.80755,-24.24607],[-49.80616,-24.24506],[-49.80496,-24.24376],[-49.80297,-24.24216],[-49.80126,-24.2412],[-49.8003,-24.23983],[-49.79943,-24.23921],[-49.79414,-24.23891],[-49.79203,-24.23846],[-49.7912,-24.23849],[-49.78979,-24.23732],[-49.78911,-24.23805],[-49.78838,-24.23842],[-49.78556,-24.23891],[-49.78289,-24.24126],[-49.78217,-24.24217],[-49.78208,-24.24274],[-49.78276,-24.2449],[-49.78274,-24.24545],[-49.78186,-24.24695],[-49.78175,-24.24879],[-49.78067,-24.25016],[-49.78067,-24.25091],[-49.78112,-24.2522],[-49.78094,-24.25293],[-49.78051,-24.25331],[-49.77951,-24.2536],[-49.77811,-24.25301],[-49.77751,-24.25301],[-49.77173,-24.25448],[-49.76925,-24.25595],[-49.76839,-24.2567],[-49.76815,-24.25723],[-49.76696,-24.25784],[-49.76571,-24.25727],[-49.76411,-24.25496],[-49.76323,-24.25416],[-49.76288,-24.25415],[-49.76149,-24.25551],[-49.76099,-24.25576],[-49.7607,-24.25683],[-49.76033,-24.25699],[-49.75933,-24.25715],[-49.75839,-24.25757],[-49.75667,-24.25774],[-49.75323,-24.25773],[-49.75265,-24.25799],[-49.75198,-24.25869],[-49.75024,-24.25867],[-49.7479,-24.26002],[-49.74771,-24.25987],[-49.7477,-24.25941],[-49.74837,-24.25796],[-49.74831,-24.25761],[-49.74684,-24.25672],[-49.74593,-24.25641],[-49.74589,-24.25702],[-49.74619,-24.25787],[-49.74623,-24.25865],[-49.74534,-24.2592],[-49.74529,-24.25967],[-49.7458,-24.25987],[-49.7465,-24.25972],[-49.74649,-24.26009],[-49.7457,-24.26044],[-49.7453,-24.26102],[-49.74446,-24.26111],[-49.74254,-24.26165],[-49.74228,-24.26158],[-49.74213,-24.26133],[-49.74181,-24.25969],[-49.74122,-24.25951],[-49.74013,-24.26104],[-49.73902,-24.26178],[-49.73881,-24.26297],[-49.73819,-24.26385],[-49.73779,-24.2638],[-49.73593,-24.26292],[-49.73504,-24.26305],[-49.7345,-24.26379],[-49.73368,-24.26399],[-49.73093,-24.26299],[-49.72833,-24.26153],[-49.72674,-24.26101],[-49.72615,-24.26031],[-49.72602,-24.25966],[-49.7261,-24.25877],[-49.72531,-24.2571],[-49.72384,-24.25576],[-49.72313,-24.25555],[-49.72117,-24.25557],[-49.72057,-24.25598],[-49.71982,-24.25682],[-49.71935,-24.25695],[-49.71694,-24.25666],[-49.71621,-24.25608],[-49.71551,-24.25499],[-49.71304,-24.25304],[-49.70925,-24.25125],[-49.70883,-24.25124],[-49.70827,-24.25149],[-49.70634,-24.2528],[-49.70356,-24.25436],[-49.70309,-24.25494],[-49.70266,-24.25592],[-49.70137,-24.2566],[-49.70073,-24.25758],[-49.69964,-24.25769],[-49.69831,-24.25749],[-49.69765,-24.25697],[-49.69744,-24.25594],[-49.69652,-24.25486],[-49.69721,-24.2527],[-49.69711,-24.24965],[-49.69608,-24.24753],[-49.69583,-24.24552],[-49.69525,-24.24432],[-49.69464,-24.24169],[-49.6944,-24.24145],[-49.69382,-24.24135],[-49.69296,-24.24156],[-49.69073,-24.24164],[-49.68979,-24.24133],[-49.68906,-24.24079],[-49.68761,-24.24062],[-49.68383,-24.2378],[-49.68391,-24.23735],[-49.68472,-24.23699],[-49.68914,-24.2368],[-49.68974,-24.23656],[-49.69004,-24.2362],[-49.69007,-24.23538],[-49.68947,-24.23418],[-49.68793,-24.23292],[-49.68653,-24.23208],[-49.68537,-24.23057],[-49.68401,-24.22938],[-49.68365,-24.22862],[-49.6837,-24.22823],[-49.68437,-24.22703],[-49.68527,-24.22611],[-49.68581,-24.22583],[-49.68636,-24.22594],[-49.68771,-24.22695],[-49.6883,-24.22696],[-49.68896,-24.2267],[-49.68926,-24.22628],[-49.68953,-24.22469],[-49.68869,-24.2229],[-49.68655,-24.22],[-49.68575,-24.21766],[-49.68463,-24.21544],[-49.68423,-24.21378],[-49.68311,-24.21277],[-49.68391,-24.212],[-49.684,-24.21111],[-49.68341,-24.21034],[-49.68334,-24.20887],[-49.6809,-24.18955],[-49.6687,-24.15445],[-49.66797,-24.1534],[-49.65963,-24.14446],[-49.65764,-24.14194],[-49.65455,-24.14008],[-49.65287,-24.13693],[-49.6524,-24.13699],[-49.65169,-24.13592],[-49.65115,-24.13434],[-49.6508,-24.13409],[-49.64942,-24.13397],[-49.64746,-24.13352],[-49.64578,-24.13283],[-49.64428,-24.13277],[-49.64393,-24.1331],[-49.64373,-24.1338],[-49.64427,-24.13584],[-49.64584,-24.13727],[-49.6472,-24.13827],[-49.64711,-24.13996],[-49.64667,-24.1411],[-49.64416,-24.14205],[-49.64369,-24.14203],[-49.64333,-24.14183],[-49.64321,-24.14149],[-49.64353,-24.14034],[-49.64324,-24.13895],[-49.64275,-24.13826],[-49.64106,-24.13694],[-49.63978,-24.13571],[-49.6394,-24.13553],[-49.63846,-24.13581],[-49.63827,-24.13654],[-49.6383,-24.13729],[-49.63871,-24.13797],[-49.63957,-24.13846],[-49.63998,-24.13889],[-49.64057,-24.13982],[-49.64054,-24.1405],[-49.64139,-24.14107],[-49.6414,-24.14155],[-49.641,-24.14197],[-49.63947,-24.14277],[-49.63713,-24.14296],[-49.63635,-24.14279],[-49.6351,-24.14223],[-49.6335,-24.14105],[-49.63222,-24.14054],[-49.6317,-24.14065],[-49.6312,-24.14153],[-49.63124,-24.14358],[-49.63106,-24.14459],[-49.63046,-24.14551],[-49.63005,-24.1457],[-49.62981,-24.14562],[-49.6299,-24.1463],[-49.62933,-24.14827],[-49.62803,-24.14947],[-49.62587,-24.15082],[-49.62561,-24.15156],[-49.62526,-24.15193],[-49.62529,-24.15262],[-49.62559,-24.15311],[-49.62666,-24.15328],[-49.6267,-24.15381],[-49.62642,-24.15409],[-49.62594,-24.1541],[-49.6225,-24.1536],[-49.6212,-24.15513],[-49.61937,-24.15611],[-49.61849,-24.15747],[-49.61821,-24.15973],[-49.61802,-24.16017],[-49.61754,-24.16095],[-49.61658,-24.1619],[-49.61611,-24.16289],[-49.61496,-24.16418],[-49.61491,-24.16517],[-49.61559,-24.16666],[-49.61563,-24.16802],[-49.61523,-24.17105],[-49.6145,-24.17252],[-49.61434,-24.17324],[-49.61366,-24.1744],[-49.6136,-24.17525],[-49.61397,-24.17545],[-49.6058,-24.17939],[-49.5736,-24.17234],[-49.56654,-24.16356],[-49.5461,-24.15872],[-49.50234,-24.13811],[-49.49323,-24.13034],[-49.4863,-24.13174],[-49.48017,-24.12809],[-49.4809,-24.13021],[-49.48087,-24.13224],[-49.48119,-24.13253],[-49.48309,-24.13359],[-49.48464,-24.1336],[-49.48598,-24.13419],[-49.48809,-24.13417],[-49.48921,-24.13455],[-49.48984,-24.13494],[-49.49119,-24.13541],[-49.49238,-24.13713],[-49.49322,-24.13784],[-49.49406,-24.13805],[-49.49516,-24.13807],[-49.49561,-24.13848],[-49.49559,-24.13912],[-49.49536,-24.13951],[-49.49384,-24.1407],[-49.49212,-24.14146],[-49.49088,-24.14304],[-49.48701,-24.14685],[-49.48522,-24.15044],[-49.48443,-24.15136],[-49.4839,-24.15235],[-49.48396,-24.15273],[-49.48489,-24.15346],[-49.4849,-24.15431],[-49.48295,-24.15509],[-49.48266,-24.15618],[-49.48284,-24.15749],[-49.4837,-24.15834],[-49.4847,-24.15803],[-49.4859,-24.15717],[-49.48706,-24.15688],[-49.48793,-24.15687],[-49.48942,-24.15728],[-49.48985,-24.15782],[-49.49014,-24.15996],[-49.49055,-24.16111],[-49.49225,-24.16335],[-49.49232,-24.16372],[-49.49222,-24.1639],[-49.4914,-24.16418],[-49.49114,-24.16453],[-49.48895,-24.16431],[-49.48828,-24.16453],[-49.48774,-24.16496],[-49.48748,-24.16531],[-49.48737,-24.16665],[-49.48695,-24.16767],[-49.48648,-24.16827],[-49.48541,-24.16865],[-49.4852,-24.1692],[-49.48515,-24.17006],[-49.48433,-24.1717],[-49.48357,-24.17271],[-49.48265,-24.17446],[-49.48158,-24.17525],[-49.48115,-24.17576],[-49.48095,-24.17639],[-49.4809,-24.17824],[-49.46853,-24.205],[-49.47974,-24.24627],[-49.47927,-24.26343],[-49.49587,-24.26869],[-49.49508,-24.27468],[-49.49471,-24.29135],[-49.48714,-24.30943],[-49.47562,-24.31399],[-49.45709,-24.31183],[-49.44418,-24.30529],[-49.42662,-24.28269],[-49.39002,-24.27894],[-49.37033,-24.27783],[-49.35429,-24.27782],[-49.35864,-24.26029],[-49.36076,-24.24841],[-49.35755,-24.2404],[-49.36336,-24.22749],[-49.37393,-24.21972],[-49.35979,-24.19107],[-49.3521,-24.16241],[-49.34839,-24.15193],[-49.34478,-24.14721],[-49.3678,-24.12479],[-49.38236,-24.12667],[-49.39818,-24.12134],[-49.40192,-24.13682],[-49.40916,-24.14494],[-49.42121,-24.1377],[-49.42141,-24.1371],[-49.42134,-24.1365],[-49.42085,-24.13608],[-49.42025,-24.13595],[-49.41955,-24.13594],[-49.41895,-24.13651],[-49.4185,-24.13661],[-49.41769,-24.13641],[-49.41535,-24.13532],[-49.41364,-24.13594],[-49.41297,-24.13569],[-49.41114,-24.13584],[-49.41034,-24.1356],[-49.41002,-24.13528],[-49.4098,-24.13423],[-49.40991,-24.13301],[-49.4091,-24.1305],[-49.40888,-24.12758],[-49.40805,-24.12643],[-49.40939,-24.12546],[-49.40912,-24.12444],[-49.4091,-24.12362],[-49.412,-24.12266],[-49.4121,-24.12248],[-49.41158,-24.12205],[-49.41161,-24.1218],[-49.41222,-24.12093],[-49.41255,-24.12014],[-49.41146,-24.11983],[-49.41116,-24.11926],[-49.41108,-24.11853],[-49.40994,-24.11887],[-49.4092,-24.11864],[-49.40868,-24.11802],[-49.40694,-24.1141],[-49.40611,-24.11326],[-49.40414,-24.11222],[-49.40273,-24.11209],[-49.39442,-24.11498],[-49.39358,-24.11531],[-49.39302,-24.11578],[-49.39276,-24.11627]]]}},{"type":"Feature","properties":{"cnuc":"0000.41.0499","nome":"PARQUE ESTADUAL DO CERRADO","categoria":"Parque","grupo":"Proteção Integral","esfera":"Estadual","area_ha":1760.8,"criacao":"28-03-1992","gestor":"INSTITUTO AMBIENTAL DO PARANÁ - PR","uf":"PARANÁ","plano_manejo":"Sim"},"geometry":{"type":"Polygon","coordinates":[[[-49.63577,-24.15576],[-49.63565,-24.15607],[-49.63746,-24.15714],[-49.63957,-24.15786],[-49.63987,-24.15835],[-49.64105,-24.15909],[-49.64178,-24.15912],[-49.64351,-24.15835],[-49.64615,-24.1589],[-49.64724,-24.16086],[-49.64757,-24.16251],[-49.64689,-24.16387],[-49.64589,-24.16503],[-49.64567,-24.16555],[-49.64518,-24.16601],[-49.64469,-24.16681],[-49.64459,-24.16772],[-49.64493,-24.1677],[-49.64576,-24.16707],[-49.64791,-24.16803],[-49.649,-24.16755],[-49.64975,-24.16782],[-49.6505,-24.16886],[-49.65172,-24.17327],[-49.65299,-24.17488],[-49.65355,-24.17758],[-49.6534,-24.17866],[-49.65318,-24.17867],[-49.65311,-24.17833],[-49.65284,-24.17827],[-49.65295,-24.17952],[-49.65272,-24.17952],[-49.65253,-24.17824],[-49.65209,-24.17834],[-49.65215,-24.17939],[-49.65176,-24.1802],[-49.65208,-24.18211],[-49.65171,-24.18286],[-49.65205,-24.18493],[-49.65203,-24.18571],[-49.65258,-24.18585],[-49.65318,-24.1856],[-49.65312,-24.18497],[-49.65393,-24.185],[-49.65381,-24.18424],[-49.6542,-24.18414],[-49.65422,-24.18554],[-49.6547,-24.18622],[-49.6545,-24.18778],[-49.65369,-24.18872],[-49.6533,-24.19004],[-49.65353,-24.19034],[-49.65458,-24.19025],[-49.6548,-24.19076],[-49.6545,-24.19319],[-49.65547,-24.20093],[-49.65652,-24.20287],[-49.65757,-24.20335],[-49.65818,-24.2033],[-49.65866,-24.20285],[-49.65871,-24.20225],[-49.65865,-24.20182],[-49.65821,-24.201],[-49.65818,-24.19866],[-49.65787,-24.19662],[-49.65786,-24.19584],[-49.65819,-24.19491],[-49.6585,-24.19492],[-49.66003,-24.19323],[-49.6604,-24.19314],[-49.66337,-24.19342],[-49.67255,-24.16874],[-49.67478,-24.16782],[-49.67514,-24.16731],[-49.67225,-24.16328],[-49.6718,-24.16341],[-49.67062,-24.16217],[-49.669,-24.16287],[-49.66801,-24.16231],[-49.66846,-24.1616],[-49.66827,-24.16142],[-49.66769,-24.16134],[-49.66696,-24.16067],[-49.66622,-24.16118],[-49.66413,-24.16047],[-49.66393,-24.16109],[-49.66222,-24.16031],[-49.66173,-24.16064],[-49.65784,-24.1588],[-49.65693,-24.15807],[-49.65196,-24.15508],[-49.65022,-24.14981],[-49.65106,-24.14867],[-49.65125,-24.14794],[-49.6519,-24.14797],[-49.65237,-24.14819],[-49.65253,-24.14809],[-49.65009,-24.14353],[-49.65053,-24.14279],[-49.65136,-24.14211],[-49.65087,-24.14118],[-49.65081,-24.14035],[-49.65091,-24.13957],[-49.65169,-24.13774],[-49.65169,-24.13657],[-49.65018,-24.13385],[-49.64817,-24.13381],[-49.64474,-24.13256],[-49.64382,-24.13256],[-49.64359,-24.13314],[-49.64395,-24.13513],[-49.64488,-24.13623],[-49.64674,-24.13753],[-49.64709,-24.1382],[-49.64688,-24.1398],[-49.6464,-24.14071],[-49.64494,-24.14149],[-49.64389,-24.14186],[-49.64302,-24.14187],[-49.64243,-24.14154],[-49.64236,-24.14138],[-49.64281,-24.14063],[-49.64282,-24.13958],[-49.64172,-24.13787],[-49.64074,-24.13715],[-49.63937,-24.13567],[-49.63873,-24.13549],[-49.63806,-24.13571],[-49.63804,-24.13712],[-49.63984,-24.13863],[-49.64026,-24.13931],[-49.64036,-24.13987],[-49.64092,-24.1403],[-49.64115,-24.14067],[-49.64117,-24.14139],[-49.64095,-24.14163],[-49.63922,-24.14247],[-49.63751,-24.14279],[-49.63613,-24.1428],[-49.63499,-24.14253],[-49.63278,-24.14091],[-49.63176,-24.1403],[-49.63137,-24.14033],[-49.63089,-24.14125],[-49.63097,-24.14341],[-49.6306,-24.14482],[-49.63012,-24.14549],[-49.62952,-24.14578],[-49.62922,-24.14546],[-49.62842,-24.14338],[-49.62768,-24.14227],[-49.62648,-24.14092],[-49.62609,-24.13967],[-49.62621,-24.13833],[-49.6275,-24.13556],[-49.62738,-24.135],[-49.62708,-24.1347],[-49.62558,-24.13405],[-49.62329,-24.13227],[-49.62207,-24.13175],[-49.6209,-24.13178],[-49.61813,-24.13256],[-49.61806,-24.13384],[-49.61785,-24.13438],[-49.61493,-24.13746],[-49.61345,-24.14067],[-49.61275,-24.1414],[-49.6117,-24.14186],[-49.61082,-24.14248],[-49.60974,-24.14388],[-49.6078,-24.14562],[-49.6073,-24.14698],[-49.60651,-24.14766],[-49.60596,-24.14868],[-49.60425,-24.14824],[-49.60394,-24.14766],[-49.60328,-24.14733],[-49.6024,-24.14722],[-49.59859,-24.14587],[-49.59519,-24.14568],[-49.59354,-24.14537],[-49.5924,-24.14448],[-49.59198,-24.14438],[-49.59025,-24.14451],[-49.59176,-24.14331],[-49.59178,-24.14233],[-49.58837,-24.14421],[-49.58912,-24.1457],[-49.58851,-24.14786],[-49.58591,-24.14934],[-49.58368,-24.15097],[-49.5834,-24.15196],[-49.58202,-24.1519],[-49.58119,-24.15404],[-49.58131,-24.15462],[-49.58264,-24.15624],[-49.58288,-24.15687],[-49.58316,-24.15551],[-49.58365,-24.15559],[-49.58466,-24.15488],[-49.58507,-24.15482],[-49.58528,-24.15551],[-49.58574,-24.15579],[-49.58629,-24.15581],[-49.58734,-24.15542],[-49.58718,-24.15597],[-49.58562,-24.15712],[-49.58516,-24.15801],[-49.58544,-24.15845],[-49.58542,-24.15901],[-49.58558,-24.15935],[-49.58612,-24.15927],[-49.58673,-24.15992],[-49.58699,-24.16119],[-49.58737,-24.16184],[-49.58782,-24.16224],[-49.58925,-24.16293],[-49.58992,-24.16285],[-49.59044,-24.16306],[-49.59184,-24.16051],[-49.59189,-24.15968],[-49.59217,-24.15923],[-49.59254,-24.15797],[-49.59252,-24.15727],[-49.59278,-24.15665],[-49.59333,-24.15642],[-49.59554,-24.15626],[-49.59756,-24.155],[-49.60046,-24.15401],[-49.60201,-24.15298],[-49.60354,-24.15166],[-49.62454,-24.1514],[-49.62499,-24.15303],[-49.62544,-24.15374],[-49.62527,-24.15396],[-49.6222,-24.15315],[-49.62177,-24.1533],[-49.62147,-24.15423],[-49.6208,-24.15524],[-49.6196,-24.15575],[-49.6188,-24.15643],[-49.61811,-24.15734],[-49.61771,-24.15989],[-49.6175,-24.16032],[-49.61633,-24.16142],[-49.61583,-24.16248],[-49.61371,-24.16479],[-49.61404,-24.16521],[-49.61439,-24.16646],[-49.61495,-24.16739],[-49.61447,-24.16795],[-49.61472,-24.16848],[-49.61461,-24.16938],[-49.61403,-24.17014],[-49.6133,-24.17035],[-49.6137,-24.17062],[-49.61411,-24.17147],[-49.61316,-24.1739],[-49.61234,-24.17541],[-49.61442,-24.17655],[-49.61575,-24.17766],[-49.61772,-24.17786],[-49.61782,-24.17756],[-49.61729,-24.17592],[-49.61726,-24.17504],[-49.61777,-24.16996],[-49.61768,-24.16863],[-49.61719,-24.16661],[-49.6173,-24.16502],[-49.61772,-24.16401],[-49.62063,-24.16092],[-49.62283,-24.15814],[-49.62371,-24.15757],[-49.62659,-24.15724],[-49.6267,-24.15651],[-49.62818,-24.15593],[-49.629,-24.15782],[-49.63016,-24.1576],[-49.6301,-24.1566],[-49.63034,-24.15422],[-49.63082,-24.15202],[-49.63184,-24.15191],[-49.63362,-24.15023],[-49.63393,-24.15045],[-49.63489,-24.14991],[-49.63934,-24.14871],[-49.63945,-24.14814],[-49.63926,-24.14795],[-49.63926,-24.14663],[-49.63876,-24.1449],[-49.64326,-24.14406],[-49.64415,-24.14451],[-49.64453,-24.14563],[-49.64629,-24.14664],[-49.64714,-24.14928],[-49.64698,-24.14998],[-49.64745,-24.15274],[-49.64711,-24.15315],[-49.64713,-24.15535],[-49.64665,-24.15541],[-49.64636,-24.15699],[-49.64574,-24.15717],[-49.64201,-24.15613],[-49.64124,-24.15559],[-49.64089,-24.15488],[-49.63993,-24.15508],[-49.63953,-24.15542],[-49.63684,-24.1554],[-49.63577,-24.15576]]]}},{"type":"Feature","properties":{"cnuc":"0000.41.0531","nome":"PARQUE ESTADUAL SERRA DA BAITACA","categoria":"Parque","grupo":"Proteção Integral","esfera":"Estadual","area_ha":null,"criacao":"06-06-2002","gestor":"INSTITUTO AMBIENTAL DO PARANÁ - PR","uf":"PARANÁ","plano_manejo":"Sim"},"geometry":{"type":"Polygon","coordinates":[[[-49.03671,-25.37289],[-49.03024,-25.37262],[-49.03038,-25.37379],[-49.03017,-25.37412],[-49.02953,-25.37457],[-49.02044,-25.37328],[-49.01501,-25.37372],[-49.01399,-25.37346],[-49.00664,-25.37058],[-49.00575,-25.36915],[-49.00412,-25.36978],[-49.00169,-25.37121],[-48.99929,-25.37299],[-48.99463,-25.36977],[-48.99051,-25.36728],[-48.98511,-25.36836],[-48.985,-25.37049],[-48.98541,-25.37169],[-48.98521,-25.37222],[-48.98653,-25.37245],[-48.98758,-25.37214],[-48.98834,-25.37248],[-48.98887,-25.37374],[-48.98959,-25.37834],[-48.98591,-25.37803],[-48.98416,-25.37835],[-48.98358,-25.37794],[-48.98285,-25.37812],[-48.98226,-25.37886],[-48.98318,-25.3797],[-48.98353,-25.38174],[-48.98379,-25.3862],[-48.98276,-25.38586],[-48.98184,-25.38604],[-48.9811,-25.38661],[-48.98083,-25.38664],[-48.97929,-25.38798],[-48.98132,-25.39421],[-48.97815,-25.39747],[-48.97846,-25.3994],[-48.97953,-25.39989],[-48.98033,-25.39973],[-48.9812,-25.39858],[-48.98212,-25.41131],[-48.98109,-25.41094],[-48.98092,-25.4104],[-48.98046,-25.41058],[-48.98017,-25.4104],[-48.97996,-25.4105],[-48.9798,-25.41096],[-48.97918,-25.41139],[-48.97561,-25.41284],[-48.97502,-25.41347],[-48.97409,-25.41408],[-48.97349,-25.41415],[-48.97252,-25.41397],[-48.9723,-25.4141],[-48.97259,-25.41498],[-48.97347,-25.41591],[-48.97396,-25.41682],[-48.97391,-25.41733],[-48.97262,-25.41849],[-48.9725,-25.41904],[-48.97292,-25.42045],[-48.97268,-25.42128],[-48.97315,-25.42117],[-48.97407,-25.42204],[-48.97507,-25.42265],[-48.97529,-25.42234],[-48.97551,-25.42235],[-48.97575,-25.4232],[-48.97641,-25.42363],[-48.97605,-25.42406],[-48.97468,-25.42441],[-48.9737,-25.42505],[-48.97255,-25.4265],[-48.97249,-25.42728],[-48.9731,-25.42936],[-48.9729,-25.43034],[-48.97318,-25.43212],[-48.97209,-25.43333],[-48.9717,-25.43449],[-48.97176,-25.43507],[-48.97261,-25.43638],[-48.97332,-25.43669],[-48.9748,-25.43684],[-48.97591,-25.43729],[-48.97751,-25.43734],[-48.97791,-25.43764],[-48.97822,-25.43839],[-48.98104,-25.43817],[-48.98119,-25.43832],[-48.97941,-25.44087],[-48.97999,-25.4422],[-48.98082,-25.44326],[-48.98078,-25.44456],[-48.98097,-25.44493],[-48.98201,-25.44554],[-48.9824,-25.44602],[-48.98333,-25.44809],[-48.9845,-25.44902],[-48.98467,-25.4493],[-48.98455,-25.4503],[-48.98465,-25.45089],[-48.98574,-25.45147],[-48.98607,-25.45191],[-48.98619,-25.45278],[-48.98685,-25.45433],[-48.98692,-25.45507],[-48.9878,-25.45608],[-48.9882,-25.45732],[-48.98942,-25.45827],[-48.98963,-25.45876],[-48.9896,-25.4597],[-48.99114,-25.46191],[-48.99206,-25.46287],[-48.99354,-25.46404],[-48.99387,-25.46451],[-48.99444,-25.46671],[-48.99477,-25.46714],[-48.9962,-25.46801],[-48.99673,-25.46887],[-48.99705,-25.47033],[-48.99824,-25.47113],[-49.00017,-25.4734],[-49.00188,-25.47492],[-49.00245,-25.47501],[-49.00466,-25.47331],[-49.00579,-25.47265],[-49.00633,-25.4722],[-49.00716,-25.47073],[-49.01225,-25.46823],[-49.01144,-25.46787],[-49.01077,-25.46731],[-49.00958,-25.46709],[-49.0087,-25.4672],[-49.00641,-25.46694],[-49.00617,-25.46674],[-49.00611,-25.46422],[-49.00653,-25.46359],[-49.00736,-25.46135],[-49.00717,-25.46077],[-49.00683,-25.46034],[-49.00662,-25.45932],[-49.00552,-25.46036],[-49.00037,-25.45213],[-48.99771,-25.45083],[-48.99556,-25.44711],[-48.99547,-25.44226],[-49.01287,-25.43153],[-49.0093,-25.43119],[-49.00401,-25.42457],[-49.00448,-25.41592],[-49.00573,-25.4066],[-49.0067,-25.40643],[-49.0076,-25.40591],[-49.00902,-25.4054],[-49.00996,-25.40467],[-49.00839,-25.40372],[-49.00774,-25.40361],[-49.00698,-25.40371],[-49.0057,-25.40272],[-49.00972,-25.40124],[-49.01201,-25.40091],[-49.01277,-25.40141],[-49.01285,-25.4005],[-49.01419,-25.39977],[-49.0143,-25.39784],[-49.01486,-25.39795],[-49.01546,-25.39834],[-49.01631,-25.39818],[-49.01653,-25.39869],[-49.01705,-25.39866],[-49.01797,-25.39819],[-49.01481,-25.39226],[-49.0143,-25.39026],[-49.00953,-25.38493],[-49.01065,-25.3849],[-49.01243,-25.38348],[-49.01206,-25.38286],[-49.01174,-25.38268],[-49.01173,-25.38247],[-49.01239,-25.38209],[-49.01335,-25.38216],[-49.01341,-25.38188],[-49.01395,-25.38159],[-49.01489,-25.38134],[-49.0176,-25.38184],[-49.01806,-25.38159],[-49.01868,-25.38062],[-49.02189,-25.38223],[-49.02307,-25.38161],[-49.02369,-25.37955],[-49.02423,-25.37894],[-49.02504,-25.37811],[-49.02586,-25.37781],[-49.02655,-25.37732],[-49.02787,-25.37697],[-49.03065,-25.37747],[-49.03308,-25.37736],[-49.03469,-25.3767],[-49.03514,-25.37558],[-49.0365,-25.37435],[-49.03671,-25.37289]]]}},{"type":"Feature","properties":{"cnuc":"0000.41.0514","nome":"PARQUE ESTADUAL DO BOGUAÇU","categoria":"Parque","grupo":"Proteção Integral","esfera":"Estadual","area_ha":6656.8,"criacao":"26-02-1998","gestor":"INSTITUTO AMBIENTAL DO PARANÁ - PR","uf":"PARANÁ","plano_manejo":"Não"},"geometry":{"type":"MultiPolygon","coordinates":[[[[-48.71003,-25.95832],[-48.71507,-25.95786],[-48.71517,-25.95434],[-48.7101,-25.95482],[-48.71003,-25.95832]]],[[[-48.66841,-25.87478],[-48.66882,-25.87582],[-48.66991,-25.87714],[-48.67048,-25.87814],[-48.67054,-25.87855],[-48.67001,-25.88006],[-48.66945,-25.88068],[-48.66821,-25.88104],[-48.6665,-25.88119],[-48.66506,-25.88067],[-48.66412,-25.88124],[-48.66358,-25.88108],[-48.66276,-25.88124],[-48.66139,-25.88216],[-48.65977,-25.88237],[-48.65875,-25.88207],[-48.65884,-25.88117],[-48.6581,-25.88146],[-48.65727,-25.8813],[-48.65653,-25.88051],[-48.65494,-25.88016],[-48.6518,-25.88044],[-48.65109,-25.88036],[-48.64468,-25.88107],[-48.64294,-25.88053],[-48.64165,-25.87868],[-48.63956,-25.87753],[-48.63762,-25.87752],[-48.63713,-25.87801],[-48.63573,-25.87846],[-48.63407,-25.87858],[-48.63187,-25.87829],[-48.63065,-25.87777],[-48.62888,-25.87646],[-48.6283,-25.87567],[-48.62812,-25.87511],[-48.62766,-25.87463],[-48.62589,-25.87387],[-48.62473,-25.87377],[-48.62458,-25.87472],[-48.62498,-25.87547],[-48.62328,-25.87822],[-48.62296,-25.87914],[-48.62468,-25.88037],[-48.62504,-25.88101],[-48.62491,-25.88184],[-48.62235,-25.88188],[-48.62117,-25.88237],[-48.62063,-25.8831],[-48.62065,-25.88353],[-48.62105,-25.88386],[-48.62292,-25.88417],[-48.62303,-25.88449],[-48.62222,-25.88752],[-48.62064,-25.89055],[-48.62123,-25.89123],[-48.62113,-25.89396],[-48.62076,-25.89404],[-48.62068,-25.89428],[-48.62107,-25.89513],[-48.62096,-25.89573],[-48.61992,-25.89644],[-48.61837,-25.89687],[-48.61822,-25.89764],[-48.61831,-25.89891],[-48.61798,-25.89917],[-48.61762,-25.89918],[-48.61723,-25.89895],[-48.61592,-25.89937],[-48.61556,-25.9004],[-48.61529,-25.90055],[-48.61447,-25.90008],[-48.61385,-25.90057],[-48.61303,-25.90052],[-48.60983,-25.90315],[-48.59585,-25.9045],[-48.59842,-25.91613],[-48.59927,-25.91777],[-48.60066,-25.92219],[-48.60265,-25.92183],[-48.60425,-25.92982],[-48.59679,-25.93663],[-48.5973,-25.94575],[-48.59678,-25.94651],[-48.59891,-25.94766],[-48.64218,-25.95229],[-48.65263,-25.95364],[-48.68154,-25.95671],[-48.68598,-25.95894],[-48.69792,-25.95874],[-48.70208,-25.95995],[-48.7027,-25.95998],[-48.70296,-25.95983],[-48.70441,-25.95824],[-48.70492,-25.95644],[-48.70555,-25.95608],[-48.7098,-25.9549],[-48.7101,-25.9547],[-48.71758,-25.95405],[-48.71854,-25.95365],[-48.71853,-25.95314],[-48.71777,-25.95055],[-48.71808,-25.95024],[-48.71893,-25.95051],[-48.71922,-25.95042],[-48.72015,-25.94844],[-48.72121,-25.94532],[-48.72145,-25.94496],[-48.72118,-25.94309],[-48.72122,-25.94236],[-48.72162,-25.94101],[-48.72139,-25.93981],[-48.72186,-25.93915],[-48.71551,-25.93894],[-48.71173,-25.94247],[-48.71106,-25.94265],[-48.70713,-25.94291],[-48.70615,-25.94327],[-48.70465,-25.93961],[-48.70407,-25.93891],[-48.70294,-25.93828],[-48.70179,-25.93692],[-48.70174,-25.9364],[-48.70134,-25.93557],[-48.70251,-25.9342],[-48.70233,-25.93368],[-48.70172,-25.93293],[-48.70114,-25.93253],[-48.70068,-25.9325],[-48.69958,-25.93011],[-48.69907,-25.92966],[-48.69813,-25.92947],[-48.69561,-25.92952],[-48.6937,-25.9299],[-48.69348,-25.92957],[-48.69323,-25.92867],[-48.69328,-25.92823],[-48.69555,-25.92748],[-48.6958,-25.9271],[-48.69577,-25.9267],[-48.69615,-25.92613],[-48.69678,-25.92571],[-48.69708,-25.92513],[-48.69775,-25.92486],[-48.69803,-25.92454],[-48.69837,-25.92313],[-48.69205,-25.92375],[-48.68954,-25.92422],[-48.66652,-25.92643],[-48.67102,-25.90282],[-48.67052,-25.90224],[-48.67058,-25.90198],[-48.67106,-25.90153],[-48.6711,-25.90065],[-48.67086,-25.90034],[-48.67059,-25.89943],[-48.66993,-25.89887],[-48.66983,-25.89799],[-48.67016,-25.89792],[-48.67017,-25.89724],[-48.67046,-25.89712],[-48.6704,-25.89693],[-48.67155,-25.89666],[-48.67208,-25.89613],[-48.67191,-25.89467],[-48.67241,-25.89441],[-48.67286,-25.89268],[-48.67329,-25.89229],[-48.67339,-25.89171],[-48.67289,-25.89113],[-48.67191,-25.89098],[-48.67211,-25.88976],[-48.67401,-25.89046],[-48.67481,-25.89049],[-48.67562,-25.89013],[-48.67554,-25.88755],[-48.67509,-25.88658],[-48.67676,-25.8854],[-48.67707,-25.88539],[-48.67724,-25.88486],[-48.67697,-25.88397],[-48.6764,-25.88298],[-48.67633,-25.88183],[-48.6761,-25.881],[-48.67552,-25.88043],[-48.67481,-25.88006],[-48.67451,-25.87962],[-48.67443,-25.87913],[-48.67545,-25.87727],[-48.67505,-25.87611],[-48.67456,-25.87539],[-48.67339,-25.87482],[-48.67232,-25.87467],[-48.67132,-25.87483],[-48.6685,-25.87442],[-48.66841,-25.87478]]]]}},{"type":"Feature","properties":{"cnuc":"0000.41.0551","nome":"PARQUE ESTADUAL DO MONGE","categoria":"Parque","grupo":"Proteção Integral","esfera":"Estadual","area_ha":333.83,"criacao":"23-02-1960","gestor":"INSTITUTO AMBIENTAL DO PARANÁ - PR","uf":"PARANÁ","plano_manejo":"Sim"},"geometry":{"type":"Polygon","coordinates":[[[-49.70007,-25.77099],[-49.69998,-25.77178],[-49.69975,-25.77187],[-49.69938,-25.77302],[-49.69785,-25.7759],[-49.69703,-25.779],[-49.69654,-25.77957],[-49.69284,-25.77932],[-49.69193,-25.7807],[-49.69152,-25.78056],[-49.69077,-25.78087],[-49.68931,-25.78096],[-49.68797,-25.78552],[-49.68795,-25.79106],[-49.68863,-25.79446],[-49.688,-25.79643],[-49.68856,-25.79802],[-49.68845,-25.79865],[-49.68588,-25.79965],[-49.68563,-25.80009],[-49.68563,-25.80051],[-49.68602,-25.80192],[-49.68649,-25.80263],[-49.68711,-25.80313],[-49.68797,-25.80425],[-49.6899,-25.80557],[-49.69023,-25.8077],[-49.69147,-25.80882],[-49.69323,-25.80821],[-49.69436,-25.80802],[-49.69436,-25.80703],[-49.69485,-25.80629],[-49.69567,-25.80249],[-49.69659,-25.80442],[-49.69755,-25.80196],[-49.69802,-25.80125],[-49.69791,-25.79561],[-49.6975,-25.79496],[-49.69522,-25.79384],[-49.6995,-25.78783],[-49.69856,-25.78619],[-49.70191,-25.77829],[-49.70193,-25.77358],[-49.70172,-25.7734],[-49.70153,-25.77202],[-49.70124,-25.77131],[-49.70072,-25.77069],[-49.70029,-25.77062],[-49.70007,-25.77099]]]}},{"type":"Feature","properties":{"cnuc":"0000.41.4987","nome":"ESTAÇÃO ECOLÓGICA RIO DAS POMBAS","categoria":"Estação Ecológica","grupo":"Proteção Integral","esfera":"Estadual","area_ha":855.28,"criacao":"25-06-2024","gestor":"INSTITUTO AMBIENTAL DO PARANÁ - PR","uf":"PARANÁ","plano_manejo":"Não"},"geometry":{"type":"Polygon","coordinates":[[[-48.51884,-25.66432],[-48.51534,-25.66995],[-48.51484,-25.67059],[-48.51332,-25.6717],[-48.51375,-25.67462],[-48.51376,-25.67797],[-48.51402,-25.67863],[-48.51464,-25.67953],[-48.51729,-25.6818],[-48.51823,-25.68297],[-48.51845,-25.68461],[-48.51829,-25.68616],[-48.51868,-25.68789],[-48.5187,-25.6892],[-48.51839,-25.68966],[-48.51751,-25.69017],[-48.51738,-25.69078],[-48.51765,-25.69171],[-48.5181,-25.69232],[-48.51929,-25.69276],[-48.52013,-25.69287],[-48.52047,-25.69319],[-48.5206,-25.69358],[-48.52041,-25.69427],[-48.51889,-25.69562],[-48.51889,-25.69633],[-48.51961,-25.69675],[-48.52168,-25.69613],[-48.52277,-25.69608],[-48.52333,-25.69631],[-48.52363,-25.69585],[-48.52429,-25.6959],[-48.52427,-25.69645],[-48.52374,-25.6967],[-48.52401,-25.69771],[-48.5252,-25.69859],[-48.5264,-25.69922],[-48.52698,-25.69931],[-48.52782,-25.69992],[-48.52918,-25.70133],[-48.53029,-25.70173],[-48.53315,-25.70232],[-48.53347,-25.70228],[-48.53454,-25.70146],[-48.5349,-25.70159],[-48.53544,-25.7021],[-48.53911,-25.70572],[-48.53947,-25.70668],[-48.53905,-25.70813],[-48.53906,-25.70858],[-48.53921,-25.70915],[-48.53972,-25.70989],[-48.53981,-25.71047],[-48.53948,-25.71053],[-48.53828,-25.70969],[-48.53783,-25.7096],[-48.53769,-25.71129],[-48.53691,-25.7124],[-48.53729,-25.71374],[-48.53773,-25.71464],[-48.53773,-25.71599],[-48.53797,-25.71627],[-48.53827,-25.71633],[-48.53995,-25.71549],[-48.54021,-25.71567],[-48.54099,-25.71707],[-48.55411,-25.70745],[-48.51884,-25.66432]]]}},{"type":"Feature","properties":{"cnuc":"0000.41.0546","nome":"PARQUE ESTADUAL DAS LAURÁCEAS","categoria":"Parque","grupo":"Proteção Integral","esfera":"Estadual","area_ha":null,"criacao":"27-06-1979","gestor":"INSTITUTO AMBIENTAL DO PARANÁ - PR","uf":"PARANÁ","plano_manejo":"Sim"},"geometry":{"type":"Polygon","coordinates":[[[-48.65117,-24.76],[-48.65039,-24.75982],[-48.65016,-24.75954],[-48.65015,-24.75926],[-48.65055,-24.75878],[-48.65037,-24.75822],[-48.65056,-24.75708],[-48.65003,-24.7564],[-48.64936,-24.7551],[-48.64778,-24.75396],[-48.64619,-24.75344],[-48.64434,-24.75221],[-48.64179,-24.75248],[-48.64155,-24.75283],[-48.64126,-24.75292],[-48.63937,-24.75263],[-48.6377,-24.75264],[-48.63721,-24.75226],[-48.63628,-24.75251],[-48.63568,-24.75214],[-48.63489,-24.75213],[-48.63423,-24.75167],[-48.63089,-24.7516],[-48.62921,-24.75115],[-48.62768,-24.75047],[-48.62694,-24.7498],[-48.62612,-24.74961],[-48.62642,-24.74922],[-48.62554,-24.74836],[-48.62538,-24.748],[-48.62551,-24.74754],[-48.62532,-24.74718],[-48.62405,-24.74639],[-48.62227,-24.74378],[-48.62184,-24.74378],[-48.61978,-24.74499],[-48.6194,-24.74487],[-48.61972,-24.74196],[-48.61938,-24.74117],[-48.61962,-24.74064],[-48.62142,-24.73895],[-48.62317,-24.73856],[-48.62338,-24.73827],[-48.62289,-24.73705],[-48.62333,-24.73626],[-48.62263,-24.73472],[-48.6227,-24.73384],[-48.62235,-24.7335],[-48.62102,-24.73307],[-48.62055,-24.73217],[-48.62061,-24.73151],[-48.62095,-24.73122],[-48.62199,-24.73096],[-48.62285,-24.73042],[-48.62322,-24.73047],[-48.62374,-24.73083],[-48.62402,-24.7308],[-48.62479,-24.72988],[-48.62677,-24.72834],[-48.62793,-24.72814],[-48.62902,-24.72829],[-48.62934,-24.72775],[-48.6301,-24.72725],[-48.63008,-24.7257],[-48.63049,-24.72424],[-48.6312,-24.72407],[-48.63164,-24.72373],[-48.63184,-24.72117],[-48.63202,-24.72103],[-48.63255,-24.72108],[-48.63284,-24.72143],[-48.63336,-24.72158],[-48.6337,-24.72152],[-48.63396,-24.72119],[-48.63383,-24.72078],[-48.63349,-24.72052],[-48.63277,-24.72062],[-48.63248,-24.72051],[-48.63251,-24.71928],[-48.63338,-24.71848],[-48.63354,-24.71809],[-48.63332,-24.71795],[-48.63223,-24.71806],[-48.632,-24.71775],[-48.63197,-24.71723],[-48.63216,-24.71674],[-48.63345,-24.71532],[-48.63318,-24.71495],[-48.63214,-24.71422],[-48.63239,-24.71363],[-48.63212,-24.7132],[-48.63043,-24.71373],[-48.62989,-24.71405],[-48.62857,-24.71408],[-48.62771,-24.71377],[-48.62699,-24.71378],[-48.62573,-24.71443],[-48.62388,-24.71364],[-48.62126,-24.71332],[-48.61998,-24.71274],[-48.61911,-24.71213],[-48.61876,-24.71061],[-48.61985,-24.70308],[-48.62232,-24.69844],[-48.61688,-24.69909],[-48.61583,-24.69845],[-48.61459,-24.69958],[-48.60619,-24.70119],[-48.59906,-24.68577],[-48.57999,-24.68371],[-48.57988,-24.68398],[-48.57998,-24.68541],[-48.57934,-24.68614],[-48.57835,-24.68647],[-48.57791,-24.68685],[-48.57774,-24.68725],[-48.5778,-24.68798],[-48.57758,-24.68881],[-48.57601,-24.69012],[-48.57432,-24.69058],[-48.57316,-24.69115],[-48.57183,-24.69324],[-48.57203,-24.69449],[-48.57189,-24.69502],[-48.57144,-24.69531],[-48.57104,-24.6951],[-48.57083,-24.69523],[-48.56989,-24.69673],[-48.56945,-24.69785],[-48.56948,-24.69849],[-48.56904,-24.69893],[-48.569,-24.70018],[-48.56985,-24.69995],[-48.57062,-24.69905],[-48.5718,-24.69971],[-48.57418,-24.69959],[-48.57503,-24.69971],[-48.57669,-24.70061],[-48.57758,-24.70164],[-48.57823,-24.70211],[-48.57716,-24.70409],[-48.56937,-24.71338],[-48.57084,-24.71595],[-48.56762,-24.71994],[-48.58087,-24.72718],[-48.57518,-24.73498],[-48.56449,-24.73314],[-48.56259,-24.7371],[-48.56708,-24.74219],[-48.57006,-24.74934],[-48.57228,-24.74954],[-48.57063,-24.75502],[-48.56255,-24.74528],[-48.56159,-24.74713],[-48.5512,-24.74384],[-48.54246,-24.75435],[-48.54278,-24.75457],[-48.5429,-24.75489],[-48.54196,-24.7556],[-48.54189,-24.75581],[-48.54193,-24.75621],[-48.54302,-24.75651],[-48.54422,-24.75708],[-48.54499,-24.75699],[-48.54582,-24.75737],[-48.54645,-24.75734],[-48.5469,-24.75808],[-48.54709,-24.75922],[-48.54754,-24.75952],[-48.54842,-24.75931],[-48.54899,-24.75941],[-48.54957,-24.76148],[-48.55036,-24.76182],[-48.55121,-24.76177],[-48.55172,-24.76157],[-48.55406,-24.75999],[-48.55723,-24.76302],[-48.56167,-24.76894],[-48.56718,-24.77024],[-48.56447,-24.7743],[-48.56494,-24.77448],[-48.56536,-24.77443],[-48.56577,-24.77388],[-48.56614,-24.77419],[-48.5667,-24.77518],[-48.56932,-24.77582],[-48.57015,-24.77756],[-48.57049,-24.7779],[-48.57101,-24.77796],[-48.57159,-24.77745],[-48.57203,-24.77741],[-48.57226,-24.77829],[-48.57186,-24.77856],[-48.571,-24.77872],[-48.57077,-24.77926],[-48.5715,-24.78027],[-48.57157,-24.78119],[-48.57202,-24.78151],[-48.57251,-24.78239],[-48.57298,-24.78358],[-48.57299,-24.78408],[-48.57375,-24.78449],[-48.57375,-24.78514],[-48.57398,-24.78557],[-48.57537,-24.78605],[-48.57686,-24.78712],[-48.5779,-24.78813],[-48.57811,-24.78942],[-48.57904,-24.78958],[-48.57993,-24.78999],[-48.58137,-24.79117],[-48.58224,-24.79261],[-48.58364,-24.79304],[-48.58444,-24.7941],[-48.58457,-24.79488],[-48.58439,-24.79575],[-48.58459,-24.79633],[-48.58512,-24.79663],[-48.58544,-24.79736],[-48.58605,-24.79748],[-48.58623,-24.79768],[-48.58673,-24.79767],[-48.58706,-24.79734],[-48.58755,-24.79735],[-48.58995,-24.79993],[-48.59137,-24.80182],[-48.59163,-24.80289],[-48.59203,-24.803],[-48.59228,-24.80288],[-48.59299,-24.80174],[-48.59338,-24.80157],[-48.59366,-24.80162],[-48.59515,-24.8028],[-48.59652,-24.80325],[-48.59803,-24.80426],[-48.59845,-24.80473],[-48.59877,-24.80616],[-48.59903,-24.80648],[-48.60076,-24.80692],[-48.60196,-24.80753],[-48.60214,-24.80789],[-48.60204,-24.80803],[-48.60109,-24.8082],[-48.60064,-24.80872],[-48.60079,-24.80946],[-48.60057,-24.81013],[-48.60084,-24.81045],[-48.60175,-24.81093],[-48.60342,-24.81226],[-48.60405,-24.81321],[-48.60474,-24.81391],[-48.60542,-24.81433],[-48.60609,-24.81414],[-48.60656,-24.81468],[-48.60659,-24.81516],[-48.60699,-24.81596],[-48.60698,-24.81658],[-48.60688,-24.81754],[-48.6064,-24.81865],[-48.60636,-24.81921],[-48.60706,-24.82016],[-48.6073,-24.82129],[-48.60779,-24.82174],[-48.60801,-24.82222],[-48.60913,-24.82299],[-48.61041,-24.8233],[-48.61101,-24.82321],[-48.61153,-24.82353],[-48.61227,-24.82367],[-48.61295,-24.82413],[-48.6143,-24.82455],[-48.61496,-24.82457],[-48.61595,-24.82533],[-48.61674,-24.82688],[-48.61728,-24.82748],[-48.61826,-24.82813],[-48.61912,-24.82847],[-48.61969,-24.8292],[-48.61982,-24.82959],[-48.61968,-24.83025],[-48.61974,-24.83193],[-48.61998,-24.8325],[-48.62057,-24.83316],[-48.62202,-24.83382],[-48.62268,-24.83391],[-48.62321,-24.83453],[-48.62317,-24.83504],[-48.62555,-24.8497],[-48.6147,-24.86995],[-48.62354,-24.87073],[-48.6277,-24.87018],[-48.63388,-24.86756],[-48.64457,-24.86982],[-48.64561,-24.87897],[-48.64701,-24.87907],[-48.64926,-24.88341],[-48.64478,-24.89851],[-48.63725,-24.90314],[-48.6328,-24.90339],[-48.63101,-24.90457],[-48.62312,-24.9071],[-48.62177,-24.90601],[-48.6192,-24.90279],[-48.62447,-24.92693],[-48.62605,-24.92576],[-48.62785,-24.92485],[-48.62881,-24.92402],[-48.6291,-24.92387],[-48.62975,-24.92395],[-48.63004,-24.92436],[-48.6298,-24.92568],[-48.62997,-24.92644],[-48.63029,-24.9269],[-48.63149,-24.92769],[-48.63283,-24.92778],[-48.63416,-24.92843],[-48.63586,-24.92985],[-48.63617,-24.93044],[-48.63615,-24.93112],[-48.63634,-24.93134],[-48.63693,-24.93167],[-48.63865,-24.93201],[-48.63905,-24.93233],[-48.6392,-24.93382],[-48.63893,-24.93526],[-48.63859,-24.93564],[-48.6385,-24.9361],[-48.63961,-24.9373],[-48.64162,-24.93772],[-48.64178,-24.93813],[-48.64182,-24.93961],[-48.64231,-24.94125],[-48.64255,-24.94153],[-48.64303,-24.94158],[-48.64471,-24.94031],[-48.64516,-24.94013],[-48.64566,-24.94014],[-48.64782,-24.94309],[-48.64914,-24.9442],[-48.65007,-24.94442],[-48.65085,-24.94381],[-48.65123,-24.94384],[-48.65276,-24.945],[-48.65373,-24.94517],[-48.65419,-24.94541],[-48.65423,-24.94561],[-48.65367,-24.94631],[-48.65317,-24.94731],[-48.65345,-24.94808],[-48.65378,-24.94809],[-48.6559,-24.94704],[-48.65662,-24.94712],[-48.65735,-24.94799],[-48.65794,-24.94908],[-48.65917,-24.94954],[-48.66016,-24.95107],[-48.66199,-24.95112],[-48.66241,-24.95206],[-48.66409,-24.95306],[-48.66494,-24.95384],[-48.66454,-24.95382],[-48.63552,-24.97251],[-48.63673,-24.97578],[-48.64759,-24.99421],[-48.65062,-24.9957],[-48.65965,-25.00117],[-48.67098,-25.01295],[-48.67368,-25.00162],[-48.67436,-25.00186],[-48.69529,-24.97721],[-48.69592,-24.97738],[-48.69691,-24.97693],[-48.69877,-24.97802],[-48.69912,-24.978],[-48.69967,-24.97767],[-48.69978,-24.97665],[-48.69956,-24.9763],[-48.69967,-24.97598],[-48.69937,-24.9755],[-48.69975,-24.975],[-48.70085,-24.97451],[-48.70167,-24.97401],[-48.70172,-24.97384],[-48.70093,-24.97242],[-48.7013,-24.97153],[-48.70133,-24.97023],[-48.70082,-24.96934],[-48.70152,-24.96934],[-48.70206,-24.96952],[-48.7035,-24.97089],[-48.70443,-24.97121],[-48.70501,-24.97123],[-48.70647,-24.97009],[-48.70661,-24.9696],[-48.70608,-24.96873],[-48.70667,-24.96756],[-48.7056,-24.96668],[-48.70551,-24.96645],[-48.70581,-24.96623],[-48.70716,-24.96592],[-48.70827,-24.96615],[-48.70806,-24.96655],[-48.70847,-24.96674],[-48.70845,-24.96771],[-48.70861,-24.96789],[-48.71046,-24.96747],[-48.7124,-24.96669],[-48.71267,-24.96682],[-48.71284,-24.96749],[-48.71322,-24.96793],[-48.7137,-24.96811],[-48.71512,-24.96802],[-48.71551,-24.96838],[-48.71597,-24.96851],[-48.71609,-24.96816],[-48.71682,-24.96765],[-48.71665,-24.96722],[-48.71623,-24.96708],[-48.71604,-24.96682],[-48.71627,-24.96639],[-48.71703,-24.96634],[-48.71734,-24.96687],[-48.71794,-24.96687],[-48.71822,-24.96703],[-48.71902,-24.96682],[-48.71944,-24.96616],[-48.72008,-24.96586],[-48.72,-24.96532],[-48.72026,-24.96525],[-48.72042,-24.96553],[-48.72067,-24.96548],[-48.72096,-24.96489],[-48.72141,-24.96453],[-48.72139,-24.96406],[-48.72177,-24.96357],[-48.72362,-24.96231],[-48.72406,-24.96138],[-48.7243,-24.96118],[-48.72423,-24.96069],[-48.72435,-24.96047],[-48.72507,-24.9603],[-48.72593,-24.95946],[-48.72696,-24.95917],[-48.72794,-24.9591],[-48.72839,-24.95874],[-48.72882,-24.95867],[-48.72946,-24.9576],[-48.73009,-24.95702],[-48.73039,-24.95613],[-48.73035,-24.95564],[-48.73164,-24.95519],[-48.7327,-24.9543],[-48.73285,-24.954],[-48.73277,-24.9532],[-48.73234,-24.9524],[-48.73152,-24.95168],[-48.73171,-24.95047],[-48.73312,-24.94986],[-48.73626,-24.95089],[-48.73469,-24.94608],[-48.73413,-24.94594],[-48.72737,-24.941],[-48.72353,-24.92813],[-48.72285,-24.92507],[-48.72036,-24.91984],[-48.71633,-24.91236],[-48.71497,-24.90936],[-48.70918,-24.90083],[-48.71041,-24.89775],[-48.71287,-24.89339],[-48.71498,-24.88856],[-48.71437,-24.88715],[-48.71301,-24.88612],[-48.71401,-24.88227],[-48.71317,-24.88173],[-48.71294,-24.88139],[-48.71286,-24.88103],[-48.71304,-24.88069],[-48.71297,-24.88026],[-48.71274,-24.87999],[-48.71317,-24.87968],[-48.71392,-24.87958],[-48.71409,-24.87933],[-48.71401,-24.87896],[-48.71343,-24.8787],[-48.7133,-24.87782],[-48.71397,-24.87694],[-48.71341,-24.87614],[-48.71286,-24.87611],[-48.71285,-24.87571],[-48.71219,-24.87454],[-48.71195,-24.87369],[-48.71207,-24.87282],[-48.71194,-24.87177],[-48.71172,-24.87108],[-48.71098,-24.87033],[-48.71055,-24.86782],[-48.71096,-24.86713],[-48.71138,-24.86681],[-48.71293,-24.8666],[-48.71312,-24.86633],[-48.71467,-24.86568],[-48.71591,-24.86587],[-48.71713,-24.86561],[-48.71812,-24.86451],[-48.71904,-24.85977],[-48.72003,-24.85589],[-48.71796,-24.85278],[-48.71731,-24.85032],[-48.71604,-24.84754],[-48.71602,-24.84597],[-48.71584,-24.84595],[-48.71444,-24.8438],[-48.71411,-24.8436],[-48.71308,-24.84341],[-48.71277,-24.84267],[-48.71187,-24.84229],[-48.71162,-24.84192],[-48.71078,-24.84212],[-48.71019,-24.84204],[-48.71003,-24.84158],[-48.71022,-24.84105],[-48.70949,-24.84082],[-48.70914,-24.84032],[-48.7086,-24.84015],[-48.70786,-24.83954],[-48.70713,-24.83852],[-48.70672,-24.83829],[-48.7064,-24.83769],[-48.70632,-24.83623],[-48.70653,-24.83588],[-48.70669,-24.83449],[-48.70598,-24.83401],[-48.70564,-24.83335],[-48.70627,-24.83265],[-48.7061,-24.83206],[-48.70649,-24.8315],[-48.70743,-24.83119],[-48.70761,-24.83071],[-48.70795,-24.83039],[-48.70783,-24.82898],[-48.70841,-24.82866],[-48.70858,-24.82811],[-48.70783,-24.82757],[-48.70783,-24.82661],[-48.7069,-24.82631],[-48.70578,-24.8248],[-48.70527,-24.82492],[-48.70503,-24.8257],[-48.70458,-24.82568],[-48.70439,-24.82493],[-48.7045,-24.8241],[-48.70357,-24.82272],[-48.70316,-24.8218],[-48.70282,-24.82157],[-48.70159,-24.82135],[-48.71224,-24.81424],[-48.70915,-24.81054],[-48.70188,-24.79684],[-48.69935,-24.78842],[-48.69816,-24.78355],[-48.69886,-24.77408],[-48.70009,-24.76984],[-48.7021,-24.76647],[-48.70677,-24.76105],[-48.71082,-24.75643],[-48.71452,-24.75313],[-48.71498,-24.74775],[-48.71379,-24.74381],[-48.70919,-24.73047],[-48.70227,-24.73533],[-48.69538,-24.7371],[-48.69265,-24.73664],[-48.68351,-24.75464],[-48.68206,-24.75649],[-48.67898,-24.75925],[-48.67457,-24.76015],[-48.66006,-24.75931],[-48.65739,-24.75888],[-48.65193,-24.7595],[-48.65117,-24.76]]]}},{"type":"Feature","properties":{"cnuc":"0000.41.3183","nome":"PARQUE ESTADUAL DE AMAPORÃ","categoria":"Parque","grupo":"Proteção Integral","esfera":"Estadual","area_ha":209.29,"criacao":"21-11-2011","gestor":"INSTITUTO AMBIENTAL DO PARANÁ - PR","uf":"PARANÁ","plano_manejo":"Não"},"geometry":{"type":"Polygon","coordinates":[[[-52.79253,-23.07077],[-52.78298,-23.07496],[-52.79401,-23.0901],[-52.80282,-23.08482],[-52.79253,-23.07077]]]}},{"type":"Feature","properties":{"cnuc":"0000.41.0500","nome":"ÁREA DE PROTEÇÃO AMBIENTAL ESTADUAL DE GUARATUBA","categoria":"Área de Proteção Ambiental","grupo":"Uso Sustentável","esfera":"Estadual","area_ha":199376.9,"criacao":"28-04-1992","gestor":"INSTITUTO AMBIENTAL DO PARANÁ - PR","uf":"PARANÁ, SANTA CATARINA","plano_manejo":"Sim"},"geometry":{"type":"Polygon","coordinates":[[[-49.01817,-25.84107],[-49.02011,-25.83971],[-49.02148,-25.83984],[-49.02392,-25.8394],[-49.02663,-25.8399],[-49.02844,-25.84001],[-49.02979,-25.84055],[-49.03095,-25.84167],[-49.03182,-25.84212],[-49.03276,-25.84235],[-49.03328,-25.84234],[-49.03447,-25.84187],[-49.03667,-25.8402],[-49.03776,-25.83957],[-49.03895,-25.83939],[-49.04044,-25.83949],[-49.04359,-25.84084],[-49.04749,-25.84089],[-49.048,-25.84106],[-49.04906,-25.84191],[-49.05035,-25.84267],[-49.05307,-25.84342],[-49.05454,-25.84327],[-49.05675,-25.84231],[-49.05728,-25.84222],[-49.05859,-25.84237],[-49.05931,-25.84294],[-49.06202,-25.84618],[-49.0625,-25.84652],[-49.06375,-25.84686],[-49.06488,-25.84684],[-49.06693,-25.84602],[-49.06891,-25.84622],[-49.06965,-25.84615],[-49.07388,-25.8448],[-49.07694,-25.84519],[-49.0809,-25.84519],[-49.08304,-25.84611],[-49.08394,-25.84632],[-49.08856,-25.84556],[-49.09043,-25.84581],[-49.09271,-25.84663],[-49.09414,-25.84679],[-49.09732,-25.84605],[-49.09874,-25.84532],[-49.10532,-25.84028],[-49.10665,-25.83906],[-49.11028,-25.83382],[-49.11201,-25.83214],[-49.11843,-25.82867],[-49.12595,-25.82291],[-49.1276,-25.82136],[-49.12855,-25.81995],[-49.13398,-25.80938],[-49.13495,-25.80691],[-49.13516,-25.80516],[-49.135,-25.80383],[-49.13424,-25.80182],[-49.12266,-25.78647],[-49.12128,-25.78388],[-49.12089,-25.78241],[-49.12035,-25.7789],[-49.1204,-25.77657],[-49.12089,-25.77467],[-49.1226,-25.77043],[-49.12192,-25.77053],[-49.12139,-25.77082],[-49.11887,-25.77156],[-49.11855,-25.77176],[-49.11841,-25.77215],[-49.11796,-25.77199],[-49.11761,-25.77244],[-49.1176,-25.77293],[-49.11645,-25.77357],[-49.11597,-25.77412],[-49.11572,-25.77419],[-49.11492,-25.77392],[-49.11403,-25.77402],[-49.11298,-25.77387],[-49.11123,-25.77511],[-49.10977,-25.77579],[-49.10952,-25.77578],[-49.10783,-25.77475],[-49.10698,-25.77355],[-49.10798,-25.77374],[-49.10855,-25.77368],[-49.10923,-25.77336],[-49.10948,-25.77305],[-49.1096,-25.77245],[-49.10951,-25.77109],[-49.10872,-25.77083],[-49.10842,-25.77037],[-49.10888,-25.77037],[-49.109,-25.77016],[-49.10862,-25.76956],[-49.10915,-25.76912],[-49.10933,-25.76863],[-49.10934,-25.76691],[-49.10801,-25.76538],[-49.10739,-25.76534],[-49.10702,-25.7656],[-49.10671,-25.76542],[-49.10694,-25.76451],[-49.10762,-25.76454],[-49.1081,-25.76417],[-49.10824,-25.76338],[-49.10804,-25.76325],[-49.10798,-25.76285],[-49.1088,-25.76202],[-49.10902,-25.7613],[-49.10813,-25.7613],[-49.10769,-25.76102],[-49.1074,-25.76055],[-49.10732,-25.75978],[-49.10764,-25.75864],[-49.10751,-25.75837],[-49.10699,-25.75811],[-49.10622,-25.75823],[-49.105,-25.75708],[-49.10426,-25.75573],[-49.10356,-25.75614],[-49.10322,-25.75613],[-49.10214,-25.75561],[-49.10265,-25.75542],[-49.10277,-25.75498],[-49.10219,-25.75496],[-49.10235,-25.75422],[-49.10271,-25.75427],[-49.10314,-25.75405],[-49.10309,-25.75363],[-49.10356,-25.75315],[-49.1036,-25.7527],[-49.10393,-25.75205],[-49.10382,-25.75158],[-49.10366,-25.75158],[-49.10344,-25.75215],[-49.10277,-25.75276],[-49.1027,-25.75343],[-49.10209,-25.7529],[-49.10165,-25.75299],[-49.10127,-25.75196],[-49.10068,-25.75156],[-49.10015,-25.75169],[-49.09998,-25.75153],[-49.1003,-25.75038],[-49.10084,-25.74962],[-49.10076,-25.74944],[-49.10022,-25.74926],[-49.0992,-25.74807],[-49.09879,-25.74803],[-49.09775,-25.74848],[-49.09797,-25.74797],[-49.09775,-25.74754],[-49.09713,-25.74733],[-49.09659,-25.74734],[-49.09664,-25.74694],[-49.09707,-25.74679],[-49.09708,-25.74642],[-49.09689,-25.7462],[-49.09641,-25.74594],[-49.09609,-25.74555],[-49.09493,-25.74526],[-49.09649,-25.7451],[-49.09725,-25.74585],[-49.09759,-25.74587],[-49.09826,-25.74645],[-49.09962,-25.74663],[-49.10003,-25.74692],[-49.10087,-25.74676],[-49.10241,-25.74688],[-49.10275,-25.74658],[-49.10335,-25.74651],[-49.10373,-25.746],[-49.10442,-25.74567],[-49.10427,-25.74387],[-49.10417,-25.74342],[-49.10381,-25.74301],[-49.10345,-25.74292],[-49.10298,-25.7423],[-49.10258,-25.74225],[-49.10304,-25.74159],[-49.10372,-25.74144],[-49.10404,-25.74051],[-49.10397,-25.73981],[-49.10236,-25.73753],[-49.10191,-25.73738],[-49.10125,-25.73665],[-49.10081,-25.73646],[-49.10012,-25.73683],[-49.09917,-25.7353],[-49.09852,-25.73477],[-49.09808,-25.73407],[-49.09696,-25.73322],[-49.09599,-25.73295],[-49.09459,-25.7334],[-49.09394,-25.73416],[-49.09368,-25.73485],[-49.09277,-25.73559],[-49.09212,-25.73581],[-49.09279,-25.73519],[-49.09303,-25.73463],[-49.093,-25.73333],[-49.09245,-25.73293],[-49.09333,-25.73248],[-49.0934,-25.73235],[-49.0932,-25.73211],[-49.09129,-25.73215],[-49.09088,-25.73293],[-49.09034,-25.73285],[-49.08984,-25.73299],[-49.08938,-25.73344],[-49.08897,-25.73294],[-49.08858,-25.73281],[-49.08783,-25.73313],[-49.08732,-25.73366],[-49.08726,-25.73205],[-49.08691,-25.7315],[-49.08644,-25.73127],[-49.085,-25.73101],[-49.0842,-25.73051],[-49.08385,-25.73047],[-49.08369,-25.73085],[-49.08391,-25.73147],[-49.08333,-25.73174],[-49.08326,-25.73229],[-49.08299,-25.732],[-49.08261,-25.7319],[-49.08286,-25.73154],[-49.08277,-25.73097],[-49.08304,-25.73049],[-49.0824,-25.72906],[-49.08313,-25.72928],[-49.08376,-25.7292],[-49.08564,-25.72954],[-49.08579,-25.72931],[-49.08543,-25.72815],[-49.08675,-25.72763],[-49.0873,-25.72721],[-49.08725,-25.72688],[-49.08701,-25.72674],[-49.08607,-25.72672],[-49.086,-25.72658],[-49.08594,-25.72504],[-49.08495,-25.72324],[-49.08514,-25.72267],[-49.08476,-25.72256],[-49.08449,-25.72297],[-49.08411,-25.72316],[-49.08388,-25.7239],[-49.08354,-25.72427],[-49.08322,-25.72382],[-49.08262,-25.72341],[-49.08234,-25.72337],[-49.08202,-25.72373],[-49.08181,-25.72295],[-49.08101,-25.72274],[-49.08151,-25.7224],[-49.08148,-25.72223],[-49.08024,-25.72004],[-49.0793,-25.7194],[-49.07911,-25.71945],[-49.07899,-25.71994],[-49.07863,-25.71974],[-49.07838,-25.71991],[-49.0782,-25.71913],[-49.07831,-25.71835],[-49.07799,-25.71763],[-49.07814,-25.7172],[-49.0778,-25.71686],[-49.07694,-25.71675],[-49.07659,-25.71689],[-49.07564,-25.71612],[-49.07473,-25.71602],[-49.07436,-25.71617],[-49.07435,-25.71686],[-49.07396,-25.71765],[-49.07395,-25.71813],[-49.07354,-25.7181],[-49.07321,-25.71834],[-49.0731,-25.71775],[-49.07272,-25.71767],[-49.07332,-25.71708],[-49.07297,-25.71621],[-49.0732,-25.71543],[-49.07303,-25.71522],[-49.0724,-25.71499],[-49.07162,-25.715],[-49.07163,-25.71456],[-49.07139,-25.71431],[-49.07126,-25.71358],[-49.07055,-25.71364],[-49.07089,-25.71263],[-49.07079,-25.71219],[-49.07101,-25.71144],[-49.0709,-25.7112],[-49.07057,-25.71112],[-49.07029,-25.71071],[-49.06983,-25.71047],[-49.07149,-25.7089],[-49.07154,-25.70821],[-49.07,-25.70725],[-49.06954,-25.7072],[-49.06959,-25.707],[-49.07026,-25.70659],[-49.07032,-25.70635],[-49.07011,-25.70589],[-49.0697,-25.70568],[-49.07011,-25.70479],[-49.07003,-25.70458],[-49.0699,-25.7045],[-49.06946,-25.70474],[-49.06918,-25.70346],[-49.06741,-25.70176],[-49.06581,-25.70103],[-49.06708,-25.70028],[-49.06716,-25.69904],[-49.06657,-25.6988],[-49.06726,-25.69834],[-49.06754,-25.69765],[-49.0671,-25.69721],[-49.067,-25.69654],[-49.06645,-25.6961],[-49.06742,-25.69598],[-49.06789,-25.6954],[-49.06849,-25.69604],[-49.06905,-25.69631],[-49.06957,-25.69607],[-49.06968,-25.69567],[-49.06904,-25.69502],[-49.06899,-25.69461],[-49.06872,-25.6943],[-49.06662,-25.69438],[-49.06675,-25.69341],[-49.06734,-25.69261],[-49.06718,-25.69209],[-49.0657,-25.69209],[-49.06473,-25.69261],[-49.06481,-25.69315],[-49.06458,-25.6933],[-49.06378,-25.69312],[-49.06405,-25.69257],[-49.06398,-25.69221],[-49.06337,-25.69166],[-49.06286,-25.69164],[-49.06135,-25.69257],[-49.06095,-25.69204],[-49.06062,-25.69224],[-49.06007,-25.69179],[-49.05988,-25.69098],[-49.05962,-25.6909],[-49.05723,-25.69115],[-49.05717,-25.69106],[-49.05793,-25.6904],[-49.05816,-25.69002],[-49.05782,-25.68884],[-49.05682,-25.68796],[-49.0553,-25.68802],[-49.0552,-25.6879],[-49.05544,-25.68719],[-49.05516,-25.68653],[-49.056,-25.68608],[-49.0559,-25.68521],[-49.05673,-25.68517],[-49.05695,-25.6849],[-49.05673,-25.68398],[-49.0565,-25.68378],[-49.05653,-25.68299],[-49.05602,-25.6826],[-49.05422,-25.6819],[-49.0538,-25.68187],[-49.0535,-25.68202],[-49.05299,-25.68278],[-49.05267,-25.68374],[-49.0524,-25.68358],[-49.05205,-25.68368],[-49.05161,-25.68274],[-49.05134,-25.68251],[-49.0508,-25.68244],[-49.05002,-25.68197],[-49.04976,-25.68204],[-49.0487,-25.68283],[-49.04831,-25.68381],[-49.04781,-25.684],[-49.04738,-25.68379],[-49.0469,-25.68405],[-49.04652,-25.68527],[-49.04586,-25.68502],[-49.04565,-25.68532],[-49.0453,-25.68509],[-49.04536,-25.68466],[-49.04453,-25.68413],[-49.04401,-25.68401],[-49.04266,-25.68412],[-49.04331,-25.68361],[-49.0434,-25.68319],[-49.04388,-25.68312],[-49.04422,-25.68276],[-49.04427,-25.681],[-49.04335,-25.67943],[-49.04275,-25.67999],[-49.04239,-25.67972],[-49.04174,-25.67758],[-49.04149,-25.67737],[-49.03995,-25.67651],[-49.03969,-25.67672],[-49.03928,-25.67769],[-49.03771,-25.67689],[-49.03666,-25.67747],[-49.03651,-25.6779],[-49.03635,-25.67796],[-49.0352,-25.6769],[-49.03419,-25.67635],[-49.03333,-25.67736],[-49.03328,-25.67767],[-49.03162,-25.67767],[-49.03154,-25.67804],[-49.03224,-25.67855],[-49.03322,-25.68085],[-49.03332,-25.68177],[-49.03421,-25.68195],[-49.03488,-25.6829],[-49.03619,-25.68396],[-49.03681,-25.68374],[-49.0367,-25.68416],[-49.03611,-25.68457],[-49.03561,-25.68395],[-49.03494,-25.68413],[-49.03503,-25.68359],[-49.03396,-25.68272],[-49.03284,-25.68308],[-49.03231,-25.68298],[-49.03144,-25.68339],[-49.03181,-25.682],[-49.03151,-25.68104],[-49.03123,-25.68079],[-49.03056,-25.68145],[-49.03044,-25.6819],[-49.02993,-25.68234],[-49.02979,-25.68284],[-49.02917,-25.68378],[-49.02911,-25.68273],[-49.02858,-25.68191],[-49.02815,-25.68158],[-49.02803,-25.68045],[-49.02787,-25.68025],[-49.0273,-25.68028],[-49.02677,-25.68085],[-49.02678,-25.68162],[-49.0269,-25.68232],[-49.0278,-25.68355],[-49.02531,-25.68166],[-49.02451,-25.68086],[-49.01419,-25.67353],[-49.00207,-25.66725],[-49.00175,-25.66734],[-49.00134,-25.66769],[-49.00137,-25.66822],[-49.00032,-25.6687],[-48.99971,-25.66879],[-48.99946,-25.66906],[-48.99939,-25.66953],[-49.00024,-25.67004],[-49.00074,-25.67],[-49.00172,-25.67036],[-49.00245,-25.67009],[-49.00247,-25.67114],[-49.00299,-25.67193],[-49.00247,-25.67244],[-49.00197,-25.67212],[-49.00122,-25.67208],[-49.00058,-25.67282],[-48.99993,-25.67301],[-48.99966,-25.67366],[-48.99993,-25.67392],[-49.0003,-25.67524],[-49.00062,-25.67551],[-49.00093,-25.67453],[-49.00183,-25.67398],[-49.00241,-25.67327],[-49.00273,-25.67321],[-49.00246,-25.67444],[-49.00257,-25.67482],[-49.00303,-25.67539],[-49.00357,-25.6757],[-49.00333,-25.67655],[-49.00359,-25.67892],[-49.00386,-25.67909],[-49.00473,-25.67899],[-49.00558,-25.67845],[-49.00608,-25.6777],[-49.00687,-25.6773],[-49.00705,-25.67706],[-49.00714,-25.67744],[-49.0068,-25.67818],[-49.00695,-25.67882],[-49.00729,-25.67894],[-49.00869,-25.67803],[-49.00959,-25.67779],[-49.01034,-25.67728],[-49.011,-25.67729],[-49.01035,-25.67764],[-49.01016,-25.6779],[-49.01017,-25.67817],[-49.00924,-25.67844],[-49.00885,-25.67922],[-49.00819,-25.6796],[-49.00771,-25.68029],[-49.00713,-25.68068],[-49.00744,-25.68123],[-49.00689,-25.68167],[-49.00694,-25.68246],[-49.00773,-25.68295],[-49.00718,-25.68333],[-49.00704,-25.68365],[-49.00727,-25.68421],[-49.00631,-25.68422],[-49.00506,-25.68381],[-49.00464,-25.68392],[-49.00439,-25.68482],[-49.00479,-25.6863],[-49.00498,-25.68649],[-49.00685,-25.68713],[-49.00657,-25.68775],[-49.00663,-25.68878],[-49.00565,-25.68802],[-49.00526,-25.68797],[-49.0051,-25.68816],[-49.00571,-25.68965],[-49.007,-25.69078],[-49.00847,-25.69113],[-49.00822,-25.69164],[-49.00903,-25.69214],[-49.00947,-25.69262],[-49.01016,-25.69249],[-49.01095,-25.69259],[-49.01054,-25.69299],[-49.01046,-25.69385],[-49.01059,-25.69421],[-49.01106,-25.69448],[-49.01066,-25.6954],[-49.011,-25.69676],[-49.01137,-25.69715],[-49.01203,-25.69732],[-49.01418,-25.69714],[-49.01494,-25.6973],[-49.0126,-25.69784],[-49.01117,-25.69835],[-49.00955,-25.69767],[-49.00926,-25.69732],[-48.96575,-25.6719],[-48.93373,-25.67379],[-48.93283,-25.67363],[-48.93218,-25.67398],[-48.93198,-25.67381],[-48.93212,-25.67365],[-48.93204,-25.67328],[-48.93146,-25.67284],[-48.93091,-25.67266],[-48.92864,-25.67283],[-48.92779,-25.67308],[-48.92763,-25.67327],[-48.92693,-25.67315],[-48.92613,-25.67354],[-48.92569,-25.67288],[-48.92507,-25.67277],[-48.925,-25.6724],[-48.92473,-25.6722],[-48.92557,-25.67183],[-48.92558,-25.67147],[-48.92359,-25.67071],[-48.92257,-25.6699],[-48.92223,-25.66938],[-48.92059,-25.67011],[-48.91986,-25.67104],[-48.92008,-25.66982],[-48.92223,-25.66767],[-48.92238,-25.66636],[-48.92213,-25.66624],[-48.92077,-25.66644],[-48.91903,-25.66637],[-48.91883,-25.66568],[-48.91859,-25.66543],[-48.91859,-25.66506],[-48.91766,-25.66472],[-48.91746,-25.66489],[-48.91743,-25.66545],[-48.91606,-25.66576],[-48.9162,-25.6648],[-48.91573,-25.66414],[-48.91524,-25.66395],[-48.91527,-25.66352],[-48.91568,-25.66351],[-48.91639,-25.66384],[-48.91686,-25.66381],[-48.91707,-25.66355],[-48.91639,-25.6629],[-48.91602,-25.66197],[-48.91623,-25.66162],[-48.91601,-25.6613],[-48.91653,-25.66109],[-48.91658,-25.66089],[-48.91619,-25.66044],[-48.91626,-25.6596],[-48.91596,-25.65909],[-48.91617,-25.65894],[-48.91667,-25.65906],[-48.91685,-25.65883],[-48.91673,-25.65863],[-48.91579,-25.6585],[-48.91526,-25.65899],[-48.91356,-25.6591],[-48.91294,-25.65884],[-48.91285,-25.65762],[-48.91198,-25.65748],[-48.91152,-25.65765],[-48.91139,-25.65792],[-48.91154,-25.65851],[-48.91037,-25.65832],[-48.91016,-25.65849],[-48.90992,-25.65821],[-48.90997,-25.6576],[-48.90979,-25.65751],[-48.90951,-25.65769],[-48.90934,-25.65814],[-48.90971,-25.65915],[-48.91024,-25.65995],[-48.90991,-25.66051],[-48.9094,-25.65909],[-48.90878,-25.65832],[-48.90786,-25.65835],[-48.90731,-25.65892],[-48.9067,-25.65884],[-48.90645,-25.65911],[-48.90655,-25.65938],[-48.90631,-25.6594],[-48.9061,-25.65979],[-48.90572,-25.65992],[-48.90585,-25.6595],[-48.90569,-25.65922],[-48.90635,-25.65825],[-48.90629,-25.65797],[-48.90694,-25.6578],[-48.90758,-25.65728],[-48.90838,-25.65596],[-48.9083,-25.65564],[-48.90799,-25.65547],[-48.90749,-25.65559],[-48.90731,-25.656],[-48.907,-25.65613],[-48.90647,-25.65678],[-48.90575,-25.65735],[-48.90453,-25.65778],[-48.90492,-25.65652],[-48.90475,-25.65516],[-48.9045,-25.65502],[-48.90355,-25.65567],[-48.90331,-25.65623],[-48.90282,-25.65623],[-48.90289,-25.65577],[-48.90229,-25.65562],[-48.90176,-25.65602],[-48.90116,-25.65602],[-48.90275,-25.65479],[-48.9023,-25.65457],[-48.9017,-25.65504],[-48.90127,-25.65494],[-48.9007,-25.65266],[-48.90265,-25.65217],[-48.90433,-25.65256],[-48.90568,-25.65228],[-48.90536,-25.65184],[-48.90522,-25.6512],[-48.90427,-25.65085],[-48.90401,-25.65089],[-48.9036,-25.65058],[-48.90226,-25.65049],[-48.9019,-25.65061],[-48.90175,-25.6509],[-48.90174,-25.65161],[-48.90015,-25.6514],[-48.90005,-25.65151],[-48.90021,-25.65179],[-48.90002,-25.65236],[-48.89854,-25.65196],[-48.8984,-25.65247],[-48.89771,-25.65299],[-48.89746,-25.65276],[-48.89669,-25.65291],[-48.89678,-25.65263],[-48.89747,-25.65196],[-48.89709,-25.6513],[-48.89676,-25.6514],[-48.89638,-25.65189],[-48.89585,-25.6529],[-48.89588,-25.65174],[-48.89566,-25.65125],[-48.89475,-25.65119],[-48.89395,-25.65179],[-48.89357,-25.65149],[-48.89259,-25.65166],[-48.89231,-25.65218],[-48.89196,-25.65206],[-48.89148,-25.6522],[-48.89081,-25.65265],[-48.89056,-25.65343],[-48.89023,-25.65329],[-48.89046,-25.65248],[-48.8903,-25.65206],[-48.89011,-25.65201],[-48.88957,-25.65231],[-48.88864,-25.65332],[-48.88792,-25.65352],[-48.88768,-25.65375],[-48.88717,-25.65339],[-48.88642,-25.65351],[-48.886,-25.65383],[-48.8859,-25.65431],[-48.88507,-25.65449],[-48.88351,-25.6556],[-48.88352,-25.65498],[-48.88393,-25.65463],[-48.88376,-25.65435],[-48.88457,-25.65394],[-48.88467,-25.65358],[-48.88607,-25.65312],[-48.88674,-25.65256],[-48.88727,-25.65263],[-48.88784,-25.65236],[-48.88812,-25.65206],[-48.88809,-25.65183],[-48.88845,-25.6515],[-48.88872,-25.6508],[-48.89007,-25.65005],[-48.89011,-25.6494],[-48.89093,-25.64936],[-48.89116,-25.64887],[-48.89203,-25.64858],[-48.89129,-25.64795],[-48.89123,-25.64769],[-48.89176,-25.64742],[-48.89303,-25.64728],[-48.89321,-25.64703],[-48.89295,-25.64666],[-48.8938,-25.64674],[-48.89435,-25.6471],[-48.89591,-25.64667],[-48.8963,-25.64691],[-48.89643,-25.64721],[-48.89683,-25.64727],[-48.89718,-25.64683],[-48.89754,-25.64688],[-48.89796,-25.64667],[-48.89814,-25.64682],[-48.89867,-25.64667],[-48.89903,-25.64679],[-48.89945,-25.6465],[-48.9001,-25.64667],[-48.90007,-25.64615],[-48.89955,-25.64545],[-48.89923,-25.64553],[-48.8987,-25.64522],[-48.89843,-25.64448],[-48.89803,-25.64433],[-48.89749,-25.6438],[-48.89707,-25.64375],[-48.89732,-25.64312],[-48.89724,-25.64289],[-48.89671,-25.64288],[-48.89651,-25.6427],[-48.89608,-25.6429],[-48.89552,-25.64279],[-48.89409,-25.64326],[-48.89299,-25.64339],[-48.89232,-25.64385],[-48.89146,-25.64387],[-48.8908,-25.64428],[-48.89046,-25.64408],[-48.88886,-25.64457],[-48.88908,-25.64437],[-48.88901,-25.64418],[-48.8896,-25.64407],[-48.88997,-25.6436],[-48.89115,-25.64289],[-48.89121,-25.64272],[-48.89072,-25.64206],[-48.89024,-25.64172],[-48.89033,-25.6414],[-48.89087,-25.64166],[-48.89145,-25.64148],[-48.89192,-25.64157],[-48.89246,-25.64126],[-48.89307,-25.64144],[-48.89404,-25.64102],[-48.89463,-25.64026],[-48.8944,-25.6398],[-48.89366,-25.63974],[-48.8938,-25.63922],[-48.89406,-25.63907],[-48.89397,-25.63867],[-48.89442,-25.63819],[-48.89436,-25.63757],[-48.89416,-25.63742],[-48.89361,-25.63729],[-48.89326,-25.63787],[-48.89245,-25.63842],[-48.89189,-25.63803],[-48.8909,-25.63788],[-48.8909,-25.63682],[-48.89219,-25.63688],[-48.89268,-25.63664],[-48.89288,-25.63637],[-48.89253,-25.63592],[-48.8922,-25.63583],[-48.89208,-25.63537],[-48.89175,-25.6352],[-48.89057,-25.63539],[-48.8904,-25.636],[-48.88955,-25.63596],[-48.88933,-25.63622],[-48.88941,-25.63648],[-48.88915,-25.63676],[-48.88891,-25.63664],[-48.88871,-25.6368],[-48.88837,-25.63647],[-48.88809,-25.63649],[-48.88745,-25.63699],[-48.88731,-25.63732],[-48.88628,-25.63765],[-48.88615,-25.63791],[-48.88574,-25.63777],[-48.88512,-25.63795],[-48.88516,-25.63733],[-48.88571,-25.63701],[-48.88597,-25.63571],[-48.88536,-25.63506],[-48.885,-25.635],[-48.88471,-25.63519],[-48.88462,-25.63602],[-48.88425,-25.63616],[-48.88385,-25.63574],[-48.88389,-25.63463],[-48.88339,-25.63451],[-48.88255,-25.63476],[-48.88229,-25.6351],[-48.88253,-25.63561],[-48.8822,-25.63599],[-48.88234,-25.63646],[-48.88182,-25.63667],[-48.88142,-25.63646],[-48.88109,-25.63659],[-48.88115,-25.63742],[-48.8816,-25.63749],[-48.88162,-25.63773],[-48.88182,-25.63788],[-48.88155,-25.63792],[-48.8813,-25.63824],[-48.88111,-25.63794],[-48.88072,-25.63799],[-48.88055,-25.63817],[-48.8806,-25.63882],[-48.88046,-25.63917],[-48.87977,-25.6393],[-48.87933,-25.63901],[-48.87909,-25.63929],[-48.87814,-25.63874],[-48.8777,-25.63869],[-48.87731,-25.6389],[-48.87686,-25.63841],[-48.87626,-25.63806],[-48.87526,-25.63858],[-48.87481,-25.63815],[-48.8741,-25.63814],[-48.87406,-25.6379],[-48.87367,-25.6377],[-48.87307,-25.6378],[-48.87301,-25.63701],[-48.87288,-25.6368],[-48.87227,-25.63669],[-48.87188,-25.63623],[-48.87206,-25.63581],[-48.87183,-25.63541],[-48.87134,-25.63506],[-48.87162,-25.63475],[-48.87176,-25.63497],[-48.87247,-25.63524],[-48.87275,-25.63479],[-48.87269,-25.63456],[-48.87193,-25.63435],[-48.87206,-25.63392],[-48.87256,-25.63371],[-48.87262,-25.63336],[-48.87297,-25.63326],[-48.87327,-25.63279],[-48.87413,-25.63256],[-48.87446,-25.63222],[-48.87431,-25.63186],[-48.87485,-25.63138],[-48.8751,-25.63127],[-48.87521,-25.63147],[-48.87551,-25.63148],[-48.87597,-25.63129],[-48.87523,-25.63103],[-48.87491,-25.63037],[-48.87405,-25.63073],[-48.87381,-25.63027],[-48.87334,-25.63027],[-48.87271,-25.62979],[-48.87223,-25.6299],[-48.87048,-25.62965],[-48.86947,-25.6298],[-48.86982,-25.62939],[-48.87101,-25.62914],[-48.87108,-25.629],[-48.87064,-25.62878],[-48.87025,-25.62908],[-48.86929,-25.62923],[-48.86949,-25.62874],[-48.86925,-25.62831],[-48.86933,-25.62779],[-48.86876,-25.62664],[-48.86936,-25.62657],[-48.86935,-25.62606],[-48.86896,-25.62543],[-48.90592,-25.61693],[-48.90544,-25.61654],[-48.90489,-25.61567],[-48.90403,-25.6151],[-48.90403,-25.61429],[-48.90338,-25.61339],[-48.90325,-25.6131],[-48.90335,-25.61283],[-48.90297,-25.61227],[-48.90313,-25.61177],[-48.90373,-25.61215],[-48.9042,-25.61213],[-48.90478,-25.61243],[-48.90513,-25.61232],[-48.90573,-25.61252],[-48.90581,-25.61199],[-48.90498,-25.61028],[-48.90519,-25.60935],[-48.90457,-25.60816],[-48.90502,-25.60781],[-48.90539,-25.60714],[-48.90602,-25.60694],[-48.90779,-25.60719],[-48.90826,-25.60705],[-48.9085,-25.6068],[-48.90842,-25.60656],[-48.90862,-25.60609],[-48.90841,-25.60558],[-48.90872,-25.60483],[-48.90867,-25.60462],[-48.9076,-25.60464],[-48.90689,-25.60384],[-48.90751,-25.60289],[-48.90748,-25.60263],[-48.90704,-25.6023],[-48.90696,-25.60206],[-48.90729,-25.60162],[-48.90715,-25.60116],[-48.90751,-25.60001],[-48.90681,-25.59975],[-48.90624,-25.59907],[-48.90586,-25.59816],[-48.90566,-25.59804],[-48.90504,-25.59818],[-48.905,-25.59755],[-48.90462,-25.59713],[-48.90362,-25.59836],[-48.90368,-25.59869],[-48.90354,-25.59883],[-48.90331,-25.59863],[-48.90318,-25.59794],[-48.90193,-25.59768],[-48.90109,-25.59726],[-48.90092,-25.59704],[-48.90098,-25.59663],[-48.89941,-25.59625],[-48.89817,-25.59567],[-48.89659,-25.59402],[-48.89491,-25.59173],[-48.89444,-25.59134],[-48.89384,-25.59113],[-48.8929,-25.59125],[-48.89154,-25.59251],[-48.89075,-25.59299],[-48.88968,-25.59299],[-48.88819,-25.5922],[-48.88748,-25.592],[-48.88645,-25.59235],[-48.8851,-25.59364],[-48.88406,-25.5938],[-48.88063,-25.59228],[-48.87823,-25.59147],[-48.87628,-25.59147],[-48.87549,-25.59123],[-48.8738,-25.59005],[-48.87343,-25.58959],[-48.87328,-25.58888],[-48.87348,-25.58831],[-48.87504,-25.58662],[-48.8765,-25.58447],[-48.87797,-25.58268],[-48.87795,-25.58177],[-48.87729,-25.58104],[-48.87429,-25.58006],[-48.87188,-25.58008],[-48.87128,-25.58037],[-48.86923,-25.58265],[-48.86836,-25.58303],[-48.86756,-25.58295],[-48.86575,-25.58168],[-48.86423,-25.58021],[-48.86085,-25.5779],[-48.85848,-25.5769],[-48.8579,-25.57616],[-48.85731,-25.57474],[-48.85675,-25.57418],[-48.85576,-25.57388],[-48.85495,-25.57395],[-48.85319,-25.5749],[-48.85257,-25.57499],[-48.85081,-25.57473],[-48.84787,-25.5746],[-48.84587,-25.57372],[-48.84304,-25.57328],[-48.83982,-25.57131],[-48.83853,-25.57081],[-48.83723,-25.571],[-48.836,-25.57174],[-48.8335,-25.57283],[-48.82934,-25.57425],[-48.82865,-25.57431],[-48.82548,-25.57329],[-48.82435,-25.57407],[-48.82486,-25.57443],[-48.82518,-25.57511],[-48.82651,-25.57592],[-48.82625,-25.57586],[-48.82612,-25.57599],[-48.82574,-25.57573],[-48.82474,-25.57575],[-48.82444,-25.57544],[-48.82364,-25.57515],[-48.82297,-25.5751],[-48.82243,-25.5741],[-48.82203,-25.57407],[-48.82138,-25.57588],[-48.82158,-25.57632],[-48.82244,-25.57666],[-48.82197,-25.57705],[-48.8216,-25.57706],[-48.82137,-25.57733],[-48.82122,-25.57821],[-48.821,-25.57808],[-48.82048,-25.57709],[-48.81986,-25.57678],[-48.81846,-25.57686],[-48.81824,-25.57702],[-48.8181,-25.57749],[-48.81717,-25.57685],[-48.81643,-25.57709],[-48.81622,-25.57762],[-48.8162,-25.57927],[-48.81644,-25.58027],[-48.81647,-25.58128],[-48.81633,-25.5818],[-48.81647,-25.58231],[-48.81606,-25.58331],[-48.81651,-25.58401],[-48.8158,-25.58396],[-48.81509,-25.58338],[-48.81446,-25.58356],[-48.81424,-25.58496],[-48.81453,-25.58576],[-48.81387,-25.58594],[-48.81369,-25.58624],[-48.81405,-25.58676],[-48.81521,-25.58691],[-48.815,-25.5871],[-48.81347,-25.58744],[-48.81305,-25.58791],[-48.81305,-25.58817],[-48.81325,-25.58841],[-48.81198,-25.58869],[-48.81149,-25.58902],[-48.81133,-25.58947],[-48.8115,-25.59006],[-48.81178,-25.59032],[-48.81279,-25.59054],[-48.81165,-25.59102],[-48.81181,-25.59183],[-48.81106,-25.59153],[-48.81059,-25.59157],[-48.8107,-25.59246],[-48.81053,-25.5927],[-48.81005,-25.59285],[-48.81001,-25.59369],[-48.80973,-25.59335],[-48.80897,-25.59304],[-48.80784,-25.59294],[-48.80697,-25.59219],[-48.80646,-25.59236],[-48.80625,-25.59285],[-48.80576,-25.59312],[-48.80574,-25.59447],[-48.80517,-25.59573],[-48.80518,-25.59657],[-48.80478,-25.59686],[-48.80423,-25.59824],[-48.80403,-25.5977],[-48.80387,-25.59765],[-48.80398,-25.59735],[-48.80371,-25.59612],[-48.80368,-25.59485],[-48.80341,-25.59428],[-48.80307,-25.5941],[-48.80223,-25.59436],[-48.80178,-25.59483],[-48.80158,-25.59451],[-48.8016,-25.59376],[-48.80125,-25.59377],[-48.80036,-25.59495],[-48.80021,-25.59491],[-48.8004,-25.59426],[-48.80033,-25.59365],[-48.80004,-25.5933],[-48.80025,-25.59315],[-48.80038,-25.5927],[-48.79998,-25.59206],[-48.80017,-25.59137],[-48.7999,-25.59063],[-48.80047,-25.59053],[-48.80075,-25.5903],[-48.80105,-25.58968],[-48.80103,-25.58926],[-48.8004,-25.58878],[-48.79886,-25.58896],[-48.79921,-25.58842],[-48.79895,-25.58795],[-48.79726,-25.58733],[-48.79813,-25.58615],[-48.79849,-25.58523],[-48.79844,-25.58497],[-48.79739,-25.58462],[-48.79657,-25.5848],[-48.79626,-25.58466],[-48.79471,-25.58529],[-48.79449,-25.58545],[-48.79431,-25.586],[-48.79396,-25.58547],[-48.79391,-25.58503],[-48.79357,-25.58474],[-48.79447,-25.58447],[-48.79514,-25.58304],[-48.79548,-25.58299],[-48.79632,-25.58225],[-48.79658,-25.58109],[-48.79617,-25.5804],[-48.79717,-25.58053],[-48.79822,-25.58043],[-48.7989,-25.58002],[-48.79942,-25.579],[-48.79932,-25.57867],[-48.79907,-25.57856],[-48.79954,-25.57806],[-48.80009,-25.57648],[-48.80004,-25.57616],[-48.79977,-25.57597],[-48.79968,-25.5753],[-48.79896,-25.57493],[-48.79915,-25.57431],[-48.79901,-25.57393],[-48.79869,-25.57372],[-48.79778,-25.5737],[-48.79814,-25.57322],[-48.79806,-25.57298],[-48.79704,-25.57277],[-48.79739,-25.57201],[-48.79725,-25.57162],[-48.79765,-25.57116],[-48.79734,-25.5706],[-48.79697,-25.57048],[-48.79525,-25.57085],[-48.79479,-25.57079],[-48.79539,-25.57016],[-48.79535,-25.56987],[-48.79479,-25.5693],[-48.79512,-25.56916],[-48.79518,-25.56879],[-48.79469,-25.56844],[-48.79511,-25.56798],[-48.79518,-25.56763],[-48.79505,-25.5664],[-48.79456,-25.56621],[-48.79382,-25.5663],[-48.7925,-25.56552],[-48.79122,-25.56553],[-48.79094,-25.56583],[-48.79061,-25.56708],[-48.79134,-25.56816],[-48.79021,-25.56809],[-48.78981,-25.56908],[-48.79092,-25.5698],[-48.79174,-25.57008],[-48.79101,-25.57027],[-48.79045,-25.57073],[-48.79037,-25.57124],[-48.79086,-25.5715],[-48.79029,-25.57174],[-48.78955,-25.57248],[-48.78946,-25.57233],[-48.78971,-25.57164],[-48.78801,-25.57186],[-48.78652,-25.57243],[-48.78563,-25.57257],[-48.78603,-25.57216],[-48.78595,-25.57167],[-48.78629,-25.57151],[-48.78668,-25.57083],[-48.78772,-25.57054],[-48.788,-25.57022],[-48.78694,-25.57012],[-48.78645,-25.56992],[-48.78611,-25.57008],[-48.78607,-25.56971],[-48.78558,-25.56931],[-48.78497,-25.56969],[-48.7842,-25.57117],[-48.78359,-25.57098],[-48.78318,-25.57111],[-48.78268,-25.57177],[-48.78266,-25.57221],[-48.78232,-25.57183],[-48.78186,-25.57176],[-48.78232,-25.57081],[-48.782,-25.57027],[-48.78026,-25.57023],[-48.77962,-25.57095],[-48.7795,-25.5706],[-48.7797,-25.56991],[-48.77945,-25.56942],[-48.77967,-25.56907],[-48.77946,-25.56882],[-48.77864,-25.56877],[-48.77735,-25.56965],[-48.77848,-25.56726],[-48.77816,-25.56679],[-48.77766,-25.56684],[-48.77749,-25.56657],[-48.77763,-25.56581],[-48.77739,-25.56555],[-48.77706,-25.56557],[-48.77644,-25.56601],[-48.7753,-25.56757],[-48.77445,-25.56705],[-48.77392,-25.56722],[-48.77263,-25.56703],[-48.77224,-25.56725],[-48.77191,-25.56794],[-48.77071,-25.56562],[-48.77009,-25.56546],[-48.76963,-25.56568],[-48.76911,-25.56632],[-48.76911,-25.56777],[-48.76828,-25.56764],[-48.76833,-25.56863],[-48.76781,-25.56835],[-48.76756,-25.56854],[-48.76716,-25.56814],[-48.76661,-25.56803],[-48.76612,-25.56819],[-48.7657,-25.56867],[-48.76557,-25.56817],[-48.76527,-25.56822],[-48.76543,-25.56753],[-48.76607,-25.56646],[-48.76542,-25.56528],[-48.76493,-25.56513],[-48.76393,-25.56536],[-48.76246,-25.56651],[-48.76247,-25.56561],[-48.76164,-25.5653],[-48.76237,-25.56498],[-48.76254,-25.56463],[-48.76208,-25.56412],[-48.76202,-25.5636],[-48.76177,-25.56323],[-48.76122,-25.5631],[-48.76069,-25.56332],[-48.7604,-25.56257],[-48.76013,-25.56241],[-48.75981,-25.56252],[-48.75958,-25.56299],[-48.75927,-25.56212],[-48.75993,-25.56162],[-48.76021,-25.56111],[-48.7601,-25.56093],[-48.75958,-25.56081],[-48.76018,-25.56019],[-48.76022,-25.55995],[-48.75996,-25.55956],[-48.76072,-25.55967],[-48.7611,-25.55935],[-48.76141,-25.56003],[-48.76298,-25.56024],[-48.76325,-25.55979],[-48.76295,-25.5592],[-48.76374,-25.55877],[-48.76373,-25.55779],[-48.76409,-25.55804],[-48.76455,-25.55889],[-48.76567,-25.55918],[-48.76633,-25.55878],[-48.76655,-25.5583],[-48.76601,-25.55741],[-48.76546,-25.55697],[-48.7654,-25.55658],[-48.76622,-25.55685],[-48.76673,-25.55641],[-48.76699,-25.55674],[-48.76736,-25.55684],[-48.76767,-25.55671],[-48.76794,-25.5564],[-48.76826,-25.55541],[-48.76809,-25.55498],[-48.76896,-25.555],[-48.76916,-25.55484],[-48.76887,-25.55431],[-48.77015,-25.55458],[-48.77027,-25.5547],[-48.77004,-25.55505],[-48.77016,-25.55523],[-48.77041,-25.55526],[-48.77123,-25.55462],[-48.77101,-25.55414],[-48.77058,-25.55399],[-48.77014,-25.5535],[-48.76887,-25.5531],[-48.76874,-25.5529],[-48.76959,-25.55233],[-48.7696,-25.55176],[-48.77001,-25.55051],[-48.77109,-25.5503],[-48.77318,-25.54837],[-48.77336,-25.54815],[-48.77329,-25.54793],[-48.7729,-25.54771],[-48.77216,-25.54777],[-48.77159,-25.54803],[-48.76995,-25.54946],[-48.76964,-25.54997],[-48.76825,-25.54956],[-48.76697,-25.54895],[-48.766,-25.54903],[-48.7647,-25.54878],[-48.76393,-25.54905],[-48.76345,-25.54896],[-48.76317,-25.54914],[-48.7631,-25.5494],[-48.7637,-25.55137],[-48.76434,-25.55222],[-48.7649,-25.55256],[-48.76433,-25.55305],[-48.76444,-25.55389],[-48.76386,-25.55368],[-48.76357,-25.55393],[-48.7635,-25.55433],[-48.76277,-25.55379],[-48.7623,-25.55387],[-48.76186,-25.55438],[-48.76177,-25.55477],[-48.7619,-25.55547],[-48.76223,-25.55587],[-48.76173,-25.55598],[-48.76092,-25.55588],[-48.76067,-25.556],[-48.7607,-25.5563],[-48.76019,-25.5562],[-48.75964,-25.55577],[-48.75917,-25.5567],[-48.75919,-25.55703],[-48.75896,-25.557],[-48.75812,-25.55626],[-48.75765,-25.55627],[-48.75726,-25.55647],[-48.75672,-25.55718],[-48.7563,-25.55825],[-48.75626,-25.55884],[-48.75659,-25.55947],[-48.75589,-25.55954],[-48.75439,-25.56083],[-48.75453,-25.5613],[-48.75495,-25.56158],[-48.75481,-25.56213],[-48.75513,-25.5625],[-48.75543,-25.56324],[-48.7557,-25.56346],[-48.75607,-25.56341],[-48.75656,-25.56391],[-48.75731,-25.56406],[-48.75632,-25.56486],[-48.75621,-25.56517],[-48.75514,-25.56616],[-48.75464,-25.56776],[-48.75494,-25.56894],[-48.75476,-25.56897],[-48.75388,-25.56831],[-48.75356,-25.56834],[-48.75312,-25.56886],[-48.75313,-25.56969],[-48.75218,-25.56885],[-48.75116,-25.56865],[-48.75091,-25.56894],[-48.75093,-25.56957],[-48.75048,-25.56895],[-48.74983,-25.56852],[-48.74925,-25.56837],[-48.74864,-25.56884],[-48.74837,-25.56927],[-48.74819,-25.5699],[-48.7483,-25.57106],[-48.74679,-25.57117],[-48.7471,-25.5703],[-48.7471,-25.56979],[-48.74688,-25.56976],[-48.74626,-25.57023],[-48.7453,-25.57021],[-48.74388,-25.57126],[-48.74282,-25.57137],[-48.74271,-25.57152],[-48.74274,-25.57294],[-48.74346,-25.57379],[-48.74222,-25.57436],[-48.74135,-25.57439],[-48.7408,-25.57566],[-48.73949,-25.5757],[-48.73892,-25.57633],[-48.7381,-25.57655],[-48.73768,-25.57696],[-48.73875,-25.57878],[-48.73711,-25.57897],[-48.73637,-25.58026],[-48.73541,-25.58107],[-48.73553,-25.58228],[-48.73608,-25.58284],[-48.73668,-25.58387],[-48.73744,-25.58411],[-48.73738,-25.58421],[-48.73623,-25.58452],[-48.73586,-25.58496],[-48.73508,-25.58505],[-48.73463,-25.58566],[-48.73456,-25.58603],[-48.73388,-25.58629],[-48.73372,-25.58673],[-48.73322,-25.58624],[-48.73217,-25.58603],[-48.7308,-25.58664],[-48.73071,-25.58715],[-48.7294,-25.58721],[-48.72854,-25.58663],[-48.72803,-25.58604],[-48.72704,-25.58564],[-48.72637,-25.58481],[-48.72598,-25.58457],[-48.72547,-25.58462],[-48.72484,-25.5851],[-48.72416,-25.5861],[-48.72455,-25.58693],[-48.72445,-25.58725],[-48.72478,-25.58782],[-48.72417,-25.5879],[-48.72365,-25.58867],[-48.72311,-25.58878],[-48.7223,-25.58924],[-48.72158,-25.59035],[-48.72124,-25.59045],[-48.72063,-25.59104],[-48.72056,-25.59064],[-48.72094,-25.58962],[-48.72042,-25.58943],[-48.72105,-25.58903],[-48.7217,-25.58798],[-48.72226,-25.58544],[-48.72196,-25.58449],[-48.72256,-25.58414],[-48.72263,-25.58368],[-48.72167,-25.58178],[-48.72083,-25.58146],[-48.72088,-25.58092],[-48.72073,-25.58069],[-48.71977,-25.58041],[-48.71909,-25.58108],[-48.71732,-25.58137],[-48.71705,-25.5812],[-48.71712,-25.58086],[-48.71682,-25.58045],[-48.71791,-25.58012],[-48.71837,-25.57933],[-48.71885,-25.57892],[-48.72116,-25.57812],[-48.72163,-25.5774],[-48.71943,-25.57745],[-48.71794,-25.57817],[-48.71721,-25.57825],[-48.71586,-25.57757],[-48.71507,-25.5776],[-48.71511,-25.57707],[-48.71569,-25.57522],[-48.71672,-25.57343],[-48.71683,-25.57222],[-48.71796,-25.57353],[-48.7193,-25.57459],[-48.72021,-25.57497],[-48.72107,-25.57497],[-48.72123,-25.57485],[-48.72133,-25.57434],[-48.72182,-25.57438],[-48.72231,-25.57407],[-48.72264,-25.57426],[-48.723,-25.57423],[-48.72365,-25.57366],[-48.724,-25.57303],[-48.72524,-25.57241],[-48.72485,-25.56867],[-48.72438,-25.56811],[-48.7244,-25.56735],[-48.72399,-25.56653],[-48.72373,-25.56616],[-48.7231,-25.56573],[-48.7237,-25.56503],[-48.72367,-25.56473],[-48.72437,-25.56431],[-48.72463,-25.56391],[-48.72488,-25.56293],[-48.72476,-25.56227],[-48.72426,-25.562],[-48.72358,-25.56191],[-48.72382,-25.56145],[-48.72384,-25.56079],[-48.72349,-25.56013],[-48.72416,-25.55993],[-48.72467,-25.56006],[-48.72564,-25.55999],[-48.72649,-25.55869],[-48.72738,-25.55775],[-48.72899,-25.55791],[-48.72946,-25.5577],[-48.72964,-25.55708],[-48.72959,-25.55587],[-48.73001,-25.55551],[-48.73075,-25.55523],[-48.7308,-25.55477],[-48.73107,-25.55438],[-48.73114,-25.55393],[-48.73092,-25.55327],[-48.73093,-25.55262],[-48.72964,-25.55157],[-48.72931,-25.55104],[-48.72894,-25.55101],[-48.7284,-25.55044],[-48.72783,-25.55029],[-48.72799,-25.54932],[-48.7279,-25.54895],[-48.7274,-25.54895],[-48.72699,-25.54916],[-48.72684,-25.54861],[-48.72711,-25.54819],[-48.72705,-25.54768],[-48.72682,-25.54745],[-48.72619,-25.54737],[-48.72578,-25.54711],[-48.72645,-25.5458],[-48.72697,-25.54543],[-48.72701,-25.54517],[-48.72663,-25.54492],[-48.72576,-25.54481],[-48.72521,-25.54514],[-48.72501,-25.54553],[-48.72446,-25.54539],[-48.72359,-25.54598],[-48.72216,-25.54626],[-48.72194,-25.54646],[-48.72204,-25.54775],[-48.72259,-25.54834],[-48.72224,-25.54937],[-48.72234,-25.54972],[-48.72259,-25.5499],[-48.72199,-25.55077],[-48.72209,-25.55185],[-48.72185,-25.55272],[-48.72191,-25.55322],[-48.72158,-25.554],[-48.72075,-25.55519],[-48.71952,-25.5563],[-48.71819,-25.55606],[-48.7176,-25.55572],[-48.71731,-25.55579],[-48.71687,-25.5564],[-48.71717,-25.55685],[-48.71716,-25.5573],[-48.71623,-25.55801],[-48.71609,-25.55987],[-48.71627,-25.56036],[-48.7158,-25.56064],[-48.71566,-25.56139],[-48.71549,-25.56153],[-48.71494,-25.56073],[-48.71385,-25.56028],[-48.7133,-25.55943],[-48.71293,-25.55916],[-48.71328,-25.55862],[-48.71264,-25.55706],[-48.71303,-25.55673],[-48.71254,-25.55595],[-48.71242,-25.5545],[-48.71252,-25.55366],[-48.71234,-25.5522],[-48.711,-25.55126],[-48.71041,-25.55003],[-48.71071,-25.54961],[-48.71066,-25.54929],[-48.70988,-25.54853],[-48.70926,-25.54816],[-48.70916,-25.54772],[-48.7092,-25.54732],[-48.70966,-25.54648],[-48.71039,-25.54556],[-48.71069,-25.54418],[-48.71151,-25.54333],[-48.71131,-25.54307],[-48.71022,-25.54256],[-48.709,-25.54124],[-48.70768,-25.54079],[-48.70801,-25.53959],[-48.70791,-25.53913],[-48.70767,-25.53896],[-48.70732,-25.53903],[-48.70668,-25.54032],[-48.70697,-25.54134],[-48.7067,-25.54259],[-48.7069,-25.54352],[-48.70676,-25.54378],[-48.70488,-25.54478],[-48.70329,-25.54496],[-48.7032,-25.54533],[-48.70435,-25.54644],[-48.70561,-25.54647],[-48.70706,-25.547],[-48.70743,-25.54738],[-48.70763,-25.54806],[-48.70837,-25.54825],[-48.70869,-25.5485],[-48.70854,-25.54925],[-48.70806,-25.54984],[-48.70782,-25.55071],[-48.70701,-25.55162],[-48.70728,-25.55253],[-48.70653,-25.55312],[-48.70707,-25.55465],[-48.70663,-25.55508],[-48.70574,-25.55539],[-48.70569,-25.55569],[-48.706,-25.5564],[-48.70529,-25.557],[-48.70515,-25.55736],[-48.7053,-25.55766],[-48.70566,-25.55776],[-48.70684,-25.55763],[-48.70696,-25.55822],[-48.70724,-25.55851],[-48.70697,-25.55903],[-48.70712,-25.55951],[-48.70615,-25.56039],[-48.70624,-25.56109],[-48.70592,-25.56178],[-48.70613,-25.56257],[-48.70591,-25.5633],[-48.70654,-25.5641],[-48.70627,-25.56451],[-48.70576,-25.56487],[-48.70552,-25.56606],[-48.70563,-25.56665],[-48.70615,-25.56708],[-48.70552,-25.56781],[-48.70538,-25.56855],[-48.70566,-25.56963],[-48.70592,-25.56989],[-48.7058,-25.57018],[-48.7059,-25.57094],[-48.70517,-25.57238],[-48.70558,-25.57304],[-48.70492,-25.57365],[-48.70471,-25.57437],[-48.70478,-25.57492],[-48.70376,-25.57632],[-48.70359,-25.57687],[-48.70379,-25.57741],[-48.70327,-25.57805],[-48.70337,-25.57877],[-48.70279,-25.57978],[-48.70253,-25.57957],[-48.7023,-25.5796],[-48.70167,-25.58038],[-48.70135,-25.57989],[-48.70121,-25.57911],[-48.70095,-25.57883],[-48.70051,-25.57899],[-48.70003,-25.57954],[-48.69931,-25.57866],[-48.69925,-25.57739],[-48.69934,-25.57662],[-48.69961,-25.57605],[-48.69953,-25.57573],[-48.69918,-25.57561],[-48.69847,-25.57591],[-48.69754,-25.57556],[-48.69713,-25.57559],[-48.69704,-25.5755],[-48.69734,-25.57499],[-48.69728,-25.57476],[-48.69646,-25.5744],[-48.6966,-25.57393],[-48.69702,-25.57353],[-48.69706,-25.5731],[-48.69737,-25.57262],[-48.69717,-25.57217],[-48.6969,-25.57204],[-48.69704,-25.57183],[-48.69752,-25.57181],[-48.69803,-25.5722],[-48.69825,-25.5722],[-48.69893,-25.57123],[-48.69875,-25.57099],[-48.69781,-25.57077],[-48.69773,-25.56986],[-48.69735,-25.56959],[-48.6975,-25.56936],[-48.69818,-25.56901],[-48.69818,-25.56885],[-48.69748,-25.56887],[-48.69731,-25.56863],[-48.69811,-25.56812],[-48.69814,-25.56793],[-48.69779,-25.56771],[-48.69823,-25.56739],[-48.6981,-25.56694],[-48.69786,-25.56682],[-48.69605,-25.56681],[-48.69587,-25.56666],[-48.69711,-25.56565],[-48.6972,-25.56501],[-48.69704,-25.56452],[-48.69669,-25.56433],[-48.69541,-25.56461],[-48.69537,-25.56419],[-48.696,-25.56358],[-48.69625,-25.56308],[-48.69578,-25.56217],[-48.69475,-25.56177],[-48.69427,-25.56287],[-48.69368,-25.56323],[-48.6934,-25.56361],[-48.69328,-25.56557],[-48.69252,-25.56581],[-48.69204,-25.56673],[-48.69168,-25.56641],[-48.69112,-25.56641],[-48.69112,-25.56479],[-48.69082,-25.56445],[-48.69037,-25.5643],[-48.68994,-25.56374],[-48.68911,-25.56352],[-48.68921,-25.56274],[-48.68903,-25.56223],[-48.68748,-25.56088],[-48.68517,-25.56063],[-48.68438,-25.55951],[-48.68389,-25.55913],[-48.68556,-25.55695],[-48.68626,-25.5555],[-48.68733,-25.55493],[-48.68738,-25.55415],[-48.68658,-25.552],[-48.68514,-25.55067],[-48.6822,-25.54948],[-48.68129,-25.54836],[-48.68037,-25.54826],[-48.67929,-25.54892],[-48.67875,-25.54963],[-48.67804,-25.54972],[-48.67759,-25.55008],[-48.67749,-25.55046],[-48.67766,-25.55219],[-48.67622,-25.55243],[-48.67587,-25.55268],[-48.67564,-25.55315],[-48.67559,-25.5539],[-48.67379,-25.55386],[-48.67306,-25.55403],[-48.67286,-25.55449],[-48.67303,-25.55547],[-48.6725,-25.55592],[-48.67235,-25.55645],[-48.67134,-25.55728],[-48.67059,-25.55702],[-48.67004,-25.55747],[-48.66977,-25.55815],[-48.67006,-25.55899],[-48.66975,-25.55996],[-48.6692,-25.56048],[-48.66922,-25.56092],[-48.6694,-25.5611],[-48.66923,-25.56129],[-48.66816,-25.56108],[-48.66762,-25.56154],[-48.66698,-25.56154],[-48.66595,-25.56252],[-48.6657,-25.56305],[-48.66575,-25.56352],[-48.66562,-25.56357],[-48.66482,-25.56313],[-48.66423,-25.56312],[-48.66366,-25.56204],[-48.66335,-25.56178],[-48.66281,-25.56168],[-48.6623,-25.56194],[-48.66177,-25.56296],[-48.66167,-25.56331],[-48.66178,-25.564],[-48.66135,-25.56525],[-48.66166,-25.5658],[-48.66216,-25.56596],[-48.66239,-25.56666],[-48.66286,-25.56702],[-48.66259,-25.56751],[-48.66278,-25.56822],[-48.66208,-25.56853],[-48.66198,-25.56875],[-48.66212,-25.56935],[-48.66166,-25.56883],[-48.66007,-25.56783],[-48.65814,-25.56448],[-48.65768,-25.56291],[-48.65679,-25.56217],[-48.65515,-25.56221],[-48.65364,-25.56378],[-48.65328,-25.56394],[-48.65342,-25.56321],[-48.65333,-25.56266],[-48.65393,-25.56191],[-48.65381,-25.56135],[-48.6534,-25.56046],[-48.65267,-25.56006],[-48.65241,-25.55957],[-48.6519,-25.55917],[-48.65079,-25.55934],[-48.64893,-25.56014],[-48.64865,-25.56047],[-48.6485,-25.56108],[-48.64796,-25.56163],[-48.64547,-25.56277],[-48.64502,-25.56317],[-48.64441,-25.56435],[-48.64471,-25.56493],[-48.64464,-25.56511],[-48.64389,-25.5659],[-48.64409,-25.56643],[-48.64333,-25.56703],[-48.64232,-25.56743],[-48.64187,-25.56799],[-48.64146,-25.56917],[-48.64039,-25.57007],[-48.63959,-25.57033],[-48.63663,-25.57054],[-48.63583,-25.57083],[-48.63497,-25.57137],[-48.6342,-25.57034],[-48.63303,-25.57036],[-48.6327,-25.57053],[-48.63231,-25.57104],[-48.63205,-25.57292],[-48.63285,-25.57417],[-48.6342,-25.57511],[-48.63597,-25.5752],[-48.63892,-25.57409],[-48.63977,-25.57301],[-48.64008,-25.57311],[-48.64093,-25.57295],[-48.64191,-25.57318],[-48.64204,-25.57346],[-48.64246,-25.57337],[-48.64174,-25.57465],[-48.64183,-25.57517],[-48.64266,-25.57556],[-48.64308,-25.57545],[-48.6438,-25.57494],[-48.64396,-25.57593],[-48.64443,-25.57664],[-48.64524,-25.57666],[-48.64691,-25.57635],[-48.64687,-25.57662],[-48.64713,-25.57691],[-48.64634,-25.57773],[-48.64473,-25.57815],[-48.64451,-25.57841],[-48.64442,-25.57904],[-48.64341,-25.57915],[-48.64302,-25.5798],[-48.6427,-25.58001],[-48.64168,-25.57956],[-48.6402,-25.57988],[-48.6399,-25.57977],[-48.63993,-25.5794],[-48.63973,-25.57916],[-48.63868,-25.57874],[-48.63862,-25.57801],[-48.63828,-25.5777],[-48.63739,-25.57789],[-48.6369,-25.57838],[-48.63664,-25.57907],[-48.6368,-25.57991],[-48.63673,-25.58046],[-48.63723,-25.58162],[-48.63686,-25.58221],[-48.63688,-25.58255],[-48.63798,-25.58323],[-48.63814,-25.58355],[-48.63719,-25.58406],[-48.63642,-25.58417],[-48.63617,-25.58521],[-48.63622,-25.58566],[-48.63679,-25.58611],[-48.6392,-25.58734],[-48.6395,-25.58779],[-48.6393,-25.58803],[-48.63915,-25.58911],[-48.63899,-25.58933],[-48.63847,-25.588],[-48.63788,-25.58774],[-48.63669,-25.58853],[-48.63668,-25.5892],[-48.63645,-25.58951],[-48.63639,-25.59007],[-48.63699,-25.59091],[-48.63752,-25.59094],[-48.63761,-25.59115],[-48.63757,-25.59132],[-48.63664,-25.59187],[-48.6367,-25.59304],[-48.63702,-25.59351],[-48.63623,-25.59449],[-48.63605,-25.5946],[-48.63573,-25.59387],[-48.63471,-25.59393],[-48.63428,-25.59318],[-48.63387,-25.59311],[-48.63133,-25.59391],[-48.63066,-25.59444],[-48.63064,-25.59486],[-48.63094,-25.59552],[-48.63211,-25.59646],[-48.63213,-25.59776],[-48.63265,-25.59802],[-48.63291,-25.59892],[-48.63363,-25.59968],[-48.63344,-25.6007],[-48.63317,-25.60072],[-48.63244,-25.59969],[-48.63104,-25.59979],[-48.63079,-25.59914],[-48.62935,-25.59883],[-48.62902,-25.59969],[-48.63046,-25.60092],[-48.63081,-25.60143],[-48.62989,-25.60115],[-48.62962,-25.60128],[-48.62947,-25.60154],[-48.62952,-25.6024],[-48.62926,-25.6027],[-48.6246,-25.60118],[-48.62326,-25.60126],[-48.6104,-25.59298],[-48.60785,-25.59334],[-48.60828,-25.59373],[-48.60797,-25.59555],[-48.60814,-25.59635],[-48.6087,-25.59737],[-48.60973,-25.59829],[-48.60978,-25.59882],[-48.60892,-25.59971],[-48.60762,-25.60017],[-48.60703,-25.6011],[-48.60613,-25.60208],[-48.60595,-25.60253],[-48.60413,-25.60368],[-48.60338,-25.60465],[-48.60341,-25.60577],[-48.60394,-25.60742],[-48.60369,-25.60803],[-48.60364,-25.60881],[-48.60545,-25.6111],[-48.60556,-25.6115],[-48.60376,-25.61563],[-48.60285,-25.61567],[-48.60275,-25.61584],[-48.60299,-25.61761],[-48.59916,-25.62628],[-48.59717,-25.62734],[-48.59644,-25.62797],[-48.59602,-25.62887],[-48.59562,-25.62988],[-48.59598,-25.63003],[-48.59658,-25.62988],[-48.59703,-25.63023],[-48.59725,-25.63073],[-48.59346,-25.63937],[-48.59324,-25.64032],[-48.59189,-25.6429],[-48.58989,-25.64732],[-48.58831,-25.6481],[-48.58736,-25.64914],[-48.58704,-25.65037],[-48.58661,-25.65113],[-48.58514,-25.653],[-48.58487,-25.65427],[-48.58407,-25.65587],[-48.58403,-25.65606],[-48.58445,-25.65689],[-48.58452,-25.65756],[-48.5839,-25.65939],[-48.583,-25.66039],[-48.58304,-25.66094],[-48.58282,-25.6618],[-48.58351,-25.66335],[-48.58368,-25.66658],[-48.58324,-25.67008],[-48.58343,-25.67069],[-48.58323,-25.67332],[-48.58323,-25.67681],[-48.58241,-25.67722],[-48.58111,-25.67836],[-48.58091,-25.67845],[-48.5804,-25.67811],[-48.57985,-25.67848],[-48.57923,-25.67929],[-48.57691,-25.68038],[-48.57347,-25.6802],[-48.56924,-25.68246],[-48.56897,-25.68299],[-48.5689,-25.68398],[-48.56902,-25.6843],[-48.56928,-25.68446],[-48.5703,-25.68455],[-48.57074,-25.68499],[-48.57091,-25.68561],[-48.57079,-25.68604],[-48.57105,-25.68633],[-48.57176,-25.68662],[-48.5735,-25.69086],[-48.57402,-25.6918],[-48.57428,-25.69164],[-48.57446,-25.69172],[-48.57291,-25.69909],[-48.57266,-25.7016],[-48.57334,-25.70255],[-48.57384,-25.70295],[-48.57496,-25.7028],[-48.57668,-25.70484],[-48.57692,-25.70531],[-48.57698,-25.70962],[-48.57751,-25.71222],[-48.58569,-25.72447],[-48.58551,-25.72455],[-48.58744,-25.72838],[-48.58875,-25.73062],[-48.59065,-25.73297],[-48.59077,-25.73527],[-48.59037,-25.73753],[-48.59078,-25.73902],[-48.59056,-25.74038],[-48.59112,-25.74137],[-48.59125,-25.74226],[-48.59177,-25.74339],[-48.59379,-25.74412],[-48.59436,-25.74506],[-48.59455,-25.74567],[-48.59504,-25.74626],[-48.5952,-25.7473],[-48.59605,-25.74853],[-48.59576,-25.74927],[-48.59673,-25.74969],[-48.59666,-25.7518],[-48.59701,-25.75237],[-48.59699,-25.75293],[-48.59741,-25.75459],[-48.59709,-25.75518],[-48.59661,-25.75552],[-48.59519,-25.75596],[-48.59504,-25.75619],[-48.59468,-25.75813],[-48.59508,-25.75983],[-48.5888,-25.7653],[-48.58738,-25.76677],[-48.58669,-25.76804],[-48.58611,-25.77192],[-48.58361,-25.77743],[-48.58207,-25.77992],[-48.5807,-25.78055],[-48.57847,-25.78059],[-48.57768,-25.78044],[-48.57315,-25.77845],[-48.56945,-25.7781],[-48.56896,-25.77816],[-48.56854,-25.77851],[-48.56792,-25.78062],[-48.56801,-25.78261],[-48.57,-25.78845],[-48.57078,-25.79121],[-48.57067,-25.79184],[-48.56808,-25.79581],[-48.56954,-25.79592],[-48.57024,-25.79646],[-48.56983,-25.79649],[-48.56946,-25.79703],[-48.56917,-25.79694],[-48.56806,-25.79718],[-48.5674,-25.79781],[-48.56709,-25.79769],[-48.56638,-25.79828],[-48.56559,-25.79829],[-48.56522,-25.79754],[-48.56455,-25.79717],[-48.56218,-25.79705],[-48.55996,-25.79843],[-48.55932,-25.79868],[-48.5586,-25.79867],[-48.55682,-25.79956],[-48.55665,-25.80014],[-48.55687,-25.8011],[-48.55715,-25.80157],[-48.55701,-25.80217],[-48.55726,-25.8027],[-48.55718,-25.80301],[-48.55778,-25.80328],[-48.55716,-25.80354],[-48.55608,-25.80333],[-48.55495,-25.8038],[-48.55475,-25.80425],[-48.55492,-25.80538],[-48.55618,-25.80696],[-48.55567,-25.8073],[-48.55472,-25.80898],[-48.55355,-25.80925],[-48.55305,-25.80953],[-48.55278,-25.81053],[-48.55288,-25.81069],[-48.55345,-25.81073],[-48.55363,-25.81161],[-48.55497,-25.81218],[-48.55546,-25.8126],[-48.55665,-25.81264],[-48.55804,-25.81231],[-48.55869,-25.8125],[-48.55817,-25.813],[-48.55794,-25.81446],[-48.55736,-25.81451],[-48.55702,-25.8156],[-48.55626,-25.81581],[-48.55546,-25.81645],[-48.55511,-25.81685],[-48.55501,-25.81726],[-48.55448,-25.81761],[-48.55445,-25.81794],[-48.55284,-25.81764],[-48.55257,-25.81792],[-48.55245,-25.8184],[-48.55225,-25.81841],[-48.54951,-25.81663],[-48.54838,-25.81626],[-48.54594,-25.81647],[-48.54245,-25.81626],[-48.54212,-25.8168],[-48.54275,-25.8177],[-48.54242,-25.81855],[-48.54236,-25.81937],[-48.54272,-25.81993],[-48.54382,-25.8205],[-48.54419,-25.82144],[-48.54444,-25.82167],[-48.54605,-25.82253],[-48.54647,-25.82301],[-48.54704,-25.82311],[-48.54707,-25.8227],[-48.54727,-25.82257],[-48.54854,-25.82269],[-48.54935,-25.8223],[-48.55039,-25.82222],[-48.55088,-25.82182],[-48.55154,-25.82193],[-48.55238,-25.82297],[-48.5522,-25.82327],[-48.5523,-25.82344],[-48.55262,-25.82347],[-48.55297,-25.82297],[-48.55459,-25.82379],[-48.55443,-25.82434],[-48.55483,-25.82466],[-48.55476,-25.82511],[-48.55531,-25.82577],[-48.55523,-25.82703],[-48.55586,-25.82788],[-48.55669,-25.82819],[-48.55804,-25.82768],[-48.55862,-25.82796],[-48.55861,-25.82842],[-48.55822,-25.82918],[-48.55702,-25.82955],[-48.55567,-25.83102],[-48.55456,-25.8316],[-48.55422,-25.83104],[-48.55394,-25.83109],[-48.55253,-25.83203],[-48.55256,-25.83223],[-48.55285,-25.83225],[-48.55356,-25.83198],[-48.55418,-25.83197],[-48.55434,-25.83224],[-48.55417,-25.8327],[-48.55429,-25.8329],[-48.55457,-25.83297],[-48.55487,-25.83334],[-48.55476,-25.8336],[-48.55487,-25.8338],[-48.55548,-25.83403],[-48.55606,-25.83491],[-48.55568,-25.83548],[-48.55579,-25.83629],[-48.55365,-25.8387],[-48.55426,-25.8393],[-48.55311,-25.83946],[-48.55274,-25.83984],[-48.55235,-25.83982],[-48.55223,-25.83917],[-48.55145,-25.83869],[-48.55084,-25.83758],[-48.54974,-25.83763],[-48.54915,-25.8381],[-48.54896,-25.83901],[-48.54771,-25.8412],[-48.5444,-25.84238],[-48.54376,-25.84286],[-48.54355,-25.84374],[-48.54416,-25.84549],[-48.54481,-25.84643],[-48.54528,-25.84675],[-48.54657,-25.84706],[-48.54754,-25.84803],[-48.54766,-25.84842],[-48.54821,-25.84891],[-48.54822,-25.84983],[-48.54886,-25.85059],[-48.54864,-25.85064],[-48.54865,-25.85082],[-48.54951,-25.85184],[-48.54981,-25.85198],[-48.55085,-25.85202],[-48.55148,-25.85171],[-48.55352,-25.85241],[-48.55481,-25.85255],[-48.55479,-25.85227],[-48.55414,-25.85202],[-48.55407,-25.85137],[-48.55384,-25.85096],[-48.55384,-25.8504],[-48.55453,-25.84983],[-48.55556,-25.84929],[-48.55583,-25.84872],[-48.55682,-25.84854],[-48.55757,-25.84854],[-48.55757,-25.84874],[-48.55803,-25.849],[-48.55811,-25.84938],[-48.55859,-25.84936],[-48.5595,-25.85011],[-48.56176,-25.85061],[-48.56257,-25.85057],[-48.56304,-25.8509],[-48.56296,-25.85133],[-48.56316,-25.85198],[-48.56446,-25.8541],[-48.56522,-25.85604],[-48.56596,-25.85645],[-48.56718,-25.85624],[-48.56836,-25.86219],[-48.56875,-25.86241],[-48.56939,-25.86226],[-48.56965,-25.86238],[-48.56943,-25.86313],[-48.5697,-25.86397],[-48.56964,-25.86567],[-48.57099,-25.86619],[-48.57136,-25.86573],[-48.57157,-25.86589],[-48.57122,-25.86643],[-48.57137,-25.86652],[-48.57236,-25.86646],[-48.57327,-25.8669],[-48.57331,-25.8672],[-48.57362,-25.86714],[-48.57423,-25.86735],[-48.57435,-25.86767],[-48.5754,-25.86798],[-48.57548,-25.869],[-48.57511,-25.8707],[-48.57534,-25.87113],[-48.57536,-25.87168],[-48.57568,-25.872],[-48.57572,-25.87249],[-48.5761,-25.87264],[-48.57679,-25.87252],[-48.57792,-25.8732],[-48.5778,-25.87347],[-48.57812,-25.87324],[-48.57876,-25.87352],[-48.57858,-25.87372],[-48.57889,-25.8739],[-48.57918,-25.87365],[-48.58006,-25.87397],[-48.58037,-25.87378],[-48.58084,-25.87384],[-48.58149,-25.87414],[-48.58178,-25.87382],[-48.58188,-25.87386],[-48.58177,-25.87421],[-48.58255,-25.87466],[-48.58313,-25.87459],[-48.58405,-25.87482],[-48.58512,-25.8747],[-48.58656,-25.87496],[-48.58791,-25.87488],[-48.58822,-25.87495],[-48.58848,-25.87532],[-48.58923,-25.87543],[-48.59511,-25.87487],[-48.59589,-25.87453],[-48.59734,-25.87437],[-48.5985,-25.874],[-48.59962,-25.87415],[-48.60009,-25.87397],[-48.6013,-25.87389],[-48.60218,-25.87399],[-48.60579,-25.87378],[-48.61156,-25.87321],[-48.6143,-25.87283],[-48.61745,-25.87214],[-48.62058,-25.87258],[-48.62175,-25.873],[-48.58034,-25.90638],[-48.59693,-25.94626],[-48.59681,-25.94644],[-48.59706,-25.94658],[-48.60167,-25.95766],[-48.59123,-25.9767],[-48.59952,-25.97611],[-48.60007,-25.97692],[-48.60055,-25.97914],[-48.60062,-25.98016],[-48.60091,-25.98059],[-48.60146,-25.98075],[-48.60334,-25.97992],[-48.60426,-25.97971],[-48.60518,-25.97986],[-48.60669,-25.98065],[-48.60744,-25.98073],[-48.60837,-25.9802],[-48.60953,-25.97914],[-48.61014,-25.97897],[-48.61104,-25.97901],[-48.61141,-25.97936],[-48.61138,-25.98074],[-48.61057,-25.9817],[-48.60909,-25.98281],[-48.60889,-25.98321],[-48.60901,-25.98363],[-48.60929,-25.98389],[-48.61022,-25.98405],[-48.61175,-25.9834],[-48.6131,-25.98361],[-48.61331,-25.98343],[-48.61357,-25.98273],[-48.61338,-25.98143],[-48.61394,-25.98101],[-48.6147,-25.98084],[-48.61656,-25.98101],[-48.61788,-25.98083],[-48.61856,-25.9809],[-48.62025,-25.98207],[-48.62095,-25.98203],[-48.62143,-25.98122],[-48.62165,-25.98005],[-48.6216,-25.97975],[-48.62049,-25.97861],[-48.62093,-25.976],[-48.62055,-25.97476],[-48.62108,-25.97418],[-48.6217,-25.97412],[-48.62238,-25.97469],[-48.6233,-25.97669],[-48.62423,-25.97743],[-48.62913,-25.9781],[-48.63032,-25.97806],[-48.63211,-25.97763],[-48.63342,-25.97771],[-48.63377,-25.97759],[-48.63408,-25.97715],[-48.63421,-25.97641],[-48.63386,-25.97396],[-48.6337,-25.97362],[-48.63262,-25.97277],[-48.63253,-25.97211],[-48.63277,-25.97117],[-48.63345,-25.96979],[-48.63399,-25.96925],[-48.6347,-25.96899],[-48.63655,-25.96913],[-48.63798,-25.96885],[-48.64002,-25.96734],[-48.6402,-25.96684],[-48.64005,-25.96528],[-48.63982,-25.96478],[-48.63852,-25.96353],[-48.63766,-25.96203],[-48.63776,-25.96099],[-48.63888,-25.95932],[-48.64009,-25.95848],[-48.64133,-25.95826],[-48.64193,-25.95795],[-48.64361,-25.95584],[-48.64397,-25.95568],[-48.64631,-25.95595],[-48.64693,-25.95617],[-48.64806,-25.95672],[-48.64945,-25.95782],[-48.6505,-25.959],[-48.65104,-25.9614],[-48.65185,-25.96307],[-48.65246,-25.96373],[-48.65428,-25.96486],[-48.65588,-25.96635],[-48.65761,-25.96698],[-48.6598,-25.96819],[-48.66049,-25.96843],[-48.66194,-25.96847],[-48.6624,-25.96865],[-48.66253,-25.96935],[-48.66222,-25.97147],[-48.66247,-25.97327],[-48.66272,-25.97385],[-48.66359,-25.97472],[-48.66554,-25.97551],[-48.66665,-25.97628],[-48.66919,-25.97937],[-48.66977,-25.9794],[-48.67057,-25.97915],[-48.67311,-25.97784],[-48.67665,-25.97772],[-48.67789,-25.97873],[-48.67873,-25.97967],[-48.68054,-25.98091],[-48.68415,-25.98154],[-48.69367,-25.98252],[-48.70921,-25.9833],[-48.7164,-25.98344],[-48.71998,-25.98368],[-48.72537,-25.98368],[-48.72955,-25.98349],[-48.73312,-25.98304],[-48.74029,-25.98286],[-48.74326,-25.98257],[-48.74925,-25.98255],[-48.74986,-25.98283],[-48.75143,-25.98296],[-48.9607,-25.98135],[-48.95043,-25.99049],[-48.95118,-25.99038],[-48.95194,-25.99076],[-48.9535,-25.99115],[-48.95419,-25.99156],[-48.95573,-25.99211],[-48.95653,-25.99279],[-48.95784,-25.99327],[-48.95849,-25.99328],[-48.95939,-25.99266],[-48.95933,-25.99227],[-48.95985,-25.9911],[-48.96043,-25.9909],[-48.96152,-25.99124],[-48.96212,-25.99103],[-48.96229,-25.99082],[-48.96231,-25.99048],[-48.96199,-25.99001],[-48.96156,-25.98866],[-48.96226,-25.98574],[-48.96224,-25.98435],[-48.96242,-25.98392],[-48.96274,-25.98384],[-48.96347,-25.98443],[-48.96564,-25.98456],[-48.96603,-25.98539],[-48.9669,-25.98624],[-48.96963,-25.98723],[-48.96982,-25.98746],[-48.97066,-25.98764],[-48.97195,-25.98827],[-48.97283,-25.9885],[-48.97436,-25.98958],[-48.97475,-25.98954],[-48.97574,-25.98981],[-48.97634,-25.98937],[-48.97733,-25.98935],[-48.97787,-25.98912],[-48.97937,-25.9889],[-48.98002,-25.98958],[-48.98005,-25.99002],[-48.97983,-25.99042],[-48.97998,-25.99073],[-48.97995,-25.99137],[-48.97976,-25.99179],[-48.9804,-25.99214],[-48.98049,-25.99252],[-48.98005,-25.99318],[-48.98049,-25.99499],[-48.98041,-25.9955],[-48.9805,-25.99572],[-48.98163,-25.99613],[-48.98138,-25.99715],[-48.9811,-25.99748],[-48.98113,-25.998],[-48.98172,-25.99862],[-48.98238,-25.99982],[-48.98264,-26.00002],[-48.98371,-25.99977],[-48.98399,-26.0],[-48.98512,-26.00032],[-48.98655,-26.00043],[-48.98673,-26.0006],[-48.98666,-26.00106],[-48.98534,-26.0018],[-48.98494,-26.00221],[-48.98469,-26.0027],[-48.98472,-26.00378],[-48.98645,-26.00411],[-48.98746,-26.00466],[-48.98806,-26.00459],[-48.98897,-26.00389],[-48.98956,-26.00378],[-48.99008,-26.00403],[-48.99054,-26.00438],[-48.99222,-26.00662],[-48.9928,-26.00675],[-48.99425,-26.00847],[-48.99475,-26.00877],[-48.99774,-26.00881],[-48.99822,-26.00914],[-48.99863,-26.01015],[-48.99925,-26.01108],[-48.99971,-26.01142],[-49.00077,-26.01092],[-49.00119,-26.01053],[-49.00124,-26.01013],[-49.00173,-26.01045],[-49.00286,-26.01081],[-49.00405,-26.0108],[-49.00461,-26.01101],[-49.00539,-26.01236],[-49.00626,-26.01446],[-49.00706,-26.01527],[-49.00825,-26.01539],[-49.0093,-26.01488],[-49.01025,-26.01351],[-49.01071,-26.01316],[-49.01169,-26.01253],[-49.01278,-26.01209],[-49.01308,-26.01162],[-49.01292,-26.01055],[-49.0134,-26.01022],[-49.01461,-26.01142],[-49.01518,-26.01236],[-49.01578,-26.01233],[-49.01586,-26.01179],[-49.01568,-26.01128],[-49.0158,-26.01074],[-49.01739,-26.00915],[-49.01728,-26.00862],[-49.01676,-26.00835],[-49.01677,-26.0078],[-49.01622,-26.00759],[-49.01507,-26.00791],[-49.01461,-26.00756],[-49.0139,-26.00608],[-49.014,-26.00554],[-49.01443,-26.00453],[-49.01449,-26.00399],[-49.01545,-26.00201],[-49.01588,-26.00164],[-49.01705,-26.00145],[-49.01697,-26.00057],[-49.01654,-26.00009],[-49.01707,-25.99989],[-49.01727,-25.99947],[-49.01781,-25.99988],[-49.01846,-25.99974],[-49.01873,-26.00096],[-49.01929,-26.00134],[-49.02034,-26.00124],[-49.02053,-26.00028],[-49.02016,-25.99989],[-49.01992,-25.99929],[-49.01906,-25.99858],[-49.01842,-25.99739],[-49.02041,-25.99781],[-49.0212,-25.99766],[-49.02181,-25.9972],[-49.0215,-25.99574],[-49.02012,-25.99502],[-49.01968,-25.99508],[-49.01945,-25.99451],[-49.01991,-25.99405],[-49.0213,-25.99392],[-49.02213,-25.99446],[-49.0225,-25.99515],[-49.02275,-25.99531],[-49.02507,-25.99527],[-49.02538,-25.99525],[-49.02573,-25.99498],[-49.02598,-25.99429],[-49.0265,-25.9939],[-49.02659,-25.9947],[-49.0272,-25.99536],[-49.02714,-25.99567],[-49.02749,-25.99618],[-49.0272,-25.99729],[-49.02735,-25.99747],[-49.02819,-25.9977],[-49.02845,-25.99714],[-49.02903,-25.99648],[-49.02976,-25.99646],[-49.03041,-25.99676],[-49.03062,-25.99667],[-49.03103,-25.99579],[-49.03062,-25.99494],[-49.03015,-25.99467],[-49.02996,-25.99396],[-49.02873,-25.99373],[-49.02918,-25.99319],[-49.02906,-25.99281],[-49.02958,-25.99258],[-49.02979,-25.99311],[-49.03044,-25.9934],[-49.03231,-25.99303],[-49.03246,-25.99362],[-49.0323,-25.9944],[-49.03247,-25.99481],[-49.03324,-25.99399],[-49.03395,-25.99372],[-49.0342,-25.99392],[-49.03382,-25.99435],[-49.03386,-25.99487],[-49.03436,-25.99528],[-49.0348,-25.99522],[-49.03526,-25.99574],[-49.0361,-25.99569],[-49.03708,-25.99595],[-49.03748,-25.99583],[-49.0378,-25.99537],[-49.03867,-25.9949],[-49.03904,-25.99502],[-49.03978,-25.9943],[-49.03978,-25.99357],[-49.03938,-25.99321],[-49.039,-25.99334],[-49.0386,-25.99389],[-49.03754,-25.99389],[-49.03678,-25.99413],[-49.03646,-25.99398],[-49.03644,-25.99343],[-49.03567,-25.99312],[-49.03628,-25.99252],[-49.03664,-25.9916],[-49.0365,-25.99084],[-49.03618,-25.99029],[-49.03688,-25.9896],[-49.0361,-25.98913],[-49.03571,-25.98913],[-49.03431,-25.98993],[-49.03415,-25.99021],[-49.03422,-25.99043],[-49.03368,-25.99124],[-49.03317,-25.9913],[-49.03268,-25.99196],[-49.03263,-25.99053],[-49.03168,-25.98995],[-49.03219,-25.98924],[-49.03207,-25.98842],[-49.03131,-25.98819],[-49.03111,-25.9877],[-49.03094,-25.98767],[-49.03006,-25.9885],[-49.03005,-25.98889],[-49.03059,-25.98925],[-49.03016,-25.98969],[-49.03015,-25.98989],[-49.0289,-25.99011],[-49.02759,-25.99136],[-49.02746,-25.99102],[-49.02851,-25.98851],[-49.02838,-25.98812],[-49.02788,-25.98789],[-49.02682,-25.98824],[-49.02657,-25.98862],[-49.02649,-25.9892],[-49.02578,-25.98938],[-49.02557,-25.98958],[-49.02563,-25.98991],[-49.02599,-25.99024],[-49.02609,-25.99161],[-49.02517,-25.99136],[-49.02485,-25.99102],[-49.02463,-25.991],[-49.02428,-25.99128],[-49.02421,-25.99188],[-49.02385,-25.99209],[-49.02331,-25.99272],[-49.02328,-25.99229],[-49.02284,-25.99194],[-49.02292,-25.99123],[-49.02234,-25.99009],[-49.02293,-25.98961],[-49.02352,-25.9888],[-49.02348,-25.98746],[-49.02276,-25.98685],[-49.02477,-25.98548],[-49.02446,-25.98397],[-49.02528,-25.98366],[-49.0256,-25.98293],[-49.02519,-25.98205],[-49.02482,-25.9817],[-49.02105,-25.97944],[-49.01992,-25.9784],[-49.01985,-25.97799],[-49.01958,-25.97764],[-49.0191,-25.97741],[-49.01862,-25.97732],[-49.01827,-25.97744],[-49.01783,-25.97792],[-49.01611,-25.97793],[-49.01329,-25.97692],[-49.0128,-25.97705],[-49.01254,-25.97683],[-49.01107,-25.9765],[-49.00984,-25.97712],[-49.00889,-25.97722],[-49.0085,-25.97756],[-49.00825,-25.97827],[-49.0078,-25.97707],[-49.00732,-25.97715],[-49.00709,-25.97754],[-49.00697,-25.97728],[-49.00713,-25.97676],[-49.00811,-25.97606],[-49.00815,-25.97572],[-49.00718,-25.97524],[-49.00511,-25.97462],[-49.00341,-25.97442],[-49.00257,-25.97387],[-49.00022,-25.97326],[-49.00143,-25.97294],[-49.002,-25.97331],[-49.00419,-25.97411],[-49.00644,-25.97411],[-49.00672,-25.97369],[-49.00662,-25.97243],[-49.00638,-25.97204],[-49.00641,-25.9717],[-49.00659,-25.97159],[-49.0079,-25.97346],[-49.00829,-25.9737],[-49.00839,-25.97486],[-49.00878,-25.97523],[-49.00956,-25.97518],[-49.01086,-25.9748],[-49.01137,-25.97437],[-49.01242,-25.97403],[-49.01333,-25.97307],[-49.01374,-25.97289],[-49.01363,-25.97353],[-49.01216,-25.97543],[-49.01237,-25.97564],[-49.01314,-25.97574],[-49.01432,-25.97625],[-49.01638,-25.97671],[-49.01688,-25.97634],[-49.01824,-25.97609],[-49.01892,-25.97558],[-49.01879,-25.97525],[-49.01813,-25.97527],[-49.01778,-25.97507],[-49.01795,-25.97462],[-49.01856,-25.97435],[-49.01865,-25.97375],[-49.01779,-25.97332],[-49.01752,-25.97305],[-49.01756,-25.97291],[-49.01953,-25.97228],[-49.01995,-25.9717],[-49.0211,-25.97209],[-49.02303,-25.97203],[-49.02355,-25.97231],[-49.02364,-25.97254],[-49.02317,-25.9739],[-49.02298,-25.97524],[-49.02299,-25.97602],[-49.02332,-25.97632],[-49.02477,-25.97564],[-49.02581,-25.97562],[-49.02675,-25.97527],[-49.02741,-25.97443],[-49.02748,-25.9741],[-49.02735,-25.97355],[-49.02676,-25.97302],[-49.02674,-25.9728],[-49.02699,-25.97258],[-49.0281,-25.97231],[-49.02828,-25.97217],[-49.02825,-25.97191],[-49.02617,-25.97112],[-49.02461,-25.97154],[-49.02408,-25.9715],[-49.02366,-25.97054],[-49.02347,-25.97046],[-49.02272,-25.97071],[-49.02201,-25.97024],[-49.02058,-25.9703],[-49.01986,-25.97059],[-49.01927,-25.97056],[-49.01916,-25.97045],[-49.02001,-25.96923],[-49.01995,-25.96895],[-49.01947,-25.96864],[-49.02016,-25.96841],[-49.02033,-25.9681],[-49.02024,-25.96767],[-49.01993,-25.96732],[-49.01823,-25.96673],[-49.01882,-25.96604],[-49.01948,-25.96641],[-49.02006,-25.96654],[-49.02061,-25.96617],[-49.02135,-25.96751],[-49.02198,-25.96793],[-49.02265,-25.96809],[-49.02401,-25.96796],[-49.02472,-25.96641],[-49.02493,-25.96737],[-49.02589,-25.96822],[-49.02623,-25.96834],[-49.02702,-25.96827],[-49.02697,-25.96898],[-49.02728,-25.96926],[-49.02781,-25.96944],[-49.03013,-25.96951],[-49.03153,-25.9689],[-49.03138,-25.96864],[-49.03053,-25.96829],[-49.02982,-25.96752],[-49.0297,-25.96704],[-49.03126,-25.96765],[-49.03254,-25.96741],[-49.03494,-25.96748],[-49.03566,-25.96734],[-49.03585,-25.96703],[-49.03539,-25.96633],[-49.03889,-25.96407],[-49.03962,-25.9633],[-49.03942,-25.96285],[-49.0386,-25.96237],[-49.03719,-25.9611],[-49.0353,-25.96026],[-49.03466,-25.9597],[-49.03357,-25.95959],[-49.03375,-25.95874],[-49.03353,-25.95821],[-49.03199,-25.95777],[-49.03098,-25.95786],[-49.03091,-25.95771],[-49.03129,-25.95703],[-49.03113,-25.95663],[-49.0312,-25.95628],[-49.03098,-25.95596],[-49.03038,-25.95591],[-49.03011,-25.95602],[-49.02978,-25.9565],[-49.02925,-25.95664],[-49.0289,-25.95657],[-49.02839,-25.95607],[-49.02762,-25.95614],[-49.02669,-25.95598],[-49.0252,-25.95527],[-49.02505,-25.95475],[-49.02418,-25.95379],[-49.02359,-25.95403],[-49.02336,-25.95356],[-49.02282,-25.95358],[-49.02251,-25.95266],[-49.02219,-25.95238],[-49.0215,-25.95235],[-49.02067,-25.95256],[-49.02065,-25.95215],[-49.02034,-25.95178],[-49.01894,-25.95106],[-49.01866,-25.95003],[-49.01768,-25.94955],[-49.01675,-25.94885],[-49.01575,-25.94726],[-49.01512,-25.94707],[-49.015,-25.94728],[-49.01455,-25.94739],[-49.01444,-25.94665],[-49.01419,-25.94637],[-49.01357,-25.94633],[-49.01323,-25.94653],[-49.0123,-25.94634],[-49.01144,-25.94639],[-49.01061,-25.94675],[-49.00895,-25.94659],[-49.00949,-25.94622],[-49.01027,-25.94618],[-49.0106,-25.94576],[-49.01327,-25.94529],[-49.01355,-25.94507],[-49.01368,-25.94519],[-49.01402,-25.94515],[-49.014,-25.94542],[-49.01435,-25.94563],[-49.01506,-25.94581],[-49.01693,-25.94591],[-49.01789,-25.94557],[-49.01859,-25.94505],[-49.01976,-25.94547],[-49.02116,-25.94559],[-49.02241,-25.94622],[-49.02339,-25.94577],[-49.02423,-25.94597],[-49.02449,-25.94584],[-49.0247,-25.94549],[-49.02614,-25.94587],[-49.02719,-25.9456],[-49.02727,-25.94616],[-49.02799,-25.94714],[-49.02893,-25.94746],[-49.03033,-25.94829],[-49.02938,-25.95018],[-49.02889,-25.95074],[-49.02911,-25.95093],[-49.03232,-25.94942],[-49.03303,-25.9482],[-49.034,-25.94761],[-49.03457,-25.94878],[-49.03473,-25.94947],[-49.03497,-25.94956],[-49.03542,-25.94936],[-49.0358,-25.94871],[-49.0356,-25.94812],[-49.03567,-25.94792],[-49.03663,-25.94775],[-49.03718,-25.94709],[-49.03839,-25.94728],[-49.03931,-25.94771],[-49.03982,-25.94772],[-49.03989,-25.94759],[-49.03959,-25.94696],[-49.04089,-25.94579],[-49.04061,-25.94512],[-49.04031,-25.94495],[-49.03874,-25.94536],[-49.03783,-25.94591],[-49.03636,-25.9456],[-49.0364,-25.94527],[-49.03717,-25.94483],[-49.03726,-25.94381],[-49.03704,-25.94363],[-49.03569,-25.94398],[-49.03464,-25.94445],[-49.03443,-25.94397],[-49.03398,-25.944],[-49.03332,-25.94354],[-49.03271,-25.9426],[-49.0329,-25.94231],[-49.03341,-25.942],[-49.03344,-25.94142],[-49.03328,-25.94135],[-49.03274,-25.94148],[-49.03004,-25.94144],[-49.02941,-25.94162],[-49.02787,-25.94222],[-49.0268,-25.94363],[-49.0264,-25.94382],[-49.0259,-25.94314],[-49.02523,-25.94275],[-49.02532,-25.94148],[-49.02502,-25.94075],[-49.02554,-25.93944],[-49.0255,-25.93877],[-49.02514,-25.93759],[-49.02458,-25.9371],[-49.02261,-25.93655],[-49.02199,-25.93592],[-49.02136,-25.93568],[-49.02202,-25.93554],[-49.02334,-25.93588],[-49.02443,-25.93563],[-49.02495,-25.93577],[-49.02664,-25.93553],[-49.0281,-25.9342],[-49.02893,-25.93381],[-49.02927,-25.93337],[-49.03025,-25.93305],[-49.03058,-25.93328],[-49.03144,-25.93327],[-49.03167,-25.93342],[-49.03258,-25.93314],[-49.03321,-25.93341],[-49.03379,-25.93312],[-49.0342,-25.93354],[-49.03445,-25.93359],[-49.03537,-25.93348],[-49.0362,-25.93292],[-49.03714,-25.93311],[-49.03754,-25.933],[-49.03783,-25.93316],[-49.03766,-25.93371],[-49.03849,-25.93471],[-49.0384,-25.93527],[-49.03885,-25.93569],[-49.04035,-25.93597],[-49.04077,-25.93585],[-49.04111,-25.93502],[-49.04079,-25.93456],[-49.04036,-25.93444],[-49.04006,-25.93409],[-49.04055,-25.93305],[-49.04044,-25.93261],[-49.03991,-25.93243],[-49.03932,-25.93277],[-49.03834,-25.93244],[-49.03822,-25.93222],[-49.03848,-25.93115],[-49.03838,-25.9308],[-49.03756,-25.93146],[-49.03679,-25.93082],[-49.03624,-25.93122],[-49.0358,-25.9321],[-49.03504,-25.93219],[-49.03453,-25.93196],[-49.03421,-25.93161],[-49.03201,-25.93092],[-49.03195,-25.9307],[-49.03305,-25.92934],[-49.03323,-25.92883],[-49.03295,-25.92782],[-49.03388,-25.92738],[-49.03395,-25.92671],[-49.0361,-25.92566],[-49.03636,-25.92531],[-49.03553,-25.92406],[-49.03608,-25.9236],[-49.03576,-25.9233],[-49.03577,-25.92287],[-49.03515,-25.922],[-49.03429,-25.92216],[-49.03432,-25.92287],[-49.03391,-25.92322],[-49.03356,-25.92296],[-49.03329,-25.92236],[-49.03274,-25.92201],[-49.03182,-25.92213],[-49.03114,-25.92196],[-49.03037,-25.92222],[-49.02986,-25.92213],[-49.0289,-25.92146],[-49.0275,-25.92207],[-49.02739,-25.92159],[-49.02706,-25.92117],[-49.02465,-25.92063],[-49.02387,-25.9206],[-49.02285,-25.92024],[-49.02203,-25.91989],[-49.02206,-25.91965],[-49.02146,-25.91941],[-49.02114,-25.91908],[-49.02175,-25.91912],[-49.02335,-25.9198],[-49.02371,-25.91973],[-49.02391,-25.91931],[-49.02517,-25.91922],[-49.02578,-25.91903],[-49.02651,-25.91847],[-49.02689,-25.91789],[-49.02721,-25.91662],[-49.02684,-25.91595],[-49.02726,-25.91509],[-49.0267,-25.91365],[-49.0259,-25.91286],[-49.02685,-25.91258],[-49.02735,-25.91152],[-49.02707,-25.9109],[-49.02713,-25.90984],[-49.02688,-25.90944],[-49.02662,-25.9083],[-49.02616,-25.90798],[-49.02586,-25.90805],[-49.02407,-25.90771],[-49.02415,-25.9075],[-49.02399,-25.90687],[-49.0231,-25.90518],[-49.02278,-25.90416],[-49.02175,-25.90302],[-49.02146,-25.90295],[-49.02129,-25.9031],[-49.02087,-25.90285],[-49.02059,-25.90244],[-49.01952,-25.90244],[-49.0196,-25.90214],[-49.01921,-25.90161],[-49.01915,-25.90092],[-49.01704,-25.90014],[-49.01703,-25.86072],[-49.01668,-25.86006],[-49.01649,-25.85858],[-49.01554,-25.85717],[-49.01583,-25.85585],[-49.01566,-25.85341],[-49.01582,-25.85267],[-49.01576,-25.85229],[-49.01523,-25.85153],[-49.0145,-25.84915],[-49.0141,-25.84598],[-49.01412,-25.84575],[-49.01464,-25.84506],[-49.01751,-25.84171],[-49.01817,-25.84107]]]}},{"type":"Feature","properties":{"cnuc":"0000.41.3047","nome":"ESTAÇÃO ECOLÓGICA DO CAIUÁ","categoria":"Estação Ecológica","grupo":"Proteção Integral","esfera":"Estadual","area_ha":1482.28,"criacao":"21-11-1994","gestor":"INSTITUTO AMBIENTAL DO PARANÁ - PR","uf":"PARANÁ","plano_manejo":"Sim"},"geometry":{"type":"MultiPolygon","coordinates":[[[[-52.88309,-22.60618],[-52.86999,-22.61539],[-52.8629,-22.60908],[-52.86236,-22.60988],[-52.86102,-22.61041],[-52.85741,-22.61312],[-52.8558,-22.61338],[-52.85352,-22.61454],[-52.85113,-22.61453],[-52.84999,-22.61352],[-52.84935,-22.61354],[-52.84914,-22.614],[-52.84955,-22.61489],[-52.84962,-22.61543],[-52.84923,-22.61827],[-52.84962,-22.62076],[-52.85162,-22.62403],[-52.85155,-22.62476],[-52.84928,-22.62185],[-52.84859,-22.6196],[-52.84804,-22.61841],[-52.84794,-22.61652],[-52.84725,-22.61595],[-52.84578,-22.61616],[-52.84389,-22.61581],[-52.84046,-22.61633],[-52.83971,-22.61689],[-52.83947,-22.61727],[-52.83933,-22.6195],[-52.83906,-22.61984],[-52.83878,-22.61951],[-52.83845,-22.61843],[-52.83799,-22.61797],[-52.83546,-22.61701],[-52.83356,-22.61698],[-52.8295,-22.61818],[-52.82741,-22.61794],[-52.8269,-22.63214],[-52.85403,-22.63206],[-52.8542,-22.63245],[-52.87555,-22.63214],[-52.87562,-22.63143],[-52.8858,-22.63131],[-52.88572,-22.60919],[-52.88533,-22.6082],[-52.88399,-22.60698],[-52.88388,-22.60708],[-52.88328,-22.60655],[-52.88309,-22.60618]]],[[[-52.88609,-22.60857],[-52.88622,-22.6113],[-52.89355,-22.61122],[-52.89332,-22.58253],[-52.88856,-22.58629],[-52.88444,-22.59004],[-52.88015,-22.59318],[-52.88747,-22.59972],[-52.88202,-22.6046],[-52.88571,-22.60792],[-52.88609,-22.60857]]]]}},{"type":"Feature","properties":{"cnuc":"0000.41.3333","nome":"RESERVA BIOLÓGICA ESTADUAL DA BIODIVERSIDADE COP9 MOP4","categoria":"Reserva Biológica","grupo":"Proteção Integral","esfera":"Estadual","area_ha":133.17,"criacao":"08-01-2010","gestor":"INSTITUTO AMBIENTAL DO PARANÁ - PR","uf":"PARANÁ","plano_manejo":"Não"},"geometry":{"type":"Polygon","coordinates":[[[-49.83427,-24.98134],[-49.83406,-24.98003],[-49.83097,-24.98179],[-49.82939,-24.98251],[-49.82869,-24.98308],[-49.82751,-24.98506],[-49.82697,-24.98691],[-49.82643,-24.98782],[-49.82632,-24.98877],[-49.82579,-24.98945],[-49.82577,-24.9915],[-49.82611,-24.99284],[-49.82714,-24.99425],[-49.82741,-24.99528],[-49.82855,-24.9972],[-49.82854,-24.99815],[-49.8278,-24.9994],[-49.82807,-24.99975],[-49.82938,-24.99853],[-49.83055,-24.99662],[-49.83196,-24.99536],[-49.83237,-24.99472],[-49.83342,-24.9944],[-49.83399,-24.99388],[-49.83517,-24.99324],[-49.83584,-24.99248],[-49.83642,-24.99207],[-49.8378,-24.9901],[-49.83829,-24.98998],[-49.839,-24.98943],[-49.8381,-24.98871],[-49.83611,-24.98658],[-49.83409,-24.98642],[-49.83333,-24.98604],[-49.83376,-24.98511],[-49.83346,-24.98482],[-49.83286,-24.98532],[-49.83268,-24.98524],[-49.8314,-24.98384],[-49.83144,-24.98313],[-49.83354,-24.98226],[-49.83427,-24.98134]]]}},{"type":"Feature","properties":{"cnuc":"0000.41.0525","nome":"PARQUE ESTADUAL DO PENHASCO VERDE","categoria":"Parque","grupo":"Proteção Integral","esfera":"Estadual","area_ha":269.73,"criacao":"05-06-1991","gestor":"INSTITUTO AMBIENTAL DO PARANÁ - PR","uf":"PARANÁ","plano_manejo":"Não"},"geometry":{"type":"Polygon","coordinates":[[[-50.79811,-23.6988],[-50.79706,-23.69973],[-50.79685,-23.70012],[-50.79648,-23.70022],[-50.79609,-23.70082],[-50.79559,-23.70112],[-50.79542,-23.70142],[-50.79444,-23.70182],[-50.79313,-23.70172],[-50.79161,-23.70538],[-50.79068,-23.70714],[-50.78682,-23.71175],[-50.78561,-23.71374],[-50.78569,-23.71477],[-50.78428,-23.71662],[-50.78334,-23.71712],[-50.78218,-23.71825],[-50.78181,-23.7189],[-50.78077,-23.72008],[-50.78027,-23.72049],[-50.7782,-23.72115],[-50.77737,-23.7217],[-50.78039,-23.72539],[-50.78082,-23.72316],[-50.78237,-23.72201],[-50.78336,-23.72283],[-50.78465,-23.7219],[-50.78515,-23.72031],[-50.78762,-23.7177],[-50.78874,-23.71363],[-50.79063,-23.71094],[-50.79231,-23.70924],[-50.79318,-23.70875],[-50.79513,-23.70645],[-50.80206,-23.70094],[-50.80579,-23.69846],[-50.80636,-23.69768],[-50.80666,-23.69655],[-50.81239,-23.69024],[-50.8157,-23.68802],[-50.81892,-23.68927],[-50.82034,-23.68959],[-50.82409,-23.68836],[-50.8256,-23.6864],[-50.8282,-23.68409],[-50.8325,-23.68302],[-50.83332,-23.6824],[-50.83183,-23.68099],[-50.83131,-23.68132],[-50.82901,-23.68098],[-50.82812,-23.68066],[-50.82655,-23.68126],[-50.82526,-23.68078],[-50.82486,-23.68031],[-50.82453,-23.68101],[-50.82469,-23.68211],[-50.82309,-23.68546],[-50.81998,-23.68726],[-50.81836,-23.6859],[-50.81624,-23.68549],[-50.81259,-23.68687],[-50.81172,-23.68747],[-50.81103,-23.68863],[-50.80953,-23.6891],[-50.80904,-23.69029],[-50.80709,-23.69231],[-50.80442,-23.69295],[-50.80231,-23.69445],[-50.80089,-23.69513],[-50.79954,-23.69525],[-50.79842,-23.69567],[-50.79813,-23.69649],[-50.79871,-23.69691],[-50.80053,-23.69695],[-50.79877,-23.69842],[-50.79811,-23.6988]],[[-50.79414,-23.70193],[-50.79344,-23.70187],[-50.79379,-23.70185],[-50.79414,-23.70193]]]}},{"type":"Feature","properties":{"cnuc":"0000.41.2259","nome":"PARQUE ESTADUAL DE SANTA CLARA","categoria":"Parque","grupo":"Proteção Integral","esfera":"Estadual","area_ha":631.94,"criacao":"03-05-2006","gestor":"INSTITUTO AMBIENTAL DO PARANÁ - PR","uf":"PARANÁ","plano_manejo":"Não"},"geometry":{"type":"Polygon","coordinates":[[[-51.96472,-25.64854],[-51.96902,-25.65465],[-51.97046,-25.65457],[-51.97176,-25.65429],[-51.97497,-25.65543],[-51.97482,-25.65544],[-51.97979,-25.66023],[-51.98131,-25.66042],[-51.98151,-25.66026],[-51.98247,-25.66023],[-51.98371,-25.66066],[-51.98479,-25.6601],[-51.9865,-25.65991],[-51.98665,-25.65981],[-51.98675,-25.65913],[-51.98742,-25.65873],[-51.98843,-25.65763],[-51.98856,-25.65667],[-51.9881,-25.65579],[-51.98822,-25.65532],[-51.98844,-25.65494],[-51.98888,-25.65497],[-51.98927,-25.6547],[-51.98946,-25.65414],[-51.98943,-25.65367],[-51.98966,-25.65343],[-51.99027,-25.65105],[-51.99027,-25.65069],[-51.99006,-25.65055],[-51.98925,-25.65077],[-51.98867,-25.65063],[-51.98822,-25.65033],[-51.98751,-25.65035],[-51.98744,-25.65114],[-51.98681,-25.65189],[-51.98636,-25.65212],[-51.98602,-25.65192],[-51.98626,-25.65097],[-51.98586,-25.64931],[-51.98455,-25.64747],[-51.98468,-25.64652],[-51.98282,-25.64477],[-51.98224,-25.64383],[-51.98156,-25.64359],[-51.98129,-25.64326],[-51.98131,-25.64249],[-51.98087,-25.64123],[-51.9805,-25.63923],[-51.98048,-25.63905],[-51.98081,-25.63876],[-51.98054,-25.63756],[-51.98004,-25.63725],[-51.97998,-25.63657],[-51.97977,-25.63622],[-51.97911,-25.63568],[-51.97837,-25.63475],[-51.97821,-25.63463],[-51.97789,-25.63474],[-51.9778,-25.63451],[-51.97781,-25.63412],[-51.97817,-25.63378],[-51.98024,-25.63281],[-51.97951,-25.63257],[-51.97797,-25.63147],[-51.97475,-25.63042],[-51.9682,-25.62974],[-51.96302,-25.63046],[-51.96171,-25.63041],[-51.96076,-25.63067],[-51.9586,-25.63077],[-51.95829,-25.63122],[-51.95861,-25.63139],[-51.95827,-25.63175],[-51.95793,-25.63167],[-51.95686,-25.63299],[-51.95528,-25.63386],[-51.954,-25.63515],[-51.95356,-25.63518],[-51.95266,-25.6348],[-51.9518,-25.63524],[-51.95209,-25.63556],[-51.95264,-25.6357],[-51.9536,-25.63559],[-51.95459,-25.63686],[-51.95474,-25.63729],[-51.95437,-25.63859],[-51.95459,-25.64119],[-51.95673,-25.63546],[-51.95861,-25.63514],[-51.9593,-25.63562],[-51.96273,-25.63663],[-51.96295,-25.63701],[-51.96217,-25.63766],[-51.96115,-25.63897],[-51.9613,-25.63919],[-51.96141,-25.64091],[-51.96167,-25.64119],[-51.96171,-25.64109],[-51.96259,-25.64228],[-51.96101,-25.64344],[-51.96515,-25.64822],[-51.96472,-25.64854]]]}},{"type":"Feature","properties":{"cnuc":"0000.41.0534","nome":"PARQUE ESTADUAL DO CAXAMBU","categoria":"Parque","grupo":"Proteção Integral","esfera":"Estadual","area_ha":1108.16,"criacao":"01-03-1979","gestor":"INSTITUTO AMBIENTAL DO PARANÁ - PR","uf":"PARANÁ","plano_manejo":"Não"},"geometry":{"type":"Polygon","coordinates":[[[-49.97655,-24.6662],[-49.97657,-24.66686],[-49.97798,-24.66817],[-49.97931,-24.67092],[-49.97954,-24.67194],[-49.97956,-24.67442],[-49.97976,-24.67479],[-49.98011,-24.675],[-49.98059,-24.675],[-49.98127,-24.67477],[-49.98179,-24.6744],[-49.98302,-24.67282],[-49.98352,-24.67247],[-49.98402,-24.67244],[-49.98433,-24.67259],[-49.9853,-24.67367],[-49.98697,-24.67462],[-49.98767,-24.67493],[-49.98806,-24.67493],[-49.99125,-24.67228],[-49.99181,-24.67207],[-49.99306,-24.67206],[-49.99363,-24.67232],[-49.99467,-24.67351],[-49.99506,-24.6742],[-49.99515,-24.67586],[-49.99541,-24.67618],[-49.99653,-24.6769],[-49.99671,-24.67729],[-49.99655,-24.67883],[-49.9968,-24.67966],[-49.99746,-24.68014],[-49.99836,-24.68119],[-50.00105,-24.68244],[-50.00138,-24.68277],[-50.00181,-24.68328],[-50.00209,-24.68399],[-50.00219,-24.68521],[-50.00235,-24.68557],[-50.00296,-24.68567],[-50.00556,-24.68548],[-50.00611,-24.684],[-50.00786,-24.68332],[-50.00862,-24.68325],[-50.00941,-24.68279],[-50.00989,-24.68164],[-50.01046,-24.68136],[-50.01172,-24.68114],[-50.01296,-24.6804],[-50.01474,-24.67972],[-50.01654,-24.67865],[-50.01815,-24.67735],[-50.01909,-24.67617],[-50.0196,-24.6752],[-50.02,-24.67371],[-50.02037,-24.67313],[-50.02049,-24.67169],[-50.02041,-24.67074],[-50.01971,-24.66856],[-50.01967,-24.66791],[-50.01781,-24.66382],[-50.01839,-24.6624],[-50.01835,-24.66209],[-50.01778,-24.66148],[-50.01783,-24.66105],[-50.0185,-24.66079],[-50.02053,-24.66076],[-50.02115,-24.66047],[-50.02153,-24.65995],[-50.01533,-24.64846],[-50.0169,-24.64704],[-50.01573,-24.64582],[-50.01497,-24.64577],[-50.01243,-24.64398],[-50.01082,-24.64475],[-50.00838,-24.6479],[-49.97655,-24.6662]]]}},{"type":"Feature","properties":{"cnuc":"0000.41.0549","nome":"PARQUE ESTADUAL DO GUARTELÁ","categoria":"Parque","grupo":"Proteção Integral","esfera":"Estadual","area_ha":1877.92,"criacao":"24-09-1996","gestor":"INSTITUTO AMBIENTAL DO PARANÁ - PR","uf":"PARANÁ","plano_manejo":"Sim"},"geometry":{"type":"Polygon","coordinates":[[[-50.23394,-24.5583],[-50.23231,-24.56117],[-50.23291,-24.56215],[-50.2293,-24.56605],[-50.22718,-24.56637],[-50.21916,-24.57248],[-50.21545,-24.58097],[-50.21286,-24.58203],[-50.21094,-24.5825],[-50.21172,-24.5839],[-50.20921,-24.58599],[-50.20151,-24.59027],[-50.19948,-24.59079],[-50.1966,-24.59287],[-50.19781,-24.59454],[-50.2053,-24.59073],[-50.20688,-24.59154],[-50.2064,-24.59236],[-50.202,-24.59461],[-50.20196,-24.59518],[-50.19893,-24.59688],[-50.19744,-24.59995],[-50.19707,-24.60222],[-50.19813,-24.60368],[-50.2139,-24.60825],[-50.21501,-24.6066],[-50.21672,-24.60552],[-50.21731,-24.60572],[-50.21757,-24.60598],[-50.21753,-24.60821],[-50.2178,-24.60915],[-50.21902,-24.6104],[-50.2207,-24.61174],[-50.22212,-24.61125],[-50.22917,-24.60615],[-50.23084,-24.60427],[-50.2308,-24.60332],[-50.23514,-24.59913],[-50.23686,-24.59668],[-50.23866,-24.59609],[-50.24091,-24.59209],[-50.24147,-24.58896],[-50.24178,-24.58867],[-50.24203,-24.58794],[-50.24279,-24.58729],[-50.24358,-24.58575],[-50.24453,-24.58478],[-50.24666,-24.58188],[-50.24851,-24.57887],[-50.2494,-24.57825],[-50.24967,-24.57774],[-50.24968,-24.57698],[-50.25245,-24.57381],[-50.25284,-24.57371],[-50.25312,-24.57387],[-50.2533,-24.57349],[-50.25384,-24.57335],[-50.25368,-24.57309],[-50.25382,-24.57277],[-50.25421,-24.57272],[-50.25425,-24.57231],[-50.25464,-24.57212],[-50.2549,-24.57164],[-50.25537,-24.5715],[-50.25544,-24.57119],[-50.25599,-24.5708],[-50.25612,-24.57045],[-50.25593,-24.57033],[-50.25677,-24.56955],[-50.25683,-24.56931],[-50.25705,-24.56927],[-50.25852,-24.57067],[-50.25898,-24.57074],[-50.26084,-24.57016],[-50.26555,-24.57006],[-50.26633,-24.57019],[-50.26677,-24.5674],[-50.26161,-24.56897],[-50.26191,-24.56912],[-50.26159,-24.56947],[-50.26122,-24.56879],[-50.25981,-24.56921],[-50.2593,-24.56916],[-50.2588,-24.56881],[-50.25872,-24.56818],[-50.25937,-24.56649],[-50.25923,-24.56617],[-50.25937,-24.56561],[-50.25928,-24.56517],[-50.2596,-24.56482],[-50.25893,-24.56411],[-50.26052,-24.56241],[-50.26033,-24.55989],[-50.26002,-24.55876],[-50.26015,-24.55784],[-50.26087,-24.55759],[-50.2606,-24.55722],[-50.25837,-24.55715],[-50.25761,-24.55669],[-50.25656,-24.55553],[-50.25566,-24.55513],[-50.25372,-24.55478],[-50.25315,-24.55493],[-50.25292,-24.55482],[-50.25191,-24.5552],[-50.25129,-24.55586],[-50.25111,-24.55638],[-50.25056,-24.55711],[-50.24933,-24.55828],[-50.24866,-24.55923],[-50.24726,-24.56052],[-50.24692,-24.56045],[-50.24606,-24.56124],[-50.24572,-24.56215],[-50.2456,-24.56309],[-50.24499,-24.56319],[-50.2443,-24.56307],[-50.24388,-24.56279],[-50.24369,-24.56235],[-50.2441,-24.56144],[-50.24407,-24.56117],[-50.2432,-24.56066],[-50.24168,-24.561],[-50.24053,-24.56093],[-50.23853,-24.56124],[-50.23732,-24.56024],[-50.23689,-24.55854],[-50.23711,-24.55826],[-50.23694,-24.55764],[-50.23733,-24.55621],[-50.2376,-24.55596],[-50.23794,-24.55449],[-50.23734,-24.55372],[-50.23607,-24.5535],[-50.23618,-24.55582],[-50.23394,-24.5583]]]}},{"type":"Feature","properties":{"cnuc":"0000.41.0552","nome":"PARQUE ESTADUAL DE PALMAS","categoria":"Parque","grupo":"Proteção Integral","esfera":"Estadual","area_ha":181.43,"criacao":"02-10-2007","gestor":"INSTITUTO AMBIENTAL DO PARANÁ - PR","uf":"PARANÁ","plano_manejo":"Não"},"geometry":{"type":"Polygon","coordinates":[[[-51.97742,-26.44831],[-51.97594,-26.4479],[-51.97547,-26.44812],[-51.97477,-26.44797],[-51.97451,-26.44833],[-51.97439,-26.4489],[-51.97441,-26.4496],[-51.97473,-26.44992],[-51.97422,-26.45124],[-51.97333,-26.45147],[-51.97339,-26.45224],[-51.97306,-26.45256],[-51.97306,-26.45297],[-51.9726,-26.45296],[-51.97157,-26.45195],[-51.9709,-26.45152],[-51.9703,-26.45177],[-51.96898,-26.45304],[-51.96846,-26.45319],[-51.96806,-26.45457],[-51.96891,-26.45506],[-51.96884,-26.45551],[-51.96844,-26.45609],[-51.96748,-26.4569],[-51.96746,-26.45713],[-51.96765,-26.45747],[-51.96899,-26.45807],[-51.97049,-26.46104],[-51.97457,-26.46138],[-51.97461,-26.46174],[-51.97506,-26.46183],[-51.97601,-26.46264],[-51.97773,-26.46376],[-51.97912,-26.46517],[-51.98006,-26.46558],[-51.98144,-26.46442],[-51.98069,-26.46273],[-51.98475,-26.4596],[-51.98449,-26.45913],[-51.98449,-26.45861],[-51.98476,-26.45824],[-51.98467,-26.45766],[-51.98524,-26.45724],[-51.98534,-26.45684],[-51.98531,-26.45655],[-51.98503,-26.4564],[-51.98538,-26.45552],[-51.98512,-26.45512],[-51.98525,-26.45451],[-51.98482,-26.45402],[-51.98474,-26.45354],[-51.98456,-26.45348],[-51.98389,-26.45367],[-51.98361,-26.4535],[-51.98125,-26.45385],[-51.98004,-26.4538],[-51.97881,-26.45349],[-51.97837,-26.45304],[-51.97732,-26.45294],[-51.9771,-26.45269],[-51.97705,-26.45157],[-51.97744,-26.45068],[-51.97744,-26.45032],[-51.97825,-26.44953],[-51.97831,-26.44925],[-51.97742,-26.44831]]]}},{"type":"Feature","properties":{"cnuc":"0000.41.0496","nome":"ÁREA DE PROTEÇÃO AMBIENTAL ESTADUAL GUARAQUEÇABA","categoria":"Área de Proteção Ambiental","grupo":"Uso Sustentável","esfera":"Estadual","area_ha":231582.2,"criacao":"30-03-1992","gestor":"INSTITUTO AMBIENTAL DO PARANÁ - PR","uf":"PARANÁ, SÃO PAULO","plano_manejo":"Não"},"geometry":{"type":"Polygon","coordinates":[[[-48.28309,-24.87951],[-48.28263,-24.88095],[-48.28182,-24.88183],[-48.28119,-24.88216],[-48.28005,-24.8824],[-48.27905,-24.88211],[-48.27739,-24.8805],[-48.27659,-24.88005],[-48.2759,-24.88003],[-48.2753,-24.88023],[-48.2737,-24.88135],[-48.27268,-24.88171],[-48.27186,-24.88185],[-48.26784,-24.88173],[-48.2666,-24.88142],[-48.26471,-24.88017],[-48.26351,-24.87958],[-48.26148,-24.87894],[-48.26066,-24.8789],[-48.26,-24.87927],[-48.2605,-24.88046],[-48.26041,-24.88063],[-48.26002,-24.88121],[-48.25811,-24.88258],[-48.25785,-24.88335],[-48.25736,-24.88407],[-48.25378,-24.88591],[-48.25321,-24.88706],[-48.25431,-24.88871],[-48.25782,-24.89151],[-48.25867,-24.89186],[-48.262,-24.89271],[-48.26261,-24.89325],[-48.26315,-24.89457],[-48.26299,-24.89597],[-48.26235,-24.89771],[-48.2605,-24.90019],[-48.26041,-24.9016],[-48.2609,-24.90487],[-48.26084,-24.90706],[-48.26065,-24.90799],[-48.26025,-24.90889],[-48.25921,-24.91006],[-48.2587,-24.91042],[-48.25728,-24.91042],[-48.25613,-24.91145],[-48.25466,-24.91187],[-48.25253,-24.91177],[-48.25158,-24.91157],[-48.25128,-24.91098],[-48.25047,-24.91035],[-48.24893,-24.91019],[-48.24853,-24.90982],[-48.24814,-24.90797],[-48.24752,-24.90734],[-48.2472,-24.90657],[-48.24673,-24.90603],[-48.24635,-24.90606],[-48.2448,-24.90724],[-48.24419,-24.90699],[-48.24363,-24.90576],[-48.24271,-24.90516],[-48.24209,-24.90378],[-48.24086,-24.90279],[-48.24041,-24.90094],[-48.24024,-24.90077],[-48.23859,-24.90099],[-48.23603,-24.90094],[-48.23417,-24.90138],[-48.23336,-24.90186],[-48.2312,-24.90395],[-48.23052,-24.90426],[-48.22896,-24.90429],[-48.2271,-24.90581],[-48.22626,-24.90686],[-48.22489,-24.9061],[-48.22409,-24.90609],[-48.22361,-24.90644],[-48.2232,-24.90713],[-48.22271,-24.90754],[-48.22115,-24.9076],[-48.21968,-24.90793],[-48.21754,-24.9078],[-48.21685,-24.90759],[-48.21501,-24.90558],[-48.21384,-24.90524],[-48.21315,-24.90536],[-48.21182,-24.90625],[-48.21085,-24.90794],[-48.21057,-24.9092],[-48.21017,-24.90988],[-48.20939,-24.91047],[-48.20893,-24.91185],[-48.20876,-24.91257],[-48.20899,-24.91359],[-48.20971,-24.91473],[-48.21072,-24.91556],[-48.2111,-24.91632],[-48.21119,-24.9172],[-48.211,-24.91843],[-48.21056,-24.91969],[-48.21061,-24.92077],[-48.21085,-24.92127],[-48.2119,-24.92227],[-48.21462,-24.92356],[-48.21706,-24.92602],[-48.21931,-24.92678],[-48.22008,-24.92741],[-48.22056,-24.92786],[-48.22223,-24.93018],[-48.22384,-24.93125],[-48.22431,-24.93176],[-48.22532,-24.93317],[-48.2257,-24.93437],[-48.22533,-24.93522],[-48.22407,-24.93587],[-48.2223,-24.93636],[-48.22163,-24.93686],[-48.22087,-24.93829],[-48.22063,-24.93973],[-48.21961,-24.94071],[-48.21745,-24.94132],[-48.21724,-24.94193],[-48.21747,-24.94255],[-48.21809,-24.94326],[-48.21696,-24.94378],[-48.21654,-24.94415],[-48.2167,-24.94558],[-48.21738,-24.94683],[-48.2173,-24.94739],[-48.21681,-24.94819],[-48.2137,-24.9492],[-48.21292,-24.94964],[-48.2125,-24.95017],[-48.21179,-24.9516],[-48.21116,-24.95236],[-48.21139,-24.95427],[-48.21094,-24.95495],[-48.2108,-24.95546],[-48.21061,-24.95653],[-48.21069,-24.9572],[-48.21098,-24.9578],[-48.21155,-24.95807],[-48.21392,-24.95809],[-48.21469,-24.95839],[-48.21503,-24.95909],[-48.21557,-24.95945],[-48.21716,-24.95978],[-48.21755,-24.96035],[-48.21772,-24.96178],[-48.21807,-24.96236],[-48.22057,-24.96267],[-48.22075,-24.96324],[-48.22072,-24.96613],[-48.22096,-24.96675],[-48.22191,-24.96805],[-48.22282,-24.96844],[-48.22354,-24.9685],[-48.224,-24.9689],[-48.2241,-24.96933],[-48.22394,-24.97055],[-48.22419,-24.97108],[-48.22503,-24.9713],[-48.22677,-24.97118],[-48.22729,-24.97156],[-48.22809,-24.97257],[-48.22897,-24.97297],[-48.22903,-24.97361],[-48.22801,-24.97481],[-48.22809,-24.97573],[-48.22874,-24.97692],[-48.2292,-24.97734],[-48.23077,-24.97791],[-48.23134,-24.97829],[-48.23149,-24.97862],[-48.23122,-24.97913],[-48.23062,-24.97944],[-48.22729,-24.98021],[-48.22679,-24.98052],[-48.22648,-24.98098],[-48.22615,-24.98246],[-48.22649,-24.983],[-48.22849,-24.98423],[-48.229,-24.98486],[-48.23042,-24.98553],[-48.23172,-24.98747],[-48.2328,-24.9885],[-48.23494,-24.98916],[-48.23783,-24.98959],[-48.23854,-24.98996],[-48.23897,-24.99041],[-48.2394,-24.99116],[-48.23959,-24.99186],[-48.23908,-24.99288],[-48.23712,-24.99332],[-48.23544,-24.99467],[-48.23531,-24.99501],[-48.23543,-24.99573],[-48.23617,-24.99683],[-48.23622,-24.99737],[-48.2352,-24.99927],[-48.23411,-25.00084],[-48.23303,-25.00126],[-48.23125,-25.00117],[-48.23063,-25.00095],[-48.22952,-24.99994],[-48.22838,-24.99976],[-48.22798,-24.99994],[-48.22796,-25.00057],[-48.22811,-25.00085],[-48.22941,-25.00171],[-48.23166,-25.00368],[-48.23208,-25.00512],[-48.23359,-25.00656],[-48.23368,-25.00718],[-48.23328,-25.00759],[-48.23146,-25.00775],[-48.23039,-25.00904],[-48.22962,-25.00911],[-48.22881,-25.00874],[-48.22662,-25.00685],[-48.22574,-25.00721],[-48.2246,-25.00806],[-48.22398,-25.00807],[-48.22331,-25.00844],[-48.22345,-25.00916],[-48.22395,-25.00952],[-48.22564,-25.01003],[-48.22627,-25.01039],[-48.22742,-25.01184],[-48.22881,-25.01269],[-48.23011,-25.01424],[-48.2323,-25.01517],[-48.23268,-25.01563],[-48.23283,-25.0165],[-48.23325,-25.01687],[-48.23372,-25.01764],[-48.2335,-25.01791],[-48.23272,-25.01806],[-48.23167,-25.01901],[-48.23201,-25.0206],[-48.23176,-25.02105],[-48.23012,-25.02139],[-48.22901,-25.02306],[-48.22752,-25.02299],[-48.22623,-25.02253],[-48.22535,-25.02261],[-48.22403,-25.02348],[-48.22306,-25.02457],[-48.22237,-25.02471],[-48.22188,-25.0251],[-48.22111,-25.02601],[-48.22077,-25.02678],[-48.22005,-25.02718],[-48.21849,-25.02705],[-48.21762,-25.02732],[-48.21682,-25.02815],[-48.21625,-25.02955],[-48.21541,-25.02999],[-48.21449,-25.02996],[-48.21398,-25.02975],[-48.21111,-25.02736],[-48.21046,-25.02725],[-48.20984,-25.02735],[-48.20927,-25.02809],[-48.20888,-25.02983],[-48.20901,-25.03055],[-48.20886,-25.03297],[-48.2094,-25.03469],[-48.20962,-25.03603],[-48.21035,-25.03649],[-48.21072,-25.03702],[-48.21099,-25.03797],[-48.21195,-25.03874],[-48.21423,-25.03872],[-48.21529,-25.03912],[-48.21602,-25.04107],[-48.21611,-25.04316],[-48.21543,-25.0466],[-48.21513,-25.05006],[-48.21399,-25.05319],[-48.21365,-25.05725],[-48.21266,-25.05842],[-48.21194,-25.05882],[-48.21178,-25.05946],[-48.21258,-25.06206],[-48.21243,-25.06425],[-48.21349,-25.0654],[-48.2153,-25.06624],[-48.21578,-25.06693],[-48.21592,-25.06773],[-48.21588,-25.06961],[-48.21567,-25.0705],[-48.2149,-25.07137],[-48.21329,-25.07223],[-48.21325,-25.0724],[-48.21344,-25.07318],[-48.21386,-25.07386],[-48.2152,-25.07485],[-48.21545,-25.07599],[-48.21609,-25.07745],[-48.21587,-25.07774],[-48.21416,-25.07737],[-48.21351,-25.07754],[-48.21244,-25.07816],[-48.21175,-25.07908],[-48.21133,-25.07939],[-48.21041,-25.07978],[-48.21051,-25.08047],[-48.2108,-25.08099],[-48.21116,-25.08135],[-48.2126,-25.08216],[-48.21305,-25.08295],[-48.21233,-25.08477],[-48.21155,-25.08586],[-48.21048,-25.08699],[-48.20945,-25.08795],[-48.20872,-25.08838],[-48.20713,-25.08888],[-48.20589,-25.09131],[-48.20436,-25.09312],[-48.20391,-25.09394],[-48.20393,-25.09532],[-48.20427,-25.09697],[-48.20497,-25.09818],[-48.20509,-25.09907],[-48.20468,-25.09962],[-48.20267,-25.10083],[-48.20055,-25.10169],[-48.19689,-25.10498],[-48.19544,-25.1065],[-48.19514,-25.10728],[-48.19527,-25.1086],[-48.19499,-25.10931],[-48.19496,-25.10994],[-48.19554,-25.1125],[-48.19533,-25.11334],[-48.19398,-25.11514],[-48.19334,-25.11546],[-48.19125,-25.11601],[-48.19055,-25.11641],[-48.19,-25.11705],[-48.18936,-25.1185],[-48.18932,-25.12028],[-48.18865,-25.12096],[-48.18826,-25.12221],[-48.18837,-25.12394],[-48.18814,-25.12481],[-48.18642,-25.1265],[-48.18447,-25.1275],[-48.18335,-25.12832],[-48.18188,-25.12909],[-48.18134,-25.12959],[-48.18122,-25.12984],[-48.18128,-25.13102],[-48.18177,-25.13284],[-48.18173,-25.13359],[-48.18145,-25.13416],[-48.17971,-25.13515],[-48.17797,-25.13548],[-48.17732,-25.13583],[-48.17682,-25.13648],[-48.17615,-25.13788],[-48.17356,-25.13973],[-48.1725,-25.14091],[-48.17177,-25.14201],[-48.1709,-25.14264],[-48.16795,-25.14342],[-48.16318,-25.14603],[-48.16217,-25.14622],[-48.16079,-25.14594],[-48.15954,-25.14435],[-48.15888,-25.14407],[-48.15723,-25.14391],[-48.15649,-25.14422],[-48.15694,-25.14561],[-48.15707,-25.14665],[-48.15788,-25.14719],[-48.15784,-25.14916],[-48.15846,-25.15034],[-48.15899,-25.15087],[-48.16051,-25.15129],[-48.16101,-25.15176],[-48.16148,-25.1533],[-48.16218,-25.15457],[-48.16292,-25.15503],[-48.16397,-25.15525],[-48.16468,-25.15526],[-48.16648,-25.15489],[-48.16763,-25.15528],[-48.16825,-25.15568],[-48.16864,-25.15624],[-48.16889,-25.15684],[-48.16887,-25.15743],[-48.16846,-25.15992],[-48.1682,-25.16065],[-48.16723,-25.16198],[-48.16673,-25.16335],[-48.16665,-25.16608],[-48.16685,-25.16688],[-48.16787,-25.16809],[-48.16988,-25.16963],[-48.17068,-25.17077],[-48.17283,-25.17174],[-48.17327,-25.17211],[-48.17401,-25.17382],[-48.1748,-25.17504],[-48.17533,-25.17712],[-48.17607,-25.17846],[-48.17881,-25.17955],[-48.17914,-25.18008],[-48.17902,-25.18063],[-48.17822,-25.18217],[-48.17809,-25.18279],[-48.1783,-25.18346],[-48.17885,-25.1839],[-48.18299,-25.18514],[-48.18486,-25.18634],[-48.18651,-25.18769],[-48.18866,-25.18765],[-48.19012,-25.18796],[-48.19329,-25.19026],[-48.19359,-25.19078],[-48.19368,-25.19218],[-48.19273,-25.19411],[-48.19062,-25.19653],[-48.18909,-25.1979],[-48.18792,-25.19872],[-48.18709,-25.19906],[-48.1863,-25.20198],[-48.18536,-25.20305],[-48.18469,-25.20338],[-48.18351,-25.20462],[-48.1833,-25.20537],[-48.1836,-25.2058],[-48.1852,-25.20631],[-48.18603,-25.20626],[-48.18634,-25.20664],[-48.18624,-25.20698],[-48.18565,-25.20746],[-48.18345,-25.20862],[-48.18277,-25.20909],[-48.18185,-25.21023],[-48.18128,-25.21037],[-48.1811,-25.2103],[-48.18072,-25.20967],[-48.18107,-25.20711],[-48.18043,-25.20661],[-48.17943,-25.20682],[-48.1786,-25.20671],[-48.17794,-25.20613],[-48.17749,-25.2063],[-48.17535,-25.20822],[-48.17304,-25.20939],[-48.17231,-25.20961],[-48.17085,-25.20944],[-48.16943,-25.20876],[-48.16557,-25.20795],[-48.16363,-25.20836],[-48.16218,-25.20891],[-48.16147,-25.21015],[-48.1614,-25.21215],[-48.15993,-25.21457],[-48.15978,-25.21469],[-48.15812,-25.21446],[-48.15798,-25.21458],[-48.15789,-25.21492],[-48.15822,-25.21658],[-48.15615,-25.2188],[-48.15596,-25.21936],[-48.1558,-25.22141],[-48.15317,-25.2244],[-48.15223,-25.22716],[-48.15103,-25.22917],[-48.14994,-25.22943],[-48.14846,-25.23072],[-48.14744,-25.23095],[-48.14635,-25.23172],[-48.14501,-25.2322],[-48.14413,-25.23276],[-48.14164,-25.23358],[-48.14072,-25.23307],[-48.13972,-25.2338],[-48.13929,-25.23452],[-48.13804,-25.23362],[-48.13774,-25.23358],[-48.13723,-25.23395],[-48.13686,-25.2348],[-48.1355,-25.2369],[-48.13501,-25.2372],[-48.13402,-25.2372],[-48.13353,-25.23772],[-48.13332,-25.23861],[-48.1328,-25.23925],[-48.13103,-25.24027],[-48.12951,-25.2406],[-48.12872,-25.24051],[-48.1277,-25.2401],[-48.12696,-25.23936],[-48.12628,-25.23951],[-48.1262,-25.24086],[-48.12589,-25.24176],[-48.12496,-25.24205],[-48.12349,-25.2429],[-48.12288,-25.24469],[-48.12239,-25.24554],[-48.12182,-25.24582],[-48.12021,-25.246],[-48.11937,-25.24629],[-48.11751,-25.24805],[-48.11678,-25.24842],[-48.11614,-25.24971],[-48.1155,-25.25033],[-48.11542,-25.25171],[-48.1151,-25.25215],[-48.11479,-25.25222],[-48.11409,-25.25156],[-48.11347,-25.25051],[-48.11288,-25.25018],[-48.11087,-25.24966],[-48.10953,-25.24908],[-48.1086,-25.24723],[-48.10859,-25.24623],[-48.1084,-25.2458],[-48.10612,-25.24383],[-48.10479,-25.24351],[-48.10339,-25.24349],[-48.10227,-25.24364],[-48.1015,-25.24398],[-48.10061,-25.24412],[-48.09989,-25.24385],[-48.09945,-25.24243],[-48.0991,-25.2419],[-48.09817,-25.24147],[-48.09544,-25.24155],[-48.09421,-25.24101],[-48.09343,-25.24038],[-48.09247,-25.2402],[-48.09007,-25.24195],[-48.0892,-25.24201],[-48.08794,-25.24173],[-48.08732,-25.24116],[-48.08589,-25.24043],[-48.08507,-25.24024],[-48.08421,-25.24028],[-48.08363,-25.24061],[-48.08337,-25.24097],[-48.08352,-25.24435],[-48.08326,-25.24507],[-48.08138,-25.24419],[-48.0803,-25.24324],[-48.07683,-25.24107],[-48.07513,-25.24067],[-48.06664,-25.23985],[-48.06339,-25.24035],[-48.06214,-25.24012],[-48.05872,-25.23818],[-48.05702,-25.23311],[-48.05791,-25.23148],[-48.05891,-25.23076],[-48.05955,-25.22949],[-48.05936,-25.22759],[-48.05791,-25.22709],[-48.05722,-25.2261],[-48.05811,-25.22425],[-48.05841,-25.22226],[-48.05816,-25.21995],[-48.05747,-25.21837],[-48.05589,-25.21963],[-48.05525,-25.22068],[-48.05216,-25.22393],[-48.04983,-25.22556],[-48.04719,-25.22678],[-48.04555,-25.22637],[-48.04486,-25.22438],[-48.04486,-25.22289],[-48.04419,-25.22099],[-48.04033,-25.21877],[-48.03714,-25.21837],[-48.03444,-25.21832],[-48.03227,-25.2185],[-48.02908,-25.2195],[-48.02758,-25.22054],[-48.02694,-25.22203],[-48.02908,-25.22379],[-48.02972,-25.22492],[-48.02997,-25.22623],[-48.02902,-25.22755],[-48.02769,-25.22827],[-48.02397,-25.22918],[-48.02352,-25.23094],[-48.02472,-25.2328],[-48.02763,-25.23618],[-48.03072,-25.23881],[-48.03236,-25.2398],[-48.03619,-25.24261],[-48.044,-25.24731],[-48.04644,-25.24944],[-48.04864,-25.25051],[-48.05119,-25.25238],[-48.05241,-25.2538],[-48.05316,-25.25504],[-48.05436,-25.25845],[-48.05522,-25.26016],[-48.05608,-25.26165],[-48.0575,-25.2633],[-48.06416,-25.26845],[-48.07327,-25.2741],[-48.08313,-25.28203],[-48.08658,-25.28575],[-48.08786,-25.2869],[-48.09083,-25.29098],[-48.09678,-25.29719],[-48.09841,-25.29954],[-48.09966,-25.30246],[-48.10017,-25.30437],[-48.10041,-25.30731],[-48.09991,-25.31075],[-48.0995,-25.31236],[-48.09977,-25.31273],[-48.09784,-25.31474],[-48.09685,-25.31549],[-48.09456,-25.31796],[-48.09325,-25.31882],[-48.09311,-25.31906],[-48.0932,-25.3194],[-48.09412,-25.31935],[-48.09601,-25.31858],[-48.09798,-25.31832],[-48.10016,-25.31746],[-48.10134,-25.31759],[-48.10589,-25.32006],[-48.1089,-25.32211],[-48.11058,-25.32355],[-48.11208,-25.32439],[-48.11269,-25.32511],[-48.11735,-25.32889],[-48.11798,-25.3297],[-48.12022,-25.3317],[-48.12266,-25.33347],[-48.12968,-25.33973],[-48.13295,-25.34333],[-48.13411,-25.3443],[-48.13566,-25.346],[-48.13698,-25.34802],[-48.13882,-25.34939],[-48.14048,-25.35182],[-48.1417,-25.35319],[-48.14386,-25.3546],[-48.14552,-25.35695],[-48.14768,-25.35899],[-48.14918,-25.36009],[-48.15125,-25.36222],[-48.15299,-25.36465],[-48.15384,-25.36545],[-48.1578,-25.37008],[-48.15949,-25.3716],[-48.16073,-25.37346],[-48.16165,-25.37429],[-48.16244,-25.3754],[-48.16348,-25.37642],[-48.16587,-25.37932],[-48.16778,-25.38196],[-48.16885,-25.3831],[-48.16995,-25.38473],[-48.17095,-25.38584],[-48.17251,-25.38865],[-48.17366,-25.38999],[-48.17541,-25.3929],[-48.17706,-25.39519],[-48.17861,-25.39683],[-48.18039,-25.39997],[-48.18164,-25.40131],[-48.18279,-25.40296],[-48.18353,-25.40367],[-48.18986,-25.41385],[-48.19222,-25.41711],[-48.19505,-25.42296],[-48.19606,-25.42396],[-48.19661,-25.42498],[-48.20124,-25.43482],[-48.20184,-25.43683],[-48.20223,-25.43751],[-48.20277,-25.43989],[-48.20371,-25.44236],[-48.20468,-25.44676],[-48.20487,-25.44819],[-48.20488,-25.45114],[-48.20527,-25.45398],[-48.20698,-25.45709],[-48.20852,-25.46107],[-48.20994,-25.46364],[-48.21173,-25.46617],[-48.2127,-25.46702],[-48.21221,-25.46785],[-48.21545,-25.46925],[-48.21711,-25.46979],[-48.21964,-25.47031],[-48.22567,-25.47114],[-48.23222,-25.47155],[-48.24328,-25.47275],[-48.24809,-25.473],[-48.25492,-25.4738],[-48.25789,-25.47445],[-48.26006,-25.47526],[-48.26817,-25.47904],[-48.27383,-25.48261],[-48.27656,-25.48464],[-48.27972,-25.48641],[-48.28159,-25.4879],[-48.28575,-25.48937],[-48.28842,-25.48985],[-48.29111,-25.49012],[-48.29434,-25.49143],[-48.29712,-25.49235],[-48.30236,-25.4932],[-48.30739,-25.49347],[-48.31081,-25.4928],[-48.31323,-25.49267],[-48.44698,-25.37601],[-48.44917,-25.37643],[-48.4517,-25.37757],[-48.45334,-25.37854],[-48.45767,-25.38308],[-48.45892,-25.38635],[-48.46031,-25.38918],[-48.46212,-25.39076],[-48.46439,-25.39154],[-48.46864,-25.39137],[-48.47042,-25.39113],[-48.47226,-25.39061],[-48.47719,-25.39078],[-48.47853,-25.39118],[-48.48006,-25.39262],[-48.48101,-25.39404],[-48.48136,-25.39352],[-48.48145,-25.39289],[-48.48173,-25.3923],[-48.48274,-25.39079],[-48.48303,-25.39056],[-48.48355,-25.3905],[-48.4845,-25.39084],[-48.48503,-25.3908],[-48.48519,-25.39035],[-48.48639,-25.39044],[-48.48851,-25.39143],[-48.48952,-25.39169],[-48.49265,-25.39182],[-48.49446,-25.39245],[-48.49761,-25.39229],[-48.49958,-25.39251],[-48.50035,-25.39244],[-48.50212,-25.39098],[-48.50387,-25.38923],[-48.505,-25.3878],[-48.50553,-25.38668],[-48.50544,-25.383],[-48.50598,-25.38144],[-48.50783,-25.37948],[-48.50919,-25.37743],[-48.5105,-25.37498],[-48.51104,-25.37328],[-48.51165,-25.37267],[-48.51204,-25.37267],[-48.51273,-25.37286],[-48.51393,-25.37419],[-48.51611,-25.37552],[-48.51684,-25.3756],[-48.51848,-25.37513],[-48.51924,-25.37522],[-48.52054,-25.37576],[-48.52287,-25.37714],[-48.524,-25.37751],[-48.52567,-25.3776],[-48.52735,-25.37719],[-48.52832,-25.3767],[-48.52904,-25.37683],[-48.53184,-25.37817],[-48.53276,-25.37821],[-48.53383,-25.37779],[-48.53573,-25.37754],[-48.53748,-25.3779],[-48.53921,-25.37864],[-48.54297,-25.3816],[-48.54761,-25.38383],[-48.54926,-25.38491],[-48.55021,-25.38564],[-48.55339,-25.3892],[-48.55519,-25.39059],[-48.55768,-25.39167],[-48.55816,-25.39215],[-48.5586,-25.39305],[-48.55917,-25.39471],[-48.56132,-25.39923],[-48.56336,-25.40227],[-48.56458,-25.40333],[-48.5659,-25.40373],[-48.56816,-25.40481],[-48.57019,-25.40427],[-48.57358,-25.40125],[-48.57599,-25.39942],[-48.57668,-25.39867],[-48.57868,-25.39735],[-48.58006,-25.39595],[-48.582,-25.39284],[-48.58338,-25.38981],[-48.58454,-25.38793],[-48.58726,-25.38163],[-48.58826,-25.3803],[-48.58882,-25.37982],[-48.59088,-25.37862],[-48.59714,-25.37668],[-48.59775,-25.37615],[-48.59835,-25.37521],[-48.59674,-25.37214],[-48.59629,-25.3708],[-48.59538,-25.36543],[-48.59536,-25.36453],[-48.59561,-25.36224],[-48.59587,-25.3614],[-48.59657,-25.35993],[-48.59873,-25.35651],[-48.59964,-25.35469],[-48.60018,-25.35117],[-48.60036,-25.34536],[-48.60016,-25.34367],[-48.59973,-25.34312],[-48.59905,-25.34167],[-48.59417,-25.33875],[-48.59343,-25.33818],[-48.59281,-25.33714],[-48.59249,-25.33564],[-48.59253,-25.33415],[-48.59265,-25.3333],[-48.59352,-25.33136],[-48.59376,-25.33041],[-48.59391,-25.32814],[-48.59378,-25.32696],[-48.59349,-25.32626],[-48.59226,-25.32458],[-48.5915,-25.32316],[-48.59092,-25.32099],[-48.58984,-25.3187],[-48.58919,-25.31787],[-48.58825,-25.31703],[-48.58511,-25.31563],[-48.58317,-25.31436],[-48.58228,-25.31357],[-48.58161,-25.31236],[-48.58062,-25.30959],[-48.58049,-25.30859],[-48.58073,-25.30613],[-48.58119,-25.30508],[-48.5815,-25.30319],[-48.58138,-25.30231],[-48.58075,-25.30113],[-48.5798,-25.30044],[-48.57743,-25.2974],[-48.57647,-25.29403],[-48.57561,-25.29287],[-48.57539,-25.29215],[-48.57573,-25.29191],[-48.57623,-25.2921],[-48.57763,-25.29319],[-48.57882,-25.29333],[-48.58103,-25.29301],[-48.5824,-25.29218],[-48.58375,-25.29065],[-48.58404,-25.28999],[-48.58654,-25.28739],[-48.58703,-25.28698],[-48.58826,-25.28679],[-48.58942,-25.28696],[-48.59383,-25.28934],[-48.59801,-25.29183],[-48.60313,-25.29534],[-48.60718,-25.29703],[-48.60857,-25.29693],[-48.61047,-25.29386],[-48.61166,-25.29311],[-48.61264,-25.29292],[-48.61402,-25.2929],[-48.61921,-25.29332],[-48.62047,-25.29316],[-48.62169,-25.29236],[-48.62296,-25.2918],[-48.62503,-25.29184],[-48.6265,-25.29212],[-48.62861,-25.29209],[-48.62948,-25.29171],[-48.62962,-25.29076],[-48.62907,-25.28988],[-48.62831,-25.28894],[-48.62757,-25.28842],[-48.62582,-25.28633],[-48.62469,-25.28462],[-48.62427,-25.28367],[-48.62319,-25.28005],[-48.62256,-25.27912],[-48.62202,-25.27773],[-48.62086,-25.27582],[-48.61957,-25.27422],[-48.6192,-25.27323],[-48.61919,-25.27152],[-48.61999,-25.27012],[-48.62139,-25.26819],[-48.62209,-25.26668],[-48.62386,-25.26409],[-48.62444,-25.26364],[-48.62655,-25.26399],[-48.62662,-25.26362],[-48.62599,-25.26266],[-48.6255,-25.26139],[-48.62562,-25.26012],[-48.62631,-25.25766],[-48.62697,-25.25634],[-48.62768,-25.25552],[-48.62951,-25.25216],[-48.63059,-25.25072],[-48.63062,-25.24969],[-48.63034,-25.24844],[-48.62752,-25.24541],[-48.62717,-25.24473],[-48.62737,-25.24384],[-48.62822,-25.24344],[-48.63157,-25.24265],[-48.63341,-25.24243],[-48.63816,-25.24147],[-48.63893,-25.24117],[-48.63943,-25.2407],[-48.63911,-25.23996],[-48.63881,-25.23973],[-48.63761,-25.23939],[-48.63511,-25.23825],[-48.63413,-25.23641],[-48.63398,-25.23584],[-48.63393,-25.23393],[-48.63412,-25.23306],[-48.63443,-25.23259],[-48.63671,-25.23105],[-48.63787,-25.2305],[-48.63907,-25.22958],[-48.64005,-25.22913],[-48.64053,-25.22857],[-48.64055,-25.228],[-48.64025,-25.22741],[-48.63854,-25.22614],[-48.63654,-25.22512],[-48.63609,-25.22464],[-48.6347,-25.22255],[-48.63378,-25.21934],[-48.63317,-25.2188],[-48.63283,-25.2181],[-48.63279,-25.21575],[-48.63305,-25.21507],[-48.63345,-25.21467],[-48.63445,-25.21439],[-48.63498,-25.21385],[-48.63703,-25.21314],[-48.63778,-25.21262],[-48.63786,-25.21198],[-48.63744,-25.21113],[-48.63745,-25.21068],[-48.63838,-25.21004],[-48.63787,-25.20926],[-48.63875,-25.20585],[-48.63832,-25.20343],[-48.6377,-25.20202],[-48.6374,-25.20049],[-48.63646,-25.19932],[-48.63437,-25.19823],[-48.63403,-25.19787],[-48.63383,-25.19614],[-48.63342,-25.19545],[-48.63296,-25.19416],[-48.63259,-25.19373],[-48.63133,-25.19298],[-48.63071,-25.19232],[-48.6298,-25.19074],[-48.6283,-25.18953],[-48.62792,-25.18898],[-48.62679,-25.18591],[-48.62611,-25.18468],[-48.62617,-25.18333],[-48.62635,-25.18269],[-48.62753,-25.18197],[-48.62735,-25.18045],[-48.62759,-25.17983],[-48.62842,-25.18012],[-48.62977,-25.18099],[-48.63373,-25.18459],[-48.63453,-25.18485],[-48.63492,-25.18482],[-48.63554,-25.18437],[-48.63618,-25.18278],[-48.63706,-25.18168],[-48.63791,-25.18018],[-48.63864,-25.17943],[-48.64024,-25.17953],[-48.64088,-25.1794],[-48.64126,-25.17912],[-48.64257,-25.17888],[-48.6444,-25.17881],[-48.64589,-25.1783],[-48.64658,-25.17794],[-48.64674,-25.1775],[-48.64682,-25.17596],[-48.64719,-25.17514],[-48.64785,-25.17479],[-48.65026,-25.17435],[-48.65157,-25.1737],[-48.65207,-25.17324],[-48.65416,-25.17025],[-48.65536,-25.16948],[-48.65633,-25.16758],[-48.6569,-25.16697],[-48.65721,-25.16634],[-48.65722,-25.16585],[-48.657,-25.16517],[-48.65625,-25.16451],[-48.65503,-25.16286],[-48.65314,-25.15866],[-48.65311,-25.15783],[-48.65367,-25.15649],[-48.65359,-25.15559],[-48.65157,-25.15418],[-48.65098,-25.15318],[-48.65102,-25.15195],[-48.6514,-25.15076],[-48.65101,-25.14742],[-48.65055,-25.14601],[-48.64982,-25.14478],[-48.64972,-25.14427],[-48.65034,-25.14326],[-48.65034,-25.14265],[-48.64988,-25.14205],[-48.64758,-25.1412],[-48.64577,-25.13913],[-48.64504,-25.13803],[-48.64471,-25.13582],[-48.64409,-25.13444],[-48.64337,-25.13202],[-48.64331,-25.13109],[-48.64303,-25.13087],[-48.64297,-25.1303],[-48.64334,-25.12953],[-48.64505,-25.1276],[-48.64531,-25.12676],[-48.64524,-25.12622],[-48.6435,-25.12315],[-48.643,-25.12029],[-48.64272,-25.11959],[-48.64212,-25.11887],[-48.64131,-25.11866],[-48.63906,-25.11851],[-48.63705,-25.11927],[-48.63437,-25.11994],[-48.63249,-25.12024],[-48.6311,-25.12013],[-48.62798,-25.11935],[-48.6237,-25.11653],[-48.62326,-25.11598],[-48.6215,-25.11216],[-48.62082,-25.11146],[-48.6204,-25.11064],[-48.62021,-25.11001],[-48.61999,-25.10776],[-48.6197,-25.10719],[-48.61736,-25.10478],[-48.61595,-25.10428],[-48.61481,-25.10233],[-48.61379,-25.10141],[-48.613,-25.10031],[-48.61249,-25.09894],[-48.61242,-25.09816],[-48.61263,-25.09449],[-48.61238,-25.09395],[-48.61167,-25.09342],[-48.60932,-25.09316],[-48.60844,-25.09283],[-48.60588,-25.09088],[-48.60441,-25.09049],[-48.6037,-25.08996],[-48.6015,-25.08905],[-48.5993,-25.08887],[-48.59846,-25.08902],[-48.5967,-25.08983],[-48.59603,-25.09047],[-48.59525,-25.0907],[-48.59473,-25.09056],[-48.59305,-25.08939],[-48.59144,-25.08879],[-48.59001,-25.08846],[-48.588,-25.08768],[-48.58556,-25.0875],[-48.58105,-25.08507],[-48.57932,-25.08443],[-48.57418,-25.08415],[-48.57262,-25.08428],[-48.57172,-25.08531],[-48.57037,-25.08765],[-48.56908,-25.08935],[-48.56687,-25.09143],[-48.56555,-25.09206],[-48.56504,-25.09313],[-48.56332,-25.09499],[-48.56183,-25.09828],[-48.56148,-25.10095],[-48.56086,-25.10382],[-48.56112,-25.10562],[-48.56095,-25.10658],[-48.56053,-25.10689],[-48.5591,-25.10679],[-48.55775,-25.10742],[-48.55599,-25.10794],[-48.55507,-25.10792],[-48.55371,-25.10742],[-48.55298,-25.10744],[-48.55226,-25.10783],[-48.55091,-25.10822],[-48.54978,-25.1092],[-48.54879,-25.10929],[-48.54811,-25.10917],[-48.54456,-25.10716],[-48.54333,-25.10625],[-48.54209,-25.10615],[-48.5386,-25.1064],[-48.53613,-25.10628],[-48.53194,-25.10535],[-48.53064,-25.10492],[-48.52986,-25.10443],[-48.52941,-25.10379],[-48.52901,-25.10202],[-48.52859,-25.10107],[-48.52717,-25.09955],[-48.52618,-25.09766],[-48.52619,-25.09741],[-48.52731,-25.09617],[-48.52726,-25.09575],[-48.52681,-25.09533],[-48.52544,-25.09473],[-48.5243,-25.093],[-48.52314,-25.09251],[-48.521,-25.09198],[-48.52045,-25.09144],[-48.52074,-25.09075],[-48.52242,-25.08928],[-48.5229,-25.08856],[-48.52308,-25.08786],[-48.52257,-25.08624],[-48.5216,-25.08453],[-48.52106,-25.08421],[-48.51941,-25.08375],[-48.51669,-25.08393],[-48.51573,-25.08444],[-48.51438,-25.08489],[-48.51361,-25.08486],[-48.51142,-25.08406],[-48.51017,-25.08394],[-48.50967,-25.08363],[-48.50924,-25.08121],[-48.50937,-25.07878],[-48.51013,-25.07766],[-48.51077,-25.077],[-48.5114,-25.0767],[-48.50858,-25.07389],[-48.50822,-25.07322],[-48.50814,-25.07242],[-48.50936,-25.07139],[-48.50986,-25.07036],[-48.50958,-25.06946],[-48.50912,-25.06872],[-48.50642,-25.06703],[-48.5036,-25.06464],[-48.50232,-25.06287],[-48.50167,-25.06139],[-48.50051,-25.05982],[-48.49945,-25.05882],[-48.49578,-25.05806],[-48.49377,-25.05693],[-48.49305,-25.05603],[-48.49202,-25.05377],[-48.4912,-25.05277],[-48.49061,-25.0526],[-48.48889,-25.05265],[-48.48797,-25.05248],[-48.48697,-25.05283],[-48.48602,-25.05345],[-48.48475,-25.05361],[-48.48347,-25.05347],[-48.48328,-25.05319],[-48.48328,-25.0513],[-48.48362,-25.05031],[-48.48494,-25.04857],[-48.48688,-25.04535],[-48.48684,-25.04477],[-48.48646,-25.04391],[-48.4865,-25.04151],[-48.4862,-25.04047],[-48.48586,-25.04],[-48.48511,-25.03971],[-48.48289,-25.03961],[-48.48152,-25.03941],[-48.48123,-25.0392],[-48.48005,-25.03665],[-48.4789,-25.03531],[-48.47868,-25.03472],[-48.47867,-25.03372],[-48.47957,-25.03137],[-48.47953,-25.03067],[-48.47909,-25.02946],[-48.4767,-25.02552],[-48.47505,-25.02126],[-48.47428,-25.01736],[-48.47433,-25.01523],[-48.47486,-25.01265],[-48.47809,-25.00847],[-48.47981,-25.00502],[-48.48168,-25.00226],[-48.48234,-25.00051],[-48.48228,-24.99959],[-48.48244,-24.9992],[-48.48315,-24.99844],[-48.48418,-24.99787],[-48.48486,-24.99718],[-48.48516,-24.99655],[-48.48553,-24.99494],[-48.48552,-24.99335],[-48.48502,-24.99113],[-48.48418,-24.98904],[-48.4808,-24.98608],[-48.48037,-24.98552],[-48.47972,-24.98341],[-48.47967,-24.98264],[-48.48008,-24.98104],[-48.4799,-24.9793],[-48.47937,-24.97858],[-48.47821,-24.97809],[-48.47749,-24.97737],[-48.47716,-24.97665],[-48.47713,-24.97437],[-48.47642,-24.97314],[-48.47535,-24.97205],[-48.47465,-24.97167],[-48.47391,-24.97153],[-48.46975,-24.97129],[-48.46598,-24.97136],[-48.4643,-24.97106],[-48.46389,-24.97081],[-48.46272,-24.97054],[-48.45725,-24.97053],[-48.45449,-24.97025],[-48.45333,-24.96979],[-48.45233,-24.96818],[-48.45165,-24.96656],[-48.451,-24.96612],[-48.4508,-24.96558],[-48.45082,-24.96379],[-48.45147,-24.961],[-48.45076,-24.95983],[-48.45028,-24.95936],[-48.44857,-24.95854],[-48.44678,-24.95649],[-48.44663,-24.9544],[-48.44753,-24.95231],[-48.44772,-24.9503],[-48.44726,-24.94917],[-48.44472,-24.94579],[-48.4424,-24.94385],[-48.43949,-24.9433],[-48.43351,-24.9426],[-48.42929,-24.94132],[-48.42821,-24.94045],[-48.42791,-24.93969],[-48.42776,-24.93799],[-48.42693,-24.93657],[-48.42372,-24.93462],[-48.42009,-24.93171],[-48.41827,-24.93107],[-48.41679,-24.93081],[-48.41275,-24.93069],[-48.41057,-24.93046],[-48.40809,-24.93072],[-48.40736,-24.93088],[-48.40666,-24.93128],[-48.40682,-24.9321],[-48.40738,-24.93271],[-48.40867,-24.93369],[-48.41,-24.93435],[-48.4118,-24.93589],[-48.41229,-24.9365],[-48.41448,-24.94115],[-48.41525,-24.94318],[-48.41535,-24.9439],[-48.4152,-24.94524],[-48.41459,-24.94716],[-48.41249,-24.94888],[-48.41072,-24.95001],[-48.40851,-24.95217],[-48.40728,-24.95308],[-48.40597,-24.95351],[-48.40533,-24.95338],[-48.4045,-24.95292],[-48.40096,-24.95013],[-48.39715,-24.94934],[-48.39592,-24.94934],[-48.39459,-24.94958],[-48.39304,-24.94955],[-48.39143,-24.94892],[-48.39046,-24.94749],[-48.39002,-24.94543],[-48.38917,-24.94519],[-48.38872,-24.94445],[-48.38784,-24.94029],[-48.38723,-24.93859],[-48.38608,-24.93623],[-48.38516,-24.93522],[-48.38148,-24.93198],[-48.38093,-24.93112],[-48.38035,-24.92963],[-48.38016,-24.92903],[-48.38012,-24.92786],[-48.38042,-24.92669],[-48.38175,-24.92346],[-48.38288,-24.92201],[-48.38323,-24.92132],[-48.38344,-24.92006],[-48.38253,-24.91963],[-48.38178,-24.91961],[-48.38042,-24.91927],[-48.37978,-24.91895],[-48.37887,-24.91804],[-48.37852,-24.91731],[-48.37838,-24.91629],[-48.3784,-24.91518],[-48.37885,-24.91291],[-48.37878,-24.91224],[-48.37816,-24.91165],[-48.37649,-24.91123],[-48.37478,-24.90991],[-48.37333,-24.90918],[-48.37198,-24.9091],[-48.36538,-24.90936],[-48.36445,-24.9091],[-48.3635,-24.90811],[-48.36331,-24.90691],[-48.36353,-24.90568],[-48.36323,-24.90494],[-48.36153,-24.90417],[-48.36019,-24.90397],[-48.35937,-24.90358],[-48.359,-24.90229],[-48.35893,-24.90045],[-48.35766,-24.89908],[-48.35687,-24.89778],[-48.35679,-24.89635],[-48.35731,-24.89362],[-48.35928,-24.89128],[-48.36051,-24.8902],[-48.36138,-24.88892],[-48.36091,-24.88708],[-48.36104,-24.88627],[-48.36149,-24.88578],[-48.36231,-24.88535],[-48.36553,-24.88445],[-48.3664,-24.88403],[-48.36737,-24.88337],[-48.36883,-24.88173],[-48.37002,-24.88077],[-48.37022,-24.88022],[-48.37027,-24.87889],[-48.36937,-24.87676],[-48.36918,-24.87546],[-48.36954,-24.87416],[-48.36983,-24.87393],[-48.37122,-24.87382],[-48.37342,-24.8731],[-48.37398,-24.87242],[-48.3743,-24.87174],[-48.37429,-24.87108],[-48.37402,-24.87033],[-48.3727,-24.86896],[-48.37136,-24.86831],[-48.36392,-24.86613],[-48.36199,-24.86506],[-48.36037,-24.86336],[-48.3568,-24.86153],[-48.35523,-24.86001],[-48.35461,-24.85961],[-48.35252,-24.85857],[-48.35127,-24.85821],[-48.34967,-24.85838],[-48.34895,-24.85876],[-48.34679,-24.86051],[-48.34602,-24.86085],[-48.34435,-24.86113],[-48.34345,-24.86107],[-48.3412,-24.86053],[-48.33774,-24.85916],[-48.33566,-24.85857],[-48.33448,-24.85843],[-48.32951,-24.85823],[-48.32652,-24.85887],[-48.32433,-24.85912],[-48.32351,-24.85865],[-48.32239,-24.85865],[-48.32215,-24.8589],[-48.32208,-24.86058],[-48.32186,-24.86152],[-48.3214,-24.86242],[-48.32069,-24.86321],[-48.31965,-24.86382],[-48.31914,-24.86437],[-48.31873,-24.86531],[-48.31801,-24.86931],[-48.31739,-24.87079],[-48.31665,-24.87446],[-48.31631,-24.87489],[-48.31574,-24.8751],[-48.31459,-24.87485],[-48.31354,-24.87481],[-48.31249,-24.87493],[-48.31114,-24.87539],[-48.30857,-24.87444],[-48.30671,-24.87424],[-48.30482,-24.87477],[-48.30281,-24.87564],[-48.30175,-24.8764],[-48.29969,-24.87714],[-48.29911,-24.87754],[-48.29864,-24.87822],[-48.29841,-24.87924],[-48.29777,-24.87964],[-48.29418,-24.879],[-48.29263,-24.87889],[-48.28893,-24.87923],[-48.28631,-24.8789],[-48.28433,-24.87885],[-48.28362,-24.8791],[-48.28309,-24.87951]]]}},{"type":"Feature","properties":{"cnuc":"0000.41.0501","nome":"ÁREA DE PROTEÇÃO AMBIENTAL DO IRAÍ","categoria":"Área de Proteção Ambiental","grupo":"Uso Sustentável","esfera":"Estadual","area_ha":10742.46,"criacao":"06-05-1996","gestor":"INSTITUTO AMBIENTAL DO PARANÁ - PR","uf":"PARANÁ","plano_manejo":"Não"},"geometry":{"type":"Polygon","coordinates":[[[-49.13351,-25.40068],[-49.13516,-25.40032],[-49.1373,-25.4005],[-49.1372,-25.40004],[-49.13661,-25.39972],[-49.13645,-25.39945],[-49.13642,-25.39865],[-49.13681,-25.39783],[-49.13754,-25.39696],[-49.13825,-25.39639],[-49.14043,-25.3963],[-49.1412,-25.39646],[-49.14159,-25.39628],[-49.14111,-25.39403],[-49.14125,-25.39378],[-49.14229,-25.39319],[-49.14347,-25.39223],[-49.14357,-25.39202],[-49.14339,-25.39027],[-49.14039,-25.38892],[-49.1401,-25.38853],[-49.13975,-25.38677],[-49.13932,-25.38647],[-49.13812,-25.385],[-49.13855,-25.38442],[-49.13864,-25.38329],[-49.13906,-25.38294],[-49.1396,-25.38269],[-49.14253,-25.38259],[-49.14307,-25.38226],[-49.14345,-25.3818],[-49.14404,-25.38006],[-49.14404,-25.37988],[-49.14325,-25.37929],[-49.14315,-25.37829],[-49.14217,-25.3769],[-49.14249,-25.37495],[-49.14294,-25.37396],[-49.14206,-25.37383],[-49.14143,-25.37344],[-49.14044,-25.37338],[-49.14018,-25.37263],[-49.13977,-25.37249],[-49.13854,-25.37243],[-49.138,-25.37256],[-49.13777,-25.37294],[-49.13741,-25.37312],[-49.13525,-25.37167],[-49.13468,-25.37121],[-49.13462,-25.37098],[-49.13573,-25.36957],[-49.1372,-25.36868],[-49.13821,-25.36857],[-49.13885,-25.36783],[-49.14041,-25.36741],[-49.14099,-25.36673],[-49.14172,-25.36655],[-49.14195,-25.3661],[-49.14178,-25.36551],[-49.14188,-25.36522],[-49.14246,-25.36484],[-49.144,-25.36316],[-49.14526,-25.36255],[-49.14544,-25.36133],[-49.14413,-25.36048],[-49.14371,-25.3593],[-49.1427,-25.35857],[-49.14174,-25.35531],[-49.14119,-25.35452],[-49.14042,-25.35411],[-49.1383,-25.35366],[-49.13804,-25.35376],[-49.13761,-25.35346],[-49.13734,-25.35234],[-49.13698,-25.35197],[-49.13712,-25.35127],[-49.13693,-25.35056],[-49.13644,-25.35013],[-49.13662,-25.3499],[-49.13707,-25.34978],[-49.13716,-25.34945],[-49.13703,-25.3487],[-49.13637,-25.34816],[-49.13648,-25.34693],[-49.13649,-25.34729],[-49.13841,-25.34511],[-49.13856,-25.34477],[-49.13807,-25.34425],[-49.13807,-25.344],[-49.13853,-25.34402],[-49.1404,-25.34488],[-49.14084,-25.34482],[-49.14168,-25.34359],[-49.1418,-25.34283],[-49.14249,-25.34206],[-49.14181,-25.3415],[-49.14154,-25.34045],[-49.14025,-25.33935],[-49.14008,-25.33898],[-49.13977,-25.33797],[-49.13978,-25.33737],[-49.14022,-25.33541],[-49.13978,-25.33498],[-49.13776,-25.33473],[-49.13765,-25.33386],[-49.13741,-25.33367],[-49.13577,-25.33316],[-49.13579,-25.33208],[-49.13538,-25.33133],[-49.13337,-25.32938],[-49.13167,-25.32833],[-49.13145,-25.32809],[-49.13142,-25.32726],[-49.13117,-25.32677],[-49.12992,-25.32598],[-49.13007,-25.32569],[-49.13147,-25.32504],[-49.13278,-25.32474],[-49.13321,-25.32392],[-49.13464,-25.32328],[-49.13608,-25.32325],[-49.13635,-25.32312],[-49.13736,-25.32195],[-49.13813,-25.32177],[-49.13874,-25.32223],[-49.13945,-25.32233],[-49.1398,-25.32219],[-49.14045,-25.32086],[-49.14046,-25.32045],[-49.13958,-25.32025],[-49.13886,-25.31901],[-49.13797,-25.31836],[-49.13676,-25.31713],[-49.1364,-25.31626],[-49.13502,-25.31521],[-49.13075,-25.31448],[-49.13024,-25.3145],[-49.12957,-25.31497],[-49.12782,-25.31514],[-49.12607,-25.31594],[-49.12355,-25.31622],[-49.1217,-25.31661],[-49.12018,-25.31761],[-49.11959,-25.31902],[-49.11897,-25.31937],[-49.11804,-25.31959],[-49.11686,-25.3195],[-49.1149,-25.31993],[-49.11388,-25.32048],[-49.11343,-25.32094],[-49.11078,-25.32216],[-49.1093,-25.32335],[-49.10862,-25.3253],[-49.10653,-25.32662],[-49.10586,-25.32809],[-49.10444,-25.32942],[-49.10326,-25.32966],[-49.10199,-25.32932],[-49.10172,-25.32947],[-49.10001,-25.33201],[-49.09936,-25.33228],[-49.0977,-25.33246],[-49.0968,-25.33286],[-49.09513,-25.33398],[-49.09407,-25.33542],[-49.09328,-25.33609],[-49.09124,-25.33724],[-49.08908,-25.33736],[-49.08848,-25.33788],[-49.08815,-25.33834],[-49.08826,-25.33996],[-49.08842,-25.34028],[-49.08787,-25.34054],[-49.08785,-25.34095],[-49.08743,-25.34123],[-49.08554,-25.34159],[-49.08514,-25.34207],[-49.08432,-25.34237],[-49.08397,-25.34282],[-49.08397,-25.34329],[-49.08439,-25.34484],[-49.08402,-25.34528],[-49.08419,-25.34804],[-49.0841,-25.34823],[-49.08321,-25.34871],[-49.08297,-25.35004],[-49.08227,-25.35071],[-49.0826,-25.35149],[-49.08271,-25.35236],[-49.08323,-25.35362],[-49.08301,-25.35428],[-49.08304,-25.35502],[-49.0837,-25.35593],[-49.08346,-25.35613],[-49.0815,-25.35611],[-49.07946,-25.35649],[-49.07888,-25.35689],[-49.07866,-25.35717],[-49.07866,-25.35748],[-49.07801,-25.35789],[-49.07755,-25.35843],[-49.07742,-25.35937],[-49.07819,-25.36042],[-49.07808,-25.361],[-49.07746,-25.36155],[-49.07743,-25.36197],[-49.07789,-25.36338],[-49.07778,-25.36421],[-49.0773,-25.36594],[-49.07587,-25.36687],[-49.07508,-25.36709],[-49.07179,-25.36901],[-49.07094,-25.36922],[-49.06933,-25.36994],[-49.06802,-25.37017],[-49.06706,-25.37016],[-49.06663,-25.36993],[-49.06643,-25.36948],[-49.06646,-25.36863],[-49.06631,-25.36832],[-49.06612,-25.36804],[-49.06548,-25.36781],[-49.06409,-25.36808],[-49.06172,-25.36893],[-49.05981,-25.37093],[-49.05902,-25.37157],[-49.05819,-25.37184],[-49.05569,-25.37196],[-49.05446,-25.37133],[-49.0538,-25.3712],[-49.05301,-25.3714],[-49.05208,-25.37195],[-49.0517,-25.37241],[-49.0513,-25.37402],[-49.05073,-25.37534],[-49.04985,-25.37679],[-49.04829,-25.37826],[-49.04709,-25.37855],[-49.04607,-25.37841],[-49.04382,-25.37848],[-49.04257,-25.3792],[-49.03916,-25.37928],[-49.02918,-25.38156],[-49.02746,-25.38225],[-49.02689,-25.38265],[-49.02648,-25.38326],[-49.02653,-25.38415],[-49.02649,-25.38453],[-49.02631,-25.38468],[-49.02527,-25.38463],[-49.02476,-25.38442],[-49.02484,-25.38302],[-49.02478,-25.38259],[-49.02454,-25.38244],[-49.02353,-25.38431],[-49.02245,-25.38534],[-49.02013,-25.38669],[-49.01976,-25.38766],[-49.01864,-25.38815],[-49.01875,-25.38878],[-49.01859,-25.38908],[-49.01793,-25.38972],[-49.01669,-25.39035],[-49.01516,-25.39209],[-49.01464,-25.39223],[-49.01188,-25.39224],[-49.00945,-25.39045],[-49.00612,-25.38882],[-49.00455,-25.38836],[-49.00213,-25.38836],[-49.00121,-25.38867],[-49.0005,-25.38918],[-48.99951,-25.39047],[-48.999,-25.39147],[-48.99786,-25.39272],[-48.9974,-25.39356],[-48.99699,-25.39579],[-48.99639,-25.3969],[-48.99612,-25.39839],[-48.99616,-25.39888],[-48.99778,-25.40071],[-48.99789,-25.40208],[-48.99844,-25.40301],[-48.99855,-25.40354],[-48.99885,-25.40393],[-48.99985,-25.40416],[-49.00061,-25.40465],[-49.00139,-25.40528],[-49.00171,-25.40575],[-49.0003,-25.40675],[-48.99988,-25.40732],[-48.99981,-25.40816],[-49.00028,-25.40998],[-49.00007,-25.41104],[-48.99948,-25.4119],[-48.99953,-25.41215],[-49.00031,-25.41285],[-48.99989,-25.41374],[-48.99917,-25.41445],[-48.99863,-25.41531],[-48.99846,-25.4165],[-48.99783,-25.41779],[-48.99801,-25.41813],[-49.00005,-25.41955],[-49.00049,-25.42002],[-48.99943,-25.4216],[-48.99779,-25.42498],[-48.99747,-25.42572],[-48.99718,-25.4276],[-48.99726,-25.42917],[-48.99799,-25.43109],[-48.99849,-25.43199],[-48.99847,-25.43298],[-48.99894,-25.4344],[-48.99887,-25.43705],[-48.99853,-25.43799],[-48.99879,-25.44018],[-48.99903,-25.44083],[-48.9997,-25.44183],[-48.99973,-25.44263],[-49.00041,-25.44326],[-49.00118,-25.44358],[-49.00345,-25.44504],[-49.00633,-25.4456],[-49.007,-25.44638],[-49.00748,-25.44645],[-49.01032,-25.4455],[-49.01217,-25.44432],[-49.01305,-25.44344],[-49.01436,-25.44301],[-49.01535,-25.44235],[-49.01654,-25.44195],[-49.01925,-25.44044],[-49.01961,-25.43874],[-49.0198,-25.43854],[-49.02247,-25.43802],[-49.02476,-25.43812],[-49.02622,-25.43749],[-49.02691,-25.43738],[-49.02783,-25.43657],[-49.02989,-25.43543],[-49.03076,-25.43452],[-49.03099,-25.43353],[-49.032,-25.43287],[-49.03464,-25.4318],[-49.03537,-25.43129],[-49.03641,-25.43158],[-49.0371,-25.43095],[-49.03717,-25.43017],[-49.03774,-25.4292],[-49.03995,-25.42782],[-49.04071,-25.42667],[-49.04195,-25.42555],[-49.04226,-25.42468],[-49.04337,-25.42354],[-49.04368,-25.42247],[-49.04652,-25.42032],[-49.04748,-25.41906],[-49.04862,-25.4181],[-49.04904,-25.41799],[-49.04973,-25.41868],[-49.05108,-25.4187],[-49.05268,-25.41897],[-49.055,-25.41959],[-49.05516,-25.41946],[-49.05516,-25.41768],[-49.0556,-25.41653],[-49.05605,-25.4161],[-49.05758,-25.41587],[-49.05872,-25.41552],[-49.05931,-25.41554],[-49.05966,-25.41607],[-49.06041,-25.41618],[-49.06329,-25.41871],[-49.06434,-25.41862],[-49.06593,-25.41771],[-49.06676,-25.41767],[-49.0685,-25.41834],[-49.06983,-25.41927],[-49.07046,-25.41946],[-49.07085,-25.41937],[-49.07163,-25.41884],[-49.07185,-25.41835],[-49.07214,-25.41835],[-49.0722,-25.41859],[-49.07305,-25.41822],[-49.075,-25.41679],[-49.07548,-25.41666],[-49.0761,-25.41679],[-49.0772,-25.41745],[-49.07737,-25.41811],[-49.0781,-25.41855],[-49.07861,-25.4191],[-49.07883,-25.41962],[-49.07881,-25.42064],[-49.07925,-25.422],[-49.07945,-25.42348],[-49.07983,-25.42409],[-49.0798,-25.42548],[-49.11919,-25.42601],[-49.1212,-25.42587],[-49.122,-25.42519],[-49.12232,-25.42457],[-49.12217,-25.42437],[-49.12219,-25.42278],[-49.12158,-25.42036],[-49.1217,-25.41952],[-49.12208,-25.41912],[-49.12363,-25.41872],[-49.12411,-25.41761],[-49.1246,-25.41724],[-49.12502,-25.41718],[-49.12642,-25.41747],[-49.12674,-25.41702],[-49.12693,-25.41637],[-49.12682,-25.41566],[-49.12696,-25.41466],[-49.12677,-25.41414],[-49.12646,-25.41393],[-49.12649,-25.41331],[-49.12689,-25.41246],[-49.12719,-25.41125],[-49.12708,-25.41073],[-49.12665,-25.4102],[-49.12624,-25.40916],[-49.12631,-25.4084],[-49.12701,-25.40727],[-49.12724,-25.40647],[-49.12833,-25.406],[-49.12854,-25.4057],[-49.12919,-25.40432],[-49.12975,-25.40127],[-49.13029,-25.40088],[-49.13129,-25.40104],[-49.13234,-25.40072],[-49.13351,-25.40068]]]}},{"type":"Feature","properties":{"cnuc":"0000.41.0658","nome":"ÁREA DE PROTEÇÃO AMBIENTAL DO PEQUENO","categoria":"Área de Proteção Ambiental","grupo":"Uso Sustentável","esfera":"Estadual","area_ha":null,"criacao":"06-05-1996","gestor":"INSTITUTO AMBIENTAL DO PARANÁ - PR","uf":"PARANÁ","plano_manejo":"Não"},"geometry":{"type":"Polygon","coordinates":[[[-49.09097,-25.55187],[-49.08953,-25.55173],[-49.08896,-25.55135],[-49.08895,-25.55062],[-49.08868,-25.55026],[-49.08759,-25.54999],[-49.08662,-25.55003],[-49.08621,-25.55022],[-49.08508,-25.5513],[-49.08285,-25.55146],[-49.08018,-25.5514],[-49.07983,-25.55126],[-49.07883,-25.55037],[-49.07829,-25.55032],[-49.07746,-25.54966],[-49.07704,-25.54903],[-49.07652,-25.54899],[-49.07553,-25.54929],[-49.07433,-25.54855],[-49.0724,-25.54838],[-49.06941,-25.54827],[-49.06808,-25.54857],[-49.06701,-25.54856],[-49.06623,-25.54894],[-49.0651,-25.54991],[-49.06304,-25.55069],[-49.06268,-25.55104],[-49.06203,-25.55128],[-49.06162,-25.55158],[-49.06102,-25.55291],[-49.06082,-25.55296],[-49.06039,-25.55268],[-49.05925,-25.55243],[-49.05764,-25.55305],[-49.05726,-25.55393],[-49.05722,-25.555],[-49.05572,-25.55618],[-49.05451,-25.55658],[-49.05252,-25.55916],[-49.05219,-25.55935],[-49.0504,-25.5591],[-49.04876,-25.55945],[-49.0485,-25.55931],[-49.04821,-25.5584],[-49.04766,-25.55773],[-49.04751,-25.55685],[-49.04633,-25.55506],[-49.04592,-25.55453],[-49.04485,-25.55403],[-49.04401,-25.55063],[-49.04369,-25.5504],[-49.04242,-25.55039],[-49.04182,-25.54947],[-49.04103,-25.54949],[-49.04058,-25.54955],[-49.03984,-25.54996],[-49.0383,-25.5503],[-49.03679,-25.55113],[-49.03641,-25.55145],[-49.03621,-25.55196],[-49.03619,-25.55283],[-49.03594,-25.5532],[-49.03459,-25.55355],[-49.03384,-25.5546],[-49.03238,-25.55503],[-49.03186,-25.55554],[-49.03165,-25.55693],[-49.03098,-25.55736],[-49.03055,-25.55832],[-49.0299,-25.55865],[-49.02898,-25.55962],[-49.02778,-25.55997],[-49.02699,-25.5599],[-49.02626,-25.56017],[-49.02604,-25.55992],[-49.02632,-25.55951],[-49.02641,-25.55893],[-49.02594,-25.55794],[-49.02386,-25.55757],[-49.02317,-25.55721],[-49.02287,-25.55405],[-49.02253,-25.55355],[-49.02171,-25.55335],[-49.02091,-25.55338],[-49.01954,-25.55245],[-49.01926,-25.55244],[-49.01884,-25.55252],[-49.01818,-25.55355],[-49.01753,-25.55363],[-49.0165,-25.5534],[-49.01605,-25.5531],[-49.0142,-25.55246],[-49.01324,-25.55175],[-49.01238,-25.55173],[-49.01153,-25.55194],[-49.00977,-25.55188],[-49.00913,-25.55157],[-49.00893,-25.55136],[-49.00893,-25.55111],[-49.00931,-25.5507],[-49.00965,-25.5495],[-49.01112,-25.5485],[-49.01113,-25.54835],[-49.00997,-25.54759],[-49.00985,-25.54738],[-49.00986,-25.54637],[-49.00964,-25.54628],[-49.00889,-25.54677],[-49.00838,-25.54689],[-49.008,-25.54677],[-49.00707,-25.54703],[-49.00764,-25.54616],[-49.00748,-25.54565],[-49.00592,-25.54407],[-49.00523,-25.5427],[-49.00507,-25.54267],[-49.00351,-25.54373],[-49.0034,-25.54367],[-49.00381,-25.54152],[-49.00375,-25.54026],[-49.00302,-25.5401],[-49.002,-25.53935],[-49.00097,-25.53938],[-49.00003,-25.53964],[-48.99883,-25.539],[-48.99843,-25.539],[-48.99795,-25.5394],[-48.99766,-25.54005],[-48.99687,-25.54057],[-48.99678,-25.54082],[-48.99701,-25.54139],[-48.99685,-25.54154],[-48.99591,-25.54081],[-48.99537,-25.54096],[-48.99438,-25.54165],[-48.99404,-25.5415],[-48.99298,-25.53987],[-48.99206,-25.539],[-48.99181,-25.53808],[-48.99206,-25.53686],[-48.99144,-25.53644],[-48.99145,-25.53613],[-48.99181,-25.53557],[-48.99218,-25.53513],[-48.99301,-25.53467],[-48.99309,-25.53445],[-48.99238,-25.53464],[-48.9917,-25.53462],[-48.99114,-25.53435],[-48.99025,-25.53351],[-48.98933,-25.53327],[-48.98903,-25.53264],[-48.98821,-25.53178],[-48.98743,-25.53193],[-48.98716,-25.53181],[-48.98515,-25.52932],[-48.98381,-25.52919],[-48.98314,-25.5294],[-48.98239,-25.52939],[-48.98152,-25.52923],[-48.98093,-25.52946],[-48.98036,-25.52944],[-48.97924,-25.5289],[-48.97878,-25.5283],[-48.97851,-25.52828],[-48.97806,-25.5283],[-48.97684,-25.52877],[-48.97619,-25.52872],[-48.97585,-25.52846],[-48.97558,-25.52752],[-48.9751,-25.52671],[-48.97423,-25.52608],[-48.97332,-25.52575],[-48.97326,-25.52528],[-48.97164,-25.52328],[-48.96929,-25.52218],[-48.96807,-25.52197],[-48.96593,-25.52211],[-48.96511,-25.5225],[-48.96499,-25.52289],[-48.96506,-25.52381],[-48.96534,-25.52483],[-48.96487,-25.52688],[-48.96326,-25.52823],[-48.96287,-25.52879],[-48.96283,-25.52921],[-48.96336,-25.53049],[-48.96365,-25.53243],[-48.96364,-25.53332],[-48.96331,-25.535],[-48.96297,-25.53554],[-48.96174,-25.53633],[-48.96204,-25.53739],[-48.96192,-25.53898],[-48.96286,-25.53934],[-48.9635,-25.54065],[-48.96385,-25.54097],[-48.96522,-25.54143],[-48.96576,-25.54188],[-48.96674,-25.54232],[-48.96776,-25.54328],[-48.96814,-25.54346],[-48.97039,-25.54299],[-48.97064,-25.54315],[-48.97174,-25.54571],[-48.97192,-25.54676],[-48.97176,-25.54807],[-48.97173,-25.55142],[-48.97114,-25.55295],[-48.97121,-25.55318],[-48.97286,-25.55402],[-48.97321,-25.55439],[-48.97276,-25.55501],[-48.97275,-25.55578],[-48.97249,-25.55627],[-48.97178,-25.55712],[-48.97088,-25.55784],[-48.97081,-25.55865],[-48.96908,-25.55922],[-48.96818,-25.55854],[-48.96641,-25.55791],[-48.9655,-25.55868],[-48.96512,-25.55838],[-48.96411,-25.55883],[-48.96423,-25.55996],[-48.96512,-25.56238],[-48.96634,-25.56331],[-48.96762,-25.5647],[-48.96856,-25.56506],[-48.96948,-25.56484],[-48.97024,-25.56534],[-48.97064,-25.56634],[-48.9712,-25.56694],[-48.97117,-25.5671],[-48.96991,-25.56795],[-48.97042,-25.56847],[-48.97008,-25.56919],[-48.97027,-25.56972],[-48.97115,-25.57072],[-48.97121,-25.57102],[-48.97201,-25.57065],[-48.97337,-25.57085],[-48.97404,-25.57163],[-48.97518,-25.57221],[-48.97565,-25.57331],[-48.97683,-25.57335],[-48.97846,-25.57705],[-48.97857,-25.57812],[-48.97894,-25.57831],[-48.97936,-25.57917],[-48.9815,-25.58151],[-48.98284,-25.5818],[-48.98468,-25.58167],[-48.98569,-25.58181],[-48.98792,-25.58271],[-48.98943,-25.58258],[-48.99096,-25.58419],[-48.99156,-25.58447],[-48.99198,-25.58525],[-48.99231,-25.5855],[-48.99344,-25.58529],[-48.99553,-25.58526],[-48.99651,-25.58474],[-48.99731,-25.58488],[-48.99828,-25.58555],[-48.99829,-25.58626],[-48.99725,-25.58686],[-48.99744,-25.58794],[-48.99713,-25.58888],[-48.99651,-25.58974],[-48.99608,-25.59003],[-48.99524,-25.59157],[-48.99545,-25.5928],[-48.99664,-25.59369],[-48.99453,-25.59486],[-48.99361,-25.59584],[-48.99313,-25.59645],[-48.99291,-25.59705],[-48.99284,-25.59769],[-48.99312,-25.59802],[-48.99492,-25.59923],[-48.99659,-25.59933],[-49.00076,-25.6005],[-49.0011,-25.60075],[-49.00322,-25.60095],[-49.00485,-25.60148],[-49.0065,-25.60336],[-49.0084,-25.60416],[-49.00863,-25.60443],[-49.00886,-25.60526],[-49.00929,-25.60559],[-49.01057,-25.6058],[-49.01127,-25.60669],[-49.01252,-25.60697],[-49.01373,-25.60881],[-49.01512,-25.60976],[-49.01592,-25.6106],[-49.01662,-25.60936],[-49.01784,-25.60889],[-49.01848,-25.60828],[-49.01927,-25.60827],[-49.01997,-25.60907],[-49.02032,-25.60919],[-49.02256,-25.60916],[-49.02411,-25.60852],[-49.02502,-25.60852],[-49.02747,-25.6077],[-49.02994,-25.60746],[-49.0312,-25.60681],[-49.03191,-25.60694],[-49.03267,-25.60764],[-49.03409,-25.60718],[-49.0344,-25.60722],[-49.03507,-25.60775],[-49.03606,-25.60733],[-49.03709,-25.60638],[-49.03742,-25.60637],[-49.03814,-25.60666],[-49.03976,-25.60688],[-49.04058,-25.60766],[-49.04095,-25.60826],[-49.04073,-25.60898],[-49.04077,-25.60939],[-49.04203,-25.60991],[-49.04249,-25.61037],[-49.04299,-25.61123],[-49.04299,-25.61146],[-49.04254,-25.61214],[-49.04334,-25.61287],[-49.04551,-25.61306],[-49.04752,-25.61369],[-49.04944,-25.61323],[-49.05219,-25.61211],[-49.05331,-25.61194],[-49.05408,-25.61293],[-49.05522,-25.61353],[-49.05675,-25.61392],[-49.05613,-25.61435],[-49.05636,-25.61481],[-49.05625,-25.61545],[-49.05597,-25.61622],[-49.05524,-25.61685],[-49.05512,-25.61724],[-49.05541,-25.6173],[-49.05553,-25.61708],[-49.05605,-25.61691],[-49.05764,-25.61689],[-49.05879,-25.61638],[-49.05961,-25.61665],[-49.06042,-25.61662],[-49.06053,-25.61693],[-49.06077,-25.61693],[-49.06223,-25.61593],[-49.06236,-25.61521],[-49.06299,-25.6147],[-49.06429,-25.61428],[-49.06449,-25.61402],[-49.06456,-25.61241],[-49.06517,-25.61171],[-49.06485,-25.61052],[-49.0649,-25.61021],[-49.066,-25.60895],[-49.06711,-25.60804],[-49.06775,-25.60657],[-49.06786,-25.60592],[-49.0673,-25.60479],[-49.06721,-25.60377],[-49.06738,-25.60354],[-49.06849,-25.60315],[-49.06874,-25.6029],[-49.06915,-25.60181],[-49.06909,-25.60123],[-49.06805,-25.60082],[-49.06792,-25.60053],[-49.06892,-25.59978],[-49.07057,-25.59805],[-49.07196,-25.59734],[-49.07186,-25.59621],[-49.07243,-25.5945],[-49.07237,-25.59305],[-49.07259,-25.59236],[-49.07231,-25.59113],[-49.07237,-25.59029],[-49.07338,-25.58901],[-49.07425,-25.58832],[-49.07463,-25.58662],[-49.07577,-25.58585],[-49.07694,-25.58545],[-49.07811,-25.58526],[-49.07866,-25.58465],[-49.08015,-25.58379],[-49.08099,-25.58295],[-49.0827,-25.58327],[-49.08329,-25.58247],[-49.08359,-25.58231],[-49.08615,-25.58245],[-49.08713,-25.58271],[-49.0891,-25.58262],[-49.08971,-25.58392],[-49.091,-25.58462],[-49.09387,-25.58418],[-49.0945,-25.58424],[-49.09532,-25.58483],[-49.09632,-25.58486],[-49.09691,-25.58543],[-49.09926,-25.58526],[-49.10089,-25.58557],[-49.10222,-25.58527],[-49.1034,-25.58442],[-49.10408,-25.58333],[-49.10302,-25.58296],[-49.10156,-25.58193],[-49.10059,-25.58153],[-49.09998,-25.58107],[-49.10108,-25.58017],[-49.10032,-25.57958],[-49.10104,-25.57771],[-49.10074,-25.57647],[-49.10011,-25.57599],[-49.099,-25.57377],[-49.09861,-25.57001],[-49.09927,-25.56706],[-49.0989,-25.56603],[-49.1006,-25.56378],[-49.10051,-25.56295],[-49.09961,-25.56134],[-49.09999,-25.56069],[-49.1002,-25.5598],[-49.09993,-25.55839],[-49.09918,-25.5573],[-49.09643,-25.55691],[-49.09377,-25.55614],[-49.09306,-25.55461],[-49.09215,-25.55403],[-49.09217,-25.55303],[-49.09097,-25.55187]]]}},{"type":"Feature","properties":{"cnuc":"0000.41.0526","nome":"ÁREA DE PROTEÇÃO AMBIENTAL DO PASSAUNA","categoria":"Área de Proteção Ambiental","grupo":"Uso Sustentável","esfera":"Estadual","area_ha":15562.13,"criacao":"05-06-1991","gestor":"INSTITUTO AMBIENTAL DO PARANÁ - PR","uf":"PARANÁ","plano_manejo":"Não"},"geometry":{"type":"Polygon","coordinates":[[[-49.35066,-25.41594],[-49.35031,-25.41696],[-49.34948,-25.41727],[-49.34927,-25.41773],[-49.34789,-25.4194],[-49.34719,-25.41963],[-49.34697,-25.41932],[-49.34673,-25.41927],[-49.34617,-25.41958],[-49.34536,-25.41967],[-49.34478,-25.42079],[-49.34483,-25.42098],[-49.34573,-25.42129],[-49.34725,-25.42131],[-49.34779,-25.42146],[-49.34827,-25.42213],[-49.34921,-25.42264],[-49.34965,-25.42336],[-49.35187,-25.42463],[-49.3523,-25.42554],[-49.35306,-25.42622],[-49.35355,-25.42609],[-49.3538,-25.42581],[-49.35416,-25.42516],[-49.35434,-25.42442],[-49.35474,-25.42394],[-49.35538,-25.42422],[-49.35663,-25.4241],[-49.35701,-25.42429],[-49.3577,-25.42516],[-49.3586,-25.4254],[-49.35949,-25.4253],[-49.36103,-25.42429],[-49.36125,-25.4244],[-49.36118,-25.42497],[-49.36146,-25.42532],[-49.36204,-25.42533],[-49.36324,-25.4247],[-49.36354,-25.42472],[-49.36414,-25.42511],[-49.36504,-25.42525],[-49.36526,-25.42552],[-49.36523,-25.42645],[-49.36572,-25.42727],[-49.36734,-25.42831],[-49.36846,-25.4284],[-49.36909,-25.42918],[-49.37011,-25.42957],[-49.37079,-25.43035],[-49.37126,-25.43059],[-49.37162,-25.43112],[-49.37221,-25.43139],[-49.37229,-25.43165],[-49.37193,-25.43205],[-49.37002,-25.43251],[-49.36918,-25.43334],[-49.36736,-25.43368],[-49.36708,-25.43518],[-49.36651,-25.43593],[-49.36614,-25.43692],[-49.36466,-25.43772],[-49.36441,-25.43859],[-49.36401,-25.43907],[-49.36401,-25.44105],[-49.3637,-25.44374],[-49.36336,-25.44505],[-49.36257,-25.44566],[-49.36245,-25.44732],[-49.36264,-25.44751],[-49.36342,-25.44735],[-49.36359,-25.44804],[-49.36347,-25.44885],[-49.36373,-25.44909],[-49.3646,-25.4489],[-49.36525,-25.44899],[-49.36537,-25.44916],[-49.36519,-25.45037],[-49.36454,-25.45139],[-49.36395,-25.45191],[-49.36379,-25.45241],[-49.36352,-25.45268],[-49.36358,-25.45305],[-49.36438,-25.45319],[-49.36412,-25.45529],[-49.36375,-25.45669],[-49.36377,-25.45722],[-49.36462,-25.45886],[-49.36523,-25.4591],[-49.3664,-25.45914],[-49.36683,-25.4594],[-49.3669,-25.45996],[-49.36631,-25.46062],[-49.36606,-25.46171],[-49.36622,-25.46205],[-49.36689,-25.46253],[-49.36695,-25.46277],[-49.36637,-25.46488],[-49.36708,-25.46676],[-49.36651,-25.4685],[-49.36511,-25.46903],[-49.3647,-25.46941],[-49.36445,-25.47007],[-49.36325,-25.47059],[-49.36295,-25.4709],[-49.36254,-25.47183],[-49.36149,-25.47257],[-49.36026,-25.47307],[-49.35959,-25.47366],[-49.35976,-25.47517],[-49.35915,-25.47662],[-49.35929,-25.47749],[-49.35887,-25.47883],[-49.35748,-25.47953],[-49.35691,-25.48017],[-49.35541,-25.48087],[-49.35448,-25.48233],[-49.35413,-25.48319],[-49.35425,-25.48528],[-49.35494,-25.48632],[-49.35647,-25.48731],[-49.35921,-25.48741],[-49.35938,-25.48756],[-49.35922,-25.48942],[-49.35948,-25.49065],[-49.36019,-25.49126],[-49.36018,-25.49202],[-49.36002,-25.49306],[-49.35961,-25.49355],[-49.35759,-25.4944],[-49.35545,-25.49468],[-49.35373,-25.49457],[-49.35344,-25.49463],[-49.35333,-25.495],[-49.35378,-25.4971],[-49.35459,-25.49748],[-49.35491,-25.49789],[-49.35477,-25.49871],[-49.35386,-25.5013],[-49.35392,-25.50181],[-49.35457,-25.50334],[-49.3553,-25.50412],[-49.35661,-25.50497],[-49.35664,-25.5052],[-49.35651,-25.50548],[-49.35565,-25.50612],[-49.35517,-25.50683],[-49.35424,-25.50765],[-49.35351,-25.50865],[-49.35288,-25.50996],[-49.35285,-25.51051],[-49.35265,-25.51081],[-49.352,-25.51112],[-49.35235,-25.51153],[-49.35234,-25.51204],[-49.35272,-25.51236],[-49.35228,-25.51343],[-49.35224,-25.51407],[-49.35254,-25.51442],[-49.35333,-25.51425],[-49.35365,-25.51435],[-49.35391,-25.51473],[-49.35427,-25.51616],[-49.35483,-25.51672],[-49.355,-25.51675],[-49.3553,-25.51646],[-49.35561,-25.51651],[-49.35559,-25.51677],[-49.35519,-25.51728],[-49.35534,-25.51771],[-49.35598,-25.51825],[-49.35612,-25.5191],[-49.35605,-25.51926],[-49.35515,-25.51965],[-49.35468,-25.52083],[-49.35401,-25.52144],[-49.35402,-25.52222],[-49.35383,-25.52261],[-49.35293,-25.52281],[-49.35279,-25.5237],[-49.35172,-25.52441],[-49.35114,-25.52525],[-49.35162,-25.52714],[-49.35195,-25.52758],[-49.35306,-25.52808],[-49.35334,-25.52865],[-49.35428,-25.52882],[-49.35531,-25.52961],[-49.35517,-25.53001],[-49.35459,-25.53038],[-49.35399,-25.53105],[-49.35404,-25.53188],[-49.35386,-25.5326],[-49.3541,-25.53302],[-49.35393,-25.53411],[-49.35421,-25.53473],[-49.3549,-25.53428],[-49.35543,-25.53341],[-49.35584,-25.53308],[-49.35822,-25.53233],[-49.35897,-25.5319],[-49.35947,-25.53212],[-49.35995,-25.53213],[-49.36048,-25.53282],[-49.36078,-25.5338],[-49.36155,-25.535],[-49.36165,-25.53672],[-49.36224,-25.53776],[-49.36261,-25.5389],[-49.36269,-25.53998],[-49.36225,-25.54243],[-49.36243,-25.54328],[-49.36362,-25.54373],[-49.36419,-25.54429],[-49.36498,-25.54426],[-49.36573,-25.54553],[-49.36734,-25.54619],[-49.36771,-25.5458],[-49.36774,-25.54534],[-49.36802,-25.54494],[-49.36956,-25.54469],[-49.3702,-25.54485],[-49.37032,-25.54466],[-49.37016,-25.54405],[-49.37034,-25.54378],[-49.37293,-25.54286],[-49.37349,-25.54209],[-49.37402,-25.54199],[-49.37516,-25.54224],[-49.37554,-25.542],[-49.37541,-25.54182],[-49.37576,-25.5415],[-49.37633,-25.54133],[-49.37795,-25.54022],[-49.37833,-25.54013],[-49.37815,-25.53926],[-49.37909,-25.53731],[-49.38084,-25.53718],[-49.38126,-25.53668],[-49.38166,-25.5367],[-49.38185,-25.53651],[-49.38282,-25.53634],[-49.38365,-25.53533],[-49.38696,-25.53514],[-49.38727,-25.53525],[-49.38757,-25.53571],[-49.38788,-25.53588],[-49.38879,-25.53585],[-49.39007,-25.53442],[-49.39064,-25.53349],[-49.39238,-25.53309],[-49.39302,-25.53275],[-49.39468,-25.53101],[-49.39511,-25.53089],[-49.39587,-25.53102],[-49.39634,-25.53059],[-49.3983,-25.53049],[-49.39914,-25.53066],[-49.39965,-25.53113],[-49.40055,-25.53126],[-49.4014,-25.53195],[-49.40196,-25.53217],[-49.40393,-25.53177],[-49.40388,-25.53076],[-49.40404,-25.53048],[-49.40434,-25.53049],[-49.40463,-25.53024],[-49.40712,-25.53016],[-49.40737,-25.52995],[-49.40753,-25.52925],[-49.40792,-25.52897],[-49.40816,-25.52854],[-49.40769,-25.52774],[-49.40772,-25.52713],[-49.40838,-25.52634],[-49.4086,-25.52558],[-49.4093,-25.52536],[-49.40974,-25.52481],[-49.41063,-25.52436],[-49.41106,-25.52325],[-49.41106,-25.52277],[-49.41192,-25.5216],[-49.41172,-25.52093],[-49.4114,-25.52052],[-49.4113,-25.51956],[-49.41054,-25.51877],[-49.4096,-25.51868],[-49.40856,-25.51951],[-49.40808,-25.51945],[-49.40868,-25.51921],[-49.40914,-25.51871],[-49.40989,-25.51846],[-49.41023,-25.51752],[-49.41024,-25.517],[-49.4095,-25.51563],[-49.41069,-25.51414],[-49.41095,-25.514],[-49.41305,-25.51431],[-49.41261,-25.51384],[-49.41207,-25.51356],[-49.41164,-25.51272],[-49.41073,-25.51239],[-49.4101,-25.51188],[-49.40823,-25.51116],[-49.40758,-25.51061],[-49.40581,-25.51074],[-49.40563,-25.51037],[-49.40603,-25.50972],[-49.40677,-25.50951],[-49.40707,-25.50918],[-49.40675,-25.50794],[-49.40631,-25.50734],[-49.40635,-25.50705],[-49.40701,-25.50717],[-49.40745,-25.50697],[-49.40757,-25.50613],[-49.40864,-25.50545],[-49.40814,-25.50421],[-49.40729,-25.50312],[-49.40733,-25.50235],[-49.40684,-25.50258],[-49.40537,-25.50195],[-49.40535,-25.50178],[-49.40545,-25.50169],[-49.40601,-25.502],[-49.40685,-25.50156],[-49.40794,-25.50073],[-49.4086,-25.49946],[-49.40913,-25.49928],[-49.40953,-25.49855],[-49.41028,-25.49814],[-49.4103,-25.49741],[-49.41008,-25.49698],[-49.41018,-25.49646],[-49.41056,-25.49576],[-49.41002,-25.495],[-49.41001,-25.49431],[-49.40931,-25.49423],[-49.40938,-25.49389],[-49.40914,-25.49359],[-49.40934,-25.4937],[-49.4093,-25.49361],[-49.4088,-25.4929],[-49.40751,-25.49308],[-49.4064,-25.49276],[-49.40608,-25.49209],[-49.40611,-25.4914],[-49.40699,-25.49083],[-49.40673,-25.49001],[-49.40746,-25.48959],[-49.40799,-25.48959],[-49.4085,-25.4893],[-49.40893,-25.48837],[-49.41017,-25.48765],[-49.41042,-25.48693],[-49.41113,-25.48686],[-49.412,-25.48719],[-49.41246,-25.48691],[-49.41373,-25.48733],[-49.41495,-25.4853],[-49.4155,-25.48504],[-49.41687,-25.48503],[-49.41743,-25.48485],[-49.41779,-25.48449],[-49.41736,-25.48373],[-49.41737,-25.48326],[-49.41859,-25.48163],[-49.41947,-25.48104],[-49.41981,-25.48028],[-49.4203,-25.47981],[-49.41992,-25.47887],[-49.41982,-25.47803],[-49.41779,-25.47574],[-49.41802,-25.4754],[-49.41886,-25.47531],[-49.41904,-25.47495],[-49.4192,-25.47337],[-49.41984,-25.47304],[-49.42021,-25.47241],[-49.42014,-25.47226],[-49.41912,-25.47224],[-49.41863,-25.472],[-49.41819,-25.47123],[-49.41757,-25.47075],[-49.41706,-25.46965],[-49.41831,-25.46785],[-49.41909,-25.46746],[-49.41963,-25.46696],[-49.42083,-25.46654],[-49.42168,-25.46584],[-49.4218,-25.46538],[-49.42201,-25.46522],[-49.42299,-25.46497],[-49.42299,-25.4647],[-49.42238,-25.46422],[-49.42193,-25.46359],[-49.42177,-25.46296],[-49.42189,-25.4625],[-49.42146,-25.46191],[-49.42179,-25.46166],[-49.42177,-25.46139],[-49.42209,-25.46076],[-49.42178,-25.46059],[-49.42176,-25.46042],[-49.42245,-25.45958],[-49.42359,-25.45866],[-49.42374,-25.45805],[-49.42368,-25.45762],[-49.42295,-25.45666],[-49.4219,-25.45598],[-49.42145,-25.45586],[-49.42061,-25.4547],[-49.41971,-25.45465],[-49.41891,-25.45429],[-49.4193,-25.45367],[-49.41941,-25.45214],[-49.41983,-25.45131],[-49.41933,-25.4509],[-49.41861,-25.4493],[-49.41738,-25.44886],[-49.4161,-25.44903],[-49.41574,-25.44854],[-49.41464,-25.44789],[-49.41427,-25.44775],[-49.41311,-25.44787],[-49.41157,-25.44692],[-49.41089,-25.44681],[-49.41008,-25.44707],[-49.40952,-25.44649],[-49.40981,-25.44521],[-49.40896,-25.44464],[-49.40877,-25.44418],[-49.40814,-25.44394],[-49.40752,-25.4434],[-49.40758,-25.44266],[-49.40733,-25.4419],[-49.40766,-25.44153],[-49.40781,-25.4409],[-49.40773,-25.44009],[-49.40714,-25.43968],[-49.40747,-25.43876],[-49.40743,-25.43816],[-49.40834,-25.43805],[-49.40819,-25.43751],[-49.40839,-25.43702],[-49.40868,-25.43682],[-49.40883,-25.43643],[-49.40932,-25.43639],[-49.40982,-25.43587],[-49.4098,-25.43506],[-49.41033,-25.43393],[-49.41067,-25.43364],[-49.4115,-25.43359],[-49.41181,-25.43339],[-49.41216,-25.43188],[-49.41154,-25.43175],[-49.4115,-25.43136],[-49.41194,-25.43034],[-49.41261,-25.42997],[-49.4122,-25.42961],[-49.41195,-25.42878],[-49.41205,-25.42855],[-49.4124,-25.42839],[-49.41246,-25.42806],[-49.4122,-25.42765],[-49.41229,-25.42686],[-49.41146,-25.42602],[-49.41156,-25.42502],[-49.41132,-25.42358],[-49.41165,-25.42324],[-49.41304,-25.42297],[-49.41324,-25.42221],[-49.41338,-25.42215],[-49.41458,-25.42243],[-49.41567,-25.42237],[-49.417,-25.42287],[-49.41744,-25.42251],[-49.41815,-25.42056],[-49.41809,-25.42025],[-49.41683,-25.41929],[-49.41646,-25.41826],[-49.41686,-25.4165],[-49.41624,-25.41532],[-49.41635,-25.41462],[-49.4155,-25.41415],[-49.41458,-25.41327],[-49.41425,-25.41218],[-49.41494,-25.41177],[-49.41543,-25.41076],[-49.41734,-25.40909],[-49.41802,-25.40765],[-49.41784,-25.40549],[-49.4172,-25.40489],[-49.41762,-25.40372],[-49.41738,-25.40173],[-49.41721,-25.4014],[-49.41588,-25.40098],[-49.41578,-25.39955],[-49.41579,-25.39861],[-49.41594,-25.3983],[-49.41668,-25.39742],[-49.41751,-25.39691],[-49.41752,-25.3967],[-49.4174,-25.39647],[-49.41642,-25.39597],[-49.41553,-25.39584],[-49.41416,-25.39594],[-49.41184,-25.39486],[-49.40988,-25.395],[-49.40939,-25.39465],[-49.40936,-25.39414],[-49.41019,-25.39223],[-49.4102,-25.39132],[-49.40949,-25.39026],[-49.40959,-25.38927],[-49.40947,-25.3889],[-49.4086,-25.38857],[-49.40775,-25.38784],[-49.4077,-25.38746],[-49.4083,-25.38686],[-49.40854,-25.38538],[-49.40933,-25.38483],[-49.40974,-25.38431],[-49.41068,-25.38384],[-49.41044,-25.38346],[-49.40919,-25.38292],[-49.40896,-25.38236],[-49.4102,-25.38168],[-49.41082,-25.38018],[-49.41084,-25.37974],[-49.41048,-25.37929],[-49.41043,-25.3789],[-49.41064,-25.37765],[-49.41139,-25.37731],[-49.41266,-25.37706],[-49.41331,-25.37737],[-49.41374,-25.37736],[-49.41422,-25.37647],[-49.41504,-25.3761],[-49.41504,-25.37561],[-49.41451,-25.37538],[-49.41456,-25.37488],[-49.41538,-25.37368],[-49.4166,-25.37284],[-49.41775,-25.37287],[-49.42114,-25.37349],[-49.42177,-25.37341],[-49.42192,-25.37231],[-49.41962,-25.371],[-49.41941,-25.37014],[-49.41859,-25.36985],[-49.41853,-25.36946],[-49.41811,-25.36904],[-49.41798,-25.36839],[-49.41728,-25.36796],[-49.41784,-25.36787],[-49.41868,-25.36737],[-49.41901,-25.3675],[-49.41907,-25.368],[-49.41942,-25.36762],[-49.41997,-25.36765],[-49.42022,-25.36788],[-49.42094,-25.36802],[-49.42164,-25.36769],[-49.42234,-25.36703],[-49.4232,-25.36691],[-49.4235,-25.36647],[-49.42367,-25.36561],[-49.42422,-25.36492],[-49.42501,-25.36507],[-49.42548,-25.36491],[-49.42557,-25.36443],[-49.42521,-25.36396],[-49.42553,-25.3634],[-49.42559,-25.36286],[-49.42614,-25.36222],[-49.4251,-25.36136],[-49.42534,-25.35928],[-49.42577,-25.35915],[-49.42688,-25.3595],[-49.42635,-25.35833],[-49.42615,-25.35705],[-49.42584,-25.35633],[-49.42548,-25.35591],[-49.42409,-25.3554],[-49.42393,-25.35458],[-49.42465,-25.35426],[-49.42632,-25.35436],[-49.42684,-25.3538],[-49.42609,-25.35359],[-49.42376,-25.35241],[-49.42242,-25.35255],[-49.42144,-25.35241],[-49.42006,-25.35164],[-49.41883,-25.35152],[-49.41674,-25.35023],[-49.41557,-25.35017],[-49.41546,-25.34911],[-49.41709,-25.34838],[-49.41721,-25.34805],[-49.41714,-25.34744],[-49.4159,-25.34663],[-49.4158,-25.34511],[-49.4156,-25.34497],[-49.41435,-25.34494],[-49.41396,-25.3446],[-49.4135,-25.3445],[-49.41253,-25.34453],[-49.41211,-25.34438],[-49.41128,-25.3433],[-49.41021,-25.34237],[-49.40928,-25.34003],[-49.40944,-25.33906],[-49.41034,-25.3378],[-49.41001,-25.33591],[-49.40866,-25.33526],[-49.40851,-25.33483],[-49.40875,-25.33426],[-49.40846,-25.33404],[-49.40571,-25.33338],[-49.40532,-25.33375],[-49.40542,-25.33443],[-49.40507,-25.33454],[-49.40376,-25.33428],[-49.40246,-25.33356],[-49.40088,-25.33414],[-49.40038,-25.33414],[-49.39785,-25.33377],[-49.39511,-25.33306],[-49.39353,-25.33218],[-49.39192,-25.33308],[-49.39125,-25.33325],[-49.39062,-25.33401],[-49.39017,-25.33428],[-49.38929,-25.33409],[-49.38796,-25.33424],[-49.38741,-25.33399],[-49.38515,-25.33415],[-49.38051,-25.33326],[-49.37928,-25.33257],[-49.37901,-25.33209],[-49.37925,-25.33182],[-49.38148,-25.33092],[-49.38282,-25.33089],[-49.38329,-25.33073],[-49.38333,-25.3305],[-49.38124,-25.32811],[-49.38016,-25.32727],[-49.37935,-25.32703],[-49.37852,-25.32604],[-49.37663,-25.32457],[-49.37566,-25.32518],[-49.37544,-25.32512],[-49.37533,-25.32418],[-49.37514,-25.32393],[-49.37485,-25.32389],[-49.37368,-25.32449],[-49.373,-25.32463],[-49.37257,-25.32457],[-49.37216,-25.3243],[-49.37081,-25.32219],[-49.37056,-25.3201],[-49.36974,-25.31971],[-49.36822,-25.31963],[-49.36783,-25.31886],[-49.37002,-25.31792],[-49.37123,-25.31675],[-49.3728,-25.31561],[-49.37316,-25.31499],[-49.37312,-25.31483],[-49.37266,-25.31477],[-49.3725,-25.31459],[-49.37172,-25.31365],[-49.37145,-25.31303],[-49.37097,-25.31256],[-49.3694,-25.31193],[-49.36886,-25.3115],[-49.36776,-25.3102],[-49.36756,-25.30915],[-49.3667,-25.30895],[-49.36646,-25.30904],[-49.36621,-25.3096],[-49.36595,-25.30962],[-49.36506,-25.3094],[-49.36233,-25.30914],[-49.35888,-25.30741],[-49.35748,-25.30693],[-49.35574,-25.3058],[-49.35278,-25.30485],[-49.34997,-25.30426],[-49.34939,-25.30394],[-49.34892,-25.30324],[-49.34816,-25.30338],[-49.348,-25.30437],[-49.34736,-25.30535],[-49.3444,-25.30809],[-49.34318,-25.3097],[-49.34227,-25.31026],[-49.3401,-25.31122],[-49.33899,-25.3122],[-49.33819,-25.31263],[-49.33601,-25.31465],[-49.33498,-25.31591],[-49.33488,-25.31649],[-49.33519,-25.31719],[-49.33589,-25.31767],[-49.33619,-25.31833],[-49.33737,-25.3187],[-49.33766,-25.31905],[-49.33722,-25.31917],[-49.33524,-25.31907],[-49.33408,-25.31987],[-49.33174,-25.32077],[-49.3307,-25.32225],[-49.33075,-25.32303],[-49.33157,-25.32392],[-49.33247,-25.32438],[-49.3343,-25.32471],[-49.33506,-25.32528],[-49.33535,-25.32752],[-49.33569,-25.3281],[-49.33685,-25.32898],[-49.33676,-25.33023],[-49.33572,-25.3312],[-49.33571,-25.33153],[-49.33578,-25.33203],[-49.33656,-25.33291],[-49.33685,-25.33335],[-49.33685,-25.33363],[-49.3364,-25.33421],[-49.33538,-25.33485],[-49.33397,-25.33648],[-49.33272,-25.33744],[-49.33063,-25.33833],[-49.32948,-25.33845],[-49.32895,-25.3387],[-49.32793,-25.33975],[-49.32674,-25.34054],[-49.32587,-25.34082],[-49.32574,-25.34123],[-49.3259,-25.34169],[-49.32669,-25.34211],[-49.32712,-25.34252],[-49.32767,-25.3434],[-49.32831,-25.34403],[-49.33032,-25.34446],[-49.33108,-25.34487],[-49.3313,-25.34515],[-49.3313,-25.34612],[-49.33196,-25.34724],[-49.33172,-25.34896],[-49.33201,-25.34951],[-49.33192,-25.34998],[-49.33138,-25.35057],[-49.33138,-25.35196],[-49.33331,-25.35272],[-49.33462,-25.35435],[-49.3344,-25.35512],[-49.33403,-25.35553],[-49.33307,-25.35608],[-49.33304,-25.35624],[-49.33331,-25.35639],[-49.33409,-25.35659],[-49.33401,-25.35698],[-49.33303,-25.35738],[-49.33107,-25.35894],[-49.32887,-25.36031],[-49.32881,-25.36073],[-49.32905,-25.36163],[-49.32851,-25.36211],[-49.32771,-25.36534],[-49.3277,-25.36605],[-49.32719,-25.36698],[-49.32702,-25.36862],[-49.32776,-25.36923],[-49.32871,-25.37078],[-49.33141,-25.37303],[-49.33188,-25.37452],[-49.33236,-25.37504],[-49.33289,-25.37536],[-49.3344,-25.37565],[-49.33484,-25.37653],[-49.33453,-25.37858],[-49.33483,-25.37937],[-49.33616,-25.38059],[-49.33814,-25.38125],[-49.33898,-25.38187],[-49.33914,-25.38289],[-49.33897,-25.38325],[-49.33843,-25.38361],[-49.33736,-25.38386],[-49.33699,-25.38448],[-49.33725,-25.38499],[-49.33742,-25.386],[-49.33766,-25.38634],[-49.33856,-25.38692],[-49.33824,-25.38793],[-49.33832,-25.38829],[-49.33882,-25.38868],[-49.33918,-25.38938],[-49.33964,-25.38968],[-49.3403,-25.38982],[-49.34105,-25.38971],[-49.34156,-25.39],[-49.34271,-25.39162],[-49.34292,-25.39259],[-49.34446,-25.3939],[-49.34486,-25.39523],[-49.34499,-25.39629],[-49.34578,-25.39795],[-49.34607,-25.39817],[-49.34761,-25.39853],[-49.34824,-25.39987],[-49.34847,-25.40003],[-49.3479,-25.40103],[-49.3479,-25.40168],[-49.34875,-25.40246],[-49.34946,-25.40352],[-49.35053,-25.40407],[-49.35078,-25.40439],[-49.35112,-25.40628],[-49.35176,-25.407],[-49.35253,-25.4073],[-49.35414,-25.40759],[-49.35524,-25.40733],[-49.35541,-25.40756],[-49.35542,-25.40784],[-49.35473,-25.40879],[-49.35431,-25.40975],[-49.35375,-25.41042],[-49.35362,-25.4113],[-49.35286,-25.41156],[-49.35268,-25.41207],[-49.3527,-25.41357],[-49.35323,-25.4144],[-49.35322,-25.41474],[-49.35105,-25.41562],[-49.35066,-25.41594]]]}},{"type":"Feature","properties":{"cnuc":"0000.41.0497","nome":"ESTAÇÃO ECOLÓGICA DO GUARAGUAÇU","categoria":"Estação Ecológica","grupo":"Proteção Integral","esfera":"Estadual","area_ha":1187.88,"criacao":"30-03-1992","gestor":"INSTITUTO AMBIENTAL DO PARANÁ - PR","uf":"PARANÁ","plano_manejo":"Sim"},"geometry":{"type":"Polygon","coordinates":[[[-48.49977,-25.65161],[-48.50377,-25.65249],[-48.51224,-25.63866],[-48.51556,-25.64041],[-48.52876,-25.61762],[-48.51456,-25.61047],[-48.51705,-25.60735],[-48.51698,-25.60716],[-48.51615,-25.60756],[-48.51504,-25.60776],[-48.51384,-25.60751],[-48.51263,-25.60756],[-48.51181,-25.6071],[-48.51133,-25.60579],[-48.51006,-25.60329],[-48.50798,-25.60067],[-48.50741,-25.59863],[-48.50728,-25.59746],[-48.50735,-25.59693],[-48.50769,-25.5964],[-48.50828,-25.5959],[-48.51071,-25.59481],[-48.51123,-25.59432],[-48.51125,-25.5939],[-48.51105,-25.59388],[-48.5103,-25.59434],[-48.50857,-25.5943],[-48.50816,-25.59472],[-48.50805,-25.59409],[-48.50493,-25.59244],[-48.50478,-25.59249],[-48.50398,-25.59156],[-48.49482,-25.5997],[-48.49521,-25.60012],[-48.49722,-25.60398],[-48.49896,-25.6064],[-48.49924,-25.60756],[-48.49925,-25.60868],[-48.49899,-25.61028],[-48.49847,-25.61134],[-48.4976,-25.61221],[-48.49659,-25.61261],[-48.49546,-25.61259],[-48.49352,-25.61179],[-48.49283,-25.61177],[-48.49167,-25.61135],[-48.49122,-25.61026],[-48.49119,-25.60972],[-48.49126,-25.60928],[-48.49218,-25.60735],[-48.49258,-25.60593],[-48.49262,-25.60488],[-48.49228,-25.60313],[-48.49176,-25.60252],[-48.49077,-25.60264],[-48.48863,-25.60386],[-48.48731,-25.60498],[-48.48543,-25.60788],[-48.48364,-25.60968],[-48.48339,-25.61035],[-48.4835,-25.61063],[-48.48368,-25.6109],[-48.48439,-25.61109],[-48.48499,-25.61111],[-48.48694,-25.61068],[-48.48876,-25.61093],[-48.49334,-25.61325],[-48.49366,-25.61362],[-48.49373,-25.61425],[-48.49303,-25.61529],[-48.49237,-25.61584],[-48.49133,-25.61605],[-48.49051,-25.61579],[-48.48967,-25.61578],[-48.48821,-25.61655],[-48.48678,-25.61827],[-48.48616,-25.61959],[-48.48606,-25.62024],[-48.48528,-25.6217],[-48.48411,-25.62297],[-48.4831,-25.62347],[-48.48091,-25.62339],[-48.48031,-25.62351],[-48.47921,-25.62418],[-48.47906,-25.62453],[-48.47909,-25.62534],[-48.47941,-25.6259],[-48.4806,-25.6271],[-48.48145,-25.62757],[-48.48249,-25.62778],[-48.48378,-25.62778],[-48.48614,-25.62728],[-48.48979,-25.62594],[-48.49307,-25.6211],[-48.50847,-25.62614],[-48.51061,-25.62714],[-48.51356,-25.62758],[-48.51423,-25.62815],[-48.51475,-25.629],[-48.51471,-25.63016],[-48.51456,-25.6306],[-48.51352,-25.63196],[-48.51153,-25.63316],[-48.50987,-25.63393],[-48.50602,-25.63509],[-48.50385,-25.63597],[-48.50196,-25.63709],[-48.50083,-25.638],[-48.49954,-25.63923],[-48.4988,-25.64019],[-48.49748,-25.64371],[-48.49718,-25.64586],[-48.49722,-25.64854],[-48.49784,-25.65003],[-48.49849,-25.65073],[-48.49977,-25.65161]]]}},{"type":"Feature","properties":{"cnuc":"0000.41.0515","nome":"ESTAÇÃO ECOLÓGICA DO RIO DOS TOUROS","categoria":"Estação Ecológica","grupo":"Proteção Integral","esfera":"Estadual","area_ha":1216.16,"criacao":"06-06-2001","gestor":"INSTITUTO AMBIENTAL DO PARANÁ - PR","uf":"PARANÁ","plano_manejo":"Sim"},"geometry":{"type":"Polygon","coordinates":[[[-52.0851,-25.91428],[-52.08409,-25.91486],[-52.08266,-25.91642],[-52.08142,-25.91741],[-52.08057,-25.91771],[-52.07962,-25.91782],[-52.07879,-25.91839],[-52.07713,-25.92036],[-52.07665,-25.92183],[-52.07677,-25.92262],[-52.07727,-25.92334],[-52.07683,-25.92754],[-52.07301,-25.92799],[-52.07048,-25.92706],[-52.06775,-25.92303],[-52.06223,-25.92062],[-52.05309,-25.92162],[-52.05008,-25.92424],[-52.04658,-25.92618],[-52.04555,-25.92532],[-52.04621,-25.92203],[-52.04488,-25.9203],[-52.0414,-25.9199],[-52.03896,-25.92125],[-52.03895,-25.92397],[-52.03564,-25.92406],[-52.0329,-25.92517],[-52.02799,-25.92311],[-52.02352,-25.92463],[-52.02044,-25.93039],[-52.03456,-25.94338],[-52.03498,-25.94304],[-52.03534,-25.94241],[-52.03509,-25.94178],[-52.03496,-25.94023],[-52.03395,-25.93805],[-52.03419,-25.93813],[-52.03461,-25.93865],[-52.03546,-25.93902],[-52.03566,-25.93943],[-52.03613,-25.93974],[-52.0371,-25.94096],[-52.03749,-25.94114],[-52.03825,-25.94076],[-52.03833,-25.94037],[-52.03904,-25.94049],[-52.03966,-25.94012],[-52.04018,-25.93925],[-52.04024,-25.93845],[-52.04008,-25.93773],[-52.04019,-25.93768],[-52.04053,-25.9376],[-52.04089,-25.93792],[-52.04221,-25.93843],[-52.04277,-25.9384],[-52.04313,-25.93807],[-52.04503,-25.93749],[-52.04588,-25.93707],[-52.04684,-25.93703],[-52.04742,-25.93646],[-52.05064,-25.93534],[-52.05181,-25.93435],[-52.05425,-25.93409],[-52.05505,-25.93341],[-52.05499,-25.93296],[-52.05509,-25.93263],[-52.05532,-25.93248],[-52.05574,-25.93247],[-52.05656,-25.93305],[-52.05762,-25.93299],[-52.05805,-25.93281],[-52.05802,-25.93252],[-52.05839,-25.93227],[-52.05859,-25.93182],[-52.05894,-25.9317],[-52.05941,-25.93181],[-52.06044,-25.93272],[-52.06051,-25.93312],[-52.06115,-25.93324],[-52.06191,-25.93382],[-52.06227,-25.93378],[-52.06271,-25.93318],[-52.06306,-25.93299],[-52.06374,-25.93407],[-52.06426,-25.93443],[-52.06482,-25.93435],[-52.06546,-25.93459],[-52.06644,-25.9344],[-52.06798,-25.93536],[-52.06876,-25.93534],[-52.0692,-25.93588],[-52.07312,-25.93664],[-52.0746,-25.93711],[-52.07675,-25.93747],[-52.07966,-25.9375],[-52.08069,-25.93728],[-52.08133,-25.93695],[-52.08252,-25.93682],[-52.08307,-25.9365],[-52.08371,-25.93555],[-52.08471,-25.9349],[-52.08497,-25.93433],[-52.08512,-25.93285],[-52.08584,-25.9327],[-52.08648,-25.93223],[-52.088,-25.93008],[-52.08821,-25.92883],[-52.0887,-25.92885],[-52.0892,-25.9285],[-52.08969,-25.92782],[-52.08981,-25.92725],[-52.08997,-25.92725],[-52.09018,-25.92758],[-52.09049,-25.92746],[-52.09131,-25.92573],[-52.0915,-25.92473],[-52.09172,-25.92474],[-52.09263,-25.92356],[-52.09336,-25.92222],[-52.09405,-25.9222],[-52.09499,-25.92086],[-52.0968,-25.91669],[-52.09815,-25.91466],[-52.09871,-25.9142],[-52.09949,-25.91317],[-52.09967,-25.91214],[-52.10067,-25.90999],[-52.10166,-25.90849],[-52.10284,-25.90734],[-52.10327,-25.90618],[-52.10375,-25.90571],[-52.10469,-25.9029],[-52.10372,-25.90266],[-52.10257,-25.90292],[-52.10148,-25.90362],[-52.10009,-25.90482],[-52.09897,-25.90525],[-52.09416,-25.90817],[-52.09247,-25.91064],[-52.09107,-25.91187],[-52.09027,-25.91217],[-52.0877,-25.91244],[-52.08684,-25.91292],[-52.0851,-25.91428]]]}},{"type":"Feature","properties":{"cnuc":"0000.41.0533","nome":"REFÚGIO DE VIDA SILVESTRE DO PINHÃO","categoria":"Refúgio de Vida Silvestre","grupo":"Proteção Integral","esfera":"Estadual","area_ha":203.96,"criacao":"19-01-1983","gestor":"INSTITUTO AMBIENTAL DO PARANÁ - PR","uf":"PARANÁ","plano_manejo":"Sim"},"geometry":{"type":"Polygon","coordinates":[[[-51.75997,-25.99907],[-51.76085,-25.99833],[-51.76129,-25.99702],[-51.76188,-25.996],[-51.76563,-25.99238],[-51.76524,-25.99192],[-51.76918,-25.9882],[-51.76932,-25.98644],[-51.7691,-25.98555],[-51.76932,-25.98504],[-51.76922,-25.98399],[-51.76867,-25.9838],[-51.76764,-25.98423],[-51.76668,-25.9844],[-51.7664,-25.98465],[-51.76632,-25.9814],[-51.76591,-25.98041],[-51.76092,-25.98019],[-51.75424,-25.98017],[-51.75498,-25.98085],[-51.75549,-25.98231],[-51.75762,-25.98438],[-51.75663,-25.98512],[-51.75672,-25.98557],[-51.75639,-25.98666],[-51.75666,-25.98698],[-51.75809,-25.98732],[-51.75799,-25.98768],[-51.7559,-25.98965],[-51.75447,-25.99048],[-51.75346,-25.9914],[-51.75284,-25.99307],[-51.75122,-25.99359],[-51.75232,-25.99475],[-51.75202,-25.99515],[-51.75341,-25.99592],[-51.7547,-25.99561],[-51.75482,-25.99469],[-51.7543,-25.99428],[-51.7542,-25.99366],[-51.75621,-25.99354],[-51.75624,-25.99508],[-51.75694,-25.99523],[-51.75716,-25.99553],[-51.75755,-25.99569],[-51.75997,-25.99907]]]}},{"type":"Feature","properties":{"cnuc":"0000.41.0503","nome":"PARQUE ESTADUAL DE VILA RICA DO ESPÍRITO SANTO","categoria":"Parque","grupo":"Proteção Integral","esfera":"Estadual","area_ha":354.88,"criacao":"21-11-2011","gestor":"INSTITUTO AMBIENTAL DO PARANÁ - PR","uf":"PARANÁ","plano_manejo":"Sim"},"geometry":{"type":"Polygon","coordinates":[[[-51.95984,-23.91235],[-51.95991,-23.90808],[-51.94679,-23.90875],[-51.94625,-23.90769],[-51.94046,-23.90841],[-51.93912,-23.90899],[-51.93882,-23.90929],[-51.93867,-23.90974],[-51.9391,-23.91088],[-51.9396,-23.9115],[-51.94037,-23.9123],[-51.94206,-23.9134],[-51.95195,-23.92363],[-51.95429,-23.92564],[-51.95575,-23.92773],[-51.9563,-23.92823],[-51.96625,-23.92316],[-51.96353,-23.91878],[-51.96433,-23.91262],[-51.95984,-23.91235]]]}},{"type":"Feature","properties":{"cnuc":"0000.41.0513","nome":"PARQUE ESTADUAL DE CAMPINHOS","categoria":"Parque","grupo":"Proteção Integral","esfera":"Estadual","area_ha":566.75,"criacao":"20-07-1960","gestor":"INSTITUTO AMBIENTAL DO PARANÁ - PR","uf":"PARANÁ","plano_manejo":"Sim"},"geometry":{"type":"Polygon","coordinates":[[[-49.07264,-25.03548],[-49.07399,-25.0371],[-49.07382,-25.03848],[-49.07399,-25.03879],[-49.07887,-25.04216],[-49.08041,-25.04251],[-49.08106,-25.0412],[-49.08309,-25.04124],[-49.0842,-25.04178],[-49.0861,-25.04315],[-49.09085,-25.04543],[-49.09203,-25.04558],[-49.09345,-25.04626],[-49.0938,-25.04627],[-49.09412,-25.04706],[-49.09479,-25.04709],[-49.09493,-25.04679],[-49.09465,-25.0469],[-49.0945,-25.04656],[-49.0963,-25.04605],[-49.09686,-25.04489],[-49.09674,-25.04492],[-49.0969,-25.04483],[-49.09704,-25.045],[-49.09746,-25.04471],[-49.09754,-25.04482],[-49.09773,-25.0445],[-49.09757,-25.04436],[-49.09761,-25.04404],[-49.09822,-25.04357],[-49.09817,-25.04343],[-49.09861,-25.04328],[-49.09851,-25.04294],[-49.0988,-25.0427],[-49.09864,-25.04248],[-49.09879,-25.04259],[-49.09874,-25.04228],[-49.09894,-25.04215],[-49.09869,-25.0421],[-49.09926,-25.04175],[-49.1005,-25.04281],[-49.10063,-25.04313],[-49.10107,-25.04323],[-49.10117,-25.04384],[-49.10286,-25.04541],[-49.10533,-25.04932],[-49.10574,-25.04905],[-49.10693,-25.0487],[-49.10738,-25.04822],[-49.10775,-25.04677],[-49.10738,-25.04629],[-49.10788,-25.04553],[-49.11087,-25.04396],[-49.10882,-25.04018],[-49.10833,-25.03978],[-49.10917,-25.03985],[-49.11063,-25.03926],[-49.1097,-25.03728],[-49.10933,-25.03587],[-49.10887,-25.0355],[-49.11053,-25.0337],[-49.1117,-25.03355],[-49.11202,-25.03291],[-49.11201,-25.03234],[-49.11063,-25.03173],[-49.11038,-25.03222],[-49.10996,-25.03247],[-49.10967,-25.03245],[-49.10959,-25.0319],[-49.10907,-25.03161],[-49.10822,-25.03155],[-49.10802,-25.03184],[-49.10849,-25.03211],[-49.10887,-25.03274],[-49.10869,-25.0333],[-49.10702,-25.03238],[-49.10638,-25.03245],[-49.10511,-25.032],[-49.1041,-25.03204],[-49.10403,-25.03242],[-49.10342,-25.03277],[-49.1031,-25.0327],[-49.10264,-25.03284],[-49.10261,-25.03315],[-49.10378,-25.03394],[-49.10393,-25.03425],[-49.10351,-25.03446],[-49.10298,-25.03411],[-49.10268,-25.03426],[-49.10239,-25.03467],[-49.10195,-25.03464],[-49.10208,-25.03365],[-49.10133,-25.0328],[-49.10059,-25.03245],[-49.09838,-25.03331],[-49.09669,-25.03336],[-49.09588,-25.0329],[-49.09514,-25.03189],[-49.09516,-25.03055],[-49.09454,-25.02953],[-49.09408,-25.02916],[-49.09194,-25.02852],[-49.0912,-25.02807],[-49.09081,-25.02689],[-49.0902,-25.02692],[-49.08975,-25.0267],[-49.08867,-25.02658],[-49.08693,-25.02548],[-49.08586,-25.02678],[-49.08253,-25.02945],[-49.08086,-25.02904],[-49.08044,-25.02877],[-49.07934,-25.02743],[-49.07857,-25.02698],[-49.07749,-25.02714],[-49.07746,-25.02778],[-49.07719,-25.02794],[-49.07596,-25.02763],[-49.07528,-25.02841],[-49.07592,-25.02994],[-49.07582,-25.03026],[-49.07262,-25.0352],[-49.07264,-25.03548]]]}}]}