{"type":"FeatureCollection","fonte":"MMA · Cadastro Nacional de Unidades de Conservação (CNUC), polígonos 2025-08","geradoEm":"2026-09-13","features":[{"type":"Feature","properties":{"cnuc":"0000.00.0275","nome":"RESERVA BIOLÓGICA DAS PEROBAS","categoria":"Reserva Biológica","grupo":"Proteção Integral","esfera":"Federal","area_ha":8716.1,"criacao":"21-03-2006","gestor":"INSTITUTO CHICO MENDES DE CONSERVAÇÃO DA BIODIVERSIDADE","uf":"PARANÁ","plano_manejo":"Sim"},"geometry":{"type":"Polygon","coordinates":[[[-52.84028,-23.8589],[-52.83847,-23.85748],[-52.81762,-23.86658],[-52.81232,-23.85644],[-52.79457,-23.86438],[-52.79153,-23.86241],[-52.79024,-23.85912],[-52.78416,-23.86206],[-52.77624,-23.85002],[-52.7756,-23.8343],[-52.78525,-23.83348],[-52.7828,-23.82664],[-52.78004,-23.82387],[-52.77746,-23.82061],[-52.7726,-23.81734],[-52.76791,-23.81526],[-52.76246,-23.81],[-52.75857,-23.80724],[-52.75471,-23.80676],[-52.75002,-23.80445],[-52.74462,-23.80252],[-52.74019,-23.80198],[-52.73637,-23.79848],[-52.73384,-23.7954],[-52.73203,-23.79771],[-52.73248,-23.80118],[-52.73106,-23.80348],[-52.72658,-23.80435],[-52.72111,-23.80417],[-52.7187,-23.81311],[-52.72767,-23.81446],[-52.72642,-23.81713],[-52.7247,-23.8201],[-52.72356,-23.82521],[-52.72124,-23.82576],[-52.71989,-23.8271],[-52.71797,-23.82794],[-52.71583,-23.82973],[-52.71399,-23.83064],[-52.7121,-23.83354],[-52.70819,-23.83529],[-52.70647,-23.83841],[-52.70326,-23.83918],[-52.70056,-23.84771],[-52.70125,-23.85139],[-52.70163,-23.85523],[-52.70087,-23.85915],[-52.70492,-23.8614],[-52.70921,-23.86416],[-52.71593,-23.87369],[-52.71727,-23.87482],[-52.72267,-23.88251],[-52.71363,-23.88856],[-52.72166,-23.89158],[-52.72713,-23.88834],[-52.75978,-23.90843],[-52.8317,-23.88256],[-52.83263,-23.88071],[-52.83261,-23.87923],[-52.8337,-23.87678],[-52.83352,-23.8753],[-52.83348,-23.87257],[-52.83401,-23.86983],[-52.83466,-23.86975],[-52.8351,-23.86782],[-52.83766,-23.86668],[-52.84024,-23.86215],[-52.84028,-23.8589]]]}},{"type":"Feature","properties":{"cnuc":"0000.00.1183","nome":"RESERVA PARTICULAR DO PATRIMÔNIO NATURAL DAS ARAUCÁRIAS","categoria":"Reserva Particular do Patrimônio Natural","grupo":"Uso Sustentável","esfera":"Federal","area_ha":113.73,"criacao":"22-09-1999","gestor":"INSTITUTO CHICO MENDES DE CONSERVAÇÃO DA BIODIVERSIDADE","uf":"PARANÁ","plano_manejo":"Não"},"geometry":{"type":"Polygon","coordinates":[[[-51.36092,-26.40041],[-51.3611,-26.40147],[-51.3615,-26.40247],[-51.36211,-26.40338],[-51.36291,-26.40417],[-51.36386,-26.40481],[-51.36494,-26.40526],[-51.36609,-26.40552],[-51.36728,-26.40557],[-51.36845,-26.40542],[-51.36957,-26.40506],[-51.37059,-26.40451],[-51.37147,-26.4038],[-51.37218,-26.40294],[-51.37269,-26.40198],[-51.37298,-26.40094],[-51.37304,-26.39988],[-51.37286,-26.39883],[-51.37246,-26.39782],[-51.37185,-26.39691],[-51.37105,-26.39612],[-51.3701,-26.39548],[-51.36902,-26.39503],[-51.36787,-26.39477],[-51.36668,-26.39472],[-51.36551,-26.39487],[-51.36439,-26.39523],[-51.36337,-26.39578],[-51.36249,-26.3965],[-51.36178,-26.39735],[-51.36127,-26.39831],[-51.36098,-26.39935],[-51.36092,-26.40041]]]}},{"type":"Feature","properties":{"cnuc":"0000.00.3685","nome":"RESERVA PARTICULAR DO PATRIMÔNIO NATURAL VILAR","categoria":"Reserva Particular do Patrimônio Natural","grupo":"Uso Sustentável","esfera":"Federal","area_ha":100.06,"criacao":"18-04-2016","gestor":"INSTITUTO CHICO MENDES DE CONSERVAÇÃO DA BIODIVERSIDADE","uf":"PARANÁ","plano_manejo":"Não"},"geometry":{"type":"Polygon","coordinates":[[[-49.62323,-24.57229],[-49.61786,-24.57312],[-49.61796,-24.5899],[-49.61849,-24.58978],[-49.61943,-24.58869],[-49.6197,-24.58876],[-49.6199,-24.58915],[-49.62036,-24.58922],[-49.62062,-24.58906],[-49.62082,-24.58867],[-49.62194,-24.5883],[-49.62296,-24.5872],[-49.62284,-24.58637],[-49.62294,-24.58598],[-49.62364,-24.58594],[-49.62445,-24.58551],[-49.62425,-24.58453],[-49.62383,-24.58377],[-49.62263,-24.58292],[-49.62192,-24.58272],[-49.6216,-24.58149],[-49.62291,-24.58104],[-49.62281,-24.57999],[-49.6236,-24.58014],[-49.62437,-24.57988],[-49.62462,-24.57906],[-49.62417,-24.57646],[-49.62361,-24.57537],[-49.6234,-24.57379],[-49.62289,-24.57328],[-49.6229,-24.57291],[-49.62323,-24.57229]]]}},{"type":"Feature","properties":{"cnuc":"0000.00.1188","nome":"RESERVA PARTICULAR DO PATRIMÔNIO NATURAL URÚ","categoria":"Reserva Particular do Patrimônio Natural","grupo":"Uso Sustentável","esfera":"Federal","area_ha":131.09,"criacao":"08-03-2004","gestor":"INSTITUTO CHICO MENDES DE CONSERVAÇÃO DA BIODIVERSIDADE","uf":"PARANÁ","plano_manejo":"Não"},"geometry":{"type":"Polygon","coordinates":[[[-49.68472,-25.80743],[-49.67986,-25.80909],[-49.67836,-25.80901],[-49.6771,-25.8182],[-49.67771,-25.81858],[-49.67779,-25.81812],[-49.67842,-25.81811],[-49.67927,-25.81719],[-49.67999,-25.81725],[-49.68026,-25.81743],[-49.68035,-25.81731],[-49.68009,-25.81728],[-49.68052,-25.81665],[-49.68107,-25.81619],[-49.68151,-25.81615],[-49.68156,-25.8165],[-49.68191,-25.81657],[-49.6817,-25.81603],[-49.68147,-25.81593],[-49.68135,-25.81564],[-49.68141,-25.81483],[-49.68186,-25.81473],[-49.68211,-25.81489],[-49.68231,-25.81463],[-49.6833,-25.81434],[-49.68406,-25.81441],[-49.68425,-25.81429],[-49.68434,-25.81386],[-49.69087,-25.81845],[-49.69129,-25.81777],[-49.69145,-25.81717],[-49.69203,-25.81634],[-49.69342,-25.81308],[-49.69323,-25.81301],[-49.69278,-25.81228],[-49.69318,-25.81202],[-49.69276,-25.81161],[-49.69268,-25.81118],[-49.69209,-25.81107],[-49.692,-25.81092],[-49.69269,-25.80987],[-49.69278,-25.80922],[-49.69295,-25.80928],[-49.69305,-25.80983],[-49.69352,-25.80972],[-49.69333,-25.80902],[-49.69381,-25.80863],[-49.69392,-25.80835],[-49.69422,-25.80831],[-49.69426,-25.80782],[-49.69309,-25.80807],[-49.69223,-25.80867],[-49.69136,-25.8087],[-49.69024,-25.80779],[-49.68936,-25.8088],[-49.68761,-25.80841],[-49.68526,-25.80858],[-49.68472,-25.80743]]]}},{"type":"Feature","properties":{"cnuc":"0000.00.2313","nome":"RESERVA PARTICULAR DO PATRIMÔNIO NATURAL FAZENDA BARRA MANSA","categoria":"Reserva Particular do Patrimônio Natural","grupo":"Uso Sustentável","esfera":"Federal","area_ha":218.82,"criacao":"31-03-2000","gestor":"INSTITUTO CHICO MENDES DE CONSERVAÇÃO DA BIODIVERSIDADE","uf":"PARANÁ","plano_manejo":"Não"},"geometry":{"type":"Polygon","coordinates":[[[-49.82313,-24.08189],[-49.82241,-24.08129],[-49.82217,-24.08085],[-49.82176,-24.08082],[-49.82148,-24.08105],[-49.82155,-24.08153],[-49.82201,-24.08169],[-49.8226,-24.08219],[-49.82284,-24.08262],[-49.82259,-24.08279],[-49.82277,-24.08304],[-49.8227,-24.08346],[-49.82221,-24.08399],[-49.82296,-24.08448],[-49.82287,-24.08502],[-49.82263,-24.08539],[-49.82231,-24.08552],[-49.82136,-24.0846],[-49.82171,-24.08391],[-49.8214,-24.08316],[-49.82109,-24.08285],[-49.82115,-24.08236],[-49.82026,-24.08167],[-49.81969,-24.08188],[-49.81942,-24.08253],[-49.8191,-24.08219],[-49.81917,-24.08196],[-49.81902,-24.0818],[-49.81866,-24.08232],[-49.81803,-24.08252],[-49.81809,-24.08288],[-49.81796,-24.08299],[-49.81686,-24.08231],[-49.81616,-24.08255],[-49.8152,-24.08243],[-49.81488,-24.08192],[-49.81416,-24.08239],[-49.81316,-24.08213],[-49.81266,-24.08292],[-49.81299,-24.08327],[-49.81298,-24.08384],[-49.81276,-24.0841],[-49.81324,-24.08565],[-49.81471,-24.08809],[-49.81533,-24.08872],[-49.8159,-24.08905],[-49.81609,-24.08971],[-49.81528,-24.09058],[-49.81499,-24.09034],[-49.81415,-24.09032],[-49.81379,-24.08941],[-49.81338,-24.08943],[-49.81323,-24.08961],[-49.81321,-24.09007],[-49.81359,-24.09062],[-49.81242,-24.0901],[-49.81241,-24.09053],[-49.81292,-24.09211],[-49.81116,-24.09426],[-49.81039,-24.09432],[-49.81004,-24.09414],[-49.81044,-24.09468],[-49.81033,-24.09491],[-49.80961,-24.09499],[-49.80913,-24.09486],[-49.80884,-24.09519],[-49.80794,-24.09563],[-49.8066,-24.09523],[-49.8065,-24.09589],[-49.80469,-24.09514],[-49.80346,-24.09496],[-49.80322,-24.09392],[-49.80331,-24.0936],[-49.80397,-24.09302],[-49.80516,-24.09257],[-49.80672,-24.09159],[-49.80802,-24.09056],[-49.80907,-24.08873],[-49.81056,-24.08827],[-49.80981,-24.0877],[-49.80968,-24.08638],[-49.81033,-24.08532],[-49.81064,-24.08516],[-49.81083,-24.08479],[-49.81147,-24.08442],[-49.81111,-24.08434],[-49.81104,-24.08374],[-49.8107,-24.08449],[-49.81027,-24.08442],[-49.81038,-24.08349],[-49.81013,-24.08272],[-49.80999,-24.08408],[-49.80973,-24.08503],[-49.80947,-24.08536],[-49.80922,-24.08454],[-49.80951,-24.08435],[-49.80915,-24.08323],[-49.80886,-24.08317],[-49.80846,-24.08379],[-49.80787,-24.08353],[-49.80789,-24.08374],[-49.80838,-24.08427],[-49.80905,-24.0858],[-49.80886,-24.0858],[-49.80764,-24.08469],[-49.80753,-24.08478],[-49.80761,-24.08518],[-49.80797,-24.08569],[-49.80899,-24.08615],[-49.80895,-24.08636],[-49.80809,-24.08612],[-49.80734,-24.08548],[-49.80699,-24.08588],[-49.80885,-24.08675],[-49.80884,-24.08745],[-49.80864,-24.08795],[-49.80794,-24.08756],[-49.80796,-24.08774],[-49.80861,-24.08814],[-49.80796,-24.08967],[-49.80759,-24.09003],[-49.80651,-24.09058],[-49.80634,-24.09098],[-49.80601,-24.09108],[-49.80558,-24.09157],[-49.80452,-24.09214],[-49.80429,-24.09195],[-49.80388,-24.09004],[-49.80392,-24.08885],[-49.80427,-24.08779],[-49.80406,-24.08689],[-49.80421,-24.08611],[-49.80387,-24.08633],[-49.80398,-24.08649],[-49.80368,-24.08704],[-49.80369,-24.08792],[-49.80343,-24.08839],[-49.80355,-24.0886],[-49.80348,-24.08919],[-49.80326,-24.08913],[-49.80289,-24.08829],[-49.80278,-24.08904],[-49.80239,-24.08943],[-49.80312,-24.08985],[-49.80342,-24.09041],[-49.80368,-24.09127],[-49.8037,-24.09239],[-49.80256,-24.09333],[-49.80176,-24.09356],[-49.80163,-24.093],[-49.80121,-24.09278],[-49.80088,-24.09394],[-49.79855,-24.09402],[-49.79846,-24.09324],[-49.79784,-24.09277],[-49.79691,-24.0924],[-49.79708,-24.09141],[-49.79751,-24.09044],[-49.79727,-24.08997],[-49.79734,-24.08954],[-49.79722,-24.08936],[-49.79707,-24.09011],[-49.79673,-24.09029],[-49.79691,-24.09078],[-49.79653,-24.09133],[-49.79632,-24.09236],[-49.79596,-24.09287],[-49.79428,-24.09421],[-49.79391,-24.0944],[-49.79251,-24.09459],[-49.79089,-24.09301],[-49.79011,-24.09353],[-49.79169,-24.09518],[-49.7922,-24.09532],[-49.79262,-24.09567],[-49.79303,-24.09712],[-49.793,-24.09773],[-49.79402,-24.09679],[-49.79541,-24.09738],[-49.79381,-24.09593],[-49.79345,-24.09554],[-49.79359,-24.09541],[-49.79597,-24.09757],[-49.79776,-24.09733],[-49.79854,-24.09647],[-49.79916,-24.09672],[-49.80009,-24.09624],[-49.80082,-24.09552],[-49.8021,-24.09548],[-49.80248,-24.09531],[-49.80303,-24.09572],[-49.80342,-24.09561],[-49.80478,-24.09637],[-49.80643,-24.09686],[-49.80661,-24.09749],[-49.80668,-24.09889],[-49.80688,-24.09916],[-49.80717,-24.09869],[-49.80721,-24.09732],[-49.80862,-24.09841],[-49.80937,-24.09845],[-49.81041,-24.09797],[-49.81201,-24.09777],[-49.81268,-24.09745],[-49.81314,-24.09791],[-49.81389,-24.09822],[-49.81482,-24.09801],[-49.81475,-24.09747],[-49.81452,-24.09748],[-49.81403,-24.09789],[-49.81303,-24.09701],[-49.81284,-24.09662],[-49.81373,-24.09587],[-49.81408,-24.09543],[-49.81404,-24.09527],[-49.81373,-24.09528],[-49.81235,-24.09611],[-49.81188,-24.0953],[-49.81197,-24.09455],[-49.81303,-24.09356],[-49.81448,-24.0917],[-49.81618,-24.09143],[-49.81607,-24.0919],[-49.81633,-24.09219],[-49.8166,-24.09165],[-49.8165,-24.09091],[-49.81698,-24.0909],[-49.8174,-24.09104],[-49.81748,-24.09122],[-49.81811,-24.09122],[-49.81845,-24.0918],[-49.82006,-24.09267],[-49.82027,-24.09296],[-49.82038,-24.09384],[-49.82054,-24.09406],[-49.8209,-24.09401],[-49.82128,-24.09369],[-49.8219,-24.09375],[-49.82217,-24.09442],[-49.82198,-24.09462],[-49.82248,-24.09504],[-49.82337,-24.09633],[-49.82529,-24.09705],[-49.82613,-24.09703],[-49.82651,-24.09667],[-49.82565,-24.09655],[-49.82437,-24.09601],[-49.82372,-24.09533],[-49.82351,-24.09479],[-49.82378,-24.09447],[-49.82417,-24.09436],[-49.82461,-24.09524],[-49.82541,-24.09533],[-49.82665,-24.0951],[-49.82674,-24.09447],[-49.82658,-24.09383],[-49.82573,-24.09404],[-49.82511,-24.09334],[-49.82459,-24.09343],[-49.82432,-24.09327],[-49.82422,-24.09363],[-49.82323,-24.09443],[-49.82281,-24.09398],[-49.82273,-24.09367],[-49.82285,-24.09335],[-49.82631,-24.09069],[-49.82669,-24.09067],[-49.82689,-24.09086],[-49.82763,-24.09068],[-49.82818,-24.09104],[-49.82826,-24.09055],[-49.82887,-24.09009],[-49.82901,-24.08966],[-49.82855,-24.09003],[-49.82839,-24.08985],[-49.82758,-24.08999],[-49.8264,-24.08857],[-49.82599,-24.08891],[-49.82591,-24.08922],[-49.8256,-24.08876],[-49.82521,-24.08865],[-49.82549,-24.08829],[-49.82724,-24.08765],[-49.8273,-24.08679],[-49.82695,-24.08635],[-49.82697,-24.0861],[-49.82655,-24.0857],[-49.82604,-24.08551],[-49.82554,-24.08565],[-49.82551,-24.08583],[-49.82576,-24.08618],[-49.82581,-24.08709],[-49.82568,-24.08723],[-49.82437,-24.08738],[-49.82333,-24.08647],[-49.82356,-24.08599],[-49.82364,-24.0842],[-49.82428,-24.08407],[-49.82417,-24.08378],[-49.82403,-24.08391],[-49.8237,-24.08379],[-49.82382,-24.08309],[-49.82362,-24.0824],[-49.82393,-24.08092],[-49.82361,-24.0805],[-49.82319,-24.08053],[-49.82296,-24.08081],[-49.82313,-24.08189]],[[-49.81118,-24.09593],[-49.81207,-24.09689],[-49.81247,-24.09724],[-49.81193,-24.09731],[-49.81136,-24.09702],[-49.81092,-24.09608],[-49.81118,-24.09593]],[[-49.82443,-24.0902],[-49.8236,-24.09162],[-49.82262,-24.09141],[-49.82379,-24.09029],[-49.82424,-24.09005],[-49.82443,-24.0902]],[[-49.8171,-24.08589],[-49.8175,-24.08839],[-49.81745,-24.08886],[-49.81722,-24.08892],[-49.81706,-24.08881],[-49.81647,-24.08685],[-49.81618,-24.08661],[-49.81591,-24.08585],[-49.81589,-24.08539],[-49.81621,-24.08478],[-49.81615,-24.08432],[-49.81589,-24.084],[-49.81612,-24.0838],[-49.81662,-24.08402],[-49.81711,-24.08482],[-49.8171,-24.08589]],[[-49.81836,-24.08632],[-49.81794,-24.08631],[-49.8178,-24.08592],[-49.81794,-24.08502],[-49.81774,-24.08404],[-49.81795,-24.08359],[-49.81829,-24.08366],[-49.81854,-24.08409],[-49.81836,-24.08632]],[[-49.81935,-24.08418],[-49.81853,-24.0832],[-49.81861,-24.083],[-49.81926,-24.08321],[-49.81953,-24.08349],[-49.81983,-24.08485],[-49.82002,-24.08504],[-49.81997,-24.08537],[-49.81953,-24.0854],[-49.81929,-24.08485],[-49.81935,-24.08418]]]}},{"type":"Feature","properties":{"cnuc":"0000.00.3680","nome":"RESERVA PARTICULAR DO PATRIMÔNIO NATURAL PEDRA SOBRE PEDRA","categoria":"Reserva Particular do Patrimônio Natural","grupo":"Uso Sustentável","esfera":"Federal","area_ha":6.47,"criacao":"02-02-2016","gestor":"INSTITUTO CHICO MENDES DE CONSERVAÇÃO DA BIODIVERSIDADE","uf":"PARANÁ","plano_manejo":"Não"},"geometry":{"type":"MultiPolygon","coordinates":[[[[-49.40199,-25.39273],[-49.40075,-25.39299],[-49.40014,-25.39347],[-49.39858,-25.39342],[-49.40022,-25.39418],[-49.40052,-25.39365],[-49.40214,-25.39293],[-49.40219,-25.39283],[-49.40199,-25.39273]]],[[[-49.40132,-25.39241],[-49.39869,-25.39106],[-49.39749,-25.39269],[-49.39833,-25.39325],[-49.39833,-25.39311],[-49.39938,-25.39279],[-49.40034,-25.39285],[-49.40052,-25.39304],[-49.40114,-25.39287],[-49.40132,-25.39241]]]]}},{"type":"Feature","properties":{"cnuc":"0000.00.2152","nome":"RESERVA PARTICULAR DO PATRIMÔNIO NATURAL PERNA DO PIRATA","categoria":"Reserva Particular do Patrimônio Natural","grupo":"Uso Sustentável","esfera":"Federal","area_ha":18.55,"criacao":"13-07-2010","gestor":"INSTITUTO CHICO MENDES DE CONSERVAÇÃO DA BIODIVERSIDADE","uf":"PARANÁ","plano_manejo":"Não"},"geometry":{"type":"Polygon","coordinates":[[[-48.88876,-25.5628],[-48.88525,-25.56288],[-48.88423,-25.56322],[-48.88377,-25.56408],[-48.88316,-25.56449],[-48.8825,-25.56533],[-48.88043,-25.56534],[-48.87956,-25.56514],[-48.87888,-25.56541],[-48.87836,-25.56592],[-48.87753,-25.56609],[-48.87699,-25.56733],[-48.87676,-25.56744],[-48.87695,-25.56875],[-48.87765,-25.56824],[-48.87764,-25.56792],[-48.87729,-25.56761],[-48.87727,-25.56741],[-48.87776,-25.56633],[-48.87881,-25.56601],[-48.8793,-25.56553],[-48.87999,-25.56545],[-48.88039,-25.56563],[-48.88196,-25.56575],[-48.88331,-25.56735],[-48.88907,-25.56301],[-48.88876,-25.5628]]]}},{"type":"Feature","properties":{"cnuc":"0000.00.1180","nome":"RESERVA PARTICULAR DO PATRIMÔNIO NATURAL VALE DO CORISCO","categoria":"Reserva Particular do Patrimônio Natural","grupo":"Uso Sustentável","esfera":"Federal","area_ha":251.54,"criacao":"01-10-1999","gestor":"INSTITUTO CHICO MENDES DE CONSERVAÇÃO DA BIODIVERSIDADE","uf":"PARANÁ","plano_manejo":"Não"},"geometry":{"type":"Polygon","coordinates":[[[-49.35209,-24.21314],[-49.35231,-24.21471],[-49.35287,-24.21621],[-49.35373,-24.21759],[-49.35487,-24.21878],[-49.35625,-24.21975],[-49.3578,-24.22046],[-49.35948,-24.22087],[-49.36121,-24.22097],[-49.36293,-24.22077],[-49.36457,-24.22026],[-49.36608,-24.21947],[-49.36738,-24.21843],[-49.36844,-24.21717],[-49.36921,-24.21575],[-49.36966,-24.21421],[-49.36978,-24.21263],[-49.36955,-24.21106],[-49.369,-24.20955],[-49.36813,-24.20818],[-49.36699,-24.20698],[-49.36562,-24.20602],[-49.36406,-24.20531],[-49.36239,-24.2049],[-49.36066,-24.20479],[-49.35894,-24.205],[-49.35729,-24.20551],[-49.35579,-24.2063],[-49.35448,-24.20734],[-49.35343,-24.2086],[-49.35266,-24.21002],[-49.3522,-24.21155],[-49.35209,-24.21314]]]}},{"type":"Feature","properties":{"cnuc":"0000.00.3679","nome":"RESERVA PARTICULAR DO PATRIMÔNIO NATURAL PAPAGAIO-DE-PEITO-ROXO","categoria":"Reserva Particular do Patrimônio Natural","grupo":"Uso Sustentável","esfera":"Federal","area_ha":100.2,"criacao":"03-08-2017","gestor":"INSTITUTO CHICO MENDES DE CONSERVAÇÃO DA BIODIVERSIDADE","uf":"PARANÁ","plano_manejo":"Não"},"geometry":{"type":"MultiPolygon","coordinates":[[[[-49.0771,-25.08858],[-49.07559,-25.08863],[-49.07474,-25.08853],[-49.07492,-25.08931],[-49.07479,-25.08956],[-49.07437,-25.08962],[-49.07407,-25.0894],[-49.07347,-25.08945],[-49.07289,-25.08975],[-49.0721,-25.08938],[-49.07162,-25.08962],[-49.0719,-25.09119],[-49.07168,-25.09181],[-49.07052,-25.09287],[-49.0701,-25.09301],[-49.06936,-25.09285],[-49.06928,-25.09324],[-49.06907,-25.09316],[-49.06925,-25.09356],[-49.06893,-25.09393],[-49.06783,-25.09446],[-49.06764,-25.09508],[-49.06695,-25.09518],[-49.06678,-25.0954],[-49.06673,-25.09798],[-49.06738,-25.09874],[-49.0701,-25.09925],[-49.07278,-25.09886],[-49.07382,-25.09914],[-49.0753,-25.09904],[-49.07649,-25.09954],[-49.07613,-25.10128],[-49.07858,-25.10185],[-49.07742,-25.10046],[-49.0775,-25.10003],[-49.07829,-25.0998],[-49.07822,-25.09947],[-49.07733,-25.09863],[-49.07638,-25.09816],[-49.07606,-25.09769],[-49.0755,-25.09747],[-49.07505,-25.09677],[-49.07447,-25.09628],[-49.07415,-25.09622],[-49.074,-25.09587],[-49.07375,-25.096],[-49.0735,-25.09585],[-49.07368,-25.09616],[-49.07354,-25.09638],[-49.07328,-25.09625],[-49.07309,-25.09637],[-49.07304,-25.09608],[-49.07276,-25.09594],[-49.07295,-25.09544],[-49.07275,-25.09526],[-49.07263,-25.09566],[-49.07221,-25.09602],[-49.07168,-25.09608],[-49.07165,-25.09762],[-49.07125,-25.09761],[-49.07117,-25.09742],[-49.0715,-25.09629],[-49.07116,-25.09615],[-49.07176,-25.0954],[-49.07275,-25.09481],[-49.0729,-25.09445],[-49.07262,-25.09402],[-49.07289,-25.09349],[-49.0734,-25.09392],[-49.07433,-25.09404],[-49.07463,-25.0948],[-49.0748,-25.09392],[-49.07558,-25.09357],[-49.076,-25.09312],[-49.07615,-25.09314],[-49.0763,-25.09384],[-49.07685,-25.09414],[-49.0777,-25.09419],[-49.0781,-25.09369],[-49.07878,-25.09372],[-49.07954,-25.09105],[-49.0796,-25.09017],[-49.0794,-25.09042],[-49.07929,-25.08997],[-49.0791,-25.0899],[-49.07907,-25.08951],[-49.0788,-25.08956],[-49.07824,-25.08932],[-49.07717,-25.09009],[-49.07702,-25.0892],[-49.0774,-25.08883],[-49.0771,-25.08858]]],[[[-49.07955,-25.085],[-49.0782,-25.08552],[-49.07745,-25.08648],[-49.07715,-25.08738],[-49.07773,-25.08849],[-49.0771,-25.08917],[-49.07719,-25.09002],[-49.07779,-25.08944],[-49.07824,-25.08925],[-49.07858,-25.0894],[-49.07902,-25.08936],[-49.07944,-25.08989],[-49.07946,-25.08938],[-49.07971,-25.08918],[-49.0798,-25.08853],[-49.07929,-25.08821],[-49.07934,-25.08757],[-49.08032,-25.08699],[-49.08077,-25.08572],[-49.08112,-25.08534],[-49.08149,-25.0852],[-49.08146,-25.08506],[-49.08105,-25.085],[-49.07955,-25.085]]]]}},{"type":"Feature","properties":{"cnuc":"0000.00.1184","nome":"RESERVA PARTICULAR DO PATRIMÔNIO NATURAL SALTO MORATO","categoria":"Reserva Particular do Patrimônio Natural","grupo":"Uso Sustentável","esfera":"Federal","area_ha":818.36,"criacao":"08-12-1994","gestor":"INSTITUTO CHICO MENDES DE CONSERVAÇÃO DA BIODIVERSIDADE","uf":"PARANÁ","plano_manejo":"Não"},"geometry":{"type":"Polygon","coordinates":[[[-48.32309,-25.15769],[-48.32159,-25.15635],[-48.3,-25.15757],[-48.305,-25.18038],[-48.29743,-25.18114],[-48.29849,-25.18257],[-48.29863,-25.18468],[-48.3173,-25.18295],[-48.32134,-25.1851],[-48.33144,-25.17844],[-48.32953,-25.17599],[-48.32905,-25.17387],[-48.32906,-25.17193],[-48.32959,-25.17104],[-48.32902,-25.16859],[-48.33062,-25.15608],[-48.33041,-25.15592],[-48.32981,-25.15609],[-48.32957,-25.15587],[-48.32766,-25.15674],[-48.32729,-25.15675],[-48.32723,-25.1569],[-48.3259,-25.15716],[-48.32544,-25.15765],[-48.32452,-25.15794],[-48.32309,-25.15769]]]}},{"type":"Feature","properties":{"cnuc":"0000.00.0077","nome":"FLORESTA NACIONAL DE ASSUNGUI","categoria":"Floresta","grupo":"Uso Sustentável","esfera":"Federal","area_ha":490.81,"criacao":"25-10-1968","gestor":"INSTITUTO CHICO MENDES DE CONSERVAÇÃO DA BIODIVERSIDADE","uf":"PARANÁ","plano_manejo":"Sim"},"geometry":{"type":"Polygon","coordinates":[[[-49.63367,-25.19451],[-49.633,-25.19515],[-49.63235,-25.19548],[-49.63221,-25.19576],[-49.63233,-25.19605],[-49.6335,-25.19645],[-49.63356,-25.19705],[-49.63417,-25.19749],[-49.63457,-25.19751],[-49.63502,-25.1973],[-49.6355,-25.19736],[-49.63622,-25.19776],[-49.63723,-25.19612],[-49.63752,-25.1961],[-49.6387,-25.19713],[-49.64044,-25.19751],[-49.64126,-25.19713],[-49.6424,-25.19623],[-49.64491,-25.19522],[-49.64488,-25.1943],[-49.64626,-25.1925],[-49.64614,-25.19203],[-49.64553,-25.19106],[-49.64559,-25.19025],[-49.64683,-25.18958],[-49.64732,-25.18949],[-49.64788,-25.189],[-49.6479,-25.18866],[-49.64837,-25.18808],[-49.64923,-25.18761],[-49.64965,-25.18627],[-49.65005,-25.18579],[-49.65164,-25.18532],[-49.65298,-25.18453],[-49.65434,-25.18263],[-49.65432,-25.18202],[-49.65499,-25.18036],[-49.65494,-25.17956],[-49.65563,-25.17896],[-49.656,-25.17785],[-49.65734,-25.17645],[-49.65742,-25.17601],[-49.65809,-25.17487],[-49.65816,-25.17309],[-49.65923,-25.17216],[-49.65548,-25.16673],[-49.65462,-25.16504],[-49.65378,-25.16419],[-49.6525,-25.16359],[-49.6524,-25.16427],[-49.65018,-25.16577],[-49.64942,-25.16686],[-49.64932,-25.16762],[-49.64918,-25.16777],[-49.64578,-25.16769],[-49.64545,-25.16883],[-49.64507,-25.16939],[-49.64459,-25.16969],[-49.64376,-25.16961],[-49.64351,-25.16971],[-49.64091,-25.17263],[-49.64075,-25.17302],[-49.64088,-25.17418],[-49.64067,-25.17452],[-49.64027,-25.17465],[-49.63972,-25.17518],[-49.63889,-25.1755],[-49.63845,-25.1763],[-49.63676,-25.17712],[-49.637,-25.17816],[-49.63687,-25.17907],[-49.63735,-25.17933],[-49.63904,-25.17962],[-49.63848,-25.1826],[-49.63855,-25.18338],[-49.63753,-25.18498],[-49.63768,-25.1858],[-49.63761,-25.18681],[-49.63651,-25.18791],[-49.63566,-25.18839],[-49.63542,-25.18928],[-49.63428,-25.19017],[-49.63416,-25.19045],[-49.63431,-25.19084],[-49.63502,-25.19159],[-49.63508,-25.19208],[-49.6345,-25.1935],[-49.63367,-25.19451]]]}},{"type":"Feature","properties":{"cnuc":"0000.00.4495","nome":"RESERVA PARTICULAR DO PATRIMÔNIO NATURAL BELLATRIX 2","categoria":"Reserva Particular do Patrimônio Natural","grupo":"Uso Sustentável","esfera":"Federal","area_ha":3.59,"criacao":"11-09-2020","gestor":"INSTITUTO CHICO MENDES DE CONSERVAÇÃO DA BIODIVERSIDADE","uf":"PARANÁ","plano_manejo":"Não"},"geometry":{"type":"Polygon","coordinates":[[[-49.0985,-25.1877],[-49.09817,-25.18973],[-49.09995,-25.19041],[-49.10008,-25.19021],[-49.09922,-25.18769],[-49.09903,-25.1875],[-49.09897,-25.18784],[-49.0985,-25.1877]]]}},{"type":"Feature","properties":{"cnuc":"0000.00.4484","nome":"RESERVA PARTICULAR DO PATRIMÔNIO NATURAL BELLATRIX 3","categoria":"Reserva Particular do Patrimônio Natural","grupo":"Uso Sustentável","esfera":"Federal","area_ha":8.91,"criacao":"11-09-2020","gestor":"INSTITUTO CHICO MENDES DE CONSERVAÇÃO DA BIODIVERSIDADE","uf":"PARANÁ","plano_manejo":"Não"},"geometry":{"type":"Polygon","coordinates":[[[-49.09797,-25.1911],[-49.0985,-25.1877],[-49.09824,-25.18758],[-49.09839,-25.18746],[-49.09825,-25.1874],[-49.09743,-25.18771],[-49.09716,-25.18743],[-49.09698,-25.18765],[-49.0965,-25.18731],[-49.09623,-25.18748],[-49.09564,-25.18984],[-49.09593,-25.19019],[-49.09572,-25.19048],[-49.0971,-25.19108],[-49.09797,-25.1911]]]}},{"type":"Feature","properties":{"cnuc":"0000.00.4465","nome":"RESERVA PARTICULAR DO PATRIMÔNIO NATURAL BELLATRIX","categoria":"Reserva Particular do Patrimônio Natural","grupo":"Uso Sustentável","esfera":"Federal","area_ha":71.08,"criacao":"24-08-2020","gestor":"INSTITUTO CHICO MENDES DE CONSERVAÇÃO DA BIODIVERSIDADE","uf":"PARANÁ","plano_manejo":"Não"},"geometry":{"type":"Polygon","coordinates":[[[-49.10102,-25.17686],[-49.09575,-25.17868],[-49.09353,-25.17961],[-49.09428,-25.18611],[-49.09275,-25.18656],[-49.09204,-25.18723],[-49.09292,-25.18784],[-49.09263,-25.18777],[-49.09255,-25.18807],[-49.09173,-25.18874],[-49.09146,-25.18914],[-49.09156,-25.18923],[-49.09176,-25.18923],[-49.09198,-25.18949],[-49.09268,-25.18927],[-49.09275,-25.18912],[-49.09304,-25.18916],[-49.0931,-25.18902],[-49.09319,-25.18909],[-49.09298,-25.18956],[-49.0936,-25.18959],[-49.09445,-25.18882],[-49.09498,-25.18856],[-49.0938,-25.18853],[-49.09354,-25.18838],[-49.0935,-25.18814],[-49.09377,-25.188],[-49.09457,-25.18829],[-49.09477,-25.18816],[-49.09453,-25.18786],[-49.09452,-25.18776],[-49.09494,-25.18732],[-49.09512,-25.18673],[-49.0947,-25.18659],[-49.09444,-25.18685],[-49.0943,-25.18688],[-49.0936,-25.18662],[-49.09354,-25.1865],[-49.09371,-25.18638],[-49.09475,-25.18597],[-49.09566,-25.18596],[-49.09582,-25.18583],[-49.0959,-25.18532],[-49.09554,-25.1852],[-49.09544,-25.18493],[-49.09572,-25.18451],[-49.09558,-25.18393],[-49.0957,-25.18326],[-49.09597,-25.1834],[-49.09615,-25.18329],[-49.09551,-25.18296],[-49.09549,-25.18322],[-49.09499,-25.18328],[-49.095,-25.18279],[-49.0954,-25.18256],[-49.09538,-25.18294],[-49.09591,-25.18272],[-49.09634,-25.18288],[-49.09636,-25.18264],[-49.09599,-25.18243],[-49.09599,-25.18228],[-49.09647,-25.18158],[-49.09671,-25.18163],[-49.09728,-25.18099],[-49.09715,-25.18052],[-49.09677,-25.18015],[-49.09684,-25.1801],[-49.09718,-25.18052],[-49.09732,-25.1809],[-49.09721,-25.18124],[-49.09671,-25.18171],[-49.0966,-25.18289],[-49.09697,-25.1835],[-49.09774,-25.1836],[-49.09789,-25.18331],[-49.09801,-25.18323],[-49.09778,-25.1836],[-49.09901,-25.18389],[-49.0996,-25.18422],[-49.10006,-25.18407],[-49.10013,-25.18409],[-49.10064,-25.18475],[-49.10064,-25.18555],[-49.10021,-25.18568],[-49.09972,-25.18535],[-49.09956,-25.18543],[-49.09974,-25.18553],[-49.09902,-25.18603],[-49.09882,-25.18613],[-49.0986,-25.18599],[-49.09864,-25.18573],[-49.09971,-25.18534],[-49.09977,-25.1851],[-49.10055,-25.18471],[-49.10012,-25.18411],[-49.10005,-25.1841],[-49.09975,-25.18421],[-49.10017,-25.18424],[-49.10021,-25.1846],[-49.09962,-25.18498],[-49.09894,-25.18453],[-49.09831,-25.18471],[-49.09822,-25.18488],[-49.09742,-25.18485],[-49.097,-25.18501],[-49.09683,-25.18558],[-49.09689,-25.18595],[-49.09564,-25.18611],[-49.09476,-25.186],[-49.09358,-25.18648],[-49.09426,-25.18685],[-49.09471,-25.18657],[-49.09508,-25.18666],[-49.09519,-25.18683],[-49.09462,-25.18795],[-49.09505,-25.18851],[-49.09378,-25.18952],[-49.09431,-25.1902],[-49.09426,-25.19049],[-49.09473,-25.19069],[-49.09401,-25.18969],[-49.09433,-25.18961],[-49.09428,-25.18917],[-49.09457,-25.18901],[-49.09558,-25.18943],[-49.09564,-25.18984],[-49.09623,-25.18748],[-49.0965,-25.18731],[-49.09698,-25.18765],[-49.09716,-25.18743],[-49.09743,-25.18771],[-49.09825,-25.1874],[-49.09839,-25.18746],[-49.09824,-25.18758],[-49.09883,-25.18785],[-49.09897,-25.18784],[-49.09903,-25.1875],[-49.09959,-25.18695],[-49.10032,-25.1868],[-49.10069,-25.18715],[-49.10102,-25.17686]]]}},{"type":"Feature","properties":{"cnuc":"0000.00.4520","nome":"RESERVA PARTICULAR DO PATRIMÔNIO NATURAL FAZENDA ILHA","categoria":"Reserva Particular do Patrimônio Natural","grupo":"Uso Sustentável","esfera":"Federal","area_ha":112.04,"criacao":"14-03-2022","gestor":"INSTITUTO CHICO MENDES DE CONSERVAÇÃO DA BIODIVERSIDADE","uf":"PARANÁ","plano_manejo":"Não"},"geometry":{"type":"Polygon","coordinates":[[[-49.02225,-24.65306],[-49.02217,-24.65905],[-49.01789,-24.65894],[-49.01777,-24.66669],[-49.02092,-24.66676],[-49.02237,-24.66648],[-49.02269,-24.66575],[-49.02365,-24.66449],[-49.02489,-24.66398],[-49.02518,-24.66367],[-49.02562,-24.66366],[-49.02671,-24.66264],[-49.02676,-24.6623],[-49.02786,-24.66148],[-49.02835,-24.66082],[-49.02842,-24.65932],[-49.02907,-24.65861],[-49.02946,-24.65772],[-49.0281,-24.65411],[-49.02688,-24.65321],[-49.02573,-24.65328],[-49.0254,-24.65309],[-49.02225,-24.65306]]]}},{"type":"Feature","properties":{"cnuc":"0000.00.4528","nome":"RESERVA PARTICULAR DO PATRIMÔNIO NATURAL ANTENOR RIVAL CREMA","categoria":"Reserva Particular do Patrimônio Natural","grupo":"Uso Sustentável","esfera":"Federal","area_ha":133.14,"criacao":"05-11-2014","gestor":"INSTITUTO CHICO MENDES DE CONSERVAÇÃO DA BIODIVERSIDADE","uf":"PARANÁ","plano_manejo":"Não"},"geometry":{"type":"Polygon","coordinates":[[[-48.92515,-25.16815],[-48.92218,-25.17136],[-48.92168,-25.17279],[-48.92134,-25.17447],[-48.92074,-25.1748],[-48.92024,-25.17691],[-48.92061,-25.17781],[-48.92065,-25.17876],[-48.92091,-25.17964],[-48.92056,-25.18009],[-48.92,-25.18045],[-48.91958,-25.1822],[-48.92106,-25.18363],[-48.92337,-25.1853],[-48.92688,-25.18332],[-48.92603,-25.18236],[-48.92558,-25.18268],[-48.92536,-25.18242],[-48.92575,-25.18204],[-48.92421,-25.18062],[-48.92412,-25.17952],[-48.92342,-25.17951],[-48.92343,-25.17915],[-48.9243,-25.17853],[-48.92387,-25.17623],[-48.92443,-25.1761],[-48.92498,-25.17713],[-48.92525,-25.17929],[-48.9258,-25.17999],[-48.92544,-25.18104],[-48.92618,-25.18227],[-48.92664,-25.18264],[-48.92703,-25.18323],[-48.92889,-25.18251],[-48.92969,-25.18286],[-48.93063,-25.18295],[-48.93102,-25.18278],[-48.93112,-25.18187],[-48.93153,-25.18129],[-48.93152,-25.18079],[-48.93121,-25.17997],[-48.93136,-25.17835],[-48.93159,-25.17808],[-48.93163,-25.17749],[-48.92952,-25.17536],[-48.92917,-25.17467],[-48.929,-25.17365],[-48.92951,-25.1726],[-48.92891,-25.17171],[-48.928,-25.17179],[-48.92652,-25.17244],[-48.92611,-25.17058],[-48.92575,-25.17018],[-48.92564,-25.16976],[-48.92562,-25.16865],[-48.92515,-25.16815]]]}},{"type":"Feature","properties":{"cnuc":"0000.00.0017","nome":"ÁREA DE PROTEÇÃO AMBIENTAL DE GUARAQUEÇABA","categoria":"Área de Proteção Ambiental","grupo":"Uso Sustentável","esfera":"Federal","area_ha":245640.63,"criacao":"01-02-1985","gestor":"INSTITUTO CHICO MENDES DE CONSERVAÇÃO DA BIODIVERSIDADE","uf":"PARANÁ","plano_manejo":"Sim"},"geometry":{"type":"MultiPolygon","coordinates":[[[[-48.08915,-25.24136],[-48.08505,-25.24062],[-48.08372,-25.24061],[-48.08307,-25.24079],[-48.08261,-25.24146],[-48.08255,-25.2418],[-48.08252,-25.24338],[-48.08282,-25.24499],[-48.08273,-25.2452],[-48.08457,-25.24664],[-48.08657,-25.24872],[-48.08847,-25.25154],[-48.08907,-25.25214],[-48.09049,-25.25308],[-48.09403,-25.25483],[-48.09827,-25.25581],[-48.09893,-25.25623],[-48.09943,-25.25716],[-48.10036,-25.2575],[-48.1004,-25.2565],[-48.10006,-25.25639],[-48.10027,-25.25594],[-48.10074,-25.2564],[-48.10051,-25.25669],[-48.10059,-25.25741],[-48.10195,-25.25815],[-48.1032,-25.25972],[-48.10599,-25.26109],[-48.10697,-25.26087],[-48.10758,-25.26019],[-48.10777,-25.25967],[-48.10667,-25.26038],[-48.10741,-25.2595],[-48.10692,-25.25965],[-48.1057,-25.2597],[-48.10708,-25.25941],[-48.10696,-25.25893],[-48.10718,-25.2588],[-48.10722,-25.25899],[-48.10847,-25.25856],[-48.10879,-25.25821],[-48.10879,-25.25791],[-48.10927,-25.25808],[-48.11035,-25.25795],[-48.11125,-25.25824],[-48.11247,-25.25916],[-48.11372,-25.26058],[-48.11392,-25.26022],[-48.11449,-25.25974],[-48.11509,-25.25938],[-48.11623,-25.25905],[-48.11706,-25.25821],[-48.1174,-25.25699],[-48.1174,-25.25598],[-48.1163,-25.25559],[-48.11531,-25.25444],[-48.11492,-25.25314],[-48.11491,-25.25235],[-48.11428,-25.25086],[-48.10911,-25.24884],[-48.10599,-25.24538],[-48.10495,-25.24324],[-48.10347,-25.24368],[-48.10219,-25.24324],[-48.10031,-25.24355],[-48.09986,-25.24266],[-48.09816,-25.24138],[-48.09728,-25.2412],[-48.09547,-25.24151],[-48.09469,-25.24105],[-48.09361,-25.24006],[-48.09301,-25.24018],[-48.09176,-25.24087],[-48.09054,-25.24127],[-48.08915,-25.24136]]],[[[-48.40327,-24.98525],[-48.40213,-24.98491],[-48.40098,-24.98504],[-48.40038,-24.98528],[-48.40003,-24.98552],[-48.39842,-24.98762],[-48.39622,-24.98833],[-48.39538,-24.98885],[-48.39603,-24.99029],[-48.39574,-24.99088],[-48.39513,-24.99134],[-48.39392,-24.99114],[-48.39291,-24.99069],[-48.39234,-24.99071],[-48.38963,-24.99235],[-48.38671,-24.9946],[-48.38458,-24.99563],[-48.38206,-24.99571],[-48.3807,-24.99539],[-48.3802,-24.99554],[-48.37838,-24.99725],[-48.37819,-24.99766],[-48.37784,-25.00005],[-48.37801,-25.0023],[-48.37771,-25.00305],[-48.37741,-25.00341],[-48.37603,-25.00347],[-48.3742,-25.00419],[-48.37356,-25.0057],[-48.37321,-25.00605],[-48.37211,-25.00691],[-48.3698,-25.00833],[-48.36939,-25.00906],[-48.36926,-25.01011],[-48.36902,-25.01056],[-48.3675,-25.01187],[-48.36698,-25.01261],[-48.36685,-25.014],[-48.36596,-25.01455],[-48.36435,-25.01512],[-48.36205,-25.0149],[-48.36136,-25.01501],[-48.36075,-25.01599],[-48.35989,-25.01656],[-48.35931,-25.01662],[-48.35849,-25.0162],[-48.35822,-25.01631],[-48.35803,-25.01651],[-48.35805,-25.01684],[-48.35832,-25.01741],[-48.35812,-25.01795],[-48.3576,-25.01857],[-48.3576,-25.01883],[-48.35808,-25.01943],[-48.35802,-25.02015],[-48.35721,-25.02277],[-48.35667,-25.02389],[-48.35642,-25.02411],[-48.3557,-25.02378],[-48.35518,-25.02388],[-48.35489,-25.02499],[-48.35454,-25.02541],[-48.3538,-25.02574],[-48.35282,-25.02553],[-48.35212,-25.02564],[-48.35165,-25.02624],[-48.3501,-25.02705],[-48.34987,-25.02752],[-48.34999,-25.02824],[-48.35105,-25.0303],[-48.35135,-25.03174],[-48.35226,-25.03264],[-48.35251,-25.03319],[-48.35224,-25.03408],[-48.35134,-25.0355],[-48.35115,-25.03641],[-48.35094,-25.03665],[-48.3498,-25.03705],[-48.34936,-25.037],[-48.34909,-25.03684],[-48.34866,-25.03564],[-48.34801,-25.03504],[-48.34769,-25.03501],[-48.3464,-25.03566],[-48.34554,-25.03569],[-48.34515,-25.03598],[-48.34428,-25.03722],[-48.34353,-25.03763],[-48.34286,-25.03769],[-48.34179,-25.03737],[-48.34016,-25.03618],[-48.3397,-25.03608],[-48.3391,-25.03619],[-48.33833,-25.03661],[-48.33787,-25.03735],[-48.33779,-25.03824],[-48.3381,-25.03883],[-48.33776,-25.03955],[-48.33594,-25.04016],[-48.33565,-25.0401],[-48.33551,-25.03987],[-48.33552,-25.03907],[-48.3353,-25.03858],[-48.3343,-25.03784],[-48.33413,-25.03648],[-48.33382,-25.03631],[-48.33131,-25.03662],[-48.33052,-25.03617],[-48.33017,-25.03617],[-48.32993,-25.03637],[-48.32959,-25.03721],[-48.32783,-25.03744],[-48.32718,-25.03733],[-48.32632,-25.03694],[-48.32474,-25.03689],[-48.32373,-25.03737],[-48.32338,-25.04219],[-48.32381,-25.04337],[-48.32411,-25.04368],[-48.32441,-25.04476],[-48.32449,-25.04576],[-48.32488,-25.04622],[-48.32518,-25.04715],[-48.32606,-25.04805],[-48.32665,-25.05091],[-48.32661,-25.05194],[-48.3263,-25.05241],[-48.3247,-25.05259],[-48.32439,-25.05285],[-48.32427,-25.05324],[-48.32427,-25.05416],[-48.32384,-25.05434],[-48.32306,-25.05397],[-48.32268,-25.0536],[-48.32235,-25.05274],[-48.32177,-25.05225],[-48.31862,-25.05018],[-48.31772,-25.0501],[-48.31731,-25.04989],[-48.31601,-25.04815],[-48.31488,-25.04741],[-48.31352,-25.04711],[-48.31313,-25.0472],[-48.31218,-25.04802],[-48.31124,-25.04836],[-48.31005,-25.04816],[-48.30965,-25.04784],[-48.30863,-25.04651],[-48.30721,-25.04386],[-48.30726,-25.04293],[-48.30798,-25.04201],[-48.30803,-25.04103],[-48.30772,-25.03974],[-48.30835,-25.03823],[-48.30842,-25.03766],[-48.30809,-25.03652],[-48.30725,-25.03561],[-48.3062,-25.03565],[-48.3054,-25.03512],[-48.30433,-25.03513],[-48.30323,-25.03473],[-48.30037,-25.0358],[-48.29954,-25.03579],[-48.29911,-25.03564],[-48.29858,-25.03518],[-48.29681,-25.03142],[-48.29662,-25.03061],[-48.29684,-25.02988],[-48.29733,-25.02906],[-48.2986,-25.02791],[-48.2987,-25.02743],[-48.29838,-25.02685],[-48.29847,-25.02651],[-48.29959,-25.02541],[-48.29963,-25.02487],[-48.29937,-25.02469],[-48.29848,-25.02459],[-48.29768,-25.02371],[-48.29567,-25.02394],[-48.29512,-25.02323],[-48.29421,-25.02393],[-48.29329,-25.02408],[-48.29285,-25.02533],[-48.29214,-25.02643],[-48.29198,-25.02707],[-48.2921,-25.02833],[-48.29184,-25.02892],[-48.29009,-25.02993],[-48.28955,-25.03045],[-48.28961,-25.03252],[-48.28998,-25.03346],[-48.28963,-25.03466],[-48.28935,-25.03663],[-48.28968,-25.03812],[-48.28969,-25.03897],[-48.28941,-25.03926],[-48.28839,-25.03952],[-48.288,-25.03979],[-48.28719,-25.04085],[-48.28682,-25.0409],[-48.2863,-25.04054],[-48.2856,-25.0396],[-48.2851,-25.03959],[-48.28415,-25.03898],[-48.28309,-25.03763],[-48.28293,-25.03722],[-48.28027,-25.03525],[-48.27823,-25.0329],[-48.27836,-25.03058],[-48.27878,-25.02998],[-48.27848,-25.02974],[-48.2779,-25.0297],[-48.27654,-25.02868],[-48.2767,-25.02413],[-48.27696,-25.02374],[-48.27799,-25.02332],[-48.27834,-25.02267],[-48.27858,-25.02169],[-48.27859,-25.02106],[-48.27812,-25.01933],[-48.27711,-25.01721],[-48.27536,-25.01681],[-48.27465,-25.01572],[-48.27399,-25.01514],[-48.2728,-25.01512],[-48.27248,-25.01488],[-48.27195,-25.01375],[-48.27139,-25.0116],[-48.27168,-25.00978],[-48.27162,-25.00861],[-48.27304,-25.00514],[-48.27295,-25.00476],[-48.27169,-25.00401],[-48.27087,-25.00308],[-48.27102,-25.00098],[-48.27043,-24.99989],[-48.26946,-24.99912],[-48.26992,-24.99842],[-48.26992,-24.99785],[-48.26937,-24.99722],[-48.26889,-24.99702],[-48.26641,-24.99671],[-48.26618,-24.99637],[-48.26691,-24.99545],[-48.26603,-24.99482],[-48.26463,-24.99317],[-48.26426,-24.99302],[-48.2631,-24.9932],[-48.26245,-24.99356],[-48.26173,-24.99495],[-48.26128,-24.99694],[-48.26048,-24.99771],[-48.25966,-24.9982],[-48.25921,-24.99832],[-48.25896,-24.99822],[-48.25778,-24.99666],[-48.25729,-24.99639],[-48.25621,-24.99629],[-48.25529,-24.99649],[-48.25506,-24.99642],[-48.25632,-24.99433],[-48.25718,-24.99234],[-48.25795,-24.99171],[-48.25938,-24.99098],[-48.25949,-24.99074],[-48.25942,-24.99044],[-48.25776,-24.98902],[-48.25759,-24.9887],[-48.25765,-24.9882],[-48.25899,-24.98713],[-48.25908,-24.98627],[-48.25806,-24.98507],[-48.25584,-24.98296],[-48.25562,-24.98238],[-48.25527,-24.98208],[-48.25507,-24.98194],[-48.25366,-24.98209],[-48.25352,-24.98197],[-48.25356,-24.9809],[-48.2533,-24.98058],[-48.25216,-24.98007],[-48.25201,-24.97981],[-48.25236,-24.97817],[-48.25215,-24.97798],[-48.25157,-24.97771],[-48.25046,-24.97752],[-48.24961,-24.97788],[-48.24935,-24.97808],[-48.24938,-24.9803],[-48.24874,-24.98249],[-48.24912,-24.98392],[-48.24911,-24.98453],[-48.24853,-24.98528],[-48.24652,-24.98675],[-48.24614,-24.98718],[-48.24602,-24.98756],[-48.2461,-24.98874],[-48.24587,-24.98945],[-48.24524,-24.98975],[-48.24323,-24.98992],[-48.24276,-24.99025],[-48.24219,-24.99122],[-48.24176,-24.99157],[-48.23983,-24.99228],[-48.23947,-24.9927],[-48.23715,-24.99337],[-48.23563,-24.99482],[-48.23536,-24.99535],[-48.23568,-24.99605],[-48.23647,-24.99679],[-48.23637,-24.998],[-48.23565,-24.99906],[-48.2344,-24.99988],[-48.23399,-25.00047],[-48.2331,-25.00067],[-48.23193,-24.99983],[-48.23045,-25.00056],[-48.22795,-24.99993],[-48.22987,-25.00209],[-48.23242,-25.00548],[-48.2339,-25.00671],[-48.23401,-25.00695],[-48.23391,-25.00714],[-48.23319,-25.00757],[-48.23077,-25.00774],[-48.23043,-25.00882],[-48.23017,-25.00924],[-48.22987,-25.0094],[-48.22943,-25.00938],[-48.22873,-25.00905],[-48.22805,-25.00839],[-48.22707,-25.0079],[-48.22621,-25.00691],[-48.226,-25.00687],[-48.22392,-25.00815],[-48.22308,-25.00816],[-48.22292,-25.00836],[-48.22299,-25.00886],[-48.22329,-25.00929],[-48.22379,-25.00956],[-48.22468,-25.00962],[-48.22489,-25.00978],[-48.22565,-25.01089],[-48.22621,-25.01134],[-48.22675,-25.01236],[-48.22879,-25.01351],[-48.23027,-25.01463],[-48.2308,-25.01524],[-48.23139,-25.01532],[-48.23239,-25.01586],[-48.23225,-25.01641],[-48.23233,-25.01679],[-48.23269,-25.01745],[-48.23335,-25.01796],[-48.23164,-25.01815],[-48.23112,-25.01847],[-48.23056,-25.02014],[-48.2297,-25.02041],[-48.22972,-25.02189],[-48.2293,-25.02245],[-48.22881,-25.02267],[-48.22762,-25.0219],[-48.22659,-25.02191],[-48.22405,-25.02295],[-48.2224,-25.02467],[-48.22174,-25.02489],[-48.22095,-25.02557],[-48.22022,-25.02662],[-48.21844,-25.02653],[-48.21636,-25.02715],[-48.21599,-25.02781],[-48.21591,-25.02939],[-48.21526,-25.02995],[-48.21464,-25.03003],[-48.21366,-25.02956],[-48.21249,-25.02827],[-48.21145,-25.02762],[-48.20991,-25.02752],[-48.20928,-25.02794],[-48.20907,-25.02956],[-48.20919,-25.03078],[-48.20849,-25.03297],[-48.20857,-25.03404],[-48.20938,-25.03463],[-48.20949,-25.03584],[-48.21079,-25.03709],[-48.21116,-25.03807],[-48.21305,-25.03869],[-48.21412,-25.03866],[-48.21491,-25.03943],[-48.21552,-25.04049],[-48.21602,-25.04259],[-48.2156,-25.04352],[-48.21595,-25.04613],[-48.21583,-25.04803],[-48.21523,-25.04887],[-48.21517,-25.04998],[-48.2147,-25.05098],[-48.2146,-25.05241],[-48.21419,-25.05335],[-48.21401,-25.05467],[-48.21328,-25.05559],[-48.21334,-25.05731],[-48.21288,-25.05792],[-48.21149,-25.05883],[-48.21237,-25.06283],[-48.21217,-25.06383],[-48.2153,-25.06564],[-48.21601,-25.06667],[-48.21543,-25.07028],[-48.21488,-25.07083],[-48.21332,-25.07176],[-48.21298,-25.07237],[-48.21321,-25.07273],[-48.21466,-25.07385],[-48.21505,-25.07509],[-48.21618,-25.07629],[-48.21625,-25.07671],[-48.21612,-25.0774],[-48.21587,-25.07759],[-48.21291,-25.07797],[-48.21197,-25.07906],[-48.21135,-25.0794],[-48.21005,-25.07972],[-48.20998,-25.08029],[-48.2103,-25.08106],[-48.21309,-25.08246],[-48.21316,-25.08266],[-48.213,-25.08291],[-48.21226,-25.08346],[-48.21239,-25.08482],[-48.21089,-25.08616],[-48.21021,-25.08703],[-48.20911,-25.0875],[-48.2087,-25.08839],[-48.20709,-25.0891],[-48.2061,-25.09072],[-48.2048,-25.09162],[-48.20383,-25.09314],[-48.20314,-25.09354],[-48.20278,-25.09399],[-48.20273,-25.09465],[-48.20451,-25.09686],[-48.2053,-25.09847],[-48.20531,-25.09889],[-48.20298,-25.10076],[-48.2006,-25.10236],[-48.20007,-25.10265],[-48.19879,-25.1029],[-48.19793,-25.10333],[-48.19641,-25.10466],[-48.19522,-25.1053],[-48.19466,-25.10593],[-48.1946,-25.1065],[-48.19489,-25.10776],[-48.1941,-25.10867],[-48.19406,-25.1089],[-48.19504,-25.1113],[-48.19432,-25.11343],[-48.19339,-25.11518],[-48.19316,-25.11532],[-48.19093,-25.11558],[-48.19008,-25.11607],[-48.18955,-25.11753],[-48.18872,-25.11884],[-48.1879,-25.121],[-48.18721,-25.1223],[-48.18695,-25.12372],[-48.18614,-25.12636],[-48.18437,-25.12727],[-48.18306,-25.12745],[-48.18239,-25.1282],[-48.18112,-25.12878],[-48.18086,-25.12903],[-48.18072,-25.12971],[-48.18079,-25.13054],[-48.18155,-25.13289],[-48.18132,-25.13382],[-48.18042,-25.13509],[-48.17982,-25.13537],[-48.1784,-25.13528],[-48.17726,-25.13536],[-48.17685,-25.13557],[-48.17622,-25.13662],[-48.17599,-25.13796],[-48.17318,-25.13963],[-48.17291,-25.13994],[-48.1724,-25.14125],[-48.17102,-25.14225],[-48.16914,-25.14313],[-48.16804,-25.1434],[-48.16471,-25.14545],[-48.16348,-25.14592],[-48.16185,-25.14637],[-48.16104,-25.14626],[-48.16071,-25.14605],[-48.16002,-25.14502],[-48.15942,-25.1445],[-48.158,-25.1445],[-48.15721,-25.14418],[-48.15607,-25.14424],[-48.15627,-25.14461],[-48.15685,-25.14485],[-48.15713,-25.14525],[-48.15732,-25.14687],[-48.15778,-25.14745],[-48.15777,-25.14877],[-48.15831,-25.14959],[-48.15841,-25.15085],[-48.1601,-25.15118],[-48.16118,-25.15252],[-48.16129,-25.15318],[-48.16327,-25.15546],[-48.16444,-25.15595],[-48.16552,-25.15541],[-48.16708,-25.15536],[-48.16788,-25.15632],[-48.16869,-25.15701],[-48.1684,-25.15998],[-48.16778,-25.16152],[-48.16767,-25.1622],[-48.16695,-25.16337],[-48.16673,-25.16442],[-48.16695,-25.1663],[-48.16784,-25.16787],[-48.16782,-25.16875],[-48.16949,-25.16925],[-48.16999,-25.16981],[-48.17098,-25.17149],[-48.1732,-25.17237],[-48.17356,-25.17331],[-48.17482,-25.1753],[-48.17535,-25.17731],[-48.17806,-25.17935],[-48.17911,-25.17992],[-48.17813,-25.18325],[-48.17962,-25.18427],[-48.18165,-25.18489],[-48.183,-25.18499],[-48.18368,-25.18562],[-48.18441,-25.18599],[-48.18541,-25.18698],[-48.18615,-25.18742],[-48.18842,-25.18743],[-48.18898,-25.18722],[-48.18914,-25.18685],[-48.18944,-25.18688],[-48.19075,-25.18779],[-48.19119,-25.18792],[-48.19183,-25.18885],[-48.19276,-25.18965],[-48.19358,-25.19006],[-48.19358,-25.19037],[-48.19261,-25.19243],[-48.19267,-25.19446],[-48.19245,-25.19493],[-48.19154,-25.1958],[-48.19107,-25.19666],[-48.19089,-25.19743],[-48.19046,-25.19768],[-48.18929,-25.19788],[-48.18793,-25.19888],[-48.18668,-25.19933],[-48.18662,-25.20095],[-48.18611,-25.20195],[-48.18493,-25.20323],[-48.18356,-25.20361],[-48.18355,-25.20403],[-48.1842,-25.2047],[-48.18452,-25.20568],[-48.18629,-25.20708],[-48.18668,-25.20696],[-48.18897,-25.20741],[-48.18898,-25.20842],[-48.1893,-25.20924],[-48.19075,-25.20966],[-48.19313,-25.20995],[-48.19335,-25.21066],[-48.19456,-25.21237],[-48.1947,-25.21297],[-48.19521,-25.21344],[-48.19702,-25.21409],[-48.19827,-25.21482],[-48.19888,-25.21496],[-48.20118,-25.21461],[-48.20217,-25.21504],[-48.20311,-25.21563],[-48.20356,-25.21611],[-48.20371,-25.21682],[-48.20392,-25.21702],[-48.20563,-25.21794],[-48.20755,-25.21937],[-48.20863,-25.21857],[-48.20935,-25.21839],[-48.20964,-25.21764],[-48.21251,-25.2174],[-48.21307,-25.21754],[-48.21361,-25.21792],[-48.21528,-25.21777],[-48.21611,-25.2174],[-48.21633,-25.21697],[-48.21663,-25.21679],[-48.21875,-25.21699],[-48.22018,-25.21763],[-48.22052,-25.21756],[-48.22103,-25.21714],[-48.22225,-25.21698],[-48.22263,-25.21737],[-48.2225,-25.21888],[-48.22262,-25.21926],[-48.22311,-25.21973],[-48.22415,-25.21987],[-48.22417,-25.22002],[-48.2235,-25.22041],[-48.22341,-25.22084],[-48.22408,-25.22137],[-48.22506,-25.22174],[-48.22572,-25.22171],[-48.22633,-25.22197],[-48.22665,-25.22259],[-48.22683,-25.22375],[-48.2262,-25.22524],[-48.22638,-25.22571],[-48.2264,-25.22715],[-48.22834,-25.23099],[-48.2284,-25.23147],[-48.22812,-25.2334],[-48.22877,-25.23464],[-48.22936,-25.23539],[-48.22908,-25.2357],[-48.2271,-25.23744],[-48.22585,-25.23757],[-48.22533,-25.23789],[-48.22397,-25.23952],[-48.22349,-25.23964],[-48.22305,-25.23961],[-48.22169,-25.23905],[-48.22099,-25.2391],[-48.22054,-25.23942],[-48.22002,-25.23732],[-48.21942,-25.23683],[-48.2194,-25.2366],[-48.21903,-25.2363],[-48.21882,-25.23587],[-48.2183,-25.23551],[-48.21717,-25.2357],[-48.21553,-25.2364],[-48.21407,-25.23816],[-48.21309,-25.23871],[-48.21137,-25.24097],[-48.2099,-25.24112],[-48.20884,-25.24214],[-48.2084,-25.24413],[-48.20855,-25.24582],[-48.20854,-25.2463],[-48.20826,-25.24686],[-48.20832,-25.24796],[-48.20689,-25.24919],[-48.20604,-25.24954],[-48.20554,-25.25076],[-48.2058,-25.2517],[-48.20701,-25.25411],[-48.20719,-25.25485],[-48.20593,-25.25835],[-48.20457,-25.26024],[-48.20262,-25.26227],[-48.20197,-25.26476],[-48.20117,-25.26568],[-48.20082,-25.26593],[-48.19848,-25.2668],[-48.19679,-25.26717],[-48.1957,-25.26725],[-48.19211,-25.26862],[-48.19131,-25.2694],[-48.19113,-25.27033],[-48.19133,-25.27177],[-48.19212,-25.27239],[-48.19192,-25.27278],[-48.19047,-25.27419],[-48.1898,-25.27442],[-48.18901,-25.2744],[-48.18839,-25.27425],[-48.18775,-25.27377],[-48.18734,-25.27369],[-48.18594,-25.27388],[-48.18543,-25.27375],[-48.18404,-25.27434],[-48.18293,-25.27423],[-48.18229,-25.27453],[-48.18214,-25.27502],[-48.18152,-25.27549],[-48.18127,-25.27589],[-48.18051,-25.27587],[-48.17953,-25.2764],[-48.17775,-25.27693],[-48.177,-25.27743],[-48.17762,-25.28697],[-48.17662,-25.2952],[-48.18781,-25.30232],[-48.18805,-25.30279],[-48.18801,-25.30358],[-48.18757,-25.30507],[-48.18694,-25.30561],[-48.18575,-25.30608],[-48.18483,-25.30585],[-48.18469,-25.30633],[-48.18934,-25.3113],[-48.18976,-25.3114],[-48.19124,-25.31252],[-48.19154,-25.31329],[-48.19141,-25.31349],[-48.20581,-25.31754],[-48.20632,-25.3175],[-48.20858,-25.31882],[-48.21439,-25.33221],[-48.2167,-25.33237],[-48.21997,-25.3331],[-48.22181,-25.33563],[-48.22326,-25.33578],[-48.2242,-25.33637],[-48.22545,-25.33799],[-48.22578,-25.33905],[-48.22549,-25.3394],[-48.23516,-25.35323],[-48.23193,-25.384],[-48.23207,-25.3849],[-48.23293,-25.38628],[-48.23244,-25.38673],[-48.23278,-25.3868],[-48.23284,-25.38953],[-48.23217,-25.39142],[-48.23213,-25.3938],[-48.23232,-25.39395],[-48.23285,-25.39543],[-48.23378,-25.39735],[-48.23421,-25.39945],[-48.23574,-25.40305],[-48.23575,-25.40336],[-48.23554,-25.40371],[-48.2372,-25.40435],[-48.2383,-25.40444],[-48.23896,-25.4047],[-48.24058,-25.40553],[-48.24137,-25.40638],[-48.24139,-25.40673],[-48.24088,-25.40777],[-48.24089,-25.40811],[-48.2417,-25.40981],[-48.24173,-25.41036],[-48.24248,-25.41178],[-48.24304,-25.41239],[-48.24358,-25.41265],[-48.24462,-25.41279],[-48.24529,-25.41318],[-48.24518,-25.41454],[-48.24598,-25.41578],[-48.24626,-25.41683],[-48.24746,-25.41829],[-48.24823,-25.41875],[-48.24906,-25.41891],[-48.24934,-25.41926],[-48.25072,-25.41968],[-48.25132,-25.42022],[-48.25354,-25.42372],[-48.25386,-25.42534],[-48.25392,-25.42683],[-48.25368,-25.42989],[-48.25355,-25.43035],[-48.25328,-25.43048],[-48.25387,-25.43425],[-48.25333,-25.43854],[-48.25361,-25.44095],[-48.2535,-25.44179],[-48.25303,-25.44328],[-48.25311,-25.44475],[-48.25244,-25.44663],[-48.25268,-25.44761],[-48.2522,-25.44945],[-48.25114,-25.45119],[-48.25111,-25.45179],[-48.24929,-25.45445],[-48.24811,-25.45664],[-48.24575,-25.45958],[-48.24115,-25.46443],[-48.23865,-25.46592],[-48.23665,-25.46773],[-48.23567,-25.46829],[-48.24864,-25.46726],[-48.2499,-25.46683],[-48.25022,-25.46658],[-48.25333,-25.46325],[-48.2552,-25.46061],[-48.25718,-25.45726],[-48.26006,-25.45139],[-48.2613,-25.45107],[-48.26057,-25.45061],[-48.26029,-25.45023],[-48.26079,-25.44992],[-48.26158,-25.44986],[-48.26158,-25.44955],[-48.26184,-25.44941],[-48.26227,-25.44828],[-48.26218,-25.44765],[-48.26173,-25.44785],[-48.26164,-25.44763],[-48.26191,-25.44697],[-48.26175,-25.44527],[-48.2621,-25.44396],[-48.26169,-25.44299],[-48.26178,-25.44281],[-48.26203,-25.44283],[-48.26137,-25.44223],[-48.26129,-25.44149],[-48.2618,-25.44091],[-48.26257,-25.441],[-48.26322,-25.44057],[-48.26413,-25.43902],[-48.26433,-25.43773],[-48.26495,-25.43723],[-48.26507,-25.43502],[-48.26489,-25.43433],[-48.26433,-25.43329],[-48.26452,-25.43264],[-48.25693,-25.41495],[-48.25075,-25.40865],[-48.25062,-25.4078],[-48.25091,-25.40723],[-48.25143,-25.40673],[-48.25119,-25.40544],[-48.2501,-25.40304],[-48.24814,-25.39974],[-48.24669,-25.3962],[-48.24636,-25.39416],[-48.24624,-25.39203],[-48.24627,-25.39149],[-48.24656,-25.39127],[-48.24659,-25.39097],[-48.24613,-25.38951],[-48.24616,-25.38653],[-48.24631,-25.38594],[-48.24592,-25.38459],[-48.24639,-25.38349],[-48.2464,-25.38322],[-48.24603,-25.38276],[-48.24622,-25.38246],[-48.24635,-25.3816],[-48.24635,-25.37818],[-48.24662,-25.37673],[-48.24632,-25.37534],[-48.24649,-25.37437],[-48.2463,-25.37382],[-48.24622,-25.37193],[-48.24637,-25.37063],[-48.24611,-25.36866],[-48.24621,-25.36682],[-48.2464,-25.36617],[-48.24623,-25.36401],[-48.2469,-25.36153],[-48.24541,-25.35834],[-48.24378,-25.35685],[-48.24364,-25.35605],[-48.24288,-25.35426],[-48.24298,-25.35296],[-48.24338,-25.35223],[-48.2427,-25.3516],[-48.24217,-25.35014],[-48.24223,-25.34902],[-48.24291,-25.3476],[-48.24354,-25.34493],[-48.24555,-25.34108],[-48.24753,-25.33879],[-48.24865,-25.33789],[-48.25138,-25.33677],[-48.25218,-25.33667],[-48.25559,-25.3356],[-48.25816,-25.3353],[-48.25925,-25.3356],[-48.26281,-25.33897],[-48.26515,-25.34022],[-48.26772,-25.34107],[-48.27295,-25.34127],[-48.27316,-25.34201],[-48.27362,-25.34247],[-48.27372,-25.34299],[-48.27416,-25.3432],[-48.27566,-25.34478],[-48.27596,-25.34464],[-48.27623,-25.34406],[-48.27689,-25.34396],[-48.27743,-25.34421],[-48.27753,-25.34392],[-48.27803,-25.34358],[-48.27846,-25.34358],[-48.27884,-25.34408],[-48.2792,-25.34315],[-48.28016,-25.34159],[-48.28086,-25.34126],[-48.28157,-25.34133],[-48.28203,-25.34181],[-48.28269,-25.34104],[-48.28353,-25.34083],[-48.28596,-25.34118],[-48.2879,-25.34188],[-48.28925,-25.34182],[-48.28991,-25.34196],[-48.28977,-25.34272],[-48.28873,-25.34378],[-48.28718,-25.34406],[-48.28695,-25.34362],[-48.28614,-25.34341],[-48.28697,-25.34443],[-48.28584,-25.34483],[-48.28491,-25.34558],[-48.28488,-25.34599],[-48.28848,-25.34614],[-48.28869,-25.3454],[-48.28935,-25.34477],[-48.29027,-25.34482],[-48.29131,-25.34545],[-48.29196,-25.34667],[-48.29213,-25.34744],[-48.2932,-25.34837],[-48.29393,-25.34951],[-48.29435,-25.34972],[-48.29534,-25.35132],[-48.29587,-25.35423],[-48.29672,-25.35351],[-48.29649,-25.35273],[-48.29738,-25.35273],[-48.2987,-25.35229],[-48.29944,-25.35222],[-48.30155,-25.3524],[-48.30679,-25.3545],[-48.3072,-25.35503],[-48.30778,-25.3569],[-48.30826,-25.35934],[-48.30836,-25.36087],[-48.30882,-25.36145],[-48.30916,-25.3628],[-48.30963,-25.36315],[-48.30962,-25.3637],[-48.31047,-25.36494],[-48.31091,-25.36602],[-48.3109,-25.36764],[-48.3117,-25.37069],[-48.31215,-25.37177],[-48.31438,-25.37256],[-48.31832,-25.37618],[-48.32067,-25.37724],[-48.32143,-25.37789],[-48.32199,-25.37901],[-48.3223,-25.38024],[-48.32419,-25.38254],[-48.32496,-25.38377],[-48.32451,-25.38748],[-48.32337,-25.38805],[-48.32315,-25.38858],[-48.32324,-25.38878],[-48.32366,-25.38887],[-48.32428,-25.38954],[-48.32444,-25.39103],[-48.32456,-25.39098],[-48.32478,-25.38977],[-48.32444,-25.38904],[-48.32447,-25.38871],[-48.32558,-25.38768],[-48.326,-25.38765],[-48.32845,-25.38876],[-48.32912,-25.38932],[-48.32951,-25.3902],[-48.33086,-25.39059],[-48.33107,-25.39113],[-48.33194,-25.39131],[-48.33304,-25.39214],[-48.33413,-25.39337],[-48.34077,-25.40899],[-48.34291,-25.41149],[-48.34392,-25.41378],[-48.34411,-25.41506],[-48.34329,-25.41768],[-48.34069,-25.42166],[-48.33961,-25.42467],[-48.33881,-25.42631],[-48.33824,-25.4285],[-48.33722,-25.43102],[-48.3361,-25.43634],[-48.33762,-25.43701],[-48.33854,-25.4382],[-48.33944,-25.4402],[-48.33937,-25.44148],[-48.33827,-25.44258],[-48.33596,-25.44375],[-48.33513,-25.44443],[-48.33438,-25.44734],[-48.33366,-25.44869],[-48.33274,-25.44984],[-48.33143,-25.45103],[-48.33019,-25.45109],[-48.33002,-25.4527],[-48.32721,-25.45527],[-48.32769,-25.45636],[-48.33062,-25.45605],[-48.33679,-25.45666],[-48.33708,-25.45739],[-48.33699,-25.45791],[-48.33658,-25.45894],[-48.33519,-25.46128],[-48.3347,-25.46173],[-48.33139,-25.46371],[-48.32464,-25.46632],[-48.32402,-25.46683],[-48.32396,-25.4675],[-48.32378,-25.46771],[-48.32122,-25.46909],[-48.31917,-25.47066],[-48.31858,-25.47165],[-48.31803,-25.47326],[-48.31689,-25.47469],[-48.31613,-25.47623],[-48.31554,-25.47701],[-48.31452,-25.4776],[-48.31378,-25.47845],[-48.31453,-25.47763],[-48.31481,-25.47755],[-48.31501,-25.47768],[-48.31496,-25.47792],[-48.31299,-25.48064],[-48.30974,-25.48428],[-48.30776,-25.48581],[-48.30472,-25.48756],[-48.30164,-25.48887],[-48.30002,-25.48937],[-48.29776,-25.4898],[-48.29475,-25.4899],[-48.29491,-25.48997],[-48.43101,-25.48901],[-48.46946,-25.48728],[-48.58168,-25.48375],[-48.64476,-25.48335],[-48.67976,-25.45672],[-48.68088,-25.4571],[-48.68175,-25.45706],[-48.68255,-25.45682],[-48.68323,-25.45616],[-48.6836,-25.45552],[-48.68416,-25.45367],[-48.68396,-25.45333],[-48.68319,-25.45308],[-48.68295,-25.45282],[-48.68253,-25.45169],[-48.6827,-25.45158],[-48.68417,-25.45199],[-48.68491,-25.45166],[-48.68552,-25.45089],[-48.6868,-25.45137],[-48.68711,-25.45112],[-48.68732,-25.45131],[-48.68765,-25.45128],[-48.68835,-25.45093],[-48.68909,-25.45008],[-48.68914,-25.44913],[-48.6901,-25.44868],[-48.69023,-25.44768],[-48.69113,-25.44695],[-48.69143,-25.44622],[-48.691,-25.44552],[-48.69181,-25.44452],[-48.6919,-25.4442],[-48.6924,-25.44414],[-48.6927,-25.44371],[-48.69333,-25.44325],[-48.6945,-25.4431],[-48.6949,-25.4427],[-48.69567,-25.44326],[-48.69663,-25.44255],[-48.69852,-25.44164],[-48.69985,-25.44057],[-48.70528,-25.43756],[-48.70521,-25.43737],[-48.70478,-25.43733],[-48.70489,-25.43708],[-48.70784,-25.43497],[-48.70928,-25.43313],[-48.70967,-25.43289],[-48.70907,-25.43138],[-48.70956,-25.43067],[-48.70957,-25.43044],[-48.70848,-25.42832],[-48.70906,-25.42739],[-48.7092,-25.4264],[-48.7088,-25.42543],[-48.70846,-25.42252],[-48.70743,-25.41991],[-48.70769,-25.41836],[-48.70866,-25.41725],[-48.70931,-25.41687],[-48.71026,-25.41661],[-48.71376,-25.41683],[-48.71589,-25.41677],[-48.71623,-25.41695],[-48.71643,-25.41671],[-48.71803,-25.41628],[-48.71841,-25.41577],[-48.72049,-25.41567],[-48.72075,-25.41586],[-48.72092,-25.41562],[-48.72813,-25.41621],[-48.72948,-25.41563],[-48.73031,-25.41596],[-48.7312,-25.41568],[-48.7324,-25.41482],[-48.73319,-25.414],[-48.73344,-25.41349],[-48.73424,-25.41102],[-48.73471,-25.40821],[-48.73463,-25.40384],[-48.73532,-25.40117],[-48.73521,-25.3942],[-48.73572,-25.3943],[-48.73619,-25.39492],[-48.73653,-25.39605],[-48.73659,-25.39873],[-48.73712,-25.39966],[-48.73761,-25.40004],[-48.73923,-25.40025],[-48.74298,-25.39989],[-48.74516,-25.40008],[-48.74774,-25.40066],[-48.74868,-25.40099],[-48.75067,-25.40214],[-48.75193,-25.40236],[-48.75309,-25.40236],[-48.75493,-25.40208],[-48.75776,-25.40115],[-48.7621,-25.40056],[-48.76324,-25.40011],[-48.7649,-25.39896],[-48.7653,-25.39888],[-48.76529,-25.3987],[-48.76508,-25.39865],[-48.76657,-25.39679],[-48.76693,-25.39604],[-48.76695,-25.3947],[-48.76733,-25.39337],[-48.769,-25.39283],[-48.77032,-25.39213],[-48.77053,-25.39112],[-48.77041,-25.39063],[-48.76979,-25.39003],[-48.76855,-25.38953],[-48.7685,-25.38914],[-48.76882,-25.38895],[-48.76967,-25.38887],[-48.77091,-25.38776],[-48.77146,-25.38771],[-48.77228,-25.38792],[-48.77266,-25.38781],[-48.77288,-25.3874],[-48.77263,-25.3867],[-48.77355,-25.38588],[-48.77383,-25.38597],[-48.77438,-25.38667],[-48.77461,-25.38674],[-48.77557,-25.38627],[-48.77731,-25.38583],[-48.77755,-25.3856],[-48.77739,-25.38558],[-48.77708,-25.38513],[-48.77629,-25.38544],[-48.77655,-25.38462],[-48.77612,-25.38428],[-48.77741,-25.38403],[-48.77785,-25.38449],[-48.77823,-25.3841],[-48.77913,-25.38371],[-48.77931,-25.38348],[-48.77903,-25.38332],[-48.77836,-25.38346],[-48.77877,-25.38266],[-48.77854,-25.38225],[-48.77817,-25.38215],[-48.77808,-25.38259],[-48.77795,-25.38262],[-48.77574,-25.38102],[-48.77612,-25.38066],[-48.77654,-25.38073],[-48.77672,-25.38021],[-48.77734,-25.37994],[-48.77688,-25.37979],[-48.77634,-25.37994],[-48.77612,-25.37957],[-48.7757,-25.3794],[-48.77586,-25.37888],[-48.77636,-25.37833],[-48.77691,-25.37824],[-48.77711,-25.37792],[-48.77695,-25.37714],[-48.77711,-25.37661],[-48.77687,-25.37613],[-48.77722,-25.37529],[-48.77673,-25.37475],[-48.77703,-25.37439],[-48.77758,-25.37418],[-48.7771,-25.37318],[-48.77759,-25.37259],[-48.77401,-25.3666],[-48.76875,-25.361],[-48.76801,-25.35988],[-48.768,-25.35835],[-48.76846,-25.35756],[-48.77036,-25.35522],[-48.77091,-25.35377],[-48.77107,-25.35288],[-48.77099,-25.35252],[-48.76767,-25.34657],[-48.76686,-25.34578],[-48.7538,-25.32468],[-48.7533,-25.32412],[-48.75126,-25.32344],[-48.75074,-25.3228],[-48.75063,-25.32064],[-48.75035,-25.31892],[-48.74897,-25.31666],[-48.74826,-25.31584],[-48.74774,-25.31548],[-48.74731,-25.31387],[-48.74677,-25.31313],[-48.74533,-25.30987],[-48.74602,-25.30857],[-48.7455,-25.3075],[-48.74474,-25.30692],[-48.74438,-25.30641],[-48.74419,-25.30496],[-48.74473,-25.30376],[-48.74476,-25.30333],[-48.74467,-25.2996],[-48.74441,-25.29854],[-48.74242,-25.29674],[-48.74005,-25.29318],[-48.73768,-25.29076],[-48.73684,-25.2879],[-48.73553,-25.28611],[-48.7349,-25.28475],[-48.73496,-25.28314],[-48.73382,-25.28165],[-48.73325,-25.28026],[-48.71467,-25.28001],[-48.71493,-25.27985],[-48.71503,-25.27956],[-48.71509,-25.27762],[-48.71557,-25.27711],[-48.71634,-25.27694],[-48.71662,-25.27782],[-48.71705,-25.27796],[-48.71732,-25.27777],[-48.71773,-25.27656],[-48.71818,-25.27652],[-48.71913,-25.27682],[-48.72189,-25.27642],[-48.72244,-25.27624],[-48.72268,-25.27599],[-48.72282,-25.27483],[-48.72253,-25.27362],[-48.72188,-25.27294],[-48.72013,-25.27231],[-48.71957,-25.27196],[-48.71944,-25.2718],[-48.71947,-25.27141],[-48.71991,-25.27096],[-48.72066,-25.27064],[-48.7226,-25.27044],[-48.72302,-25.26991],[-48.72325,-25.26988],[-48.7237,-25.27026],[-48.72397,-25.27077],[-48.72492,-25.27117],[-48.72758,-25.27022],[-48.7279,-25.26973],[-48.72771,-25.26904],[-48.72655,-25.26821],[-48.72654,-25.26785],[-48.72688,-25.26741],[-48.72826,-25.26697],[-48.72862,-25.26623],[-48.72858,-25.26528],[-48.72871,-25.26498],[-48.72965,-25.26442],[-48.73203,-25.26461],[-48.73217,-25.26497],[-48.73204,-25.26546],[-48.73214,-25.26614],[-48.7326,-25.26634],[-48.73308,-25.26625],[-48.73455,-25.26538],[-48.73644,-25.26596],[-48.73902,-25.26588],[-48.73951,-25.26574],[-48.73974,-25.26546],[-48.7399,-25.26485],[-48.73975,-25.26281],[-48.74098,-25.26091],[-48.7423,-25.25955],[-48.74358,-25.25896],[-48.74518,-25.25847],[-48.7459,-25.25787],[-48.74611,-25.25742],[-48.74643,-25.25484],[-48.74721,-25.25384],[-48.74752,-25.25299],[-48.74742,-25.25208],[-48.74702,-25.25077],[-48.74696,-25.24964],[-48.74806,-25.24492],[-48.74817,-25.24324],[-48.74807,-25.24054],[-48.74877,-25.2398],[-48.75055,-25.23904],[-48.7513,-25.23753],[-48.75077,-25.2367],[-48.74966,-25.23595],[-48.74838,-25.23472],[-48.74749,-25.23241],[-48.74743,-25.23188],[-48.74759,-25.23143],[-48.74879,-25.2297],[-48.74881,-25.22755],[-48.75047,-25.22531],[-48.75134,-25.22479],[-48.75321,-25.22407],[-48.75555,-25.22181],[-48.75589,-25.22139],[-48.75685,-25.21921],[-48.75759,-25.21858],[-48.75774,-25.21801],[-48.75705,-25.21744],[-48.75644,-25.2163],[-48.7562,-25.21493],[-48.75637,-25.21409],[-48.75871,-25.21095],[-48.75915,-25.21011],[-48.75988,-25.20939],[-48.76285,-25.20718],[-48.7629,-25.20601],[-48.76316,-25.20531],[-48.76532,-25.20284],[-48.76538,-25.20234],[-48.76507,-25.20184],[-48.76471,-25.20067],[-48.76484,-25.20004],[-48.76709,-25.19709],[-48.76718,-25.19676],[-48.7671,-25.19533],[-48.76736,-25.19481],[-48.76742,-25.19422],[-48.76717,-25.19369],[-48.76576,-25.19258],[-48.76555,-25.19114],[-48.76497,-25.1902],[-48.76478,-25.18959],[-48.76484,-25.18843],[-48.76364,-25.18684],[-48.76322,-25.18539],[-48.7635,-25.18485],[-48.76328,-25.18436],[-48.76088,-25.18248],[-48.76023,-25.18178],[-48.75995,-25.18101],[-48.75939,-25.18067],[-48.75811,-25.18035],[-48.75712,-25.18079],[-48.75471,-25.18089],[-48.75364,-25.18071],[-48.75314,-25.18007],[-48.7531,-25.17961],[-48.75267,-25.17859],[-48.75338,-25.1773],[-48.75347,-25.17664],[-48.75503,-25.17616],[-48.75514,-25.17582],[-48.75463,-25.17571],[-48.75337,-25.17587],[-48.75217,-25.17579],[-48.75155,-25.17526],[-48.75039,-25.17505],[-48.74997,-25.17482],[-48.74993,-25.17417],[-48.74957,-25.17359],[-48.74971,-25.17292],[-48.74954,-25.17216],[-48.74895,-25.17072],[-48.749,-25.16967],[-48.74881,-25.16903],[-48.74771,-25.16744],[-48.74735,-25.16662],[-48.74744,-25.16616],[-48.74859,-25.16452],[-48.74858,-25.16433],[-48.74831,-25.16405],[-48.74741,-25.1638],[-48.747,-25.16353],[-48.74644,-25.16243],[-48.74569,-25.16175],[-48.74524,-25.16103],[-48.74516,-25.16014],[-48.74465,-25.15958],[-48.74374,-25.15902],[-48.74331,-25.1579],[-48.74354,-25.1573],[-48.74316,-25.1571],[-48.74329,-25.15656],[-48.74312,-25.15585],[-48.74242,-25.15416],[-48.74221,-25.15382],[-48.7417,-25.15359],[-48.74146,-25.15316],[-48.74054,-25.15285],[-48.7408,-25.15184],[-48.74024,-25.15138],[-48.74049,-25.1507],[-48.74038,-25.14985],[-48.73999,-25.14896],[-48.74,-25.14773],[-48.74048,-25.14717],[-48.73907,-25.14491],[-48.73844,-25.1445],[-48.73797,-25.14341],[-48.73618,-25.14153],[-48.73612,-25.1411],[-48.73569,-25.14044],[-48.73573,-25.14012],[-48.73542,-25.13979],[-48.73538,-25.1394],[-48.73499,-25.13863],[-48.73433,-25.13824],[-48.73401,-25.13766],[-48.73343,-25.13728],[-48.73316,-25.13521],[-48.73278,-25.13452],[-48.7328,-25.13382],[-48.73322,-25.13325],[-48.73165,-25.13197],[-48.73095,-25.13202],[-48.73057,-25.13175],[-48.72959,-25.13168],[-48.72875,-25.13118],[-48.72855,-25.13077],[-48.72731,-25.13066],[-48.72622,-25.12996],[-48.72601,-25.12961],[-48.72608,-25.12937],[-48.72667,-25.12911],[-48.72633,-25.12858],[-48.72647,-25.12748],[-48.72618,-25.12732],[-48.72611,-25.12707],[-48.72648,-25.12674],[-48.72631,-25.12619],[-48.72642,-25.1254],[-48.72563,-25.12478],[-48.72532,-25.12401],[-48.72461,-25.12356],[-48.72422,-25.12219],[-48.72294,-25.12119],[-48.72218,-25.12037],[-48.72093,-25.12005],[-48.72089,-25.11953],[-48.72059,-25.11934],[-48.72064,-25.11897],[-48.71994,-25.11849],[-48.72003,-25.11755],[-48.71949,-25.11703],[-48.71922,-25.11634],[-48.7192,-25.11576],[-48.71955,-25.11415],[-48.72013,-25.11364],[-48.72135,-25.11339],[-48.72206,-25.11242],[-48.72305,-25.11153],[-48.7237,-25.11125],[-48.72463,-25.11127],[-48.72543,-25.1109],[-48.72815,-25.10725],[-48.72873,-25.10686],[-48.72976,-25.10569],[-48.73125,-25.10502],[-48.73192,-25.10422],[-48.73251,-25.1039],[-48.73272,-25.10285],[-48.73324,-25.10257],[-48.73335,-25.10209],[-48.73368,-25.10172],[-48.7308,-25.10057],[-48.72937,-25.10067],[-48.71937,-25.10365],[-48.71735,-25.10517],[-48.71643,-25.10543],[-48.71064,-25.10404],[-48.70724,-25.10346],[-48.7052,-25.10331],[-48.70138,-25.10332],[-48.70078,-25.10305],[-48.69889,-25.10153],[-48.69754,-25.10078],[-48.69606,-25.10021],[-48.69401,-25.09986],[-48.69,-25.09971],[-48.68908,-25.09942],[-48.68793,-25.09881],[-48.68698,-25.09855],[-48.68461,-25.09862],[-48.68034,-25.09828],[-48.67952,-25.09848],[-48.67763,-25.09968],[-48.6762,-25.09994],[-48.67501,-25.09953],[-48.67305,-25.0977],[-48.67151,-25.09728],[-48.66714,-25.09697],[-48.66313,-25.09633],[-48.66126,-25.09666],[-48.65898,-25.09777],[-48.65817,-25.09787],[-48.65743,-25.09773],[-48.65534,-25.09721],[-48.6535,-25.09635],[-48.6465,-25.09016],[-48.64516,-25.08838],[-48.64265,-25.08333],[-48.64195,-25.08261],[-48.64097,-25.08231],[-48.63851,-25.08286],[-48.63568,-25.08263],[-48.63355,-25.08345],[-48.63276,-25.08354],[-48.62956,-25.08307],[-48.62353,-25.08106],[-48.62091,-25.08115],[-48.6185,-25.08226],[-48.61749,-25.08254],[-48.61209,-25.08277],[-48.61151,-25.08307],[-48.61107,-25.08352],[-48.61018,-25.086],[-48.60955,-25.08676],[-48.60849,-25.08724],[-48.60557,-25.08789],[-48.6049,-25.08788],[-48.60373,-25.08723],[-48.60107,-25.08477],[-48.59398,-25.07657],[-48.59306,-25.07603],[-48.58733,-25.0742],[-48.58685,-25.0739],[-48.58621,-25.07314],[-48.58367,-25.06875],[-48.58282,-25.06797],[-48.57936,-25.06643],[-48.57822,-25.06619],[-48.577,-25.06654],[-48.5749,-25.06783],[-48.57403,-25.06794],[-48.5735,-25.06783],[-48.57305,-25.06746],[-48.57013,-25.0633],[-48.56971,-25.06308],[-48.56902,-25.063],[-48.56685,-25.06367],[-48.5656,-25.06366],[-48.56444,-25.0629],[-48.56286,-25.06035],[-48.56145,-25.05962],[-48.56159,-25.06035],[-48.56101,-25.0607],[-48.56062,-25.06036],[-48.55871,-25.06046],[-48.5584,-25.06087],[-48.5584,-25.06232],[-48.55787,-25.06284],[-48.5578,-25.06344],[-48.55738,-25.0634],[-48.55739,-25.06302],[-48.55767,-25.06264],[-48.55708,-25.0628],[-48.55693,-25.06302],[-48.55727,-25.0636],[-48.55815,-25.06433],[-48.5592,-25.06489],[-48.5587,-25.06585],[-48.55809,-25.06638],[-48.55861,-25.06696],[-48.55849,-25.06733],[-48.55825,-25.06769],[-48.55748,-25.06825],[-48.55787,-25.06899],[-48.55822,-25.06928],[-48.55874,-25.0704],[-48.55858,-25.07076],[-48.55872,-25.07173],[-48.55839,-25.07238],[-48.55775,-25.07266],[-48.5576,-25.07294],[-48.55861,-25.07322],[-48.55886,-25.07392],[-48.55986,-25.07426],[-48.56028,-25.07569],[-48.55984,-25.07715],[-48.56015,-25.07763],[-48.55827,-25.07891],[-48.55779,-25.07981],[-48.55758,-25.08162],[-48.55644,-25.08274],[-48.55671,-25.08494],[-48.55654,-25.0856],[-48.55601,-25.08626],[-48.55381,-25.08761],[-48.55251,-25.08821],[-48.55071,-25.08962],[-48.54839,-25.09182],[-48.54803,-25.09198],[-48.54786,-25.0925],[-48.54714,-25.09292],[-48.54574,-25.09417],[-48.54555,-25.09457],[-48.54475,-25.09486],[-48.54416,-25.09469],[-48.54319,-25.09504],[-48.54274,-25.09589],[-48.54225,-25.09599],[-48.54195,-25.09654],[-48.54122,-25.09699],[-48.53657,-25.09686],[-48.53452,-25.097],[-48.53257,-25.09663],[-48.52926,-25.09676],[-48.52818,-25.09658],[-48.52776,-25.0967],[-48.52659,-25.09646],[-48.52616,-25.09627],[-48.52532,-25.09487],[-48.5232,-25.09283],[-48.52198,-25.09216],[-48.52082,-25.09175],[-48.51755,-25.09141],[-48.51573,-25.09143],[-48.51489,-25.09119],[-48.51385,-25.09123],[-48.51281,-25.09083],[-48.51185,-25.08998],[-48.51161,-25.08937],[-48.51193,-25.08901],[-48.51369,-25.08844],[-48.51373,-25.08775],[-48.51341,-25.08729],[-48.51197,-25.08636],[-48.51126,-25.08562],[-48.51085,-25.08489],[-48.50977,-25.08388],[-48.50886,-25.08364],[-48.50776,-25.08363],[-48.50622,-25.08294],[-48.50467,-25.08126],[-48.5045,-25.08056],[-48.50483,-25.08006],[-48.50664,-25.07856],[-48.50659,-25.07833],[-48.50608,-25.0782],[-48.5035,-25.07915],[-48.50323,-25.07902],[-48.50342,-25.07711],[-48.50371,-25.07603],[-48.50311,-25.0748],[-48.50349,-25.07437],[-48.50345,-25.0733],[-48.50364,-25.07272],[-48.50513,-25.06994],[-48.50519,-25.06935],[-48.50426,-25.0679],[-48.50433,-25.06604],[-48.50233,-25.06366],[-48.50175,-25.06253],[-48.50118,-25.06075],[-48.5005,-25.06025],[-48.50019,-25.05971],[-48.49886,-25.05882],[-48.4952,-25.05817],[-48.49437,-25.05746],[-48.4938,-25.05723],[-48.49257,-25.0552],[-48.49183,-25.05371],[-48.49177,-25.053],[-48.49148,-25.05274],[-48.49008,-25.05283],[-48.48806,-25.05209],[-48.48776,-25.05211],[-48.48747,-25.05223],[-48.48612,-25.05352],[-48.4842,-25.05361],[-48.48371,-25.05342],[-48.4838,-25.05223],[-48.48352,-25.05159],[-48.48353,-25.05113],[-48.48418,-25.05044],[-48.48459,-25.04962],[-48.48563,-25.0483],[-48.48631,-25.04666],[-48.48725,-25.04605],[-48.48751,-25.04569],[-48.48743,-25.04504],[-48.48706,-25.04464],[-48.48688,-25.04404],[-48.48687,-25.04151],[-48.48658,-25.04051],[-48.48623,-25.04021],[-48.48467,-25.03963],[-48.48243,-25.03963],[-48.48108,-25.03903],[-48.48089,-25.03873],[-48.48088,-25.03725],[-48.4795,-25.03599],[-48.47881,-25.03513],[-48.47857,-25.03429],[-48.47865,-25.03356],[-48.47973,-25.03173],[-48.47973,-25.03049],[-48.47907,-25.02913],[-48.47752,-25.02706],[-48.47647,-25.02304],[-48.47538,-25.02153],[-48.47484,-25.01801],[-48.47499,-25.01473],[-48.47449,-25.01376],[-48.47129,-25.01276],[-48.47042,-25.01193],[-48.46979,-25.01164],[-48.46713,-25.01079],[-48.46512,-25.01073],[-48.46501,-25.01049],[-48.46517,-25.00953],[-48.46492,-25.00792],[-48.46495,-25.00674],[-48.46456,-25.00597],[-48.46414,-25.00561],[-48.46326,-25.00525],[-48.46184,-25.00524],[-48.45824,-25.00594],[-48.45748,-25.00589],[-48.45594,-25.00544],[-48.45496,-25.00487],[-48.45453,-25.0044],[-48.45381,-25.00222],[-48.45323,-25.00169],[-48.45238,-25.00139],[-48.45019,-25.0011],[-48.44942,-25.00082],[-48.44873,-25.00014],[-48.44868,-24.99975],[-48.44826,-24.99913],[-48.44763,-24.99886],[-48.44628,-24.99873],[-48.44556,-24.99826],[-48.44524,-24.9977],[-48.44512,-24.99673],[-48.44461,-24.99593],[-48.44406,-24.99573],[-48.44302,-24.99609],[-48.4411,-24.99595],[-48.43997,-24.99426],[-48.43858,-24.99363],[-48.43725,-24.99332],[-48.43538,-24.99168],[-48.43453,-24.99119],[-48.43373,-24.99111],[-48.43262,-24.9916],[-48.43148,-24.99167],[-48.43116,-24.99159],[-48.42987,-24.99043],[-48.42913,-24.99004],[-48.42846,-24.98991],[-48.42673,-24.99106],[-48.42606,-24.99128],[-48.42057,-24.99075],[-48.41838,-24.9901],[-48.41659,-24.98875],[-48.41431,-24.98738],[-48.41381,-24.98627],[-48.41406,-24.98383],[-48.41397,-24.98328],[-48.41355,-24.98243],[-48.41202,-24.98037],[-48.41151,-24.98021],[-48.41045,-24.98055],[-48.40972,-24.98058],[-48.4094,-24.98073],[-48.40838,-24.98194],[-48.40786,-24.98216],[-48.40602,-24.98233],[-48.4055,-24.98257],[-48.40399,-24.98497],[-48.40327,-24.98525]],[[-48.3313,-25.29989],[-48.32978,-25.30004],[-48.32944,-25.30038],[-48.32902,-25.29992],[-48.32833,-25.30005],[-48.32762,-25.30086],[-48.32683,-25.30134],[-48.32659,-25.30172],[-48.32581,-25.30211],[-48.32579,-25.30297],[-48.32596,-25.30352],[-48.32571,-25.30379],[-48.3252,-25.30397],[-48.32445,-25.30396],[-48.32408,-25.30369],[-48.32402,-25.3027],[-48.32369,-25.30143],[-48.32371,-25.30048],[-48.32359,-25.30037],[-48.32227,-25.30052],[-48.32184,-25.30079],[-48.3218,-25.3013],[-48.32162,-25.30147],[-48.32076,-25.30152],[-48.32022,-25.30128],[-48.31986,-25.30178],[-48.31902,-25.30214],[-48.31874,-25.30214],[-48.31831,-25.30182],[-48.31811,-25.30215],[-48.31728,-25.30221],[-48.31657,-25.30172],[-48.31665,-25.30134],[-48.31649,-25.3011],[-48.31668,-25.30101],[-48.31653,-25.30059],[-48.31418,-25.29959],[-48.31322,-25.29894],[-48.31291,-25.29784],[-48.31235,-25.29669],[-48.31243,-25.29607],[-48.31277,-25.29542],[-48.31282,-25.29478],[-48.31259,-25.2941],[-48.3117,-25.29333],[-48.30964,-25.29249],[-48.30881,-25.29187],[-48.3075,-25.29036],[-48.30689,-25.28896],[-48.30563,-25.28824],[-48.30479,-25.28685],[-48.30343,-25.28601],[-48.30222,-25.28581],[-48.30151,-25.28503],[-48.30083,-25.28484],[-48.29907,-25.28329],[-48.29814,-25.28194],[-48.29708,-25.28111],[-48.2968,-25.28046],[-48.29636,-25.27997],[-48.30779,-25.27574],[-48.3257,-25.27605],[-48.32537,-25.27672],[-48.32522,-25.2782],[-48.32543,-25.27972],[-48.32519,-25.28071],[-48.32513,-25.28224],[-48.32531,-25.28263],[-48.32541,-25.2841],[-48.326,-25.28552],[-48.32745,-25.28686],[-48.32798,-25.28757],[-48.3284,-25.28918],[-48.32983,-25.29201],[-48.32959,-25.29307],[-48.32998,-25.29445],[-48.33054,-25.29545],[-48.33044,-25.29629],[-48.33081,-25.29763],[-48.33065,-25.29835],[-48.33137,-25.29939],[-48.3313,-25.29989]]]]}},{"type":"Feature","properties":{"cnuc":"0000.00.0054","nome":"ESTAÇÃO ECOLÓGICA DE GUARAQUEÇABA","categoria":"Estação Ecológica","grupo":"Proteção Integral","esfera":"Federal","area_ha":4370.08,"criacao":"01-06-1982","gestor":"INSTITUTO CHICO MENDES DE CONSERVAÇÃO DA BIODIVERSIDADE","uf":"PARANÁ","plano_manejo":"Não"},"geometry":{"type":"MultiPolygon","coordinates":[[[[-48.2422,-25.3048],[-48.24162,-25.30539],[-48.24091,-25.3056],[-48.24096,-25.30643],[-48.2414,-25.3072],[-48.24128,-25.30811],[-48.24006,-25.30865],[-48.23939,-25.30817],[-48.2384,-25.30927],[-48.237,-25.31025],[-48.23548,-25.31063],[-48.23349,-25.3089],[-48.23233,-25.30844],[-48.23194,-25.30728],[-48.23345,-25.30434],[-48.23314,-25.30287],[-48.23376,-25.30155],[-48.23241,-25.30161],[-48.23237,-25.30343],[-48.23102,-25.304],[-48.23038,-25.30503],[-48.22975,-25.30686],[-48.23013,-25.30865],[-48.23113,-25.30957],[-48.23137,-25.31133],[-48.23284,-25.31192],[-48.23445,-25.31207],[-48.23739,-25.31367],[-48.23819,-25.31462],[-48.23851,-25.31562],[-48.23786,-25.31566],[-48.23756,-25.31622],[-48.23762,-25.31692],[-48.23945,-25.31867],[-48.23835,-25.31946],[-48.2385,-25.32031],[-48.2389,-25.32043],[-48.23927,-25.31968],[-48.23958,-25.31944],[-48.24052,-25.31906],[-48.24153,-25.31891],[-48.24489,-25.31949],[-48.24725,-25.31955],[-48.24813,-25.31972],[-48.24923,-25.32048],[-48.25074,-25.322],[-48.25201,-25.32293],[-48.25294,-25.32454],[-48.2535,-25.32499],[-48.25412,-25.32491],[-48.25419,-25.32436],[-48.255,-25.32415],[-48.2556,-25.32475],[-48.25651,-25.32505],[-48.25714,-25.32513],[-48.25748,-25.32499],[-48.25785,-25.32545],[-48.25788,-25.32636],[-48.25813,-25.32668],[-48.25884,-25.32669],[-48.25937,-25.32624],[-48.25963,-25.32575],[-48.26014,-25.3257],[-48.26054,-25.32584],[-48.26102,-25.32569],[-48.26166,-25.32495],[-48.26234,-25.32354],[-48.26314,-25.32251],[-48.26423,-25.32023],[-48.2638,-25.32033],[-48.26442,-25.31859],[-48.26417,-25.31772],[-48.2642,-25.31696],[-48.26392,-25.31617],[-48.26241,-25.31617],[-48.26247,-25.31687],[-48.26286,-25.31733],[-48.26273,-25.31795],[-48.26147,-25.31808],[-48.25722,-25.31965],[-48.25604,-25.31911],[-48.25523,-25.31825],[-48.25462,-25.316],[-48.25385,-25.31532],[-48.25346,-25.31169],[-48.25221,-25.3121],[-48.25111,-25.31208],[-48.2508,-25.31164],[-48.25095,-25.31105],[-48.25091,-25.3102],[-48.25138,-25.30962],[-48.25115,-25.30905],[-48.252,-25.30789],[-48.25173,-25.30725],[-48.25204,-25.30571],[-48.25155,-25.30545],[-48.25125,-25.3043],[-48.25086,-25.30405],[-48.25004,-25.30556],[-48.25017,-25.30733],[-48.24931,-25.30798],[-48.24918,-25.30881],[-48.2478,-25.30876],[-48.24689,-25.30932],[-48.24581,-25.30922],[-48.24481,-25.30779],[-48.24572,-25.3065],[-48.24464,-25.30598],[-48.24412,-25.30516],[-48.24503,-25.30399],[-48.24529,-25.30338],[-48.24451,-25.30252],[-48.24537,-25.30183],[-48.24628,-25.29807],[-48.2471,-25.29708],[-48.2439,-25.29474],[-48.24455,-25.29699],[-48.2446,-25.29824],[-48.24339,-25.29906],[-48.24291,-25.30027],[-48.24179,-25.30036],[-48.24231,-25.30118],[-48.2421,-25.30262],[-48.24131,-25.30261],[-48.24118,-25.30382],[-48.24213,-25.30395],[-48.2422,-25.3048]]],[[[-48.2533,-25.32601],[-48.25298,-25.32626],[-48.25292,-25.32672],[-48.25383,-25.32717],[-48.25468,-25.32813],[-48.25506,-25.32888],[-48.25568,-25.3294],[-48.25808,-25.33046],[-48.25868,-25.32994],[-48.25907,-25.32868],[-48.25773,-25.32855],[-48.25703,-25.32765],[-48.25631,-25.32748],[-48.25536,-25.32629],[-48.25499,-25.32607],[-48.25419,-25.32578],[-48.2533,-25.32601]]],[[[-48.29787,-25.32724],[-48.29811,-25.32746],[-48.29856,-25.32877],[-48.29948,-25.32909],[-48.30066,-25.33072],[-48.30187,-25.33283],[-48.30195,-25.33349],[-48.30179,-25.33353],[-48.30166,-25.33326],[-48.30161,-25.33268],[-48.30134,-25.33272],[-48.30008,-25.33418],[-48.29972,-25.33495],[-48.29967,-25.3358],[-48.29944,-25.33604],[-48.29919,-25.33922],[-48.29898,-25.34079],[-48.29857,-25.34171],[-48.29866,-25.342],[-48.29802,-25.34299],[-48.29675,-25.34394],[-48.29674,-25.34419],[-48.30105,-25.3463],[-48.30289,-25.34574],[-48.30439,-25.34509],[-48.30705,-25.343],[-48.30697,-25.34374],[-48.30607,-25.34442],[-48.30595,-25.34479],[-48.30521,-25.34532],[-48.30468,-25.34682],[-48.30403,-25.34808],[-48.3037,-25.3484],[-48.30349,-25.3489],[-48.30345,-25.34998],[-48.30368,-25.35036],[-48.30368,-25.35071],[-48.30421,-25.35101],[-48.30633,-25.35154],[-48.30763,-25.35124],[-48.30914,-25.35182],[-48.3095,-25.35173],[-48.30985,-25.35216],[-48.31067,-25.35221],[-48.31166,-25.35306],[-48.31143,-25.35325],[-48.31095,-25.35276],[-48.30979,-25.35259],[-48.30969,-25.35242],[-48.30894,-25.35245],[-48.30795,-25.35199],[-48.30753,-25.35209],[-48.30766,-25.3525],[-48.31005,-25.35525],[-48.31092,-25.3568],[-48.31148,-25.35745],[-48.31264,-25.35962],[-48.31465,-25.35945],[-48.31444,-25.35964],[-48.3133,-25.35972],[-48.31281,-25.35997],[-48.31269,-25.36022],[-48.31348,-25.36171],[-48.31357,-25.36226],[-48.31413,-25.3629],[-48.31457,-25.36309],[-48.31527,-25.3647],[-48.31565,-25.36505],[-48.31603,-25.36509],[-48.31682,-25.36486],[-48.31891,-25.36372],[-48.32159,-25.36354],[-48.32286,-25.36277],[-48.32338,-25.36279],[-48.32482,-25.36107],[-48.32743,-25.35959],[-48.32855,-25.35935],[-48.33267,-25.35507],[-48.33512,-25.35324],[-48.3384,-25.35009],[-48.33695,-25.34759],[-48.33593,-25.34447],[-48.33544,-25.34393],[-48.33456,-25.34342],[-48.33433,-25.34349],[-48.33302,-25.34168],[-48.33235,-25.34129],[-48.33197,-25.34037],[-48.33144,-25.34019],[-48.3309,-25.3383],[-48.33022,-25.33735],[-48.32791,-25.33548],[-48.3275,-25.33549],[-48.32654,-25.33478],[-48.31937,-25.33204],[-48.31907,-25.33213],[-48.31863,-25.33317],[-48.31868,-25.33377],[-48.31896,-25.33443],[-48.31822,-25.33531],[-48.31759,-25.33544],[-48.31817,-25.3352],[-48.31868,-25.33449],[-48.31842,-25.33341],[-48.31898,-25.33193],[-48.31809,-25.33177],[-48.3158,-25.33198],[-48.31503,-25.33186],[-48.31434,-25.3316],[-48.31377,-25.33112],[-48.31312,-25.33005],[-48.31195,-25.32955],[-48.31173,-25.3296],[-48.31114,-25.33128],[-48.31051,-25.3319],[-48.31067,-25.33234],[-48.31128,-25.33277],[-48.3113,-25.33295],[-48.31097,-25.33288],[-48.31046,-25.33225],[-48.3102,-25.33227],[-48.30985,-25.33273],[-48.30962,-25.33342],[-48.30967,-25.33292],[-48.30954,-25.3328],[-48.30977,-25.3326],[-48.30966,-25.3324],[-48.3102,-25.33212],[-48.31023,-25.33178],[-48.31084,-25.33114],[-48.31102,-25.3303],[-48.3113,-25.32999],[-48.31136,-25.32903],[-48.31264,-25.3276],[-48.31276,-25.32658],[-48.31265,-25.32642],[-48.3113,-25.32652],[-48.30993,-25.32609],[-48.30971,-25.32619],[-48.30947,-25.32656],[-48.3094,-25.32709],[-48.30989,-25.32769],[-48.31001,-25.3285],[-48.30903,-25.32915],[-48.30847,-25.32901],[-48.30814,-25.32858],[-48.30826,-25.32832],[-48.30855,-25.32875],[-48.30896,-25.32854],[-48.30886,-25.32766],[-48.30864,-25.3275],[-48.30825,-25.32647],[-48.30731,-25.32606],[-48.3069,-25.32528],[-48.30757,-25.32459],[-48.30771,-25.3241],[-48.30674,-25.3237],[-48.30298,-25.32384],[-48.30233,-25.32341],[-48.30131,-25.32347],[-48.30105,-25.32298],[-48.30089,-25.32346],[-48.2998,-25.32322],[-48.29918,-25.3236],[-48.29787,-25.32724]],[[-48.30726,-25.32974],[-48.30836,-25.32998],[-48.30959,-25.32978],[-48.31026,-25.32887],[-48.31021,-25.3276],[-48.31108,-25.32692],[-48.31148,-25.32734],[-48.31133,-25.32834],[-48.3105,-25.32892],[-48.30978,-25.33017],[-48.30834,-25.33107],[-48.30818,-25.33255],[-48.30867,-25.33623],[-48.30872,-25.33786],[-48.30848,-25.33937],[-48.30799,-25.33955],[-48.30677,-25.33934],[-48.30625,-25.34056],[-48.3058,-25.34066],[-48.30446,-25.34212],[-48.30432,-25.34282],[-48.30476,-25.34327],[-48.30354,-25.34477],[-48.30142,-25.34499],[-48.30007,-25.34496],[-48.29947,-25.3444],[-48.29986,-25.34363],[-48.29959,-25.34303],[-48.29997,-25.34213],[-48.30003,-25.33973],[-48.30211,-25.33776],[-48.30252,-25.33603],[-48.30309,-25.33615],[-48.30385,-25.3349],[-48.30483,-25.3347],[-48.30489,-25.33374],[-48.30649,-25.33358],[-48.30758,-25.33219],[-48.30711,-25.33107],[-48.30583,-25.33019],[-48.3039,-25.33046],[-48.30213,-25.33128],[-48.30224,-25.32991],[-48.30262,-25.32965],[-48.30294,-25.32795],[-48.30232,-25.32653],[-48.30049,-25.32624],[-48.29969,-25.32534],[-48.29966,-25.32485],[-48.301,-25.32529],[-48.30247,-25.32531],[-48.30302,-25.32625],[-48.30256,-25.3265],[-48.3038,-25.3279],[-48.30563,-25.32789],[-48.30709,-25.32859],[-48.3069,-25.32944],[-48.30726,-25.32974]],[[-48.31576,-25.33848],[-48.31648,-25.33779],[-48.31898,-25.33682],[-48.32055,-25.33728],[-48.32171,-25.33743],[-48.32126,-25.33824],[-48.32125,-25.33917],[-48.32089,-25.33944],[-48.32132,-25.34003],[-48.32119,-25.34078],[-48.3206,-25.34141],[-48.32053,-25.3418],[-48.32146,-25.34159],[-48.3219,-25.3423],[-48.32241,-25.34231],[-48.3224,-25.34182],[-48.32271,-25.341],[-48.3226,-25.34038],[-48.3227,-25.33972],[-48.32297,-25.33954],[-48.32273,-25.33937],[-48.32274,-25.33858],[-48.32393,-25.33721],[-48.32444,-25.33716],[-48.32481,-25.33632],[-48.32459,-25.33599],[-48.32366,-25.33587],[-48.32361,-25.3354],[-48.32437,-25.33509],[-48.32612,-25.33626],[-48.32741,-25.33782],[-48.32789,-25.33799],[-48.32898,-25.34022],[-48.32943,-25.34047],[-48.32949,-25.34143],[-48.33143,-25.34208],[-48.33225,-25.34277],[-48.33263,-25.34378],[-48.33254,-25.34458],[-48.33341,-25.34516],[-48.33355,-25.34574],[-48.33329,-25.34619],[-48.33361,-25.3468],[-48.33428,-25.34703],[-48.3353,-25.34906],[-48.33619,-25.34998],[-48.33615,-25.35067],[-48.33532,-25.35174],[-48.33511,-25.35235],[-48.33245,-25.35424],[-48.33149,-25.35466],[-48.32996,-25.35598],[-48.32988,-25.35695],[-48.32884,-25.3573],[-48.32872,-25.35786],[-48.32744,-25.35875],[-48.32472,-25.36019],[-48.32351,-25.36019],[-48.32053,-25.36113],[-48.31958,-25.36079],[-48.31908,-25.36013],[-48.3185,-25.3564],[-48.31869,-25.35541],[-48.31716,-25.35349],[-48.31739,-25.35315],[-48.3159,-25.35154],[-48.31481,-25.35201],[-48.3141,-25.35177],[-48.31351,-25.35192],[-48.31145,-25.35124],[-48.31043,-25.35019],[-48.30936,-25.3497],[-48.30816,-25.34937],[-48.30722,-25.34932],[-48.30676,-25.34896],[-48.30678,-25.34845],[-48.3064,-25.34786],[-48.30622,-25.34702],[-48.30664,-25.34591],[-48.30633,-25.34487],[-48.30662,-25.34461],[-48.30729,-25.3448],[-48.30772,-25.34467],[-48.30842,-25.34399],[-48.30923,-25.34397],[-48.30971,-25.34338],[-48.31062,-25.34329],[-48.31064,-25.34312],[-48.30917,-25.34273],[-48.30923,-25.34243],[-48.30972,-25.34217],[-48.31044,-25.34097],[-48.31105,-25.34074],[-48.31169,-25.33995],[-48.31294,-25.3394],[-48.31421,-25.33939],[-48.31479,-25.33967],[-48.31546,-25.3394],[-48.31576,-25.33848]]],[[[-48.30081,-25.34655],[-48.29817,-25.3451],[-48.29775,-25.34507],[-48.29765,-25.34485],[-48.29675,-25.34491],[-48.29684,-25.34621],[-48.29714,-25.34685],[-48.29831,-25.34716],[-48.29974,-25.34788],[-48.30059,-25.348],[-48.30092,-25.3479],[-48.30094,-25.34764],[-48.3013,-25.34735],[-48.30081,-25.34655]]],[[[-48.30488,-25.34479],[-48.30482,-25.345],[-48.30503,-25.345],[-48.30564,-25.34454],[-48.30571,-25.34426],[-48.30488,-25.34479]]],[[[-48.30695,-25.24367],[-48.3072,-25.24446],[-48.30695,-25.24478],[-48.30635,-25.24515],[-48.30663,-25.24547],[-48.30762,-25.24582],[-48.30892,-25.24563],[-48.30922,-25.2455],[-48.30956,-25.24487],[-48.30989,-25.2447],[-48.31091,-25.2457],[-48.31129,-25.24582],[-48.31192,-25.24654],[-48.31301,-25.24681],[-48.31337,-25.24782],[-48.31371,-25.24822],[-48.31332,-25.24902],[-48.31236,-25.24953],[-48.31261,-25.24972],[-48.31323,-25.24975],[-48.31371,-25.25027],[-48.31469,-25.25025],[-48.31507,-25.24995],[-48.31557,-25.24987],[-48.31603,-25.25002],[-48.31865,-25.25018],[-48.31884,-25.25043],[-48.31987,-25.2507],[-48.31958,-25.25131],[-48.31919,-25.25149],[-48.31908,-25.25211],[-48.31882,-25.25242],[-48.31902,-25.25276],[-48.31895,-25.25314],[-48.31936,-25.25312],[-48.31994,-25.25255],[-48.32031,-25.25291],[-48.32145,-25.25263],[-48.32271,-25.25314],[-48.32301,-25.25277],[-48.32309,-25.25261],[-48.32257,-25.25146],[-48.3226,-25.25093],[-48.32215,-25.25028],[-48.32179,-25.24917],[-48.32079,-25.24837],[-48.32032,-25.24807],[-48.31926,-25.24794],[-48.31912,-25.24818],[-48.31925,-25.24862],[-48.31813,-25.24858],[-48.31671,-25.24792],[-48.31409,-25.24746],[-48.31366,-25.24718],[-48.31274,-25.2459],[-48.31229,-25.24446],[-48.31225,-25.24394],[-48.31247,-25.24356],[-48.31193,-25.24298],[-48.31074,-25.24303],[-48.30973,-25.2434],[-48.30807,-25.24309],[-48.30692,-25.24176],[-48.30677,-25.24112],[-48.30625,-25.24066],[-48.30618,-25.24004],[-48.30582,-25.24011],[-48.30598,-25.24121],[-48.30523,-25.24249],[-48.30593,-25.24325],[-48.30695,-25.24367]]],[[[-48.30723,-25.23999],[-48.30703,-25.24021],[-48.30702,-25.24107],[-48.30787,-25.24248],[-48.30832,-25.24286],[-48.30876,-25.24308],[-48.30933,-25.24311],[-48.31117,-25.24256],[-48.31214,-25.24265],[-48.31254,-25.24294],[-48.31283,-25.24334],[-48.313,-25.24525],[-48.31373,-25.24664],[-48.31471,-25.24731],[-48.32121,-25.2478],[-48.3238,-25.24975],[-48.32446,-25.25097],[-48.32466,-25.25249],[-48.32528,-25.25417],[-48.3264,-25.25572],[-48.32793,-25.25516],[-48.32791,-25.25397],[-48.3295,-25.25196],[-48.32954,-25.25085],[-48.33004,-25.25033],[-48.3301,-25.24868],[-48.32963,-25.2457],[-48.3291,-25.24422],[-48.32843,-25.24338],[-48.32741,-25.24263],[-48.32861,-25.24187],[-48.32899,-25.24195],[-48.32901,-25.24083],[-48.32873,-25.24028],[-48.32772,-25.23959],[-48.32713,-25.23943],[-48.32611,-25.23936],[-48.32527,-25.23977],[-48.32395,-25.23989],[-48.32277,-25.23954],[-48.32202,-25.2391],[-48.32147,-25.23829],[-48.3214,-25.23717],[-48.32085,-25.23642],[-48.31959,-25.23595],[-48.31676,-25.23578],[-48.31468,-25.23632],[-48.31443,-25.2373],[-48.31391,-25.23776],[-48.31369,-25.23847],[-48.31277,-25.2395],[-48.30968,-25.24039],[-48.30919,-25.24075],[-48.30857,-25.24087],[-48.30782,-25.24021],[-48.30723,-25.23999]]],[[[-48.31239,-25.32819],[-48.31208,-25.32842],[-48.31191,-25.32884],[-48.31241,-25.32944],[-48.31268,-25.32952],[-48.31287,-25.32937],[-48.31286,-25.3288],[-48.31239,-25.32819]]],[[[-48.32463,-25.2603],[-48.32518,-25.26062],[-48.32553,-25.26125],[-48.32514,-25.26223],[-48.32242,-25.26239],[-48.31967,-25.26117],[-48.31888,-25.26117],[-48.31884,-25.26168],[-48.31963,-25.26227],[-48.32136,-25.26254],[-48.32179,-25.26333],[-48.32348,-25.26427],[-48.32411,-25.26498],[-48.32482,-25.26463],[-48.32624,-25.26463],[-48.32655,-25.26502],[-48.32624,-25.26636],[-48.3275,-25.26648],[-48.32758,-25.26664],[-48.32734,-25.26731],[-48.32762,-25.26825],[-48.32825,-25.26845],[-48.32946,-25.26833],[-48.32994,-25.26671],[-48.33076,-25.26557],[-48.33391,-25.26447],[-48.33631,-25.26219],[-48.33946,-25.25951],[-48.34052,-25.25735],[-48.33918,-25.25652],[-48.33726,-25.25562],[-48.33242,-25.25357],[-48.33104,-25.25404],[-48.32931,-25.2553],[-48.32781,-25.25585],[-48.3262,-25.25625],[-48.3249,-25.25605],[-48.32443,-25.25735],[-48.32486,-25.25916],[-48.32463,-25.2603]]],[[[-48.31949,-25.58338],[-48.31926,-25.58452],[-48.31966,-25.58532],[-48.31995,-25.58551],[-48.31996,-25.58583],[-48.32037,-25.58609],[-48.32174,-25.58638],[-48.32246,-25.58627],[-48.32446,-25.58477],[-48.32425,-25.58415],[-48.32357,-25.58349],[-48.32289,-25.5836],[-48.32238,-25.5834],[-48.32152,-25.58352],[-48.32131,-25.58337],[-48.32094,-25.58358],[-48.32082,-25.58345],[-48.32059,-25.58351],[-48.32051,-25.58331],[-48.32034,-25.58347],[-48.31949,-25.58338]]],[[[-48.3236,-25.23408],[-48.32229,-25.23488],[-48.32174,-25.23462],[-48.32192,-25.23411],[-48.32149,-25.23344],[-48.32086,-25.2334],[-48.32129,-25.23423],[-48.32001,-25.23539],[-48.32124,-25.23561],[-48.32143,-25.23592],[-48.3229,-25.23604],[-48.32403,-25.23587],[-48.32506,-25.23556],[-48.32652,-25.23485],[-48.32721,-25.23489],[-48.32788,-25.2347],[-48.32892,-25.23365],[-48.32788,-25.23137],[-48.32651,-25.23178],[-48.32525,-25.23186],[-48.32462,-25.23061],[-48.32388,-25.23066],[-48.32351,-25.23192],[-48.32285,-25.23175],[-48.3226,-25.23206],[-48.32352,-25.23284],[-48.3236,-25.23408]]],[[[-48.32751,-25.23842],[-48.32749,-25.23687],[-48.32792,-25.23661],[-48.32779,-25.23601],[-48.32732,-25.23548],[-48.32393,-25.23631],[-48.32195,-25.23637],[-48.32211,-25.23788],[-48.32263,-25.23881],[-48.32391,-25.23926],[-48.32535,-25.23899],[-48.3261,-25.2383],[-48.32751,-25.23842]]],[[[-48.32864,-25.23545],[-48.32886,-25.23817],[-48.3298,-25.23951],[-48.33092,-25.24045],[-48.33231,-25.24096],[-48.33384,-25.2421],[-48.33407,-25.24268],[-48.33385,-25.24436],[-48.3343,-25.24476],[-48.33513,-25.24423],[-48.33575,-25.24418],[-48.33616,-25.24341],[-48.33734,-25.24241],[-48.33871,-25.2388],[-48.33948,-25.23785],[-48.34188,-25.23663],[-48.34207,-25.23563],[-48.3415,-25.23475],[-48.34019,-25.23404],[-48.33877,-25.23377],[-48.33752,-25.23328],[-48.33671,-25.23275],[-48.33534,-25.23296],[-48.33237,-25.23212],[-48.33111,-25.23206],[-48.33058,-25.233],[-48.32864,-25.23545]]],[[[-48.33434,-25.25119],[-48.33476,-25.25179],[-48.33526,-25.25217],[-48.33553,-25.25217],[-48.33545,-25.25121],[-48.33516,-25.25059],[-48.33553,-25.25058],[-48.33561,-25.2503],[-48.33529,-25.24993],[-48.33371,-25.24956],[-48.33277,-25.24913],[-48.33316,-25.24842],[-48.3347,-25.24877],[-48.33505,-25.24858],[-48.33336,-25.24385],[-48.33379,-25.24279],[-48.33305,-25.24192],[-48.33045,-25.24082],[-48.3301,-25.24177],[-48.33061,-25.24362],[-48.33127,-25.24429],[-48.33159,-25.24574],[-48.33116,-25.24763],[-48.33191,-25.25086],[-48.33305,-25.25208],[-48.33411,-25.25219],[-48.33434,-25.25119]]],[[[-48.33576,-25.23038],[-48.3351,-25.23],[-48.33449,-25.2299],[-48.33407,-25.2299],[-48.33395,-25.2303],[-48.33338,-25.23012],[-48.33336,-25.22986],[-48.33287,-25.23026],[-48.33296,-25.23046],[-48.33316,-25.23048],[-48.33322,-25.23087],[-48.33362,-25.23103],[-48.33354,-25.23137],[-48.33306,-25.23143],[-48.33302,-25.23119],[-48.33247,-25.23109],[-48.33243,-25.23042],[-48.33211,-25.2304],[-48.33213,-25.23],[-48.3316,-25.22982],[-48.33122,-25.22933],[-48.33136,-25.22915],[-48.3318,-25.22933],[-48.33192,-25.22899],[-48.33057,-25.22885],[-48.33057,-25.22945],[-48.331,-25.2304],[-48.33134,-25.23186],[-48.33245,-25.2318],[-48.33506,-25.23256],[-48.33681,-25.23256],[-48.3378,-25.23313],[-48.33843,-25.23313],[-48.34053,-25.2337],[-48.34199,-25.23452],[-48.34237,-25.23426],[-48.34209,-25.23368],[-48.34306,-25.23412],[-48.34314,-25.23353],[-48.34233,-25.23323],[-48.34209,-25.23293],[-48.34197,-25.23206],[-48.3414,-25.23119],[-48.34049,-25.23063],[-48.3394,-25.22905],[-48.33738,-25.2286],[-48.33639,-25.2277],[-48.33568,-25.22751],[-48.33479,-25.2278],[-48.33399,-25.22846],[-48.33344,-25.22866],[-48.3334,-25.22889],[-48.33405,-25.22927],[-48.33471,-25.22901],[-48.33522,-25.22901],[-48.33544,-25.22976],[-48.3357,-25.2299],[-48.33576,-25.23038]]],[[[-48.33525,-25.26719],[-48.33647,-25.26608],[-48.33631,-25.26557],[-48.33489,-25.26581],[-48.33375,-25.26636],[-48.33525,-25.26719]]],[[[-48.33517,-25.24535],[-48.33513,-25.24472],[-48.33423,-25.24507],[-48.33529,-25.24661],[-48.33564,-25.24645],[-48.33572,-25.24562],[-48.33517,-25.24535]]],[[[-48.3418,-25.26448],[-48.343,-25.26548],[-48.3438,-25.26587],[-48.34365,-25.26601],[-48.3417,-25.26484],[-48.34109,-25.26469],[-48.34078,-25.26484],[-48.34094,-25.26521],[-48.34071,-25.26657],[-48.34079,-25.26729],[-48.34056,-25.26757],[-48.3405,-25.26594],[-48.34016,-25.26538],[-48.33968,-25.26538],[-48.33719,-25.26645],[-48.33546,-25.26758],[-48.33499,-25.26821],[-48.33529,-25.26931],[-48.33624,-25.27087],[-48.33751,-25.27139],[-48.33835,-25.27196],[-48.34085,-25.2719],[-48.34643,-25.27039],[-48.34771,-25.27052],[-48.3488,-25.2709],[-48.34961,-25.27003],[-48.34839,-25.26576],[-48.3465,-25.26228],[-48.34426,-25.25965],[-48.34377,-25.25966],[-48.34317,-25.26047],[-48.34254,-25.26184],[-48.34175,-25.26282],[-48.34186,-25.26315],[-48.34228,-25.26307],[-48.34238,-25.26329],[-48.34171,-25.264],[-48.3418,-25.26448]]],[[[-48.33899,-25.24887],[-48.33885,-25.24868],[-48.33748,-25.24819],[-48.33611,-25.24781],[-48.33595,-25.24798],[-48.33626,-25.24834],[-48.33737,-25.2484],[-48.33763,-25.24876],[-48.33832,-25.24916],[-48.33899,-25.24887]]],[[[-48.3395,-25.25164],[-48.33663,-25.24987],[-48.33626,-25.24983],[-48.33643,-25.25066],[-48.33694,-25.25164],[-48.33781,-25.2522],[-48.34121,-25.25353],[-48.34153,-25.25336],[-48.3395,-25.25164]]],[[[-48.34605,-25.23911],[-48.34487,-25.23992],[-48.3443,-25.24088],[-48.34233,-25.2413],[-48.34145,-25.24083],[-48.34071,-25.24008],[-48.34084,-25.23818],[-48.33921,-25.2394],[-48.33931,-25.23999],[-48.3383,-25.24277],[-48.33833,-25.24314],[-48.33863,-25.2433],[-48.33904,-25.24405],[-48.34006,-25.24457],[-48.34046,-25.2446],[-48.34043,-25.24494],[-48.34249,-25.24615],[-48.34436,-25.24791],[-48.34503,-25.24883],[-48.34582,-25.24856],[-48.34642,-25.24751],[-48.3463,-25.24698],[-48.34675,-25.24631],[-48.34678,-25.24581],[-48.34728,-25.24542],[-48.34833,-25.24396],[-48.34948,-25.24003],[-48.34986,-25.23784],[-48.34937,-25.23544],[-48.34986,-25.23429],[-48.34932,-25.23396],[-48.34799,-25.23487],[-48.3465,-25.23423],[-48.34559,-25.23327],[-48.34593,-25.23435],[-48.34636,-25.23494],[-48.34623,-25.23629],[-48.34603,-25.23686],[-48.34649,-25.23798],[-48.34589,-25.23839],[-48.34605,-25.23911]]],[[[-48.3461,-25.31264],[-48.34569,-25.31385],[-48.34588,-25.3155],[-48.34614,-25.31614],[-48.34614,-25.31633],[-48.34588,-25.31635],[-48.3458,-25.31844],[-48.34618,-25.31968],[-48.34719,-25.32055],[-48.34907,-25.32097],[-48.35164,-25.32067],[-48.35461,-25.31981],[-48.3595,-25.31958],[-48.36023,-25.31921],[-48.3604,-25.31886],[-48.36017,-25.31561],[-48.36069,-25.3151],[-48.36052,-25.31423],[-48.35979,-25.31252],[-48.35958,-25.31017],[-48.35909,-25.3098],[-48.35884,-25.30928],[-48.35802,-25.30907],[-48.35752,-25.30843],[-48.35688,-25.30711],[-48.35703,-25.30622],[-48.35811,-25.30503],[-48.358,-25.30472],[-48.35669,-25.30389],[-48.35661,-25.30318],[-48.35715,-25.30233],[-48.3579,-25.30183],[-48.35744,-25.29998],[-48.35786,-25.29946],[-48.35894,-25.29919],[-48.35923,-25.29871],[-48.35898,-25.29788],[-48.35642,-25.29638],[-48.35567,-25.29498],[-48.35323,-25.29292],[-48.35251,-25.29301],[-48.35007,-25.29394],[-48.34911,-25.29411],[-48.34643,-25.29543],[-48.34592,-25.29588],[-48.34211,-25.29809],[-48.3413,-25.29873],[-48.34082,-25.2994],[-48.3407,-25.29973],[-48.34082,-25.30034],[-48.34313,-25.30149],[-48.34417,-25.30232],[-48.3449,-25.30337],[-48.34578,-25.30607],[-48.34643,-25.3097],[-48.34644,-25.3101],[-48.34612,-25.3105],[-48.34633,-25.3125],[-48.3461,-25.31264]],[[-48.35455,-25.31391],[-48.35481,-25.31353],[-48.35526,-25.31346],[-48.35597,-25.31385],[-48.35648,-25.31449],[-48.35648,-25.31501],[-48.35603,-25.31559],[-48.35423,-25.31688],[-48.35371,-25.31688],[-48.35197,-25.31758],[-48.35011,-25.31894],[-48.34933,-25.31907],[-48.34753,-25.31829],[-48.34714,-25.31771],[-48.34708,-25.31694],[-48.3474,-25.3163],[-48.3492,-25.3154],[-48.34953,-25.31437],[-48.34901,-25.31366],[-48.3492,-25.31295],[-48.34875,-25.31198],[-48.34901,-25.3114],[-48.34978,-25.31108],[-48.35114,-25.31134],[-48.35062,-25.31192],[-48.35043,-25.3125],[-48.35114,-25.31359],[-48.35249,-25.31469],[-48.35313,-25.31456],[-48.35455,-25.31391]]],[[[-48.34588,-25.24976],[-48.34646,-25.25157],[-48.34678,-25.25153],[-48.34669,-25.25026],[-48.3464,-25.24924],[-48.34588,-25.24976]]],[[[-48.38692,-25.29144],[-48.38667,-25.29144],[-48.38633,-25.29201],[-48.38647,-25.29233],[-48.38616,-25.29294],[-48.38593,-25.29254],[-48.38607,-25.29207],[-48.3859,-25.29196],[-48.38633,-25.2914],[-48.38628,-25.29068],[-48.38675,-25.29026],[-48.3866,-25.29004],[-48.3862,-25.29008],[-48.3859,-25.28987],[-48.38607,-25.28947],[-48.38656,-25.28968],[-48.38692,-25.28951],[-48.38732,-25.28922],[-48.38726,-25.28848],[-48.38975,-25.28768],[-48.38989,-25.28752],[-48.38878,-25.28689],[-48.38795,-25.28726],[-48.38551,-25.28677],[-48.38367,-25.28675],[-48.38262,-25.2874],[-48.38258,-25.28758],[-48.38293,-25.28778],[-48.38292,-25.28805],[-48.3827,-25.28801],[-48.38263,-25.28783],[-48.38187,-25.2877],[-48.38114,-25.28783],[-48.38017,-25.28839],[-48.37975,-25.28946],[-48.37902,-25.29],[-48.37983,-25.28882],[-48.37979,-25.2886],[-48.37864,-25.28794],[-48.37819,-25.28816],[-48.37783,-25.28803],[-48.37783,-25.28761],[-48.37575,-25.2864],[-48.37477,-25.28487],[-48.37418,-25.28512],[-48.374,-25.28572],[-48.37362,-25.28605],[-48.37285,-25.28753],[-48.37261,-25.28766],[-48.37406,-25.28468],[-48.37372,-25.28421],[-48.37356,-25.28352],[-48.37375,-25.28218],[-48.37351,-25.28156],[-48.37294,-25.28098],[-48.37185,-25.2808],[-48.3707,-25.28107],[-48.36919,-25.2835],[-48.36755,-25.28549],[-48.36745,-25.28641],[-48.36682,-25.28748],[-48.36642,-25.28761],[-48.36499,-25.28838],[-48.36312,-25.28998],[-48.35896,-25.2915],[-48.35608,-25.29173],[-48.3544,-25.29163],[-48.35409,-25.29236],[-48.3554,-25.29311],[-48.35748,-25.29598],[-48.35865,-25.296],[-48.3599,-25.29553],[-48.36038,-25.29484],[-48.36056,-25.29367],[-48.36131,-25.29345],[-48.36331,-25.29365],[-48.36462,-25.29399],[-48.36643,-25.29682],[-48.3688,-25.29777],[-48.36922,-25.29846],[-48.36966,-25.29875],[-48.36889,-25.30048],[-48.36853,-25.29808],[-48.36776,-25.29779],[-48.36695,-25.29792],[-48.36666,-25.29752],[-48.36339,-25.29605],[-48.36291,-25.29605],[-48.36287,-25.29655],[-48.36329,-25.29811],[-48.36324,-25.29859],[-48.36237,-25.29827],[-48.36158,-25.29848],[-48.36154,-25.29896],[-48.36083,-25.29873],[-48.35996,-25.29981],[-48.35925,-25.30179],[-48.35875,-25.30239],[-48.35744,-25.30304],[-48.35757,-25.30343],[-48.35925,-25.30412],[-48.35933,-25.30464],[-48.3573,-25.3067],[-48.35736,-25.30738],[-48.35848,-25.30832],[-48.3595,-25.30886],[-48.36013,-25.30974],[-48.36067,-25.31229],[-48.36135,-25.3141],[-48.36181,-25.31485],[-48.36236,-25.31499],[-48.36413,-25.31487],[-48.36581,-25.31457],[-48.36736,-25.31406],[-48.37533,-25.31313],[-48.38013,-25.31204],[-48.38531,-25.31188],[-48.38855,-25.31234],[-48.38949,-25.31228],[-48.38952,-25.31159],[-48.3899,-25.31096],[-48.39116,-25.31024],[-48.39176,-25.30918],[-48.39262,-25.30846],[-48.39268,-25.30688],[-48.39308,-25.30595],[-48.39395,-25.30474],[-48.39508,-25.30376],[-48.39514,-25.30319],[-48.39473,-25.30274],[-48.39535,-25.30185],[-48.39763,-25.29944],[-48.39844,-25.29671],[-48.39913,-25.29601],[-48.40001,-25.29446],[-48.4002,-25.29351],[-48.39985,-25.2934],[-48.39822,-25.29431],[-48.39685,-25.29414],[-48.39521,-25.29355],[-48.39486,-25.29306],[-48.39515,-25.29232],[-48.39634,-25.29137],[-48.39735,-25.29103],[-48.39741,-25.29053],[-48.39515,-25.28875],[-48.39429,-25.28759],[-48.39349,-25.28447],[-48.39298,-25.2844],[-48.39205,-25.28521],[-48.39113,-25.28704],[-48.39015,-25.28846],[-48.39068,-25.29047],[-48.39135,-25.29194],[-48.39125,-25.29243],[-48.39022,-25.28988],[-48.39023,-25.28911],[-48.38981,-25.28875],[-48.38894,-25.28892],[-48.38882,-25.29004],[-48.38842,-25.29063],[-48.38751,-25.29078],[-48.3873,-25.29144],[-48.38692,-25.29144]],[[-48.3927,-25.29115],[-48.39179,-25.28993],[-48.39198,-25.28968],[-48.3924,-25.2897],[-48.39295,-25.28912],[-48.39427,-25.28895],[-48.39475,-25.28916],[-48.39491,-25.28946],[-48.39571,-25.28968],[-48.39609,-25.29078],[-48.39528,-25.29145],[-48.39482,-25.29213],[-48.39449,-25.29353],[-48.39623,-25.29428],[-48.39626,-25.295],[-48.39597,-25.29557],[-48.39604,-25.29579],[-48.39629,-25.29579],[-48.39633,-25.29725],[-48.39597,-25.2974],[-48.39492,-25.29853],[-48.3943,-25.30001],[-48.39361,-25.30051],[-48.39282,-25.3008],[-48.3924,-25.30135],[-48.39171,-25.30141],[-48.39125,-25.30128],[-48.39125,-25.30095],[-48.39106,-25.30076],[-48.39083,-25.30105],[-48.39058,-25.30106],[-48.39025,-25.30064],[-48.38965,-25.30054],[-48.38932,-25.30083],[-48.38913,-25.30155],[-48.38897,-25.30165],[-48.38831,-25.30161],[-48.38808,-25.30181],[-48.38773,-25.30181],[-48.38713,-25.30141],[-48.38672,-25.30145],[-48.38705,-25.30275],[-48.38632,-25.30291],[-48.38681,-25.30368],[-48.38734,-25.30413],[-48.38827,-25.30371],[-48.38976,-25.304],[-48.38994,-25.30363],[-48.39051,-25.30354],[-48.39071,-25.30394],[-48.39208,-25.30381],[-48.39198,-25.30486],[-48.39146,-25.30486],[-48.3904,-25.30582],[-48.39038,-25.30641],[-48.38997,-25.30707],[-48.38997,-25.30816],[-48.39082,-25.30938],[-48.39007,-25.31001],[-48.38855,-25.30956],[-48.38782,-25.30953],[-48.38705,-25.30979],[-48.38731,-25.30886],[-48.38707,-25.30847],[-48.38475,-25.3084],[-48.38432,-25.30873],[-48.38414,-25.30973],[-48.38366,-25.31051],[-48.38341,-25.31051],[-48.38312,-25.31015],[-48.38257,-25.31004],[-48.38214,-25.31087],[-48.38158,-25.31099],[-48.3805,-25.31102],[-48.3801,-25.31008],[-48.37939,-25.30973],[-48.37893,-25.30975],[-48.37953,-25.31059],[-48.37939,-25.31102],[-48.37736,-25.31159],[-48.37668,-25.31155],[-48.3765,-25.31129],[-48.37598,-25.31118],[-48.37492,-25.31138],[-48.37465,-25.31126],[-48.37433,-25.31155],[-48.37347,-25.31171],[-48.37197,-25.31061],[-48.37168,-25.3109],[-48.37024,-25.31099],[-48.36768,-25.30952],[-48.36746,-25.30884],[-48.36763,-25.30854],[-48.36882,-25.30742],[-48.37144,-25.30779],[-48.37262,-25.30665],[-48.37276,-25.30619],[-48.37322,-25.30561],[-48.37445,-25.3051],[-48.3743,-25.30482],[-48.37341,-25.30429],[-48.37207,-25.30425],[-48.37144,-25.3038],[-48.36877,-25.30373],[-48.36856,-25.30305],[-48.36946,-25.30242],[-48.36965,-25.30207],[-48.36967,-25.30083],[-48.37021,-25.30018],[-48.37129,-25.3001],[-48.37135,-25.3006],[-48.37161,-25.30046],[-48.37173,-25.3],[-48.372,-25.3],[-48.37151,-25.29965],[-48.37164,-25.29932],[-48.37196,-25.29915],[-48.37343,-25.29907],[-48.37343,-25.29876],[-48.37295,-25.29873],[-48.37278,-25.29809],[-48.37237,-25.29831],[-48.37086,-25.29822],[-48.37062,-25.29808],[-48.37039,-25.29774],[-48.37076,-25.2966],[-48.37016,-25.29596],[-48.369,-25.2953],[-48.36771,-25.29529],[-48.36709,-25.29576],[-48.3671,-25.29608],[-48.36758,-25.29622],[-48.36759,-25.29654],[-48.36742,-25.29684],[-48.36691,-25.29667],[-48.36611,-25.29577],[-48.3654,-25.29435],[-48.36468,-25.29382],[-48.36362,-25.29366],[-48.36232,-25.29354],[-48.36169,-25.2933],[-48.3606,-25.2933],[-48.36017,-25.29369],[-48.35999,-25.29436],[-48.35934,-25.29525],[-48.35802,-25.29562],[-48.35776,-25.29505],[-48.35772,-25.29226],[-48.36182,-25.29102],[-48.36342,-25.29022],[-48.36451,-25.28909],[-48.36662,-25.28756],[-48.3667,-25.2891],[-48.36722,-25.28866],[-48.36775,-25.28861],[-48.36896,-25.28779],[-48.36978,-25.28813],[-48.37102,-25.28835],[-48.37075,-25.28964],[-48.36997,-25.2904],[-48.37034,-25.29078],[-48.37014,-25.29158],[-48.37067,-25.29112],[-48.37124,-25.29108],[-48.37148,-25.29076],[-48.37194,-25.29053],[-48.37285,-25.29066],[-48.37285,-25.29144],[-48.3734,-25.29165],[-48.37317,-25.29142],[-48.37318,-25.29092],[-48.37487,-25.29114],[-48.37698,-25.2907],[-48.37678,-25.29137],[-48.37683,-25.29199],[-48.37727,-25.29214],[-48.37749,-25.2919],[-48.3777,-25.29223],[-48.37812,-25.2923],[-48.37827,-25.29258],[-48.37814,-25.29284],[-48.37765,-25.29311],[-48.37825,-25.29351],[-48.37844,-25.29321],[-48.37874,-25.29327],[-48.37883,-25.29284],[-48.37939,-25.29284],[-48.37922,-25.29305],[-48.38046,-25.29382],[-48.38076,-25.29431],[-48.38152,-25.29412],[-48.3826,-25.29262],[-48.38354,-25.29187],[-48.38367,-25.29148],[-48.38292,-25.29082],[-48.38341,-25.29029],[-48.3843,-25.29121],[-48.3844,-25.29232],[-48.38472,-25.29296],[-48.38472,-25.29334],[-48.38491,-25.29353],[-48.38471,-25.2941],[-48.38498,-25.29397],[-48.38619,-25.29428],[-48.38635,-25.29459],[-48.38603,-25.29477],[-48.3861,-25.29514],[-48.38685,-25.29506],[-48.38737,-25.29566],[-48.38799,-25.2952],[-48.38868,-25.29498],[-48.39022,-25.29515],[-48.39038,-25.29464],[-48.39087,-25.29429],[-48.39153,-25.29423],[-48.39149,-25.29442],[-48.39174,-25.29444],[-48.39202,-25.29419],[-48.39243,-25.29435],[-48.3924,-25.2941],[-48.39266,-25.29374],[-48.3926,-25.29344],[-48.39198,-25.2924],[-48.39236,-25.2919],[-48.39276,-25.29191],[-48.39282,-25.29158],[-48.3927,-25.29115]]],[[[-48.3588,-25.29992],[-48.35819,-25.30031],[-48.35825,-25.30077],[-48.35859,-25.30104],[-48.359,-25.30102],[-48.35921,-25.30081],[-48.35919,-25.3],[-48.3588,-25.29992]]],[[[-48.3626,-25.2979],[-48.36279,-25.29723],[-48.36273,-25.29646],[-48.36254,-25.29621],[-48.36196,-25.29619],[-48.36139,-25.29675],[-48.36112,-25.2974],[-48.3605,-25.29757],[-48.36087,-25.29838],[-48.36142,-25.29804],[-48.3626,-25.2979]]],[[[-48.36308,-25.29548],[-48.36547,-25.2964],[-48.36558,-25.29615],[-48.36518,-25.29588],[-48.36481,-25.29509],[-48.36393,-25.29424],[-48.3621,-25.29503],[-48.36208,-25.29553],[-48.36264,-25.29561],[-48.36308,-25.29548]]],[[[-48.37472,-25.2838],[-48.37492,-25.28229],[-48.37447,-25.28188],[-48.37412,-25.28193],[-48.37417,-25.28243],[-48.3739,-25.28286],[-48.37404,-25.28307],[-48.37381,-25.28326],[-48.37419,-25.28401],[-48.37472,-25.2838]]],[[[-48.38859,-25.28871],[-48.38849,-25.28852],[-48.38792,-25.28859],[-48.38748,-25.28963],[-48.38746,-25.29027],[-48.38826,-25.2904],[-48.38864,-25.29003],[-48.38837,-25.28927],[-48.38859,-25.28871]]],[[[-48.39786,-25.29393],[-48.39807,-25.29347],[-48.39839,-25.29329],[-48.39822,-25.29252],[-48.39845,-25.29203],[-48.39811,-25.29167],[-48.39761,-25.29203],[-48.39539,-25.29266],[-48.39539,-25.29311],[-48.39564,-25.29338],[-48.39672,-25.2937],[-48.39704,-25.29347],[-48.39741,-25.29387],[-48.39786,-25.29393]]],[[[-48.40673,-25.42206],[-48.40701,-25.42278],[-48.40747,-25.4228],[-48.40773,-25.42226],[-48.40814,-25.42245],[-48.40821,-25.42273],[-48.40854,-25.42295],[-48.40865,-25.42208],[-48.40848,-25.42169],[-48.40834,-25.42154],[-48.40781,-25.42172],[-48.40743,-25.42153],[-48.40687,-25.42162],[-48.40673,-25.42206]]],[[[-48.43675,-25.28529],[-48.43487,-25.28711],[-48.43532,-25.28857],[-48.43522,-25.2897],[-48.43498,-25.29012],[-48.43508,-25.29142],[-48.43537,-25.29282],[-48.43603,-25.29361],[-48.4352,-25.29319],[-48.43287,-25.29436],[-48.43233,-25.29486],[-48.43194,-25.29461],[-48.43151,-25.29463],[-48.43154,-25.29581],[-48.43092,-25.29811],[-48.43114,-25.29894],[-48.42989,-25.29908],[-48.42903,-25.29956],[-48.42773,-25.3018],[-48.42684,-25.30263],[-48.42534,-25.303],[-48.42505,-25.30339],[-48.42285,-25.30494],[-48.42248,-25.30536],[-48.42223,-25.30631],[-48.42163,-25.30705],[-48.42119,-25.30807],[-48.42147,-25.3085],[-48.42262,-25.30875],[-48.42365,-25.30968],[-48.42457,-25.3114],[-48.42559,-25.31434],[-48.42623,-25.3169],[-48.42668,-25.31764],[-48.42713,-25.31802],[-48.42707,-25.31849],[-48.42774,-25.32047],[-48.42785,-25.32306],[-48.4293,-25.32365],[-48.43024,-25.32446],[-48.43069,-25.32594],[-48.43339,-25.32737],[-48.43406,-25.3279],[-48.43486,-25.32758],[-48.43588,-25.32685],[-48.43641,-25.32669],[-48.4383,-25.32663],[-48.44167,-25.32724],[-48.44278,-25.3276],[-48.4437,-25.32797],[-48.44435,-25.32842],[-48.44487,-25.32905],[-48.44547,-25.32926],[-48.44706,-25.32911],[-48.44771,-25.32864],[-48.44868,-25.32683],[-48.44935,-25.32612],[-48.44884,-25.32578],[-48.44704,-25.32671],[-48.44339,-25.32644],[-48.43913,-25.3254],[-48.43706,-25.32437],[-48.43684,-25.32311],[-48.4381,-25.3224],[-48.43995,-25.3236],[-48.44164,-25.32393],[-48.44246,-25.32257],[-48.44398,-25.32262],[-48.44568,-25.32385],[-48.44704,-25.32377],[-48.44769,-25.32246],[-48.4472,-25.32088],[-48.44813,-25.31984],[-48.44851,-25.31837],[-48.44982,-25.31881],[-48.45069,-25.31761],[-48.45149,-25.31775],[-48.45206,-25.31685],[-48.45185,-25.3157],[-48.45068,-25.31472],[-48.45001,-25.31492],[-48.44939,-25.31433],[-48.44806,-25.31495],[-48.44711,-25.31417],[-48.44598,-25.31409],[-48.44594,-25.31473],[-48.44557,-25.31499],[-48.44438,-25.31494],[-48.44341,-25.31511],[-48.44274,-25.31557],[-48.44196,-25.31556],[-48.44186,-25.31484],[-48.44086,-25.31515],[-48.43992,-25.31495],[-48.43926,-25.31427],[-48.43939,-25.31352],[-48.43983,-25.31277],[-48.43981,-25.31192],[-48.44021,-25.3107],[-48.43993,-25.31005],[-48.43959,-25.31008],[-48.43944,-25.3096],[-48.43916,-25.3093],[-48.439,-25.30978],[-48.43722,-25.30963],[-48.4373,-25.30907],[-48.43781,-25.30889],[-48.43797,-25.3082],[-48.43788,-25.30762],[-48.43813,-25.30693],[-48.43764,-25.30664],[-48.4371,-25.30684],[-48.43669,-25.30625],[-48.43512,-25.30541],[-48.43307,-25.30341],[-48.43219,-25.30283],[-48.43115,-25.30266],[-48.42962,-25.30274],[-48.42933,-25.30224],[-48.42896,-25.30206],[-48.42918,-25.30138],[-48.43033,-25.30111],[-48.43104,-25.30031],[-48.43282,-25.30092],[-48.43339,-25.30064],[-48.434,-25.30108],[-48.43369,-25.30151],[-48.43427,-25.30316],[-48.43473,-25.30309],[-48.43535,-25.30356],[-48.43665,-25.3037],[-48.43876,-25.30319],[-48.43957,-25.304],[-48.44073,-25.30453],[-48.44166,-25.30473],[-48.4423,-25.30465],[-48.44328,-25.30503],[-48.44407,-25.30476],[-48.4438,-25.30397],[-48.44295,-25.30434],[-48.44332,-25.30362],[-48.4432,-25.30322],[-48.44378,-25.30285],[-48.44337,-25.30235],[-48.44235,-25.30268],[-48.44216,-25.30233],[-48.44139,-25.30263],[-48.43875,-25.30058],[-48.43838,-25.29951],[-48.43768,-25.29919],[-48.43769,-25.29748],[-48.43818,-25.29712],[-48.43884,-25.29693],[-48.43832,-25.29679],[-48.43836,-25.29638],[-48.43972,-25.29627],[-48.43964,-25.29594],[-48.43844,-25.29601],[-48.43841,-25.29499],[-48.43927,-25.29485],[-48.44038,-25.29234],[-48.43868,-25.29249],[-48.43894,-25.29147],[-48.43963,-25.29136],[-48.4397,-25.28982],[-48.43855,-25.28926],[-48.43924,-25.28813],[-48.43929,-25.28701],[-48.43865,-25.28634],[-48.43948,-25.28587],[-48.4403,-25.28495],[-48.44021,-25.28423],[-48.44066,-25.28351],[-48.43978,-25.28289],[-48.43905,-25.28264],[-48.43759,-25.28286],[-48.43674,-25.28145],[-48.43488,-25.28103],[-48.43451,-25.28122],[-48.43456,-25.28159],[-48.43576,-25.2818],[-48.43574,-25.2826],[-48.4361,-25.28297],[-48.43597,-25.28338],[-48.4366,-25.28429],[-48.43675,-25.28529]]],[[[-48.42631,-25.24162],[-48.42477,-25.24492],[-48.42459,-25.24682],[-48.42589,-25.24794],[-48.42609,-25.24868],[-48.42559,-25.24986],[-48.42454,-25.25161],[-48.42509,-25.2555],[-48.42587,-25.25773],[-48.42751,-25.26012],[-48.42986,-25.26058],[-48.43007,-25.26151],[-48.42963,-25.26259],[-48.43135,-25.26458],[-48.43199,-25.26453],[-48.4331,-25.26351],[-48.43455,-25.2631],[-48.43608,-25.26147],[-48.43732,-25.26097],[-48.438,-25.26047],[-48.43918,-25.26014],[-48.44001,-25.26038],[-48.44438,-25.26038],[-48.44497,-25.26086],[-48.44643,-25.26128],[-48.44838,-25.26128],[-48.45025,-25.26055],[-48.45228,-25.25926],[-48.45373,-25.25734],[-48.45494,-25.25612],[-48.4572,-25.2548],[-48.46009,-25.2543],[-48.46385,-25.25455],[-48.4656,-25.25499],[-48.46599,-25.25465],[-48.46633,-25.25376],[-48.46625,-25.25228],[-48.46591,-25.25174],[-48.46452,-25.25039],[-48.46349,-25.24979],[-48.46175,-25.24938],[-48.46122,-25.24889],[-48.46129,-25.24826],[-48.46219,-25.24698],[-48.46225,-25.24566],[-48.4617,-25.24556],[-48.46132,-25.24484],[-48.46101,-25.24477],[-48.46054,-25.24422],[-48.4607,-25.24378],[-48.46025,-25.24322],[-48.45939,-25.24314],[-48.45912,-25.24256],[-48.45927,-25.24217],[-48.45904,-25.24215],[-48.45904,-25.24189],[-48.45955,-25.24185],[-48.45928,-25.24115],[-48.45858,-25.24138],[-48.45881,-25.24169],[-48.45861,-25.24179],[-48.45636,-25.24191],[-48.4561,-25.24162],[-48.45618,-25.24098],[-48.4546,-25.24113],[-48.45428,-25.24144],[-48.45407,-25.24213],[-48.4542,-25.24231],[-48.45378,-25.24258],[-48.45341,-25.24261],[-48.45283,-25.24211],[-48.45238,-25.24127],[-48.45205,-25.24125],[-48.45177,-25.24143],[-48.45183,-25.24168],[-48.45257,-25.24262],[-48.45256,-25.24288],[-48.4521,-25.24339],[-48.45169,-25.24347],[-48.45076,-25.24331],[-48.44981,-25.24268],[-48.45028,-25.24184],[-48.44975,-25.24151],[-48.44946,-25.24173],[-48.44948,-25.24244],[-48.44874,-25.24242],[-48.4484,-25.24219],[-48.44742,-25.24231],[-48.44611,-25.2421],[-48.44509,-25.24248],[-48.44392,-25.23942],[-48.4428,-25.24004],[-48.4421,-25.24024],[-48.44153,-25.24011],[-48.44065,-25.23813],[-48.43996,-25.23809],[-48.43935,-25.23833],[-48.43824,-25.2384],[-48.43802,-25.23898],[-48.43759,-25.23941],[-48.43654,-25.23933],[-48.43581,-25.23976],[-48.43512,-25.23966],[-48.43417,-25.23868],[-48.43275,-25.23792],[-48.4313,-25.23729],[-48.43047,-25.23722],[-48.42948,-25.23763],[-48.42883,-25.23828],[-48.42631,-25.24162]]],[[[-48.42884,-25.27008],[-48.43079,-25.26878],[-48.43213,-25.26616],[-48.42939,-25.26572],[-48.42755,-25.26513],[-48.42573,-25.26785],[-48.4256,-25.26957],[-48.42512,-25.27039],[-48.42641,-25.27048],[-48.42693,-25.27027],[-48.4281,-25.2704],[-48.42884,-25.27008]]],[[[-48.46504,-25.24664],[-48.46529,-25.24594],[-48.46484,-25.24586],[-48.46452,-25.24632],[-48.46454,-25.24698],[-48.46435,-25.24748],[-48.4639,-25.24739],[-48.46346,-25.24699],[-48.46287,-25.24692],[-48.46222,-25.24733],[-48.46149,-25.24885],[-48.46348,-25.24932],[-48.46549,-25.25057],[-48.4668,-25.25199],[-48.46688,-25.25392],[-48.46631,-25.25529],[-48.46576,-25.25554],[-48.46491,-25.25558],[-48.46252,-25.25509],[-48.45821,-25.25527],[-48.45687,-25.2559],[-48.45186,-25.261],[-48.44937,-25.26174],[-48.44567,-25.26214],[-48.44012,-25.26423],[-48.43801,-25.26525],[-48.43686,-25.26651],[-48.43642,-25.26786],[-48.43562,-25.26891],[-48.43185,-25.27044],[-48.43019,-25.27175],[-48.43029,-25.27296],[-48.42963,-25.27482],[-48.42976,-25.27535],[-48.42968,-25.27773],[-48.42924,-25.27905],[-48.42828,-25.28072],[-48.42914,-25.28375],[-48.42883,-25.2851],[-48.42919,-25.28606],[-48.42925,-25.28705],[-48.43057,-25.29046],[-48.43042,-25.2913],[-48.4308,-25.29279],[-48.4325,-25.29284],[-48.43336,-25.29312],[-48.43328,-25.29351],[-48.43392,-25.29344],[-48.43454,-25.29292],[-48.43484,-25.29201],[-48.43476,-25.29076],[-48.43407,-25.29072],[-48.43353,-25.29025],[-48.4332,-25.29067],[-48.43257,-25.29063],[-48.43254,-25.28992],[-48.43227,-25.28929],[-48.43157,-25.28912],[-48.43139,-25.28825],[-48.43163,-25.28728],[-48.43151,-25.28648],[-48.42971,-25.28608],[-48.42987,-25.2847],[-48.43048,-25.28424],[-48.43052,-25.28376],[-48.43021,-25.28221],[-48.42945,-25.28079],[-48.42938,-25.28015],[-48.4302,-25.27881],[-48.43077,-25.27736],[-48.43155,-25.27743],[-48.43226,-25.27641],[-48.43217,-25.27564],[-48.43236,-25.2755],[-48.43224,-25.2752],[-48.43199,-25.27512],[-48.43164,-25.27393],[-48.43181,-25.27362],[-48.43176,-25.27291],[-48.43155,-25.2727],[-48.43217,-25.27181],[-48.43259,-25.2704],[-48.43423,-25.2697],[-48.43532,-25.26971],[-48.43633,-25.2714],[-48.43728,-25.27138],[-48.43746,-25.27308],[-48.43782,-25.27402],[-48.43896,-25.27439],[-48.44042,-25.27433],[-48.44109,-25.27279],[-48.44151,-25.2711],[-48.4407,-25.27089],[-48.44064,-25.26988],[-48.44133,-25.26958],[-48.4409,-25.26689],[-48.43985,-25.26486],[-48.44041,-25.26444],[-48.44103,-25.26534],[-48.44282,-25.26557],[-48.44361,-25.26419],[-48.44636,-25.26354],[-48.44701,-25.26521],[-48.44563,-25.2661],[-48.4474,-25.26574],[-48.44774,-25.26643],[-48.44916,-25.26665],[-48.44932,-25.2671],[-48.44871,-25.26722],[-48.44877,-25.26752],[-48.45003,-25.26724],[-48.45015,-25.26772],[-48.45122,-25.26801],[-48.45164,-25.26615],[-48.45313,-25.26592],[-48.45402,-25.26662],[-48.45416,-25.26802],[-48.45461,-25.26973],[-48.45558,-25.26961],[-48.45673,-25.26908],[-48.45718,-25.26699],[-48.45701,-25.26517],[-48.45745,-25.2635],[-48.45637,-25.2622],[-48.45473,-25.2595],[-48.45598,-25.25831],[-48.457,-25.25819],[-48.4577,-25.25882],[-48.4591,-25.25904],[-48.45916,-25.25857],[-48.45843,-25.25865],[-48.45786,-25.25815],[-48.45831,-25.25762],[-48.46068,-25.25687],[-48.46384,-25.25718],[-48.4641,-25.2577],[-48.46564,-25.2576],[-48.46602,-25.25622],[-48.46704,-25.25546],[-48.46853,-25.25624],[-48.47064,-25.25632],[-48.4706,-25.25574],[-48.47139,-25.2559],[-48.47107,-25.25663],[-48.47222,-25.25683],[-48.47496,-25.25819],[-48.47607,-25.25714],[-48.47511,-25.25558],[-48.47325,-25.25479],[-48.47216,-25.25241],[-48.47234,-25.2513],[-48.47216,-25.24956],[-48.47078,-25.24924],[-48.46892,-25.2492],[-48.46822,-25.24892],[-48.4683,-25.24589],[-48.46755,-25.24603],[-48.46741,-25.24547],[-48.46708,-25.24547],[-48.46699,-25.24633],[-48.46644,-25.247],[-48.46577,-25.24731],[-48.46519,-25.24733],[-48.46504,-25.24664]]],[[[-48.43221,-25.26523],[-48.43221,-25.26496],[-48.43106,-25.26508],[-48.4307,-25.26484],[-48.43059,-25.26493],[-48.43073,-25.26549],[-48.43112,-25.26567],[-48.43165,-25.26564],[-48.43221,-25.26523]]],[[[-48.43451,-25.26469],[-48.43398,-25.26493],[-48.43387,-25.26546],[-48.43401,-25.26626],[-48.43357,-25.26709],[-48.4331,-25.26735],[-48.43248,-25.26836],[-48.43292,-25.26856],[-48.43375,-25.26854],[-48.43425,-25.26836],[-48.43478,-25.26785],[-48.43543,-25.26644],[-48.43629,-25.26546],[-48.43649,-25.26443],[-48.43815,-25.26369],[-48.43892,-25.26354],[-48.43927,-25.26295],[-48.44081,-25.26286],[-48.44232,-25.26233],[-48.44385,-25.26165],[-48.44409,-25.26124],[-48.44341,-25.26068],[-48.44152,-25.26112],[-48.43927,-25.26115],[-48.43762,-25.26144],[-48.43664,-25.26224],[-48.43638,-25.26277],[-48.43676,-25.26289],[-48.43655,-25.26331],[-48.43561,-25.26381],[-48.43531,-25.26466],[-48.43451,-25.26469]]]]}},{"type":"Feature","properties":{"cnuc":"0000.00.0178","nome":"PARQUE NACIONAL DO SUPERAGUI","categoria":"Parque","grupo":"Proteção Integral","esfera":"Federal","area_ha":33860.39,"criacao":"26-04-1989","gestor":"INSTITUTO CHICO MENDES DE CONSERVAÇÃO DA BIODIVERSIDADE","uf":"PARANÁ","plano_manejo":"Sim"},"geometry":{"type":"MultiPolygon","coordinates":[[[[-48.25724,-25.34418],[-48.25712,-25.34452],[-48.25642,-25.3447],[-48.25627,-25.34559],[-48.25606,-25.34579],[-48.25568,-25.34583],[-48.25428,-25.34547],[-48.25287,-25.34554],[-48.25149,-25.34526],[-48.25042,-25.34549],[-48.24798,-25.34709],[-48.24658,-25.34741],[-48.24659,-25.34794],[-48.24533,-25.34765],[-48.24431,-25.34762],[-48.24402,-25.34835],[-48.24411,-25.34913],[-48.24381,-25.35106],[-48.24382,-25.35176],[-48.24396,-25.35197],[-48.243,-25.35334],[-48.24296,-25.3537],[-48.24299,-25.35448],[-48.24362,-25.35552],[-48.24377,-25.35682],[-48.24525,-25.35803],[-48.24591,-25.35876],[-48.24661,-25.36084],[-48.24659,-25.36215],[-48.24639,-25.36305],[-48.24617,-25.36322],[-48.24651,-25.36772],[-48.24633,-25.37033],[-48.24609,-25.37064],[-48.2508,-25.37072],[-48.25091,-25.38787],[-48.24588,-25.39048],[-48.24662,-25.39221],[-48.24707,-25.39668],[-48.24743,-25.39824],[-48.24806,-25.39988],[-48.24898,-25.40069],[-48.24996,-25.40239],[-48.25024,-25.40263],[-48.25047,-25.40318],[-48.25045,-25.40436],[-48.25059,-25.40461],[-48.25042,-25.40503],[-48.2506,-25.40539],[-48.25168,-25.40622],[-48.25147,-25.40682],[-48.25086,-25.40757],[-48.25073,-25.40802],[-48.25094,-25.40863],[-48.25675,-25.41505],[-48.26436,-25.43298],[-48.26474,-25.43414],[-48.2651,-25.43616],[-48.26453,-25.43775],[-48.26383,-25.439],[-48.26367,-25.43975],[-48.26275,-25.44063],[-48.26154,-25.44111],[-48.26111,-25.44174],[-48.26127,-25.44234],[-48.26179,-25.44301],[-48.26194,-25.44413],[-48.26184,-25.4476],[-48.26107,-25.45129],[-48.25984,-25.45274],[-48.25922,-25.45291],[-48.25877,-25.45339],[-48.25844,-25.4543],[-48.25801,-25.45495],[-48.25748,-25.45714],[-48.25646,-25.45886],[-48.25609,-25.45979],[-48.25488,-25.4617],[-48.25468,-25.46273],[-48.2542,-25.46345],[-48.25297,-25.46455],[-48.25277,-25.465],[-48.25304,-25.46644],[-48.25316,-25.46675],[-48.25406,-25.46764],[-48.25681,-25.46953],[-48.26328,-25.47289],[-48.26513,-25.47439],[-48.26699,-25.4751],[-48.26918,-25.47668],[-48.27021,-25.47714],[-48.27092,-25.47787],[-48.27398,-25.47983],[-48.27527,-25.48085],[-48.27787,-25.48228],[-48.27852,-25.48299],[-48.28224,-25.48552],[-48.28335,-25.48615],[-48.2849,-25.48672],[-48.28753,-25.48827],[-48.29237,-25.48919],[-48.29503,-25.48889],[-48.29645,-25.48903],[-48.30054,-25.48811],[-48.30481,-25.48647],[-48.30828,-25.48432],[-48.3086,-25.48434],[-48.30928,-25.48392],[-48.31011,-25.48282],[-48.31105,-25.48209],[-48.31304,-25.47985],[-48.31355,-25.47842],[-48.31549,-25.47623],[-48.31583,-25.47536],[-48.31605,-25.47403],[-48.3169,-25.47318],[-48.31751,-25.47223],[-48.31795,-25.47076],[-48.31864,-25.46966],[-48.3189,-25.45771],[-48.31562,-25.44908],[-48.31708,-25.44908],[-48.31785,-25.44839],[-48.31822,-25.44753],[-48.31884,-25.44685],[-48.31856,-25.44466],[-48.3178,-25.4441],[-48.31764,-25.44375],[-48.3179,-25.44116],[-48.31815,-25.43973],[-48.31841,-25.43917],[-48.31872,-25.43867],[-48.31981,-25.43844],[-48.32229,-25.43885],[-48.32322,-25.43933],[-48.32414,-25.44017],[-48.3332,-25.44037],[-48.33346,-25.44021],[-48.33373,-25.43952],[-48.33433,-25.43932],[-48.33452,-25.43908],[-48.33444,-25.43876],[-48.33458,-25.43847],[-48.33579,-25.43718],[-48.33643,-25.4346],[-48.33668,-25.43272],[-48.338,-25.42869],[-48.33842,-25.4267],[-48.33889,-25.42536],[-48.33908,-25.42411],[-48.34017,-25.42196],[-48.34107,-25.42093],[-48.34116,-25.42028],[-48.34173,-25.41958],[-48.34181,-25.41923],[-48.34352,-25.41655],[-48.34371,-25.41591],[-48.34359,-25.41562],[-48.34368,-25.41324],[-48.34317,-25.41263],[-48.34305,-25.41209],[-48.3423,-25.41078],[-48.34131,-25.40989],[-48.33423,-25.39347],[-48.33329,-25.3922],[-48.33043,-25.39039],[-48.32859,-25.38865],[-48.32595,-25.38766],[-48.32483,-25.38824],[-48.32469,-25.38886],[-48.32482,-25.38988],[-48.32449,-25.38996],[-48.32393,-25.38913],[-48.32262,-25.38861],[-48.321,-25.3889],[-48.32083,-25.38912],[-48.32042,-25.38915],[-48.31683,-25.39405],[-48.3139,-25.39219],[-48.31355,-25.39178],[-48.31384,-25.39159],[-48.31439,-25.38995],[-48.31442,-25.38931],[-48.31404,-25.38861],[-48.31376,-25.38842],[-48.31342,-25.38854],[-48.31279,-25.3893],[-48.31244,-25.38938],[-48.31211,-25.38908],[-48.31186,-25.38848],[-48.31124,-25.38818],[-48.31153,-25.38724],[-48.31085,-25.38566],[-48.31102,-25.38504],[-48.31233,-25.38411],[-48.31313,-25.38321],[-48.31397,-25.38279],[-48.31555,-25.38244],[-48.31671,-25.38168],[-48.31677,-25.38141],[-48.31658,-25.38101],[-48.31607,-25.38061],[-48.31353,-25.37982],[-48.31271,-25.37924],[-48.31107,-25.3771],[-48.31139,-25.37582],[-48.31045,-25.3753],[-48.31025,-25.37497],[-48.31009,-25.37373],[-48.31018,-25.3724],[-48.31089,-25.37174],[-48.31162,-25.37185],[-48.31192,-25.37163],[-48.31186,-25.37095],[-48.31137,-25.36932],[-48.31087,-25.36843],[-48.31019,-25.36502],[-48.30893,-25.36181],[-48.30816,-25.36077],[-48.30817,-25.35947],[-48.30736,-25.35693],[-48.30707,-25.3551],[-48.30639,-25.3543],[-48.30287,-25.35321],[-48.29934,-25.35236],[-48.29791,-25.35261],[-48.29612,-25.35248],[-48.29698,-25.35348],[-48.29577,-25.35413],[-48.29519,-25.35124],[-48.29485,-25.35029],[-48.29464,-25.34997],[-48.29363,-25.34951],[-48.29301,-25.34888],[-48.29228,-25.34774],[-48.29227,-25.34705],[-48.29166,-25.34595],[-48.2902,-25.34525],[-48.28967,-25.34444],[-48.28936,-25.34443],[-48.28868,-25.34609],[-48.26331,-25.34479],[-48.26307,-25.34525],[-48.26275,-25.34531],[-48.26217,-25.34496],[-48.26117,-25.34519],[-48.26062,-25.3448],[-48.26027,-25.34397],[-48.25962,-25.34414],[-48.25895,-25.34407],[-48.25867,-25.34393],[-48.25876,-25.34335],[-48.25856,-25.34312],[-48.25733,-25.34261],[-48.25699,-25.34269],[-48.25693,-25.34296],[-48.25724,-25.34418]]],[[[-48.17913,-25.2072],[-48.17857,-25.20673],[-48.17792,-25.20671],[-48.17602,-25.20798],[-48.17484,-25.20845],[-48.17235,-25.20997],[-48.17106,-25.21013],[-48.17043,-25.20996],[-48.16944,-25.20921],[-48.16882,-25.20896],[-48.1668,-25.20874],[-48.16584,-25.20844],[-48.16392,-25.20955],[-48.1623,-25.20975],[-48.16176,-25.21077],[-48.16132,-25.21267],[-48.16061,-25.21364],[-48.16015,-25.21467],[-48.15947,-25.21505],[-48.15837,-25.21504],[-48.1581,-25.21523],[-48.1581,-25.21568],[-48.1585,-25.21667],[-48.15801,-25.2178],[-48.15641,-25.2191],[-48.15599,-25.21962],[-48.15582,-25.22204],[-48.15345,-25.22467],[-48.15274,-25.22654],[-48.1517,-25.22787],[-48.15127,-25.22931],[-48.15004,-25.22979],[-48.14897,-25.2309],[-48.14696,-25.23202],[-48.14621,-25.23241],[-48.14516,-25.23268],[-48.14407,-25.23329],[-48.14254,-25.23357],[-48.14187,-25.23391],[-48.14086,-25.23341],[-48.14036,-25.23361],[-48.13999,-25.23413],[-48.13927,-25.23448],[-48.13832,-25.23404],[-48.1378,-25.23418],[-48.13588,-25.23717],[-48.13531,-25.23764],[-48.13401,-25.238],[-48.13369,-25.23898],[-48.1334,-25.2393],[-48.13269,-25.23963],[-48.13158,-25.24059],[-48.13008,-25.24122],[-48.12933,-25.24133],[-48.12806,-25.24103],[-48.12695,-25.24021],[-48.12661,-25.24035],[-48.12669,-25.24139],[-48.12566,-25.24236],[-48.12374,-25.24318],[-48.12356,-25.24341],[-48.12333,-25.24464],[-48.12292,-25.24535],[-48.12098,-25.24661],[-48.11882,-25.24746],[-48.11755,-25.24885],[-48.11705,-25.24896],[-48.11642,-25.24942],[-48.11568,-25.25039],[-48.11537,-25.25205],[-48.11505,-25.2526],[-48.11581,-25.2531],[-48.11711,-25.25548],[-48.11731,-25.25657],[-48.11715,-25.2579],[-48.11684,-25.25861],[-48.11655,-25.25887],[-48.11488,-25.25988],[-48.11374,-25.26026],[-48.11312,-25.2602],[-48.11238,-25.25915],[-48.11134,-25.25843],[-48.11033,-25.25823],[-48.10906,-25.25838],[-48.10829,-25.25878],[-48.10767,-25.26028],[-48.10713,-25.26094],[-48.10598,-25.26114],[-48.10487,-25.26071],[-48.10345,-25.25987],[-48.10234,-25.25871],[-48.10133,-25.25796],[-48.10054,-25.25778],[-48.09909,-25.25686],[-48.09869,-25.2561],[-48.09427,-25.25505],[-48.09328,-25.25467],[-48.09158,-25.25358],[-48.09066,-25.25332],[-48.08887,-25.2519],[-48.08669,-25.24871],[-48.0846,-25.24687],[-48.08351,-25.24548],[-48.0817,-25.24463],[-48.07976,-25.24301],[-48.07843,-25.24233],[-48.0769,-25.24128],[-48.07588,-25.24103],[-48.07295,-25.24072],[-48.07051,-25.2402],[-48.06928,-25.24031],[-48.06674,-25.24018],[-48.06486,-25.24065],[-48.06354,-25.24069],[-48.06138,-25.23999],[-48.05941,-25.23869],[-48.05905,-25.23821],[-48.05856,-25.23575],[-48.05792,-25.23452],[-48.05739,-25.23287],[-48.05749,-25.2326],[-48.05871,-25.23176],[-48.05964,-25.23083],[-48.06002,-25.22781],[-48.05913,-25.22749],[-48.05807,-25.22745],[-48.05758,-25.22693],[-48.05785,-25.22553],[-48.05828,-25.22491],[-48.05848,-25.22424],[-48.05838,-25.22208],[-48.05854,-25.22144],[-48.05855,-25.22021],[-48.05844,-25.21938],[-48.05749,-25.21846],[-48.05683,-25.21853],[-48.05558,-25.2214],[-48.05254,-25.22445],[-48.04999,-25.22601],[-48.04665,-25.22697],[-48.04576,-25.22652],[-48.04539,-25.22553],[-48.04492,-25.22182],[-48.04241,-25.22019],[-48.04075,-25.21931],[-48.04001,-25.21907],[-48.03915,-25.21902],[-48.03792,-25.2186],[-48.03594,-25.21843],[-48.03235,-25.2186],[-48.02785,-25.22036],[-48.02734,-25.22101],[-48.0273,-25.22157],[-48.0276,-25.22284],[-48.02946,-25.2246],[-48.03004,-25.22563],[-48.03016,-25.2269],[-48.02963,-25.22786],[-48.02877,-25.22863],[-48.0279,-25.22897],[-48.02613,-25.22863],[-48.02562,-25.22868],[-48.0245,-25.22945],[-48.02419,-25.22941],[-48.02383,-25.23],[-48.02385,-25.23042],[-48.0244,-25.23196],[-48.02562,-25.2339],[-48.02649,-25.23506],[-48.02921,-25.23803],[-48.03438,-25.24098],[-48.03541,-25.24188],[-48.03557,-25.24221],[-48.03958,-25.2446],[-48.04159,-25.24619],[-48.04397,-25.24752],[-48.04638,-25.24979],[-48.04742,-25.2503],[-48.04757,-25.25069],[-48.04815,-25.25132],[-48.0503,-25.25339],[-48.05054,-25.25493],[-48.05329,-25.25777],[-48.05628,-25.2628],[-48.0569,-25.26359],[-48.05954,-25.26591],[-48.06204,-25.26778],[-48.07275,-25.27338],[-48.07512,-25.27495],[-48.07687,-25.27576],[-48.07936,-25.27781],[-48.08309,-25.28237],[-48.08399,-25.28328],[-48.08823,-25.2886],[-48.09089,-25.29107],[-48.09194,-25.29169],[-48.094,-25.29408],[-48.09496,-25.29483],[-48.09619,-25.29655],[-48.09668,-25.29751],[-48.09906,-25.30028],[-48.09962,-25.30114],[-48.10038,-25.30326],[-48.09953,-25.30536],[-48.09839,-25.30654],[-48.09672,-25.30779],[-48.09432,-25.31042],[-48.09525,-25.31092],[-48.09816,-25.31322],[-48.09899,-25.31476],[-48.09903,-25.3155],[-48.09986,-25.31602],[-48.10022,-25.31666],[-48.10257,-25.31848],[-48.1035,-25.31976],[-48.10537,-25.32117],[-48.10829,-25.32394],[-48.10946,-25.32454],[-48.11027,-25.32475],[-48.11105,-25.32527],[-48.11226,-25.32669],[-48.11389,-25.32758],[-48.11639,-25.3294],[-48.12047,-25.33292],[-48.12289,-25.3345],[-48.1244,-25.33611],[-48.12686,-25.33796],[-48.12761,-25.33887],[-48.1302,-25.34118],[-48.13228,-25.3434],[-48.1346,-25.34509],[-48.13621,-25.34705],[-48.1375,-25.34785],[-48.13993,-25.35026],[-48.14181,-25.35174],[-48.14343,-25.35361],[-48.14474,-25.35452],[-48.14575,-25.35622],[-48.14632,-25.35664],[-48.14968,-25.36061],[-48.15065,-25.36142],[-48.15232,-25.36372],[-48.15401,-25.36529],[-48.15562,-25.3671],[-48.15737,-25.36948],[-48.16145,-25.37409],[-48.16227,-25.37539],[-48.16608,-25.37969],[-48.16719,-25.38146],[-48.16797,-25.38228],[-48.1685,-25.38327],[-48.16906,-25.38377],[-48.17014,-25.38551],[-48.17165,-25.38694],[-48.17245,-25.38873],[-48.17326,-25.38972],[-48.17397,-25.39099],[-48.17481,-25.39187],[-48.17655,-25.39468],[-48.17887,-25.3971],[-48.17958,-25.39872],[-48.18022,-25.39957],[-48.18086,-25.40011],[-48.181,-25.40054],[-48.18224,-25.40235],[-48.1838,-25.40434],[-48.18406,-25.40528],[-48.18539,-25.4069],[-48.1872,-25.40998],[-48.19061,-25.41454],[-48.19135,-25.41631],[-48.19281,-25.4185],[-48.19392,-25.42081],[-48.19536,-25.42294],[-48.19563,-25.42391],[-48.19753,-25.42744],[-48.19808,-25.42941],[-48.19883,-25.4304],[-48.20018,-25.43304],[-48.20136,-25.43584],[-48.2016,-25.43747],[-48.20292,-25.44026],[-48.20387,-25.44342],[-48.2044,-25.44444],[-48.20597,-25.44972],[-48.20611,-25.45045],[-48.20599,-25.45094],[-48.20631,-25.45229],[-48.20648,-25.45419],[-48.20697,-25.45603],[-48.20706,-25.45786],[-48.20781,-25.45861],[-48.21015,-25.4623],[-48.21138,-25.46369],[-48.21281,-25.46646],[-48.21424,-25.46734],[-48.21612,-25.46793],[-48.21767,-25.46822],[-48.21837,-25.46813],[-48.22076,-25.46874],[-48.2223,-25.46885],[-48.22372,-25.46873],[-48.22656,-25.46814],[-48.22796,-25.46814],[-48.23029,-25.46861],[-48.23288,-25.46829],[-48.23569,-25.46722],[-48.236,-25.45347],[-48.25026,-25.44922],[-48.25045,-25.41962],[-48.25035,-25.41946],[-48.24968,-25.41933],[-48.24891,-25.41877],[-48.24811,-25.41863],[-48.24719,-25.41745],[-48.24664,-25.41718],[-48.24572,-25.41442],[-48.24537,-25.41402],[-48.24547,-25.41333],[-48.24529,-25.41306],[-48.24337,-25.41246],[-48.24274,-25.41193],[-48.24197,-25.40918],[-48.24133,-25.40789],[-48.24149,-25.40641],[-48.24088,-25.40581],[-48.24061,-25.40533],[-48.2383,-25.40422],[-48.23713,-25.40408],[-48.23516,-25.40337],[-48.2356,-25.4029],[-48.23561,-25.4021],[-48.23409,-25.39946],[-48.23348,-25.39679],[-48.23346,-25.39519],[-48.23227,-25.39303],[-48.23214,-25.39242],[-48.23219,-25.391],[-48.23306,-25.3885],[-48.23298,-25.38796],[-48.2331,-25.38687],[-48.2329,-25.38606],[-48.23243,-25.38531],[-48.23212,-25.38391],[-48.23531,-25.35329],[-48.22545,-25.33934],[-48.22577,-25.33828],[-48.22504,-25.33704],[-48.22421,-25.33642],[-48.22202,-25.3357],[-48.22085,-25.33407],[-48.22066,-25.33349],[-48.22044,-25.33336],[-48.21831,-25.33286],[-48.21747,-25.33236],[-48.21455,-25.33169],[-48.20853,-25.3194],[-48.20832,-25.31759],[-48.19128,-25.31365],[-48.19151,-25.3133],[-48.19145,-25.31297],[-48.1896,-25.31136],[-48.18476,-25.30608],[-48.18655,-25.30577],[-48.18732,-25.30545],[-48.188,-25.30491],[-48.18834,-25.30398],[-48.18774,-25.30266],[-48.17681,-25.29555],[-48.17799,-25.28768],[-48.17699,-25.27728],[-48.17773,-25.27715],[-48.18045,-25.27579],[-48.18246,-25.27508],[-48.18291,-25.27459],[-48.18375,-25.27432],[-48.18427,-25.27392],[-48.18597,-25.27356],[-48.18872,-25.27429],[-48.18998,-25.27423],[-48.19065,-25.2739],[-48.19077,-25.27335],[-48.1907,-25.27104],[-48.1913,-25.26999],[-48.19647,-25.26622],[-48.20107,-25.26344],[-48.20169,-25.26274],[-48.20328,-25.26166],[-48.20544,-25.25977],[-48.20592,-25.25866],[-48.20682,-25.25799],[-48.20828,-25.25634],[-48.20843,-25.25534],[-48.20834,-25.25371],[-48.20783,-25.25204],[-48.20716,-25.25047],[-48.20613,-25.249],[-48.20678,-25.24776],[-48.2075,-25.24556],[-48.20892,-25.24297],[-48.20905,-25.24239],[-48.20992,-25.24097],[-48.21111,-25.24119],[-48.21157,-25.24108],[-48.2123,-25.23987],[-48.21273,-25.23958],[-48.21377,-25.23817],[-48.21523,-25.23675],[-48.21679,-25.23581],[-48.21704,-25.23547],[-48.21784,-25.23526],[-48.21839,-25.2354],[-48.219,-25.23565],[-48.22042,-25.23862],[-48.22112,-25.23903],[-48.22418,-25.24],[-48.22501,-25.2397],[-48.22694,-25.2384],[-48.22802,-25.2373],[-48.22861,-25.23612],[-48.22861,-25.2339],[-48.22819,-25.2312],[-48.22707,-25.22904],[-48.22664,-25.22783],[-48.22678,-25.22711],[-48.22731,-25.22627],[-48.22722,-25.22457],[-48.22643,-25.22323],[-48.22538,-25.22233],[-48.22326,-25.22091],[-48.22088,-25.21747],[-48.22052,-25.21715],[-48.2195,-25.2167],[-48.21798,-25.21643],[-48.21673,-25.21645],[-48.21475,-25.21676],[-48.2129,-25.21684],[-48.21154,-25.21752],[-48.20965,-25.21916],[-48.20859,-25.21963],[-48.20804,-25.21958],[-48.20699,-25.21885],[-48.20684,-25.21835],[-48.20449,-25.21609],[-48.20293,-25.21487],[-48.20247,-25.21467],[-48.20149,-25.21448],[-48.2009,-25.21462],[-48.19982,-25.21531],[-48.19736,-25.21602],[-48.19667,-25.21585],[-48.19572,-25.21532],[-48.19524,-25.21487],[-48.19374,-25.21213],[-48.19331,-25.21026],[-48.19267,-25.20984],[-48.19146,-25.20981],[-48.19035,-25.21036],[-48.18949,-25.20989],[-48.18901,-25.20911],[-48.18944,-25.20733],[-48.18883,-25.20699],[-48.18769,-25.20709],[-48.18676,-25.20695],[-48.18627,-25.20757],[-48.18545,-25.20779],[-48.18329,-25.20932],[-48.1822,-25.21037],[-48.18158,-25.2107],[-48.18134,-25.21042],[-48.18184,-25.20828],[-48.18184,-25.20754],[-48.18138,-25.20693],[-48.18056,-25.20661],[-48.17913,-25.2072]]]]}},{"type":"Feature","properties":{"cnuc":"0000.00.2634","nome":"RESERVA BIOLÓGICA BOM JESUS","categoria":"Reserva Biológica","grupo":"Proteção Integral","esfera":"Federal","area_ha":34178.51,"criacao":"06-06-2012","gestor":"INSTITUTO CHICO MENDES DE CONSERVAÇÃO DA BIODIVERSIDADE","uf":"PARANÁ","plano_manejo":"Não"},"geometry":{"type":"MultiPolygon","coordinates":[[[[-48.5413,-25.25498],[-48.54245,-25.25821],[-48.5457,-25.26087],[-48.54827,-25.26531],[-48.54629,-25.2719],[-48.54702,-25.27205],[-48.54757,-25.27248],[-48.54909,-25.27315],[-48.5503,-25.27864],[-48.54211,-25.27792],[-48.53978,-25.28154],[-48.53911,-25.283],[-48.53849,-25.28358],[-48.53834,-25.28596],[-48.53724,-25.28735],[-48.53721,-25.29093],[-48.53734,-25.2911],[-48.53891,-25.29098],[-48.54018,-25.29378],[-48.53912,-25.29539],[-48.54055,-25.30246],[-48.54573,-25.30261],[-48.54641,-25.29956],[-48.55004,-25.29962],[-48.55142,-25.30165],[-48.55376,-25.30265],[-48.5589,-25.30179],[-48.56088,-25.3031],[-48.56035,-25.30521],[-48.55764,-25.30472],[-48.55699,-25.30638],[-48.55808,-25.3072],[-48.5603,-25.31276],[-48.55879,-25.31263],[-48.55557,-25.31032],[-48.55354,-25.30663],[-48.55198,-25.30581],[-48.54881,-25.30675],[-48.54857,-25.30817],[-48.54497,-25.30863],[-48.54274,-25.30672],[-48.53648,-25.30812],[-48.53042,-25.31743],[-48.53079,-25.33256],[-48.5379,-25.33452],[-48.53974,-25.33727],[-48.53406,-25.34091],[-48.53314,-25.34069],[-48.53149,-25.34121],[-48.53032,-25.34107],[-48.52956,-25.34164],[-48.52872,-25.34198],[-48.53266,-25.34528],[-48.54641,-25.35028],[-48.54476,-25.35394],[-48.53898,-25.35429],[-48.53101,-25.3502],[-48.53098,-25.34953],[-48.52995,-25.34778],[-48.52914,-25.34656],[-48.52868,-25.34644],[-48.5287,-25.34583],[-48.52799,-25.34592],[-48.52791,-25.34512],[-48.52741,-25.34518],[-48.52755,-25.34433],[-48.5271,-25.34349],[-48.52692,-25.34333],[-48.52671,-25.34383],[-48.52617,-25.34355],[-48.52608,-25.34413],[-48.52589,-25.3443],[-48.5242,-25.34396],[-48.52391,-25.34351],[-48.52381,-25.34247],[-48.52294,-25.34165],[-48.52231,-25.34153],[-48.52204,-25.34119],[-48.51972,-25.34586],[-48.51607,-25.34826],[-48.50434,-25.34928],[-48.50385,-25.35095],[-48.50279,-25.35249],[-48.50121,-25.35331],[-48.49708,-25.35314],[-48.49131,-25.34945],[-48.48922,-25.34931],[-48.48667,-25.35647],[-48.48423,-25.35878],[-48.46344,-25.36294],[-48.4616,-25.36636],[-48.46151,-25.36983],[-48.46291,-25.37275],[-48.46923,-25.37744],[-48.47553,-25.37867],[-48.47614,-25.37838],[-48.47677,-25.37779],[-48.47804,-25.37754],[-48.47858,-25.37777],[-48.47965,-25.37874],[-48.48137,-25.38166],[-48.48166,-25.38234],[-48.48165,-25.3831],[-48.48188,-25.38334],[-48.48215,-25.38508],[-48.48272,-25.3856],[-48.48281,-25.38596],[-48.48412,-25.38746],[-48.48425,-25.38853],[-48.48382,-25.38962],[-48.48351,-25.38999],[-48.48389,-25.39011],[-48.48417,-25.39058],[-48.4846,-25.39048],[-48.48481,-25.39071],[-48.48489,-25.3902],[-48.48573,-25.39058],[-48.48634,-25.39038],[-48.48652,-25.39047],[-48.48658,-25.3913],[-48.48682,-25.39163],[-48.4873,-25.39171],[-48.48762,-25.39159],[-48.48799,-25.39189],[-48.48876,-25.39191],[-48.48894,-25.39209],[-48.48896,-25.39227],[-48.48352,-25.39592],[-48.4843,-25.39668],[-48.48427,-25.3971],[-48.48391,-25.39775],[-48.48388,-25.39875],[-48.48049,-25.40441],[-48.4803,-25.40551],[-48.47953,-25.40681],[-48.47969,-25.4085],[-48.47946,-25.40959],[-48.47894,-25.41045],[-48.47929,-25.41223],[-48.4798,-25.41223],[-48.48005,-25.41247],[-48.48093,-25.41226],[-48.48101,-25.41237],[-48.48008,-25.41286],[-48.47966,-25.41411],[-48.47961,-25.41502],[-48.48,-25.41557],[-48.48077,-25.41555],[-48.48126,-25.41598],[-48.48138,-25.41733],[-48.48283,-25.41774],[-48.48435,-25.41721],[-48.48636,-25.41737],[-48.48794,-25.41819],[-48.48946,-25.41859],[-48.49033,-25.41864],[-48.49069,-25.4185],[-48.49144,-25.41987],[-48.49238,-25.42038],[-48.49306,-25.42042],[-48.49403,-25.42012],[-48.49736,-25.42115],[-48.49912,-25.42213],[-48.49947,-25.42195],[-48.49992,-25.4212],[-48.5007,-25.42112],[-48.50159,-25.42158],[-48.5022,-25.4212],[-48.50274,-25.42053],[-48.50356,-25.42073],[-48.50371,-25.42144],[-48.50408,-25.42148],[-48.50488,-25.42106],[-48.50527,-25.42051],[-48.50579,-25.42026],[-48.50656,-25.42026],[-48.50675,-25.42005],[-48.50774,-25.42038],[-48.5084,-25.41954],[-48.50861,-25.41884],[-48.50901,-25.41863],[-48.50958,-25.41897],[-48.50996,-25.41899],[-48.51031,-25.41893],[-48.51048,-25.41864],[-48.51078,-25.41853],[-48.51126,-25.41853],[-48.51202,-25.41891],[-48.51191,-25.41781],[-48.51211,-25.41748],[-48.51274,-25.41735],[-48.51312,-25.41678],[-48.51387,-25.41674],[-48.51413,-25.4161],[-48.51527,-25.41603],[-48.51632,-25.42218],[-48.52996,-25.4354],[-48.52642,-25.44679],[-48.5285,-25.44926],[-48.53512,-25.45025],[-48.54001,-25.43969],[-48.54711,-25.43566],[-48.54788,-25.43791],[-48.54441,-25.4416],[-48.55693,-25.44677],[-48.57458,-25.44547],[-48.58139,-25.44976],[-48.59954,-25.44692],[-48.60871,-25.44918],[-48.6184,-25.4457],[-48.62304,-25.43971],[-48.62779,-25.43686],[-48.63324,-25.43613],[-48.63784,-25.44176],[-48.64056,-25.44055],[-48.641,-25.43757],[-48.64184,-25.43751],[-48.64378,-25.4368],[-48.64427,-25.43648],[-48.64507,-25.43549],[-48.64411,-25.43391],[-48.64297,-25.43347],[-48.6426,-25.43296],[-48.64285,-25.4315],[-48.6434,-25.43069],[-48.64426,-25.42995],[-48.64428,-25.42884],[-48.64387,-25.4279],[-48.64382,-25.42731],[-48.64439,-25.42606],[-48.64541,-25.42484],[-48.64543,-25.42445],[-48.64505,-25.42369],[-48.64503,-25.42301],[-48.64526,-25.42283],[-48.64575,-25.42303],[-48.64571,-25.4228],[-48.64601,-25.42255],[-48.64578,-25.42222],[-48.64602,-25.42214],[-48.64626,-25.42126],[-48.65587,-25.41587],[-48.65346,-25.40773],[-48.65367,-25.40755],[-48.65404,-25.40753],[-48.65493,-25.40664],[-48.65488,-25.406],[-48.65544,-25.40558],[-48.65609,-25.40321],[-48.65844,-25.40036],[-48.65394,-25.39413],[-48.65305,-25.39046],[-48.62691,-25.38552],[-48.619,-25.38738],[-48.59697,-25.3889],[-48.58806,-25.38582],[-48.58538,-25.38396],[-48.58311,-25.3814],[-48.58149,-25.37533],[-48.58535,-25.37434],[-48.58526,-25.37589],[-48.58549,-25.37642],[-48.58606,-25.37646],[-48.58632,-25.37632],[-48.58716,-25.37703],[-48.58857,-25.37754],[-48.60809,-25.37796],[-48.61724,-25.37152],[-48.6172,-25.37007],[-48.61769,-25.36814],[-48.61839,-25.36823],[-48.61888,-25.368],[-48.61942,-25.36758],[-48.61966,-25.36713],[-48.62164,-25.36571],[-48.62324,-25.36426],[-48.62469,-25.36338],[-48.62553,-25.36247],[-48.62576,-25.36168],[-48.62991,-25.3595],[-48.62997,-25.35642],[-48.63041,-25.35522],[-48.63062,-25.35367],[-48.63133,-25.35233],[-48.6317,-25.35103],[-48.6372,-25.34823],[-48.6361,-25.3458],[-48.63894,-25.34392],[-48.64127,-25.34395],[-48.64264,-25.34303],[-48.64312,-25.34157],[-48.63943,-25.33285],[-48.63769,-25.33146],[-48.63547,-25.32922],[-48.63464,-25.32876],[-48.63326,-25.32848],[-48.63227,-25.32758],[-48.63161,-25.32669],[-48.63115,-25.32648],[-48.63071,-25.32557],[-48.62302,-25.32637],[-48.6176,-25.32082],[-48.62193,-25.31719],[-48.6249,-25.32035],[-48.62996,-25.32132],[-48.6339,-25.32102],[-48.63565,-25.31934],[-48.63774,-25.31824],[-48.63978,-25.3165],[-48.64041,-25.31538],[-48.64024,-25.3141],[-48.63941,-25.31286],[-48.63728,-25.31117],[-48.63314,-25.30677],[-48.63198,-25.30725],[-48.63133,-25.30728],[-48.62936,-25.30644],[-48.62896,-25.30643],[-48.62835,-25.30683],[-48.62722,-25.30673],[-48.6242,-25.30305],[-48.62197,-25.30155],[-48.61843,-25.30064],[-48.61189,-25.29441],[-48.60775,-25.29394],[-48.60633,-25.29214],[-48.60462,-25.29152],[-48.59934,-25.28846],[-48.59724,-25.28318],[-48.58349,-25.26736],[-48.57878,-25.2672],[-48.56801,-25.25269],[-48.56509,-25.25197],[-48.56266,-25.24897],[-48.55757,-25.24749],[-48.552,-25.25022],[-48.54747,-25.24905],[-48.54729,-25.24424],[-48.54296,-25.24477],[-48.53884,-25.24994],[-48.5413,-25.25498]]],[[[-48.62444,-25.17798],[-48.62144,-25.17824],[-48.62019,-25.17875],[-48.61899,-25.17868],[-48.61786,-25.17954],[-48.61764,-25.18027],[-48.61714,-25.18073],[-48.61719,-25.18113],[-48.61687,-25.18135],[-48.61659,-25.18186],[-48.61613,-25.18192],[-48.61559,-25.18248],[-48.61494,-25.18264],[-48.61315,-25.18239],[-48.61275,-25.18204],[-48.61245,-25.18206],[-48.61197,-25.18231],[-48.61145,-25.18297],[-48.61123,-25.18295],[-48.61014,-25.18261],[-48.60963,-25.18196],[-48.60908,-25.1817],[-48.60718,-25.1815],[-48.60604,-25.18182],[-48.60515,-25.18265],[-48.60218,-25.18292],[-48.60184,-25.18343],[-48.60077,-25.18339],[-48.60028,-25.18306],[-48.60001,-25.1833],[-48.59893,-25.18304],[-48.59801,-25.18339],[-48.59656,-25.18346],[-48.59574,-25.18443],[-48.59451,-25.18469],[-48.59442,-25.18483],[-48.5943,-25.18619],[-48.59464,-25.18637],[-48.59491,-25.18678],[-48.59436,-25.18792],[-48.59359,-25.18849],[-48.5933,-25.19094],[-48.5934,-25.19222],[-48.59308,-25.19327],[-48.59092,-25.19658],[-48.58908,-25.19749],[-48.58802,-25.1984],[-48.58791,-25.19883],[-48.58829,-25.19924],[-48.58836,-25.19961],[-48.58819,-25.1999],[-48.58656,-25.2004],[-48.58589,-25.20079],[-48.58513,-25.20087],[-48.58006,-25.20383],[-48.57435,-25.20348],[-48.56965,-25.20159],[-48.56868,-25.19934],[-48.55916,-25.19961],[-48.55301,-25.20565],[-48.54567,-25.20595],[-48.545,-25.20576],[-48.54441,-25.2054],[-48.54379,-25.20471],[-48.54122,-25.20327],[-48.53836,-25.20292],[-48.53781,-25.2031],[-48.53475,-25.20286],[-48.53351,-25.20189],[-48.53071,-25.20094],[-48.52883,-25.20196],[-48.52849,-25.20245],[-48.52765,-25.20255],[-48.52677,-25.20193],[-48.52608,-25.20112],[-48.52595,-25.2007],[-48.52355,-25.20046],[-48.52285,-25.19988],[-48.52218,-25.20005],[-48.52033,-25.19985],[-48.51939,-25.19954],[-48.51907,-25.19966],[-48.51793,-25.1994],[-48.51768,-25.19922],[-48.51698,-25.19926],[-48.51678,-25.19955],[-48.51646,-25.19959],[-48.50858,-25.20386],[-48.50755,-25.20369],[-48.507,-25.2038],[-48.50659,-25.20421],[-48.50617,-25.20426],[-48.50602,-25.20463],[-48.5052,-25.2051],[-48.50282,-25.20706],[-48.4996,-25.20725],[-48.49929,-25.20809],[-48.49852,-25.20826],[-48.49788,-25.20803],[-48.4975,-25.20819],[-48.49629,-25.20805],[-48.49607,-25.20821],[-48.49542,-25.20821],[-48.49551,-25.20877],[-48.49512,-25.20908],[-48.4945,-25.20873],[-48.494,-25.20866],[-48.49354,-25.20912],[-48.49362,-25.20958],[-48.4929,-25.20982],[-48.49246,-25.20985],[-48.49231,-25.20942],[-48.49206,-25.20935],[-48.49188,-25.20981],[-48.49154,-25.20989],[-48.49132,-25.21198],[-48.49179,-25.21313],[-48.49251,-25.21297],[-48.49273,-25.2131],[-48.49262,-25.21336],[-48.49155,-25.21353],[-48.49105,-25.21397],[-48.4911,-25.21409],[-48.49197,-25.21398],[-48.4924,-25.21487],[-48.49261,-25.22068],[-48.49591,-25.22202],[-48.49818,-25.21967],[-48.49847,-25.22024],[-48.49934,-25.22069],[-48.49988,-25.22068],[-48.50017,-25.22084],[-48.50018,-25.22115],[-48.49931,-25.22164],[-48.49889,-25.22235],[-48.49915,-25.22251],[-48.49977,-25.22192],[-48.50001,-25.2221],[-48.49988,-25.22262],[-48.49996,-25.22376],[-48.50023,-25.22396],[-48.50249,-25.2237],[-48.50268,-25.22234],[-48.50219,-25.22173],[-48.50187,-25.22019],[-48.50286,-25.21965],[-48.50412,-25.22132],[-48.50701,-25.22152],[-48.50763,-25.22169],[-48.50787,-25.22222],[-48.51324,-25.22393],[-48.51855,-25.22595],[-48.54361,-25.22587],[-48.54811,-25.23035],[-48.55225,-25.2297],[-48.55515,-25.22473],[-48.56371,-25.22426],[-48.56801,-25.22271],[-48.57218,-25.22306],[-48.58087,-25.23149],[-48.58055,-25.23141],[-48.58055,-25.23163],[-48.58007,-25.23187],[-48.58007,-25.23255],[-48.57912,-25.23239],[-48.57817,-25.23247],[-48.57662,-25.23123],[-48.57563,-25.2311],[-48.57579,-25.23149],[-48.57568,-25.23209],[-48.57603,-25.23333],[-48.57603,-25.23423],[-48.57496,-25.23481],[-48.57324,-25.23607],[-48.57156,-25.2376],[-48.56639,-25.24296],[-48.56872,-25.24498],[-48.57659,-25.25253],[-48.58139,-25.25284],[-48.58382,-25.25597],[-48.58977,-25.25968],[-48.59513,-25.27062],[-48.59508,-25.27168],[-48.59558,-25.27259],[-48.59641,-25.27357],[-48.59706,-25.274],[-48.59771,-25.27398],[-48.5982,-25.27433],[-48.59857,-25.27486],[-48.59871,-25.27564],[-48.59939,-25.27644],[-48.60053,-25.27575],[-48.60132,-25.27551],[-48.60277,-25.27656],[-48.60412,-25.27891],[-48.60679,-25.28598],[-48.61047,-25.28482],[-48.61317,-25.28504],[-48.61671,-25.29206],[-48.61371,-25.29464],[-48.61972,-25.29981],[-48.62264,-25.30012],[-48.62481,-25.30147],[-48.62681,-25.30383],[-48.62749,-25.30506],[-48.62898,-25.30445],[-48.63181,-25.30572],[-48.63461,-25.30447],[-48.63608,-25.3047],[-48.6381,-25.30478],[-48.63876,-25.30455],[-48.63953,-25.30389],[-48.64149,-25.30161],[-48.64178,-25.30051],[-48.63864,-25.30009],[-48.63567,-25.29842],[-48.63936,-25.27131],[-48.68201,-25.27192],[-48.68254,-25.26754],[-48.67007,-25.25971],[-48.66973,-25.26055],[-48.66915,-25.26105],[-48.66885,-25.26195],[-48.66835,-25.26259],[-48.66653,-25.26152],[-48.66466,-25.25924],[-48.66447,-25.2586],[-48.66295,-25.25777],[-48.66198,-25.25663],[-48.66064,-25.25642],[-48.65791,-25.25566],[-48.65701,-25.25462],[-48.65567,-25.25472],[-48.65453,-25.25413],[-48.65389,-25.25168],[-48.65333,-25.25076],[-48.65174,-25.25024],[-48.65142,-25.24889],[-48.65169,-25.24813],[-48.6517,-25.24727],[-48.65135,-25.24653],[-48.65091,-25.24623],[-48.65029,-25.24546],[-48.64988,-25.24364],[-48.64982,-25.24252],[-48.64755,-25.23851],[-48.64886,-25.23713],[-48.65191,-25.23717],[-48.65426,-25.23779],[-48.65831,-25.23928],[-48.66082,-25.23935],[-48.66201,-25.23906],[-48.66379,-25.23932],[-48.66891,-25.24045],[-48.67156,-25.24163],[-48.67275,-25.24162],[-48.67282,-25.24121],[-48.67246,-25.24101],[-48.67185,-25.24109],[-48.67136,-25.24076],[-48.67121,-25.24031],[-48.67032,-25.23959],[-48.67,-25.23867],[-48.66879,-25.23791],[-48.66831,-25.2374],[-48.66794,-25.23679],[-48.66806,-25.236],[-48.66773,-25.23531],[-48.66807,-25.23473],[-48.66923,-25.23374],[-48.66888,-25.23125],[-48.66956,-25.22999],[-48.66966,-25.22934],[-48.67033,-25.22862],[-48.67149,-25.22787],[-48.66139,-25.228],[-48.65742,-25.22375],[-48.65742,-25.22023],[-48.65909,-25.22003],[-48.66211,-25.22276],[-48.66747,-25.22494],[-48.67051,-25.22502],[-48.67083,-25.22466],[-48.67099,-25.22411],[-48.67086,-25.22382],[-48.67018,-25.22343],[-48.66982,-25.22262],[-48.66974,-25.22204],[-48.66987,-25.22156],[-48.67014,-25.22152],[-48.67028,-25.2213],[-48.67034,-25.22079],[-48.66985,-25.21976],[-48.66874,-25.21885],[-48.66878,-25.21801],[-48.66839,-25.21776],[-48.66847,-25.21749],[-48.66805,-25.21728],[-48.66828,-25.21683],[-48.66766,-25.21627],[-48.66748,-25.21547],[-48.66728,-25.21544],[-48.66676,-25.21481],[-48.66623,-25.2148],[-48.66622,-25.21463],[-48.66655,-25.2145],[-48.66632,-25.21429],[-48.66675,-25.21346],[-48.66607,-25.21331],[-48.66609,-25.2127],[-48.66546,-25.21236],[-48.66491,-25.21243],[-48.66487,-25.21204],[-48.66441,-25.21154],[-48.66371,-25.21135],[-48.66359,-25.2102],[-48.66325,-25.20942],[-48.66154,-25.20893],[-48.66087,-25.20837],[-48.66023,-25.207],[-48.65941,-25.20591],[-48.65892,-25.20568],[-48.65871,-25.20508],[-48.65756,-25.20485],[-48.65611,-25.20395],[-48.65405,-25.20211],[-48.65324,-25.20116],[-48.65204,-25.20076],[-48.65134,-25.20022],[-48.65127,-25.19833],[-48.65095,-25.19705],[-48.65063,-25.19662],[-48.65095,-25.19559],[-48.65071,-25.19512],[-48.65085,-25.19486],[-48.65071,-25.19399],[-48.64949,-25.19252],[-48.6493,-25.19254],[-48.64792,-25.19124],[-48.64668,-25.19098],[-48.64619,-25.1907],[-48.64538,-25.19064],[-48.6368,-25.18668],[-48.63459,-25.18454],[-48.63152,-25.18309],[-48.62444,-25.17798]]]]}},{"type":"Feature","properties":{"cnuc":"0000.00.3137","nome":"PARQUE NACIONAL GUARICANA","categoria":"Parque","grupo":"Proteção Integral","esfera":"Federal","area_ha":49286.13,"criacao":"14-10-2014","gestor":"INSTITUTO CHICO MENDES DE CONSERVAÇÃO DA BIODIVERSIDADE","uf":"PARANÁ","plano_manejo":"Não"},"geometry":{"type":"Polygon","coordinates":[[[-48.80504,-25.6222],[-48.8054,-25.62401],[-48.8052,-25.62543],[-48.80556,-25.62736],[-48.80604,-25.62809],[-48.80612,-25.62858],[-48.8065,-25.62889],[-48.80666,-25.62929],[-48.80632,-25.63026],[-48.80538,-25.63176],[-48.80592,-25.63329],[-48.80518,-25.63471],[-48.80494,-25.63592],[-48.80438,-25.6371],[-48.80432,-25.63835],[-48.80555,-25.63928],[-48.80572,-25.6399],[-48.80606,-25.64025],[-48.80607,-25.6406],[-48.80519,-25.64145],[-48.80527,-25.6421],[-48.80613,-25.64297],[-48.80655,-25.6438],[-48.80754,-25.64407],[-48.80799,-25.64507],[-48.80759,-25.64745],[-48.80639,-25.64652],[-48.8062,-25.64565],[-48.80601,-25.64539],[-48.80528,-25.64507],[-48.80522,-25.6445],[-48.80364,-25.64422],[-48.80261,-25.64353],[-48.80075,-25.64356],[-48.79793,-25.64452],[-48.7956,-25.644],[-48.79439,-25.6445],[-48.79256,-25.64451],[-48.79112,-25.64475],[-48.7895,-25.64404],[-48.78807,-25.64417],[-48.78753,-25.64401],[-48.78684,-25.64406],[-48.78483,-25.64328],[-48.78269,-25.64346],[-48.7815,-25.64378],[-48.78099,-25.64408],[-48.78008,-25.64378],[-48.7771,-25.64179],[-48.77684,-25.6409],[-48.77734,-25.63999],[-48.77537,-25.63849],[-48.77411,-25.63673],[-48.77376,-25.63589],[-48.77494,-25.63524],[-48.77579,-25.63424],[-48.77704,-25.63393],[-48.7796,-25.63282],[-48.78108,-25.63267],[-48.78466,-25.63021],[-48.78522,-25.62937],[-48.78511,-25.62793],[-48.78549,-25.627],[-48.78589,-25.62665],[-48.78691,-25.62617],[-48.78823,-25.62513],[-48.78885,-25.62366],[-48.78913,-25.6212],[-48.78929,-25.62087],[-48.78976,-25.62071],[-48.79008,-25.62037],[-48.78951,-25.62003],[-48.78776,-25.61958],[-48.78682,-25.6186],[-48.78614,-25.61708],[-48.78579,-25.61679],[-48.78333,-25.61633],[-48.78281,-25.61608],[-48.78247,-25.6146],[-48.78182,-25.61304],[-48.78126,-25.61215],[-48.77934,-25.61098],[-48.77744,-25.61034],[-48.7733,-25.60939],[-48.77262,-25.6085],[-48.7715,-25.60879],[-48.76958,-25.60876],[-48.76903,-25.60892],[-48.76767,-25.60972],[-48.76696,-25.60851],[-48.76655,-25.60843],[-48.76326,-25.60944],[-48.76215,-25.6095],[-48.76069,-25.6084],[-48.76051,-25.60714],[-48.76099,-25.60614],[-48.7604,-25.60506],[-48.75979,-25.60254],[-48.7587,-25.60143],[-48.75821,-25.60121],[-48.75654,-25.60115],[-48.7556,-25.60136],[-48.75512,-25.60167],[-48.75418,-25.60159],[-48.75322,-25.6021],[-48.75253,-25.60215],[-48.75069,-25.6032],[-48.74968,-25.60254],[-48.74675,-25.60313],[-48.74607,-25.6035],[-48.74368,-25.60547],[-48.74228,-25.60588],[-48.74147,-25.60635],[-48.74058,-25.60655],[-48.73897,-25.60727],[-48.73844,-25.60786],[-48.73815,-25.60859],[-48.73723,-25.60893],[-48.73697,-25.60964],[-48.73638,-25.61053],[-48.73536,-25.61112],[-48.73472,-25.61234],[-48.73432,-25.61278],[-48.73368,-25.61292],[-48.73259,-25.61249],[-48.73387,-25.6141],[-48.73509,-25.62032],[-48.73757,-25.62763],[-48.73731,-25.63226],[-48.73743,-25.63396],[-48.73656,-25.6372],[-48.73932,-25.64234],[-48.73979,-25.64381],[-48.74142,-25.64734],[-48.7397,-25.65253],[-48.73931,-25.65552],[-48.73982,-25.65909],[-48.7373,-25.66166],[-48.73723,-25.66483],[-48.73801,-25.66871],[-48.74114,-25.67245],[-48.74394,-25.6744],[-48.74412,-25.67749],[-48.7455,-25.67823],[-48.7477,-25.68053],[-48.74683,-25.68203],[-48.7467,-25.68519],[-48.74697,-25.68632],[-48.74756,-25.68701],[-48.74865,-25.68732],[-48.75036,-25.68748],[-48.75099,-25.68795],[-48.75133,-25.68959],[-48.75126,-25.69088],[-48.7522,-25.69313],[-48.75282,-25.69351],[-48.75367,-25.69342],[-48.75679,-25.692],[-48.76049,-25.69346],[-48.7617,-25.69322],[-48.76404,-25.69351],[-48.76475,-25.69344],[-48.76532,-25.69414],[-48.76477,-25.69598],[-48.76431,-25.69656],[-48.76314,-25.69691],[-48.76246,-25.6982],[-48.76114,-25.69921],[-48.76523,-25.70059],[-48.76706,-25.70017],[-48.76833,-25.7011],[-48.76973,-25.70073],[-48.77248,-25.70153],[-48.77447,-25.70038],[-48.77528,-25.7003],[-48.77527,-25.70113],[-48.77556,-25.70215],[-48.77532,-25.70412],[-48.77652,-25.7033],[-48.77793,-25.70283],[-48.78058,-25.70295],[-48.78175,-25.70193],[-48.78224,-25.70173],[-48.78346,-25.70158],[-48.78405,-25.70119],[-48.78432,-25.70056],[-48.78438,-25.69969],[-48.78397,-25.69828],[-48.78406,-25.69762],[-48.78441,-25.69721],[-48.78585,-25.69687],[-48.78626,-25.69655],[-48.78644,-25.69582],[-48.78631,-25.69494],[-48.7864,-25.6942],[-48.78788,-25.69126],[-48.78839,-25.6908],[-48.78898,-25.69053],[-48.78955,-25.6911],[-48.79216,-25.69095],[-48.79157,-25.69302],[-48.79185,-25.69434],[-48.79052,-25.69802],[-48.78948,-25.69883],[-48.79015,-25.70232],[-48.79067,-25.70311],[-48.79076,-25.70657],[-48.78888,-25.70829],[-48.78782,-25.70887],[-48.78663,-25.71019],[-48.78495,-25.71033],[-48.78374,-25.71165],[-48.78299,-25.71329],[-48.78012,-25.71428],[-48.77819,-25.71419],[-48.77634,-25.71461],[-48.77304,-25.71633],[-48.77286,-25.71865],[-48.77166,-25.71978],[-48.7692,-25.72005],[-48.7655,-25.72319],[-48.76465,-25.72521],[-48.76403,-25.72847],[-48.76542,-25.73071],[-48.76777,-25.73311],[-48.76954,-25.73455],[-48.77132,-25.73637],[-48.77149,-25.73847],[-48.77209,-25.73901],[-48.77287,-25.74091],[-48.77396,-25.7427],[-48.77595,-25.74411],[-48.7768,-25.74569],[-48.77705,-25.74657],[-48.77717,-25.7479],[-48.77835,-25.74966],[-48.77835,-25.75117],[-48.7779,-25.75529],[-48.77629,-25.75706],[-48.77311,-25.76207],[-48.77212,-25.76423],[-48.77206,-25.76533],[-48.77229,-25.76537],[-48.77237,-25.76573],[-48.77306,-25.7659],[-48.77332,-25.76631],[-48.77405,-25.76648],[-48.77511,-25.76725],[-48.77521,-25.768],[-48.77404,-25.77202],[-48.77236,-25.77319],[-48.77212,-25.77584],[-48.77118,-25.77637],[-48.76831,-25.77606],[-48.76745,-25.77648],[-48.76842,-25.78159],[-48.77114,-25.78389],[-48.77553,-25.7823],[-48.77759,-25.78279],[-48.77855,-25.78338],[-48.77993,-25.78385],[-48.78017,-25.78684],[-48.77779,-25.78912],[-48.77812,-25.78994],[-48.77665,-25.79389],[-48.77414,-25.79642],[-48.77261,-25.79948],[-48.77325,-25.80143],[-48.77323,-25.80438],[-48.77394,-25.8054],[-48.7744,-25.80654],[-48.77333,-25.80937],[-48.77228,-25.81554],[-48.77413,-25.82214],[-48.77607,-25.82511],[-48.77792,-25.82609],[-48.7807,-25.82718],[-48.78264,-25.8275],[-48.785,-25.82602],[-48.78504,-25.82535],[-48.78764,-25.82459],[-48.78819,-25.82293],[-48.79184,-25.8182],[-48.79374,-25.81706],[-48.79644,-25.81574],[-48.79803,-25.81557],[-48.80015,-25.81608],[-48.80176,-25.8155],[-48.80274,-25.81466],[-48.80446,-25.81474],[-48.80657,-25.81432],[-48.80859,-25.81287],[-48.80958,-25.81191],[-48.81033,-25.81149],[-48.81198,-25.8116],[-48.81441,-25.81107],[-48.81484,-25.81231],[-48.81732,-25.81094],[-48.81912,-25.8131],[-48.81914,-25.81376],[-48.81842,-25.81437],[-48.81813,-25.81496],[-48.81493,-25.81596],[-48.81378,-25.81727],[-48.81144,-25.81898],[-48.81121,-25.82061],[-48.81036,-25.82266],[-48.80665,-25.82646],[-48.80448,-25.82919],[-48.80308,-25.83173],[-48.80197,-25.83325],[-48.79867,-25.83721],[-48.79867,-25.83876],[-48.79762,-25.84197],[-48.79821,-25.84671],[-48.79914,-25.84769],[-48.80233,-25.84871],[-48.80652,-25.84912],[-48.80955,-25.8499],[-48.81023,-25.85237],[-48.8085,-25.85668],[-48.80881,-25.8577],[-48.81228,-25.85842],[-48.81123,-25.86033],[-48.81165,-25.8615],[-48.8108,-25.86351],[-48.81108,-25.86462],[-48.81251,-25.86676],[-48.81367,-25.86935],[-48.81268,-25.87173],[-48.81355,-25.87376],[-48.81356,-25.87522],[-48.81544,-25.87594],[-48.81639,-25.8755],[-48.81761,-25.87581],[-48.81867,-25.87589],[-48.81994,-25.87556],[-48.82195,-25.87446],[-48.82337,-25.87436],[-48.82425,-25.87458],[-48.82538,-25.87442],[-48.82576,-25.87422],[-48.82603,-25.87378],[-48.82676,-25.87382],[-48.82793,-25.87351],[-48.82872,-25.87273],[-48.82998,-25.87222],[-48.83178,-25.87248],[-48.83253,-25.87233],[-48.8331,-25.87252],[-48.8344,-25.87208],[-48.83522,-25.87132],[-48.83587,-25.8712],[-48.83751,-25.87006],[-48.83816,-25.86989],[-48.83927,-25.87001],[-48.84097,-25.86916],[-48.84163,-25.86902],[-48.84197,-25.86837],[-48.84218,-25.86718],[-48.84272,-25.86679],[-48.84378,-25.8664],[-48.84567,-25.86598],[-48.84611,-25.86547],[-48.84771,-25.86484],[-48.84853,-25.86381],[-48.85057,-25.86244],[-48.85056,-25.86202],[-48.85178,-25.86056],[-48.85144,-25.85998],[-48.8515,-25.85938],[-48.85237,-25.8587],[-48.85314,-25.85736],[-48.8537,-25.85698],[-48.85424,-25.85568],[-48.85513,-25.85489],[-48.85507,-25.85416],[-48.85476,-25.85362],[-48.85474,-25.85322],[-48.85441,-25.85281],[-48.85444,-25.85254],[-48.85608,-25.84955],[-48.85648,-25.84849],[-48.85612,-25.84757],[-48.85643,-25.84653],[-48.85581,-25.84598],[-48.85594,-25.84519],[-48.85559,-25.8444],[-48.85567,-25.84383],[-48.85514,-25.84309],[-48.85514,-25.84236],[-48.85457,-25.84157],[-48.85485,-25.84112],[-48.85497,-25.84047],[-48.85475,-25.84021],[-48.85453,-25.84031],[-48.85413,-25.84015],[-48.85372,-25.84035],[-48.85395,-25.8395],[-48.85535,-25.83814],[-48.85868,-25.83576],[-48.86055,-25.83411],[-48.86282,-25.83299],[-48.86351,-25.83214],[-48.86511,-25.83198],[-48.86552,-25.83125],[-48.866,-25.82983],[-48.86663,-25.82927],[-48.86687,-25.8279],[-48.8674,-25.82757],[-48.86875,-25.82724],[-48.86893,-25.82693],[-48.86961,-25.82644],[-48.87067,-25.82471],[-48.87115,-25.82464],[-48.87238,-25.82507],[-48.87324,-25.82513],[-48.87477,-25.82467],[-48.87506,-25.8241],[-48.8756,-25.8238],[-48.87582,-25.82328],[-48.87579,-25.82274],[-48.87535,-25.82157],[-48.87588,-25.82056],[-48.87629,-25.81899],[-48.87677,-25.81827],[-48.87745,-25.81797],[-48.87771,-25.81751],[-48.87833,-25.81706],[-48.8783,-25.81677],[-48.8779,-25.81628],[-48.87788,-25.8155],[-48.87984,-25.81293],[-48.87992,-25.81222],[-48.87912,-25.81004],[-48.87727,-25.808],[-48.87499,-25.8063],[-48.87314,-25.80464],[-48.87347,-25.8005],[-48.87476,-25.80005],[-48.87649,-25.80094],[-48.87966,-25.80058],[-48.88308,-25.79952],[-48.88403,-25.79948],[-48.88536,-25.79997],[-48.88639,-25.79912],[-48.88676,-25.79774],[-48.88672,-25.79689],[-48.8869,-25.79672],[-48.88723,-25.79704],[-48.88866,-25.7973],[-48.88896,-25.79818],[-48.8896,-25.79861],[-48.88972,-25.79819],[-48.89008,-25.79781],[-48.89103,-25.79778],[-48.89247,-25.79806],[-48.89417,-25.79808],[-48.8951,-25.79836],[-48.8958,-25.79879],[-48.89719,-25.79892],[-48.89734,-25.79767],[-48.89778,-25.79645],[-48.8988,-25.79531],[-48.89962,-25.79487],[-48.90049,-25.79397],[-48.90104,-25.79373],[-48.90363,-25.79343],[-48.90424,-25.79324],[-48.90503,-25.7927],[-48.90811,-25.79192],[-48.90962,-25.79068],[-48.91013,-25.78987],[-48.91075,-25.78822],[-48.91142,-25.78726],[-48.91286,-25.78848],[-48.91628,-25.79038],[-48.91668,-25.79083],[-48.91741,-25.79077],[-48.91777,-25.79025],[-48.91754,-25.78927],[-48.9177,-25.78896],[-48.91764,-25.7883],[-48.918,-25.78757],[-48.91796,-25.78693],[-48.91946,-25.78562],[-48.91931,-25.78442],[-48.9196,-25.78357],[-48.92079,-25.78271],[-48.92271,-25.78284],[-48.92343,-25.78271],[-48.92395,-25.78237],[-48.92447,-25.78184],[-48.92287,-25.77974],[-48.92383,-25.77963],[-48.92544,-25.7781],[-48.9259,-25.7773],[-48.9273,-25.77699],[-48.92878,-25.77614],[-48.93217,-25.77794],[-48.93251,-25.77839],[-48.93272,-25.77918],[-48.93314,-25.77965],[-48.93294,-25.78103],[-48.93326,-25.78191],[-48.93326,-25.78252],[-48.932,-25.78288],[-48.92833,-25.783],[-48.92744,-25.78329],[-48.92621,-25.78428],[-48.92638,-25.7859],[-48.9262,-25.78654],[-48.92593,-25.78681],[-48.92642,-25.78704],[-48.92735,-25.78711],[-48.92791,-25.78738],[-48.92863,-25.78747],[-48.92931,-25.78778],[-48.92912,-25.78852],[-48.92912,-25.79047],[-48.93003,-25.7916],[-48.9303,-25.79277],[-48.92999,-25.79344],[-48.93076,-25.79512],[-48.93078,-25.79649],[-48.93166,-25.79659],[-48.93284,-25.79617],[-48.93317,-25.79639],[-48.93348,-25.79763],[-48.9355,-25.79754],[-48.93679,-25.79714],[-48.93738,-25.79666],[-48.93788,-25.7965],[-48.93836,-25.79579],[-48.93936,-25.79571],[-48.93938,-25.79501],[-48.93975,-25.79471],[-48.94092,-25.79476],[-48.94178,-25.79522],[-48.94224,-25.79514],[-48.94273,-25.79467],[-48.94268,-25.79362],[-48.94325,-25.79361],[-48.94404,-25.79306],[-48.944,-25.79286],[-48.94375,-25.79273],[-48.94391,-25.79233],[-48.94416,-25.7922],[-48.94522,-25.79228],[-48.94547,-25.79218],[-48.94541,-25.79181],[-48.94575,-25.79116],[-48.94578,-25.7907],[-48.94639,-25.79005],[-48.94731,-25.78959],[-48.94851,-25.79005],[-48.95,-25.78976],[-48.95099,-25.78798],[-48.95129,-25.7878],[-48.95135,-25.78743],[-48.95197,-25.78724],[-48.95247,-25.78626],[-48.95282,-25.78632],[-48.95338,-25.7879],[-48.95439,-25.78855],[-48.95439,-25.78887],[-48.95395,-25.78967],[-48.95406,-25.78989],[-48.95464,-25.79024],[-48.95547,-25.79036],[-48.95589,-25.78979],[-48.95594,-25.7893],[-48.95636,-25.78837],[-48.95647,-25.78676],[-48.95632,-25.78602],[-48.96161,-25.7848],[-48.96122,-25.78432],[-48.96108,-25.7837],[-48.96032,-25.78347],[-48.96047,-25.78236],[-48.96008,-25.78142],[-48.96017,-25.78091],[-48.96072,-25.7804],[-48.96061,-25.77988],[-48.96077,-25.77944],[-48.96081,-25.77803],[-48.96115,-25.77741],[-48.96103,-25.77681],[-48.96088,-25.77665],[-48.95987,-25.77645],[-48.95923,-25.77567],[-48.9589,-25.77554],[-48.95779,-25.77544],[-48.95706,-25.77582],[-48.95674,-25.7752],[-48.95595,-25.77535],[-48.95572,-25.77476],[-48.9549,-25.77431],[-48.95516,-25.77369],[-48.95592,-25.77278],[-48.95777,-25.77119],[-48.96207,-25.77029],[-48.9629,-25.76983],[-48.96399,-25.76951],[-48.9638,-25.76834],[-48.96433,-25.76753],[-48.96441,-25.76661],[-48.96504,-25.76631],[-48.96477,-25.76548],[-48.96528,-25.76482],[-48.96529,-25.76387],[-48.96546,-25.76341],[-48.96718,-25.76269],[-48.96843,-25.76157],[-48.96924,-25.76144],[-48.96941,-25.76111],[-48.9693,-25.76033],[-48.96941,-25.75979],[-48.97092,-25.75943],[-48.97127,-25.75917],[-48.97154,-25.75821],[-48.97283,-25.75774],[-48.97305,-25.75737],[-48.9729,-25.75673],[-48.973,-25.75645],[-48.974,-25.75584],[-48.97442,-25.75518],[-48.97577,-25.75377],[-48.97623,-25.75302],[-48.97759,-25.75254],[-48.97886,-25.75244],[-48.97953,-25.75281],[-48.98035,-25.75368],[-48.98101,-25.75396],[-48.98123,-25.75281],[-48.98154,-25.75215],[-48.98258,-25.7513],[-48.98363,-25.75156],[-48.98487,-25.75124],[-48.98552,-25.75207],[-48.9875,-25.75271],[-48.98749,-25.75225],[-48.98826,-25.75084],[-48.98847,-25.7508],[-48.98954,-25.75131],[-48.99087,-25.75246],[-48.99124,-25.75256],[-48.99192,-25.75217],[-48.99212,-25.75152],[-48.99149,-25.75043],[-48.99132,-25.7495],[-48.9902,-25.74787],[-48.99057,-25.74769],[-48.99099,-25.74782],[-48.99162,-25.74771],[-48.99314,-25.74891],[-48.99437,-25.74878],[-48.99429,-25.74797],[-48.99457,-25.74728],[-48.994,-25.74687],[-48.99346,-25.74616],[-48.99349,-25.7459],[-48.99391,-25.74607],[-48.9946,-25.7456],[-48.99359,-25.74479],[-48.99339,-25.74387],[-48.99341,-25.74364],[-48.99421,-25.74323],[-48.9928,-25.7419],[-48.99399,-25.7407],[-48.9939,-25.73989],[-48.99404,-25.73956],[-48.995,-25.73879],[-48.99531,-25.73776],[-48.99507,-25.73739],[-48.99502,-25.73665],[-48.99531,-25.7359],[-48.99489,-25.73548],[-48.99354,-25.73528],[-48.99331,-25.73539],[-48.99266,-25.73649],[-48.99209,-25.73643],[-48.99185,-25.73611],[-48.9906,-25.73542],[-48.99043,-25.73376],[-48.9899,-25.73299],[-48.98986,-25.73243],[-48.98914,-25.73117],[-48.98777,-25.73016],[-48.98763,-25.72969],[-48.988,-25.72842],[-48.98791,-25.72757],[-48.98743,-25.72671],[-48.98725,-25.72595],[-48.9877,-25.72571],[-48.98811,-25.72441],[-48.98716,-25.7234],[-48.98741,-25.72233],[-48.98671,-25.72138],[-48.98681,-25.72067],[-48.98612,-25.72052],[-48.98554,-25.72016],[-48.98523,-25.72018],[-48.98536,-25.71986],[-48.98507,-25.71943],[-48.98395,-25.71936],[-48.98298,-25.71882],[-48.98287,-25.7184],[-48.98298,-25.71805],[-48.98282,-25.71772],[-48.98138,-25.71772],[-48.98091,-25.71802],[-48.98041,-25.71796],[-48.97999,-25.71819],[-48.97971,-25.71861],[-48.97936,-25.71817],[-48.97903,-25.71829],[-48.97886,-25.71801],[-48.9783,-25.71786],[-48.97785,-25.71795],[-48.97774,-25.71662],[-48.9765,-25.71644],[-48.97563,-25.71705],[-48.97499,-25.71793],[-48.97403,-25.71808],[-48.97313,-25.718],[-48.97225,-25.71695],[-48.97027,-25.71561],[-48.96994,-25.71563],[-48.96954,-25.7152],[-48.96821,-25.71561],[-48.96657,-25.71659],[-48.96624,-25.71745],[-48.96514,-25.71781],[-48.96444,-25.71847],[-48.96449,-25.71914],[-48.96484,-25.71961],[-48.96455,-25.72026],[-48.96446,-25.72195],[-48.96533,-25.72358],[-48.96588,-25.72396],[-48.96599,-25.72423],[-48.96586,-25.72449],[-48.96545,-25.72468],[-48.96525,-25.72528],[-48.96526,-25.7257],[-48.96562,-25.72626],[-48.96494,-25.7276],[-48.96506,-25.72834],[-48.96405,-25.72892],[-48.96345,-25.72994],[-48.96292,-25.73022],[-48.9625,-25.73073],[-48.96257,-25.73116],[-48.96286,-25.73155],[-48.96256,-25.7322],[-48.9628,-25.73263],[-48.9628,-25.73301],[-48.96242,-25.73403],[-48.96233,-25.73475],[-48.96201,-25.73506],[-48.96171,-25.73511],[-48.96093,-25.73453],[-48.95978,-25.73441],[-48.95958,-25.7341],[-48.95943,-25.73316],[-48.95896,-25.73263],[-48.95727,-25.73252],[-48.95663,-25.73231],[-48.95534,-25.73244],[-48.95489,-25.73183],[-48.95466,-25.73093],[-48.95398,-25.73049],[-48.95334,-25.73037],[-48.95197,-25.72893],[-48.9511,-25.72771],[-48.95006,-25.72787],[-48.94933,-25.72717],[-48.94908,-25.72702],[-48.94885,-25.72713],[-48.94819,-25.72765],[-48.94801,-25.72866],[-48.94766,-25.72923],[-48.94695,-25.7297],[-48.94565,-25.73095],[-48.94511,-25.72996],[-48.94463,-25.72962],[-48.94426,-25.72892],[-48.94403,-25.72816],[-48.94439,-25.72713],[-48.94472,-25.72688],[-48.94488,-25.72576],[-48.94641,-25.72439],[-48.94765,-25.7243],[-48.94862,-25.72382],[-48.94871,-25.72485],[-48.95034,-25.72506],[-48.9566,-25.7214],[-48.9707,-25.71165],[-48.97056,-25.71143],[-48.97063,-25.71114],[-48.97045,-25.71039],[-48.97099,-25.71024],[-48.97137,-25.70941],[-48.97162,-25.70919],[-48.97209,-25.70793],[-48.97195,-25.70757],[-48.97145,-25.70722],[-48.97116,-25.7074],[-48.97031,-25.70743],[-48.96982,-25.70765],[-48.96942,-25.70733],[-48.96926,-25.70696],[-48.9688,-25.7069],[-48.96845,-25.70703],[-48.96841,-25.7075],[-48.96795,-25.70763],[-48.96808,-25.70745],[-48.96803,-25.70709],[-48.96925,-25.7066],[-48.96927,-25.70637],[-48.96723,-25.70642],[-48.96769,-25.70615],[-48.96779,-25.70591],[-48.96754,-25.70517],[-48.96759,-25.70486],[-48.96721,-25.70452],[-48.96719,-25.70402],[-48.9669,-25.70358],[-48.96684,-25.70316],[-48.96637,-25.703],[-48.96566,-25.70327],[-48.96497,-25.70383],[-48.9647,-25.70416],[-48.96459,-25.70522],[-48.96446,-25.70536],[-48.96435,-25.70437],[-48.96469,-25.70368],[-48.9636,-25.70238],[-48.96318,-25.70247],[-48.96338,-25.7021],[-48.96308,-25.70209],[-48.96365,-25.70148],[-48.96379,-25.70088],[-48.96352,-25.70035],[-48.96319,-25.70008],[-48.96362,-25.70017],[-48.96383,-25.70058],[-48.96406,-25.70061],[-48.96414,-25.701],[-48.96478,-25.70078],[-48.96554,-25.70079],[-48.96518,-25.69952],[-48.96499,-25.69929],[-48.96503,-25.69911],[-48.96532,-25.69941],[-48.96513,-25.69843],[-48.96534,-25.69804],[-48.96557,-25.69791],[-48.96601,-25.69804],[-48.96789,-25.69775],[-48.96834,-25.69776],[-48.9684,-25.6979],[-48.96693,-25.69812],[-48.96705,-25.69884],[-48.96676,-25.69819],[-48.96582,-25.69847],[-48.96578,-25.70008],[-48.96594,-25.70021],[-48.96626,-25.69999],[-48.96644,-25.70008],[-48.96635,-25.70074],[-48.96658,-25.70119],[-48.96649,-25.70202],[-48.96688,-25.70226],[-48.96764,-25.70365],[-48.96807,-25.70392],[-48.96932,-25.70411],[-48.969,-25.70433],[-48.96901,-25.70448],[-48.9699,-25.70448],[-48.97037,-25.7043],[-48.9708,-25.70365],[-48.97124,-25.70357],[-48.97093,-25.70386],[-48.97078,-25.70447],[-48.97086,-25.70571],[-48.97122,-25.70603],[-48.97157,-25.70608],[-48.97289,-25.70549],[-48.97329,-25.70554],[-48.97361,-25.70658],[-48.97424,-25.70682],[-48.97522,-25.70557],[-48.97495,-25.70476],[-48.9751,-25.70427],[-48.97647,-25.70293],[-48.9763,-25.70217],[-48.97701,-25.7015],[-48.97714,-25.701],[-48.97684,-25.70068],[-48.97731,-25.70054],[-48.97739,-25.70077],[-48.97778,-25.70065],[-48.97804,-25.70016],[-48.97774,-25.70009],[-48.97763,-25.69989],[-48.97794,-25.69934],[-48.97823,-25.69926],[-48.97845,-25.69939],[-48.97927,-25.69891],[-48.97887,-25.69696],[-48.9794,-25.69536],[-48.97974,-25.69498],[-48.97966,-25.69414],[-48.98189,-25.69291],[-48.98198,-25.69224],[-48.98236,-25.69211],[-48.983,-25.69223],[-48.98332,-25.69186],[-48.98379,-25.6918],[-48.98453,-25.69141],[-48.98535,-25.69084],[-48.98572,-25.69037],[-48.98501,-25.68929],[-48.98514,-25.68844],[-48.98507,-25.68728],[-48.98478,-25.68668],[-48.9846,-25.68549],[-48.98472,-25.68505],[-48.9843,-25.68445],[-48.98456,-25.6838],[-48.98517,-25.68354],[-48.98515,-25.68328],[-48.98476,-25.68325],[-48.98469,-25.68306],[-48.98491,-25.68282],[-48.98477,-25.68246],[-48.98406,-25.68189],[-48.98434,-25.68129],[-48.98374,-25.68134],[-48.98398,-25.68094],[-48.98391,-25.67985],[-48.98405,-25.67917],[-48.98378,-25.67813],[-48.98383,-25.67747],[-48.98463,-25.67576],[-48.98447,-25.67523],[-48.98412,-25.6749],[-48.98433,-25.67377],[-48.98489,-25.67254],[-48.98494,-25.67167],[-48.9832,-25.67044],[-48.98258,-25.66982],[-48.98317,-25.66957],[-48.9833,-25.66885],[-48.98236,-25.66764],[-48.98203,-25.66694],[-48.98227,-25.66621],[-48.9826,-25.66597],[-48.98303,-25.66592],[-48.98408,-25.66617],[-48.98456,-25.66603],[-48.98529,-25.66488],[-48.98545,-25.66433],[-48.9849,-25.6629],[-48.98475,-25.66178],[-48.98409,-25.66114],[-48.98261,-25.66141],[-48.98178,-25.66132],[-48.98131,-25.66105],[-48.98039,-25.66142],[-48.97915,-25.66125],[-48.97871,-25.66096],[-48.97669,-25.65849],[-48.976,-25.65817],[-48.97446,-25.65878],[-48.97283,-25.6589],[-48.97229,-25.65915],[-48.97213,-25.65808],[-48.97172,-25.65757],[-48.97234,-25.65641],[-48.97238,-25.65595],[-48.97184,-25.65526],[-48.97163,-25.65461],[-48.97177,-25.65378],[-48.97244,-25.6534],[-48.97132,-25.6529],[-48.97086,-25.65221],[-48.96965,-25.65132],[-48.9693,-25.65116],[-48.96873,-25.65132],[-48.96737,-25.65125],[-48.96593,-25.65071],[-48.96535,-25.65099],[-48.96478,-25.6507],[-48.96441,-25.65005],[-48.96364,-25.64976],[-48.96304,-25.65016],[-48.96269,-25.65087],[-48.96105,-25.65217],[-48.96052,-25.65078],[-48.9596,-25.65024],[-48.95847,-25.64896],[-48.95679,-25.64815],[-48.95653,-25.64753],[-48.95586,-25.64689],[-48.95595,-25.6463],[-48.95547,-25.64579],[-48.95493,-25.6456],[-48.95492,-25.64485],[-48.95437,-25.64416],[-48.9547,-25.64327],[-48.95461,-25.64252],[-48.9544,-25.64226],[-48.95373,-25.64203],[-48.95345,-25.64115],[-48.95387,-25.64075],[-48.95378,-25.63944],[-48.95415,-25.63873],[-48.95367,-25.63796],[-48.95498,-25.63808],[-48.95608,-25.63786],[-48.95649,-25.63764],[-48.95643,-25.637],[-48.95591,-25.63662],[-48.95548,-25.63661],[-48.95546,-25.63639],[-48.95596,-25.63617],[-48.95734,-25.63509],[-48.95763,-25.63467],[-48.95817,-25.63431],[-48.95825,-25.6338],[-48.95791,-25.63226],[-48.95759,-25.63176],[-48.95685,-25.63161],[-48.95624,-25.63271],[-48.95572,-25.63304],[-48.95551,-25.63293],[-48.9556,-25.63263],[-48.9554,-25.63207],[-48.95693,-25.63116],[-48.9576,-25.6302],[-48.95792,-25.63021],[-48.95823,-25.63062],[-48.95848,-25.63047],[-48.95787,-25.62883],[-48.95738,-25.62842],[-48.95786,-25.62746],[-48.95588,-25.62676],[-48.95519,-25.62601],[-48.95491,-25.62517],[-48.95426,-25.62469],[-48.95441,-25.62445],[-48.95491,-25.62427],[-48.9552,-25.62344],[-48.95475,-25.62337],[-48.95432,-25.6236],[-48.95384,-25.624],[-48.95352,-25.62477],[-48.95258,-25.62485],[-48.95212,-25.62594],[-48.95179,-25.62624],[-48.95155,-25.62614],[-48.9514,-25.62566],[-48.95207,-25.62454],[-48.95282,-25.62395],[-48.95254,-25.6234],[-48.9516,-25.62344],[-48.94948,-25.624],[-48.94737,-25.62355],[-48.94662,-25.62387],[-48.9464,-25.62413],[-48.94699,-25.62501],[-48.94709,-25.62561],[-48.94669,-25.62593],[-48.94617,-25.62588],[-48.9461,-25.62571],[-48.9464,-25.62549],[-48.94646,-25.62524],[-48.94616,-25.62461],[-48.94589,-25.62332],[-48.94723,-25.62227],[-48.9478,-25.62263],[-48.94788,-25.62224],[-48.94782,-25.62192],[-48.94751,-25.62162],[-48.94663,-25.62136],[-48.94637,-25.62027],[-48.9465,-25.62009],[-48.9477,-25.61968],[-48.94767,-25.61937],[-48.94697,-25.61891],[-48.94471,-25.61944],[-48.94402,-25.61985],[-48.94308,-25.61983],[-48.94271,-25.62031],[-48.94224,-25.62027],[-48.94069,-25.61855],[-48.94064,-25.61828],[-48.94095,-25.61771],[-48.94091,-25.61686],[-48.94106,-25.61661],[-48.94048,-25.61618],[-48.94052,-25.61549],[-48.93973,-25.61518],[-48.93954,-25.61494],[-48.93929,-25.61415],[-48.93672,-25.61545],[-48.92495,-25.62342],[-48.92469,-25.62197],[-48.92512,-25.62136],[-48.92495,-25.62067],[-48.925,-25.61996],[-48.92425,-25.61924],[-48.92397,-25.61859],[-48.92445,-25.61787],[-48.9256,-25.61728],[-48.92557,-25.61705],[-48.92511,-25.61661],[-48.92506,-25.61619],[-48.9255,-25.61491],[-48.92597,-25.61452],[-48.92615,-25.61398],[-48.92619,-25.61343],[-48.92572,-25.61234],[-48.92589,-25.61137],[-48.92651,-25.61044],[-48.92709,-25.61002],[-48.92924,-25.60939],[-48.93018,-25.60882],[-48.93059,-25.60837],[-48.93018,-25.60731],[-48.92957,-25.60701],[-48.92876,-25.60598],[-48.92724,-25.60518],[-48.92655,-25.60429],[-48.9259,-25.60278],[-48.92565,-25.60259],[-48.9256,-25.60185],[-48.92515,-25.60079],[-48.9254,-25.60022],[-48.92598,-25.59985],[-48.92592,-25.59947],[-48.92612,-25.59902],[-48.92584,-25.59869],[-48.92491,-25.59829],[-48.92436,-25.59759],[-48.92419,-25.59722],[-48.92429,-25.59674],[-48.92407,-25.59581],[-48.92353,-25.59607],[-48.92062,-25.59643],[-48.91994,-25.59635],[-48.91851,-25.59572],[-48.91613,-25.5964],[-48.91531,-25.59673],[-48.915,-25.59792],[-48.91418,-25.59836],[-48.91309,-25.59821],[-48.91206,-25.59875],[-48.91161,-25.59941],[-48.91072,-25.59993],[-48.90987,-25.59932],[-48.90918,-25.5991],[-48.90866,-25.59922],[-48.90785,-25.59975],[-48.90622,-25.60044],[-48.90517,-25.59972],[-48.90396,-25.60075],[-48.90225,-25.6009],[-48.90112,-25.6],[-48.90067,-25.60015],[-48.89988,-25.60006],[-48.89926,-25.60028],[-48.89855,-25.59948],[-48.89832,-25.59993],[-48.89833,-25.60052],[-48.89645,-25.60148],[-48.89626,-25.60075],[-48.89427,-25.59972],[-48.89347,-25.6002],[-48.8924,-25.60048],[-48.89087,-25.60128],[-48.88708,-25.60154],[-48.88624,-25.60087],[-48.88524,-25.60125],[-48.88395,-25.60087],[-48.88215,-25.59923],[-48.88092,-25.59772],[-48.87811,-25.59715],[-48.87673,-25.59644],[-48.87517,-25.59688],[-48.87253,-25.59601],[-48.86799,-25.59516],[-48.86625,-25.5925],[-48.86454,-25.59168],[-48.86278,-25.59124],[-48.86151,-25.59171],[-48.86098,-25.59219],[-48.85887,-25.59159],[-48.85838,-25.59174],[-48.85841,-25.59393],[-48.85893,-25.59609],[-48.85767,-25.59677],[-48.85602,-25.59669],[-48.85406,-25.5959],[-48.85284,-25.59578],[-48.85149,-25.5954],[-48.85035,-25.59455],[-48.84944,-25.59461],[-48.8482,-25.59585],[-48.84715,-25.59581],[-48.84573,-25.59532],[-48.84479,-25.59517],[-48.8435,-25.59582],[-48.843,-25.59562],[-48.84166,-25.59645],[-48.84138,-25.59582],[-48.83914,-25.59526],[-48.83785,-25.59608],[-48.8366,-25.59556],[-48.83503,-25.59622],[-48.83563,-25.5985],[-48.83518,-25.60037],[-48.83059,-25.60499],[-48.82993,-25.60588],[-48.82706,-25.60846],[-48.82529,-25.61056],[-48.82472,-25.61173],[-48.82244,-25.61516],[-48.81964,-25.61683],[-48.8189,-25.61754],[-48.816,-25.61845],[-48.813,-25.61871],[-48.80929,-25.61938],[-48.80634,-25.62108],[-48.80504,-25.6222]]]}},{"type":"Feature","properties":{"cnuc":"0000.00.2311","nome":"RESERVA PARTICULAR DO PATRIMÔNIO NATURAL RESERVA ECOLÓGICA SEBUÍ","categoria":"Reserva Particular do Patrimônio Natural","grupo":"Uso Sustentável","esfera":"Federal","area_ha":400.35,"criacao":"25-11-1999","gestor":"INSTITUTO CHICO MENDES DE CONSERVAÇÃO DA BIODIVERSIDADE","uf":"PARANÁ","plano_manejo":"Não"},"geometry":{"type":"Polygon","coordinates":[[[-48.20311,-25.27349],[-48.20087,-25.28204],[-48.20735,-25.28988],[-48.21284,-25.28474],[-48.22098,-25.2943],[-48.22203,-25.29462],[-48.22241,-25.29504],[-48.2236,-25.2954],[-48.2243,-25.29528],[-48.22468,-25.29502],[-48.22506,-25.29548],[-48.22645,-25.29583],[-48.22695,-25.29655],[-48.22777,-25.29662],[-48.22839,-25.29716],[-48.22869,-25.29716],[-48.2292,-25.29756],[-48.22991,-25.29758],[-48.23014,-25.29708],[-48.23183,-25.29649],[-48.23247,-25.2959],[-48.23376,-25.29564],[-48.23421,-25.29521],[-48.23442,-25.29435],[-48.23406,-25.29286],[-48.23306,-25.29232],[-48.2322,-25.29213],[-48.23199,-25.29107],[-48.23177,-25.29102],[-48.23121,-25.2913],[-48.23076,-25.29105],[-48.22985,-25.29105],[-48.23018,-25.29027],[-48.22997,-25.28991],[-48.22936,-25.28974],[-48.22947,-25.28917],[-48.22906,-25.28924],[-48.22778,-25.28866],[-48.2274,-25.28864],[-48.22682,-25.28899],[-48.22652,-25.28897],[-48.22577,-25.28999],[-48.22479,-25.2895],[-48.22452,-25.28913],[-48.22455,-25.2887],[-48.22416,-25.28844],[-48.22308,-25.28862],[-48.222,-25.28757],[-48.22118,-25.28597],[-48.21922,-25.28108],[-48.2183,-25.2778],[-48.21963,-25.27799],[-48.22084,-25.27771],[-48.2206,-25.27716],[-48.22115,-25.27671],[-48.22087,-25.27561],[-48.22011,-25.27469],[-48.2198,-25.27467],[-48.21713,-25.27203],[-48.20311,-25.27349]]]}},{"type":"Feature","properties":{"cnuc":"0000.00.0277","nome":"PARQUE NACIONAL DOS CAMPOS GERAIS","categoria":"Parque","grupo":"Proteção Integral","esfera":"Federal","area_ha":21298.76,"criacao":"24-03-2006","gestor":"INSTITUTO CHICO MENDES DE CONSERVAÇÃO DA BIODIVERSIDADE","uf":"PARANÁ","plano_manejo":"Não"},"geometry":{"type":"MultiPolygon","coordinates":[[[[-49.95466,-25.16343],[-49.95225,-25.16238],[-49.95048,-25.16284],[-49.9492,-25.16368],[-49.94841,-25.16389],[-49.9481,-25.16413],[-49.94627,-25.1645],[-49.94518,-25.16419],[-49.94352,-25.16402],[-49.94176,-25.16351],[-49.94092,-25.16344],[-49.94001,-25.16357],[-49.93995,-25.16062],[-49.93153,-25.16353],[-49.92928,-25.1597],[-49.9263,-25.16015],[-49.92188,-25.15238],[-49.92497,-25.15059],[-49.92246,-25.14695],[-49.92191,-25.14772],[-49.92106,-25.14812],[-49.91957,-25.14829],[-49.91825,-25.14818],[-49.91716,-25.15179],[-49.91586,-25.15241],[-49.91453,-25.15517],[-49.91365,-25.15601],[-49.91251,-25.15622],[-49.91077,-25.15599],[-49.91059,-25.15481],[-49.90852,-25.15281],[-49.90665,-25.15131],[-49.90591,-25.15094],[-49.90506,-25.15093],[-49.90466,-25.15152],[-49.90396,-25.15201],[-49.90183,-25.15235],[-49.90104,-25.15208],[-49.90055,-25.1514],[-49.90036,-25.1504],[-49.89987,-25.14958],[-49.89918,-25.14935],[-49.89883,-25.14949],[-49.89872,-25.14998],[-49.89916,-25.15134],[-49.89886,-25.15197],[-49.89855,-25.15212],[-49.89981,-25.15631],[-49.89652,-25.15583],[-49.89519,-25.16097],[-49.89187,-25.16158],[-49.8891,-25.16652],[-49.88122,-25.17161],[-49.87938,-25.1827],[-49.87689,-25.18936],[-49.87893,-25.18848],[-49.88002,-25.18835],[-49.88156,-25.18845],[-49.8832,-25.18801],[-49.88399,-25.18806],[-49.88523,-25.18866],[-49.88596,-25.1846],[-49.89084,-25.18292],[-49.89223,-25.18262],[-49.89337,-25.18258],[-49.8972,-25.18568],[-49.90271,-25.18877],[-49.90552,-25.1882],[-49.90609,-25.18575],[-49.91259,-25.18305],[-49.91254,-25.18072],[-49.91547,-25.1779],[-49.91779,-25.17788],[-49.91779,-25.17707],[-49.91933,-25.17699],[-49.92072,-25.17648],[-49.92237,-25.17549],[-49.92576,-25.17412],[-49.92661,-25.17338],[-49.92686,-25.17286],[-49.92927,-25.17425],[-49.93154,-25.17437],[-49.93349,-25.17881],[-49.9359,-25.17949],[-49.93975,-25.18424],[-49.93812,-25.18574],[-49.93902,-25.18667],[-49.94391,-25.18437],[-49.94859,-25.18972],[-49.94726,-25.19085],[-49.94904,-25.19513],[-49.94675,-25.19691],[-49.94662,-25.19907],[-49.94351,-25.2036],[-49.94024,-25.20526],[-49.94049,-25.20743],[-49.94017,-25.20837],[-49.94131,-25.20949],[-49.94124,-25.21033],[-49.94253,-25.21135],[-49.94327,-25.2111],[-49.9434,-25.20981],[-49.94452,-25.20946],[-49.94483,-25.20826],[-49.94584,-25.20735],[-49.94638,-25.20658],[-49.94668,-25.20559],[-49.94868,-25.205],[-49.94983,-25.20385],[-49.95306,-25.20208],[-49.95555,-25.20272],[-49.95632,-25.20214],[-49.95639,-25.19993],[-49.96097,-25.20013],[-49.96129,-25.20061],[-49.96236,-25.2001],[-49.96204,-25.19964],[-49.96275,-25.1986],[-49.9642,-25.1992],[-49.9649,-25.19887],[-49.96524,-25.19724],[-49.96732,-25.19557],[-49.96864,-25.19631],[-49.97037,-25.19444],[-49.97076,-25.19149],[-49.97281,-25.18922],[-49.97419,-25.18934],[-49.97504,-25.18536],[-49.97406,-25.18477],[-49.97358,-25.18339],[-49.97426,-25.18016],[-49.97349,-25.17537],[-49.97398,-25.17248],[-49.97752,-25.17263],[-49.97958,-25.17043],[-49.98201,-25.17027],[-49.98263,-25.16669],[-49.98447,-25.16604],[-49.98614,-25.16687],[-49.98843,-25.16411],[-49.98507,-25.16282],[-49.98188,-25.16497],[-49.97923,-25.16134],[-49.97533,-25.16501],[-49.97409,-25.16424],[-49.97008,-25.16994],[-49.96915,-25.16827],[-49.96856,-25.16759],[-49.96859,-25.16447],[-49.96894,-25.16325],[-49.9699,-25.16109],[-49.96982,-25.15915],[-49.9688,-25.15621],[-49.96759,-25.15363],[-49.96519,-25.1501],[-49.96495,-25.14902],[-49.95846,-25.14383],[-49.95648,-25.14558],[-49.95485,-25.14651],[-49.95731,-25.1486],[-49.95657,-25.1537],[-49.95435,-25.15549],[-49.95701,-25.15831],[-49.95557,-25.15978],[-49.95638,-25.16069],[-49.95662,-25.16252],[-49.95466,-25.16343]]],[[[-49.93231,-24.96848],[-49.93089,-24.96823],[-49.92991,-24.96883],[-49.93649,-24.97444],[-49.93982,-24.9734],[-49.94423,-24.97779],[-49.94303,-24.97881],[-49.94537,-24.98225],[-49.94785,-24.98223],[-49.94999,-24.98433],[-49.94955,-24.98959],[-49.95181,-24.99221],[-49.95074,-24.99538],[-49.95141,-24.99698],[-49.95078,-24.99814],[-49.94867,-25.00035],[-49.9489,-25.00123],[-49.94728,-25.00211],[-49.94685,-25.00302],[-49.94551,-25.00298],[-49.94215,-24.99931],[-49.93899,-24.99922],[-49.9367,-25.00047],[-49.935,-25.00249],[-49.93203,-25.00217],[-49.93027,-25.00215],[-49.93522,-24.99563],[-49.93449,-24.99526],[-49.93288,-24.99362],[-49.93041,-24.99242],[-49.92951,-24.9917],[-49.92719,-24.98869],[-49.92648,-24.98853],[-49.92534,-24.98915],[-49.92361,-24.9892],[-49.92221,-24.98975],[-49.92113,-24.98992],[-49.92048,-24.98982],[-49.91938,-24.98922],[-49.91805,-24.98924],[-49.91639,-24.98873],[-49.91529,-24.98899],[-49.91392,-24.98889],[-49.91278,-24.98971],[-49.91209,-24.98982],[-49.91138,-24.9894],[-49.91105,-24.9894],[-49.91063,-24.99319],[-49.91231,-24.99628],[-49.91309,-24.99657],[-49.91393,-24.99777],[-49.91438,-24.99926],[-49.91554,-25.00064],[-49.91501,-25.00432],[-49.91396,-25.00455],[-49.91182,-25.00315],[-49.91095,-25.00127],[-49.90971,-25.00102],[-49.90753,-25.00214],[-49.90397,-25.00175],[-49.90322,-25.00055],[-49.90361,-24.99984],[-49.90372,-24.99135],[-49.9033,-24.99109],[-49.90256,-24.99101],[-49.9012,-24.991],[-49.90028,-24.9912],[-49.89778,-24.99061],[-49.89713,-24.99025],[-49.89429,-24.99505],[-49.89429,-24.99577],[-49.89369,-24.99678],[-49.89387,-24.99905],[-49.89609,-24.99937],[-49.89779,-25.00022],[-49.89719,-25.00141],[-49.8979,-25.00177],[-49.89929,-25.00118],[-49.89999,-25.0025],[-49.89887,-25.00315],[-49.89892,-25.00494],[-49.89659,-25.006],[-49.89557,-25.00814],[-49.89702,-25.01064],[-49.89679,-25.01231],[-49.89858,-25.01241],[-49.8983,-25.01409],[-49.902,-25.0165],[-49.89374,-25.02012],[-49.88413,-25.02702],[-49.8809,-25.03117],[-49.88083,-25.03309],[-49.88129,-25.03401],[-49.88121,-25.03479],[-49.88077,-25.03567],[-49.87994,-25.03635],[-49.88041,-25.03655],[-49.88076,-25.03747],[-49.87982,-25.03864],[-49.87981,-25.039],[-49.8802,-25.03952],[-49.88078,-25.03953],[-49.88146,-25.0394],[-49.88236,-25.03872],[-49.88301,-25.03863],[-49.88372,-25.03876],[-49.88479,-25.03962],[-49.88547,-25.03969],[-49.88644,-25.03921],[-49.88709,-25.03915],[-49.88762,-25.03938],[-49.88892,-25.0391],[-49.89032,-25.03793],[-49.89097,-25.03761],[-49.89409,-25.03786],[-49.89517,-25.03761],[-49.89603,-25.03706],[-49.89665,-25.03622],[-49.89687,-25.03553],[-49.89696,-25.0337],[-49.89721,-25.03338],[-49.89836,-25.03342],[-49.89968,-25.03411],[-49.90087,-25.03406],[-49.90177,-25.03344],[-49.90615,-25.04021],[-49.90709,-25.03995],[-49.90816,-25.04009],[-49.90913,-25.0398],[-49.91042,-25.04017],[-49.91137,-25.04224],[-49.91191,-25.04244],[-49.91233,-25.04381],[-49.91217,-25.04476],[-49.91188,-25.04525],[-49.90969,-25.04579],[-49.90905,-25.04549],[-49.90843,-25.04587],[-49.90861,-25.04682],[-49.90796,-25.04711],[-49.90695,-25.0472],[-49.90417,-25.04934],[-49.90304,-25.04815],[-49.90283,-25.04747],[-49.90305,-25.04662],[-49.90287,-25.04616],[-49.90245,-25.04576],[-49.90113,-25.04513],[-49.90055,-25.04493],[-49.89987,-25.04493],[-49.898,-25.04576],[-49.89728,-25.04592],[-49.89642,-25.04588],[-49.89607,-25.04566],[-49.8886,-25.05503],[-49.88642,-25.05635],[-49.88523,-25.05816],[-49.88356,-25.05983],[-49.88313,-25.06074],[-49.8868,-25.06283],[-49.89048,-25.06168],[-49.90922,-25.07743],[-49.90975,-25.07715],[-49.91119,-25.0789],[-49.92398,-25.08667],[-49.91839,-25.0998],[-49.91458,-25.10199],[-49.91825,-25.10625],[-49.91197,-25.10751],[-49.91427,-25.11088],[-49.91536,-25.11196],[-49.91716,-25.11326],[-49.91856,-25.11499],[-49.91958,-25.1155],[-49.92068,-25.11551],[-49.92147,-25.11509],[-49.92242,-25.11509],[-49.92399,-25.11582],[-49.92564,-25.11605],[-49.92698,-25.11584],[-49.92823,-25.11621],[-49.92902,-25.11686],[-49.92972,-25.11787],[-49.93105,-25.1186],[-49.93434,-25.11984],[-49.93708,-25.12172],[-49.93829,-25.12215],[-49.94472,-25.11303],[-49.94078,-25.11176],[-49.94305,-25.10557],[-49.93657,-25.10485],[-49.93766,-25.10087],[-49.94183,-25.10033],[-49.94841,-25.10467],[-49.94987,-25.10862],[-49.94582,-25.12262],[-49.94403,-25.12174],[-49.94105,-25.12741],[-49.95417,-25.13998],[-49.96062,-25.13883],[-49.9625,-25.13334],[-49.9653,-25.13647],[-49.96367,-25.14118],[-49.96486,-25.14242],[-49.97241,-25.14362],[-49.97565,-25.14199],[-49.97559,-25.13472],[-49.98548,-25.12722],[-49.98648,-25.12753],[-49.98739,-25.12837],[-49.98818,-25.12872],[-49.98931,-25.12877],[-49.99057,-25.12817],[-49.99411,-25.1248],[-49.99584,-25.12249],[-49.99715,-25.12113],[-49.99832,-25.12053],[-49.99975,-25.12001],[-50.00017,-25.12001],[-50.00087,-25.11965],[-50.0027,-25.11759],[-50.00345,-25.11716],[-50.00503,-25.11682],[-50.00574,-25.11639],[-50.00621,-25.11586],[-50.00646,-25.11485],[-50.00721,-25.11443],[-50.00804,-25.11339],[-50.00868,-25.11297],[-50.00978,-25.11276],[-50.01042,-25.11219],[-50.0116,-25.11181],[-50.01231,-25.11134],[-50.01279,-25.11063],[-50.0154,-25.10875],[-50.01639,-25.10833],[-50.0173,-25.1084],[-50.01801,-25.10823],[-50.01856,-25.10769],[-50.01982,-25.10745],[-50.0201,-25.10706],[-50.02124,-25.10696],[-50.02239,-25.10575],[-50.02286,-25.10593],[-50.02294,-25.10668],[-50.02321,-25.10683],[-50.02404,-25.10644],[-50.02491,-25.10569],[-50.02421,-25.10461],[-50.0226,-25.10396],[-50.02154,-25.10399],[-50.01987,-25.10125],[-50.01964,-25.1001],[-50.01848,-25.09816],[-50.01417,-25.09501],[-50.01414,-25.09455],[-50.01363,-25.09426],[-50.00867,-25.09483],[-50.00619,-25.09442],[-50.00508,-25.09403],[-50.00589,-25.09205],[-50.00758,-25.09008],[-50.00824,-25.08908],[-50.00914,-25.08716],[-50.0107,-25.08537],[-50.01168,-25.08492],[-50.01269,-25.08472],[-50.0148,-25.08491],[-50.01536,-25.08483],[-50.01565,-25.08454],[-50.01626,-25.08334],[-50.01746,-25.08243],[-50.01813,-25.08152],[-50.0189,-25.07978],[-50.01966,-25.07915],[-50.02132,-25.07651],[-50.02334,-25.0749],[-50.02445,-25.07379],[-50.02496,-25.06958],[-50.0266,-25.0687],[-50.02743,-25.0677],[-50.02765,-25.06716],[-50.02939,-25.066],[-50.02959,-25.06511],[-50.03029,-25.06428],[-50.03181,-25.06369],[-50.03181,-25.06246],[-50.03286,-25.062],[-50.03311,-25.06175],[-50.03318,-25.06083],[-50.03474,-25.05924],[-50.03581,-25.05847],[-50.03702,-25.0571],[-50.03772,-25.05656],[-50.03974,-25.05551],[-50.04018,-25.05509],[-50.04034,-25.05443],[-50.04168,-25.05317],[-50.04147,-25.05174],[-50.04157,-25.05114],[-50.04281,-25.04985],[-50.04441,-25.04756],[-50.04532,-25.04727],[-50.04668,-25.04742],[-50.04729,-25.04728],[-50.04754,-25.04691],[-50.04837,-25.04646],[-50.05159,-25.04528],[-50.05225,-25.0448],[-50.05296,-25.0439],[-50.05313,-25.04323],[-50.05293,-25.04214],[-50.05302,-25.04154],[-50.05331,-25.04124],[-50.05384,-25.04121],[-50.05462,-25.04159],[-50.05495,-25.04159],[-50.05532,-25.04133],[-50.05951,-25.0434],[-50.06078,-25.04304],[-50.06117,-25.04054],[-50.062,-25.03991],[-50.06287,-25.03966],[-50.0648,-25.03974],[-50.06604,-25.03941],[-50.06641,-25.03897],[-50.06666,-25.03807],[-50.06844,-25.03692],[-50.06923,-25.03572],[-50.06953,-25.03482],[-50.07007,-25.03419],[-50.07044,-25.03333],[-50.07066,-25.03217],[-50.07022,-25.03085],[-50.07027,-25.02977],[-50.07003,-25.02864],[-50.07011,-25.02797],[-50.06962,-25.02796],[-50.06975,-25.02669],[-50.06943,-25.02654],[-50.06448,-25.02719],[-50.06317,-25.02761],[-50.0591,-25.02579],[-50.05768,-25.02578],[-50.05466,-25.02411],[-50.0516,-25.02414],[-50.05119,-25.02595],[-50.05099,-25.0261],[-50.05028,-25.02598],[-50.04309,-25.03002],[-50.04019,-25.0275],[-50.02741,-25.03166],[-50.02598,-25.03028],[-50.02526,-25.02889],[-50.02537,-25.0281],[-50.0258,-25.02775],[-50.02679,-25.02503],[-50.02745,-25.02389],[-50.02808,-25.02336],[-50.0287,-25.0224],[-50.0287,-25.02214],[-50.02824,-25.02163],[-50.02839,-25.02127],[-50.02741,-25.02071],[-50.01679,-25.02324],[-50.01707,-25.02692],[-50.01663,-25.02958],[-50.01611,-25.03076],[-50.01681,-25.03293],[-50.01771,-25.03976],[-50.0132,-25.04122],[-50.00976,-25.03797],[-50.0096,-25.03571],[-50.01066,-25.03568],[-50.01078,-25.03342],[-50.01272,-25.03331],[-50.0135,-25.03009],[-50.01132,-25.02998],[-50.01047,-25.0297],[-50.00949,-25.02867],[-50.00427,-25.02949],[-50.00517,-25.03081],[-50.00544,-25.03166],[-50.00526,-25.03292],[-50.00448,-25.03397],[-50.00436,-25.03478],[-49.99774,-25.03433],[-49.99681,-25.03382],[-49.99509,-25.03411],[-49.99473,-25.03154],[-49.99656,-25.0304],[-49.99745,-25.02889],[-49.99681,-25.02708],[-49.99548,-25.02697],[-49.99411,-25.02605],[-49.9944,-25.02369],[-50.00344,-25.02384],[-50.0038,-25.02265],[-50.0038,-25.0221],[-50.00371,-25.01998],[-50.00328,-25.01787],[-50.00329,-25.01655],[-50.00357,-25.01651],[-50.00402,-25.01611],[-50.00403,-25.01465],[-50.00387,-25.0139],[-50.0046,-25.01204],[-50.00417,-25.01048],[-49.99998,-25.0098],[-49.99833,-25.00898],[-49.99652,-25.00746],[-49.99543,-25.00629],[-49.99434,-25.00458],[-49.9889,-25.00856],[-49.98635,-25.00905],[-49.98446,-25.01085],[-49.9831,-25.00913],[-49.98077,-25.01042],[-49.98006,-25.00951],[-49.97979,-25.0079],[-49.97772,-25.00746],[-49.97597,-25.00928],[-49.97355,-25.00826],[-49.98516,-25.0002],[-49.99098,-24.99383],[-49.98355,-24.97656],[-49.98266,-24.9769],[-49.98209,-24.97747],[-49.98108,-24.97804],[-49.98006,-24.97849],[-49.97949,-24.97854],[-49.97754,-24.97824],[-49.96918,-24.97505],[-49.96134,-24.9754],[-49.95851,-24.9703],[-49.95489,-24.96783],[-49.9494,-24.96593],[-49.94473,-24.96152],[-49.94279,-24.96172],[-49.94149,-24.96523],[-49.93321,-24.96711],[-49.93231,-24.96848]]]]}},{"type":"Feature","properties":{"cnuc":"0000.00.0276","nome":"RESERVA BIOLÓGICA DAS ARAUCÁRIAS","categoria":"Reserva Biológica","grupo":"Proteção Integral","esfera":"Federal","area_ha":14929.69,"criacao":"24-03-2006","gestor":"INSTITUTO CHICO MENDES DE CONSERVAÇÃO DA BIODIVERSIDADE","uf":"PARANÁ","plano_manejo":"Não"},"geometry":{"type":"MultiPolygon","coordinates":[[[[-50.56708,-25.245],[-50.56187,-25.25801],[-50.5615,-25.26186],[-50.56248,-25.26243],[-50.56509,-25.26225],[-50.56615,-25.26444],[-50.56727,-25.26587],[-50.56739,-25.26676],[-50.57071,-25.2676],[-50.5705,-25.26944],[-50.56901,-25.27029],[-50.56847,-25.27116],[-50.56764,-25.27167],[-50.56698,-25.27253],[-50.56575,-25.27255],[-50.56585,-25.27328],[-50.56777,-25.2752],[-50.56951,-25.27811],[-50.56838,-25.27838],[-50.56755,-25.28043],[-50.56434,-25.28066],[-50.56387,-25.28009],[-50.56349,-25.27748],[-50.56296,-25.27677],[-50.56213,-25.27629],[-50.5607,-25.27985],[-50.56031,-25.27857],[-50.55818,-25.2777],[-50.55594,-25.28004],[-50.55751,-25.28153],[-50.55814,-25.28187],[-50.55746,-25.2829],[-50.55612,-25.28351],[-50.556,-25.28378],[-50.55623,-25.28415],[-50.55186,-25.2827],[-50.54975,-25.28488],[-50.54513,-25.28815],[-50.53846,-25.28904],[-50.53533,-25.29077],[-50.53399,-25.289],[-50.53235,-25.28922],[-50.53083,-25.28865],[-50.53086,-25.2899],[-50.5277,-25.29126],[-50.53019,-25.29421],[-50.52922,-25.29482],[-50.5272,-25.29477],[-50.52711,-25.29756],[-50.52926,-25.29774],[-50.5301,-25.29807],[-50.52979,-25.30034],[-50.53283,-25.30241],[-50.55242,-25.31461],[-50.55295,-25.31392],[-50.55471,-25.31272],[-50.55511,-25.30907],[-50.5567,-25.30788],[-50.55816,-25.30794],[-50.55853,-25.31042],[-50.55771,-25.31055],[-50.55709,-25.31145],[-50.55589,-25.3111],[-50.55501,-25.31166],[-50.55536,-25.31355],[-50.55796,-25.31577],[-50.55894,-25.32054],[-50.5593,-25.32006],[-50.55942,-25.31937],[-50.56002,-25.3191],[-50.56004,-25.3181],[-50.55924,-25.31818],[-50.55984,-25.31745],[-50.55976,-25.31703],[-50.56023,-25.31691],[-50.56062,-25.31701],[-50.56121,-25.31679],[-50.56148,-25.31701],[-50.56154,-25.31669],[-50.56131,-25.31615],[-50.56208,-25.31606],[-50.56187,-25.31571],[-50.56108,-25.31543],[-50.56079,-25.31517],[-50.56159,-25.31435],[-50.56113,-25.31387],[-50.56092,-25.31338],[-50.56051,-25.31309],[-50.5605,-25.31294],[-50.56109,-25.31241],[-50.5607,-25.31218],[-50.56076,-25.31193],[-50.56192,-25.31187],[-50.56239,-25.31148],[-50.56294,-25.31155],[-50.56326,-25.31137],[-50.56497,-25.31203],[-50.5656,-25.31121],[-50.56578,-25.31069],[-50.5658,-25.31019],[-50.56526,-25.30946],[-50.5634,-25.30845],[-50.56368,-25.30494],[-50.56322,-25.30227],[-50.56064,-25.29868],[-50.55929,-25.29993],[-50.55904,-25.29975],[-50.55855,-25.29976],[-50.55807,-25.30006],[-50.55766,-25.30063],[-50.54825,-25.29621],[-50.54758,-25.29395],[-50.54768,-25.29263],[-50.54902,-25.29126],[-50.55046,-25.29153],[-50.55172,-25.29047],[-50.55286,-25.29079],[-50.55383,-25.29032],[-50.55501,-25.2888],[-50.55556,-25.28901],[-50.55685,-25.29073],[-50.55558,-25.29312],[-50.55452,-25.29453],[-50.55572,-25.29512],[-50.5575,-25.29502],[-50.56009,-25.29337],[-50.56662,-25.29342],[-50.5707,-25.29154],[-50.57197,-25.29053],[-50.57308,-25.2904],[-50.57475,-25.28883],[-50.57713,-25.28763],[-50.57784,-25.28762],[-50.57821,-25.2881],[-50.57827,-25.28916],[-50.57914,-25.29066],[-50.57937,-25.29215],[-50.58052,-25.28994],[-50.5804,-25.2836],[-50.58318,-25.28321],[-50.5834,-25.28089],[-50.58291,-25.27708],[-50.58189,-25.27639],[-50.58222,-25.27426],[-50.58134,-25.27351],[-50.58149,-25.27274],[-50.58055,-25.2726],[-50.58085,-25.27111],[-50.57657,-25.26658],[-50.57716,-25.26575],[-50.57653,-25.26214],[-50.57712,-25.25788],[-50.58013,-25.25866],[-50.58285,-25.25885],[-50.58297,-25.25896],[-50.58333,-25.26413],[-50.58606,-25.26809],[-50.58729,-25.26895],[-50.58858,-25.27133],[-50.59152,-25.2701],[-50.59384,-25.27175],[-50.59683,-25.27],[-50.59718,-25.27041],[-50.59696,-25.2711],[-50.59941,-25.27247],[-50.60299,-25.27524],[-50.60538,-25.27432],[-50.60599,-25.27531],[-50.60492,-25.27716],[-50.60701,-25.27796],[-50.60774,-25.27942],[-50.60864,-25.27968],[-50.60886,-25.28143],[-50.60737,-25.28296],[-50.61041,-25.28323],[-50.61192,-25.28251],[-50.61372,-25.28352],[-50.6141,-25.28858],[-50.61189,-25.28907],[-50.61191,-25.29043],[-50.60997,-25.29074],[-50.60878,-25.29049],[-50.60784,-25.29116],[-50.60957,-25.29302],[-50.60954,-25.29383],[-50.60999,-25.29383],[-50.61168,-25.29325],[-50.61485,-25.29314],[-50.61398,-25.29393],[-50.61246,-25.29629],[-50.61131,-25.29848],[-50.60916,-25.30119],[-50.61352,-25.30548],[-50.60568,-25.30782],[-50.60612,-25.30947],[-50.60785,-25.31033],[-50.60838,-25.31346],[-50.60118,-25.31094],[-50.60078,-25.31414],[-50.60161,-25.3143],[-50.60505,-25.3168],[-50.60343,-25.31805],[-50.6055,-25.31821],[-50.60412,-25.32177],[-50.60356,-25.32172],[-50.60322,-25.32087],[-50.60303,-25.31981],[-50.60243,-25.31875],[-50.60166,-25.31813],[-50.60069,-25.31687],[-50.59954,-25.31643],[-50.59922,-25.31701],[-50.59937,-25.31896],[-50.59899,-25.32076],[-50.59902,-25.32213],[-50.59848,-25.32288],[-50.59732,-25.32331],[-50.59761,-25.32437],[-50.59846,-25.32551],[-50.59932,-25.32589],[-50.59988,-25.32663],[-50.60005,-25.32745],[-50.60041,-25.32796],[-50.60178,-25.32884],[-50.60206,-25.32919],[-50.60249,-25.32527],[-50.60975,-25.32717],[-50.60707,-25.32982],[-50.61295,-25.32978],[-50.61506,-25.32785],[-50.61822,-25.32786],[-50.61877,-25.3285],[-50.62,-25.32856],[-50.61871,-25.32982],[-50.61763,-25.33046],[-50.6165,-25.33144],[-50.61473,-25.33213],[-50.61334,-25.33301],[-50.61548,-25.33576],[-50.61755,-25.33944],[-50.62297,-25.34656],[-50.6246,-25.34658],[-50.62484,-25.34732],[-50.63445,-25.34705],[-50.63541,-25.33839],[-50.63539,-25.3354],[-50.63477,-25.3328],[-50.63449,-25.32943],[-50.63307,-25.32167],[-50.63044,-25.32049],[-50.62929,-25.32155],[-50.62264,-25.3165],[-50.61922,-25.31979],[-50.6231,-25.32172],[-50.61855,-25.32528],[-50.61446,-25.32522],[-50.611,-25.32464],[-50.611,-25.3239],[-50.61179,-25.32171],[-50.61193,-25.32046],[-50.61307,-25.31789],[-50.61306,-25.31682],[-50.61219,-25.31557],[-50.6122,-25.31464],[-50.61261,-25.31193],[-50.61328,-25.31108],[-50.61336,-25.31029],[-50.61355,-25.31],[-50.61434,-25.30937],[-50.61466,-25.30722],[-50.61522,-25.30612],[-50.6153,-25.30472],[-50.61572,-25.30303],[-50.62108,-25.30388],[-50.62019,-25.30555],[-50.62424,-25.30759],[-50.62375,-25.30934],[-50.62623,-25.30948],[-50.62873,-25.30898],[-50.63403,-25.29102],[-50.62356,-25.28332],[-50.62767,-25.28053],[-50.62849,-25.2791],[-50.63019,-25.27437],[-50.63056,-25.27421],[-50.63074,-25.27392],[-50.63072,-25.27347],[-50.63027,-25.27244],[-50.6304,-25.27227],[-50.63238,-25.27199],[-50.63338,-25.27142],[-50.63385,-25.27094],[-50.63404,-25.26996],[-50.63349,-25.26965],[-50.63152,-25.26962],[-50.63112,-25.26938],[-50.63086,-25.269],[-50.63131,-25.26749],[-50.63126,-25.26649],[-50.63069,-25.26587],[-50.62948,-25.26524],[-50.62927,-25.265],[-50.62925,-25.26436],[-50.62802,-25.26386],[-50.62742,-25.26305],[-50.6271,-25.2631],[-50.62503,-25.26506],[-50.62086,-25.26296],[-50.61594,-25.26232],[-50.60484,-25.26439],[-50.60165,-25.26713],[-50.60047,-25.26648],[-50.59939,-25.26634],[-50.59895,-25.26528],[-50.599,-25.26361],[-50.59853,-25.26335],[-50.59661,-25.26435],[-50.59562,-25.26305],[-50.59472,-25.26283],[-50.59528,-25.26162],[-50.59407,-25.26092],[-50.59284,-25.2612],[-50.59276,-25.26209],[-50.59018,-25.26117],[-50.59098,-25.2595],[-50.58883,-25.25782],[-50.59012,-25.2569],[-50.58978,-25.25554],[-50.58826,-25.25535],[-50.58779,-25.25477],[-50.59037,-25.25201],[-50.58977,-25.25119],[-50.58793,-25.25119],[-50.58664,-25.25075],[-50.58665,-25.25044],[-50.58636,-25.25011],[-50.58504,-25.25006],[-50.58492,-25.24898],[-50.5846,-25.24843],[-50.58408,-25.24805],[-50.58179,-25.24754],[-50.5813,-25.2472],[-50.5808,-25.24601],[-50.5802,-25.24546],[-50.578,-25.24404],[-50.57698,-25.24296],[-50.57606,-25.24325],[-50.57556,-25.24308],[-50.57564,-25.24207],[-50.57498,-25.24147],[-50.57544,-25.24035],[-50.57475,-25.24004],[-50.57473,-25.23937],[-50.57421,-25.23901],[-50.57419,-25.23724],[-50.5713,-25.23587],[-50.57009,-25.23565],[-50.56958,-25.23604],[-50.56999,-25.23684],[-50.56985,-25.23872],[-50.56945,-25.23953],[-50.56869,-25.24005],[-50.56881,-25.24093],[-50.57083,-25.24175],[-50.57002,-25.24274],[-50.56941,-25.24687],[-50.56708,-25.245]]],[[[-50.48248,-25.2299],[-50.48162,-25.23528],[-50.4843,-25.23753],[-50.48734,-25.23921],[-50.48749,-25.24084],[-50.4859,-25.24226],[-50.48253,-25.24077],[-50.48047,-25.24156],[-50.47845,-25.24491],[-50.48037,-25.24678],[-50.4787,-25.24876],[-50.47658,-25.24925],[-50.471,-25.24526],[-50.47167,-25.24456],[-50.47101,-25.2433],[-50.46772,-25.24287],[-50.46641,-25.24329],[-50.46552,-25.24262],[-50.46589,-25.24122],[-50.46485,-25.24029],[-50.4652,-25.23883],[-50.46373,-25.23558],[-50.4621,-25.23513],[-50.46083,-25.23521],[-50.45996,-25.23566],[-50.45996,-25.23645],[-50.46041,-25.2367],[-50.4549,-25.24621],[-50.4516,-25.25305],[-50.45217,-25.25362],[-50.45068,-25.25548],[-50.44721,-25.25435],[-50.44451,-25.25636],[-50.44393,-25.25628],[-50.44142,-25.25807],[-50.43923,-25.25791],[-50.43727,-25.25861],[-50.43598,-25.26139],[-50.43445,-25.26189],[-50.43297,-25.26274],[-50.43144,-25.26304],[-50.43017,-25.26213],[-50.42721,-25.26299],[-50.42659,-25.26562],[-50.42867,-25.26698],[-50.42893,-25.26821],[-50.42624,-25.27038],[-50.42218,-25.27045],[-50.4218,-25.27229],[-50.41698,-25.27227],[-50.41519,-25.27302],[-50.40952,-25.27187],[-50.4101,-25.27364],[-50.40974,-25.27557],[-50.40492,-25.27794],[-50.4047,-25.28038],[-50.40334,-25.28119],[-50.40232,-25.28392],[-50.40002,-25.28375],[-50.39921,-25.28392],[-50.39812,-25.28584],[-50.396,-25.28763],[-50.39584,-25.28838],[-50.39469,-25.28878],[-50.3942,-25.28788],[-50.39281,-25.28755],[-50.38915,-25.28614],[-50.38881,-25.28524],[-50.38886,-25.28425],[-50.38664,-25.28216],[-50.38794,-25.28113],[-50.3882,-25.27852],[-50.38661,-25.27815],[-50.38682,-25.27639],[-50.38888,-25.27462],[-50.38634,-25.27242],[-50.38475,-25.27328],[-50.38228,-25.27322],[-50.38109,-25.27146],[-50.37656,-25.27348],[-50.37341,-25.26984],[-50.3719,-25.26993],[-50.36819,-25.26805],[-50.36755,-25.26804],[-50.3653,-25.27407],[-50.36613,-25.27981],[-50.3651,-25.28064],[-50.36739,-25.2858],[-50.36625,-25.28781],[-50.36662,-25.28967],[-50.36978,-25.28835],[-50.3702,-25.28857],[-50.36977,-25.28956],[-50.37036,-25.29171],[-50.37099,-25.29262],[-50.37048,-25.29452],[-50.37113,-25.29528],[-50.37368,-25.29279],[-50.37581,-25.29358],[-50.3769,-25.2959],[-50.37289,-25.29948],[-50.37019,-25.30294],[-50.36827,-25.30209],[-50.36852,-25.30059],[-50.36932,-25.29878],[-50.36838,-25.2981],[-50.3675,-25.29709],[-50.36662,-25.29522],[-50.36524,-25.29563],[-50.36392,-25.29518],[-50.36343,-25.29625],[-50.3611,-25.29543],[-50.36111,-25.29422],[-50.36029,-25.29287],[-50.3584,-25.29292],[-50.35811,-25.29428],[-50.3569,-25.29428],[-50.35622,-25.2952],[-50.35258,-25.2946],[-50.353,-25.29347],[-50.35596,-25.29087],[-50.3558,-25.28989],[-50.35824,-25.28842],[-50.35885,-25.28647],[-50.35845,-25.28479],[-50.35923,-25.28133],[-50.35873,-25.27966],[-50.35725,-25.27786],[-50.3551,-25.27723],[-50.35033,-25.2791],[-50.34961,-25.27786],[-50.34847,-25.27817],[-50.34808,-25.27883],[-50.34519,-25.27919],[-50.34469,-25.27752],[-50.34464,-25.27495],[-50.34394,-25.27478],[-50.34236,-25.27505],[-50.34075,-25.274],[-50.3356,-25.27625],[-50.33126,-25.28143],[-50.33143,-25.28223],[-50.33097,-25.28307],[-50.33459,-25.28464],[-50.335,-25.28504],[-50.33536,-25.28587],[-50.33507,-25.28664],[-50.33412,-25.28541],[-50.33347,-25.28576],[-50.33396,-25.2871],[-50.33194,-25.29021],[-50.33384,-25.29128],[-50.33421,-25.2922],[-50.33292,-25.29548],[-50.32984,-25.29528],[-50.32794,-25.29594],[-50.32621,-25.29548],[-50.32389,-25.29565],[-50.32389,-25.29644],[-50.32508,-25.29645],[-50.32681,-25.29841],[-50.32541,-25.29946],[-50.32505,-25.29911],[-50.31922,-25.3011],[-50.31864,-25.3002],[-50.31805,-25.29973],[-50.31592,-25.29879],[-50.31436,-25.29717],[-50.31373,-25.29703],[-50.31306,-25.29717],[-50.3106,-25.29848],[-50.30962,-25.29866],[-50.30891,-25.29851],[-50.30828,-25.29811],[-50.30781,-25.29746],[-50.30754,-25.29675],[-50.30727,-25.29517],[-50.30688,-25.29466],[-50.30617,-25.29437],[-50.30582,-25.29387],[-50.30579,-25.29247],[-50.30556,-25.29201],[-50.30508,-25.29175],[-50.30453,-25.29179],[-50.30307,-25.29264],[-50.30256,-25.29267],[-50.30138,-25.29228],[-50.30124,-25.2928],[-50.29925,-25.2959],[-50.29146,-25.298],[-50.29306,-25.30072],[-50.2946,-25.3002],[-50.29564,-25.29886],[-50.29658,-25.29889],[-50.30516,-25.30456],[-50.30553,-25.30355],[-50.30758,-25.30363],[-50.30911,-25.30439],[-50.31018,-25.30457],[-50.31041,-25.30543],[-50.31021,-25.30583],[-50.30961,-25.30633],[-50.30949,-25.30787],[-50.30856,-25.31046],[-50.3067,-25.30986],[-50.30445,-25.31016],[-50.30414,-25.31247],[-50.30319,-25.3128],[-50.30263,-25.31421],[-50.30153,-25.31495],[-50.30552,-25.31961],[-50.30631,-25.3194],[-50.30677,-25.31835],[-50.30737,-25.31822],[-50.30792,-25.31938],[-50.30968,-25.31846],[-50.30817,-25.32158],[-50.31078,-25.32296],[-50.31551,-25.32303],[-50.31825,-25.32068],[-50.31843,-25.31894],[-50.32059,-25.31375],[-50.322,-25.31382],[-50.32253,-25.31409],[-50.3221,-25.31435],[-50.32208,-25.31458],[-50.3236,-25.3145],[-50.32407,-25.31465],[-50.32433,-25.31506],[-50.32395,-25.31597],[-50.32391,-25.31671],[-50.32258,-25.31783],[-50.32405,-25.31897],[-50.32564,-25.31973],[-50.32616,-25.32199],[-50.32734,-25.32264],[-50.32829,-25.32361],[-50.33042,-25.32233],[-50.32961,-25.32153],[-50.32959,-25.32081],[-50.32988,-25.32027],[-50.33078,-25.32076],[-50.33373,-25.31981],[-50.33676,-25.32155],[-50.33462,-25.32543],[-50.33473,-25.3257],[-50.33534,-25.32619],[-50.33494,-25.327],[-50.33522,-25.32762],[-50.33587,-25.3284],[-50.34945,-25.32582],[-50.34723,-25.32402],[-50.34824,-25.323],[-50.34677,-25.32117],[-50.35115,-25.32173],[-50.35308,-25.32038],[-50.35399,-25.32104],[-50.35459,-25.31959],[-50.3556,-25.319],[-50.35485,-25.31459],[-50.35427,-25.31388],[-50.35314,-25.3149],[-50.35113,-25.31371],[-50.35096,-25.31285],[-50.34978,-25.31117],[-50.34819,-25.31031],[-50.34742,-25.30872],[-50.34522,-25.30802],[-50.34396,-25.30794],[-50.34334,-25.30615],[-50.35071,-25.30736],[-50.35724,-25.31008],[-50.35961,-25.31046],[-50.36321,-25.31236],[-50.36576,-25.30992],[-50.36671,-25.30824],[-50.36786,-25.30863],[-50.36827,-25.30837],[-50.36966,-25.30814],[-50.37066,-25.30743],[-50.37151,-25.30708],[-50.3726,-25.30616],[-50.37361,-25.30427],[-50.37539,-25.30204],[-50.37594,-25.3016],[-50.37647,-25.30141],[-50.37785,-25.30148],[-50.38008,-25.30195],[-50.38006,-25.30261],[-50.3816,-25.30405],[-50.38398,-25.30298],[-50.38605,-25.30321],[-50.38634,-25.30374],[-50.38859,-25.3037],[-50.38882,-25.30434],[-50.38971,-25.3044],[-50.39113,-25.305],[-50.39059,-25.30624],[-50.39149,-25.30668],[-50.39387,-25.30635],[-50.3941,-25.30712],[-50.3938,-25.30801],[-50.39302,-25.30836],[-50.39643,-25.31444],[-50.40032,-25.31402],[-50.40146,-25.31458],[-50.40228,-25.31386],[-50.40293,-25.313],[-50.4033,-25.31286],[-50.40227,-25.31247],[-50.40165,-25.3118],[-50.40112,-25.31062],[-50.40002,-25.30926],[-50.39941,-25.30823],[-50.40189,-25.30496],[-50.39493,-25.30184],[-50.39203,-25.29788],[-50.39334,-25.29711],[-50.39378,-25.29635],[-50.39361,-25.29474],[-50.39459,-25.29461],[-50.39697,-25.29755],[-50.39666,-25.29857],[-50.39855,-25.29987],[-50.39944,-25.2989],[-50.40111,-25.29773],[-50.4046,-25.29672],[-50.40824,-25.29456],[-50.40816,-25.29576],[-50.40964,-25.29577],[-50.41121,-25.29496],[-50.41171,-25.29551],[-50.41296,-25.29562],[-50.41391,-25.29358],[-50.41516,-25.29267],[-50.41469,-25.29105],[-50.41369,-25.291],[-50.41369,-25.29014],[-50.41447,-25.28895],[-50.41569,-25.28848],[-50.4168,-25.28866],[-50.41826,-25.28806],[-50.41701,-25.28475],[-50.43272,-25.27543],[-50.4331,-25.2737],[-50.43767,-25.2685],[-50.44104,-25.26789],[-50.44137,-25.26931],[-50.4435,-25.26765],[-50.4445,-25.27225],[-50.44468,-25.27489],[-50.4459,-25.27829],[-50.44711,-25.27912],[-50.44957,-25.2775],[-50.45283,-25.27676],[-50.45423,-25.27787],[-50.45546,-25.27929],[-50.45569,-25.28151],[-50.45246,-25.2856],[-50.45478,-25.28555],[-50.45391,-25.28699],[-50.45428,-25.28982],[-50.45779,-25.29092],[-50.4605,-25.29124],[-50.46104,-25.28961],[-50.46176,-25.28958],[-50.46161,-25.28854],[-50.45979,-25.28786],[-50.45926,-25.28602],[-50.45917,-25.28413],[-50.46158,-25.28184],[-50.46237,-25.28182],[-50.46461,-25.28056],[-50.46465,-25.27993],[-50.46408,-25.2795],[-50.46373,-25.2785],[-50.46324,-25.2781],[-50.46346,-25.27715],[-50.46434,-25.2768],[-50.46456,-25.27626],[-50.46582,-25.27614],[-50.46759,-25.27547],[-50.46835,-25.27652],[-50.46978,-25.27732],[-50.4707,-25.27877],[-50.47224,-25.27918],[-50.47346,-25.27579],[-50.47529,-25.27601],[-50.4785,-25.27776],[-50.48003,-25.27506],[-50.48056,-25.27322],[-50.47661,-25.27228],[-50.47717,-25.27001],[-50.47371,-25.26895],[-50.47246,-25.2659],[-50.47735,-25.26691],[-50.47838,-25.26913],[-50.48003,-25.26945],[-50.48097,-25.26752],[-50.50508,-25.27282],[-50.5065,-25.27445],[-50.51311,-25.27641],[-50.51451,-25.27477],[-50.51867,-25.27564],[-50.51998,-25.2741],[-50.51948,-25.27113],[-50.5194,-25.2703],[-50.51956,-25.26973],[-50.52174,-25.26748],[-50.52241,-25.2663],[-50.52265,-25.26551],[-50.52266,-25.26498],[-50.52125,-25.26456],[-50.52227,-25.26286],[-50.52227,-25.26193],[-50.52264,-25.2607],[-50.52292,-25.25741],[-50.52123,-25.25541],[-50.52228,-25.25463],[-50.52567,-25.25458],[-50.52793,-25.25228],[-50.52807,-25.25155],[-50.5289,-25.25094],[-50.53048,-25.25088],[-50.53099,-25.2502],[-50.53115,-25.24873],[-50.5336,-25.24666],[-50.53443,-25.24709],[-50.53499,-25.24613],[-50.53476,-25.2438],[-50.53626,-25.24233],[-50.53823,-25.24223],[-50.53993,-25.24066],[-50.54005,-25.23963],[-50.53888,-25.23936],[-50.53778,-25.23879],[-50.53585,-25.2373],[-50.53441,-25.23655],[-50.53274,-25.23526],[-50.53015,-25.23652],[-50.52895,-25.23823],[-50.52771,-25.23818],[-50.5267,-25.23542],[-50.52701,-25.23435],[-50.52642,-25.23293],[-50.52306,-25.2312],[-50.52306,-25.23036],[-50.52132,-25.22881],[-50.51926,-25.22965],[-50.51655,-25.22758],[-50.51619,-25.22588],[-50.51527,-25.22538],[-50.51445,-25.22537],[-50.51368,-25.22561],[-50.51264,-25.2308],[-50.51139,-25.23252],[-50.50644,-25.23442],[-50.50384,-25.2328],[-50.50311,-25.2317],[-50.50204,-25.23057],[-50.50005,-25.22701],[-50.49895,-25.22545],[-50.49899,-25.22079],[-50.50107,-25.21914],[-50.50276,-25.21589],[-50.50184,-25.215],[-50.50091,-25.21303],[-50.48632,-25.2148],[-50.48631,-25.21812],[-50.48537,-25.22993],[-50.48248,-25.2299]]],[[[-50.49228,-25.16066],[-50.49072,-25.16191],[-50.4889,-25.16264],[-50.48548,-25.16325],[-50.48383,-25.16328],[-50.48188,-25.16408],[-50.48146,-25.16408],[-50.48064,-25.16461],[-50.47603,-25.16888],[-50.4761,-25.16924],[-50.47842,-25.17009],[-50.47933,-25.17152],[-50.4818,-25.17308],[-50.48242,-25.17311],[-50.48356,-25.17235],[-50.48701,-25.17604],[-50.48837,-25.17625],[-50.49084,-25.17504],[-50.49286,-25.17622],[-50.49865,-25.17674],[-50.49901,-25.17794],[-50.49596,-25.18013],[-50.49462,-25.17969],[-50.49417,-25.17915],[-50.4922,-25.17875],[-50.49153,-25.17997],[-50.49384,-25.18152],[-50.4931,-25.18329],[-50.49429,-25.18393],[-50.49809,-25.18449],[-50.49876,-25.19159],[-50.49967,-25.19231],[-50.50014,-25.19347],[-50.50105,-25.1943],[-50.5016,-25.19541],[-50.50177,-25.19643],[-50.50156,-25.19801],[-50.49992,-25.19878],[-50.49893,-25.19961],[-50.49774,-25.20116],[-50.49572,-25.2032],[-50.49941,-25.21019],[-50.49927,-25.21162],[-50.50098,-25.21252],[-50.50314,-25.21188],[-50.50645,-25.21294],[-50.50609,-25.2143],[-50.50693,-25.21469],[-50.50899,-25.21393],[-50.51059,-25.21508],[-50.51055,-25.2166],[-50.51142,-25.21721],[-50.51148,-25.2193],[-50.50921,-25.22012],[-50.51039,-25.22133],[-50.51048,-25.22368],[-50.51244,-25.22368],[-50.51365,-25.22537],[-50.51512,-25.22515],[-50.51448,-25.22304],[-50.51712,-25.22126],[-50.5158,-25.22068],[-50.51546,-25.21881],[-50.51936,-25.2192],[-50.52247,-25.21775],[-50.52167,-25.21632],[-50.51906,-25.2159],[-50.51809,-25.21409],[-50.51959,-25.21352],[-50.51963,-25.21257],[-50.52334,-25.21014],[-50.52379,-25.20897],[-50.52714,-25.20923],[-50.52661,-25.21209],[-50.528,-25.21377],[-50.53072,-25.21315],[-50.53186,-25.21442],[-50.53212,-25.22061],[-50.53132,-25.22083],[-50.53065,-25.22178],[-50.53082,-25.22349],[-50.529,-25.22558],[-50.52951,-25.22726],[-50.52912,-25.22935],[-50.52933,-25.23056],[-50.52999,-25.23056],[-50.53099,-25.23225],[-50.53285,-25.2312],[-50.53385,-25.23225],[-50.53317,-25.23536],[-50.53799,-25.23866],[-50.53909,-25.23919],[-50.54059,-25.23953],[-50.54485,-25.23879],[-50.54566,-25.23762],[-50.54224,-25.2366],[-50.54088,-25.23678],[-50.54039,-25.23786],[-50.53969,-25.23817],[-50.53957,-25.23698],[-50.54194,-25.23396],[-50.54876,-25.23086],[-50.55082,-25.23107],[-50.55237,-25.22993],[-50.55531,-25.23162],[-50.5568,-25.23463],[-50.55772,-25.2353],[-50.55724,-25.23592],[-50.55695,-25.23666],[-50.5569,-25.23729],[-50.55837,-25.2381],[-50.55894,-25.23778],[-50.55953,-25.23774],[-50.56179,-25.23839],[-50.5621,-25.23856],[-50.5627,-25.2401],[-50.56329,-25.24016],[-50.56497,-25.23981],[-50.56725,-25.24],[-50.56843,-25.23988],[-50.56902,-25.23962],[-50.56957,-25.2387],[-50.56976,-25.23675],[-50.56921,-25.2358],[-50.5699,-25.23197],[-50.57173,-25.23111],[-50.57459,-25.23216],[-50.5791,-25.22993],[-50.57686,-25.22964],[-50.57438,-25.22848],[-50.57023,-25.2284],[-50.56926,-25.22851],[-50.56819,-25.22794],[-50.56738,-25.22854],[-50.56696,-25.22989],[-50.56551,-25.23122],[-50.56365,-25.23038],[-50.56478,-25.2291],[-50.56464,-25.2281],[-50.56604,-25.22711],[-50.56476,-25.22641],[-50.5647,-25.22108],[-50.55866,-25.21991],[-50.55779,-25.22029],[-50.55756,-25.21915],[-50.55638,-25.21878],[-50.55593,-25.21876],[-50.55496,-25.21907],[-50.55435,-25.21988],[-50.55388,-25.22004],[-50.55388,-25.21947],[-50.55449,-25.21866],[-50.55446,-25.21847],[-50.55331,-25.21882],[-50.55275,-25.21868],[-50.55315,-25.21763],[-50.55313,-25.21732],[-50.55297,-25.21712],[-50.55242,-25.21698],[-50.55187,-25.21698],[-50.55168,-25.21714],[-50.55192,-25.21798],[-50.55176,-25.21812],[-50.55142,-25.2181],[-50.5499,-25.21721],[-50.54911,-25.21735],[-50.54874,-25.21807],[-50.54889,-25.21936],[-50.54931,-25.22063],[-50.54917,-25.22165],[-50.54638,-25.22367],[-50.54488,-25.22573],[-50.54336,-25.2255],[-50.54294,-25.22446],[-50.54366,-25.22224],[-50.54321,-25.22041],[-50.54445,-25.21761],[-50.54407,-25.21667],[-50.54478,-25.21536],[-50.54341,-25.21308],[-50.53834,-25.2125],[-50.53738,-25.20851],[-50.53618,-25.20785],[-50.53547,-25.2047],[-50.53781,-25.20309],[-50.53746,-25.201],[-50.53567,-25.20082],[-50.53551,-25.19912],[-50.52913,-25.19715],[-50.52843,-25.1985],[-50.52643,-25.19772],[-50.52336,-25.19919],[-50.51849,-25.19708],[-50.5199,-25.19683],[-50.52362,-25.19707],[-50.52468,-25.19691],[-50.52595,-25.19624],[-50.52677,-25.1954],[-50.52824,-25.19255],[-50.53011,-25.19108],[-50.53037,-25.19012],[-50.53022,-25.18758],[-50.53119,-25.18514],[-50.53029,-25.18434],[-50.53016,-25.18315],[-50.5299,-25.18296],[-50.52965,-25.18195],[-50.52934,-25.18143],[-50.52836,-25.18105],[-50.52811,-25.18065],[-50.52586,-25.17495],[-50.52537,-25.17417],[-50.5251,-25.17314],[-50.52476,-25.16916],[-50.52364,-25.1686],[-50.52132,-25.16681],[-50.52063,-25.16571],[-50.52059,-25.16348],[-50.52033,-25.16231],[-50.5236,-25.16083],[-50.52329,-25.15982],[-50.52143,-25.16022],[-50.51993,-25.15981],[-50.51904,-25.15694],[-50.51661,-25.1582],[-50.51612,-25.1589],[-50.51494,-25.15831],[-50.51446,-25.15715],[-50.51359,-25.15732],[-50.5125,-25.15729],[-50.5114,-25.15705],[-50.50857,-25.15586],[-50.50599,-25.15668],[-50.50477,-25.15833],[-50.50383,-25.15755],[-50.50376,-25.15534],[-50.5027,-25.15562],[-50.50181,-25.15542],[-50.50197,-25.15245],[-50.49956,-25.15124],[-50.49969,-25.15389],[-50.49584,-25.15654],[-50.49228,-25.16066]]],[[[-50.48585,-25.15349],[-50.48523,-25.15343],[-50.48386,-25.15434],[-50.48422,-25.1563],[-50.47914,-25.16077],[-50.47831,-25.15958],[-50.47662,-25.16087],[-50.47486,-25.15688],[-50.47293,-25.15755],[-50.4713,-25.15885],[-50.46923,-25.15959],[-50.46672,-25.15981],[-50.4665,-25.15958],[-50.46494,-25.16075],[-50.46422,-25.16236],[-50.4622,-25.16352],[-50.46132,-25.16435],[-50.46055,-25.1657],[-50.45877,-25.16752],[-50.45758,-25.16809],[-50.45671,-25.16819],[-50.4566,-25.16973],[-50.45502,-25.16917],[-50.45101,-25.17214],[-50.45075,-25.17258],[-50.45104,-25.17341],[-50.45226,-25.17344],[-50.45319,-25.17516],[-50.4545,-25.17589],[-50.45437,-25.17702],[-50.4583,-25.17571],[-50.45911,-25.17865],[-50.4584,-25.18019],[-50.46101,-25.18135],[-50.46461,-25.17908],[-50.46527,-25.17722],[-50.47244,-25.17261],[-50.48137,-25.17306],[-50.4792,-25.17161],[-50.4783,-25.1702],[-50.47597,-25.16935],[-50.47587,-25.16887],[-50.48054,-25.16449],[-50.48142,-25.16394],[-50.48186,-25.16394],[-50.48381,-25.16314],[-50.48545,-25.16311],[-50.48885,-25.1625],[-50.49065,-25.16178],[-50.49217,-25.16056],[-50.49573,-25.15643],[-50.49724,-25.15546],[-50.49563,-25.15468],[-50.49314,-25.15539],[-50.49413,-25.15284],[-50.4956,-25.15101],[-50.48991,-25.15002],[-50.48679,-25.15458],[-50.48616,-25.1544],[-50.48585,-25.15349]]],[[[-50.45018,-25.16089],[-50.45426,-25.16598],[-50.45681,-25.16686],[-50.45672,-25.16804],[-50.45754,-25.16796],[-50.45867,-25.1674],[-50.46042,-25.16562],[-50.46118,-25.16428],[-50.46209,-25.16342],[-50.4641,-25.16226],[-50.4648,-25.16069],[-50.46639,-25.15948],[-50.46553,-25.15861],[-50.46302,-25.15854],[-50.46014,-25.15813],[-50.45901,-25.15921],[-50.45351,-25.15923],[-50.45267,-25.15955],[-50.45194,-25.16109],[-50.45054,-25.16062],[-50.45018,-25.16089]]]]}},{"type":"Feature","properties":{"cnuc":"0000.00.0125","nome":"FLORESTA NACIONAL DE IRATI","categoria":"Floresta","grupo":"Uso Sustentável","esfera":"Federal","area_ha":3802.47,"criacao":"25-10-1968","gestor":"INSTITUTO CHICO MENDES DE CONSERVAÇÃO DA BIODIVERSIDADE","uf":"PARANÁ","plano_manejo":"Sim"},"geometry":{"type":"Polygon","coordinates":[[[-50.5646,-25.30776],[-50.56379,-25.30778],[-50.56374,-25.30807],[-50.56413,-25.3086],[-50.56397,-25.30917],[-50.56373,-25.30933],[-50.56297,-25.30928],[-50.56242,-25.30962],[-50.56168,-25.30971],[-50.56131,-25.31033],[-50.56137,-25.31074],[-50.56218,-25.31164],[-50.56233,-25.31212],[-50.56223,-25.31246],[-50.56175,-25.31272],[-50.5618,-25.31308],[-50.56209,-25.31339],[-50.56309,-25.31375],[-50.56277,-25.31406],[-50.56225,-25.31403],[-50.56219,-25.31425],[-50.56245,-25.31465],[-50.56211,-25.31508],[-50.56164,-25.31465],[-50.56064,-25.31472],[-50.56003,-25.31603],[-50.56008,-25.31629],[-50.56082,-25.3166],[-50.56083,-25.3169],[-50.55991,-25.31788],[-50.55975,-25.31907],[-50.56014,-25.3195],[-50.55971,-25.32088],[-50.55979,-25.3212],[-50.56005,-25.32141],[-50.56121,-25.32199],[-50.56126,-25.32254],[-50.56073,-25.32294],[-50.56005,-25.32203],[-50.55953,-25.32162],[-50.55926,-25.32179],[-50.5586,-25.32305],[-50.55826,-25.32238],[-50.55748,-25.32224],[-50.55718,-25.32331],[-50.55721,-25.32405],[-50.55671,-25.32388],[-50.55611,-25.32266],[-50.55577,-25.32261],[-50.55553,-25.32393],[-50.55474,-25.32478],[-50.55471,-25.32517],[-50.55521,-25.32603],[-50.55481,-25.32679],[-50.55436,-25.32698],[-50.55428,-25.32731],[-50.55393,-25.3277],[-50.55403,-25.32811],[-50.5545,-25.32834],[-50.55366,-25.32916],[-50.55345,-25.32918],[-50.55334,-25.32909],[-50.55363,-25.32863],[-50.55337,-25.32837],[-50.55279,-25.32868],[-50.5524,-25.32868],[-50.55164,-25.32837],[-50.55135,-25.32853],[-50.55132,-25.32913],[-50.552,-25.32992],[-50.55187,-25.33044],[-50.55142,-25.33068],[-50.55019,-25.33013],[-50.55016,-25.33091],[-50.54995,-25.33127],[-50.54929,-25.33101],[-50.5484,-25.33141],[-50.54782,-25.33224],[-50.54711,-25.33281],[-50.54692,-25.33334],[-50.54744,-25.33413],[-50.54689,-25.33549],[-50.54699,-25.33654],[-50.546,-25.33798],[-50.54581,-25.33869],[-50.54531,-25.33903],[-50.54507,-25.33953],[-50.54504,-25.3406],[-50.54483,-25.3411],[-50.54401,-25.34162],[-50.54236,-25.34207],[-50.54159,-25.34266],[-50.54096,-25.34266],[-50.54046,-25.34331],[-50.53977,-25.34543],[-50.53914,-25.3464],[-50.53883,-25.34787],[-50.53851,-25.34832],[-50.53751,-25.34877],[-50.53625,-25.35001],[-50.53509,-25.35084],[-50.53482,-25.35177],[-50.53377,-25.35244],[-50.53272,-25.35248],[-50.53201,-25.35284],[-50.53074,-25.35391],[-50.53066,-25.35481],[-50.53021,-25.35565],[-50.53026,-25.35636],[-50.529,-25.35753],[-50.52896,-25.35809],[-50.52914,-25.35859],[-50.52814,-25.35923],[-50.52708,-25.36109],[-50.52665,-25.363],[-50.52653,-25.36619],[-50.52611,-25.36717],[-50.51889,-25.37929],[-50.51725,-25.38249],[-50.51688,-25.38287],[-50.51545,-25.38556],[-50.51489,-25.38723],[-50.51331,-25.38994],[-50.5138,-25.39014],[-50.51388,-25.39097],[-50.51451,-25.391],[-50.51491,-25.39083],[-50.51682,-25.39127],[-50.51743,-25.39067],[-50.51738,-25.39005],[-50.51814,-25.38996],[-50.52127,-25.38868],[-50.52241,-25.38867],[-50.52299,-25.38829],[-50.52331,-25.38829],[-50.52541,-25.38871],[-50.52745,-25.38962],[-50.52835,-25.39008],[-50.52994,-25.39142],[-50.53044,-25.39166],[-50.53157,-25.39169],[-50.53223,-25.39123],[-50.53307,-25.39119],[-50.53412,-25.39155],[-50.53517,-25.39222],[-50.53606,-25.39258],[-50.53664,-25.39266],[-50.53703,-25.39256],[-50.5373,-25.3923],[-50.53257,-25.38678],[-50.53162,-25.38363],[-50.53508,-25.38084],[-50.5359,-25.37917],[-50.53625,-25.37769],[-50.5362,-25.37624],[-50.53739,-25.37424],[-50.538,-25.37366],[-50.53903,-25.37224],[-50.54073,-25.37061],[-50.54104,-25.37054],[-50.54194,-25.3697],[-50.54231,-25.36908],[-50.54228,-25.36882],[-50.54207,-25.36868],[-50.54213,-25.36818],[-50.54171,-25.36767],[-50.54195,-25.36715],[-50.5419,-25.36643],[-50.5429,-25.36598],[-50.5428,-25.36505],[-50.54219,-25.36491],[-50.54124,-25.36564],[-50.54067,-25.36571],[-50.54062,-25.36536],[-50.54138,-25.36462],[-50.54159,-25.36417],[-50.54125,-25.36374],[-50.5401,-25.36364],[-50.53986,-25.36349],[-50.53981,-25.36321],[-50.54049,-25.36266],[-50.54052,-25.3618],[-50.54087,-25.3612],[-50.54222,-25.36029],[-50.54325,-25.36025],[-50.54443,-25.36065],[-50.54495,-25.36068],[-50.54561,-25.36047],[-50.54619,-25.36002],[-50.54661,-25.36049],[-50.54692,-25.36059],[-50.54784,-25.36012],[-50.54816,-25.36038],[-50.54845,-25.36029],[-50.54869,-25.35998],[-50.54871,-25.35957],[-50.54929,-25.35962],[-50.54961,-25.35948],[-50.54974,-25.35891],[-50.54992,-25.35895],[-50.55003,-25.35929],[-50.55,-25.35979],[-50.55024,-25.36],[-50.5506,-25.36001],[-50.55082,-25.35908],[-50.55103,-25.35898],[-50.55194,-25.35953],[-50.55221,-25.35946],[-50.55229,-25.35915],[-50.55182,-25.35848],[-50.55465,-25.35935],[-50.55554,-25.35978],[-50.55582,-25.36011],[-50.56143,-25.36165],[-50.56728,-25.36353],[-50.57159,-25.3673],[-50.57193,-25.36864],[-50.57245,-25.36959],[-50.57328,-25.37048],[-50.5742,-25.3711],[-50.57473,-25.37175],[-50.57493,-25.37253],[-50.57482,-25.37349],[-50.57359,-25.37743],[-50.57266,-25.38115],[-50.57199,-25.38454],[-50.57183,-25.38701],[-50.57204,-25.38775],[-50.57345,-25.39079],[-50.5735,-25.39172],[-50.57331,-25.39286],[-50.57273,-25.3942],[-50.57255,-25.39702],[-50.57226,-25.39793],[-50.57128,-25.39986],[-50.57141,-25.40019],[-50.58471,-25.40615],[-50.59611,-25.41669],[-50.59698,-25.41775],[-50.59795,-25.41854],[-50.59829,-25.41856],[-50.59842,-25.41832],[-50.59822,-25.41682],[-50.59946,-25.41456],[-50.59958,-25.41216],[-50.59982,-25.41175],[-50.60151,-25.41087],[-50.60148,-25.41064],[-50.60035,-25.4102],[-50.59967,-25.40968],[-50.5992,-25.4096],[-50.59865,-25.40903],[-50.5987,-25.40874],[-50.59787,-25.407],[-50.59758,-25.40528],[-50.59826,-25.40631],[-50.5984,-25.40621],[-50.59877,-25.40526],[-50.59881,-25.40444],[-50.59831,-25.40291],[-50.59845,-25.40236],[-50.59837,-25.40176],[-50.59908,-25.40036],[-50.60019,-25.39898],[-50.60027,-25.39845],[-50.59983,-25.39769],[-50.60028,-25.39692],[-50.59983,-25.39618],[-50.60062,-25.39355],[-50.6003,-25.39316],[-50.59986,-25.393],[-50.59975,-25.39269],[-50.59991,-25.39214],[-50.60065,-25.39147],[-50.6011,-25.39145],[-50.6016,-25.39119],[-50.60184,-25.39085],[-50.60186,-25.3904],[-50.60081,-25.38968],[-50.6005,-25.3892],[-50.60042,-25.38861],[-50.60074,-25.38801],[-50.60119,-25.38761],[-50.60117,-25.38644],[-50.602,-25.3834],[-50.60172,-25.38156],[-50.60151,-25.3812],[-50.60044,-25.38058],[-50.59997,-25.37926],[-50.59897,-25.37862],[-50.59853,-25.37852],[-50.59834,-25.37811],[-50.59706,-25.37701],[-50.59643,-25.37684],[-50.59662,-25.37587],[-50.59688,-25.37544],[-50.59849,-25.37506],[-50.59945,-25.37369],[-50.60006,-25.37088],[-50.59982,-25.36534],[-50.59995,-25.36477],[-50.5992,-25.363],[-50.59809,-25.36233],[-50.59746,-25.36464],[-50.59832,-25.36698],[-50.59824,-25.36708],[-50.59782,-25.36707],[-50.59748,-25.36684],[-50.59703,-25.36612],[-50.59677,-25.36605],[-50.59648,-25.36626],[-50.59627,-25.36702],[-50.59598,-25.36697],[-50.59564,-25.36623],[-50.59532,-25.36587],[-50.59498,-25.3658],[-50.5949,-25.36602],[-50.59511,-25.36676],[-50.59488,-25.36676],[-50.59412,-25.36618],[-50.59294,-25.36563],[-50.59231,-25.36486],[-50.59168,-25.36455],[-50.59165,-25.36436],[-50.59194,-25.36434],[-50.59228,-25.36455],[-50.59287,-25.3643],[-50.59306,-25.36388],[-50.59312,-25.36221],[-50.59249,-25.36158],[-50.59246,-25.36125],[-50.59265,-25.36092],[-50.59271,-25.35829],[-50.59255,-25.35805],[-50.59156,-25.35769],[-50.59145,-25.35724],[-50.59155,-25.35446],[-50.59117,-25.35307],[-50.58907,-25.35166],[-50.58886,-25.35137],[-50.58881,-25.35063],[-50.58907,-25.35013],[-50.58947,-25.34963],[-50.59065,-25.34885],[-50.59073,-25.34856],[-50.59034,-25.34782],[-50.58985,-25.34734],[-50.58964,-25.34682],[-50.58972,-25.34603],[-50.58957,-25.34464],[-50.58912,-25.3444],[-50.5884,-25.34439],[-50.58726,-25.34539],[-50.58603,-25.34577],[-50.58524,-25.34553],[-50.58326,-25.34216],[-50.58305,-25.34156],[-50.5814,-25.33912],[-50.58094,-25.33802],[-50.57976,-25.3368],[-50.579,-25.33642],[-50.57803,-25.33668],[-50.57694,-25.33853],[-50.5765,-25.33868],[-50.576,-25.33882],[-50.57555,-25.33846],[-50.57495,-25.3376],[-50.57472,-25.33686],[-50.57476,-25.33534],[-50.57437,-25.33386],[-50.57422,-25.33198],[-50.5743,-25.33114],[-50.57533,-25.32919],[-50.5756,-25.32835],[-50.57568,-25.32699],[-50.57489,-25.3255],[-50.57368,-25.32466],[-50.57171,-25.32399],[-50.57093,-25.32413],[-50.57027,-25.32405],[-50.56938,-25.32365],[-50.56883,-25.32312],[-50.56857,-25.32235],[-50.56865,-25.32092],[-50.56921,-25.31987],[-50.56963,-25.31861],[-50.56993,-25.31627],[-50.56983,-25.31553],[-50.5692,-25.31465],[-50.56681,-25.31385],[-50.56503,-25.31287],[-50.56467,-25.31249],[-50.56451,-25.31213],[-50.56457,-25.3116],[-50.56604,-25.30937],[-50.56636,-25.30858],[-50.56639,-25.30784],[-50.56618,-25.30719],[-50.56574,-25.30679],[-50.5643,-25.30607],[-50.564,-25.30676],[-50.5646,-25.30776]]]}},{"type":"Feature","properties":{"cnuc":"0000.00.1181","nome":"RESERVA PARTICULAR DO PATRIMÔNIO NATURAL IGUAÇU I","categoria":"Reserva Particular do Patrimônio Natural","grupo":"Uso Sustentável","esfera":"Federal","area_ha":5171.02,"criacao":"16-11-2001","gestor":"INSTITUTO CHICO MENDES DE CONSERVAÇÃO DA BIODIVERSIDADE","uf":"PARANÁ","plano_manejo":"Não"},"geometry":{"type":"MultiPolygon","coordinates":[[[[-52.61848,-25.40365],[-52.61896,-25.40361],[-52.61918,-25.4033],[-52.62151,-25.4032],[-52.6216,-25.40355],[-52.62228,-25.40347],[-52.62244,-25.40405],[-52.62223,-25.40438],[-52.62191,-25.40449],[-52.62108,-25.40439],[-52.61837,-25.40482],[-52.61796,-25.40465],[-52.61561,-25.40502],[-52.61361,-25.4055],[-52.61236,-25.4061],[-52.61087,-25.40655],[-52.6093,-25.40759],[-52.6083,-25.40968],[-52.60704,-25.4098],[-52.60587,-25.41088],[-52.60554,-25.41139],[-52.60554,-25.41201],[-52.60772,-25.4131],[-52.60796,-25.41354],[-52.60729,-25.41445],[-52.6065,-25.41609],[-52.60789,-25.41721],[-52.60833,-25.41799],[-52.60831,-25.41836],[-52.60747,-25.41998],[-52.6062,-25.42181],[-52.60602,-25.42395],[-52.60617,-25.4245],[-52.6072,-25.42574],[-52.60778,-25.42608],[-52.6087,-25.42619],[-52.6092,-25.42645],[-52.61149,-25.42659],[-52.61283,-25.42648],[-52.61318,-25.42669],[-52.61345,-25.42727],[-52.61227,-25.42785],[-52.61223,-25.42811],[-52.61157,-25.42855],[-52.61238,-25.42922],[-52.613,-25.42999],[-52.61368,-25.43044],[-52.61523,-25.43096],[-52.61613,-25.43154],[-52.61817,-25.432],[-52.61848,-25.43219],[-52.6191,-25.43314],[-52.62153,-25.43461],[-52.62256,-25.43594],[-52.62306,-25.43624],[-52.62358,-25.43511],[-52.623,-25.43461],[-52.6228,-25.43413],[-52.6229,-25.43419],[-52.62356,-25.43308],[-52.62363,-25.43199],[-52.6239,-25.43131],[-52.62434,-25.43091],[-52.62508,-25.43069],[-52.62634,-25.43077],[-52.62739,-25.43028],[-52.62763,-25.43037],[-52.62818,-25.43],[-52.62965,-25.43007],[-52.62984,-25.42981],[-52.63142,-25.42918],[-52.63277,-25.42897],[-52.63463,-25.42976],[-52.63601,-25.43124],[-52.63712,-25.43209],[-52.63869,-25.43141],[-52.63998,-25.43027],[-52.64097,-25.43002],[-52.64172,-25.42959],[-52.64231,-25.42892],[-52.64254,-25.4284],[-52.64229,-25.42813],[-52.64092,-25.42761],[-52.64013,-25.42794],[-52.6396,-25.42766],[-52.6392,-25.42695],[-52.63932,-25.4264],[-52.63901,-25.42616],[-52.63769,-25.42581],[-52.63674,-25.42532],[-52.63563,-25.42533],[-52.63528,-25.42502],[-52.63481,-25.42505],[-52.63401,-25.42439],[-52.63385,-25.42391],[-52.63351,-25.42374],[-52.63315,-25.42377],[-52.63267,-25.42409],[-52.63113,-25.42398],[-52.63106,-25.42377],[-52.63126,-25.42302],[-52.63182,-25.42154],[-52.63174,-25.42135],[-52.63102,-25.42143],[-52.63096,-25.42132],[-52.63142,-25.42124],[-52.63178,-25.42065],[-52.63222,-25.42065],[-52.63241,-25.42021],[-52.6322,-25.41989],[-52.63089,-25.41935],[-52.63063,-25.41939],[-52.63026,-25.42024],[-52.62912,-25.42064],[-52.62804,-25.42061],[-52.62581,-25.42088],[-52.62441,-25.42072],[-52.62365,-25.42082],[-52.62301,-25.42104],[-52.6227,-25.42185],[-52.62234,-25.42206],[-52.62183,-25.42183],[-52.62168,-25.42098],[-52.62175,-25.42006],[-52.62157,-25.41987],[-52.62036,-25.42037],[-52.61813,-25.42095],[-52.61653,-25.42191],[-52.61639,-25.42183],[-52.61635,-25.42072],[-52.61776,-25.41935],[-52.61864,-25.41906],[-52.61912,-25.41872],[-52.61954,-25.41883],[-52.62027,-25.41843],[-52.62042,-25.41858],[-52.6222,-25.41873],[-52.62286,-25.41813],[-52.62433,-25.41765],[-52.62627,-25.41765],[-52.62767,-25.41747],[-52.62837,-25.41765],[-52.62922,-25.4176],[-52.63014,-25.41848],[-52.63194,-25.41914],[-52.63313,-25.41989],[-52.63401,-25.41967],[-52.63414,-25.41941],[-52.6356,-25.41949],[-52.63661,-25.41804],[-52.63802,-25.41729],[-52.63885,-25.41663],[-52.63918,-25.41468],[-52.63964,-25.41369],[-52.64,-25.41338],[-52.6403,-25.41338],[-52.64039,-25.4136],[-52.64004,-25.41439],[-52.63982,-25.41553],[-52.63991,-25.4165],[-52.64035,-25.41663],[-52.64122,-25.41608],[-52.64246,-25.41615],[-52.64283,-25.41596],[-52.64321,-25.41541],[-52.64418,-25.4154],[-52.64492,-25.41575],[-52.64686,-25.41543],[-52.64844,-25.41428],[-52.64869,-25.41393],[-52.64872,-25.41312],[-52.6481,-25.41286],[-52.64742,-25.4128],[-52.64643,-25.41298],[-52.64611,-25.41247],[-52.64464,-25.41253],[-52.64451,-25.41222],[-52.64403,-25.41201],[-52.64389,-25.41087],[-52.64316,-25.40897],[-52.64321,-25.40867],[-52.64364,-25.40866],[-52.64368,-25.40845],[-52.64407,-25.40846],[-52.64458,-25.40884],[-52.64602,-25.40858],[-52.64613,-25.40823],[-52.64607,-25.40589],[-52.64687,-25.40384],[-52.64745,-25.40284],[-52.64721,-25.40194],[-52.64686,-25.40178],[-52.64574,-25.40205],[-52.64517,-25.40189],[-52.64466,-25.40132],[-52.64413,-25.40119],[-52.64281,-25.40151],[-52.6422,-25.40207],[-52.64189,-25.40123],[-52.64167,-25.40123],[-52.6411,-25.40159],[-52.64105,-25.40203],[-52.64074,-25.40247],[-52.64017,-25.40216],[-52.63872,-25.40321],[-52.63749,-25.40348],[-52.6374,-25.40418],[-52.63639,-25.40438],[-52.63626,-25.40497],[-52.63577,-25.40537],[-52.63573,-25.4059],[-52.63517,-25.40607],[-52.63473,-25.40602],[-52.63458,-25.40578],[-52.63388,-25.40559],[-52.63313,-25.4059],[-52.63278,-25.40515],[-52.6317,-25.40483],[-52.63067,-25.4036],[-52.62993,-25.40337],[-52.62838,-25.40348],[-52.62794,-25.40261],[-52.6286,-25.40145],[-52.62869,-25.40053],[-52.63051,-25.40027],[-52.6311,-25.40061],[-52.63203,-25.40028],[-52.63283,-25.39984],[-52.63287,-25.39956],[-52.63351,-25.39904],[-52.63346,-25.39876],[-52.63328,-25.39868],[-52.63256,-25.39919],[-52.63247,-25.39953],[-52.63164,-25.39936],[-52.63127,-25.3996],[-52.63036,-25.39943],[-52.62993,-25.39974],[-52.62706,-25.40022],[-52.62675,-25.39994],[-52.6268,-25.39943],[-52.62582,-25.39805],[-52.62576,-25.39705],[-52.62552,-25.39672],[-52.62473,-25.39692],[-52.62455,-25.39663],[-52.62491,-25.39422],[-52.62664,-25.39241],[-52.6277,-25.39198],[-52.62871,-25.39102],[-52.62909,-25.3909],[-52.63005,-25.39094],[-52.6305,-25.39118],[-52.63074,-25.39163],[-52.63123,-25.3918],[-52.63163,-25.39091],[-52.63193,-25.39073],[-52.63262,-25.39048],[-52.63301,-25.39053],[-52.63313,-25.39079],[-52.63333,-25.39084],[-52.63372,-25.39048],[-52.63343,-25.39009],[-52.63323,-25.38891],[-52.63567,-25.38787],[-52.63658,-25.388],[-52.63661,-25.38787],[-52.63681,-25.38803],[-52.63649,-25.38718],[-52.63483,-25.3865],[-52.63423,-25.38596],[-52.63386,-25.38481],[-52.63419,-25.38214],[-52.63525,-25.38171],[-52.6359,-25.38097],[-52.63619,-25.38037],[-52.63709,-25.38007],[-52.63775,-25.37844],[-52.63863,-25.37761],[-52.63898,-25.37752],[-52.63903,-25.3769],[-52.63942,-25.37655],[-52.63942,-25.37624],[-52.63964,-25.37611],[-52.63982,-25.37558],[-52.63885,-25.3751],[-52.63867,-25.37475],[-52.63876,-25.37424],[-52.63942,-25.37324],[-52.63883,-25.37211],[-52.63859,-25.37193],[-52.63786,-25.3717],[-52.6364,-25.37154],[-52.63457,-25.37193],[-52.63418,-25.37218],[-52.63403,-25.37241],[-52.63429,-25.37314],[-52.63185,-25.37451],[-52.63115,-25.37541],[-52.62961,-25.3751],[-52.6297,-25.37475],[-52.63102,-25.37369],[-52.6312,-25.37294],[-52.63167,-25.37202],[-52.63157,-25.37148],[-52.63098,-25.37092],[-52.63026,-25.37078],[-52.62937,-25.37103],[-52.62895,-25.37089],[-52.62939,-25.37041],[-52.63012,-25.37023],[-52.63021,-25.36991],[-52.63081,-25.36954],[-52.63068,-25.36918],[-52.63165,-25.36881],[-52.63224,-25.36901],[-52.63314,-25.36888],[-52.63374,-25.36834],[-52.6349,-25.36774],[-52.63491,-25.36732],[-52.6348,-25.36712],[-52.63427,-25.36708],[-52.6332,-25.36753],[-52.63282,-25.36749],[-52.63182,-25.36777],[-52.6308,-25.36772],[-52.62988,-25.36735],[-52.62929,-25.36728],[-52.62883,-25.36663],[-52.6282,-25.36629],[-52.62776,-25.36479],[-52.62771,-25.3641],[-52.6285,-25.36384],[-52.62865,-25.36403],[-52.62965,-25.3631],[-52.62937,-25.36207],[-52.62967,-25.36189],[-52.63038,-25.36203],[-52.63064,-25.36231],[-52.63078,-25.3628],[-52.63137,-25.36326],[-52.63177,-25.36313],[-52.63172,-25.36265],[-52.63111,-25.3604],[-52.62815,-25.3602],[-52.62782,-25.36013],[-52.62743,-25.35979],[-52.62763,-25.35917],[-52.6286,-25.35872],[-52.62926,-25.35895],[-52.62964,-25.35886],[-52.62989,-25.35913],[-52.63072,-25.35942],[-52.63093,-25.35924],[-52.63038,-25.35753],[-52.62864,-25.35672],[-52.62914,-25.35622],[-52.62914,-25.35565],[-52.62952,-25.35513],[-52.62988,-25.35513],[-52.63021,-25.35591],[-52.63055,-25.35627],[-52.6314,-25.35703],[-52.63178,-25.35712],[-52.63264,-25.35696],[-52.63345,-25.35648],[-52.63366,-25.35605],[-52.63431,-25.35584],[-52.63438,-25.35555],[-52.63369,-25.35439],[-52.63373,-25.35417],[-52.63395,-25.35394],[-52.63521,-25.35434],[-52.63392,-25.35298],[-52.6334,-25.35196],[-52.63552,-25.35034],[-52.63664,-25.34987],[-52.64011,-25.35103],[-52.64137,-25.35127],[-52.64261,-25.35191],[-52.64256,-25.35225],[-52.64197,-25.35232],[-52.64144,-25.35275],[-52.64128,-25.35298],[-52.64123,-25.3537],[-52.64075,-25.35427],[-52.63887,-25.3552],[-52.63861,-25.35546],[-52.63835,-25.35617],[-52.63832,-25.35688],[-52.63947,-25.3575],[-52.64081,-25.35717],[-52.64239,-25.35784],[-52.64242,-25.35838],[-52.64171,-25.36004],[-52.6414,-25.36034],[-52.64026,-25.36071],[-52.63972,-25.36122],[-52.6396,-25.36185],[-52.63973,-25.36256],[-52.64026,-25.36256],[-52.64044,-25.36218],[-52.6413,-25.36202],[-52.6429,-25.36307],[-52.64377,-25.36309],[-52.64418,-25.36285],[-52.64588,-25.36259],[-52.64677,-25.36225],[-52.64726,-25.36194],[-52.6478,-25.36109],[-52.64841,-25.36065],[-52.64943,-25.36152],[-52.64997,-25.36164],[-52.65019,-25.36185],[-52.65045,-25.36189],[-52.65096,-25.36151],[-52.65146,-25.36176],[-52.65244,-25.36333],[-52.65353,-25.36424],[-52.65442,-25.36429],[-52.65509,-25.364],[-52.65602,-25.36419],[-52.65785,-25.36372],[-52.65894,-25.36381],[-52.65932,-25.36422],[-52.65983,-25.36526],[-52.65976,-25.36582],[-52.66122,-25.36777],[-52.66113,-25.36794],[-52.65987,-25.3679],[-52.65874,-25.36819],[-52.65833,-25.36764],[-52.65754,-25.36733],[-52.65612,-25.36717],[-52.65535,-25.36654],[-52.65396,-25.36638],[-52.65313,-25.3667],[-52.65228,-25.36787],[-52.65238,-25.36836],[-52.65269,-25.3688],[-52.65374,-25.36902],[-52.65371,-25.3697],[-52.65236,-25.37102],[-52.65338,-25.37334],[-52.65372,-25.37312],[-52.6539,-25.37325],[-52.65441,-25.37313],[-52.65501,-25.3733],[-52.65496,-25.37263],[-52.65478,-25.37222],[-52.6544,-25.37189],[-52.65458,-25.37121],[-52.65536,-25.3707],[-52.65652,-25.37083],[-52.65753,-25.3719],[-52.65788,-25.37204],[-52.65986,-25.37227],[-52.65992,-25.37248],[-52.65903,-25.375],[-52.65859,-25.37535],[-52.65792,-25.37522],[-52.65754,-25.37483],[-52.6567,-25.37497],[-52.65619,-25.3747],[-52.65552,-25.37459],[-52.65538,-25.37469],[-52.65584,-25.37602],[-52.6558,-25.3767],[-52.65653,-25.37691],[-52.65686,-25.3773],[-52.65679,-25.37778],[-52.65638,-25.37848],[-52.65571,-25.37895],[-52.65525,-25.37955],[-52.65513,-25.37989],[-52.65526,-25.38047],[-52.65606,-25.38038],[-52.6568,-25.37994],[-52.65879,-25.37983],[-52.65922,-25.37954],[-52.66018,-25.37992],[-52.66027,-25.38008],[-52.66013,-25.38033],[-52.65922,-25.38066],[-52.65919,-25.38162],[-52.65957,-25.38203],[-52.65984,-25.3821],[-52.66016,-25.38194],[-52.66069,-25.38213],[-52.66172,-25.382],[-52.6622,-25.38141],[-52.66339,-25.38153],[-52.66352,-25.38132],[-52.66423,-25.38133],[-52.66432,-25.38053],[-52.66519,-25.38024],[-52.66644,-25.38015],[-52.66692,-25.37907],[-52.66728,-25.37898],[-52.66845,-25.37901],[-52.66985,-25.37956],[-52.67113,-25.37948],[-52.67193,-25.38],[-52.67212,-25.38036],[-52.67207,-25.3807],[-52.67185,-25.38083],[-52.6716,-25.38075],[-52.67155,-25.38089],[-52.67094,-25.38092],[-52.66987,-25.38062],[-52.66917,-25.38082],[-52.66908,-25.38099],[-52.66931,-25.38137],[-52.67002,-25.3817],[-52.66999,-25.38187],[-52.66957,-25.38209],[-52.66814,-25.38223],[-52.66702,-25.38203],[-52.66621,-25.3816],[-52.66563,-25.38165],[-52.66536,-25.38216],[-52.66663,-25.38347],[-52.66637,-25.38381],[-52.66599,-25.38396],[-52.66457,-25.38376],[-52.66393,-25.38397],[-52.66345,-25.38469],[-52.66327,-25.38605],[-52.66555,-25.38579],[-52.66738,-25.38508],[-52.66982,-25.3853],[-52.67044,-25.38597],[-52.67085,-25.38603],[-52.67199,-25.38543],[-52.67236,-25.38508],[-52.67286,-25.38504],[-52.67322,-25.38521],[-52.67318,-25.3869],[-52.67254,-25.3881],[-52.67156,-25.38856],[-52.67028,-25.38858],[-52.66756,-25.38899],[-52.66682,-25.38889],[-52.66602,-25.38945],[-52.66528,-25.39038],[-52.66358,-25.391],[-52.66326,-25.39219],[-52.6627,-25.39272],[-52.66227,-25.39275],[-52.66138,-25.39322],[-52.65933,-25.39367],[-52.65901,-25.39339],[-52.65819,-25.39315],[-52.65741,-25.39332],[-52.65686,-25.39409],[-52.65714,-25.39448],[-52.65777,-25.3945],[-52.65798,-25.39432],[-52.65842,-25.39492],[-52.6592,-25.39507],[-52.66173,-25.39602],[-52.66206,-25.39593],[-52.66218,-25.39534],[-52.66277,-25.39504],[-52.66293,-25.3942],[-52.66482,-25.39368],[-52.66546,-25.39322],[-52.66741,-25.39325],[-52.66776,-25.39413],[-52.66774,-25.39456],[-52.66709,-25.39567],[-52.66697,-25.39643],[-52.66714,-25.39695],[-52.66702,-25.39723],[-52.66715,-25.39761],[-52.66706,-25.39797],[-52.66733,-25.39832],[-52.66771,-25.39849],[-52.66884,-25.39848],[-52.66918,-25.39864],[-52.66889,-25.39938],[-52.66899,-25.39978],[-52.66966,-25.39981],[-52.67021,-25.39935],[-52.67098,-25.39931],[-52.67146,-25.39908],[-52.67145,-25.3983],[-52.67089,-25.39833],[-52.67046,-25.3981],[-52.66908,-25.39613],[-52.66864,-25.39584],[-52.67,-25.39337],[-52.67221,-25.3931],[-52.67273,-25.39333],[-52.67325,-25.39421],[-52.67401,-25.39467],[-52.67369,-25.39542],[-52.67341,-25.3968],[-52.67367,-25.39716],[-52.67418,-25.39735],[-52.6746,-25.39738],[-52.67493,-25.39722],[-52.67504,-25.39682],[-52.67482,-25.39619],[-52.6759,-25.3949],[-52.6764,-25.39491],[-52.67792,-25.39382],[-52.67975,-25.39415],[-52.68019,-25.39526],[-52.67922,-25.39625],[-52.6776,-25.39893],[-52.67899,-25.40046],[-52.67923,-25.40124],[-52.67913,-25.40188],[-52.67938,-25.4022],[-52.68026,-25.40205],[-52.68034,-25.40146],[-52.67999,-25.4007],[-52.68003,-25.40035],[-52.68052,-25.3996],[-52.68096,-25.39938],[-52.68185,-25.3995],[-52.68243,-25.39923],[-52.68435,-25.40007],[-52.68486,-25.40011],[-52.68515,-25.39986],[-52.68551,-25.39981],[-52.68603,-25.39923],[-52.68601,-25.39875],[-52.68694,-25.39828],[-52.68803,-25.39824],[-52.6884,-25.39856],[-52.68883,-25.39859],[-52.69008,-25.39841],[-52.69042,-25.40078],[-52.69076,-25.40089],[-52.69135,-25.40077],[-52.69136,-25.40025],[-52.69242,-25.39934],[-52.69379,-25.39918],[-52.69427,-25.3989],[-52.69494,-25.39916],[-52.69627,-25.39916],[-52.69672,-25.39903],[-52.69693,-25.39846],[-52.69803,-25.39813],[-52.69849,-25.39779],[-52.69905,-25.39779],[-52.70006,-25.39863],[-52.70016,-25.39832],[-52.70066,-25.39813],[-52.70084,-25.39868],[-52.70025,-25.39923],[-52.70001,-25.4007],[-52.69987,-25.40221],[-52.69998,-25.40269],[-52.70157,-25.40305],[-52.70354,-25.40306],[-52.70391,-25.40297],[-52.70459,-25.40216],[-52.70644,-25.40193],[-52.7069,-25.40205],[-52.70738,-25.403],[-52.70779,-25.40329],[-52.70836,-25.40333],[-52.70884,-25.40309],[-52.71065,-25.4028],[-52.71198,-25.40292],[-52.71332,-25.4041],[-52.7149,-25.40471],[-52.71495,-25.4054],[-52.71473,-25.40565],[-52.7147,-25.40623],[-52.71412,-25.40633],[-52.71336,-25.40694],[-52.71232,-25.40691],[-52.71137,-25.40719],[-52.71066,-25.40691],[-52.71019,-25.40631],[-52.70966,-25.40624],[-52.70939,-25.4064],[-52.70942,-25.40676],[-52.71071,-25.4078],[-52.71101,-25.40795],[-52.71223,-25.40791],[-52.713,-25.40751],[-52.71348,-25.40762],[-52.71393,-25.40748],[-52.71521,-25.4069],[-52.71634,-25.407],[-52.71713,-25.40743],[-52.71714,-25.40793],[-52.71686,-25.40819],[-52.71966,-25.41057],[-52.72046,-25.41086],[-52.72125,-25.41075],[-52.7226,-25.41151],[-52.72566,-25.41175],[-52.72646,-25.41201],[-52.72678,-25.41201],[-52.7269,-25.41184],[-52.72751,-25.41201],[-52.72747,-25.41263],[-52.72712,-25.41311],[-52.72663,-25.4132],[-52.72624,-25.41294],[-52.72554,-25.41289],[-52.72514,-25.41237],[-52.7247,-25.41223],[-52.72351,-25.41281],[-52.72254,-25.41267],[-52.7225,-25.41232],[-52.72215,-25.41232],[-52.72085,-25.4117],[-52.71887,-25.41252],[-52.71839,-25.41185],[-52.71836,-25.41148],[-52.71666,-25.41086],[-52.71561,-25.41103],[-52.71572,-25.41158],[-52.71695,-25.41143],[-52.71773,-25.41176],[-52.71804,-25.41247],[-52.71799,-25.413],[-52.71771,-25.41297],[-52.71739,-25.4133],[-52.7168,-25.41278],[-52.71621,-25.41316],[-52.71562,-25.41305],[-52.71462,-25.4143],[-52.71441,-25.41491],[-52.71311,-25.41506],[-52.71209,-25.41413],[-52.71185,-25.41371],[-52.71236,-25.4133],[-52.71204,-25.41288],[-52.71189,-25.41282],[-52.71129,-25.41323],[-52.71086,-25.41324],[-52.70998,-25.41189],[-52.70823,-25.41102],[-52.70759,-25.41047],[-52.70688,-25.4092],[-52.70606,-25.40946],[-52.70601,-25.40968],[-52.70658,-25.41138],[-52.70641,-25.41183],[-52.70611,-25.41208],[-52.70357,-25.40989],[-52.70314,-25.40865],[-52.70285,-25.40842],[-52.70265,-25.40845],[-52.70238,-25.40878],[-52.70268,-25.40949],[-52.70234,-25.41014],[-52.70174,-25.41056],[-52.70129,-25.41063],[-52.70015,-25.40908],[-52.69851,-25.40759],[-52.69811,-25.40739],[-52.69733,-25.4075],[-52.69667,-25.40724],[-52.69648,-25.40748],[-52.69661,-25.40765],[-52.69643,-25.40828],[-52.6961,-25.4087],[-52.69641,-25.40928],[-52.69602,-25.40934],[-52.69587,-25.40991],[-52.6956,-25.41005],[-52.69565,-25.41051],[-52.69541,-25.4105],[-52.69515,-25.41088],[-52.69515,-25.41126],[-52.69468,-25.41155],[-52.69413,-25.41263],[-52.69316,-25.4129],[-52.69331,-25.41371],[-52.69301,-25.41494],[-52.69231,-25.41518],[-52.6918,-25.41569],[-52.69132,-25.41578],[-52.69103,-25.41605],[-52.68961,-25.41502],[-52.6893,-25.4151],[-52.68974,-25.41574],[-52.68994,-25.41651],[-52.68964,-25.41718],[-52.68968,-25.41754],[-52.69062,-25.41835],[-52.69076,-25.41872],[-52.6916,-25.41873],[-52.69295,-25.41908],[-52.69403,-25.42041],[-52.69365,-25.42085],[-52.69374,-25.42109],[-52.69419,-25.42133],[-52.6946,-25.42131],[-52.69541,-25.42042],[-52.69651,-25.42042],[-52.69781,-25.41996],[-52.6983,-25.41993],[-52.6998,-25.42075],[-52.70133,-25.42086],[-52.70249,-25.42146],[-52.7028,-25.42142],[-52.70367,-25.42079],[-52.70421,-25.42008],[-52.7055,-25.41984],[-52.70657,-25.41925],[-52.70734,-25.4192],[-52.70761,-25.41904],[-52.70858,-25.41903],[-52.70922,-25.41856],[-52.71247,-25.41778],[-52.71318,-25.41787],[-52.71401,-25.41836],[-52.71695,-25.41809],[-52.71843,-25.41767],[-52.71936,-25.41806],[-52.72021,-25.41813],[-52.7203,-25.4176],[-52.72014,-25.4168],[-52.72121,-25.41633],[-52.7217,-25.41582],[-52.72216,-25.41589],[-52.72222,-25.41603],[-52.72195,-25.41645],[-52.7216,-25.41641],[-52.72143,-25.41708],[-52.72157,-25.41828],[-52.72195,-25.41859],[-52.72196,-25.41889],[-52.72227,-25.41903],[-52.72316,-25.41901],[-52.72334,-25.41948],[-52.72386,-25.41932],[-52.72412,-25.41967],[-52.72478,-25.41971],[-52.72518,-25.41993],[-52.72518,-25.42033],[-52.7247,-25.42055],[-52.72456,-25.42011],[-52.72417,-25.42011],[-52.72315,-25.41967],[-52.72309,-25.41948],[-52.72184,-25.41964],[-52.72186,-25.41997],[-52.7232,-25.42011],[-52.7232,-25.42081],[-52.72376,-25.42096],[-52.72395,-25.42081],[-52.72469,-25.42115],[-52.72501,-25.42132],[-52.72486,-25.42167],[-52.72499,-25.42174],[-52.72571,-25.42174],[-52.72641,-25.42108],[-52.72698,-25.42081],[-52.72734,-25.42117],[-52.72712,-25.42183],[-52.72531,-25.42253],[-52.72527,-25.42279],[-52.72549,-25.42341],[-52.72593,-25.42363],[-52.72599,-25.42409],[-52.72621,-25.42439],[-52.72729,-25.42507],[-52.72621,-25.42705],[-52.72575,-25.42674],[-52.72532,-25.42665],[-52.72513,-25.42593],[-52.72446,-25.42548],[-52.72414,-25.42552],[-52.72306,-25.42629],[-52.72221,-25.42615],[-52.71987,-25.42656],[-52.71987,-25.42579],[-52.72063,-25.42543],[-52.72083,-25.42506],[-52.72048,-25.42448],[-52.71851,-25.42368],[-52.716,-25.42317],[-52.71475,-25.42314],[-52.7146,-25.42358],[-52.71469,-25.42391],[-52.71687,-25.42683],[-52.71717,-25.42797],[-52.71708,-25.42862],[-52.71802,-25.42962],[-52.71807,-25.42993],[-52.71747,-25.43043],[-52.71658,-25.43082],[-52.71568,-25.43052],[-52.71289,-25.43128],[-52.71352,-25.43164],[-52.71393,-25.43169],[-52.71456,-25.4316],[-52.71465,-25.43137],[-52.71496,-25.43128],[-52.71541,-25.43146],[-52.71542,-25.43174],[-52.7142,-25.43232],[-52.7137,-25.43223],[-52.7136,-25.43191],[-52.7133,-25.43177],[-52.71304,-25.43194],[-52.713,-25.43225],[-52.71244,-25.43241],[-52.71244,-25.43259],[-52.71262,-25.43272],[-52.71325,-25.43268],[-52.71448,-25.43342],[-52.71561,-25.43434],[-52.71595,-25.43808],[-52.71616,-25.43855],[-52.71664,-25.4388],[-52.71732,-25.43874],[-52.71807,-25.43908],[-52.71983,-25.43877],[-52.72038,-25.43879],[-52.72066,-25.439],[-52.72176,-25.43884],[-52.72177,-25.4391],[-52.72196,-25.43926],[-52.72182,-25.43952],[-52.72375,-25.44077],[-52.72576,-25.44079],[-52.72791,-25.44028],[-52.72995,-25.44058],[-52.73207,-25.43966],[-52.73229,-25.43929],[-52.73208,-25.43918],[-52.73221,-25.43841],[-52.7319,-25.43734],[-52.73273,-25.43654],[-52.73418,-25.43625],[-52.73478,-25.43649],[-52.7356,-25.43632],[-52.73629,-25.43581],[-52.73616,-25.43525],[-52.7345,-25.43378],[-52.7355,-25.43355],[-52.73683,-25.43388],[-52.7371,-25.43421],[-52.73833,-25.4342],[-52.7397,-25.43532],[-52.74043,-25.43559],[-52.74134,-25.43651],[-52.7415,-25.43729],[-52.74148,-25.43866],[-52.74106,-25.4391],[-52.74066,-25.43919],[-52.7404,-25.43862],[-52.73962,-25.43841],[-52.73859,-25.43857],[-52.73823,-25.43898],[-52.73846,-25.43989],[-52.73896,-25.44058],[-52.73953,-25.44053],[-52.74034,-25.44099],[-52.73919,-25.44233],[-52.73913,-25.4428],[-52.74003,-25.44368],[-52.74078,-25.44396],[-52.74238,-25.44499],[-52.74282,-25.4475],[-52.7423,-25.44861],[-52.7411,-25.44983],[-52.74097,-25.4503],[-52.73932,-25.45046],[-52.73831,-25.45133],[-52.73792,-25.45279],[-52.73751,-25.4536],[-52.73746,-25.45383],[-52.73769,-25.4541],[-52.73805,-25.45414],[-52.73857,-25.45353],[-52.73926,-25.45338],[-52.74085,-25.45383],[-52.74214,-25.4545],[-52.7437,-25.45429],[-52.74461,-25.45467],[-52.74578,-25.45465],[-52.7465,-25.455],[-52.74703,-25.455],[-52.74738,-25.45467],[-52.74812,-25.45456],[-52.74853,-25.45471],[-52.75126,-25.4545],[-52.75353,-25.45529],[-52.75527,-25.45571],[-52.75564,-25.45563],[-52.75841,-25.45614],[-52.76005,-25.45704],[-52.76055,-25.45694],[-52.76109,-25.45624],[-52.7614,-25.4563],[-52.76262,-25.45729],[-52.76302,-25.45781],[-52.76286,-25.45835],[-52.76251,-25.4587],[-52.76071,-25.45981],[-52.75887,-25.4605],[-52.75827,-25.46025],[-52.75788,-25.45983],[-52.75768,-25.45877],[-52.75746,-25.45863],[-52.75711,-25.45867],[-52.75717,-25.45919],[-52.75586,-25.45979],[-52.75565,-25.46013],[-52.75517,-25.46028],[-52.75417,-25.45899],[-52.75433,-25.4588],[-52.7535,-25.45853],[-52.75317,-25.45877],[-52.75272,-25.45868],[-52.75257,-25.45859],[-52.75244,-25.45797],[-52.75209,-25.45777],[-52.75204,-25.45794],[-52.75157,-25.45804],[-52.75061,-25.45789],[-52.7504,-25.4584],[-52.7497,-25.45853],[-52.74814,-25.45921],[-52.74772,-25.45914],[-52.74784,-25.45778],[-52.74749,-25.45758],[-52.74506,-25.45745],[-52.74404,-25.45717],[-52.74226,-25.45696],[-52.74179,-25.45704],[-52.74134,-25.45669],[-52.74075,-25.45694],[-52.73987,-25.45847],[-52.73978,-25.45968],[-52.73949,-25.46041],[-52.73897,-25.46081],[-52.73858,-25.46086],[-52.73774,-25.46231],[-52.73758,-25.46295],[-52.73777,-25.46323],[-52.73878,-25.46317],[-52.7394,-25.46294],[-52.74006,-25.46232],[-52.7404,-25.46268],[-52.73999,-25.4633],[-52.7387,-25.46386],[-52.73833,-25.46425],[-52.73894,-25.46454],[-52.74323,-25.46451],[-52.74338,-25.4647],[-52.74383,-25.46463],[-52.74483,-25.46357],[-52.74545,-25.46372],[-52.74764,-25.46327],[-52.74852,-25.46376],[-52.74912,-25.46371],[-52.74943,-25.46383],[-52.74953,-25.46462],[-52.7499,-25.46485],[-52.75035,-25.46462],[-52.75113,-25.4646],[-52.75156,-25.46492],[-52.75155,-25.46535],[-52.75101,-25.46588],[-52.75041,-25.46611],[-52.74995,-25.46653],[-52.75001,-25.46678],[-52.7504,-25.46698],[-52.75033,-25.46742],[-52.75158,-25.4689],[-52.7527,-25.46855],[-52.75334,-25.46858],[-52.75529,-25.46941],[-52.75604,-25.46995],[-52.75554,-25.47024],[-52.75521,-25.47016],[-52.7536,-25.46933],[-52.75239,-25.46967],[-52.75239,-25.47014],[-52.75299,-25.47077],[-52.75291,-25.47121],[-52.75206,-25.47156],[-52.75116,-25.4725],[-52.75044,-25.47233],[-52.74967,-25.47342],[-52.74885,-25.47405],[-52.74757,-25.47551],[-52.74629,-25.47533],[-52.74587,-25.47502],[-52.74592,-25.47473],[-52.74669,-25.47419],[-52.74725,-25.47351],[-52.74782,-25.47323],[-52.74804,-25.47295],[-52.74786,-25.47268],[-52.74725,-25.47273],[-52.7452,-25.47441],[-52.74475,-25.47485],[-52.74466,-25.47539],[-52.74501,-25.47595],[-52.74538,-25.47612],[-52.74589,-25.47597],[-52.74662,-25.47651],[-52.74653,-25.4777],[-52.74632,-25.47801],[-52.7467,-25.47909],[-52.74668,-25.47958],[-52.74708,-25.48031],[-52.74764,-25.48074],[-52.74812,-25.4807],[-52.74826,-25.48084],[-52.7477,-25.48146],[-52.74679,-25.48129],[-52.74649,-25.48156],[-52.74624,-25.48147],[-52.74499,-25.48171],[-52.74462,-25.48156],[-52.74451,-25.48131],[-52.7439,-25.48123],[-52.74369,-25.48094],[-52.74329,-25.48091],[-52.74248,-25.48169],[-52.74205,-25.48171],[-52.74188,-25.482],[-52.74219,-25.48274],[-52.74266,-25.48325],[-52.74331,-25.48354],[-52.74482,-25.48367],[-52.74559,-25.48346],[-52.7459,-25.48292],[-52.7469,-25.48337],[-52.74719,-25.48324],[-52.74739,-25.48264],[-52.74777,-25.48252],[-52.74865,-25.48299],[-52.74959,-25.48321],[-52.74998,-25.48401],[-52.74997,-25.48448],[-52.75022,-25.48484],[-52.75078,-25.48521],[-52.75119,-25.48526],[-52.75103,-25.48585],[-52.75124,-25.48635],[-52.75111,-25.48657],[-52.74771,-25.48684],[-52.74754,-25.4867],[-52.74764,-25.48634],[-52.74724,-25.48592],[-52.74683,-25.48587],[-52.74634,-25.48615],[-52.74604,-25.48602],[-52.74589,-25.48557],[-52.74395,-25.48471],[-52.74315,-25.48637],[-52.74266,-25.48652],[-52.74176,-25.48634],[-52.74125,-25.48691],[-52.74085,-25.48703],[-52.74067,-25.48736],[-52.74012,-25.48767],[-52.73896,-25.48772],[-52.73875,-25.48796],[-52.73808,-25.48779],[-52.73687,-25.48785],[-52.73681,-25.48764],[-52.73644,-25.48764],[-52.73592,-25.48797],[-52.73575,-25.48834],[-52.73589,-25.48865],[-52.7356,-25.48862],[-52.73432,-25.48769],[-52.7343,-25.48701],[-52.734,-25.48709],[-52.73326,-25.48779],[-52.7333,-25.4882],[-52.7339,-25.48847],[-52.73344,-25.48967],[-52.73319,-25.4899],[-52.73253,-25.4899],[-52.73156,-25.49038],[-52.73159,-25.49071],[-52.732,-25.49082],[-52.73175,-25.49146],[-52.73089,-25.49223],[-52.73054,-25.49229],[-52.73021,-25.49212],[-52.72997,-25.49235],[-52.72997,-25.49272],[-52.73048,-25.49293],[-52.73118,-25.49285],[-52.73195,-25.49262],[-52.73262,-25.49205],[-52.73318,-25.49189],[-52.73329,-25.49222],[-52.73426,-25.49264],[-52.73504,-25.49232],[-52.73519,-25.49146],[-52.73555,-25.49119],[-52.73609,-25.49118],[-52.73718,-25.49183],[-52.73722,-25.49223],[-52.7366,-25.49251],[-52.73572,-25.49222],[-52.73556,-25.49236],[-52.73633,-25.49313],[-52.73703,-25.49328],[-52.73837,-25.4939],[-52.73896,-25.4936],[-52.7411,-25.49357],[-52.74229,-25.494],[-52.74232,-25.49421],[-52.74192,-25.49454],[-52.74214,-25.49475],[-52.74436,-25.49472],[-52.74483,-25.49484],[-52.74545,-25.49465],[-52.74604,-25.49405],[-52.74603,-25.49373],[-52.74628,-25.49344],[-52.74722,-25.493],[-52.74745,-25.49263],[-52.74853,-25.49328],[-52.74991,-25.49447],[-52.75025,-25.4945],[-52.75074,-25.49509],[-52.7517,-25.49531],[-52.75249,-25.49599],[-52.75316,-25.49607],[-52.75357,-25.49642],[-52.75413,-25.49641],[-52.75595,-25.49709],[-52.75663,-25.49694],[-52.7578,-25.49621],[-52.75893,-25.49616],[-52.75936,-25.49635],[-52.75933,-25.49671],[-52.75892,-25.49714],[-52.75886,-25.49777],[-52.76025,-25.49747],[-52.76072,-25.49641],[-52.76064,-25.496],[-52.76201,-25.49484],[-52.76272,-25.49487],[-52.76262,-25.49521],[-52.76221,-25.49544],[-52.76305,-25.49644],[-52.76279,-25.49819],[-52.76307,-25.49881],[-52.76386,-25.49958],[-52.76454,-25.49995],[-52.76466,-25.50026],[-52.76456,-25.50101],[-52.76395,-25.50149],[-52.76403,-25.50172],[-52.76462,-25.50163],[-52.76496,-25.50177],[-52.7651,-25.50221],[-52.76487,-25.50272],[-52.76426,-25.50303],[-52.7633,-25.50301],[-52.76266,-25.50186],[-52.76256,-25.50133],[-52.76202,-25.50101],[-52.76133,-25.50106],[-52.76148,-25.5008],[-52.76137,-25.50058],[-52.76047,-25.50091],[-52.76019,-25.50124],[-52.76045,-25.50187],[-52.76095,-25.50216],[-52.76125,-25.50268],[-52.76121,-25.50332],[-52.76021,-25.50419],[-52.75965,-25.50416],[-52.75869,-25.50471],[-52.75795,-25.50482],[-52.75783,-25.50449],[-52.75791,-25.50378],[-52.75759,-25.50356],[-52.75837,-25.50299],[-52.75872,-25.50305],[-52.75941,-25.50282],[-52.7599,-25.50242],[-52.75981,-25.50194],[-52.75832,-25.50218],[-52.7577,-25.50188],[-52.75761,-25.50149],[-52.75829,-25.50124],[-52.75841,-25.50084],[-52.75794,-25.50038],[-52.75721,-25.49872],[-52.75628,-25.49933],[-52.75577,-25.49918],[-52.75509,-25.49846],[-52.75435,-25.49863],[-52.75575,-25.5003],[-52.75613,-25.50018],[-52.75633,-25.50089],[-52.75654,-25.50103],[-52.75629,-25.50181],[-52.75648,-25.50231],[-52.75642,-25.50261],[-52.75613,-25.50308],[-52.75661,-25.50392],[-52.7565,-25.50449],[-52.75596,-25.50437],[-52.75583,-25.50498],[-52.75597,-25.50559],[-52.75647,-25.5064],[-52.75706,-25.50669],[-52.75714,-25.5071],[-52.75703,-25.50729],[-52.75636,-25.50716],[-52.75568,-25.50632],[-52.75531,-25.5062],[-52.7551,-25.50631],[-52.75492,-25.50675],[-52.75459,-25.50687],[-52.75445,-25.50663],[-52.75465,-25.5061],[-52.7545,-25.50584],[-52.75416,-25.50584],[-52.75346,-25.50629],[-52.75339,-25.50662],[-52.75408,-25.50809],[-52.75416,-25.50873],[-52.75396,-25.5089],[-52.75387,-25.50933],[-52.75305,-25.51006],[-52.75298,-25.51047],[-52.75261,-25.51102],[-52.75206,-25.51117],[-52.75058,-25.51117],[-52.75024,-25.5113],[-52.75017,-25.51169],[-52.74961,-25.51215],[-52.74958,-25.51302],[-52.75083,-25.51339],[-52.75191,-25.51324],[-52.75254,-25.51369],[-52.75257,-25.51417],[-52.75175,-25.51557],[-52.75194,-25.51626],[-52.75028,-25.51707],[-52.74919,-25.51695],[-52.74928,-25.51632],[-52.74911,-25.51602],[-52.74842,-25.51557],[-52.74773,-25.51535],[-52.74709,-25.51538],[-52.7464,-25.51469],[-52.74616,-25.51424],[-52.74526,-25.51414],[-52.74433,-25.51352],[-52.7434,-25.51328],[-52.74228,-25.51224],[-52.74145,-25.51174],[-52.74116,-25.51169],[-52.74031,-25.51221],[-52.74012,-25.51255],[-52.74129,-25.51345],[-52.74196,-25.51427],[-52.74159,-25.51502],[-52.74278,-25.51559],[-52.74297,-25.51597],[-52.74297,-25.51657],[-52.74595,-25.51666],[-52.74755,-25.51752],[-52.74713,-25.5179],[-52.74665,-25.51796],[-52.7463,-25.51851],[-52.74531,-25.51865],[-52.74503,-25.5189],[-52.74535,-25.51923],[-52.74466,-25.51973],[-52.74405,-25.51961],[-52.74336,-25.51991],[-52.74313,-25.52022],[-52.74289,-25.52144],[-52.743,-25.52208],[-52.74243,-25.52228],[-52.74244,-25.52266],[-52.74222,-25.52307],[-52.7428,-25.52333],[-52.74347,-25.52321],[-52.74526,-25.52395],[-52.7454,-25.52423],[-52.74608,-25.52415],[-52.74696,-25.52449],[-52.74746,-25.5244],[-52.74869,-25.52358],[-52.75072,-25.52369],[-52.75139,-25.52329],[-52.75306,-25.52287],[-52.75374,-25.52307],[-52.75402,-25.52224],[-52.75262,-25.52169],[-52.75215,-25.52116],[-52.75187,-25.52118],[-52.75174,-25.52101],[-52.7509,-25.52102],[-52.75076,-25.52065],[-52.74966,-25.52026],[-52.74926,-25.52001],[-52.74909,-25.5196],[-52.74836,-25.51934],[-52.74787,-25.51887],[-52.74861,-25.51876],[-52.74917,-25.51916],[-52.74965,-25.51909],[-52.75039,-25.51931],[-52.75032,-25.51942],[-52.74976,-25.5192],[-52.74943,-25.51931],[-52.74935,-25.5195],[-52.74975,-25.51969],[-52.75058,-25.51983],[-52.75111,-25.52011],[-52.75193,-25.52013],[-52.7529,-25.521],[-52.75307,-25.52135],[-52.75396,-25.52186],[-52.7541,-25.52174],[-52.75491,-25.5219],[-52.75529,-25.5225],[-52.75532,-25.52284],[-52.75546,-25.52274],[-52.75673,-25.52285],[-52.75741,-25.52264],[-52.75791,-25.52215],[-52.75845,-25.52254],[-52.75864,-25.5232],[-52.76013,-25.52337],[-52.76151,-25.52197],[-52.76281,-25.52235],[-52.76378,-25.522],[-52.76398,-25.52227],[-52.76466,-25.52253],[-52.76534,-25.52306],[-52.76804,-25.52283],[-52.76711,-25.52335],[-52.7662,-25.52427],[-52.76603,-25.52459],[-52.76609,-25.52547],[-52.7659,-25.52574],[-52.76374,-25.52476],[-52.76325,-25.52415],[-52.76262,-25.52439],[-52.76279,-25.52502],[-52.76319,-25.52554],[-52.76328,-25.52655],[-52.764,-25.52617],[-52.76443,-25.52626],[-52.7646,-25.52657],[-52.76454,-25.52671],[-52.76402,-25.52679],[-52.76375,-25.52745],[-52.76498,-25.52794],[-52.76666,-25.52679],[-52.7689,-25.52487],[-52.76925,-25.525],[-52.77022,-25.52483],[-52.77244,-25.52375],[-52.77285,-25.52372],[-52.77303,-25.52397],[-52.77337,-25.52397],[-52.77384,-25.52341],[-52.77442,-25.52305],[-52.77614,-25.5232],[-52.77677,-25.52305],[-52.77696,-25.52323],[-52.77686,-25.52421],[-52.77698,-25.52449],[-52.77737,-25.52467],[-52.77743,-25.52499],[-52.77715,-25.52517],[-52.77634,-25.5252],[-52.77614,-25.52643],[-52.77587,-25.52688],[-52.7757,-25.52687],[-52.77509,-25.52603],[-52.77296,-25.52591],[-52.77239,-25.52615],[-52.77164,-25.52614],[-52.77074,-25.52593],[-52.77029,-25.52603],[-52.7703,-25.52771],[-52.77081,-25.52808],[-52.7718,-25.52808],[-52.77222,-25.52901],[-52.77278,-25.52908],[-52.77348,-25.52961],[-52.77463,-25.52957],[-52.7757,-25.52823],[-52.77614,-25.52849],[-52.77673,-25.52856],[-52.77799,-25.52834],[-52.77888,-25.52901],[-52.77977,-25.52927],[-52.78002,-25.52953],[-52.78002,-25.53034],[-52.77978,-25.53063],[-52.77924,-25.53035],[-52.77936,-25.52978],[-52.77833,-25.5299],[-52.77797,-25.53031],[-52.7781,-25.53112],[-52.77792,-25.53123],[-52.7768,-25.53054],[-52.77598,-25.53067],[-52.77589,-25.53082],[-52.77605,-25.53159],[-52.77677,-25.53246],[-52.77736,-25.53291],[-52.77728,-25.53315],[-52.77689,-25.53342],[-52.77666,-25.53397],[-52.77624,-25.53407],[-52.77625,-25.53437],[-52.77708,-25.53495],[-52.77684,-25.53537],[-52.77651,-25.53537],[-52.77517,-25.53475],[-52.77523,-25.53452],[-52.77558,-25.53439],[-52.77574,-25.5339],[-52.77483,-25.53338],[-52.77396,-25.53341],[-52.77363,-25.53371],[-52.77355,-25.53404],[-52.77415,-25.53536],[-52.77411,-25.53581],[-52.77426,-25.53611],[-52.77514,-25.53604],[-52.77541,-25.53622],[-52.77625,-25.53633],[-52.77651,-25.53667],[-52.77725,-25.53704],[-52.77733,-25.53737],[-52.77762,-25.53759],[-52.77932,-25.53811],[-52.78003,-25.53803],[-52.78029,-25.53829],[-52.77959,-25.53974],[-52.77956,-25.54044],[-52.77979,-25.54093],[-52.7795,-25.54191],[-52.77911,-25.54234],[-52.77737,-25.54178],[-52.77646,-25.54176],[-52.77607,-25.5416],[-52.77603,-25.53922],[-52.77532,-25.53869],[-52.77464,-25.53881],[-52.77404,-25.53929],[-52.77307,-25.53977],[-52.7729,-25.53955],[-52.77325,-25.53889],[-52.77328,-25.53836],[-52.7731,-25.53803],[-52.77107,-25.5392],[-52.7701,-25.53885],[-52.76936,-25.53885],[-52.76783,-25.53854],[-52.76801,-25.53746],[-52.76688,-25.53673],[-52.76637,-25.53704],[-52.766,-25.53704],[-52.76563,-25.53678],[-52.76552,-25.53618],[-52.76534,-25.53611],[-52.76471,-25.53645],[-52.76482,-25.53763],[-52.76441,-25.53737],[-52.76412,-25.53737],[-52.76402,-25.53806],[-52.76358,-25.53832],[-52.76297,-25.5384],[-52.76195,-25.53743],[-52.76109,-25.53714],[-52.76078,-25.53687],[-52.76068,-25.53658],[-52.761,-25.53594],[-52.76094,-25.53579],[-52.76069,-25.53574],[-52.76038,-25.536],[-52.76027,-25.5367],[-52.75975,-25.53648],[-52.75909,-25.536],[-52.75905,-25.53585],[-52.7592,-25.53581],[-52.7596,-25.53589],[-52.75975,-25.53563],[-52.75927,-25.53485],[-52.75931,-25.53424],[-52.75912,-25.53373],[-52.75858,-25.53345],[-52.7587,-25.53231],[-52.75771,-25.53167],[-52.75745,-25.53107],[-52.75846,-25.53004],[-52.75827,-25.52934],[-52.75879,-25.52901],[-52.75934,-25.5283],[-52.7592,-25.52808],[-52.75827,-25.52816],[-52.75661,-25.53015],[-52.7564,-25.5302],[-52.75606,-25.53023],[-52.75569,-25.52993],[-52.7555,-25.53001],[-52.75547,-25.52978],[-52.75436,-25.52949],[-52.75403,-25.52965],[-52.75349,-25.52958],[-52.75382,-25.52912],[-52.75356,-25.52892],[-52.75343,-25.52911],[-52.75275,-25.52883],[-52.75251,-25.52827],[-52.75219,-25.52819],[-52.75133,-25.52848],[-52.75111,-25.5288],[-52.75054,-25.52915],[-52.75018,-25.52919],[-52.74991,-25.52878],[-52.7495,-25.52882],[-52.74802,-25.52941],[-52.74747,-25.53001],[-52.74728,-25.53049],[-52.74628,-25.53008],[-52.74599,-25.53004],[-52.74592,-25.53019],[-52.74747,-25.53104],[-52.74762,-25.531],[-52.74773,-25.53063],[-52.74795,-25.5306],[-52.74826,-25.52965],[-52.7487,-25.52942],[-52.74934,-25.52939],[-52.75084,-25.52974],[-52.75174,-25.52944],[-52.75202,-25.52959],[-52.75211,-25.53015],[-52.75232,-25.53031],[-52.75291,-25.53049],[-52.75374,-25.53049],[-52.75517,-25.5311],[-52.75548,-25.53141],[-52.75559,-25.53228],[-52.7559,-25.53252],[-52.75655,-25.53278],[-52.75695,-25.53241],[-52.75741,-25.53246],[-52.7575,-25.53278],[-52.75726,-25.53301],[-52.75736,-25.53324],[-52.75725,-25.53384],[-52.75626,-25.53517],[-52.75635,-25.53552],[-52.75661,-25.53556],[-52.7569,-25.53627],[-52.75757,-25.53715],[-52.75842,-25.53729],[-52.75944,-25.53684],[-52.76008,-25.5373],[-52.76104,-25.53837],[-52.76094,-25.5387],[-52.7606,-25.539],[-52.76079,-25.53948],[-52.76112,-25.53974],[-52.76211,-25.53946],[-52.76453,-25.54039],[-52.76667,-25.5407],[-52.76801,-25.54071],[-52.76894,-25.54144],[-52.77041,-25.5414],[-52.77234,-25.54181],[-52.77267,-25.54201],[-52.77589,-25.54244],[-52.77831,-25.54318],[-52.77921,-25.54312],[-52.7809,-25.54332],[-52.78122,-25.54255],[-52.78091,-25.54024],[-52.78093,-25.53898],[-52.78145,-25.53829],[-52.78139,-25.53805],[-52.78088,-25.53774],[-52.77987,-25.53656],[-52.77884,-25.53634],[-52.77986,-25.53621],[-52.78034,-25.53438],[-52.78012,-25.53353],[-52.78056,-25.53293],[-52.78114,-25.53257],[-52.78193,-25.53109],[-52.7822,-25.53008],[-52.78142,-25.52911],[-52.77941,-25.52783],[-52.77855,-25.52606],[-52.77942,-25.52433],[-52.78028,-25.52308],[-52.78054,-25.5224],[-52.78054,-25.52166],[-52.78017,-25.52101],[-52.77886,-25.52122],[-52.77648,-25.52215],[-52.77559,-25.52207],[-52.77515,-25.52074],[-52.77521,-25.52008],[-52.77566,-25.5191],[-52.77553,-25.51895],[-52.77273,-25.5197],[-52.77108,-25.52085],[-52.76917,-25.52179],[-52.76752,-25.52206],[-52.76691,-25.52201],[-52.76562,-25.52133],[-52.76508,-25.52018],[-52.76501,-25.51953],[-52.76508,-25.51711],[-52.76485,-25.51348],[-52.76532,-25.51157],[-52.76697,-25.50828],[-52.76904,-25.50562],[-52.77005,-25.50471],[-52.77113,-25.50416],[-52.77191,-25.50403],[-52.77429,-25.50407],[-52.78035,-25.50481],[-52.78198,-25.50462],[-52.78219,-25.50444],[-52.78236,-25.50386],[-52.78231,-25.50286],[-52.78269,-25.49795],[-52.78229,-25.49742],[-52.78173,-25.49729],[-52.78192,-25.49714],[-52.78121,-25.49617],[-52.7801,-25.49581],[-52.77913,-25.49611],[-52.77708,-25.4972],[-52.77406,-25.50166],[-52.77273,-25.50302],[-52.7721,-25.50318],[-52.77091,-25.50318],[-52.77037,-25.50268],[-52.77063,-25.5018],[-52.77269,-25.49863],[-52.77301,-25.49759],[-52.77298,-25.49716],[-52.77266,-25.49663],[-52.77203,-25.49581],[-52.77143,-25.49549],[-52.77062,-25.49472],[-52.7702,-25.49373],[-52.77017,-25.49285],[-52.77062,-25.49154],[-52.77146,-25.49083],[-52.77255,-25.49025],[-52.77447,-25.48961],[-52.77643,-25.48856],[-52.77697,-25.48788],[-52.77683,-25.48718],[-52.77616,-25.4867],[-52.77421,-25.48639],[-52.77308,-25.48572],[-52.76901,-25.48443],[-52.7683,-25.48387],[-52.76783,-25.48255],[-52.76711,-25.4822],[-52.76614,-25.48277],[-52.76522,-25.48405],[-52.76192,-25.48674],[-52.75996,-25.48928],[-52.75919,-25.49083],[-52.75771,-25.49221],[-52.75683,-25.49241],[-52.75526,-25.49243],[-52.75257,-25.49183],[-52.75127,-25.4913],[-52.75031,-25.4907],[-52.74923,-25.4897],[-52.74923,-25.48858],[-52.74977,-25.48815],[-52.75326,-25.48719],[-52.75608,-25.48691],[-52.75678,-25.48666],[-52.75752,-25.48608],[-52.75766,-25.48523],[-52.75746,-25.48447],[-52.75606,-25.48216],[-52.75588,-25.48132],[-52.75541,-25.48042],[-52.75315,-25.47807],[-52.75184,-25.47534],[-52.75192,-25.47411],[-52.75256,-25.47327],[-52.75394,-25.47209],[-52.75496,-25.47172],[-52.75619,-25.47166],[-52.75763,-25.47199],[-52.75843,-25.47242],[-52.75933,-25.47448],[-52.75954,-25.47762],[-52.75984,-25.47829],[-52.7602,-25.47855],[-52.76075,-25.47866],[-52.7615,-25.47812],[-52.76307,-25.47609],[-52.76375,-25.47557],[-52.76659,-25.47446],[-52.7697,-25.47286],[-52.77072,-25.4719],[-52.77248,-25.46955],[-52.77293,-25.46919],[-52.77659,-25.46743],[-52.77716,-25.46701],[-52.77679,-25.46629],[-52.7746,-25.46461],[-52.77458,-25.46442],[-52.77175,-25.46301],[-52.76965,-25.46263],[-52.76924,-25.46265],[-52.76834,-25.46309],[-52.76799,-25.46347],[-52.76833,-25.46534],[-52.76924,-25.46793],[-52.76919,-25.4684],[-52.7688,-25.46874],[-52.76789,-25.46859],[-52.76374,-25.46708],[-52.76208,-25.46703],[-52.75912,-25.4677],[-52.75815,-25.46778],[-52.75702,-25.4678],[-52.75433,-25.46742],[-52.75402,-25.46716],[-52.75401,-25.46691],[-52.75429,-25.4664],[-52.75654,-25.46364],[-52.75713,-25.46262],[-52.75798,-25.46174],[-52.76006,-25.4608],[-52.76346,-25.45994],[-52.766,-25.45895],[-52.76659,-25.45846],[-52.76645,-25.45819],[-52.76461,-25.45685],[-52.76124,-25.4559],[-52.76077,-25.45532],[-52.75901,-25.45506],[-52.75836,-25.45476],[-52.75776,-25.45437],[-52.75731,-25.45313],[-52.75366,-25.4521],[-52.7522,-25.4513],[-52.75134,-25.45104],[-52.75027,-25.45021],[-52.75055,-25.44923],[-52.75113,-25.44878],[-52.75381,-25.44795],[-52.75514,-25.44779],[-52.75614,-25.44805],[-52.7605,-25.45111],[-52.76176,-25.45147],[-52.76335,-25.45113],[-52.76401,-25.44957],[-52.7639,-25.44873],[-52.76319,-25.44782],[-52.76115,-25.44628],[-52.76035,-25.44547],[-52.75963,-25.44453],[-52.7591,-25.44337],[-52.76151,-25.44272],[-52.76136,-25.44172],[-52.76111,-25.44148],[-52.7585,-25.44259],[-52.75808,-25.44263],[-52.75715,-25.44236],[-52.75621,-25.44175],[-52.75508,-25.43995],[-52.75409,-25.43694],[-52.75226,-25.43335],[-52.75133,-25.43272],[-52.75074,-25.43262],[-52.74944,-25.43311],[-52.74586,-25.43539],[-52.74481,-25.43631],[-52.7443,-25.43714],[-52.74415,-25.43769],[-52.74424,-25.43808],[-52.74505,-25.43938],[-52.74581,-25.44003],[-52.74663,-25.44124],[-52.74683,-25.44161],[-52.74683,-25.44248],[-52.74521,-25.44354],[-52.74397,-25.44364],[-52.74341,-25.44344],[-52.74218,-25.44205],[-52.7418,-25.44116],[-52.74196,-25.43902],[-52.74174,-25.43606],[-52.74127,-25.43548],[-52.73835,-25.43343],[-52.73807,-25.4304],[-52.73733,-25.4291],[-52.73747,-25.42878],[-52.73906,-25.42818],[-52.73954,-25.4278],[-52.74072,-25.42636],[-52.74197,-25.42605],[-52.74241,-25.42622],[-52.74438,-25.42629],[-52.74499,-25.42594],[-52.74485,-25.42539],[-52.74219,-25.42423],[-52.7412,-25.42299],[-52.74111,-25.42238],[-52.74135,-25.42142],[-52.74305,-25.41788],[-52.74496,-25.41513],[-52.74471,-25.4148],[-52.74348,-25.41439],[-52.73918,-25.4152],[-52.73796,-25.41522],[-52.73766,-25.41546],[-52.73595,-25.41611],[-52.7345,-25.41618],[-52.73386,-25.41591],[-52.7332,-25.41522],[-52.73324,-25.41438],[-52.73396,-25.41285],[-52.73508,-25.41171],[-52.73775,-25.41078],[-52.7397,-25.40978],[-52.74093,-25.40886],[-52.74184,-25.40841],[-52.74574,-25.40734],[-52.74826,-25.4074],[-52.74909,-25.40703],[-52.74947,-25.40646],[-52.74983,-25.40527],[-52.74913,-25.40419],[-52.74818,-25.40331],[-52.74624,-25.40201],[-52.74572,-25.4018],[-52.74494,-25.40192],[-52.74204,-25.40659],[-52.7415,-25.40721],[-52.74034,-25.40752],[-52.73951,-25.40751],[-52.73745,-25.40685],[-52.73669,-25.40628],[-52.73558,-25.40475],[-52.73431,-25.40167],[-52.73429,-25.40047],[-52.73477,-25.3988],[-52.73428,-25.39788],[-52.7336,-25.39721],[-52.73248,-25.39692],[-52.73204,-25.39657],[-52.73098,-25.39519],[-52.73011,-25.39455],[-52.72975,-25.39478],[-52.72916,-25.39716],[-52.72779,-25.3991],[-52.72819,-25.40058],[-52.72822,-25.40257],[-52.72732,-25.40375],[-52.72581,-25.40493],[-52.7244,-25.40534],[-52.72379,-25.40497],[-52.72285,-25.40391],[-52.72157,-25.40315],[-52.72055,-25.40208],[-52.71746,-25.4022],[-52.71531,-25.40144],[-52.71461,-25.4007],[-52.71413,-25.39984],[-52.71299,-25.39692],[-52.71259,-25.39515],[-52.71237,-25.39193],[-52.71305,-25.38978],[-52.7146,-25.38763],[-52.71562,-25.3869],[-52.7179,-25.38642],[-52.7183,-25.38611],[-52.71839,-25.3857],[-52.71868,-25.38549],[-52.71949,-25.38542],[-52.72033,-25.38563],[-52.72056,-25.38553],[-52.7198,-25.3848],[-52.71807,-25.38429],[-52.71685,-25.38437],[-52.71462,-25.38486],[-52.71372,-25.38586],[-52.71206,-25.38703],[-52.71149,-25.38817],[-52.71045,-25.3896],[-52.70816,-25.39146],[-52.70683,-25.39198],[-52.7058,-25.39176],[-52.70364,-25.39055],[-52.70286,-25.38969],[-52.70295,-25.38918],[-52.70281,-25.38861],[-52.70226,-25.38826],[-52.70104,-25.38785],[-52.69997,-25.3877],[-52.69901,-25.38734],[-52.69858,-25.38701],[-52.69677,-25.387],[-52.69577,-25.38732],[-52.6953,-25.38754],[-52.69471,-25.38848],[-52.69483,-25.38868],[-52.69712,-25.38989],[-52.69682,-25.39033],[-52.69584,-25.39068],[-52.69521,-25.39121],[-52.69426,-25.39258],[-52.69357,-25.39312],[-52.69285,-25.39331],[-52.69177,-25.39478],[-52.69048,-25.39568],[-52.68885,-25.39611],[-52.68803,-25.39584],[-52.68789,-25.39533],[-52.68887,-25.39397],[-52.68901,-25.39281],[-52.68792,-25.39213],[-52.68574,-25.39191],[-52.68512,-25.39138],[-52.68599,-25.39039],[-52.68744,-25.38971],[-52.68765,-25.38941],[-52.68751,-25.38823],[-52.68713,-25.38712],[-52.6869,-25.38525],[-52.68737,-25.38249],[-52.68781,-25.38195],[-52.68918,-25.38104],[-52.69137,-25.37884],[-52.69164,-25.37774],[-52.6916,-25.37611],[-52.69073,-25.37551],[-52.68988,-25.37562],[-52.68874,-25.37615],[-52.68387,-25.38164],[-52.68232,-25.38393],[-52.6817,-25.38404],[-52.68047,-25.38376],[-52.67991,-25.38383],[-52.67948,-25.38416],[-52.67903,-25.38409],[-52.6784,-25.38294],[-52.67778,-25.37954],[-52.67728,-25.37904],[-52.67719,-25.3786],[-52.67732,-25.37836],[-52.67699,-25.37798],[-52.67641,-25.37789],[-52.67528,-25.3772],[-52.67243,-25.37698],[-52.66833,-25.37585],[-52.66774,-25.37585],[-52.66604,-25.37636],[-52.66512,-25.37689],[-52.66386,-25.37801],[-52.66327,-25.37804],[-52.66121,-25.37738],[-52.6602,-25.37734],[-52.65977,-25.37667],[-52.65983,-25.37598],[-52.66018,-25.37556],[-52.66098,-25.37513],[-52.66278,-25.37496],[-52.66391,-25.37503],[-52.66467,-25.37485],[-52.66752,-25.37191],[-52.66791,-25.37085],[-52.66833,-25.37027],[-52.66813,-25.36985],[-52.66773,-25.36959],[-52.66603,-25.36908],[-52.66535,-25.36868],[-52.66204,-25.36611],[-52.66147,-25.36533],[-52.66148,-25.36415],[-52.66079,-25.36266],[-52.66103,-25.36151],[-52.6607,-25.35986],[-52.6609,-25.35945],[-52.66115,-25.35736],[-52.66053,-25.35681],[-52.65953,-25.35646],[-52.6592,-25.35657],[-52.65848,-25.35728],[-52.65838,-25.35775],[-52.65896,-25.35985],[-52.65891,-25.36153],[-52.65756,-25.36256],[-52.65708,-25.36275],[-52.65653,-25.36291],[-52.65509,-25.36295],[-52.65434,-25.36252],[-52.65422,-25.36183],[-52.65455,-25.36058],[-52.65447,-25.36004],[-52.65486,-25.35779],[-52.65473,-25.35687],[-52.65446,-25.35625],[-52.6532,-25.3552],[-52.65133,-25.35478],[-52.65097,-25.35512],[-52.65096,-25.35769],[-52.65081,-25.35821],[-52.65041,-25.35842],[-52.64982,-25.35842],[-52.64771,-25.3572],[-52.64618,-25.35685],[-52.64319,-25.35669],[-52.64155,-25.35634],[-52.64122,-25.35583],[-52.64174,-25.35478],[-52.64242,-25.35431],[-52.64366,-25.35404],[-52.644,-25.35383],[-52.64452,-25.35311],[-52.64526,-25.35292],[-52.64596,-25.35218],[-52.64534,-25.3513],[-52.64499,-25.35107],[-52.64229,-25.35041],[-52.64117,-25.34997],[-52.64023,-25.34932],[-52.63924,-25.34833],[-52.63841,-25.34789],[-52.63808,-25.34789],[-52.63452,-25.34976],[-52.63302,-25.34974],[-52.63218,-25.35016],[-52.63189,-25.35081],[-52.63198,-25.35146],[-52.63339,-25.35302],[-52.63337,-25.3534],[-52.63291,-25.35382],[-52.6323,-25.35374],[-52.6297,-25.35277],[-52.62827,-25.35328],[-52.62762,-25.35326],[-52.62669,-25.35264],[-52.62564,-25.35119],[-52.62496,-25.35087],[-52.62365,-25.36201],[-52.62463,-25.3623],[-52.6257,-25.363],[-52.62609,-25.36295],[-52.62575,-25.36148],[-52.62534,-25.3615],[-52.62487,-25.36184],[-52.6247,-25.36171],[-52.62472,-25.36135],[-52.62495,-25.36107],[-52.62637,-25.36096],[-52.6263,-25.36136],[-52.62667,-25.36243],[-52.62661,-25.36291],[-52.62609,-25.36347],[-52.62666,-25.36534],[-52.62634,-25.36549],[-52.62656,-25.36637],[-52.6257,-25.36662],[-52.62534,-25.36568],[-52.62532,-25.36461],[-52.62465,-25.36403],[-52.62421,-25.36388],[-52.62389,-25.36348],[-52.62346,-25.36342],[-52.62132,-25.38069],[-52.61874,-25.39909],[-52.61832,-25.40347],[-52.61848,-25.40365]],[[-52.62293,-25.39683],[-52.62242,-25.39625],[-52.6224,-25.39594],[-52.6214,-25.395],[-52.62103,-25.39485],[-52.62014,-25.39515],[-52.61975,-25.39561],[-52.61953,-25.39558],[-52.6198,-25.39365],[-52.62046,-25.39389],[-52.62086,-25.39455],[-52.622,-25.39494],[-52.62244,-25.3953],[-52.62285,-25.39539],[-52.62299,-25.39511],[-52.62334,-25.39504],[-52.62416,-25.39525],[-52.62375,-25.39688],[-52.62293,-25.39683]],[[-52.62316,-25.39395],[-52.62094,-25.39361],[-52.6219,-25.39286],[-52.62206,-25.39229],[-52.62201,-25.39154],[-52.62166,-25.39103],[-52.62026,-25.39041],[-52.62054,-25.38853],[-52.62171,-25.38857],[-52.62178,-25.38879],[-52.62102,-25.38916],[-52.62123,-25.38968],[-52.62157,-25.3896],[-52.62197,-25.38897],[-52.62255,-25.38917],[-52.62296,-25.38895],[-52.62331,-25.38836],[-52.62408,-25.388],[-52.62486,-25.38809],[-52.62571,-25.38784],[-52.62705,-25.38725],[-52.62714,-25.38703],[-52.62864,-25.38628],[-52.62965,-25.38632],[-52.62949,-25.38655],[-52.62976,-25.38673],[-52.62965,-25.38703],[-52.62836,-25.38796],[-52.628,-25.38844],[-52.62709,-25.38861],[-52.62691,-25.38892],[-52.62685,-25.38983],[-52.6264,-25.39043],[-52.62631,-25.39118],[-52.62591,-25.39177],[-52.62511,-25.39175],[-52.62444,-25.39153],[-52.62427,-25.39178],[-52.62488,-25.39259],[-52.6247,-25.393],[-52.62419,-25.39376],[-52.62316,-25.39395]],[[-52.62556,-25.38531],[-52.62415,-25.38607],[-52.62391,-25.38637],[-52.62307,-25.38626],[-52.62283,-25.38654],[-52.62308,-25.38691],[-52.62269,-25.38773],[-52.62237,-25.38795],[-52.6213,-25.38781],[-52.62064,-25.38749],[-52.62161,-25.38557],[-52.62279,-25.38443],[-52.62207,-25.3831],[-52.6223,-25.38196],[-52.62309,-25.38079],[-52.62364,-25.38042],[-52.62485,-25.38032],[-52.62505,-25.37966],[-52.62544,-25.37949],[-52.62462,-25.37869],[-52.62472,-25.37706],[-52.62445,-25.37696],[-52.6241,-25.3763],[-52.62412,-25.37583],[-52.6248,-25.37391],[-52.62481,-25.37361],[-52.62441,-25.37277],[-52.62454,-25.3725],[-52.62485,-25.37234],[-52.62631,-25.37226],[-52.62669,-25.37208],[-52.62705,-25.37113],[-52.62707,-25.37054],[-52.62748,-25.36968],[-52.62704,-25.36925],[-52.62709,-25.36859],[-52.6274,-25.36811],[-52.62832,-25.36771],[-52.62945,-25.36816],[-52.62953,-25.36838],[-52.63013,-25.36879],[-52.62988,-25.36905],[-52.6296,-25.36905],[-52.62833,-25.3708],[-52.62888,-25.37159],[-52.63002,-25.37248],[-52.62998,-25.37281],[-52.62917,-25.37329],[-52.629,-25.37356],[-52.62814,-25.37389],[-52.62754,-25.37385],[-52.62739,-25.37408],[-52.62753,-25.37437],[-52.62793,-25.37454],[-52.62813,-25.37493],[-52.62762,-25.37632],[-52.62709,-25.3766],[-52.62679,-25.37715],[-52.6268,-25.37748],[-52.62701,-25.3777],[-52.62673,-25.37797],[-52.6269,-25.37842],[-52.62751,-25.37832],[-52.62785,-25.3776],[-52.62772,-25.37738],[-52.62815,-25.37708],[-52.62915,-25.37686],[-52.6295,-25.37712],[-52.62975,-25.37704],[-52.62976,-25.37611],[-52.63008,-25.37582],[-52.63054,-25.37578],[-52.63148,-25.37618],[-52.63235,-25.37514],[-52.63279,-25.37484],[-52.63335,-25.37483],[-52.63404,-25.37505],[-52.63469,-25.37426],[-52.63551,-25.37369],[-52.63577,-25.37303],[-52.63714,-25.37303],[-52.63694,-25.37457],[-52.63699,-25.37574],[-52.63544,-25.37664],[-52.63476,-25.37669],[-52.63394,-25.37752],[-52.63297,-25.37793],[-52.63278,-25.3785],[-52.63212,-25.37859],[-52.63195,-25.37881],[-52.63208,-25.37916],[-52.63254,-25.37955],[-52.63243,-25.38014],[-52.63177,-25.38049],[-52.63084,-25.38053],[-52.6301,-25.38138],[-52.62983,-25.3814],[-52.62957,-25.3812],[-52.62939,-25.38081],[-52.62847,-25.38011],[-52.62816,-25.38012],[-52.62767,-25.38027],[-52.62653,-25.38105],[-52.62511,-25.38148],[-52.62469,-25.38175],[-52.62449,-25.38236],[-52.62508,-25.38237],[-52.62566,-25.38194],[-52.62581,-25.38223],[-52.62613,-25.38236],[-52.6273,-25.38255],[-52.6275,-25.38301],[-52.62741,-25.38362],[-52.62716,-25.38401],[-52.62624,-25.38445],[-52.62556,-25.38531]],[[-52.70134,-25.39491],[-52.7018,-25.39459],[-52.70191,-25.39431],[-52.7022,-25.39433],[-52.70252,-25.39469],[-52.70307,-25.39395],[-52.70454,-25.39362],[-52.70463,-25.39376],[-52.70443,-25.39405],[-52.70384,-25.39481],[-52.70331,-25.39521],[-52.70371,-25.39556],[-52.70459,-25.3956],[-52.70491,-25.39486],[-52.70516,-25.39485],[-52.70534,-25.39503],[-52.70538,-25.3956],[-52.70585,-25.39674],[-52.70409,-25.39834],[-52.7034,-25.39859],[-52.70256,-25.39758],[-52.70195,-25.39701],[-52.70138,-25.39688],[-52.70063,-25.396],[-52.70067,-25.3956],[-52.70124,-25.39538],[-52.70142,-25.39507],[-52.70134,-25.39491]],[[-52.71616,-25.38645],[-52.71488,-25.38654],[-52.71444,-25.38623],[-52.71392,-25.38623],[-52.71431,-25.38597],[-52.71462,-25.38539],[-52.71563,-25.38504],[-52.71731,-25.38467],[-52.71875,-25.38478],[-52.71915,-25.38503],[-52.71845,-25.38526],[-52.71801,-25.38575],[-52.71616,-25.38645]],[[-52.71551,-25.41508],[-52.71596,-25.41488],[-52.71625,-25.41492],[-52.71642,-25.41514],[-52.71999,-25.41496],[-52.71999,-25.41531],[-52.71972,-25.41602],[-52.7168,-25.41606],[-52.71548,-25.4166],[-52.71528,-25.4169],[-52.71492,-25.41692],[-52.71487,-25.41658],[-52.71532,-25.41624],[-52.71551,-25.41508]],[[-52.71601,-25.42464],[-52.71558,-25.42421],[-52.7156,-25.42393],[-52.71643,-25.42391],[-52.71787,-25.42438],[-52.7186,-25.42434],[-52.71921,-25.42469],[-52.71964,-25.42468],[-52.71992,-25.42492],[-52.71991,-25.42512],[-52.7193,-25.42571],[-52.71906,-25.42636],[-52.71841,-25.42614],[-52.71801,-25.42627],[-52.71751,-25.42606],[-52.71735,-25.42651],[-52.71669,-25.42589],[-52.71601,-25.42464]],[[-52.71654,-25.43241],[-52.71704,-25.43254],[-52.7173,-25.43317],[-52.71775,-25.43353],[-52.71798,-25.43398],[-52.71753,-25.43412],[-52.71622,-25.43317],[-52.71613,-25.4329],[-52.71649,-25.43263],[-52.71654,-25.43241]],[[-52.71771,-25.40601],[-52.71809,-25.40582],[-52.71817,-25.40549],[-52.71884,-25.40527],[-52.72127,-25.40628],[-52.72113,-25.40652],[-52.72042,-25.40691],[-52.72087,-25.40736],[-52.72139,-25.40741],[-52.72157,-25.40779],[-52.72135,-25.40832],[-52.72144,-25.40854],[-52.72182,-25.40867],[-52.72199,-25.40848],[-52.72272,-25.4092],[-52.72351,-25.40933],[-52.7242,-25.40925],[-52.72421,-25.40884],[-52.7255,-25.40836],[-52.72599,-25.40917],[-52.72698,-25.40911],[-52.72759,-25.4082],[-52.7282,-25.40808],[-52.7284,-25.40818],[-52.72888,-25.40789],[-52.72939,-25.40794],[-52.72954,-25.40861],[-52.72904,-25.40998],[-52.72849,-25.41041],[-52.72731,-25.41094],[-52.72628,-25.41105],[-52.72594,-25.41129],[-52.72517,-25.41081],[-52.72414,-25.41056],[-52.72333,-25.41016],[-52.72244,-25.40999],[-52.72237,-25.41016],[-52.7216,-25.41015],[-52.72148,-25.40973],[-52.72103,-25.4094],[-52.72069,-25.40971],[-52.71942,-25.40858],[-52.71829,-25.40845],[-52.71759,-25.40779],[-52.71742,-25.40725],[-52.71789,-25.40688],[-52.71771,-25.40601]],[[-52.71915,-25.43461],[-52.71906,-25.43394],[-52.71924,-25.43362],[-52.71951,-25.43362],[-52.72,-25.43394],[-52.72027,-25.43506],[-52.72072,-25.43538],[-52.7218,-25.43569],[-52.72158,-25.43605],[-52.72158,-25.43641],[-52.72261,-25.43718],[-52.72252,-25.43736],[-52.72077,-25.43736],[-52.72041,-25.43812],[-52.71951,-25.43763],[-52.71969,-25.43727],[-52.71964,-25.437],[-52.71888,-25.43596],[-52.71915,-25.43461]],[[-52.72663,-25.40651],[-52.72573,-25.40779],[-52.72483,-25.40786],[-52.72439,-25.40805],[-52.72397,-25.40715],[-52.72388,-25.40581],[-52.7262,-25.40557],[-52.72654,-25.40599],[-52.72663,-25.40651]],[[-52.72739,-25.41389],[-52.72832,-25.41518],[-52.72856,-25.41572],[-52.73185,-25.41703],[-52.73317,-25.41797],[-52.73362,-25.41861],[-52.73316,-25.4194],[-52.73337,-25.42016],[-52.73289,-25.42083],[-52.73235,-25.42084],[-52.73218,-25.42062],[-52.73191,-25.41931],[-52.73029,-25.41806],[-52.72738,-25.41795],[-52.72685,-25.41859],[-52.72587,-25.41802],[-52.72558,-25.41751],[-52.72611,-25.41746],[-52.72726,-25.41569],[-52.72696,-25.41423],[-52.72739,-25.41389]],[[-52.72747,-25.40656],[-52.72808,-25.40566],[-52.72816,-25.40531],[-52.72776,-25.40533],[-52.72777,-25.40475],[-52.72834,-25.40467],[-52.7284,-25.40443],[-52.72871,-25.40477],[-52.72867,-25.40563],[-52.72773,-25.40748],[-52.72725,-25.40761],[-52.72698,-25.40709],[-52.72764,-25.40687],[-52.72747,-25.40656]],[[-52.73407,-25.40224],[-52.73358,-25.40252],[-52.73287,-25.40141],[-52.73227,-25.40135],[-52.73107,-25.40166],[-52.73067,-25.40112],[-52.72966,-25.40077],[-52.7294,-25.40082],[-52.7293,-25.40178],[-52.72893,-25.4022],[-52.72872,-25.40198],[-52.72898,-25.40152],[-52.72853,-25.39905],[-52.72931,-25.39784],[-52.72987,-25.39726],[-52.72993,-25.39661],[-52.73033,-25.39657],[-52.73265,-25.39781],[-52.7328,-25.39806],[-52.73231,-25.39895],[-52.73264,-25.39957],[-52.73333,-25.40018],[-52.73407,-25.40224]],[[-52.73398,-25.42389],[-52.73416,-25.4242],[-52.7346,-25.4242],[-52.73464,-25.42433],[-52.73539,-25.42455],[-52.73677,-25.42436],[-52.73706,-25.4246],[-52.73768,-25.42469],[-52.73785,-25.42526],[-52.73728,-25.42653],[-52.73688,-25.42649],[-52.73644,-25.42596],[-52.7357,-25.42572],[-52.73548,-25.42548],[-52.73416,-25.42557],[-52.73372,-25.42579],[-52.73372,-25.42592],[-52.7353,-25.42633],[-52.73577,-25.427],[-52.73658,-25.42762],[-52.73334,-25.42872],[-52.7326,-25.42857],[-52.73089,-25.42865],[-52.73008,-25.4284],[-52.72945,-25.42766],[-52.72926,-25.42713],[-52.72927,-25.42673],[-52.72954,-25.4264],[-52.73094,-25.42587],[-52.73187,-25.42587],[-52.73178,-25.42513],[-52.73235,-25.42482],[-52.73257,-25.42438],[-52.73314,-25.42438],[-52.73376,-25.42389],[-52.73398,-25.42389]],[[-52.73776,-25.43069],[-52.73779,-25.43142],[-52.73749,-25.43149],[-52.7372,-25.43146],[-52.73684,-25.43094],[-52.73657,-25.43095],[-52.73738,-25.43278],[-52.73546,-25.43319],[-52.73512,-25.43298],[-52.73445,-25.43321],[-52.73441,-25.43296],[-52.73487,-25.43238],[-52.7349,-25.43193],[-52.73455,-25.43142],[-52.7336,-25.431],[-52.73352,-25.4308],[-52.73374,-25.4306],[-52.73422,-25.43061],[-52.73476,-25.42971],[-52.73592,-25.42924],[-52.73655,-25.42921],[-52.73723,-25.42984],[-52.73776,-25.43069]],[[-52.7391,-25.42331],[-52.73968,-25.42325],[-52.73999,-25.42373],[-52.74094,-25.42382],[-52.74146,-25.42448],[-52.74179,-25.42445],[-52.74186,-25.42477],[-52.74089,-25.42532],[-52.74098,-25.42579],[-52.73975,-25.42639],[-52.73959,-25.42744],[-52.73876,-25.42803],[-52.73834,-25.42801],[-52.7375,-25.42719],[-52.7379,-25.42664],[-52.7382,-25.42582],[-52.73847,-25.42561],[-52.73878,-25.42473],[-52.73917,-25.42477],[-52.73935,-25.4246],[-52.73901,-25.42353],[-52.7391,-25.42331]],[[-52.74232,-25.42598],[-52.74229,-25.42551],[-52.74335,-25.42518],[-52.74432,-25.42579],[-52.74399,-25.42597],[-52.74255,-25.42606],[-52.74232,-25.42598]],[[-52.75273,-25.46271],[-52.75541,-25.46384],[-52.75382,-25.46514],[-52.75328,-25.46586],[-52.7528,-25.46567],[-52.75271,-25.46537],[-52.75293,-25.46505],[-52.75249,-25.46475],[-52.75214,-25.4642],[-52.75227,-25.46382],[-52.75198,-25.46354],[-52.75044,-25.46312],[-52.75028,-25.46269],[-52.74955,-25.46272],[-52.74929,-25.46305],[-52.74828,-25.46302],[-52.74785,-25.46247],[-52.74737,-25.46247],[-52.74624,-25.46289],[-52.74576,-25.46274],[-52.7443,-25.46305],[-52.74478,-25.46266],[-52.74647,-25.46216],[-52.74895,-25.46172],[-52.7499,-25.46184],[-52.75273,-25.46271]],[[-52.7502,-25.47751],[-52.75051,-25.47793],[-52.75097,-25.4795],[-52.75059,-25.47988],[-52.74997,-25.4796],[-52.74898,-25.47955],[-52.74799,-25.47993],[-52.7474,-25.47831],[-52.7478,-25.4777],[-52.74752,-25.4774],[-52.74774,-25.4769],[-52.74821,-25.47663],[-52.74894,-25.47703],[-52.74993,-25.47714],[-52.74993,-25.47745],[-52.7502,-25.47751]],[[-52.75685,-25.50907],[-52.75638,-25.50936],[-52.75639,-25.50966],[-52.75614,-25.50999],[-52.75578,-25.50975],[-52.75526,-25.50831],[-52.7556,-25.5081],[-52.7556,-25.50788],[-52.75639,-25.50793],[-52.75694,-25.50816],[-52.75685,-25.50907]],[[-52.75581,-25.51155],[-52.75602,-25.51149],[-52.75672,-25.51284],[-52.75694,-25.51284],[-52.75708,-25.51259],[-52.75696,-25.51216],[-52.7578,-25.51231],[-52.75796,-25.5122],[-52.75904,-25.51227],[-52.75953,-25.51306],[-52.75974,-25.51397],[-52.75958,-25.51435],[-52.75968,-25.51472],[-52.75999,-25.51502],[-52.75983,-25.51523],[-52.75838,-25.51592],[-52.75664,-25.5157],[-52.7562,-25.51545],[-52.75599,-25.51501],[-52.75651,-25.51416],[-52.7566,-25.51363],[-52.75627,-25.51298],[-52.75627,-25.51263],[-52.75573,-25.51199],[-52.75581,-25.51155]],[[-52.76121,-25.46796],[-52.76338,-25.46724],[-52.76386,-25.46755],[-52.76424,-25.4676],[-52.76475,-25.46804],[-52.76627,-25.46887],[-52.76662,-25.46877],[-52.76765,-25.46915],[-52.76808,-25.46912],[-52.76806,-25.46948],[-52.76848,-25.47076],[-52.76911,-25.47082],[-52.76935,-25.47043],[-52.76986,-25.47038],[-52.77046,-25.46972],[-52.77102,-25.46937],[-52.77097,-25.46891],[-52.77146,-25.46858],[-52.77177,-25.46856],[-52.77187,-25.46823],[-52.77208,-25.46833],[-52.77149,-25.46964],[-52.77113,-25.46982],[-52.77137,-25.47021],[-52.77112,-25.47067],[-52.76981,-25.47199],[-52.76834,-25.47293],[-52.76787,-25.47289],[-52.76748,-25.4726],[-52.76685,-25.47279],[-52.76654,-25.47307],[-52.76672,-25.4736],[-52.76631,-25.47381],[-52.76601,-25.47347],[-52.76561,-25.47404],[-52.76277,-25.47561],[-52.76195,-25.47645],[-52.76165,-25.47711],[-52.76106,-25.47743],[-52.76022,-25.47728],[-52.76026,-25.47542],[-52.76094,-25.47416],[-52.76151,-25.47391],[-52.76155,-25.47347],[-52.76241,-25.47328],[-52.7627,-25.47299],[-52.76291,-25.47311],[-52.76275,-25.47428],[-52.76307,-25.47447],[-52.76366,-25.47445],[-52.76438,-25.4732],[-52.76546,-25.47243],[-52.7659,-25.47244],[-52.76696,-25.47109],[-52.7666,-25.47081],[-52.76663,-25.47027],[-52.76611,-25.47],[-52.76463,-25.4697],[-52.76379,-25.46985],[-52.76204,-25.46913],[-52.76004,-25.46917],[-52.75987,-25.46834],[-52.76065,-25.46795],[-52.76121,-25.46796]],[[-52.77399,-25.46802],[-52.77262,-25.4685],[-52.77239,-25.46835],[-52.77321,-25.4677],[-52.77353,-25.46721],[-52.77355,-25.46677],[-52.77324,-25.46623],[-52.77255,-25.4657],[-52.77195,-25.46593],[-52.77045,-25.46527],[-52.76998,-25.46526],[-52.7694,-25.46559],[-52.76878,-25.46519],[-52.76863,-25.46439],[-52.76874,-25.46383],[-52.7702,-25.46336],[-52.77115,-25.46338],[-52.77216,-25.46401],[-52.77414,-25.46485],[-52.77479,-25.46532],[-52.77592,-25.46684],[-52.77585,-25.46715],[-52.77543,-25.46722],[-52.77399,-25.46802]]],[[[-52.61832,-25.40347],[-52.61817,-25.4033],[-52.61832,-25.40351],[-52.61832,-25.40347]]]]}},{"type":"Feature","properties":{"cnuc":"0000.00.0172","nome":"PARQUE NACIONAL DO IGUAÇU","categoria":"Parque","grupo":"Proteção Integral","esfera":"Federal","area_ha":169850.63,"criacao":"11-01-1939","gestor":"INSTITUTO CHICO MENDES DE CONSERVAÇÃO DA BIODIVERSIDADE","uf":"PARANÁ","plano_manejo":"Sim"},"geometry":{"type":"Polygon","coordinates":[[[-53.63228,-25.05245],[-53.63209,-25.05448],[-53.63244,-25.05481],[-53.63239,-25.05522],[-53.63256,-25.05591],[-53.63273,-25.05606],[-53.63262,-25.05649],[-53.63294,-25.05688],[-53.63284,-25.05719],[-53.63295,-25.05739],[-53.63279,-25.05767],[-53.63327,-25.05875],[-53.63379,-25.05918],[-53.63337,-25.05995],[-53.63341,-25.06019],[-53.63367,-25.06031],[-53.63364,-25.06091],[-53.63409,-25.06106],[-53.63391,-25.06144],[-53.63472,-25.06275],[-53.63492,-25.06337],[-53.63457,-25.06356],[-53.63394,-25.06482],[-53.63367,-25.06485],[-53.63384,-25.06549],[-53.63365,-25.06556],[-53.6337,-25.06586],[-53.63348,-25.06584],[-53.63361,-25.0661],[-53.63345,-25.06638],[-53.63354,-25.06665],[-53.6334,-25.06712],[-53.63286,-25.06751],[-53.63285,-25.06782],[-53.6323,-25.06846],[-53.63246,-25.06892],[-53.63274,-25.06891],[-53.63286,-25.06937],[-53.63256,-25.06957],[-53.63238,-25.06997],[-53.6321,-25.06998],[-53.63228,-25.07027],[-53.63195,-25.07058],[-53.6313,-25.07222],[-53.63146,-25.07236],[-53.63149,-25.07329],[-53.63125,-25.07351],[-53.63127,-25.07369],[-53.63164,-25.07403],[-53.63154,-25.07432],[-53.63089,-25.0749],[-53.63112,-25.07512],[-53.63097,-25.07527],[-53.63075,-25.07508],[-53.63021,-25.07542],[-53.63025,-25.07561],[-53.63008,-25.07557],[-53.62997,-25.07594],[-53.63035,-25.07591],[-53.62998,-25.07603],[-53.62949,-25.07659],[-53.62892,-25.07666],[-53.62881,-25.07687],[-53.62855,-25.07692],[-53.62838,-25.07714],[-53.62853,-25.07733],[-53.6283,-25.07742],[-53.62835,-25.07754],[-53.62803,-25.07738],[-53.62813,-25.07764],[-53.62783,-25.07758],[-53.62785,-25.07795],[-53.62692,-25.07858],[-53.6268,-25.07882],[-53.62643,-25.07901],[-53.62585,-25.07888],[-53.62573,-25.07916],[-53.62539,-25.07907],[-53.62521,-25.07939],[-53.62504,-25.07913],[-53.62491,-25.07943],[-53.62436,-25.07953],[-53.62423,-25.07978],[-53.62399,-25.07975],[-53.62289,-25.08131],[-53.62335,-25.08181],[-53.62329,-25.08202],[-53.62285,-25.08188],[-53.62283,-25.08203],[-53.62313,-25.08243],[-53.62345,-25.08342],[-53.62364,-25.08362],[-53.62375,-25.0834],[-53.62392,-25.08343],[-53.62424,-25.08378],[-53.62417,-25.08407],[-53.62361,-25.0844],[-53.62445,-25.08448],[-53.62443,-25.08492],[-53.62456,-25.08501],[-53.62529,-25.08495],[-53.62524,-25.08561],[-53.62506,-25.08578],[-53.62526,-25.08603],[-53.62576,-25.08592],[-53.62576,-25.08613],[-53.626,-25.08623],[-53.62621,-25.08606],[-53.62605,-25.08569],[-53.62619,-25.08562],[-53.62679,-25.08579],[-53.62707,-25.08621],[-53.62787,-25.08635],[-53.62836,-25.08686],[-53.62922,-25.08663],[-53.62922,-25.08692],[-53.62943,-25.08707],[-53.62968,-25.08697],[-53.62971,-25.08673],[-53.63001,-25.08692],[-53.63064,-25.08697],[-53.63056,-25.08735],[-53.63025,-25.08761],[-53.63047,-25.08858],[-53.63016,-25.08901],[-53.63023,-25.08928],[-53.63073,-25.08932],[-53.63041,-25.08973],[-53.63077,-25.09026],[-53.63016,-25.0908],[-53.63059,-25.09141],[-53.63057,-25.09192],[-53.63085,-25.09221],[-53.63103,-25.09212],[-53.63062,-25.09265],[-53.63061,-25.09293],[-53.63074,-25.09317],[-53.63129,-25.093],[-53.63137,-25.09338],[-53.63196,-25.09338],[-53.63195,-25.09362],[-53.63156,-25.0939],[-53.63146,-25.09453],[-53.63167,-25.0948],[-53.63225,-25.09501],[-53.63308,-25.09483],[-53.63319,-25.09466],[-53.63417,-25.09493],[-53.63448,-25.09519],[-53.63475,-25.09581],[-53.63467,-25.09633],[-53.63516,-25.09708],[-53.63556,-25.09731],[-53.63546,-25.0977],[-53.63586,-25.09772],[-53.63637,-25.09835],[-53.63588,-25.09853],[-53.63578,-25.09906],[-53.63545,-25.09933],[-53.6359,-25.10047],[-53.63646,-25.10055],[-53.63677,-25.10081],[-53.6378,-25.10098],[-53.63776,-25.10168],[-53.6379,-25.10211],[-53.6374,-25.10267],[-53.63842,-25.10305],[-53.63847,-25.10366],[-53.63829,-25.10399],[-53.63787,-25.10343],[-53.63755,-25.10357],[-53.63789,-25.10414],[-53.63791,-25.10525],[-53.63774,-25.10598],[-53.63807,-25.10674],[-53.63901,-25.10775],[-53.639,-25.10804],[-53.63879,-25.10827],[-53.63793,-25.10842],[-53.63799,-25.109],[-53.6378,-25.10917],[-53.63734,-25.10931],[-53.63696,-25.10889],[-53.63669,-25.10935],[-53.63617,-25.10955],[-53.63655,-25.11017],[-53.63674,-25.11192],[-53.63739,-25.11208],[-53.63832,-25.11152],[-53.63876,-25.11143],[-53.63908,-25.11151],[-53.63937,-25.11191],[-53.63998,-25.11223],[-53.64069,-25.11208],[-53.64133,-25.11267],[-53.64228,-25.11281],[-53.64263,-25.11272],[-53.64292,-25.11166],[-53.64318,-25.11168],[-53.64303,-25.11209],[-53.6431,-25.11239],[-53.64372,-25.11274],[-53.64361,-25.11454],[-53.6441,-25.11458],[-53.64425,-25.11477],[-53.64331,-25.11571],[-53.64349,-25.11688],[-53.6431,-25.11655],[-53.64289,-25.11662],[-53.64307,-25.11701],[-53.64363,-25.11734],[-53.64367,-25.11796],[-53.64438,-25.11825],[-53.64439,-25.11854],[-53.64417,-25.11949],[-53.64333,-25.11993],[-53.64399,-25.12015],[-53.64437,-25.12008],[-53.64491,-25.11937],[-53.64518,-25.11957],[-53.64547,-25.12038],[-53.64565,-25.12048],[-53.64611,-25.12023],[-53.64642,-25.12031],[-53.64647,-25.12086],[-53.64735,-25.12156],[-53.64764,-25.12161],[-53.64788,-25.12154],[-53.64782,-25.1212],[-53.64799,-25.12101],[-53.64958,-25.12052],[-53.64986,-25.12059],[-53.64958,-25.12126],[-53.65032,-25.12168],[-53.65033,-25.12192],[-53.64992,-25.12232],[-53.64961,-25.12198],[-53.64944,-25.12199],[-53.6495,-25.12276],[-53.6493,-25.124],[-53.64966,-25.12434],[-53.6499,-25.12401],[-53.65021,-25.12491],[-53.65068,-25.12466],[-53.65272,-25.12621],[-53.65456,-25.12575],[-53.65565,-25.12589],[-53.65724,-25.12548],[-53.65772,-25.12493],[-53.65824,-25.12483],[-53.65855,-25.12491],[-53.65889,-25.12531],[-53.65924,-25.12526],[-53.65938,-25.12549],[-53.65917,-25.12608],[-53.65938,-25.12645],[-53.6592,-25.1269],[-53.65835,-25.12808],[-53.65827,-25.12838],[-53.65954,-25.12911],[-53.65978,-25.12942],[-53.65984,-25.13051],[-53.65943,-25.1309],[-53.65778,-25.13095],[-53.65735,-25.13171],[-53.65657,-25.13265],[-53.65614,-25.13281],[-53.65598,-25.13318],[-53.65565,-25.13326],[-53.65557,-25.13286],[-53.65534,-25.13268],[-53.65501,-25.13321],[-53.65375,-25.13263],[-53.65272,-25.13301],[-53.65248,-25.13349],[-53.65288,-25.13419],[-53.65432,-25.13483],[-53.6548,-25.13585],[-53.65467,-25.13639],[-53.65378,-25.1376],[-53.65251,-25.13655],[-53.65212,-25.1366],[-53.65181,-25.13723],[-53.65196,-25.13838],[-53.65378,-25.13953],[-53.65452,-25.14053],[-53.65483,-25.14055],[-53.65518,-25.14031],[-53.65591,-25.13932],[-53.6563,-25.13911],[-53.65663,-25.13942],[-53.65684,-25.14003],[-53.65686,-25.14098],[-53.65727,-25.14132],[-53.65792,-25.14145],[-53.65837,-25.14137],[-53.65957,-25.14074],[-53.66255,-25.14009],[-53.66323,-25.13955],[-53.66331,-25.14033],[-53.66369,-25.14074],[-53.66342,-25.14151],[-53.66313,-25.14188],[-53.66201,-25.1423],[-53.66134,-25.14283],[-53.6614,-25.1433],[-53.66079,-25.14405],[-53.65876,-25.14388],[-53.65788,-25.14333],[-53.65742,-25.1433],[-53.65716,-25.14341],[-53.6567,-25.1441],[-53.65632,-25.14522],[-53.65549,-25.14567],[-53.65473,-25.14642],[-53.65504,-25.1474],[-53.65513,-25.14863],[-53.65485,-25.14915],[-53.65502,-25.14959],[-53.6548,-25.14984],[-53.65478,-25.15037],[-53.65521,-25.15092],[-53.65549,-25.15101],[-53.65616,-25.15074],[-53.6566,-25.15107],[-53.65746,-25.15112],[-53.65818,-25.15207],[-53.6579,-25.15248],[-53.65798,-25.15289],[-53.65852,-25.15304],[-53.65882,-25.15342],[-53.65989,-25.15342],[-53.66314,-25.15427],[-53.66378,-25.15389],[-53.66431,-25.15382],[-53.66525,-25.1541],[-53.6653,-25.15454],[-53.66503,-25.15503],[-53.66398,-25.15586],[-53.66341,-25.15691],[-53.66331,-25.15748],[-53.66264,-25.15774],[-53.66218,-25.15823],[-53.66166,-25.15843],[-53.6615,-25.15882],[-53.66018,-25.15942],[-53.65984,-25.1593],[-53.65955,-25.15956],[-53.65906,-25.16048],[-53.65957,-25.16202],[-53.65994,-25.16225],[-53.65966,-25.16344],[-53.65932,-25.16406],[-53.65883,-25.16387],[-53.65854,-25.16336],[-53.65778,-25.16271],[-53.65683,-25.16319],[-53.65561,-25.16318],[-53.65523,-25.16352],[-53.65425,-25.1637],[-53.65425,-25.16449],[-53.65454,-25.16532],[-53.65419,-25.16684],[-53.6538,-25.16729],[-53.65347,-25.16829],[-53.65373,-25.16895],[-53.65547,-25.16801],[-53.65656,-25.16845],[-53.65644,-25.16989],[-53.65595,-25.17182],[-53.65606,-25.17246],[-53.65552,-25.17264],[-53.65432,-25.17347],[-53.65351,-25.17434],[-53.65625,-25.17565],[-53.65694,-25.17531],[-53.6569,-25.17584],[-53.65661,-25.17599],[-53.65596,-25.17593],[-53.65533,-25.17635],[-53.65506,-25.17603],[-53.65486,-25.176],[-53.65414,-25.17638],[-53.65446,-25.17797],[-53.65434,-25.18],[-53.65526,-25.18136],[-53.65686,-25.18245],[-53.65698,-25.18275],[-53.65649,-25.18292],[-53.65599,-25.18203],[-53.65471,-25.18175],[-53.65395,-25.18221],[-53.65439,-25.18313],[-53.65482,-25.18615],[-53.65496,-25.18755],[-53.65465,-25.18813],[-53.65559,-25.18887],[-53.65526,-25.18949],[-53.65533,-25.1897],[-53.65662,-25.19016],[-53.65672,-25.19032],[-53.65647,-25.19068],[-53.65582,-25.19102],[-53.65523,-25.19158],[-53.65533,-25.19235],[-53.65522,-25.19257],[-53.65464,-25.19206],[-53.65435,-25.19202],[-53.65398,-25.19341],[-53.65417,-25.19539],[-53.65347,-25.1961],[-53.65349,-25.19706],[-53.65287,-25.19788],[-53.65133,-25.19787],[-53.6507,-25.19749],[-53.65013,-25.19767],[-53.64942,-25.19879],[-53.64924,-25.20085],[-53.64825,-25.20134],[-53.64757,-25.20118],[-53.64665,-25.20124],[-53.64663,-25.20093],[-53.64738,-25.20067],[-53.64813,-25.20011],[-53.64803,-25.19988],[-53.64768,-25.19978],[-53.64701,-25.19986],[-53.64544,-25.20116],[-53.64458,-25.20296],[-53.64479,-25.2034],[-53.64661,-25.20481],[-53.64734,-25.20589],[-53.64882,-25.20646],[-53.64988,-25.20783],[-53.65053,-25.2083],[-53.65115,-25.2083],[-53.65222,-25.20785],[-53.65368,-25.20672],[-53.65406,-25.20674],[-53.6547,-25.20706],[-53.65482,-25.20749],[-53.65453,-25.20805],[-53.65159,-25.21039],[-53.65069,-25.21065],[-53.65047,-25.21089],[-53.65049,-25.2113],[-53.65106,-25.21265],[-53.65145,-25.21481],[-53.652,-25.21514],[-53.65284,-25.21519],[-53.65311,-25.21546],[-53.6528,-25.21583],[-53.65164,-25.2162],[-53.64932,-25.21636],[-53.64836,-25.21713],[-53.64775,-25.21792],[-53.64723,-25.21824],[-53.6463,-25.21974],[-53.64574,-25.22032],[-53.64337,-25.2219],[-53.64316,-25.22297],[-53.64342,-25.22425],[-53.64455,-25.22707],[-53.64522,-25.23069],[-53.64601,-25.23142],[-53.64603,-25.23165],[-53.64589,-25.23192],[-53.64543,-25.23201],[-53.64389,-25.23104],[-53.64282,-25.23092],[-53.64275,-25.23133],[-53.64217,-25.2318],[-53.64203,-25.23325],[-53.64115,-25.2347],[-53.64135,-25.23573],[-53.64165,-25.23618],[-53.64269,-25.237],[-53.64266,-25.23711],[-53.64349,-25.23734],[-53.64381,-25.23845],[-53.64337,-25.23898],[-53.64262,-25.23918],[-53.64238,-25.23899],[-53.6422,-25.23797],[-53.64181,-25.23798],[-53.64054,-25.23872],[-53.63989,-25.23885],[-53.63848,-25.23849],[-53.63788,-25.239],[-53.63741,-25.23982],[-53.63674,-25.24038],[-53.63642,-25.24156],[-53.63665,-25.24225],[-53.63725,-25.24245],[-53.63875,-25.24257],[-53.6386,-25.24377],[-53.6389,-25.24449],[-53.63873,-25.24546],[-53.63762,-25.24704],[-53.6368,-25.24765],[-53.63661,-25.24791],[-53.63663,-25.24819],[-53.63776,-25.24872],[-53.6407,-25.24907],[-53.64372,-25.24914],[-53.64385,-25.24935],[-53.64397,-25.25047],[-53.64443,-25.25142],[-53.64448,-25.25256],[-53.64536,-25.25353],[-53.64551,-25.25396],[-53.64507,-25.2581],[-53.64525,-25.25832],[-53.64562,-25.25823],[-53.64574,-25.25797],[-53.64716,-25.2572],[-53.64856,-25.25577],[-53.64938,-25.25445],[-53.6497,-25.25433],[-53.65063,-25.2546],[-53.65196,-25.25542],[-53.65354,-25.25682],[-53.65411,-25.25802],[-53.65417,-25.25885],[-53.65364,-25.26022],[-53.65355,-25.2609],[-53.65305,-25.26164],[-53.65037,-25.26413],[-53.65007,-25.26457],[-53.64889,-25.26553],[-53.6487,-25.26556],[-53.6484,-25.26528],[-53.64797,-25.26529],[-53.64776,-25.2656],[-53.64811,-25.26669],[-53.6484,-25.26688],[-53.64837,-25.26704],[-53.64828,-25.26719],[-53.64778,-25.26724],[-53.64697,-25.26766],[-53.64695,-25.26818],[-53.64829,-25.27201],[-53.64865,-25.2735],[-53.64844,-25.27404],[-53.6478,-25.27414],[-53.64535,-25.27259],[-53.6443,-25.27162],[-53.64442,-25.27093],[-53.64395,-25.27],[-53.64331,-25.26941],[-53.64212,-25.26894],[-53.64127,-25.26907],[-53.64049,-25.26963],[-53.63955,-25.27125],[-53.63901,-25.27304],[-53.63905,-25.27388],[-53.63969,-25.27539],[-53.63855,-25.27739],[-53.63848,-25.27787],[-53.63891,-25.27891],[-53.63934,-25.2794],[-53.64259,-25.28149],[-53.64307,-25.28142],[-53.64372,-25.28102],[-53.645,-25.27933],[-53.64567,-25.27909],[-53.64686,-25.27993],[-53.64835,-25.28156],[-53.64848,-25.28258],[-53.64809,-25.28325],[-53.64707,-25.28464],[-53.6459,-25.28561],[-53.64551,-25.2863],[-53.64833,-25.2894],[-53.65053,-25.29147],[-53.65053,-25.29165],[-53.65009,-25.29194],[-53.64823,-25.29218],[-53.64701,-25.29193],[-53.64617,-25.29194],[-53.64457,-25.29163],[-53.64248,-25.29088],[-53.64158,-25.29021],[-53.63995,-25.28966],[-53.63858,-25.29016],[-53.63595,-25.29198],[-53.63547,-25.29254],[-53.63549,-25.29321],[-53.63652,-25.29472],[-53.63966,-25.29823],[-53.6399,-25.29891],[-53.63937,-25.29971],[-53.63982,-25.30041],[-53.64186,-25.3009],[-53.64637,-25.30084],[-53.64837,-25.30102],[-53.6489,-25.30132],[-53.65044,-25.30319],[-53.65248,-25.30495],[-53.65254,-25.30526],[-53.65241,-25.30552],[-53.65211,-25.30559],[-53.65191,-25.30589],[-53.65032,-25.30705],[-53.64806,-25.3081],[-53.64631,-25.30927],[-53.6463,-25.30968],[-53.64645,-25.30989],[-53.64683,-25.31],[-53.64852,-25.30898],[-53.64911,-25.30905],[-53.64933,-25.30983],[-53.64837,-25.31142],[-53.64735,-25.31111],[-53.64444,-25.30937],[-53.64409,-25.30885],[-53.6433,-25.3065],[-53.64291,-25.30615],[-53.64197,-25.30602],[-53.63952,-25.30639],[-53.63912,-25.30664],[-53.63908,-25.30743],[-53.6395,-25.30835],[-53.63929,-25.3089],[-53.63891,-25.3088],[-53.63862,-25.3083],[-53.6384,-25.30833],[-53.63768,-25.30951],[-53.63591,-25.31109],[-53.63515,-25.31203],[-53.63424,-25.31179],[-53.63377,-25.3121],[-53.63377,-25.31233],[-53.63413,-25.3126],[-53.63429,-25.31296],[-53.63428,-25.31359],[-53.63459,-25.31378],[-53.6364,-25.31294],[-53.63671,-25.31263],[-53.63699,-25.31274],[-53.63686,-25.31346],[-53.63696,-25.3144],[-53.6365,-25.31486],[-53.63661,-25.31509],[-53.63921,-25.31522],[-53.64062,-25.31506],[-53.6411,-25.31517],[-53.64224,-25.31582],[-53.64478,-25.31652],[-53.64612,-25.31715],[-53.64619,-25.31731],[-53.6459,-25.31813],[-53.64594,-25.31842],[-53.64612,-25.31853],[-53.64671,-25.31866],[-53.64715,-25.31842],[-53.64735,-25.31847],[-53.64754,-25.31994],[-53.64717,-25.32064],[-53.64567,-25.32215],[-53.64391,-25.32355],[-53.64373,-25.32391],[-53.64313,-25.3255],[-53.64308,-25.32598],[-53.64337,-25.32669],[-53.64499,-25.32744],[-53.64546,-25.32736],[-53.64659,-25.32674],[-53.64781,-25.32555],[-53.64882,-25.32366],[-53.64941,-25.32195],[-53.64976,-25.32156],[-53.65027,-25.32133],[-53.65202,-25.32242],[-53.65419,-25.32506],[-53.65619,-25.32647],[-53.65716,-25.32674],[-53.65697,-25.32716],[-53.65641,-25.32751],[-53.65534,-25.32785],[-53.65489,-25.32882],[-53.65466,-25.32977],[-53.65417,-25.33043],[-53.65321,-25.33239],[-53.65246,-25.33327],[-53.65161,-25.3336],[-53.6491,-25.33413],[-53.64821,-25.33473],[-53.6464,-25.33552],[-53.64416,-25.33591],[-53.64376,-25.33644],[-53.64405,-25.33773],[-53.64447,-25.33843],[-53.64465,-25.33852],[-53.64593,-25.33823],[-53.64662,-25.33846],[-53.64708,-25.33882],[-53.64724,-25.33947],[-53.64691,-25.34166],[-53.6473,-25.34208],[-53.6486,-25.34202],[-53.6511,-25.34137],[-53.65232,-25.34045],[-53.65303,-25.34047],[-53.65398,-25.34082],[-53.65424,-25.34117],[-53.65369,-25.34157],[-53.65354,-25.34219],[-53.65243,-25.34458],[-53.65206,-25.34506],[-53.65199,-25.34555],[-53.65287,-25.34608],[-53.6533,-25.34609],[-53.65385,-25.34498],[-53.65439,-25.34501],[-53.65643,-25.34634],[-53.65793,-25.34847],[-53.6588,-25.35155],[-53.65937,-25.35253],[-53.6592,-25.35307],[-53.65879,-25.35346],[-53.65745,-25.35405],[-53.6574,-25.35484],[-53.65685,-25.35568],[-53.6565,-25.35702],[-53.65661,-25.35756],[-53.65751,-25.35833],[-53.65706,-25.35924],[-53.65676,-25.35951],[-53.65696,-25.35995],[-53.65803,-25.36099],[-53.65804,-25.36199],[-53.65541,-25.36275],[-53.65498,-25.36293],[-53.65492,-25.36328],[-53.65539,-25.36378],[-53.65656,-25.3644],[-53.65837,-25.36494],[-53.65944,-25.36553],[-53.66076,-25.36663],[-53.66073,-25.36799],[-53.66098,-25.36871],[-53.66104,-25.37013],[-53.66162,-25.37047],[-53.66242,-25.37066],[-53.66411,-25.3707],[-53.66463,-25.37107],[-53.66471,-25.37144],[-53.66456,-25.37182],[-53.66384,-25.37268],[-53.66314,-25.37387],[-53.66267,-25.37544],[-53.66223,-25.37603],[-53.66184,-25.37725],[-53.66218,-25.37813],[-53.66281,-25.37864],[-53.66401,-25.37882],[-53.66627,-25.37789],[-53.66766,-25.37698],[-53.66812,-25.37647],[-53.6693,-25.37431],[-53.6732,-25.37262],[-53.67641,-25.3707],[-53.67754,-25.36876],[-53.67781,-25.36871],[-53.67827,-25.36906],[-53.67868,-25.37016],[-53.67871,-25.37058],[-53.67797,-25.37159],[-53.67804,-25.3726],[-53.67738,-25.3756],[-53.67492,-25.37786],[-53.67466,-25.37836],[-53.67505,-25.37972],[-53.67698,-25.38225],[-53.67703,-25.38291],[-53.67652,-25.38372],[-53.67241,-25.38657],[-53.67175,-25.38709],[-53.6716,-25.38757],[-53.67201,-25.38826],[-53.67315,-25.38907],[-53.6759,-25.39015],[-53.6768,-25.39072],[-53.67747,-25.39252],[-53.67822,-25.39338],[-53.67954,-25.39337],[-53.68343,-25.39203],[-53.68502,-25.39281],[-53.6851,-25.39336],[-53.68476,-25.39438],[-53.68201,-25.39662],[-53.67875,-25.39728],[-53.67786,-25.39727],[-53.67707,-25.39753],[-53.67632,-25.398],[-53.67588,-25.40044],[-53.67595,-25.40304],[-53.67501,-25.4047],[-53.67503,-25.40667],[-53.6755,-25.40759],[-53.67488,-25.40964],[-53.67473,-25.40985],[-53.67419,-25.41004],[-53.67409,-25.41024],[-53.67496,-25.412],[-53.67497,-25.4127],[-53.67455,-25.41346],[-53.67467,-25.41408],[-53.67566,-25.41552],[-53.67622,-25.41604],[-53.67636,-25.4164],[-53.6759,-25.41927],[-53.67601,-25.41994],[-53.67663,-25.42029],[-53.67759,-25.42056],[-53.68043,-25.41966],[-53.6819,-25.42002],[-53.68249,-25.42174],[-53.68454,-25.42386],[-53.68446,-25.42405],[-53.68384,-25.42437],[-53.68109,-25.42464],[-53.68071,-25.42489],[-53.67937,-25.4252],[-53.67703,-25.4252],[-53.67424,-25.42739],[-53.67388,-25.42747],[-53.67296,-25.42732],[-53.6725,-25.42769],[-53.67306,-25.42911],[-53.67475,-25.43007],[-53.67643,-25.43139],[-53.678,-25.43185],[-53.68121,-25.43213],[-53.68169,-25.43225],[-53.68184,-25.43245],[-53.68186,-25.43332],[-53.68161,-25.4338],[-53.68014,-25.43553],[-53.67949,-25.4367],[-53.67938,-25.43789],[-53.67971,-25.43818],[-53.68034,-25.43841],[-53.6816,-25.4385],[-53.68475,-25.43759],[-53.68666,-25.43678],[-53.68898,-25.43618],[-53.69016,-25.43606],[-53.69088,-25.43632],[-53.69112,-25.43662],[-53.6915,-25.43761],[-53.69153,-25.43812],[-53.69149,-25.43874],[-53.68946,-25.4414],[-53.6884,-25.44181],[-53.68738,-25.44251],[-53.68512,-25.4446],[-53.68471,-25.44515],[-53.68185,-25.44695],[-53.68051,-25.44955],[-53.68061,-25.45009],[-53.68142,-25.45106],[-53.68201,-25.45125],[-53.68532,-25.45128],[-53.68844,-25.45279],[-53.68906,-25.45366],[-53.68899,-25.45402],[-53.68828,-25.45446],[-53.68462,-25.45557],[-53.6831,-25.45539],[-53.68201,-25.45485],[-53.68132,-25.4549],[-53.68082,-25.45515],[-53.68033,-25.45578],[-53.68037,-25.45649],[-53.68092,-25.45729],[-53.6819,-25.45788],[-53.68774,-25.45947],[-53.68879,-25.45956],[-53.69188,-25.45652],[-53.69278,-25.45589],[-53.69321,-25.45579],[-53.69558,-25.4561],[-53.69888,-25.45559],[-53.70046,-25.45489],[-53.70095,-25.45421],[-53.69993,-25.45197],[-53.70004,-25.45152],[-53.70024,-25.45138],[-53.70144,-25.45158],[-53.70201,-25.45212],[-53.70305,-25.45276],[-53.70365,-25.45595],[-53.70365,-25.45653],[-53.70352,-25.45671],[-53.7027,-25.45735],[-53.70074,-25.45941],[-53.6988,-25.46055],[-53.69658,-25.46228],[-53.69414,-25.46327],[-53.69174,-25.46524],[-53.69,-25.46614],[-53.68954,-25.46652],[-53.6885,-25.46788],[-53.68828,-25.46845],[-53.6904,-25.47129],[-53.69067,-25.47256],[-53.69099,-25.47318],[-53.69246,-25.4746],[-53.69927,-25.47473],[-53.70323,-25.47298],[-53.70456,-25.47264],[-53.70674,-25.4736],[-53.70728,-25.47388],[-53.70732,-25.47416],[-53.70645,-25.47545],[-53.70543,-25.47747],[-53.70461,-25.47821],[-53.70346,-25.47856],[-53.69969,-25.47824],[-53.69915,-25.47835],[-53.69861,-25.47964],[-53.69883,-25.48321],[-53.69879,-25.48368],[-53.69854,-25.48416],[-53.697,-25.48547],[-53.69401,-25.48734],[-53.69268,-25.48839],[-53.69218,-25.48852],[-53.69126,-25.48822],[-53.69066,-25.48847],[-53.68965,-25.49026],[-53.68852,-25.49178],[-53.68785,-25.49162],[-53.68612,-25.48974],[-53.68518,-25.48929],[-53.68437,-25.48946],[-53.68345,-25.49005],[-53.68315,-25.49066],[-53.6834,-25.49159],[-53.68305,-25.49187],[-53.68094,-25.49162],[-53.68045,-25.49133],[-53.68028,-25.49095],[-53.6793,-25.49009],[-53.67871,-25.48983],[-53.67819,-25.48983],[-53.6777,-25.49011],[-53.67695,-25.49215],[-53.67637,-25.49537],[-53.67655,-25.49652],[-53.67739,-25.49867],[-53.67814,-25.4995],[-53.67929,-25.50039],[-53.67851,-25.5071],[-53.68032,-25.5077],[-53.68081,-25.50805],[-53.68291,-25.51081],[-53.68376,-25.51234],[-53.68446,-25.51418],[-53.68475,-25.5156],[-53.68562,-25.51789],[-53.68535,-25.52035],[-53.68433,-25.52194],[-53.68486,-25.52333],[-53.68538,-25.52368],[-53.6858,-25.52441],[-53.68581,-25.52476],[-53.68611,-25.52509],[-53.68605,-25.52595],[-53.68633,-25.52628],[-53.68671,-25.5261],[-53.68717,-25.52613],[-53.68825,-25.52671],[-53.69063,-25.52894],[-53.69158,-25.53008],[-53.69176,-25.53137],[-53.69386,-25.53382],[-53.69638,-25.53607],[-53.69808,-25.53689],[-53.69972,-25.53706],[-53.70118,-25.53785],[-53.70192,-25.53878],[-53.70438,-25.54],[-53.70488,-25.5405],[-53.70536,-25.54049],[-53.70693,-25.54114],[-53.71006,-25.54073],[-53.71167,-25.54092],[-53.71258,-25.54159],[-53.71332,-25.54249],[-53.71389,-25.54407],[-53.71409,-25.54655],[-53.7143,-25.54728],[-53.71528,-25.54857],[-53.71554,-25.54968],[-53.71537,-25.55084],[-53.71501,-25.55183],[-53.71448,-25.55286],[-53.7137,-25.55365],[-53.71088,-25.55462],[-53.70944,-25.55633],[-53.70826,-25.56094],[-53.70692,-25.56355],[-53.70654,-25.56462],[-53.7059,-25.56815],[-53.70537,-25.56915],[-53.70289,-25.57117],[-53.70149,-25.57301],[-53.70062,-25.57503],[-53.70123,-25.58157],[-53.70182,-25.58339],[-53.7026,-25.58518],[-53.70571,-25.58796],[-53.71088,-25.59163],[-53.71364,-25.59293],[-53.71422,-25.59306],[-53.71483,-25.59284],[-53.71501,-25.59245],[-53.71604,-25.59187],[-53.72024,-25.59166],[-53.72223,-25.5906],[-53.72566,-25.58855],[-53.72992,-25.5841],[-53.73261,-25.58198],[-53.73696,-25.57892],[-53.74053,-25.57575],[-53.74176,-25.57454],[-53.74302,-25.57223],[-53.74439,-25.57059],[-53.74626,-25.56897],[-53.74802,-25.56761],[-53.75221,-25.56498],[-53.7557,-25.56397],[-53.75695,-25.56332],[-53.75823,-25.5621],[-53.76425,-25.55397],[-53.76641,-25.55261],[-53.76807,-25.55209],[-53.76923,-25.55216],[-53.76995,-25.5523],[-53.77089,-25.55336],[-53.77177,-25.55481],[-53.77511,-25.55807],[-53.77601,-25.55967],[-53.77668,-25.56226],[-53.77711,-25.56322],[-53.77681,-25.56696],[-53.77757,-25.56922],[-53.77746,-25.57096],[-53.77804,-25.57466],[-53.77791,-25.57556],[-53.77646,-25.57791],[-53.77636,-25.58034],[-53.77784,-25.58397],[-53.77658,-25.589],[-53.77657,-25.59009],[-53.77744,-25.59286],[-53.77845,-25.59834],[-53.77953,-25.6001],[-53.78154,-25.60215],[-53.78744,-25.6065],[-53.79536,-25.6086],[-53.79693,-25.60864],[-53.79859,-25.60845],[-53.80283,-25.6087],[-53.80639,-25.6078],[-53.81282,-25.60555],[-53.8142,-25.60489],[-53.81776,-25.60231],[-53.81945,-25.60038],[-53.81996,-25.59935],[-53.82014,-25.59845],[-53.82012,-25.59148],[-53.8203,-25.58961],[-53.8201,-25.58789],[-53.81961,-25.58594],[-53.81862,-25.58041],[-53.81816,-25.57919],[-53.81535,-25.57509],[-53.81068,-25.56759],[-53.80873,-25.56548],[-53.8043,-25.56179],[-53.80007,-25.55554],[-53.79966,-25.55435],[-53.79935,-25.55205],[-53.79869,-25.54958],[-53.79865,-25.54857],[-53.79994,-25.54566],[-53.80182,-25.54322],[-53.80356,-25.5427],[-53.80596,-25.54289],[-53.80687,-25.5428],[-53.81308,-25.54153],[-53.81414,-25.54147],[-53.81569,-25.54168],[-53.81925,-25.54288],[-53.82032,-25.54308],[-53.82115,-25.54347],[-53.82221,-25.54435],[-53.82293,-25.54519],[-53.82433,-25.54736],[-53.82759,-25.55059],[-53.83306,-25.55546],[-53.8388,-25.55983],[-53.84701,-25.56493],[-53.85183,-25.56825],[-53.8554,-25.5688],[-53.85793,-25.56983],[-53.8597,-25.57105],[-53.86087,-25.5722],[-53.86347,-25.57407],[-53.86524,-25.57589],[-53.87019,-25.58255],[-53.87245,-25.58498],[-53.87443,-25.58663],[-53.87461,-25.58694],[-53.87836,-25.5895],[-53.88156,-25.59146],[-53.88163,-25.59164],[-53.88188,-25.59161],[-53.88779,-25.59482],[-53.89166,-25.59635],[-53.89329,-25.5968],[-53.89719,-25.59698],[-53.89966,-25.59729],[-53.90433,-25.59626],[-53.90601,-25.59556],[-53.90819,-25.59387],[-53.90954,-25.59258],[-53.9112,-25.59044],[-53.91236,-25.58933],[-53.9143,-25.58828],[-53.91503,-25.58767],[-53.91998,-25.58188],[-53.92388,-25.57867],[-53.92684,-25.57669],[-53.93207,-25.57417],[-53.93394,-25.57362],[-53.93595,-25.57339],[-53.93755,-25.5734],[-53.94145,-25.57421],[-53.94355,-25.57511],[-53.95323,-25.58247],[-53.95825,-25.58509],[-53.96113,-25.5863],[-53.9637,-25.58805],[-53.96521,-25.58859],[-53.96749,-25.58902],[-53.97537,-25.58978],[-53.97907,-25.58973],[-53.98578,-25.58873],[-53.98908,-25.58784],[-53.99021,-25.58779],[-53.98974,-25.58629],[-53.99154,-25.58597],[-53.99296,-25.58541],[-53.99577,-25.58382],[-53.99836,-25.58266],[-53.99991,-25.58178],[-54.00232,-25.57941],[-54.00335,-25.57803],[-54.00451,-25.57596],[-54.0075,-25.57014],[-54.00948,-25.5676],[-54.01223,-25.56531],[-54.01334,-25.56461],[-54.01636,-25.56365],[-54.01887,-25.56329],[-54.02347,-25.56365],[-54.02597,-25.56472],[-54.02835,-25.56616],[-54.02966,-25.56771],[-54.03172,-25.57107],[-54.03411,-25.57556],[-54.03495,-25.57674],[-54.03939,-25.58178],[-54.04101,-25.5831],[-54.04254,-25.58409],[-54.04595,-25.58525],[-54.04908,-25.58537],[-54.0507,-25.58512],[-54.05435,-25.58376],[-54.05634,-25.58229],[-54.05903,-25.57944],[-54.05983,-25.57839],[-54.06234,-25.57392],[-54.06533,-25.56738],[-54.0688,-25.56285],[-54.07102,-25.56068],[-54.07261,-25.55949],[-54.0753,-25.55827],[-54.07828,-25.55775],[-54.07978,-25.55787],[-54.08109,-25.55825],[-54.08195,-25.55895],[-54.08337,-25.56088],[-54.08373,-25.56199],[-54.08403,-25.56458],[-54.08395,-25.56988],[-54.08424,-25.57189],[-54.08632,-25.57814],[-54.0884,-25.58309],[-54.08932,-25.5862],[-54.08985,-25.58906],[-54.08985,-25.59229],[-54.08851,-25.60421],[-54.08861,-25.60781],[-54.08885,-25.60957],[-54.08966,-25.61227],[-54.09077,-25.61506],[-54.09167,-25.61643],[-54.09256,-25.61741],[-54.09321,-25.61792],[-54.09503,-25.61875],[-54.09628,-25.61902],[-54.09776,-25.61893],[-54.10041,-25.61819],[-54.10198,-25.61712],[-54.10369,-25.61556],[-54.10456,-25.61459],[-54.10813,-25.60829],[-54.11105,-25.60272],[-54.11498,-25.59462],[-54.11751,-25.58834],[-54.12037,-25.58295],[-54.12244,-25.57813],[-54.12358,-25.57164],[-54.12373,-25.56696],[-54.12358,-25.5645],[-54.12312,-25.56207],[-54.1218,-25.5574],[-54.12069,-25.55475],[-54.11759,-25.54954],[-54.11601,-25.54737],[-54.10688,-25.53762],[-54.10442,-25.53424],[-54.09944,-25.52634],[-54.09401,-25.51481],[-54.09328,-25.51261],[-54.09264,-25.50903],[-54.09246,-25.50686],[-54.09289,-25.50269],[-54.09318,-25.50141],[-54.09363,-25.49974],[-54.09441,-25.49836],[-54.09566,-25.49729],[-54.09952,-25.49504],[-54.10256,-25.49431],[-54.10429,-25.49444],[-54.10922,-25.49586],[-54.11327,-25.49769],[-54.11695,-25.4996],[-54.12463,-25.50487],[-54.12748,-25.50711],[-54.1346,-25.51284],[-54.13763,-25.51547],[-54.1458,-25.52346],[-54.15811,-25.53747],[-54.16222,-25.54109],[-54.16405,-25.54225],[-54.16581,-25.54284],[-54.16847,-25.54281],[-54.17294,-25.54173],[-54.17669,-25.54023],[-54.1798,-25.53853],[-54.18249,-25.53734],[-54.1888,-25.535],[-54.19065,-25.53466],[-54.19396,-25.53456],[-54.19573,-25.53466],[-54.19838,-25.53561],[-54.20041,-25.53658],[-54.2026,-25.5379],[-54.20535,-25.54009],[-54.20683,-25.54212],[-54.20764,-25.5438],[-54.20849,-25.5469],[-54.20864,-25.5489],[-54.20821,-25.55222],[-54.20753,-25.55418],[-54.205,-25.55777],[-54.20386,-25.55865],[-54.2018,-25.5598],[-54.19995,-25.56056],[-54.196,-25.56157],[-54.18611,-25.56357],[-54.18415,-25.56414],[-54.18197,-25.56532],[-54.18087,-25.56628],[-54.17637,-25.57074],[-54.17467,-25.57278],[-54.17349,-25.57499],[-54.17298,-25.57642],[-54.17284,-25.57724],[-54.17291,-25.57853],[-54.17323,-25.57981],[-54.17402,-25.58131],[-54.17596,-25.58329],[-54.17686,-25.58405],[-54.17878,-25.58489],[-54.18115,-25.58552],[-54.18502,-25.58583],[-54.18666,-25.58576],[-54.18976,-25.58512],[-54.19291,-25.58406],[-54.20377,-25.57965],[-54.20553,-25.57865],[-54.21,-25.57562],[-54.21438,-25.57196],[-54.22004,-25.56652],[-54.22166,-25.56531],[-54.22442,-25.56382],[-54.22689,-25.56315],[-54.2286,-25.56296],[-54.23056,-25.56301],[-54.2326,-25.56354],[-54.23408,-25.56434],[-54.23527,-25.56553],[-54.23654,-25.56821],[-54.2368,-25.57017],[-54.23679,-25.57153],[-54.23417,-25.585],[-54.2341,-25.58944],[-54.23442,-25.59147],[-54.23517,-25.59304],[-54.23614,-25.59422],[-54.23878,-25.59625],[-54.24049,-25.59711],[-54.24313,-25.59782],[-54.24534,-25.59804],[-54.24873,-25.59797],[-54.25052,-25.59772],[-54.25205,-25.59725],[-54.25341,-25.59661],[-54.25559,-25.59515],[-54.25744,-25.59329],[-54.26319,-25.58532],[-54.26601,-25.58194],[-54.26776,-25.57951],[-54.2694,-25.57691],[-54.2717,-25.57146],[-54.27648,-25.56369],[-54.28039,-25.55888],[-54.28401,-25.55662],[-54.28466,-25.55637],[-54.28735,-25.55573],[-54.28842,-25.55573],[-54.29074,-25.55603],[-54.29294,-25.55692],[-54.29964,-25.56073],[-54.3045,-25.5629],[-54.30792,-25.5639],[-54.31532,-25.56497],[-54.31937,-25.56606],[-54.32148,-25.56694],[-54.32471,-25.56877],[-54.32839,-25.57148],[-54.32987,-25.57315],[-54.33149,-25.57566],[-54.33259,-25.57856],[-54.33522,-25.58843],[-54.3385,-25.59578],[-54.34202,-25.60132],[-54.34393,-25.60356],[-54.34537,-25.60488],[-54.34734,-25.60606],[-54.34808,-25.60637],[-54.3497,-25.60649],[-54.3552,-25.60592],[-54.35793,-25.6053],[-54.35929,-25.60454],[-54.36452,-25.59987],[-54.36975,-25.59556],[-54.37127,-25.59455],[-54.37326,-25.59378],[-54.37469,-25.59371],[-54.37642,-25.59412],[-54.38244,-25.59633],[-54.38448,-25.59752],[-54.38698,-25.59933],[-54.38816,-25.60042],[-54.38947,-25.60201],[-54.39048,-25.60393],[-54.39098,-25.60533],[-54.3913,-25.60739],[-54.39125,-25.6094],[-54.38908,-25.61581],[-54.38857,-25.61955],[-54.38862,-25.62238],[-54.38896,-25.62517],[-54.38969,-25.62825],[-54.3912,-25.63146],[-54.39484,-25.63755],[-54.39837,-25.64178],[-54.40026,-25.64353],[-54.40198,-25.64455],[-54.41053,-25.64857],[-54.42201,-25.65493],[-54.42349,-25.65618],[-54.42476,-25.65799],[-54.42516,-25.65891],[-54.42599,-25.66191],[-54.42642,-25.66396],[-54.42652,-25.66743],[-54.42562,-25.67352],[-54.42581,-25.67778],[-54.42543,-25.67981],[-54.42459,-25.68217],[-54.42436,-25.68349],[-54.42423,-25.68686],[-54.42454,-25.68935],[-54.42493,-25.69041],[-54.42593,-25.69213],[-54.42821,-25.6938],[-54.42959,-25.69419],[-54.43118,-25.69421],[-54.43251,-25.69396],[-54.43417,-25.69342],[-54.43665,-25.69213],[-54.43872,-25.69064],[-54.43931,-25.68991],[-54.44029,-25.68803],[-54.44065,-25.68683],[-54.44211,-25.68032],[-54.44244,-25.67761],[-54.44285,-25.67675],[-54.44348,-25.6744],[-54.4436,-25.67306],[-54.44351,-25.67065],[-54.44404,-25.66827],[-54.44499,-25.66598],[-54.44838,-25.66095],[-54.45365,-25.65441],[-54.45918,-25.64802],[-54.46048,-25.64617],[-54.46162,-25.64495],[-54.46462,-25.64255],[-54.46806,-25.63796],[-54.46883,-25.63719],[-54.47177,-25.63506],[-54.4775,-25.63039],[-54.48422,-25.6263],[-54.48743,-25.62295],[-54.48624,-25.62202],[-54.47938,-25.61552],[-54.47528,-25.60937],[-54.46237,-25.61885],[-54.46157,-25.61814],[-54.46158,-25.61789],[-54.46197,-25.61754],[-54.46183,-25.61665],[-54.46126,-25.61649],[-54.46111,-25.61595],[-54.46086,-25.61572],[-54.46055,-25.61574],[-54.45999,-25.61525],[-54.45983,-25.61556],[-54.45948,-25.61576],[-54.45908,-25.61554],[-54.45846,-25.61572],[-54.45853,-25.61639],[-54.45841,-25.61665],[-54.45715,-25.61674],[-54.45653,-25.61643],[-54.45633,-25.61656],[-54.45616,-25.61711],[-54.45561,-25.61707],[-54.45543,-25.61736],[-54.45507,-25.61717],[-54.45491,-25.61772],[-54.45423,-25.61759],[-54.45381,-25.61715],[-54.45324,-25.61725],[-54.4531,-25.61773],[-54.4519,-25.61772],[-54.4516,-25.61791],[-54.45153,-25.61823],[-54.45005,-25.61786],[-54.44976,-25.61854],[-54.44945,-25.61874],[-54.44911,-25.61777],[-54.44947,-25.61747],[-54.44955,-25.61704],[-54.4488,-25.61707],[-54.44857,-25.61686],[-54.44837,-25.61609],[-54.44801,-25.61619],[-54.44687,-25.61559],[-54.44668,-25.61527],[-54.446,-25.61487],[-54.44603,-25.61432],[-54.44576,-25.61346],[-54.44548,-25.61344],[-54.44526,-25.61387],[-54.44494,-25.61386],[-54.44429,-25.61325],[-54.44434,-25.61294],[-54.44367,-25.61254],[-54.44355,-25.61227],[-54.444,-25.6116],[-54.44362,-25.61138],[-54.44333,-25.61077],[-54.44342,-25.61038],[-54.44392,-25.61006],[-54.44355,-25.6096],[-54.44397,-25.60922],[-54.44356,-25.60905],[-54.44359,-25.60893],[-54.44448,-25.6086],[-54.4448,-25.60861],[-54.44509,-25.60888],[-54.44477,-25.60789],[-54.44547,-25.60768],[-54.44542,-25.60747],[-54.44459,-25.60731],[-54.44528,-25.60663],[-54.4448,-25.60649],[-54.44464,-25.60615],[-54.44559,-25.60565],[-54.44554,-25.60545],[-54.44516,-25.60549],[-54.4454,-25.605],[-54.44488,-25.60497],[-54.44475,-25.60476],[-54.4448,-25.6045],[-54.4451,-25.60427],[-54.44513,-25.60388],[-54.44425,-25.60303],[-54.4439,-25.603],[-54.44316,-25.60326],[-54.44339,-25.60235],[-54.44334,-25.60201],[-54.44271,-25.60227],[-54.44233,-25.60214],[-54.44204,-25.60161],[-54.44152,-25.60118],[-54.4414,-25.60078],[-54.44085,-25.60068],[-54.43992,-25.60006],[-54.43945,-25.59828],[-54.43907,-25.59745],[-54.43939,-25.59697],[-54.44037,-25.59665],[-54.44044,-25.59614],[-54.4407,-25.59595],[-54.44058,-25.59481],[-54.44014,-25.59409],[-54.44019,-25.59385],[-54.44056,-25.59361],[-54.44051,-25.59328],[-54.43992,-25.59292],[-54.4393,-25.5914],[-54.43862,-25.59058],[-54.43787,-25.58996],[-54.43746,-25.58982],[-54.43752,-25.58919],[-54.43709,-25.58927],[-54.43689,-25.58913],[-54.43715,-25.58817],[-54.43683,-25.58788],[-54.43602,-25.58768],[-54.43621,-25.58685],[-54.43562,-25.58677],[-54.43552,-25.58613],[-54.43487,-25.58527],[-54.43499,-25.58497],[-54.43456,-25.58497],[-54.43441,-25.5847],[-54.43443,-25.58451],[-54.43473,-25.58455],[-54.43474,-25.58402],[-54.43438,-25.58379],[-54.43427,-25.58331],[-54.43376,-25.58319],[-54.43434,-25.58305],[-54.43397,-25.5825],[-54.43422,-25.58194],[-54.43384,-25.58166],[-54.434,-25.58127],[-54.43344,-25.58121],[-54.43288,-25.58086],[-54.43303,-25.58029],[-54.4327,-25.58035],[-54.43255,-25.57982],[-54.43222,-25.5799],[-54.43233,-25.57904],[-54.43181,-25.57869],[-54.43169,-25.57824],[-54.43143,-25.57819],[-54.43147,-25.57782],[-54.43168,-25.57763],[-54.4311,-25.5775],[-54.43091,-25.57724],[-54.43137,-25.57685],[-54.43106,-25.57692],[-54.43112,-25.57664],[-54.43055,-25.57655],[-54.4308,-25.57624],[-54.43025,-25.57618],[-54.43008,-25.57596],[-54.43044,-25.57564],[-54.42969,-25.57524],[-54.43006,-25.57482],[-54.42985,-25.57456],[-54.42965,-25.57371],[-54.43,-25.57373],[-54.4302,-25.57325],[-54.42983,-25.57318],[-54.42996,-25.57299],[-54.42971,-25.57281],[-54.42979,-25.57235],[-54.42963,-25.5719],[-54.42889,-25.57177],[-54.42909,-25.57154],[-54.42897,-25.57116],[-54.42863,-25.57107],[-54.42821,-25.57068],[-54.42837,-25.57044],[-54.42783,-25.56981],[-54.42813,-25.5698],[-54.42806,-25.56891],[-54.42857,-25.56872],[-54.42864,-25.56823],[-54.4285,-25.5683],[-54.42848,-25.56864],[-54.42828,-25.5682],[-54.42772,-25.56845],[-54.42772,-25.56829],[-54.42816,-25.56807],[-54.42789,-25.56759],[-54.42777,-25.56758],[-54.42759,-25.56791],[-54.42746,-25.56773],[-54.42703,-25.56767],[-54.42702,-25.56744],[-54.42659,-25.56729],[-54.42661,-25.56697],[-54.42638,-25.56721],[-54.42589,-25.56721],[-54.42586,-25.56692],[-54.42615,-25.56634],[-54.42578,-25.56647],[-54.42536,-25.56624],[-54.42515,-25.56589],[-54.42529,-25.56552],[-54.42576,-25.56541],[-54.42544,-25.56493],[-54.42582,-25.56516],[-54.42604,-25.56495],[-54.4253,-25.56458],[-54.42554,-25.56398],[-54.42545,-25.56369],[-54.42572,-25.56337],[-54.42556,-25.56314],[-54.42539,-25.56327],[-54.42526,-25.56309],[-54.42559,-25.56248],[-54.42519,-25.56237],[-54.42545,-25.56193],[-54.42524,-25.56161],[-54.42547,-25.56137],[-54.42554,-25.56091],[-54.4251,-25.56083],[-54.42537,-25.5606],[-54.42504,-25.56022],[-54.42513,-25.55994],[-54.42558,-25.55968],[-54.42524,-25.55961],[-54.42515,-25.55942],[-54.42586,-25.55915],[-54.42547,-25.55854],[-54.42619,-25.55805],[-54.42647,-25.55752],[-54.42616,-25.55734],[-54.42616,-25.55715],[-54.42639,-25.55695],[-54.42704,-25.55685],[-54.4269,-25.55646],[-54.42637,-25.55624],[-54.42675,-25.55608],[-54.427,-25.55544],[-54.42735,-25.55566],[-54.42777,-25.55522],[-54.42738,-25.55492],[-54.42721,-25.5545],[-54.42709,-25.5525],[-54.42683,-25.5524],[-54.42703,-25.55177],[-54.42682,-25.5517],[-54.42633,-25.55095],[-54.42558,-25.55103],[-54.42475,-25.55058],[-54.42496,-25.55057],[-54.42499,-25.55018],[-54.42538,-25.55004],[-54.42502,-25.55005],[-54.42488,-25.54955],[-54.42458,-25.54952],[-54.42476,-25.54892],[-54.42505,-25.54916],[-54.42532,-25.54915],[-54.42466,-25.54838],[-54.42478,-25.54811],[-54.42458,-25.54785],[-54.42475,-25.54787],[-54.425,-25.54755],[-54.4249,-25.54742],[-54.42452,-25.54743],[-54.42462,-25.54725],[-54.42442,-25.54676],[-54.42495,-25.54693],[-54.42505,-25.54679],[-54.4245,-25.54666],[-54.42463,-25.54626],[-54.3757,-25.53967],[-54.37379,-25.53978],[-54.37165,-25.53935],[-54.37113,-25.53902],[-54.36851,-25.53866],[-54.36712,-25.5386],[-54.35454,-25.537],[-54.35325,-25.53717],[-54.35265,-25.53699],[-54.35118,-25.53711],[-54.34963,-25.53697],[-54.34832,-25.53621],[-54.33135,-25.53429],[-54.32499,-25.53327],[-54.32185,-25.53333],[-54.31598,-25.53237],[-54.30494,-25.53106],[-54.23597,-25.52342],[-54.22961,-25.5191],[-54.19452,-25.49401],[-54.19333,-25.49385],[-54.19209,-25.49314],[-54.19084,-25.49215],[-54.1905,-25.49115],[-54.19002,-25.4907],[-54.18035,-25.48368],[-54.17917,-25.48324],[-54.17724,-25.48139],[-54.15508,-25.46532],[-54.15273,-25.46445],[-54.13618,-25.46272],[-54.13564,-25.46246],[-54.13461,-25.46118],[-54.13296,-25.46004],[-54.13176,-25.45968],[-54.12972,-25.46013],[-54.12581,-25.4602],[-54.12564,-25.46033],[-54.12429,-25.46011],[-54.12354,-25.46136],[-54.10807,-25.45974],[-54.09323,-25.45788],[-54.07888,-25.45636],[-54.06268,-25.45439],[-54.03328,-25.4507],[-53.999,-25.44607],[-53.99502,-25.44511],[-53.98776,-25.44301],[-53.98569,-25.44379],[-53.98316,-25.44329],[-53.98067,-25.44192],[-53.97942,-25.44072],[-53.97627,-25.4397],[-53.97574,-25.43864],[-53.97614,-25.43737],[-53.97476,-25.43629],[-53.97405,-25.43603],[-53.97249,-25.43638],[-53.97003,-25.43644],[-53.96462,-25.43723],[-53.96338,-25.43801],[-53.96002,-25.43862],[-53.95248,-25.43809],[-53.95122,-25.43798],[-53.9509,-25.43782],[-53.91697,-25.43493],[-53.91613,-25.43467],[-53.91514,-25.43363],[-53.91325,-25.43114],[-53.90301,-25.41972],[-53.88826,-25.39221],[-53.88588,-25.38977],[-53.88497,-25.38838],[-53.88215,-25.38576],[-53.88161,-25.38453],[-53.88144,-25.38326],[-53.87922,-25.37893],[-53.87891,-25.37801],[-53.87843,-25.37557],[-53.87853,-25.37486],[-53.87909,-25.37342],[-53.87877,-25.37121],[-53.87814,-25.36873],[-53.87789,-25.36819],[-53.87729,-25.36752],[-53.87618,-25.36688],[-53.87411,-25.36473],[-53.87364,-25.36369],[-53.87351,-25.36167],[-53.87445,-25.35899],[-53.87493,-25.35705],[-53.87561,-25.35571],[-53.87565,-25.35311],[-53.87593,-25.35139],[-53.87588,-25.35068],[-53.87508,-25.349],[-53.87495,-25.34693],[-53.87447,-25.34517],[-53.87469,-25.34256],[-53.87525,-25.33981],[-53.87739,-25.33167],[-53.87739,-25.33076],[-53.87682,-25.32996],[-53.87678,-25.3295],[-53.87601,-25.32851],[-53.87524,-25.32773],[-53.87325,-25.32628],[-53.87295,-25.32569],[-53.87314,-25.32485],[-53.87456,-25.32356],[-53.87444,-25.32294],[-53.87398,-25.32245],[-53.87386,-25.32201],[-53.87423,-25.32134],[-53.87397,-25.31964],[-53.87421,-25.31932],[-53.87422,-25.31893],[-53.87395,-25.31837],[-53.87309,-25.31747],[-53.87211,-25.31528],[-53.87215,-25.31474],[-53.87272,-25.31412],[-53.87287,-25.3134],[-53.87263,-25.31269],[-53.8708,-25.30948],[-53.87077,-25.30883],[-53.87106,-25.30746],[-53.87174,-25.30628],[-53.87187,-25.30579],[-53.87163,-25.3051],[-53.87065,-25.30371],[-53.8707,-25.3022],[-53.87056,-25.3016],[-53.8702,-25.30111],[-53.868,-25.29988],[-53.8667,-25.29837],[-53.86659,-25.29794],[-53.8667,-25.29401],[-53.86654,-25.29245],[-53.86628,-25.29175],[-53.86273,-25.28891],[-53.85992,-25.28611],[-53.85969,-25.28559],[-53.85948,-25.28429],[-53.85692,-25.28179],[-53.85673,-25.28023],[-53.85694,-25.27923],[-53.85673,-25.27837],[-53.85685,-25.27786],[-53.85751,-25.27674],[-53.85835,-25.27599],[-53.85957,-25.27413],[-53.85999,-25.27318],[-53.86137,-25.27146],[-53.86252,-25.26874],[-53.86243,-25.26774],[-53.86165,-25.2658],[-53.86012,-25.26429],[-53.85953,-25.26339],[-53.85927,-25.26222],[-53.85905,-25.25976],[-53.85828,-25.25793],[-53.8577,-25.24743],[-53.85852,-25.24292],[-53.86005,-25.23982],[-53.86125,-25.23891],[-53.86318,-25.23832],[-53.86442,-25.23761],[-53.86631,-25.23497],[-53.86645,-25.23436],[-53.86638,-25.23248],[-53.86728,-25.23059],[-53.86747,-25.22965],[-53.86726,-25.22898],[-53.86643,-25.22784],[-53.86598,-25.22688],[-53.86599,-25.22638],[-53.8662,-25.22595],[-53.86701,-25.22524],[-53.86928,-25.22447],[-53.87065,-25.22359],[-53.87351,-25.22219],[-53.87405,-25.2216],[-53.87498,-25.21983],[-53.87496,-25.21932],[-53.87434,-25.21734],[-53.8739,-25.21692],[-53.87224,-25.21652],[-53.87147,-25.21525],[-53.87154,-25.21434],[-53.87224,-25.2135],[-53.87234,-25.21317],[-53.87136,-25.21134],[-53.87109,-25.20987],[-53.87088,-25.20951],[-53.86613,-25.20747],[-53.86585,-25.20679],[-53.86602,-25.20605],[-53.86691,-25.20445],[-53.86704,-25.20318],[-53.86736,-25.2025],[-53.86787,-25.20199],[-53.87012,-25.20072],[-53.87131,-25.1998],[-53.87186,-25.19872],[-53.87229,-25.19737],[-53.87252,-25.19572],[-53.87219,-25.19339],[-53.87179,-25.19304],[-53.87039,-25.19239],[-53.86943,-25.19117],[-53.86926,-25.19035],[-53.86951,-25.18961],[-53.87157,-25.18798],[-53.87265,-25.18674],[-53.87272,-25.18499],[-53.87254,-25.1843],[-53.87183,-25.1831],[-53.87033,-25.18278],[-53.86919,-25.1819],[-53.86773,-25.17869],[-53.86669,-25.17752],[-53.8652,-25.17686],[-53.8604,-25.1761],[-53.85948,-25.17561],[-53.85866,-25.17473],[-53.85829,-25.17383],[-53.85825,-25.17287],[-53.85968,-25.16586],[-53.85951,-25.16469],[-53.85887,-25.16346],[-53.85782,-25.16249],[-53.85295,-25.15968],[-53.85139,-25.15852],[-53.83832,-25.14578],[-53.83659,-25.14467],[-53.83148,-25.14219],[-53.83021,-25.14126],[-53.82578,-25.13579],[-53.82519,-25.1344],[-53.82399,-25.12959],[-53.82336,-25.12854],[-53.82247,-25.12765],[-53.82084,-25.12678],[-53.79807,-25.11835],[-53.79662,-25.1173],[-53.78946,-25.10989],[-53.78849,-25.10916],[-53.78747,-25.10892],[-53.78659,-25.10903],[-53.77358,-25.11298],[-53.77156,-25.11323],[-53.76995,-25.11301],[-53.76845,-25.11241],[-53.76219,-25.10787],[-53.76107,-25.10738],[-53.75978,-25.10731],[-53.74874,-25.10802],[-53.74729,-25.10791],[-53.7461,-25.10757],[-53.74088,-25.10488],[-53.73877,-25.10326],[-53.73751,-25.10181],[-53.73123,-25.0926],[-53.73037,-25.0917],[-53.72931,-25.09101],[-53.68953,-25.07478],[-53.68783,-25.07444],[-53.68629,-25.07434],[-53.67001,-25.07457],[-53.66875,-25.07443],[-53.66758,-25.07408],[-53.6665,-25.07354],[-53.63629,-25.05392],[-53.63426,-25.05294],[-53.63228,-25.05245]]]}},{"type":"Feature","properties":{"cnuc":"0000.00.2219","nome":"RESERVA PARTICULAR DO PATRIMÔNIO NATURAL TAYNÁ","categoria":"Reserva Particular do Patrimônio Natural","grupo":"Uso Sustentável","esfera":"Federal","area_ha":15.52,"criacao":"29-12-2009","gestor":"INSTITUTO CHICO MENDES DE CONSERVAÇÃO DA BIODIVERSIDADE","uf":"PARANÁ","plano_manejo":"Não"},"geometry":{"type":"Polygon","coordinates":[[[-49.92306,-25.15438],[-49.92422,-25.1549],[-49.92485,-25.15538],[-49.92582,-25.15558],[-49.92654,-25.15599],[-49.92713,-25.15507],[-49.92844,-25.15685],[-49.9287,-25.15625],[-49.92792,-25.15515],[-49.92762,-25.15488],[-49.92682,-25.1547],[-49.9264,-25.15403],[-49.92599,-25.15384],[-49.92572,-25.15346],[-49.92531,-25.15092],[-49.92496,-25.15091],[-49.92215,-25.15234],[-49.92226,-25.15279],[-49.92282,-25.15359],[-49.92306,-25.15438]]]}},{"type":"Feature","properties":{"cnuc":"0000.00.4517","nome":"RESERVA PARTICULAR DO PATRIMÔNIO NATURAL ENCONTRO DAS ÁGUAS","categoria":"Reserva Particular do Patrimônio Natural","grupo":"Uso Sustentável","esfera":"Federal","area_ha":17.85,"criacao":"14-05-2021","gestor":"INSTITUTO CHICO MENDES DE CONSERVAÇÃO DA BIODIVERSIDADE","uf":"PARANÁ","plano_manejo":"Não"},"geometry":{"type":"MultiPolygon","coordinates":[[[[-48.58858,-25.72813],[-48.59029,-25.73073],[-48.59146,-25.7299],[-48.59198,-25.72868],[-48.59196,-25.72771],[-48.59214,-25.72733],[-48.59161,-25.72574],[-48.58858,-25.72813]]],[[[-48.59237,-25.72712],[-48.59311,-25.7271],[-48.59395,-25.72678],[-48.59579,-25.7258],[-48.59441,-25.72488],[-48.5922,-25.72466],[-48.59182,-25.72545],[-48.59237,-25.72712]]]]}},{"type":"Feature","properties":{"cnuc":"0000.00.2702","nome":"RESERVA PARTICULAR DO PATRIMÔNIO NATURAL GRACIOSA","categoria":"Reserva Particular do Patrimônio Natural","grupo":"Uso Sustentável","esfera":"Federal","area_ha":17.28,"criacao":"11-11-2011","gestor":"INSTITUTO CHICO MENDES DE CONSERVAÇÃO DA BIODIVERSIDADE","uf":"PARANÁ","plano_manejo":"Não"},"geometry":{"type":"Polygon","coordinates":[[[-48.86871,-25.4229],[-48.86881,-25.42105],[-48.86389,-25.42196],[-48.86161,-25.42286],[-48.86865,-25.42356],[-48.86856,-25.42515],[-48.87144,-25.42426],[-48.87132,-25.42258],[-48.86871,-25.4229]]]}},{"type":"Feature","properties":{"cnuc":"0000.00.5124","nome":"RESERVA DE DESENVOLVIMENTO SUSTENTÁVEL FAXINAL BOM RETIRO","categoria":"Reserva de Desenvolvimento Sustentável","grupo":"Uso Sustentável","esfera":"Federal","area_ha":1370.0,"criacao":"04-06-2025","gestor":"INSTITUTO CHICO MENDES DE CONSERVAÇÃO DA BIODIVERSIDADE","uf":"PARANÁ","plano_manejo":"Não"},"geometry":{"type":"Polygon","coordinates":[[[-51.43882,-25.69454],[-51.43473,-25.69577],[-51.43354,-25.6964],[-51.43292,-25.69695],[-51.43248,-25.69778],[-51.43154,-25.69832],[-51.43091,-25.69902],[-51.43023,-25.69889],[-51.4283,-25.69906],[-51.42643,-25.69984],[-51.426,-25.69979],[-51.42495,-25.69928],[-51.4234,-25.69947],[-51.42101,-25.69896],[-51.42006,-25.69861],[-51.41832,-25.69849],[-51.41725,-25.6978],[-51.41547,-25.69784],[-51.41386,-25.69742],[-51.4119,-25.69772],[-51.41074,-25.69817],[-51.40774,-25.70005],[-51.40609,-25.70206],[-51.40583,-25.70263],[-51.40487,-25.70314],[-51.40389,-25.70391],[-51.40832,-25.70943],[-51.41691,-25.72221],[-51.41733,-25.72265],[-51.421,-25.72245],[-51.42278,-25.72293],[-51.42566,-25.7231],[-51.42796,-25.72352],[-51.43104,-25.72365],[-51.43434,-25.72458],[-51.44024,-25.72737],[-51.44535,-25.73074],[-51.4497,-25.73286],[-51.454,-25.73582],[-51.45485,-25.73539],[-51.45581,-25.73528],[-51.4572,-25.73356],[-51.45785,-25.73317],[-51.45802,-25.73273],[-51.4581,-25.7316],[-51.45775,-25.73097],[-51.45776,-25.72968],[-51.45869,-25.7273],[-51.45963,-25.72564],[-51.45907,-25.72418],[-51.45879,-25.72263],[-51.45976,-25.72113],[-51.45962,-25.72053],[-51.45978,-25.71975],[-51.45602,-25.71803],[-51.45546,-25.71892],[-51.44289,-25.72141],[-51.44216,-25.71695],[-51.44072,-25.71646],[-51.44037,-25.7158],[-51.43868,-25.71456],[-51.43983,-25.71385],[-51.44388,-25.71023],[-51.44372,-25.71006],[-51.44508,-25.70895],[-51.44589,-25.70732],[-51.44667,-25.70758],[-51.44964,-25.70529],[-51.45571,-25.70021],[-51.45599,-25.6989],[-51.45613,-25.6962],[-51.45746,-25.69522],[-51.46098,-25.69385],[-51.46163,-25.69235],[-51.46059,-25.69178],[-51.45868,-25.69269],[-51.45501,-25.69356],[-51.45471,-25.69291],[-51.45472,-25.69168],[-51.45436,-25.69128],[-51.45363,-25.69115],[-51.45327,-25.69181],[-51.45231,-25.69165],[-51.45189,-25.69184],[-51.45169,-25.69213],[-51.45129,-25.69204],[-51.45057,-25.69221],[-51.44966,-25.69272],[-51.44926,-25.69275],[-51.44906,-25.693],[-51.4492,-25.69384],[-51.44828,-25.69478],[-51.44806,-25.69533],[-51.44834,-25.69626],[-51.44849,-25.69619],[-51.44872,-25.69646],[-51.44832,-25.69672],[-51.44819,-25.69701],[-51.44797,-25.69694],[-51.44779,-25.69712],[-51.44612,-25.69701],[-51.44556,-25.69715],[-51.44017,-25.69114],[-51.43986,-25.69243],[-51.43882,-25.69454]]]}},{"type":"Feature","properties":{"cnuc":"0000.00.5125","nome":"RESERVA DE DESENVOLVIMENTO SUSTENTÁVEL FAXINAL SÃO ROQUINHO","categoria":"Reserva de Desenvolvimento Sustentável","grupo":"Uso Sustentável","esfera":"Federal","area_ha":1212.17,"criacao":"04-06-2025","gestor":"INSTITUTO CHICO MENDES DE CONSERVAÇÃO DA BIODIVERSIDADE","uf":"PARANÁ","plano_manejo":"Não"},"geometry":{"type":"Polygon","coordinates":[[[-51.76631,-25.93234],[-51.7653,-25.93219],[-51.765,-25.93243],[-51.76484,-25.93287],[-51.76249,-25.93232],[-51.76236,-25.93251],[-51.7618,-25.93252],[-51.76124,-25.93308],[-51.76076,-25.93308],[-51.76084,-25.93384],[-51.76126,-25.93406],[-51.76415,-25.93499],[-51.76483,-25.93502],[-51.7654,-25.93553],[-51.76531,-25.93853],[-51.75606,-25.94844],[-51.75688,-25.94896],[-51.75549,-25.95105],[-51.75939,-25.95292],[-51.75984,-25.95729],[-51.75662,-25.9573],[-51.75716,-25.96489],[-51.75782,-25.96509],[-51.75893,-25.96487],[-51.76001,-25.96487],[-51.7615,-25.9639],[-51.7622,-25.96372],[-51.76293,-25.96382],[-51.76342,-25.96369],[-51.76384,-25.96335],[-51.76383,-25.96087],[-51.77412,-25.95484],[-51.7786,-25.95593],[-51.78481,-25.95531],[-51.78523,-25.95501],[-51.78552,-25.95453],[-51.78653,-25.9542],[-51.78691,-25.95386],[-51.78725,-25.95399],[-51.78798,-25.9535],[-51.78854,-25.95376],[-51.78968,-25.95385],[-51.79152,-25.95478],[-51.79282,-25.95423],[-51.79371,-25.95457],[-51.79417,-25.95451],[-51.79464,-25.95378],[-51.79602,-25.95288],[-51.79689,-25.95259],[-51.79728,-25.95192],[-51.79763,-25.95189],[-51.79765,-25.95116],[-51.79796,-25.9508],[-51.79806,-25.95014],[-51.80053,-25.94867],[-51.80091,-25.94818],[-51.80121,-25.94724],[-51.80116,-25.947],[-51.80189,-25.9463],[-51.80149,-25.94535],[-51.80099,-25.94469],[-51.80119,-25.94409],[-51.8001,-25.94379],[-51.80033,-25.94331],[-51.80098,-25.94284],[-51.80041,-25.94218],[-51.7999,-25.94197],[-51.8001,-25.94146],[-51.79931,-25.94124],[-51.79856,-25.93926],[-51.79806,-25.9392],[-51.79771,-25.93939],[-51.79651,-25.93853],[-51.79641,-25.93831],[-51.79657,-25.93795],[-51.79756,-25.93783],[-51.79816,-25.93746],[-51.79766,-25.93715],[-51.79759,-25.93553],[-51.79686,-25.93494],[-51.79642,-25.93478],[-51.79629,-25.9343],[-51.79539,-25.93406],[-51.79309,-25.93461],[-51.79065,-25.93645],[-51.78799,-25.9287],[-51.79033,-25.9262],[-51.79116,-25.92605],[-51.79055,-25.92527],[-51.79026,-25.92534],[-51.78972,-25.92497],[-51.78927,-25.92515],[-51.78877,-25.92487],[-51.78843,-25.92438],[-51.78768,-25.92477],[-51.78731,-25.92463],[-51.78715,-25.92478],[-51.78672,-25.92429],[-51.78585,-25.92381],[-51.78557,-25.92327],[-51.7841,-25.92331],[-51.7831,-25.92289],[-51.77924,-25.92587],[-51.77451,-25.92052],[-51.77443,-25.92045],[-51.76775,-25.93198],[-51.76617,-25.93196],[-51.76631,-25.93234]]]}},{"type":"Feature","properties":{"cnuc":"0000.00.2874","nome":"PARQUE NACIONAL MARINHO DAS ILHAS DOS CURRAIS","categoria":"Parque","grupo":"Proteção Integral","esfera":"Federal","area_ha":1359.68,"criacao":"21-06-2013","gestor":"INSTITUTO CHICO MENDES DE CONSERVAÇÃO DA BIODIVERSIDADE","uf":"PARANÁ","plano_manejo":"Não"},"geometry":{"type":"Polygon","coordinates":[[[-48.32298,-25.74299],[-48.33075,-25.76355],[-48.38186,-25.74133],[-48.37436,-25.72077],[-48.32298,-25.74299]]]}},{"type":"Feature","properties":{"cnuc":"0000.00.0164","nome":"PARQUE NACIONAL DE SAINT-HILAIRE/LANGE","categoria":"Parque","grupo":"Proteção Integral","esfera":"Federal","area_ha":24302.37,"criacao":"24-05-2001","gestor":"INSTITUTO CHICO MENDES DE CONSERVAÇÃO DA BIODIVERSIDADE","uf":"PARANÁ","plano_manejo":"Sim"},"geometry":{"type":"Polygon","coordinates":[[[-48.67924,-25.54821],[-48.67844,-25.54919],[-48.67678,-25.54924],[-48.67689,-25.55166],[-48.6761,-25.55149],[-48.6758,-25.55162],[-48.67488,-25.55268],[-48.67469,-25.55312],[-48.6734,-25.55313],[-48.67266,-25.55349],[-48.67172,-25.55327],[-48.67145,-25.55339],[-48.67146,-25.55406],[-48.67208,-25.55506],[-48.67148,-25.55532],[-48.67133,-25.55561],[-48.67088,-25.55584],[-48.67065,-25.55634],[-48.66973,-25.55671],[-48.66922,-25.55736],[-48.66884,-25.559],[-48.66859,-25.55924],[-48.66808,-25.55927],[-48.66797,-25.55943],[-48.66835,-25.5604],[-48.66778,-25.56062],[-48.6668,-25.55938],[-48.6655,-25.56086],[-48.66552,-25.56126],[-48.66486,-25.56118],[-48.66449,-25.56136],[-48.66399,-25.56097],[-48.66259,-25.56096],[-48.66172,-25.56023],[-48.66127,-25.56024],[-48.66111,-25.56066],[-48.66143,-25.56171],[-48.65967,-25.56211],[-48.6594,-25.56237],[-48.65931,-25.56291],[-48.65941,-25.56443],[-48.65964,-25.56463],[-48.66037,-25.56474],[-48.65977,-25.56522],[-48.65977,-25.5657],[-48.66007,-25.56607],[-48.66086,-25.56645],[-48.66014,-25.56691],[-48.6599,-25.56753],[-48.6596,-25.56735],[-48.65931,-25.56742],[-48.6588,-25.5667],[-48.65826,-25.56639],[-48.65805,-25.56686],[-48.65766,-25.56721],[-48.65682,-25.56752],[-48.65709,-25.56831],[-48.65667,-25.56825],[-48.65635,-25.56857],[-48.65595,-25.56832],[-48.65546,-25.56833],[-48.6545,-25.56932],[-48.65437,-25.56962],[-48.65443,-25.57017],[-48.65642,-25.57168],[-48.65514,-25.57225],[-48.65429,-25.57318],[-48.65394,-25.57428],[-48.65346,-25.57424],[-48.65302,-25.5746],[-48.65226,-25.57462],[-48.65164,-25.57538],[-48.65055,-25.57577],[-48.6504,-25.57606],[-48.65035,-25.57711],[-48.64981,-25.57758],[-48.64973,-25.57782],[-48.65008,-25.57819],[-48.65095,-25.57839],[-48.65098,-25.57916],[-48.64988,-25.57972],[-48.64931,-25.58065],[-48.64855,-25.57917],[-48.64796,-25.57853],[-48.64757,-25.57845],[-48.64542,-25.57901],[-48.64508,-25.57934],[-48.64498,-25.5798],[-48.64427,-25.57995],[-48.6437,-25.58082],[-48.6435,-25.5809],[-48.64269,-25.58094],[-48.64147,-25.58042],[-48.64108,-25.58068],[-48.64064,-25.58151],[-48.64006,-25.58092],[-48.63962,-25.58069],[-48.63896,-25.58059],[-48.63868,-25.5807],[-48.6385,-25.5811],[-48.63845,-25.58192],[-48.63857,-25.58243],[-48.63939,-25.58375],[-48.63773,-25.58457],[-48.63761,-25.58498],[-48.63779,-25.58559],[-48.63846,-25.58645],[-48.63999,-25.58726],[-48.64107,-25.58707],[-48.64211,-25.58727],[-48.64287,-25.58694],[-48.64299,-25.58744],[-48.64244,-25.58747],[-48.64144,-25.58783],[-48.6409,-25.58892],[-48.64099,-25.58942],[-48.64188,-25.59037],[-48.6432,-25.59058],[-48.64408,-25.59152],[-48.6449,-25.59269],[-48.64558,-25.5929],[-48.64512,-25.59338],[-48.64437,-25.59341],[-48.64331,-25.59327],[-48.64267,-25.59258],[-48.64252,-25.59262],[-48.64208,-25.59357],[-48.64202,-25.59449],[-48.64224,-25.59479],[-48.64293,-25.59506],[-48.64279,-25.59514],[-48.64287,-25.59536],[-48.64219,-25.59518],[-48.64198,-25.59528],[-48.64161,-25.59658],[-48.6412,-25.5956],[-48.64066,-25.59537],[-48.64022,-25.5954],[-48.64073,-25.59484],[-48.64056,-25.59439],[-48.64129,-25.5943],[-48.64157,-25.59387],[-48.64037,-25.59207],[-48.63982,-25.59177],[-48.63918,-25.59172],[-48.63851,-25.59177],[-48.63785,-25.59208],[-48.6376,-25.59265],[-48.63774,-25.59309],[-48.6393,-25.594],[-48.63786,-25.59409],[-48.63733,-25.59475],[-48.63737,-25.59544],[-48.63776,-25.59615],[-48.63945,-25.59685],[-48.63938,-25.59737],[-48.63896,-25.5977],[-48.63868,-25.59903],[-48.63839,-25.59892],[-48.63817,-25.59824],[-48.6371,-25.59822],[-48.63663,-25.59757],[-48.63587,-25.59725],[-48.63474,-25.59636],[-48.63417,-25.59624],[-48.63376,-25.59644],[-48.63384,-25.59709],[-48.63357,-25.59748],[-48.63359,-25.59821],[-48.63397,-25.59876],[-48.63487,-25.59902],[-48.63513,-25.59927],[-48.6347,-25.59979],[-48.63458,-25.60082],[-48.6348,-25.60119],[-48.63549,-25.60142],[-48.63538,-25.60254],[-48.63564,-25.60312],[-48.63604,-25.60342],[-48.63674,-25.60352],[-48.63867,-25.60293],[-48.63927,-25.60369],[-48.63875,-25.60357],[-48.63831,-25.60369],[-48.63796,-25.604],[-48.63772,-25.60459],[-48.63748,-25.6046],[-48.63747,-25.60504],[-48.63704,-25.6052],[-48.63594,-25.60461],[-48.63596,-25.60532],[-48.63656,-25.60589],[-48.63681,-25.60653],[-48.63662,-25.60704],[-48.63671,-25.6076],[-48.636,-25.60752],[-48.63582,-25.60871],[-48.63477,-25.60831],[-48.63352,-25.60722],[-48.63303,-25.60727],[-48.6321,-25.60772],[-48.63133,-25.60716],[-48.63056,-25.60727],[-48.62968,-25.60779],[-48.62882,-25.60797],[-48.62876,-25.60819],[-48.62958,-25.60896],[-48.63137,-25.60894],[-48.63192,-25.6093],[-48.631,-25.61048],[-48.62987,-25.6111],[-48.62937,-25.61163],[-48.62926,-25.61197],[-48.62951,-25.61218],[-48.63252,-25.61138],[-48.63458,-25.61149],[-48.63457,-25.61217],[-48.63425,-25.61278],[-48.63428,-25.61305],[-48.63457,-25.61338],[-48.63414,-25.6143],[-48.63512,-25.61536],[-48.63378,-25.61665],[-48.63204,-25.61884],[-48.63141,-25.62009],[-48.63059,-25.62074],[-48.62986,-25.62075],[-48.62916,-25.62099],[-48.62888,-25.62085],[-48.62876,-25.62035],[-48.6285,-25.62013],[-48.62771,-25.62026],[-48.62738,-25.62129],[-48.6274,-25.62189],[-48.62765,-25.62233],[-48.62825,-25.62239],[-48.62929,-25.62192],[-48.63014,-25.62188],[-48.63045,-25.622],[-48.63053,-25.62238],[-48.63004,-25.62215],[-48.62958,-25.62226],[-48.62949,-25.623],[-48.62986,-25.62331],[-48.62943,-25.6235],[-48.62932,-25.62377],[-48.62865,-25.62356],[-48.62767,-25.62363],[-48.6275,-25.62401],[-48.62756,-25.62472],[-48.627,-25.62479],[-48.62646,-25.6253],[-48.62601,-25.62543],[-48.62574,-25.62566],[-48.62534,-25.62649],[-48.62414,-25.62665],[-48.62397,-25.62691],[-48.62395,-25.62743],[-48.62435,-25.62803],[-48.62408,-25.62835],[-48.6241,-25.6286],[-48.62255,-25.62947],[-48.62159,-25.63083],[-48.62099,-25.63114],[-48.61959,-25.63009],[-48.62005,-25.62935],[-48.61889,-25.62925],[-48.61775,-25.62894],[-48.61572,-25.62943],[-48.61597,-25.63027],[-48.61536,-25.63297],[-48.61555,-25.6333],[-48.61619,-25.63372],[-48.61599,-25.63422],[-48.61621,-25.63476],[-48.61441,-25.63695],[-48.61386,-25.63717],[-48.61314,-25.63719],[-48.61231,-25.63676],[-48.61207,-25.63695],[-48.61205,-25.63718],[-48.61287,-25.63787],[-48.61501,-25.63808],[-48.61619,-25.63896],[-48.61475,-25.6394],[-48.61444,-25.63914],[-48.61396,-25.63911],[-48.61274,-25.63962],[-48.61109,-25.64064],[-48.61093,-25.64108],[-48.61093,-25.64243],[-48.61125,-25.64259],[-48.61181,-25.64246],[-48.61228,-25.64259],[-48.61259,-25.64338],[-48.61296,-25.64366],[-48.61188,-25.64359],[-48.61159,-25.6438],[-48.61136,-25.64436],[-48.61077,-25.64399],[-48.6106,-25.64345],[-48.60955,-25.64344],[-48.61179,-25.64673],[-48.61149,-25.64708],[-48.60949,-25.64704],[-48.60941,-25.65091],[-48.60887,-25.65138],[-48.60617,-25.64873],[-48.607,-25.64649],[-48.6099,-25.6459],[-48.60738,-25.64268],[-48.60708,-25.64324],[-48.60785,-25.64381],[-48.60677,-25.64391],[-48.60565,-25.64438],[-48.6051,-25.64478],[-48.60475,-25.64528],[-48.6048,-25.64583],[-48.60501,-25.64607],[-48.60598,-25.64624],[-48.60599,-25.64641],[-48.60571,-25.64654],[-48.60441,-25.64649],[-48.60355,-25.64713],[-48.60258,-25.6475],[-48.60066,-25.64747],[-48.6003,-25.64767],[-48.60018,-25.64879],[-48.59934,-25.64984],[-48.59928,-25.65019],[-48.59968,-25.65056],[-48.60029,-25.65076],[-48.6007,-25.65124],[-48.60134,-25.65105],[-48.60244,-25.65121],[-48.60206,-25.65165],[-48.60208,-25.65192],[-48.60142,-25.65201],[-48.60093,-25.65247],[-48.60105,-25.65326],[-48.60049,-25.65327],[-48.6001,-25.65368],[-48.59897,-25.65379],[-48.59826,-25.65416],[-48.59821,-25.65442],[-48.59845,-25.65477],[-48.5991,-25.65515],[-48.59891,-25.65571],[-48.5993,-25.65628],[-48.59912,-25.65662],[-48.59921,-25.65698],[-48.59871,-25.6573],[-48.5985,-25.65773],[-48.59861,-25.65831],[-48.59835,-25.65856],[-48.59814,-25.65986],[-48.59839,-25.66055],[-48.59711,-25.66062],[-48.59754,-25.66033],[-48.59757,-25.65996],[-48.59706,-25.65863],[-48.59681,-25.65836],[-48.59513,-25.65749],[-48.59426,-25.65746],[-48.59125,-25.65864],[-48.59053,-25.65841],[-48.5901,-25.65865],[-48.59006,-25.65938],[-48.59092,-25.66053],[-48.59057,-25.66116],[-48.59075,-25.66148],[-48.59136,-25.66181],[-48.5923,-25.6615],[-48.5928,-25.66161],[-48.59091,-25.66326],[-48.59073,-25.66401],[-48.59187,-25.66498],[-48.59249,-25.66508],[-48.59265,-25.66637],[-48.59326,-25.66746],[-48.59392,-25.66799],[-48.59339,-25.66903],[-48.59273,-25.66955],[-48.59259,-25.66989],[-48.59174,-25.66997],[-48.59143,-25.67024],[-48.59418,-25.67176],[-48.59417,-25.6723],[-48.59236,-25.67311],[-48.58923,-25.67347],[-48.58921,-25.67419],[-48.58938,-25.67451],[-48.5898,-25.6747],[-48.58915,-25.67548],[-48.58859,-25.67566],[-48.58793,-25.67632],[-48.58722,-25.67603],[-48.58549,-25.67602],[-48.58525,-25.67634],[-48.58504,-25.6773],[-48.58409,-25.67799],[-48.58385,-25.67845],[-48.58315,-25.67892],[-48.58299,-25.67989],[-48.58052,-25.68058],[-48.58021,-25.6809],[-48.58021,-25.68128],[-48.58063,-25.6816],[-48.58362,-25.68196],[-48.58376,-25.68244],[-48.58451,-25.68335],[-48.58408,-25.68391],[-48.58399,-25.68439],[-48.58415,-25.68482],[-48.5835,-25.68627],[-48.58361,-25.68778],[-48.58458,-25.68791],[-48.58398,-25.68925],[-48.58394,-25.68975],[-48.58411,-25.68996],[-48.58466,-25.68992],[-48.58573,-25.68931],[-48.58676,-25.68909],[-48.58779,-25.6894],[-48.58837,-25.68981],[-48.59051,-25.69013],[-48.59084,-25.69004],[-48.59274,-25.68757],[-48.59208,-25.68634],[-48.59304,-25.68526],[-48.5946,-25.6857],[-48.59453,-25.68937],[-48.5961,-25.68939],[-48.59607,-25.69091],[-48.59502,-25.6909],[-48.59444,-25.68994],[-48.59139,-25.6908],[-48.59206,-25.69109],[-48.59158,-25.69131],[-48.59044,-25.69141],[-48.58969,-25.692],[-48.58862,-25.69196],[-48.58762,-25.6932],[-48.58676,-25.69389],[-48.58635,-25.69386],[-48.58605,-25.69323],[-48.58549,-25.69277],[-48.58475,-25.69277],[-48.58358,-25.69311],[-48.58322,-25.69336],[-48.5832,-25.69363],[-48.58429,-25.6947],[-48.5858,-25.69439],[-48.58614,-25.69451],[-48.5855,-25.69597],[-48.58441,-25.69722],[-48.58433,-25.69869],[-48.58469,-25.69881],[-48.58616,-25.69867],[-48.58685,-25.69901],[-48.58738,-25.69898],[-48.58824,-25.69939],[-48.58802,-25.70024],[-48.58813,-25.70062],[-48.58828,-25.70084],[-48.5886,-25.7008],[-48.58904,-25.70129],[-48.58883,-25.70142],[-48.58929,-25.70222],[-48.58976,-25.70243],[-48.58956,-25.7031],[-48.58987,-25.70365],[-48.58934,-25.70418],[-48.58903,-25.70522],[-48.58873,-25.7054],[-48.58764,-25.70549],[-48.58737,-25.70585],[-48.58741,-25.7064],[-48.58774,-25.70667],[-48.58805,-25.70667],[-48.58893,-25.7062],[-48.5894,-25.70643],[-48.59059,-25.70657],[-48.59123,-25.70711],[-48.59174,-25.7072],[-48.59164,-25.70962],[-48.59214,-25.71088],[-48.59224,-25.71161],[-48.59257,-25.7121],[-48.59191,-25.71292],[-48.59181,-25.71353],[-48.59198,-25.71481],[-48.59165,-25.71553],[-48.5916,-25.71614],[-48.59187,-25.71756],[-48.59119,-25.71949],[-48.59105,-25.72072],[-48.59156,-25.72216],[-48.5927,-25.7222],[-48.59241,-25.72249],[-48.59152,-25.72271],[-48.59115,-25.72356],[-48.59129,-25.724],[-48.59329,-25.72437],[-48.59497,-25.72429],[-48.59551,-25.72383],[-48.5955,-25.7229],[-48.59627,-25.72313],[-48.59658,-25.72291],[-48.59705,-25.72369],[-48.59744,-25.72382],[-48.59865,-25.72327],[-48.59968,-25.72183],[-48.59991,-25.72084],[-48.60106,-25.72051],[-48.6011,-25.72151],[-48.60156,-25.7226],[-48.60179,-25.72278],[-48.60257,-25.72294],[-48.60285,-25.72328],[-48.60279,-25.72377],[-48.60179,-25.72432],[-48.6018,-25.72467],[-48.60202,-25.72498],[-48.60236,-25.72514],[-48.60285,-25.72509],[-48.60364,-25.72471],[-48.60486,-25.72367],[-48.60553,-25.72371],[-48.60348,-25.72667],[-48.60293,-25.72682],[-48.60242,-25.72724],[-48.60238,-25.72785],[-48.60291,-25.7282],[-48.60251,-25.7291],[-48.60216,-25.72942],[-48.6021,-25.72978],[-48.60172,-25.72993],[-48.60119,-25.73054],[-48.60096,-25.73134],[-48.60114,-25.73192],[-48.60233,-25.73186],[-48.60213,-25.73241],[-48.60161,-25.7326],[-48.60138,-25.73306],[-48.60156,-25.73355],[-48.60249,-25.73384],[-48.60197,-25.73472],[-48.60187,-25.73564],[-48.60413,-25.73575],[-48.60417,-25.73598],[-48.60344,-25.737],[-48.60339,-25.7377],[-48.60411,-25.73822],[-48.60425,-25.73877],[-48.60446,-25.73898],[-48.60629,-25.7394],[-48.60505,-25.73971],[-48.60417,-25.74043],[-48.60433,-25.74101],[-48.60494,-25.74157],[-48.60506,-25.74195],[-48.60361,-25.74321],[-48.60336,-25.74415],[-48.60272,-25.74508],[-48.60272,-25.74549],[-48.60291,-25.74575],[-48.60409,-25.74609],[-48.60353,-25.74786],[-48.60351,-25.74839],[-48.60323,-25.74896],[-48.60272,-25.74936],[-48.60262,-25.75002],[-48.60186,-25.74997],[-48.60085,-25.75102],[-48.60091,-25.75157],[-48.60138,-25.75176],[-48.60136,-25.75309],[-48.60198,-25.7535],[-48.60171,-25.75395],[-48.60173,-25.75433],[-48.60188,-25.75468],[-48.60227,-25.75495],[-48.6013,-25.7552],[-48.60107,-25.7546],[-48.60055,-25.75445],[-48.59958,-25.7552],[-48.59896,-25.75674],[-48.59791,-25.75628],[-48.59751,-25.75639],[-48.5973,-25.7574],[-48.59682,-25.75806],[-48.59707,-25.75946],[-48.59646,-25.75993],[-48.59609,-25.76128],[-48.59619,-25.76153],[-48.59705,-25.76153],[-48.59812,-25.76129],[-48.59942,-25.76125],[-48.60062,-25.76076],[-48.60137,-25.76062],[-48.60243,-25.76063],[-48.60227,-25.7612],[-48.60234,-25.76158],[-48.60254,-25.76174],[-48.60335,-25.76185],[-48.60334,-25.76222],[-48.6031,-25.76278],[-48.60305,-25.76349],[-48.60211,-25.76474],[-48.6015,-25.76477],[-48.60076,-25.76436],[-48.59973,-25.76435],[-48.59931,-25.76393],[-48.59902,-25.76393],[-48.5982,-25.76426],[-48.59765,-25.76481],[-48.59729,-25.76491],[-48.59569,-25.7666],[-48.59431,-25.76658],[-48.59415,-25.76696],[-48.5936,-25.76701],[-48.59324,-25.76733],[-48.59283,-25.76849],[-48.59325,-25.77015],[-48.59548,-25.77042],[-48.59561,-25.77069],[-48.59522,-25.77108],[-48.59513,-25.77156],[-48.59444,-25.7715],[-48.59284,-25.7718],[-48.59269,-25.77244],[-48.59275,-25.77342],[-48.59259,-25.77377],[-48.59147,-25.77401],[-48.59089,-25.7744],[-48.58953,-25.77616],[-48.58962,-25.77876],[-48.59001,-25.77951],[-48.59093,-25.78032],[-48.59003,-25.78079],[-48.58939,-25.78086],[-48.58875,-25.78119],[-48.58842,-25.7816],[-48.5884,-25.78186],[-48.58868,-25.78253],[-48.58921,-25.78303],[-48.58903,-25.78326],[-48.5891,-25.78346],[-48.58691,-25.78387],[-48.58634,-25.78424],[-48.58496,-25.78605],[-48.58485,-25.78713],[-48.58462,-25.78736],[-48.58439,-25.78716],[-48.58381,-25.78715],[-48.58326,-25.78747],[-48.58318,-25.78718],[-48.58287,-25.78714],[-48.58249,-25.78747],[-48.58204,-25.78706],[-48.58161,-25.78701],[-48.58147,-25.78641],[-48.58044,-25.7861],[-48.57989,-25.78627],[-48.57888,-25.78549],[-48.57757,-25.78374],[-48.57336,-25.78071],[-48.57244,-25.7791],[-48.57171,-25.77897],[-48.57084,-25.77916],[-48.5702,-25.77889],[-48.56935,-25.77894],[-48.56869,-25.77991],[-48.56865,-25.78293],[-48.56888,-25.78387],[-48.56998,-25.78482],[-48.57094,-25.78482],[-48.57132,-25.78574],[-48.57207,-25.78678],[-48.57278,-25.78861],[-48.57438,-25.78992],[-48.57407,-25.79152],[-48.57345,-25.79214],[-48.57329,-25.79285],[-48.573,-25.7929],[-48.57232,-25.79343],[-48.57172,-25.79289],[-48.5709,-25.79278],[-48.57034,-25.79364],[-48.57045,-25.79408],[-48.57006,-25.79482],[-48.57,-25.79571],[-48.57035,-25.79613],[-48.57024,-25.79646],[-48.56983,-25.79649],[-48.56946,-25.79703],[-48.5691,-25.79694],[-48.56819,-25.79713],[-48.56747,-25.79778],[-48.56709,-25.79769],[-48.56683,-25.79788],[-48.56724,-25.79942],[-48.56588,-25.79979],[-48.5653,-25.79772],[-48.56497,-25.79732],[-48.56312,-25.797],[-48.56193,-25.79711],[-48.56209,-25.79766],[-48.56153,-25.79781],[-48.56142,-25.79744],[-48.55946,-25.79864],[-48.55988,-25.80134],[-48.55774,-25.80333],[-48.55716,-25.80354],[-48.55608,-25.80333],[-48.55495,-25.8038],[-48.55555,-25.80412],[-48.55573,-25.80475],[-48.55486,-25.80525],[-48.55502,-25.80554],[-48.55531,-25.80542],[-48.55653,-25.80667],[-48.5569,-25.80724],[-48.55642,-25.80753],[-48.55582,-25.80716],[-48.55514,-25.80841],[-48.55519,-25.80869],[-48.55466,-25.80924],[-48.55321,-25.80941],[-48.55286,-25.81011],[-48.55315,-25.81026],[-48.55314,-25.81069],[-48.55349,-25.81077],[-48.55357,-25.81137],[-48.55383,-25.8114],[-48.55381,-25.81173],[-48.55528,-25.81226],[-48.55532,-25.81248],[-48.55742,-25.81253],[-48.55804,-25.81231],[-48.55871,-25.81257],[-48.55817,-25.813],[-48.55798,-25.81353],[-48.55794,-25.81446],[-48.55736,-25.81451],[-48.55707,-25.81554],[-48.55615,-25.81587],[-48.55546,-25.81645],[-48.55511,-25.81685],[-48.55501,-25.81726],[-48.55448,-25.81761],[-48.55451,-25.8179],[-48.55284,-25.81764],[-48.55257,-25.81792],[-48.55251,-25.81836],[-48.55225,-25.81841],[-48.55078,-25.81738],[-48.54999,-25.81707],[-48.54951,-25.81663],[-48.54871,-25.81634],[-48.54755,-25.8163],[-48.54713,-25.81642],[-48.54706,-25.8166],[-48.54647,-25.81662],[-48.54641,-25.81646],[-48.54512,-25.81654],[-48.54296,-25.81626],[-48.54296,-25.81643],[-48.54342,-25.81682],[-48.54341,-25.81729],[-48.54254,-25.81728],[-48.54286,-25.81772],[-48.54242,-25.81855],[-48.54237,-25.81945],[-48.54317,-25.81973],[-48.54317,-25.82004],[-48.54353,-25.82026],[-48.54402,-25.82032],[-48.54423,-25.8207],[-48.544,-25.8209],[-48.54407,-25.82117],[-48.5444,-25.82123],[-48.54463,-25.82154],[-48.54458,-25.82174],[-48.54605,-25.82253],[-48.54647,-25.82301],[-48.54704,-25.82311],[-48.54707,-25.8227],[-48.54727,-25.82257],[-48.54854,-25.82269],[-48.54935,-25.8223],[-48.5498,-25.82229],[-48.54971,-25.82184],[-48.55037,-25.82174],[-48.55045,-25.82218],[-48.55088,-25.82182],[-48.55161,-25.82195],[-48.55234,-25.82289],[-48.55272,-25.82274],[-48.55393,-25.82353],[-48.55454,-25.82374],[-48.55444,-25.8244],[-48.55508,-25.82441],[-48.55507,-25.82489],[-48.55476,-25.8249],[-48.55475,-25.82506],[-48.55531,-25.82577],[-48.55517,-25.82685],[-48.55566,-25.82766],[-48.5561,-25.82805],[-48.55669,-25.82819],[-48.55804,-25.82768],[-48.55847,-25.82787],[-48.55913,-25.8275],[-48.56024,-25.82748],[-48.56057,-25.82701],[-48.56112,-25.82709],[-48.56169,-25.82825],[-48.55996,-25.82838],[-48.5598,-25.82823],[-48.55866,-25.82858],[-48.55865,-25.82883],[-48.55915,-25.82925],[-48.55868,-25.82971],[-48.55805,-25.82922],[-48.55735,-25.82936],[-48.55567,-25.83102],[-48.55473,-25.83159],[-48.55433,-25.83146],[-48.55411,-25.83191],[-48.55434,-25.83224],[-48.55417,-25.8327],[-48.5548,-25.83321],[-48.55479,-25.8337],[-48.55576,-25.83326],[-48.55646,-25.83433],[-48.55588,-25.83462],[-48.55606,-25.83496],[-48.55586,-25.83504],[-48.55693,-25.83528],[-48.55692,-25.83582],[-48.55579,-25.8358],[-48.55568,-25.83647],[-48.55442,-25.83768],[-48.55461,-25.83824],[-48.55416,-25.83847],[-48.55389,-25.8383],[-48.55379,-25.83842],[-48.55365,-25.8387],[-48.55378,-25.83896],[-48.55426,-25.8393],[-48.55311,-25.83946],[-48.55274,-25.83984],[-48.55235,-25.83982],[-48.55237,-25.83958],[-48.55194,-25.83914],[-48.55195,-25.83897],[-48.55145,-25.83869],[-48.55093,-25.83766],[-48.55074,-25.83753],[-48.54998,-25.83754],[-48.54915,-25.8381],[-48.54896,-25.83901],[-48.54771,-25.8412],[-48.54569,-25.84204],[-48.5444,-25.84238],[-48.54365,-25.84304],[-48.54355,-25.84342],[-48.54373,-25.84431],[-48.54405,-25.84529],[-48.54451,-25.84597],[-48.54587,-25.84692],[-48.54657,-25.84706],[-48.54751,-25.8477],[-48.54737,-25.84793],[-48.54821,-25.84891],[-48.54821,-25.84968],[-48.54993,-25.85148],[-48.55043,-25.85154],[-48.5509,-25.85129],[-48.55079,-25.85104],[-48.55272,-25.84986],[-48.55315,-25.85027],[-48.55351,-25.85001],[-48.55395,-25.85013],[-48.55531,-25.84915],[-48.55533,-25.84818],[-48.55607,-25.84819],[-48.55691,-25.84726],[-48.55795,-25.84728],[-48.55757,-25.84874],[-48.55803,-25.849],[-48.55811,-25.84939],[-48.55859,-25.84936],[-48.55911,-25.84986],[-48.55974,-25.85019],[-48.56024,-25.85006],[-48.56109,-25.85048],[-48.56208,-25.85064],[-48.56257,-25.85057],[-48.56304,-25.8509],[-48.56296,-25.85133],[-48.56316,-25.85198],[-48.56444,-25.85406],[-48.56462,-25.8547],[-48.56503,-25.85506],[-48.56499,-25.85572],[-48.56555,-25.85631],[-48.56594,-25.85636],[-48.56751,-25.85596],[-48.56926,-25.85504],[-48.5697,-25.85449],[-48.56988,-25.8541],[-48.56936,-25.85328],[-48.56766,-25.85253],[-48.56795,-25.852],[-48.56731,-25.8517],[-48.56722,-25.85182],[-48.56653,-25.85117],[-48.56655,-25.85084],[-48.56696,-25.85076],[-48.56697,-25.85055],[-48.56779,-25.85002],[-48.57005,-25.84973],[-48.57125,-25.84843],[-48.57142,-25.84783],[-48.57139,-25.84616],[-48.57049,-25.8456],[-48.57069,-25.84544],[-48.57071,-25.84511],[-48.5717,-25.84503],[-48.57319,-25.84439],[-48.57412,-25.84336],[-48.57411,-25.84288],[-48.57381,-25.84236],[-48.57423,-25.84077],[-48.57323,-25.83989],[-48.57289,-25.83929],[-48.57319,-25.83916],[-48.57178,-25.83786],[-48.57178,-25.83682],[-48.56916,-25.83863],[-48.5684,-25.83847],[-48.56797,-25.8381],[-48.56822,-25.83741],[-48.57022,-25.83566],[-48.56877,-25.83519],[-48.56797,-25.8357],[-48.56552,-25.83527],[-48.56524,-25.8343],[-48.56731,-25.83438],[-48.56845,-25.83467],[-48.56896,-25.83432],[-48.57092,-25.83489],[-48.57065,-25.83388],[-48.57136,-25.83373],[-48.57187,-25.83523],[-48.57248,-25.83536],[-48.57279,-25.8352],[-48.57233,-25.83462],[-48.57221,-25.83418],[-48.57279,-25.83398],[-48.57254,-25.83365],[-48.57289,-25.83341],[-48.57344,-25.8341],[-48.57364,-25.83401],[-48.57375,-25.83428],[-48.57412,-25.83435],[-48.57414,-25.8338],[-48.57471,-25.83356],[-48.57515,-25.83391],[-48.5756,-25.83373],[-48.5758,-25.83362],[-48.57533,-25.8329],[-48.57568,-25.83257],[-48.57604,-25.83282],[-48.5767,-25.83269],[-48.57722,-25.83234],[-48.57773,-25.83147],[-48.57806,-25.83116],[-48.57821,-25.83121],[-48.57874,-25.83045],[-48.57909,-25.82946],[-48.57906,-25.82899],[-48.57841,-25.82895],[-48.57845,-25.82841],[-48.57917,-25.82846],[-48.57943,-25.82699],[-48.57971,-25.82702],[-48.58036,-25.82634],[-48.58062,-25.82573],[-48.57967,-25.82505],[-48.57895,-25.82544],[-48.57872,-25.8251],[-48.57958,-25.82461],[-48.57907,-25.82259],[-48.57867,-25.82219],[-48.57816,-25.82122],[-48.57706,-25.82079],[-48.57664,-25.82088],[-48.57648,-25.82046],[-48.5773,-25.82037],[-48.57736,-25.82003],[-48.57717,-25.81965],[-48.57734,-25.81921],[-48.57715,-25.8188],[-48.5775,-25.81852],[-48.57788,-25.81774],[-48.57876,-25.818],[-48.57905,-25.81786],[-48.57986,-25.81646],[-48.5798,-25.8158],[-48.58035,-25.81554],[-48.5803,-25.81503],[-48.58093,-25.81481],[-48.58158,-25.81398],[-48.58252,-25.81418],[-48.58307,-25.81388],[-48.58403,-25.81391],[-48.58464,-25.81355],[-48.58497,-25.81307],[-48.58488,-25.81262],[-48.58517,-25.81186],[-48.58614,-25.81197],[-48.58786,-25.8115],[-48.58809,-25.81128],[-48.58853,-25.81143],[-48.5891,-25.81121],[-48.58936,-25.81088],[-48.58934,-25.81046],[-48.58996,-25.81018],[-48.59035,-25.80973],[-48.59078,-25.80801],[-48.59204,-25.80692],[-48.5924,-25.80636],[-48.59249,-25.8057],[-48.59209,-25.80506],[-48.58902,-25.80389],[-48.5894,-25.80311],[-48.58901,-25.80259],[-48.58987,-25.80209],[-48.58967,-25.80146],[-48.59009,-25.80128],[-48.59026,-25.80072],[-48.59065,-25.80071],[-48.59082,-25.80055],[-48.59177,-25.80091],[-48.59346,-25.80111],[-48.59434,-25.80086],[-48.59505,-25.80035],[-48.59529,-25.80009],[-48.59542,-25.7993],[-48.5963,-25.79803],[-48.59632,-25.79692],[-48.5959,-25.7964],[-48.59434,-25.79647],[-48.59451,-25.79597],[-48.59442,-25.79556],[-48.59294,-25.79431],[-48.59107,-25.7941],[-48.59036,-25.79421],[-48.5904,-25.79345],[-48.58985,-25.79304],[-48.58981,-25.79241],[-48.58956,-25.79207],[-48.59051,-25.79104],[-48.59126,-25.79145],[-48.59216,-25.79139],[-48.59276,-25.79224],[-48.59385,-25.79287],[-48.59487,-25.79285],[-48.59581,-25.79227],[-48.59619,-25.79173],[-48.59653,-25.79172],[-48.59757,-25.79122],[-48.59823,-25.79035],[-48.59896,-25.78866],[-48.59864,-25.78733],[-48.59833,-25.78685],[-48.59838,-25.78618],[-48.59945,-25.78551],[-48.59957,-25.78526],[-48.59916,-25.78509],[-48.5988,-25.78435],[-48.59956,-25.78308],[-48.59957,-25.78264],[-48.59933,-25.78199],[-48.59962,-25.78148],[-48.59943,-25.78112],[-48.5988,-25.78065],[-48.59882,-25.77999],[-48.59851,-25.77955],[-48.59885,-25.77745],[-48.59923,-25.77725],[-48.59984,-25.77644],[-48.60031,-25.77432],[-48.60016,-25.77368],[-48.60101,-25.77358],[-48.60137,-25.77409],[-48.60128,-25.77468],[-48.60152,-25.77521],[-48.60195,-25.77543],[-48.60256,-25.77534],[-48.60249,-25.77616],[-48.60263,-25.77684],[-48.60363,-25.77833],[-48.60419,-25.7786],[-48.60588,-25.77872],[-48.606,-25.77918],[-48.60686,-25.77951],[-48.60685,-25.77968],[-48.60608,-25.78024],[-48.60616,-25.7805],[-48.60642,-25.78064],[-48.60761,-25.7806],[-48.6082,-25.78086],[-48.60865,-25.78142],[-48.61002,-25.78246],[-48.61093,-25.78245],[-48.61121,-25.78288],[-48.61179,-25.78322],[-48.61175,-25.78353],[-48.61246,-25.78456],[-48.61324,-25.78455],[-48.61397,-25.78487],[-48.61451,-25.78532],[-48.61437,-25.78553],[-48.61719,-25.78837],[-48.6169,-25.78889],[-48.6174,-25.78901],[-48.61755,-25.78991],[-48.61822,-25.78985],[-48.61854,-25.79005],[-48.61887,-25.79082],[-48.61917,-25.79108],[-48.61922,-25.79172],[-48.6196,-25.79237],[-48.61927,-25.79308],[-48.61879,-25.79342],[-48.6188,-25.79357],[-48.61937,-25.79329],[-48.62004,-25.79351],[-48.62142,-25.79333],[-48.62188,-25.79369],[-48.62305,-25.79314],[-48.62333,-25.79317],[-48.62299,-25.79345],[-48.62321,-25.79417],[-48.62361,-25.79459],[-48.62354,-25.79496],[-48.62427,-25.79552],[-48.62453,-25.79553],[-48.62525,-25.79634],[-48.62517,-25.79689],[-48.62599,-25.79751],[-48.62609,-25.79846],[-48.62686,-25.79921],[-48.62703,-25.79921],[-48.62681,-25.7988],[-48.627,-25.79847],[-48.62733,-25.79864],[-48.62764,-25.79859],[-48.6279,-25.79883],[-48.62764,-25.79964],[-48.62725,-25.79984],[-48.62724,-25.80022],[-48.62678,-25.80113],[-48.62778,-25.80074],[-48.62816,-25.80143],[-48.62852,-25.80138],[-48.62916,-25.80094],[-48.62878,-25.80075],[-48.62901,-25.80058],[-48.629,-25.80014],[-48.6305,-25.80035],[-48.63146,-25.80082],[-48.63171,-25.80113],[-48.63291,-25.80185],[-48.63284,-25.80226],[-48.63245,-25.80283],[-48.63254,-25.80302],[-48.63303,-25.80299],[-48.63402,-25.80234],[-48.63458,-25.80269],[-48.63522,-25.80267],[-48.6356,-25.80295],[-48.6356,-25.80318],[-48.63593,-25.8032],[-48.63596,-25.80338],[-48.63524,-25.80386],[-48.63506,-25.8043],[-48.63533,-25.80447],[-48.63627,-25.80426],[-48.63636,-25.80477],[-48.63606,-25.80504],[-48.63586,-25.8061],[-48.6352,-25.80578],[-48.63535,-25.80674],[-48.63522,-25.80712],[-48.63349,-25.80759],[-48.63361,-25.80795],[-48.63424,-25.80804],[-48.63422,-25.80821],[-48.6337,-25.80864],[-48.63389,-25.80894],[-48.63414,-25.80894],[-48.63487,-25.80805],[-48.63531,-25.80796],[-48.63574,-25.80818],[-48.63536,-25.80781],[-48.63549,-25.80719],[-48.63581,-25.80697],[-48.6363,-25.80702],[-48.63635,-25.80665],[-48.63679,-25.80618],[-48.63642,-25.80568],[-48.63671,-25.80455],[-48.6369,-25.80436],[-48.63721,-25.80453],[-48.63725,-25.80424],[-48.63804,-25.80425],[-48.63817,-25.8049],[-48.63923,-25.80478],[-48.6399,-25.80536],[-48.64055,-25.80555],[-48.64095,-25.80542],[-48.64109,-25.80489],[-48.64053,-25.80453],[-48.64103,-25.80435],[-48.6415,-25.80471],[-48.64193,-25.80472],[-48.64224,-25.80533],[-48.64261,-25.80551],[-48.64335,-25.80548],[-48.6438,-25.8051],[-48.64397,-25.80517],[-48.64393,-25.80539],[-48.64415,-25.80548],[-48.64372,-25.80593],[-48.64428,-25.80615],[-48.6443,-25.80639],[-48.64231,-25.80639],[-48.64171,-25.80663],[-48.6411,-25.80634],[-48.64078,-25.80587],[-48.63967,-25.80586],[-48.63939,-25.80558],[-48.63865,-25.80562],[-48.63816,-25.80542],[-48.63788,-25.80561],[-48.63834,-25.80618],[-48.63901,-25.80625],[-48.63926,-25.80652],[-48.63879,-25.80644],[-48.63819,-25.80676],[-48.6375,-25.80836],[-48.63757,-25.80866],[-48.638,-25.80876],[-48.63864,-25.80859],[-48.63881,-25.808],[-48.63933,-25.80853],[-48.63968,-25.80859],[-48.64232,-25.80745],[-48.64294,-25.8075],[-48.64285,-25.80768],[-48.64305,-25.80774],[-48.64252,-25.80814],[-48.64256,-25.80851],[-48.64341,-25.80856],[-48.64363,-25.8087],[-48.6431,-25.80889],[-48.64302,-25.80919],[-48.64266,-25.80913],[-48.64251,-25.80932],[-48.64215,-25.80891],[-48.64157,-25.80897],[-48.64093,-25.80849],[-48.6405,-25.8085],[-48.63981,-25.809],[-48.63901,-25.80905],[-48.63893,-25.80926],[-48.6391,-25.80941],[-48.63996,-25.80942],[-48.64005,-25.8098],[-48.63962,-25.8103],[-48.63926,-25.80994],[-48.63884,-25.80989],[-48.6389,-25.80946],[-48.63786,-25.80923],[-48.63763,-25.8093],[-48.63778,-25.8096],[-48.63753,-25.80979],[-48.63757,-25.8101],[-48.63833,-25.81053],[-48.63733,-25.81054],[-48.63722,-25.81066],[-48.63735,-25.81077],[-48.63848,-25.81082],[-48.63873,-25.81026],[-48.63898,-25.81024],[-48.63926,-25.81052],[-48.63914,-25.81147],[-48.63849,-25.81207],[-48.63811,-25.81265],[-48.63819,-25.81311],[-48.63806,-25.81347],[-48.63854,-25.81344],[-48.63938,-25.81289],[-48.63974,-25.81296],[-48.64019,-25.81274],[-48.64051,-25.81276],[-48.64087,-25.81321],[-48.64021,-25.81334],[-48.6396,-25.81378],[-48.6382,-25.81395],[-48.63807,-25.81417],[-48.63668,-25.81474],[-48.63651,-25.81475],[-48.63649,-25.81459],[-48.63669,-25.81417],[-48.63587,-25.81416],[-48.63549,-25.81435],[-48.63556,-25.81501],[-48.63507,-25.81624],[-48.63543,-25.81697],[-48.63675,-25.8186],[-48.63673,-25.81875],[-48.63631,-25.81894],[-48.63623,-25.81924],[-48.63702,-25.8194],[-48.63767,-25.8192],[-48.6379,-25.81897],[-48.63953,-25.81903],[-48.63867,-25.82008],[-48.63821,-25.82009],[-48.63833,-25.82037],[-48.63774,-25.8213],[-48.63786,-25.82206],[-48.63769,-25.82258],[-48.63741,-25.82285],[-48.63745,-25.82314],[-48.63908,-25.8229],[-48.63908,-25.82263],[-48.6402,-25.82241],[-48.64036,-25.82285],[-48.64059,-25.82272],[-48.64124,-25.82284],[-48.64155,-25.82318],[-48.64195,-25.82309],[-48.64274,-25.82366],[-48.64305,-25.82345],[-48.64315,-25.8231],[-48.64351,-25.82339],[-48.6443,-25.82247],[-48.6454,-25.82302],[-48.64539,-25.82367],[-48.64599,-25.82326],[-48.64668,-25.82324],[-48.64726,-25.82257],[-48.64607,-25.82229],[-48.64605,-25.82194],[-48.64807,-25.82178],[-48.6487,-25.8215],[-48.64897,-25.821],[-48.64861,-25.82064],[-48.649,-25.82026],[-48.64905,-25.81967],[-48.64944,-25.81911],[-48.64993,-25.81883],[-48.6511,-25.81894],[-48.65144,-25.81926],[-48.65211,-25.81941],[-48.6521,-25.82107],[-48.65256,-25.82123],[-48.65317,-25.82196],[-48.65388,-25.82181],[-48.65441,-25.82225],[-48.65472,-25.82225],[-48.65463,-25.82141],[-48.655,-25.82113],[-48.65507,-25.82058],[-48.65538,-25.8202],[-48.65546,-25.81949],[-48.65546,-25.81767],[-48.65518,-25.81701],[-48.65558,-25.81648],[-48.65635,-25.81676],[-48.65622,-25.81635],[-48.65655,-25.81602],[-48.65704,-25.81594],[-48.65682,-25.8148],[-48.65716,-25.81433],[-48.65691,-25.8139],[-48.65685,-25.81246],[-48.65616,-25.81268],[-48.6553,-25.81324],[-48.65449,-25.81318],[-48.65476,-25.81287],[-48.65533,-25.81273],[-48.65532,-25.8125],[-48.6549,-25.8122],[-48.65502,-25.81198],[-48.65603,-25.81208],[-48.65632,-25.81191],[-48.65637,-25.81168],[-48.65678,-25.81164],[-48.65731,-25.81126],[-48.65712,-25.81033],[-48.6574,-25.80966],[-48.65716,-25.80919],[-48.65745,-25.80906],[-48.65763,-25.8087],[-48.65755,-25.80797],[-48.65716,-25.80728],[-48.65705,-25.8065],[-48.65823,-25.80756],[-48.65829,-25.80728],[-48.65789,-25.80633],[-48.65726,-25.80585],[-48.65684,-25.80574],[-48.6566,-25.80462],[-48.65725,-25.80433],[-48.6569,-25.80486],[-48.65694,-25.80518],[-48.65734,-25.80526],[-48.65775,-25.80578],[-48.65821,-25.80595],[-48.6586,-25.80558],[-48.65802,-25.80468],[-48.65872,-25.80473],[-48.65833,-25.80411],[-48.65834,-25.80369],[-48.65876,-25.80413],[-48.65907,-25.80403],[-48.65905,-25.80443],[-48.65929,-25.80462],[-48.6614,-25.80473],[-48.66167,-25.80524],[-48.66285,-25.80547],[-48.66308,-25.80591],[-48.66375,-25.80599],[-48.66432,-25.80652],[-48.66386,-25.80713],[-48.66317,-25.80746],[-48.663,-25.80785],[-48.66242,-25.80803],[-48.66223,-25.80836],[-48.66261,-25.80912],[-48.66248,-25.81049],[-48.66281,-25.8111],[-48.66316,-25.81136],[-48.66309,-25.81177],[-48.66337,-25.8123],[-48.66328,-25.81242],[-48.66232,-25.8125],[-48.66213,-25.81273],[-48.66248,-25.81345],[-48.66351,-25.81415],[-48.66442,-25.81394],[-48.66518,-25.81348],[-48.66533,-25.81318],[-48.6663,-25.81329],[-48.66621,-25.81374],[-48.66722,-25.81331],[-48.66746,-25.81297],[-48.6673,-25.8124],[-48.66747,-25.81191],[-48.66725,-25.81158],[-48.66683,-25.8115],[-48.6669,-25.81117],[-48.66666,-25.81057],[-48.66753,-25.81052],[-48.66798,-25.80991],[-48.66889,-25.81001],[-48.67024,-25.80976],[-48.67125,-25.80888],[-48.67199,-25.80852],[-48.67213,-25.80824],[-48.67243,-25.80822],[-48.67278,-25.8077],[-48.67314,-25.80787],[-48.67335,-25.80755],[-48.67387,-25.80785],[-48.67435,-25.807],[-48.67506,-25.80649],[-48.67477,-25.806],[-48.67519,-25.80558],[-48.67511,-25.80525],[-48.67558,-25.8043],[-48.67523,-25.80388],[-48.67541,-25.80376],[-48.67532,-25.80347],[-48.67583,-25.80316],[-48.67609,-25.80274],[-48.67588,-25.80242],[-48.67531,-25.80238],[-48.67561,-25.80203],[-48.67568,-25.80157],[-48.67498,-25.80098],[-48.67508,-25.80073],[-48.67579,-25.80072],[-48.67638,-25.80046],[-48.67663,-25.80005],[-48.67708,-25.77695],[-48.66711,-25.77679],[-48.66834,-25.71363],[-48.68155,-25.71384],[-48.68193,-25.71433],[-48.68263,-25.71452],[-48.68281,-25.71445],[-48.6829,-25.71402],[-48.68315,-25.71429],[-48.68364,-25.71443],[-48.68429,-25.71515],[-48.68449,-25.71517],[-48.68486,-25.7149],[-48.68528,-25.71411],[-48.68607,-25.71397],[-48.6866,-25.71367],[-48.68746,-25.71364],[-48.688,-25.71313],[-48.68806,-25.7136],[-48.68714,-25.71471],[-48.68723,-25.71518],[-48.68834,-25.71511],[-48.68907,-25.71418],[-48.69008,-25.71441],[-48.69025,-25.71526],[-48.69068,-25.71558],[-48.69109,-25.71551],[-48.69134,-25.71517],[-48.69225,-25.71579],[-48.69276,-25.71591],[-48.69314,-25.71575],[-48.69342,-25.71542],[-48.69408,-25.71531],[-48.69457,-25.71554],[-48.69509,-25.71551],[-48.69582,-25.71605],[-48.69776,-25.71653],[-48.70007,-25.71547],[-48.70035,-25.71548],[-48.70188,-25.71423],[-48.70194,-25.713],[-48.7023,-25.71241],[-48.70249,-25.71164],[-48.70329,-25.71037],[-48.70295,-25.70862],[-48.70339,-25.7077],[-48.70366,-25.70828],[-48.70389,-25.70837],[-48.70452,-25.70755],[-48.70503,-25.70764],[-48.70527,-25.70752],[-48.70548,-25.7077],[-48.70587,-25.70772],[-48.70625,-25.7075],[-48.70721,-25.70828],[-48.7076,-25.70825],[-48.70831,-25.70789],[-48.71026,-25.60598],[-48.69035,-25.60567],[-48.69096,-25.57425],[-48.69041,-25.57424],[-48.69005,-25.57388],[-48.69098,-25.57324],[-48.69118,-25.56266],[-48.69094,-25.56264],[-48.6908,-25.56192],[-48.69035,-25.56157],[-48.68901,-25.56137],[-48.6888,-25.56095],[-48.6883,-25.56072],[-48.68781,-25.56025],[-48.68759,-25.55974],[-48.68661,-25.55986],[-48.68649,-25.55882],[-48.68566,-25.55825],[-48.68585,-25.55763],[-48.68703,-25.55638],[-48.68718,-25.55589],[-48.68796,-25.55553],[-48.68814,-25.55491],[-48.68885,-25.5541],[-48.68899,-25.55355],[-48.68881,-25.55295],[-48.6878,-25.55236],[-48.68698,-25.55155],[-48.68628,-25.55005],[-48.68565,-25.54971],[-48.68486,-25.54895],[-48.68394,-25.54895],[-48.68251,-25.54862],[-48.68206,-25.54754],[-48.68181,-25.54729],[-48.68114,-25.54727],[-48.68032,-25.54755],[-48.67924,-25.54821]],[[-48.62297,-25.64044],[-48.62177,-25.64154],[-48.62089,-25.6416],[-48.62026,-25.64129],[-48.61952,-25.64041],[-48.61833,-25.63978],[-48.61737,-25.63952],[-48.61708,-25.6384],[-48.61796,-25.63781],[-48.61928,-25.63781],[-48.61995,-25.6383],[-48.62059,-25.63835],[-48.62105,-25.63879],[-48.62124,-25.63957],[-48.62297,-25.64044]],[[-48.6377,-25.61421],[-48.63834,-25.61397],[-48.63903,-25.61426],[-48.63915,-25.61573],[-48.64054,-25.61662],[-48.6401,-25.61712],[-48.63851,-25.61673],[-48.63791,-25.61587],[-48.63746,-25.6147],[-48.6377,-25.61421]],[[-48.64716,-25.61276],[-48.64786,-25.61319],[-48.64733,-25.61409],[-48.64684,-25.6138],[-48.64448,-25.61393],[-48.64392,-25.61414],[-48.6436,-25.61356],[-48.64618,-25.61262],[-48.64716,-25.61276]]]}},{"type":"Feature","properties":{"cnuc":"0000.00.0025","nome":"ÁREA DE PROTEÇÃO AMBIENTAL ILHAS E VÁRZEAS DO RIO PARANÁ","categoria":"Área de Proteção Ambiental","grupo":"Uso Sustentável","esfera":"Federal","area_ha":1005173.3,"criacao":"30-09-1997","gestor":"INSTITUTO CHICO MENDES DE CONSERVAÇÃO DA BIODIVERSIDADE","uf":"MATO GROSSO DO SUL, PARANÁ, SÃO PAULO","plano_manejo":"Não"},"geometry":{"type":"Polygon","coordinates":[[[-53.1811,-22.28423],[-53.18041,-22.28468],[-53.17962,-22.28454],[-53.17355,-22.28185],[-53.17191,-22.28156],[-53.1682,-22.27976],[-53.16577,-22.27892],[-53.16562,-22.27954],[-53.13951,-22.30038],[-53.13977,-22.30032],[-53.13881,-22.30577],[-53.13855,-22.30691],[-53.13783,-22.30872],[-53.13863,-22.31178],[-53.13953,-22.31333],[-53.14062,-22.31463],[-53.14042,-22.31708],[-53.14087,-22.31835],[-53.14123,-22.31895],[-53.14197,-22.31934],[-53.14271,-22.31933],[-53.14354,-22.31982],[-53.14541,-22.32191],[-53.1463,-22.3224],[-53.14867,-22.32229],[-53.14977,-22.32275],[-53.15009,-22.32313],[-53.15136,-22.32573],[-53.15282,-22.32763],[-53.15315,-22.33069],[-53.15378,-22.33324],[-53.15365,-22.3339],[-53.15315,-22.33442],[-53.15209,-22.33492],[-53.15133,-22.33567],[-53.15075,-22.33674],[-53.15051,-22.34239],[-53.14908,-22.34627],[-53.14666,-22.35026],[-53.14612,-22.35204],[-53.14587,-22.35441],[-53.14504,-22.35743],[-53.14359,-22.36111],[-53.14115,-22.36813],[-53.14037,-22.36956],[-53.13849,-22.37381],[-53.13715,-22.3757],[-53.13595,-22.37897],[-53.13377,-22.38179],[-53.13239,-22.3851],[-53.13219,-22.3874],[-53.13225,-22.39038],[-53.13147,-22.39517],[-53.13091,-22.39672],[-53.13054,-22.40053],[-53.12938,-22.40499],[-53.12908,-22.40721],[-53.12854,-22.40822],[-53.128,-22.40986],[-53.1273,-22.41268],[-53.12741,-22.41396],[-53.1285,-22.41703],[-53.12911,-22.41954],[-53.13081,-22.42371],[-53.13183,-22.42764],[-53.13188,-22.429],[-53.13157,-22.43186],[-53.13162,-22.43737],[-53.12892,-22.43837],[-53.12874,-22.43883],[-53.12867,-22.44221],[-53.12672,-22.44248],[-53.12673,-22.44514],[-53.12584,-22.44557],[-53.1253,-22.44549],[-53.12339,-22.44596],[-53.11911,-22.44818],[-53.11821,-22.4489],[-53.11176,-22.4514],[-53.11104,-22.45199],[-53.11031,-22.45302],[-53.10569,-22.45668],[-53.10181,-22.46063],[-53.1009,-22.46095],[-53.10007,-22.46176],[-53.09898,-22.46345],[-53.0986,-22.46482],[-53.09726,-22.4671],[-53.09605,-22.46825],[-53.093,-22.47003],[-53.08942,-22.47351],[-53.08786,-22.47548],[-53.08763,-22.47585],[-53.08711,-22.47818],[-53.08526,-22.48172],[-53.08533,-22.48367],[-53.08559,-22.48466],[-53.08491,-22.48576],[-53.08479,-22.48566],[-53.08248,-22.48793],[-53.0812,-22.4898],[-53.08086,-22.49071],[-53.0806,-22.49222],[-53.08077,-22.49261],[-53.08118,-22.49287],[-53.08186,-22.49407],[-53.08197,-22.49515],[-53.08137,-22.49904],[-53.08043,-22.50071],[-53.08084,-22.5005],[-53.0807,-22.50117],[-53.08018,-22.50213],[-53.07924,-22.50239],[-53.07691,-22.50375],[-53.07668,-22.50409],[-53.07668,-22.50449],[-53.0775,-22.50593],[-53.07835,-22.50841],[-53.07831,-22.51082],[-53.07795,-22.5122],[-53.07628,-22.51595],[-53.07547,-22.51719],[-53.0738,-22.51878],[-53.07184,-22.5214],[-53.07092,-22.52228],[-53.06959,-22.52318],[-53.06841,-22.52334],[-53.06737,-22.52318],[-53.06569,-22.52252],[-53.06465,-22.52252],[-53.06252,-22.52179],[-53.05805,-22.5198],[-53.05365,-22.51874],[-53.05199,-22.5181],[-53.0489,-22.51725],[-53.04373,-22.51609],[-53.04166,-22.51543],[-53.03936,-22.51408],[-53.03612,-22.51284],[-53.03273,-22.51131],[-53.0306,-22.51072],[-53.02979,-22.51079],[-53.02388,-22.51009],[-53.02205,-22.50931],[-53.01992,-22.50787],[-53.01874,-22.50783],[-53.01778,-22.50818],[-53.01632,-22.50901],[-53.01446,-22.51319],[-53.01365,-22.5145],[-53.0122,-22.5176],[-53.00862,-22.52367],[-53.00788,-22.52597],[-53.00772,-22.52956],[-53.00696,-22.531],[-53.00798,-22.53206],[-53.00845,-22.53219],[-53.01102,-22.53378],[-53.01359,-22.53483],[-53.01572,-22.53618],[-53.01616,-22.53604],[-53.01671,-22.53639],[-53.01693,-22.53673],[-53.01686,-22.53783],[-53.01542,-22.54054],[-53.01423,-22.54048],[-53.01223,-22.5397],[-53.00908,-22.53727],[-53.00648,-22.53583],[-53.00576,-22.5348],[-53.00383,-22.53282],[-53.00098,-22.53625],[-53.0008,-22.53665],[-52.99707,-22.53964],[-52.99614,-22.54098],[-52.99495,-22.54219],[-52.99115,-22.54755],[-52.99019,-22.54942],[-52.98792,-22.54821],[-52.98495,-22.54708],[-52.96605,-22.54195],[-52.96049,-22.54026],[-52.95417,-22.53965],[-52.88466,-22.53739],[-52.88301,-22.53715],[-52.87965,-22.53791],[-52.87911,-22.53815],[-52.87925,-22.53957],[-52.88002,-22.54297],[-52.88104,-22.54465],[-52.88126,-22.54527],[-52.88259,-22.54664],[-52.88343,-22.54871],[-52.88356,-22.55095],[-52.88319,-22.55444],[-52.88376,-22.5556],[-52.88411,-22.55759],[-52.88458,-22.55852],[-52.88564,-22.55947],[-52.88545,-22.5607],[-52.88584,-22.56097],[-52.88634,-22.56099],[-52.88761,-22.56215],[-52.88972,-22.56303],[-52.8899,-22.56476],[-52.89026,-22.5654],[-52.89106,-22.5663],[-52.89101,-22.56671],[-52.89062,-22.56736],[-52.8907,-22.56996],[-52.89195,-22.57243],[-52.89375,-22.57495],[-52.89487,-22.57713],[-52.89478,-22.61177],[-52.91866,-22.61149],[-52.91839,-22.62594],[-52.91836,-22.65636],[-52.91914,-22.65612],[-52.91974,-22.65569],[-52.92129,-22.65514],[-52.92205,-22.65506],[-52.92293,-22.65459],[-52.92377,-22.65332],[-52.92622,-22.65193],[-52.93139,-22.64743],[-52.94436,-22.64615],[-52.94781,-22.64665],[-52.94702,-22.64942],[-52.96981,-22.65104],[-52.97613,-22.6507],[-52.97963,-22.654],[-52.98745,-22.64289],[-52.98814,-22.64416],[-52.98876,-22.64454],[-52.98921,-22.64446],[-52.99306,-22.64495],[-52.99482,-22.64123],[-52.99543,-22.64048],[-52.99643,-22.63963],[-52.99785,-22.63893],[-52.99919,-22.63856],[-53.00052,-22.63755],[-53.0007,-22.63728],[-53.00076,-22.63367],[-53.00123,-22.63342],[-53.003,-22.63146],[-53.00406,-22.6307],[-53.00505,-22.62946],[-53.00626,-22.62863],[-53.00668,-22.6281],[-53.00677,-22.62746],[-53.00734,-22.62665],[-53.00776,-22.62635],[-53.02123,-22.6272],[-53.02173,-22.62649],[-53.06611,-22.71039],[-53.06873,-22.71151],[-53.07144,-22.71223],[-53.07609,-22.71431],[-53.07998,-22.71529],[-53.08243,-22.71639],[-53.086,-22.71748],[-53.09176,-22.7188],[-53.09491,-22.71985],[-53.09677,-22.72026],[-53.10261,-22.72243],[-53.109,-22.724],[-53.10982,-22.72409],[-53.11058,-22.72382],[-53.11496,-22.72385],[-53.11637,-22.72461],[-53.11801,-22.72497],[-53.1182,-22.72525],[-53.11808,-22.72612],[-53.1171,-22.7275],[-53.11705,-22.72814],[-53.12023,-22.73057],[-53.12174,-22.73234],[-53.1241,-22.73407],[-53.12623,-22.73522],[-53.12658,-22.73566],[-53.13021,-22.73854],[-53.1312,-22.74019],[-53.1341,-22.74262],[-53.13433,-22.7434],[-53.13523,-22.7445],[-53.13565,-22.74546],[-53.13766,-22.74746],[-53.14007,-22.75025],[-53.14258,-22.75388],[-53.14378,-22.75505],[-53.1471,-22.75738],[-53.1479,-22.75774],[-53.1534,-22.79705],[-53.15375,-22.79764],[-53.15585,-22.81619],[-53.17277,-22.81397],[-53.17636,-22.81327],[-53.17812,-22.81384],[-53.18053,-22.81542],[-53.18149,-22.81551],[-53.18203,-22.81511],[-53.19596,-22.81225],[-53.19775,-22.81351],[-53.19852,-22.81456],[-53.2012,-22.81711],[-53.20371,-22.81866],[-53.20492,-22.81894],[-53.20608,-22.81863],[-53.20663,-22.81881],[-53.21476,-22.82562],[-53.22862,-22.82493],[-53.22874,-22.82392],[-53.22832,-22.82089],[-53.22787,-22.81891],[-53.22821,-22.8171],[-53.22794,-22.81218],[-53.22761,-22.81051],[-53.22706,-22.80878],[-53.2268,-22.80711],[-53.22683,-22.8064],[-53.22768,-22.80343],[-53.22754,-22.80072],[-53.24545,-22.80436],[-53.24813,-22.80401],[-53.25077,-22.80345],[-53.25835,-22.8034],[-53.26102,-22.80383],[-53.26204,-22.80493],[-53.26702,-22.80927],[-53.26701,-22.80951],[-53.27259,-22.80035],[-53.27231,-22.79453],[-53.2786,-22.79506],[-53.28175,-22.79552],[-53.30111,-22.80105],[-53.31011,-22.80417],[-53.31197,-22.80497],[-53.31858,-22.80858],[-53.32036,-22.8094],[-53.32155,-22.81017],[-53.3293,-22.81378],[-53.33337,-22.81636],[-53.33414,-22.81663],[-53.33762,-22.81853],[-53.33839,-22.81887],[-53.34059,-22.81925],[-53.34124,-22.81959],[-53.34276,-22.82159],[-53.34368,-22.82223],[-53.34455,-22.82309],[-53.34465,-22.82422],[-53.34427,-22.82572],[-53.34435,-22.82737],[-53.3447,-22.82863],[-53.34533,-22.82999],[-53.34642,-22.83079],[-53.34761,-22.83138],[-53.34947,-22.83172],[-53.35322,-22.83341],[-53.35513,-22.83457],[-53.35687,-22.83587],[-53.35735,-22.83642],[-53.35824,-22.8369],[-53.36077,-22.83758],[-53.36281,-22.8384],[-53.36147,-22.84122],[-53.36196,-22.84166],[-53.37195,-22.84399],[-53.37238,-22.84234],[-53.38368,-22.84597],[-53.37872,-22.84932],[-53.37867,-22.84992],[-53.37998,-22.85494],[-53.3801,-22.85791],[-53.38038,-22.86009],[-53.38142,-22.86363],[-53.38323,-22.86757],[-53.38427,-22.87354],[-53.38611,-22.87861],[-53.3866,-22.88116],[-53.38786,-22.88511],[-53.38813,-22.8863],[-53.38799,-22.8867],[-53.388,-22.88798],[-53.40064,-22.88372],[-53.40135,-22.88446],[-53.40235,-22.88625],[-53.40361,-22.88927],[-53.40509,-22.89191],[-53.40527,-22.8938],[-53.40471,-22.89455],[-53.40355,-22.89552],[-53.40331,-22.89672],[-53.40332,-22.89909],[-53.40325,-22.89996],[-53.40303,-22.90054],[-53.40304,-22.90189],[-53.40336,-22.90603],[-53.4026,-22.90851],[-53.40039,-22.91148],[-53.40218,-22.91134],[-53.40458,-22.91066],[-53.40683,-22.91095],[-53.40795,-22.91166],[-53.40897,-22.91161],[-53.40991,-22.91115],[-53.41102,-22.91023],[-53.41151,-22.91013],[-53.41367,-22.90741],[-53.41432,-22.90693],[-53.41567,-22.90632],[-53.41803,-22.90638],[-53.41837,-22.90587],[-53.41919,-22.90553],[-53.42027,-22.90465],[-53.4205,-22.90472],[-53.4205,-22.90499],[-53.4213,-22.90577],[-53.42209,-22.90597],[-53.42254,-22.90632],[-53.42194,-22.90664],[-53.42086,-22.90766],[-53.42029,-22.90793],[-53.41851,-22.90808],[-53.41807,-22.90868],[-53.41718,-22.90919],[-53.41691,-22.9097],[-53.41679,-22.91013],[-53.41683,-22.91347],[-53.41702,-22.91572],[-53.41675,-22.92027],[-53.41626,-22.92227],[-53.41623,-22.9244],[-53.41579,-22.92641],[-53.41578,-22.92792],[-53.41558,-22.92903],[-53.41456,-22.93227],[-53.4145,-22.93441],[-53.41463,-22.93523],[-53.41503,-22.93581],[-53.41508,-22.93622],[-53.4158,-22.93652],[-53.4172,-22.938],[-53.41886,-22.93931],[-53.42046,-22.94024],[-53.42336,-22.94157],[-53.42423,-22.94243],[-53.42771,-22.94352],[-53.42819,-22.94412],[-53.42819,-22.94458],[-53.42748,-22.94624],[-53.42721,-22.94651],[-53.42601,-22.94898],[-53.42424,-22.95176],[-53.42321,-22.95397],[-53.42127,-22.95706],[-53.41971,-22.96068],[-53.41789,-22.96346],[-53.41553,-22.96791],[-53.4148,-22.97011],[-53.41507,-22.98075],[-53.41794,-22.98178],[-53.41983,-22.98205],[-53.42316,-22.98304],[-53.42423,-22.98354],[-53.4244,-22.98389],[-53.42847,-22.98474],[-53.4406,-22.9888],[-53.44668,-22.98995],[-53.45269,-22.99205],[-53.45288,-22.99184],[-53.45522,-22.99258],[-53.45718,-22.99299],[-53.45936,-22.99298],[-53.46125,-22.99387],[-53.46299,-22.99434],[-53.46419,-22.99509],[-53.46875,-22.99586],[-53.47149,-22.99727],[-53.47265,-22.99768],[-53.4737,-22.99772],[-53.47765,-22.99947],[-53.47922,-23.00075],[-53.47858,-23.00061],[-53.4789,-23.00173],[-53.47922,-23.00192],[-53.4828,-23.00297],[-53.48414,-23.00352],[-53.4867,-23.00492],[-53.48921,-23.006],[-53.49102,-23.00722],[-53.49454,-23.00855],[-53.49521,-23.00868],[-53.49576,-23.00848],[-53.49737,-23.00898],[-53.50025,-23.00958],[-53.50075,-23.0096],[-53.5008,-23.00921],[-53.50293,-23.01007],[-53.50872,-23.01137],[-53.51111,-23.01249],[-53.51744,-23.01233],[-53.52696,-23.01175],[-53.53409,-23.01309],[-53.53588,-23.01665],[-53.54481,-23.01344],[-53.55148,-23.02788],[-53.54021,-23.03249],[-53.52629,-23.03754],[-53.52817,-23.04321],[-53.52836,-23.04464],[-53.5292,-23.04821],[-53.5302,-23.05056],[-53.53052,-23.05082],[-53.53141,-23.05215],[-53.53184,-23.05334],[-53.53213,-23.056],[-53.53256,-23.05793],[-53.53482,-23.0611],[-53.53531,-23.06218],[-53.53664,-23.06377],[-53.53728,-23.06453],[-53.53883,-23.06538],[-53.5069,-23.09049],[-53.5064,-23.09104],[-53.50661,-23.09223],[-53.50738,-23.09308],[-53.50851,-23.09483],[-53.50939,-23.09571],[-53.51097,-23.09654],[-53.5133,-23.09744],[-53.51501,-23.09773],[-53.51672,-23.09828],[-53.51987,-23.09834],[-53.52027,-23.09802],[-53.52148,-23.09796],[-53.52626,-23.09913],[-53.5275,-23.09964],[-53.52777,-23.1003],[-53.52762,-23.10351],[-53.5162,-23.12261],[-53.51064,-23.11817],[-53.44661,-23.13928],[-53.44599,-23.14122],[-53.44521,-23.14222],[-53.44061,-23.14586],[-53.43937,-23.14723],[-53.43653,-23.14892],[-53.43564,-23.14994],[-53.43551,-23.1504],[-53.43555,-23.15405],[-53.43497,-23.15616],[-53.43427,-23.15705],[-53.43387,-23.15812],[-53.43409,-23.15895],[-53.43496,-23.15985],[-53.43557,-23.16088],[-53.43564,-23.16146],[-53.43529,-23.16247],[-53.43333,-23.1637],[-53.43084,-23.16664],[-53.42962,-23.16703],[-53.42796,-23.16694],[-53.42692,-23.16716],[-53.42582,-23.16796],[-53.42517,-23.16882],[-53.42453,-23.16928],[-53.36495,-23.16845],[-53.35375,-23.18806],[-53.35282,-23.19157],[-53.35286,-23.19269],[-53.35335,-23.19464],[-53.35612,-23.21092],[-53.35597,-23.21523],[-53.3555,-23.21608],[-53.35393,-23.21793],[-53.3531,-23.21944],[-53.35292,-23.22027],[-53.35467,-23.2231],[-53.35477,-23.22372],[-53.3542,-23.23006],[-53.35417,-23.23269],[-53.35592,-23.23285],[-53.35639,-23.23333],[-53.36304,-23.23458],[-53.36656,-23.23556],[-53.36886,-23.23644],[-53.37233,-23.23707],[-53.37404,-23.23706],[-53.37692,-23.23794],[-53.38188,-23.23994],[-53.38366,-23.24038],[-53.38643,-23.24184],[-53.38869,-23.24341],[-53.39161,-23.24459],[-53.39487,-23.24764],[-53.39623,-23.24835],[-53.40113,-23.24885],[-53.40258,-23.24928],[-53.43029,-23.24922],[-53.46473,-23.25785],[-53.4658,-23.25845],[-53.4694,-23.2578],[-53.4698,-23.25732],[-53.47166,-23.25652],[-53.47475,-23.25438],[-53.48153,-23.25168],[-53.48255,-23.2514],[-53.48534,-23.25107],[-53.49174,-23.24965],[-53.49447,-23.24929],[-53.49512,-23.2495],[-53.49638,-23.24951],[-53.50028,-23.25067],[-53.50234,-23.2517],[-53.55703,-23.26845],[-53.55578,-23.28267],[-53.55519,-23.28343],[-53.54926,-23.28678],[-53.54887,-23.28753],[-53.55954,-23.29817],[-53.59747,-23.29429],[-53.58426,-23.33762],[-53.59703,-23.32984],[-53.6087,-23.33734],[-53.61704,-23.35817],[-53.61737,-23.35852],[-53.64426,-23.37012],[-53.64951,-23.40079],[-53.64243,-23.40942],[-53.64386,-23.41016],[-53.64606,-23.41208],[-53.64788,-23.41397],[-53.65067,-23.41616],[-53.65184,-23.4176],[-53.65264,-23.41934],[-53.65414,-23.42135],[-53.65407,-23.42156],[-53.68604,-23.42996],[-53.68652,-23.43191],[-53.68631,-23.43686],[-53.68676,-23.43963],[-53.68662,-23.44096],[-53.68644,-23.44131],[-53.68648,-23.44231],[-53.6882,-23.44682],[-53.68998,-23.45218],[-53.69086,-23.45392],[-53.69187,-23.45719],[-53.69332,-23.46111],[-53.69387,-23.46179],[-53.69595,-23.46554],[-53.6984,-23.46897],[-53.7036,-23.47166],[-53.70963,-23.4756],[-53.7125,-23.47709],[-53.71327,-23.47764],[-53.71397,-23.47853],[-53.71621,-23.48008],[-53.7193,-23.4814],[-53.72125,-23.48157],[-53.72493,-23.48149],[-53.72734,-23.48123],[-53.72821,-23.48092],[-53.72843,-23.46984],[-53.72909,-23.46919],[-53.75685,-23.50006],[-53.76402,-23.50902],[-53.79901,-23.54738],[-53.80064,-23.54984],[-53.8016,-23.55088],[-53.80287,-23.55187],[-53.80438,-23.55334],[-53.80579,-23.55408],[-53.80942,-23.55484],[-53.80984,-23.5553],[-53.81001,-23.55626],[-53.80995,-23.55966],[-53.8101,-23.56134],[-53.81134,-23.56247],[-53.8132,-23.56332],[-53.8343,-23.58939],[-53.84753,-23.6041],[-53.84767,-23.60498],[-53.84814,-23.60588],[-53.84752,-23.60766],[-53.84399,-23.61512],[-53.84462,-23.61492],[-53.85729,-23.60646],[-53.86205,-23.59373],[-53.90511,-23.65817],[-53.90993,-23.67316],[-53.8816,-23.76562],[-53.8816,-23.76603],[-53.88189,-23.76674],[-53.88381,-23.7696],[-53.88504,-23.77202],[-53.88505,-23.77459],[-53.88553,-23.77657],[-53.88679,-23.77823],[-53.88755,-23.78026],[-53.88858,-23.78235],[-53.89097,-23.78644],[-53.89252,-23.78877],[-53.89301,-23.79049],[-53.89344,-23.79357],[-53.89342,-23.79621],[-53.89245,-23.79832],[-53.89297,-23.79963],[-53.89506,-23.80295],[-53.89563,-23.80447],[-53.89737,-23.80807],[-53.89817,-23.8103],[-53.90144,-23.81421],[-53.90521,-23.81742],[-53.90735,-23.82116],[-53.90735,-23.82134],[-53.90574,-23.82264],[-53.90532,-23.82287],[-53.90517,-23.82273],[-53.90494,-23.82351],[-53.90502,-23.82589],[-53.90411,-23.82761],[-53.90306,-23.82859],[-53.9021,-23.82913],[-53.9013,-23.83014],[-53.8992,-23.835],[-53.89919,-23.8363],[-53.8998,-23.84115],[-53.90056,-23.84371],[-53.90156,-23.84569],[-53.9016,-23.84707],[-53.90209,-23.84863],[-53.90208,-23.84946],[-53.90177,-23.85141],[-53.90111,-23.8532],[-53.9003,-23.85468],[-53.89927,-23.85587],[-53.89874,-23.85743],[-53.89769,-23.86119],[-53.89763,-23.86277],[-53.90484,-23.86482],[-53.91481,-23.85844],[-53.91805,-23.85965],[-53.91982,-23.85973],[-53.92074,-23.85994],[-53.92238,-23.85966],[-53.92603,-23.85824],[-53.92826,-23.85786],[-53.93028,-23.85781],[-53.9319,-23.85752],[-53.93205,-23.85707],[-53.9315,-23.86207],[-53.93419,-23.86158],[-53.93609,-23.86062],[-53.93927,-23.85982],[-53.93999,-23.8598],[-53.94168,-23.86041],[-53.94302,-23.86134],[-54.00068,-23.91465],[-54.00299,-23.91743],[-54.00376,-23.91879],[-54.00737,-23.92182],[-54.00867,-23.92235],[-54.01148,-23.92415],[-54.01472,-23.92544],[-54.01657,-23.92687],[-54.01759,-23.9282],[-54.01811,-23.92987],[-54.01816,-23.93098],[-54.01798,-23.93176],[-54.01758,-23.93931],[-54.01755,-23.94236],[-54.01707,-23.94415],[-54.01503,-23.94564],[-54.01301,-23.94644],[-54.01243,-23.94687],[-54.01171,-23.94795],[-54.01166,-23.94845],[-54.01178,-23.94905],[-54.01447,-23.95516],[-54.01529,-23.95658],[-54.01556,-23.9575],[-54.01569,-23.95858],[-54.01554,-23.96023],[-54.01421,-23.96329],[-54.01378,-23.96505],[-54.01406,-23.9662],[-54.01575,-23.96994],[-54.01715,-23.97194],[-54.01979,-23.99779],[-54.02036,-23.99853],[-54.02103,-23.9985],[-54.02233,-23.99796],[-54.02305,-23.99713],[-54.02388,-23.99676],[-54.0246,-23.99654],[-54.02625,-23.99652],[-54.02735,-23.99688],[-54.02815,-23.99737],[-54.02844,-23.99776],[-54.02932,-23.99822],[-54.03199,-23.99916],[-54.03301,-23.9993],[-54.03476,-23.99924],[-54.03743,-23.99825],[-54.03915,-23.99837],[-54.04249,-23.99984],[-54.04439,-24.0009],[-54.04567,-24.00187],[-54.04721,-24.00217],[-54.04933,-24.00218],[-54.05149,-24.00244],[-54.05219,-24.00267],[-54.05428,-24.00412],[-54.0555,-24.00605],[-54.05704,-24.00954],[-54.05654,-24.01181],[-54.05616,-24.01266],[-54.05429,-24.01435],[-54.0533,-24.01494],[-54.05113,-24.01569],[-54.05058,-24.0162],[-54.05028,-24.01663],[-54.05025,-24.01732],[-54.0508,-24.01925],[-54.05075,-24.02049],[-54.05015,-24.0215],[-54.04907,-24.02278],[-54.04611,-24.02451],[-54.04521,-24.02566],[-54.04598,-24.02638],[-54.04812,-24.02762],[-54.05001,-24.02927],[-54.05186,-24.0304],[-54.05419,-24.03238],[-54.05477,-24.03341],[-54.05599,-24.03443],[-54.05661,-24.03523],[-54.0568,-24.03718],[-54.05743,-24.03856],[-54.05817,-24.03879],[-54.05905,-24.03861],[-54.06054,-24.03902],[-54.06114,-24.03935],[-54.06856,-24.04434],[-54.06938,-24.04529],[-54.07104,-24.04632],[-54.07239,-24.04671],[-54.07401,-24.04672],[-54.07775,-24.04778],[-54.08046,-24.0482],[-54.0829,-24.04919],[-54.08395,-24.04988],[-54.08489,-24.05087],[-54.08614,-24.05129],[-54.08773,-24.05212],[-54.08883,-24.05233],[-54.0958,-24.05878],[-54.09724,-24.06055],[-54.09816,-24.06266],[-54.09888,-24.06494],[-54.1009,-24.06777],[-54.10157,-24.06962],[-54.11842,-24.06899],[-54.11929,-24.06853],[-54.12006,-24.06853],[-54.12121,-24.06868],[-54.12193,-24.06923],[-54.1226,-24.0701],[-54.12332,-24.07038],[-54.1239,-24.0704],[-54.12455,-24.0702],[-54.12524,-24.06905],[-54.14521,-24.06782],[-54.1459,-24.06796],[-54.14653,-24.06835],[-54.14926,-24.07079],[-54.15173,-24.07063],[-54.15435,-24.06951],[-54.16576,-24.07109],[-54.16663,-24.07109],[-54.1679,-24.07152],[-54.16736,-24.07157],[-54.1679,-24.08346],[-54.16683,-24.08373],[-54.20374,-24.08541],[-54.20319,-24.08512],[-54.20596,-24.0754],[-54.20616,-24.0753],[-54.20783,-24.07638],[-54.20965,-24.0773],[-54.21429,-24.07907],[-54.21765,-24.08112],[-54.21885,-24.08124],[-54.22289,-24.08088],[-54.22368,-24.08042],[-54.22483,-24.08053],[-54.22557,-24.08081],[-54.22814,-24.0809],[-54.22924,-24.0813],[-54.23006,-24.0813],[-54.23624,-24.07963],[-54.23951,-24.07819],[-54.2425,-24.07795],[-54.2423,-24.07679],[-54.24123,-24.07463],[-54.24018,-24.07128],[-54.2401,-24.06949],[-54.31818,-23.99874],[-54.30381,-23.97857],[-54.30384,-23.97745],[-54.30354,-23.97495],[-54.30246,-23.97089],[-54.30183,-23.96933],[-54.30143,-23.9677],[-54.30081,-23.96625],[-54.29926,-23.96389],[-54.29853,-23.96331],[-54.29643,-23.96253],[-54.29251,-23.96189],[-54.29156,-23.96143],[-54.29068,-23.96044],[-54.28504,-23.94196],[-54.28566,-23.94277],[-54.28633,-23.94304],[-54.28835,-23.94322],[-54.29137,-23.94322],[-54.29319,-23.94231],[-54.29459,-23.94184],[-54.29819,-23.94116],[-54.30657,-23.93822],[-54.30817,-23.9381],[-54.30972,-23.93743],[-54.31209,-23.93672],[-54.31244,-23.93638],[-54.31336,-23.93629],[-54.31541,-23.93649],[-54.31716,-23.93752],[-54.3197,-23.93789],[-54.32035,-23.93814],[-54.32078,-23.93862],[-54.32103,-23.93923],[-54.32123,-23.94095],[-54.32173,-23.94265],[-54.32191,-23.94249],[-54.32278,-23.94235],[-54.32572,-23.9406],[-54.32707,-23.94019],[-54.32872,-23.93917],[-54.32912,-23.93909],[-54.32957,-23.93862],[-54.33166,-23.93741],[-54.33211,-23.93668],[-54.337,-23.93389],[-54.33805,-23.93314],[-54.339,-23.9322],[-54.33949,-23.93118],[-54.34463,-23.92615],[-54.34842,-23.92156],[-54.35096,-23.91878],[-54.35148,-23.91782],[-54.35263,-23.91637],[-54.35664,-23.91256],[-54.35876,-23.9093],[-54.36048,-23.90729],[-54.36185,-23.90504],[-54.3623,-23.90337],[-54.36227,-23.90194],[-54.36205,-23.90057],[-54.36219,-23.89981],[-54.36311,-23.89806],[-54.36471,-23.89568],[-54.36515,-23.89163],[-54.36515,-23.89092],[-54.36498,-23.89044],[-54.3644,-23.89],[-54.36263,-23.89024],[-54.35968,-23.89115],[-54.35869,-23.89162],[-54.35597,-23.8923],[-54.35434,-23.89233],[-54.3524,-23.89178],[-54.3512,-23.89052],[-54.35055,-23.88958],[-54.34712,-23.88597],[-54.34682,-23.88512],[-54.34622,-23.88414],[-54.34175,-23.87782],[-54.3399,-23.87571],[-54.33783,-23.87381],[-54.33555,-23.86926],[-54.33463,-23.868],[-54.3342,-23.86713],[-54.33335,-23.86453],[-54.33305,-23.86208],[-54.33214,-23.85872],[-54.33194,-23.85742],[-54.33199,-23.8565],[-54.33271,-23.85576],[-54.33573,-23.85379],[-54.33633,-23.85321],[-54.33665,-23.85273],[-54.33677,-23.8514],[-54.33717,-23.85059],[-54.33832,-23.84995],[-54.33889,-23.84828],[-54.33886,-23.84634],[-54.33841,-23.84449],[-54.33724,-23.84295],[-54.33631,-23.84132],[-54.33571,-23.83943],[-54.33486,-23.83767],[-54.33486,-23.83703],[-54.33488,-23.83643],[-54.33566,-23.8345],[-54.33598,-23.83287],[-54.33732,-23.83062],[-54.3376,-23.82938],[-54.33802,-23.82837],[-54.33824,-23.82678],[-54.33871,-23.8252],[-54.33988,-23.82198],[-54.33995,-23.81824],[-54.33965,-23.81686],[-54.3391,-23.81585],[-54.3384,-23.81392],[-54.33695,-23.81122],[-54.3365,-23.81089],[-54.33562,-23.8106],[-54.33333,-23.81032],[-54.33051,-23.81035],[-54.32674,-23.8101],[-54.32651,-23.81068],[-54.2082,-23.77734],[-54.20798,-23.7764],[-54.2066,-23.7733],[-54.20523,-23.76926],[-54.20386,-23.76669],[-54.20346,-23.76501],[-54.20229,-23.76178],[-54.19813,-23.7568],[-54.19768,-23.75686],[-54.19655,-23.75629],[-54.19464,-23.75498],[-54.19108,-23.75592],[-54.19058,-23.75615],[-54.19005,-23.75677],[-54.18898,-23.757],[-54.18846,-23.75778],[-54.18652,-23.7578],[-54.18587,-23.75812],[-54.18263,-23.75904],[-54.18114,-23.7592],[-54.17954,-23.7603],[-54.17875,-23.76046],[-54.17763,-23.76101],[-54.17725,-23.76142],[-54.17621,-23.76191],[-54.17417,-23.76243],[-54.1734,-23.76298],[-54.1728,-23.76296],[-54.17232,-23.76264],[-54.17065,-23.76393],[-54.16963,-23.76519],[-54.16943,-23.76521],[-54.16913,-23.76443],[-54.16836,-23.76342],[-54.16522,-23.76055],[-54.16385,-23.75898],[-54.16308,-23.75772],[-54.16258,-23.75637],[-54.16128,-23.75453],[-54.16091,-23.75334],[-54.16079,-23.75104],[-54.16051,-23.75017],[-54.15941,-23.74828],[-54.15869,-23.74459],[-54.15787,-23.74257],[-54.1567,-23.74108],[-54.15595,-23.73957],[-54.14403,-23.69633],[-54.14317,-23.69661],[-54.14255,-23.69704],[-54.1418,-23.69704],[-54.13841,-23.69651],[-54.13742,-23.69564],[-54.13543,-23.69313],[-54.1352,-23.6918],[-54.13344,-23.68861],[-54.1304,-23.68579],[-54.1299,-23.6851],[-54.12791,-23.68108],[-54.12758,-23.68096],[-54.12701,-23.67998],[-54.1258,-23.67848],[-54.12587,-23.67756],[-54.12676,-23.67651],[-54.12808,-23.6755],[-54.12903,-23.67426],[-54.12958,-23.67316],[-54.12955,-23.67103],[-54.12821,-23.66896],[-54.12801,-23.66673],[-54.1289,-23.66269],[-54.12962,-23.66065],[-54.13042,-23.65907],[-54.13149,-23.65746],[-54.13196,-23.65604],[-54.13289,-23.65595],[-54.08262,-23.55928],[-54.04567,-23.52234],[-54.04495,-23.52198],[-54.04398,-23.52085],[-54.041,-23.51977],[-54.03894,-23.51837],[-54.03541,-23.51265],[-54.033,-23.50774],[-54.0322,-23.50514],[-54.03169,-23.50276],[-54.03034,-23.50062],[-54.02976,-23.50031],[-54.02843,-23.49836],[-54.02813,-23.49739],[-54.02787,-23.49546],[-54.02393,-23.48717],[-54.02196,-23.48204],[-54.0209,-23.48036],[-54.01925,-23.47827],[-54.01905,-23.47712],[-54.01872,-23.47706],[-54.01317,-23.41734],[-54.00372,-23.39873],[-54.03233,-23.31039],[-54.03167,-23.30948],[-54.03294,-23.28596],[-54.03113,-23.27189],[-54.00222,-23.26864],[-53.926,-23.25665],[-53.9818,-23.23928],[-54.01924,-23.22853],[-54.02496,-23.2267],[-54.02428,-23.21678],[-54.02388,-23.21617],[-54.02423,-23.2159],[-54.02628,-23.21597],[-54.02843,-23.21635],[-54.09005,-23.2147],[-54.09109,-23.21494],[-54.09193,-23.21551],[-54.0924,-23.21558],[-54.09267,-23.21552],[-54.09322,-23.21492],[-54.09396,-23.21476],[-54.12681,-23.2129],[-54.13373,-23.21483],[-54.13773,-23.22719],[-54.14194,-23.23063],[-54.1623,-23.23761],[-54.17074,-23.24032],[-54.20147,-23.25185],[-54.20832,-23.25428],[-54.24305,-23.26532],[-54.26933,-23.26453],[-54.2854,-23.26276],[-54.30298,-23.26189],[-54.31678,-23.26199],[-54.32376,-23.26183],[-54.34704,-23.26058],[-54.36457,-23.26011],[-54.37874,-23.18372],[-54.37763,-23.18173],[-54.37471,-23.1781],[-54.37424,-23.177],[-54.37397,-23.1756],[-54.37246,-23.17126],[-54.37086,-23.16747],[-54.37037,-23.1668],[-54.3692,-23.16357],[-54.36901,-23.16173],[-54.36834,-23.15836],[-54.36691,-23.15335],[-54.36516,-23.14936],[-54.36401,-23.14807],[-54.36249,-23.14557],[-54.3616,-23.14267],[-54.35962,-23.13825],[-54.35792,-23.13592],[-54.3571,-23.1353],[-54.35534,-23.13303],[-54.35487,-23.13108],[-54.35487,-23.13009],[-54.35404,-23.12708],[-54.35174,-23.12145],[-54.3485,-23.11884],[-54.34786,-23.11759],[-54.34729,-23.11576],[-54.3463,-23.11408],[-54.34388,-23.11242],[-54.34319,-23.11164],[-54.34034,-23.10769],[-54.3402,-23.10654],[-54.33941,-23.10452],[-54.33849,-23.10317],[-54.33805,-23.1028],[-54.33751,-23.10179],[-54.3356,-23.10009],[-54.33738,-23.09929],[-54.33726,-23.09897],[-54.33738,-23.09869],[-54.33721,-23.0977],[-54.33679,-23.09667],[-54.33637,-23.09444],[-54.33578,-23.093],[-54.33581,-23.08979],[-54.33507,-23.08797],[-54.33489,-23.08703],[-54.3341,-23.08545],[-54.33393,-23.08474],[-54.33402,-23.08216],[-54.23651,-23.07844],[-54.21067,-23.07538],[-54.19206,-23.0815],[-54.18741,-23.08069],[-54.16134,-23.07842],[-54.16127,-23.07746],[-54.15378,-23.07594],[-54.15017,-23.07377],[-54.13595,-23.07177],[-54.13571,-23.07088],[-54.13656,-23.06753],[-54.13792,-23.0668],[-54.13964,-23.06018],[-54.12924,-23.05762],[-54.09727,-23.05904],[-54.02544,-23.07706],[-54.00093,-23.09372],[-54.00074,-23.094],[-53.9553,-23.12344],[-53.95453,-23.12426],[-53.95445,-23.12701],[-53.95313,-23.12914],[-53.9251,-23.14697],[-53.92435,-23.14763],[-53.92313,-23.14924],[-53.92172,-23.1482],[-53.91531,-23.14003],[-53.91481,-23.13968],[-53.914,-23.13847],[-53.91343,-23.13799],[-53.91261,-23.13789],[-53.91072,-23.13821],[-53.90946,-23.13865],[-53.90826,-23.13931],[-53.90781,-23.13997],[-53.90702,-23.14045],[-53.90568,-23.14079],[-53.90394,-23.14088],[-53.90124,-23.14033],[-53.89831,-23.14014],[-53.89493,-23.14073],[-53.8751,-23.14011],[-53.87436,-23.14107],[-53.87766,-23.13107],[-53.87774,-23.12992],[-53.87834,-23.1283],[-53.87988,-23.12516],[-53.88061,-23.12214],[-53.88188,-23.1187],[-53.88191,-23.11755],[-53.88291,-23.11579],[-53.88408,-23.11427],[-53.88508,-23.11237],[-53.88685,-23.10648],[-53.88758,-23.10344],[-53.8888,-23.09966],[-53.88893,-23.0983],[-53.88928,-23.09706],[-53.88976,-23.09617],[-53.89123,-23.09225],[-53.89203,-23.08845],[-53.89315,-23.08643],[-53.89569,-23.08336],[-53.89547,-23.08237],[-53.8948,-23.08168],[-53.8947,-23.08132],[-53.89573,-23.07831],[-53.89643,-23.07424],[-53.89693,-23.07298],[-53.89706,-23.07202],[-53.89813,-23.07055],[-53.8996,-23.06794],[-53.9004,-23.06601],[-53.90092,-23.0634],[-53.90165,-23.06195],[-53.90162,-23.06095],[-53.90073,-23.05996],[-53.90029,-23.05982],[-53.89932,-23.0591],[-53.89794,-23.05567],[-53.89557,-23.05268],[-53.89475,-23.05135],[-53.89189,-23.04492],[-53.88999,-23.04146],[-53.88888,-23.03983],[-53.88761,-23.03854],[-53.88683,-23.03632],[-53.88192,-23.02629],[-53.87948,-23.01911],[-53.87832,-23.01649],[-53.87822,-23.01553],[-53.87731,-23.01298],[-53.87603,-23.01089],[-53.87158,-23.00467],[-53.87079,-23.00295],[-53.87028,-23.0004],[-53.87003,-22.99997],[-53.87007,-23.00061],[-53.86984,-23.00048],[-53.8687,-22.99805],[-53.86735,-22.99368],[-53.86655,-22.98996],[-53.86406,-22.98456],[-53.86073,-22.97459],[-53.85775,-22.96861],[-53.85705,-22.966],[-53.85646,-22.96447],[-53.85643,-22.96369],[-53.85566,-22.96018],[-53.85484,-22.95892],[-53.85207,-22.94937],[-53.85103,-22.94724],[-53.85004,-22.94407],[-53.84956,-22.94247],[-53.84934,-22.94084],[-53.84692,-22.93241],[-53.84682,-22.93151],[-53.84552,-22.92647],[-53.84448,-22.92375],[-53.84329,-22.92212],[-53.8421,-22.92123],[-53.84148,-22.91956],[-53.8399,-22.91718],[-53.83683,-22.91498],[-53.83556,-22.91382],[-53.83437,-22.91125],[-53.83331,-22.90988],[-53.83291,-22.90878],[-53.83093,-22.90617],[-53.83004,-22.90567],[-53.82905,-22.90548],[-53.82623,-22.90535],[-53.82482,-22.9048],[-53.82457,-22.90394],[-53.82439,-22.90176],[-53.82399,-22.90177],[-53.81787,-22.84816],[-53.85391,-22.85121],[-53.8552,-22.8423],[-53.85943,-22.8222],[-53.8635,-22.80036],[-53.86461,-22.78843],[-53.86676,-22.77322],[-53.8802,-22.77484],[-53.88104,-22.77394],[-53.88274,-22.7713],[-53.88395,-22.77043],[-53.88422,-22.7699],[-53.88478,-22.76934],[-53.88616,-22.76872],[-53.8958,-22.76191],[-53.89523,-22.76081],[-53.89678,-22.75989],[-53.89866,-22.75929],[-53.89951,-22.75763],[-53.90121,-22.75632],[-53.90314,-22.75554],[-53.90504,-22.75519],[-53.90742,-22.74972],[-53.90808,-22.74885],[-53.90958,-22.74802],[-53.91183,-22.74834],[-53.91238,-22.7489],[-53.92489,-22.74873],[-53.92953,-22.74925],[-53.9302,-22.74952],[-53.933,-22.7519],[-53.9354,-22.75485],[-53.93626,-22.75535],[-53.93968,-22.75958],[-53.94016,-22.75997],[-53.94114,-22.75983],[-53.94245,-22.75918],[-53.94368,-22.75817],[-53.94585,-22.75676],[-53.94738,-22.75646],[-53.94994,-22.75554],[-53.95095,-22.75478],[-53.95115,-22.75414],[-53.95191,-22.75372],[-53.95499,-22.7513],[-53.95157,-22.74865],[-53.9514,-22.74787],[-53.94971,-22.74496],[-53.94807,-22.74139],[-53.94616,-22.73922],[-53.94461,-22.73782],[-53.94358,-22.73517],[-53.94301,-22.73299],[-53.94264,-22.73224],[-53.94133,-22.73061],[-53.94132,-22.72967],[-53.94218,-22.72731],[-53.94242,-22.72517],[-53.94293,-22.72334],[-53.94281,-22.72162],[-53.94208,-22.71928],[-53.94188,-22.71804],[-53.9416,-22.71362],[-53.94164,-22.71224],[-53.94104,-22.70933],[-53.94022,-22.70736],[-53.93975,-22.70677],[-53.93943,-22.70562],[-53.93959,-22.70351],[-53.93949,-22.70239],[-53.93869,-22.70012],[-53.9376,-22.69856],[-53.93708,-22.69634],[-53.93601,-22.69463],[-53.93517,-22.69387],[-53.93409,-22.69346],[-53.93095,-22.69299],[-53.93058,-22.69217],[-53.93117,-22.69202],[-53.9317,-22.69154],[-53.9295,-22.68859],[-53.92906,-22.6874],[-53.92665,-22.68429],[-53.92641,-22.68346],[-53.92556,-22.68204],[-53.92474,-22.67998],[-53.92402,-22.67866],[-53.92199,-22.67616],[-53.92138,-22.6752],[-53.9208,-22.67376],[-53.91845,-22.66968],[-53.91659,-22.66721],[-53.91597,-22.66671],[-53.9141,-22.666],[-53.91175,-22.66665],[-53.91171,-22.66679],[-53.90958,-22.66657],[-53.90879,-22.66597],[-53.90701,-22.6635],[-53.90639,-22.66298],[-53.90545,-22.66279],[-53.90414,-22.66291],[-53.9017,-22.66347],[-53.89951,-22.66369],[-53.89833,-22.66406],[-53.89722,-22.66454],[-53.89461,-22.66631],[-53.89222,-22.66728],[-53.8912,-22.66738],[-53.88753,-22.66711],[-53.88232,-22.66738],[-53.88102,-22.66722],[-53.87946,-22.66659],[-53.87556,-22.6665],[-53.87285,-22.66578],[-53.87001,-22.66436],[-53.86978,-22.66338],[-53.87017,-22.66152],[-53.87024,-22.65973],[-53.86978,-22.65448],[-53.8684,-22.65249],[-53.86763,-22.65178],[-53.8657,-22.64933],[-53.86425,-22.64809],[-53.86121,-22.64427],[-53.81299,-22.61339],[-53.81291,-22.6105],[-53.81328,-22.60904],[-53.81335,-22.60782],[-53.81305,-22.60656],[-53.81179,-22.60464],[-53.81134,-22.60262],[-53.81134,-22.60214],[-53.81247,-22.59909],[-53.81257,-22.5984],[-53.81229,-22.59727],[-53.81237,-22.59668],[-53.81256,-22.59613],[-53.81372,-22.5948],[-53.81428,-22.59358],[-53.81435,-22.59154],[-53.81469,-22.58897],[-53.81543,-22.58768],[-53.81629,-22.58677],[-53.81724,-22.585],[-53.81941,-22.58283],[-53.81995,-22.58185],[-53.82065,-22.58205],[-53.82037,-22.58162],[-53.8178,-22.57917],[-53.77302,-22.57244],[-53.77221,-22.57157],[-53.77041,-22.57102],[-53.76808,-22.56933],[-53.76473,-22.56728],[-53.76394,-22.56648],[-53.76337,-22.5654],[-53.76256,-22.56446],[-53.75846,-22.56192],[-53.75754,-22.5611],[-53.75399,-22.55927],[-53.75313,-22.55819],[-53.75209,-22.55744],[-53.75044,-22.55554],[-53.74745,-22.55339],[-53.74654,-22.55252],[-53.74394,-22.54923],[-53.74315,-22.54788],[-53.74287,-22.54788],[-53.74276,-22.54753],[-53.74096,-22.54776],[-53.73946,-22.54777],[-53.73638,-22.54685],[-53.73556,-22.54656],[-53.73398,-22.54556],[-53.73347,-22.54558],[-53.73221,-22.54471],[-53.73129,-22.5438],[-53.73104,-22.54217],[-53.73113,-22.53664],[-53.73098,-22.53472],[-53.72873,-22.52757],[-53.72759,-22.52528],[-53.72682,-22.52234],[-53.72611,-22.52037],[-53.72618,-22.51916],[-53.72647,-22.51881],[-53.72743,-22.51874],[-53.72955,-22.51814],[-53.73271,-22.51754],[-53.73519,-22.51664],[-53.73797,-22.51604],[-53.74137,-22.51553],[-53.74263,-22.51488],[-53.74287,-22.51348],[-53.74373,-22.51185],[-53.74412,-22.51066],[-53.74665,-22.50595],[-53.74724,-22.5052],[-53.74764,-22.50386],[-53.748,-22.50329],[-53.7483,-22.50327],[-53.74909,-22.50267],[-53.74946,-22.50219],[-53.74985,-22.50061],[-53.75669,-22.48973],[-53.75782,-22.48738],[-53.7596,-22.48473],[-53.76409,-22.4789],[-53.76818,-22.47444],[-53.7693,-22.47283],[-53.7704,-22.47177],[-53.77242,-22.46916],[-53.77329,-22.46827],[-53.77397,-22.46789],[-53.77444,-22.46729],[-53.77629,-22.46416],[-53.77685,-22.46256],[-53.77735,-22.46204],[-53.77889,-22.46117],[-53.77944,-22.46045],[-53.77971,-22.45953],[-53.77933,-22.45863],[-53.77935,-22.45838],[-53.77983,-22.45771],[-53.77458,-22.45529],[-53.77355,-22.45443],[-53.77146,-22.45321],[-53.7697,-22.43952],[-53.76912,-22.43802],[-53.76782,-22.43689],[-53.76531,-22.43562],[-53.75342,-22.428],[-53.75261,-22.4271],[-53.75133,-22.42615],[-53.74887,-22.4248],[-53.7473,-22.42341],[-53.74564,-22.41882],[-53.7449,-22.41808],[-53.72241,-22.37041],[-53.71695,-22.36963],[-53.72093,-22.35399],[-53.71281,-22.35752],[-53.70797,-22.36006],[-53.69957,-22.36389],[-53.69571,-22.36613],[-53.69382,-22.36685],[-53.68993,-22.3687],[-53.68678,-22.37107],[-53.68541,-22.37266],[-53.68183,-22.37528],[-53.68028,-22.37689],[-53.67862,-22.37833],[-53.67383,-22.38125],[-53.67025,-22.38373],[-53.66668,-22.38544],[-53.66517,-22.38662],[-53.66206,-22.38823],[-53.66024,-22.38837],[-53.65383,-22.3897],[-53.6519,-22.38996],[-53.65054,-22.39056],[-53.64903,-22.39092],[-53.64673,-22.39117],[-53.6457,-22.39107],[-53.64159,-22.39159],[-53.63496,-22.39278],[-53.63013,-22.39269],[-53.61772,-22.39109],[-53.61213,-22.39012],[-53.61023,-22.3902],[-53.60729,-22.38983],[-53.60523,-22.38908],[-53.6036,-22.38885],[-53.60207,-22.38875],[-53.60115,-22.38904],[-53.60046,-22.38896],[-53.59701,-22.38818],[-53.59184,-22.38756],[-53.58911,-22.38622],[-53.54807,-22.38173],[-53.54576,-22.38123],[-53.54237,-22.38124],[-53.53782,-22.38295],[-53.53648,-22.38334],[-53.53571,-22.38341],[-53.53424,-22.38284],[-53.53244,-22.38184],[-53.5303,-22.37961],[-53.52806,-22.37799],[-53.52492,-22.3741],[-53.52343,-22.37282],[-53.52216,-22.37141],[-53.52098,-22.36986],[-53.51731,-22.36393],[-53.51344,-22.35896],[-53.512,-22.35757],[-53.50753,-22.35201],[-53.50543,-22.34995],[-53.5018,-22.34583],[-53.50101,-22.34516],[-53.5007,-22.34479],[-53.50122,-22.34474],[-53.49799,-22.34146],[-53.49729,-22.34014],[-53.49455,-22.33801],[-53.49253,-22.33735],[-53.49147,-22.33683],[-53.48849,-22.33616],[-53.48765,-22.33629],[-53.48627,-22.33598],[-53.48563,-22.33545],[-53.48283,-22.33462],[-53.47815,-22.33274],[-53.47613,-22.33245],[-53.47384,-22.33172],[-53.47168,-22.33067],[-53.4703,-22.33026],[-53.46559,-22.32903],[-53.46323,-22.32857],[-53.4606,-22.32761],[-53.45949,-22.327],[-53.45668,-22.32649],[-53.44927,-22.3242],[-53.44671,-22.32376],[-53.44341,-22.32291],[-53.44065,-22.32249],[-53.43792,-22.32132],[-53.43154,-22.3194],[-53.42564,-22.31714],[-53.42357,-22.31669],[-53.41008,-22.31246],[-53.40891,-22.31167],[-53.40625,-22.31084],[-53.40482,-22.31041],[-53.40294,-22.31056],[-53.40166,-22.31015],[-53.39981,-22.30988],[-53.38702,-22.29426],[-53.38628,-22.29374],[-53.38374,-22.29587],[-53.38326,-22.29694],[-53.38242,-22.30203],[-53.38158,-22.30478],[-53.38059,-22.30709],[-53.37846,-22.30936],[-53.37636,-22.31205],[-53.37407,-22.3141],[-53.36833,-22.31789],[-53.36145,-22.32148],[-53.35941,-22.32281],[-53.35906,-22.32327],[-53.35754,-22.32408],[-53.3502,-22.32461],[-53.34906,-22.32508],[-53.34765,-22.32521],[-53.34674,-22.32509],[-53.33066,-22.34175],[-53.33046,-22.33989],[-53.33033,-22.33571],[-53.32986,-22.33398],[-53.32812,-22.33202],[-53.32425,-22.32704],[-53.32164,-22.3241],[-53.32074,-22.3235],[-53.3197,-22.32342],[-53.31599,-22.32191],[-53.31141,-22.3209],[-53.30922,-22.3201],[-53.29642,-22.31687],[-53.2924,-22.31601],[-53.28697,-22.31566],[-53.27611,-22.31419],[-53.27646,-22.31482],[-53.25118,-22.3151],[-53.25023,-22.31423],[-53.2532,-22.29028],[-53.26427,-22.28526],[-53.21211,-22.27038],[-53.18711,-22.28145],[-53.18457,-22.2831],[-53.1811,-22.28423]]]}},{"type":"Feature","properties":{"cnuc":"0000.00.0261","nome":"ESTAÇÃO ECOLÓGICA DA MATA PRETA","categoria":"Estação Ecológica","grupo":"Proteção Integral","esfera":"Federal","area_ha":6573.38,"criacao":"20-10-2005","gestor":"INSTITUTO CHICO MENDES DE CONSERVAÇÃO DA BIODIVERSIDADE","uf":"PARANÁ, SANTA CATARINA","plano_manejo":"Não"},"geometry":{"type":"MultiPolygon","coordinates":[[[[-52.22889,-26.50608],[-52.23093,-26.50494],[-52.23166,-26.50382],[-52.232,-26.50306],[-52.23208,-26.50217],[-52.2326,-26.50093],[-52.23265,-26.50036],[-52.23418,-26.50075],[-52.23324,-26.49824],[-52.23525,-26.49128],[-52.23319,-26.49232],[-52.23103,-26.49234],[-52.23118,-26.48998],[-52.23368,-26.48729],[-52.23095,-26.48544],[-52.23112,-26.48431],[-52.22884,-26.48221],[-52.22606,-26.48289],[-52.22569,-26.48208],[-52.22675,-26.48086],[-52.22999,-26.47953],[-52.23132,-26.47765],[-52.23275,-26.47619],[-52.22426,-26.46682],[-52.21875,-26.46477],[-52.2144,-26.46563],[-52.21252,-26.4663],[-52.21024,-26.46673],[-52.1815,-26.47473],[-52.17398,-26.47654],[-52.16601,-26.47742],[-52.15902,-26.46994],[-52.15409,-26.47278],[-52.15194,-26.4749],[-52.15249,-26.47579],[-52.15376,-26.47619],[-52.15261,-26.47871],[-52.15092,-26.47882],[-52.14938,-26.48101],[-52.15145,-26.48186],[-52.1522,-26.48253],[-52.153,-26.48403],[-52.15355,-26.48419],[-52.15373,-26.48474],[-52.15425,-26.48542],[-52.15549,-26.4865],[-52.15685,-26.48713],[-52.15714,-26.48713],[-52.15711,-26.48752],[-52.15556,-26.48829],[-52.15849,-26.48985],[-52.16035,-26.49032],[-52.1606,-26.49089],[-52.15751,-26.49158],[-52.15782,-26.49312],[-52.1553,-26.4946],[-52.15313,-26.49554],[-52.15306,-26.49454],[-52.15349,-26.49349],[-52.15263,-26.49271],[-52.15045,-26.49323],[-52.14822,-26.49436],[-52.1493,-26.49557],[-52.15075,-26.49666],[-52.15075,-26.49916],[-52.14832,-26.49959],[-52.14746,-26.49833],[-52.13639,-26.50382],[-52.13647,-26.50464],[-52.13815,-26.50619],[-52.13807,-26.50753],[-52.14214,-26.50714],[-52.14017,-26.51181],[-52.13708,-26.51478],[-52.13262,-26.51428],[-52.13141,-26.51667],[-52.13138,-26.51702],[-52.13315,-26.51678],[-52.13383,-26.5169],[-52.1344,-26.51727],[-52.13507,-26.51883],[-52.13549,-26.51924],[-52.13791,-26.51964],[-52.14116,-26.52187],[-52.14199,-26.52203],[-52.14247,-26.5211],[-52.14261,-26.51988],[-52.14293,-26.51895],[-52.14568,-26.51692],[-52.14726,-26.51507],[-52.14797,-26.5145],[-52.15102,-26.51297],[-52.1512,-26.51261],[-52.1502,-26.51086],[-52.15108,-26.50891],[-52.15201,-26.5093],[-52.15243,-26.5105],[-52.1554,-26.51072],[-52.1571,-26.51324],[-52.15868,-26.51245],[-52.15979,-26.50969],[-52.15952,-26.50858],[-52.15997,-26.50763],[-52.1612,-26.50705],[-52.16313,-26.50498],[-52.16331,-26.50345],[-52.16323,-26.50241],[-52.16128,-26.50125],[-52.16081,-26.5002],[-52.16054,-26.4985],[-52.16209,-26.49872],[-52.16295,-26.49927],[-52.16629,-26.49618],[-52.16557,-26.49501],[-52.16529,-26.49343],[-52.16562,-26.49291],[-52.168,-26.49165],[-52.16989,-26.49199],[-52.17185,-26.49209],[-52.17562,-26.49177],[-52.18137,-26.49184],[-52.18134,-26.49312],[-52.18204,-26.49525],[-52.18154,-26.49749],[-52.18154,-26.49885],[-52.18249,-26.50073],[-52.18363,-26.50157],[-52.18378,-26.50209],[-52.18361,-26.50304],[-52.1841,-26.50359],[-52.18533,-26.50414],[-52.18677,-26.5058],[-52.18723,-26.50591],[-52.18748,-26.50618],[-52.18744,-26.50656],[-52.18812,-26.50811],[-52.18842,-26.50836],[-52.18892,-26.50926],[-52.18882,-26.51054],[-52.18894,-26.51116],[-52.18928,-26.51181],[-52.18999,-26.51252],[-52.19033,-26.5125],[-52.19292,-26.51075],[-52.1979,-26.51071],[-52.19792,-26.51046],[-52.19844,-26.50998],[-52.19962,-26.50942],[-52.20161,-26.51035],[-52.20232,-26.51036],[-52.20971,-26.50519],[-52.21145,-26.51381],[-52.2275,-26.51383],[-52.22699,-26.51201],[-52.2288,-26.50941],[-52.22925,-26.50852],[-52.22889,-26.50608]],[[-52.22888,-26.50608],[-52.22889,-26.50601],[-52.22889,-26.50608],[-52.22888,-26.50608]]],[[[-52.33278,-26.46225],[-52.32879,-26.46478],[-52.32932,-26.46516],[-52.32971,-26.46581],[-52.32983,-26.46787],[-52.33021,-26.46907],[-52.33003,-26.46947],[-52.32779,-26.47048],[-52.31552,-26.4646],[-52.31539,-26.46245],[-52.31331,-26.46399],[-52.3108,-26.46303],[-52.30898,-26.46044],[-52.31067,-26.45997],[-52.31065,-26.45799],[-52.30864,-26.45667],[-52.30851,-26.45433],[-52.30711,-26.45362],[-52.30322,-26.455],[-52.29859,-26.46053],[-52.29651,-26.46226],[-52.29332,-26.46147],[-52.29121,-26.46051],[-52.28793,-26.46234],[-52.28741,-26.4609],[-52.28451,-26.46012],[-52.28424,-26.46228],[-52.28244,-26.46313],[-52.28077,-26.46306],[-52.27736,-26.46204],[-52.27748,-26.46513],[-52.2748,-26.46668],[-52.26929,-26.46601],[-52.26928,-26.46475],[-52.26749,-26.46566],[-52.26609,-26.46496],[-52.26408,-26.4648],[-52.26383,-26.46794],[-52.26422,-26.46839],[-52.26224,-26.46958],[-52.26184,-26.47082],[-52.26216,-26.47165],[-52.26141,-26.47507],[-52.25281,-26.47541],[-52.25282,-26.47596],[-52.25775,-26.4795],[-52.25806,-26.47986],[-52.25274,-26.48692],[-52.25129,-26.48658],[-52.2499,-26.48712],[-52.24917,-26.48479],[-52.24367,-26.48394],[-52.24228,-26.48503],[-52.24209,-26.48584],[-52.2435,-26.48727],[-52.24332,-26.48862],[-52.24494,-26.49077],[-52.24536,-26.49193],[-52.24706,-26.49254],[-52.24827,-26.49379],[-52.25243,-26.48953],[-52.25764,-26.49182],[-52.25896,-26.49351],[-52.25849,-26.49631],[-52.26,-26.49791],[-52.26188,-26.49646],[-52.26358,-26.49563],[-52.26557,-26.49534],[-52.26827,-26.49577],[-52.2682,-26.49838],[-52.27012,-26.50034],[-52.27303,-26.50139],[-52.27463,-26.50128],[-52.2744,-26.49878],[-52.27648,-26.49776],[-52.27769,-26.49757],[-52.27958,-26.49774],[-52.27782,-26.50063],[-52.27663,-26.50163],[-52.28341,-26.50093],[-52.28544,-26.50362],[-52.28743,-26.50297],[-52.2843,-26.49985],[-52.28498,-26.49769],[-52.28506,-26.49687],[-52.2875,-26.49146],[-52.29091,-26.49224],[-52.29839,-26.49091],[-52.29947,-26.48947],[-52.30169,-26.49206],[-52.30227,-26.48971],[-52.3031,-26.48885],[-52.30573,-26.48719],[-52.30651,-26.48591],[-52.31013,-26.48218],[-52.31239,-26.48127],[-52.31412,-26.48205],[-52.31441,-26.48419],[-52.31525,-26.4852],[-52.31858,-26.48651],[-52.31906,-26.48605],[-52.3192,-26.48337],[-52.31828,-26.48233],[-52.31923,-26.4821],[-52.31889,-26.48147],[-52.32017,-26.48104],[-52.31974,-26.47975],[-52.31844,-26.47831],[-52.31918,-26.47767],[-52.32067,-26.47743],[-52.32495,-26.47865],[-52.32397,-26.47698],[-52.32574,-26.47817],[-52.32714,-26.47839],[-52.32845,-26.47818],[-52.32969,-26.47836],[-52.3307,-26.47828],[-52.3314,-26.47883],[-52.3324,-26.47873],[-52.33325,-26.47952],[-52.33575,-26.4788],[-52.33262,-26.47608],[-52.33252,-26.4725],[-52.33271,-26.46829],[-52.3344,-26.46867],[-52.33538,-26.46712],[-52.33761,-26.46543],[-52.33523,-26.46288],[-52.33605,-26.46042],[-52.3385,-26.46174],[-52.33745,-26.45705],[-52.33522,-26.45585],[-52.33542,-26.45269],[-52.33725,-26.4521],[-52.33661,-26.44617],[-52.33318,-26.44804],[-52.33278,-26.46225]]],[[[-52.35736,-26.43966],[-52.35714,-26.439],[-52.35594,-26.44029],[-52.35437,-26.44045],[-52.35269,-26.44089],[-52.35175,-26.44138],[-52.3478,-26.44127],[-52.34887,-26.44249],[-52.35182,-26.44242],[-52.35274,-26.44515],[-52.35222,-26.44592],[-52.3522,-26.4481],[-52.35133,-26.45497],[-52.35092,-26.45598],[-52.3506,-26.45579],[-52.35038,-26.45527],[-52.35053,-26.45427],[-52.3501,-26.45318],[-52.34873,-26.4532],[-52.348,-26.45354],[-52.34774,-26.45349],[-52.3474,-26.45241],[-52.34662,-26.45231],[-52.34572,-26.45257],[-52.34451,-26.45201],[-52.34459,-26.45077],[-52.34339,-26.45036],[-52.34291,-26.45079],[-52.34347,-26.45348],[-52.34345,-26.45618],[-52.3441,-26.45765],[-52.34503,-26.45631],[-52.34625,-26.45682],[-52.34618,-26.45597],[-52.34717,-26.45525],[-52.34802,-26.45533],[-52.34924,-26.45623],[-52.35041,-26.45744],[-52.35041,-26.45787],[-52.35123,-26.46023],[-52.34984,-26.46242],[-52.35063,-26.46303],[-52.3507,-26.46436],[-52.3496,-26.46428],[-52.34881,-26.46481],[-52.34972,-26.46527],[-52.35361,-26.4649],[-52.35409,-26.46622],[-52.35402,-26.46854],[-52.35187,-26.4697],[-52.35252,-26.47178],[-52.35484,-26.47161],[-52.35583,-26.47071],[-52.35735,-26.47017],[-52.3582,-26.47101],[-52.35979,-26.47185],[-52.35951,-26.47498],[-52.36392,-26.47911],[-52.36493,-26.479],[-52.36595,-26.47658],[-52.36557,-26.47553],[-52.36744,-26.47324],[-52.36711,-26.47231],[-52.3662,-26.47074],[-52.3654,-26.46971],[-52.36413,-26.46973],[-52.36308,-26.4695],[-52.36171,-26.46899],[-52.36079,-26.46805],[-52.36278,-26.46595],[-52.36394,-26.46684],[-52.36562,-26.46611],[-52.36714,-26.46609],[-52.36768,-26.46699],[-52.36852,-26.46698],[-52.3686,-26.46518],[-52.36786,-26.46503],[-52.36744,-26.46434],[-52.36743,-26.46325],[-52.36596,-26.46364],[-52.36506,-26.46323],[-52.36574,-26.46284],[-52.36646,-26.46207],[-52.36825,-26.46116],[-52.36935,-26.46167],[-52.37093,-26.4617],[-52.37253,-26.46278],[-52.37346,-26.46224],[-52.37371,-26.46078],[-52.37429,-26.46048],[-52.37461,-26.46086],[-52.37518,-26.46062],[-52.37565,-26.45981],[-52.37664,-26.45938],[-52.3774,-26.45788],[-52.37983,-26.45456],[-52.37987,-26.45379],[-52.37829,-26.4492],[-52.37716,-26.44339],[-52.37666,-26.44229],[-52.37553,-26.44053],[-52.37495,-26.43847],[-52.3745,-26.43864],[-52.37223,-26.43805],[-52.37244,-26.43771],[-52.37081,-26.43764],[-52.37071,-26.43807],[-52.36997,-26.43803],[-52.37015,-26.43599],[-52.36783,-26.43554],[-52.36783,-26.43511],[-52.36661,-26.43408],[-52.36582,-26.43423],[-52.36531,-26.43561],[-52.36442,-26.43614],[-52.36013,-26.43783],[-52.35863,-26.4398],[-52.35736,-26.43966]]]]}},{"type":"Feature","properties":{"cnuc":"0000.00.0131","nome":"FLORESTA NACIONAL DE PIRAÍ DO SUL","categoria":"Floresta","grupo":"Uso Sustentável","esfera":"Federal","area_ha":150.61,"criacao":"03-06-2004","gestor":"INSTITUTO CHICO MENDES DE CONSERVAÇÃO DA BIODIVERSIDADE","uf":"PARANÁ","plano_manejo":"Sim"},"geometry":{"type":"Polygon","coordinates":[[[-49.92732,-24.57088],[-49.91641,-24.57364],[-49.91529,-24.57217],[-49.9151,-24.57236],[-49.91328,-24.57251],[-49.91266,-24.57313],[-49.91375,-24.57423],[-49.9066,-24.58383],[-49.90733,-24.58396],[-49.90798,-24.58367],[-49.90868,-24.58385],[-49.90847,-24.58514],[-49.9087,-24.58543],[-49.91122,-24.58359],[-49.9132,-24.58275],[-49.91349,-24.5821],[-49.91418,-24.58173],[-49.91482,-24.58082],[-49.91535,-24.5807],[-49.91592,-24.58084],[-49.91744,-24.58019],[-49.91872,-24.57908],[-49.91968,-24.57872],[-49.92083,-24.5788],[-49.92231,-24.57799],[-49.92288,-24.57796],[-49.92326,-24.57765],[-49.9242,-24.57731],[-49.92448,-24.577],[-49.92603,-24.57699],[-49.92625,-24.57677],[-49.92786,-24.57642],[-49.9302,-24.57507],[-49.93035,-24.57231],[-49.93065,-24.57198],[-49.92789,-24.57229],[-49.92732,-24.57088]]]}},{"type":"Feature","properties":{"cnuc":"0000.00.0161","nome":"PARQUE NACIONAL DE ILHA GRANDE","categoria":"Parque","grupo":"Proteção Integral","esfera":"Federal","area_ha":76459.88,"criacao":"30-09-1997","gestor":"INSTITUTO CHICO MENDES DE CONSERVAÇÃO DA BIODIVERSIDADE","uf":"MATO GROSSO DO SUL, PARANÁ","plano_manejo":"Sim"},"geometry":{"type":"MultiPolygon","coordinates":[[[[-54.21038,-24.06548],[-54.20833,-24.06578],[-54.20757,-24.06573],[-54.2069,-24.06588],[-54.20687,-24.06577],[-54.20438,-24.06619],[-54.20268,-24.0669],[-54.20161,-24.06788],[-54.20203,-24.06837],[-54.20252,-24.0685],[-54.20523,-24.06848],[-54.2068,-24.06797],[-54.20783,-24.06737],[-54.2087,-24.06666],[-54.20916,-24.06649],[-54.20918,-24.06631],[-54.20939,-24.06628],[-54.20975,-24.06588],[-54.21029,-24.06564],[-54.21038,-24.06548]]],[[[-54.24125,-24.06272],[-54.24276,-24.06283],[-54.24309,-24.06274],[-54.24233,-24.06242],[-54.24097,-24.0624],[-54.24125,-24.06272]]],[[[-54.24625,-24.06223],[-54.24818,-24.06295],[-54.24864,-24.06285],[-54.24751,-24.06218],[-54.24625,-24.06223]]],[[[-54.17385,-24.05607],[-54.17016,-24.0565],[-54.16959,-24.05703],[-54.16999,-24.05725],[-54.17021,-24.05771],[-54.17068,-24.05814],[-54.17369,-24.0599],[-54.17755,-24.06157],[-54.18012,-24.06205],[-54.18728,-24.06238],[-54.18798,-24.06219],[-54.18724,-24.06173],[-54.18671,-24.06113],[-54.18666,-24.06086],[-54.18504,-24.05948],[-54.1842,-24.0591],[-54.18395,-24.0588],[-54.17995,-24.05708],[-54.17976,-24.05678],[-54.17943,-24.0569],[-54.17806,-24.05625],[-54.17637,-24.05611],[-54.17385,-24.05607]]],[[[-54.23113,-24.05851],[-54.22964,-24.05887],[-54.2294,-24.05897],[-54.22933,-24.05917],[-54.23114,-24.05937],[-54.23354,-24.05934],[-54.23515,-24.05911],[-54.23562,-24.0589],[-54.23538,-24.05869],[-54.23383,-24.05845],[-54.23113,-24.05851]]],[[[-54.23657,-24.05753],[-54.23758,-24.05782],[-54.23782,-24.05776],[-54.23863,-24.05812],[-54.2473,-24.05938],[-54.24656,-24.05897],[-54.24153,-24.05778],[-54.23723,-24.05734],[-54.23648,-24.05737],[-54.23657,-24.05753]]],[[[-54.17907,-24.05556],[-54.1805,-24.05638],[-54.18503,-24.05803],[-54.18437,-24.05715],[-54.1829,-24.05624],[-54.18179,-24.05593],[-54.18158,-24.05573],[-54.17935,-24.0554],[-54.17907,-24.05556]]],[[[-54.2287,-24.05553],[-54.23008,-24.05614],[-54.23392,-24.05671],[-54.24051,-24.0573],[-54.24724,-24.0587],[-54.24344,-24.05467],[-54.24206,-24.05357],[-54.23865,-24.0515],[-54.23617,-24.05075],[-54.23518,-24.05073],[-54.23313,-24.0512],[-54.23127,-24.05216],[-54.23006,-24.05354],[-54.22943,-24.05472],[-54.229,-24.05483],[-54.22862,-24.05523],[-54.2287,-24.05553]]],[[[-54.1752,-24.05424],[-54.17183,-24.05468],[-54.17173,-24.05489],[-54.17471,-24.05498],[-54.17559,-24.05491],[-54.17621,-24.05467],[-54.17644,-24.05476],[-54.17635,-24.05446],[-54.1752,-24.05424]]],[[[-54.17174,-24.05275],[-54.17087,-24.05268],[-54.16945,-24.05306],[-54.16837,-24.0531],[-54.1682,-24.0536],[-54.16887,-24.05363],[-54.16751,-24.05394],[-54.16717,-24.05388],[-54.16716,-24.054],[-54.16802,-24.05426],[-54.16926,-24.05424],[-54.17001,-24.05413],[-54.17026,-24.05364],[-54.17043,-24.05386],[-54.1711,-24.05394],[-54.17245,-24.05384],[-54.17372,-24.05347],[-54.17372,-24.05329],[-54.17313,-24.05293],[-54.1721,-24.05263],[-54.17174,-24.05275]]],[[[-54.22762,-24.05282],[-54.22919,-24.05255],[-54.23104,-24.05091],[-54.22868,-24.0518],[-54.22764,-24.05262],[-54.22762,-24.05282]]],[[[-54.25346,-24.04455],[-54.2524,-24.04513],[-54.25401,-24.04571],[-54.25734,-24.04573],[-54.25968,-24.04547],[-54.25976,-24.04513],[-54.26063,-24.04513],[-54.26123,-24.04485],[-54.25928,-24.0443],[-54.2586,-24.04439],[-54.25772,-24.0442],[-54.25678,-24.0442],[-54.25604,-24.0445],[-54.25435,-24.04436],[-54.25346,-24.04455]]],[[[-54.24838,-24.04171],[-54.24785,-24.04191],[-54.24716,-24.04267],[-54.24718,-24.04321],[-54.24765,-24.04378],[-54.25237,-24.04351],[-54.25938,-24.04372],[-54.26351,-24.04306],[-54.26638,-24.04313],[-54.26664,-24.04338],[-54.26646,-24.0435],[-54.26555,-24.04331],[-54.26506,-24.04349],[-54.26428,-24.0435],[-54.2641,-24.04367],[-54.26424,-24.04412],[-54.26466,-24.04433],[-54.26609,-24.04428],[-54.26728,-24.04408],[-54.26743,-24.04382],[-54.26777,-24.04369],[-54.26852,-24.0437],[-54.26846,-24.04344],[-54.2682,-24.04344],[-54.26824,-24.04327],[-54.26866,-24.04314],[-54.26891,-24.04283],[-54.27051,-24.04239],[-54.26863,-24.04144],[-54.26811,-24.04163],[-54.26725,-24.0412],[-54.26135,-24.04039],[-54.25913,-24.04022],[-54.25721,-24.04049],[-54.2536,-24.04177],[-54.24838,-24.04171]]],[[[-54.21606,-24.03142],[-54.2158,-24.02986],[-54.21522,-24.02892],[-54.21478,-24.02885],[-54.21429,-24.02921],[-54.21462,-24.02945],[-54.21496,-24.03034],[-54.21606,-24.03142]]],[[[-54.219,-24.03301],[-54.21939,-24.03249],[-54.21943,-24.032],[-54.21929,-24.03195],[-54.21968,-24.0316],[-54.21986,-24.03092],[-54.22004,-24.03094],[-54.22124,-24.03302],[-54.22143,-24.03321],[-54.22185,-24.03323],[-54.22199,-24.0313],[-54.2224,-24.03102],[-54.2225,-24.03057],[-54.22216,-24.02949],[-54.2193,-24.02742],[-54.21792,-24.02589],[-54.21584,-24.02466],[-54.2151,-24.02433],[-54.21416,-24.02416],[-54.21415,-24.02442],[-54.21595,-24.02758],[-54.21657,-24.03007],[-54.21784,-24.03181],[-54.2182,-24.03272],[-54.21845,-24.03293],[-54.219,-24.03301]]],[[[-54.21467,-24.02842],[-54.21437,-24.02811],[-54.21384,-24.02672],[-54.21338,-24.02637],[-54.21293,-24.02573],[-54.21262,-24.0257],[-54.21247,-24.0265],[-54.213,-24.02894],[-54.21389,-24.02938],[-54.21467,-24.02842]]],[[[-54.21754,-24.02239],[-54.21716,-24.02222],[-54.21663,-24.0226],[-54.21685,-24.02288],[-54.21828,-24.02342],[-54.21754,-24.02239]]],[[[-54.21694,-24.02196],[-54.21633,-24.02228],[-54.21654,-24.02241],[-54.21708,-24.02212],[-54.21694,-24.02196]]],[[[-54.20419,-24.02175],[-54.2059,-24.02301],[-54.20731,-24.02456],[-54.20915,-24.02603],[-54.20951,-24.02657],[-54.21201,-24.02819],[-54.21274,-24.02894],[-54.21286,-24.02862],[-54.21254,-24.02798],[-54.21262,-24.0277],[-54.21237,-24.02616],[-54.21213,-24.02582],[-54.21226,-24.02569],[-54.21243,-24.02582],[-54.2123,-24.02494],[-54.2121,-24.02457],[-54.21192,-24.02457],[-54.21163,-24.02381],[-54.2113,-24.02372],[-54.21112,-24.02265],[-54.21056,-24.02222],[-54.21039,-24.02181],[-54.20788,-24.01907],[-54.20457,-24.01613],[-54.20233,-24.01432],[-54.20014,-24.01324],[-54.19974,-24.01321],[-54.1995,-24.01341],[-54.19949,-24.0149],[-54.20023,-24.01691],[-54.20247,-24.02012],[-54.20419,-24.02175]]],[[[-54.2122,-24.01973],[-54.2135,-24.01965],[-54.21437,-24.01921],[-54.21426,-24.01878],[-54.21389,-24.01864],[-54.21378,-24.0181],[-54.21343,-24.01765],[-54.21298,-24.01737],[-54.2126,-24.01681],[-54.21221,-24.01686],[-54.21118,-24.01635],[-54.20999,-24.01621],[-54.20862,-24.01572],[-54.2086,-24.01594],[-54.21057,-24.01773],[-54.21095,-24.01837],[-54.2122,-24.01973]]],[[[-54.19387,-24.01632],[-54.19405,-24.01607],[-54.19311,-24.01498],[-54.19278,-24.01436],[-54.19236,-24.01412],[-54.19213,-24.01474],[-54.19236,-24.0155],[-54.19309,-24.01653],[-54.19352,-24.01614],[-54.19387,-24.01632]]],[[[-54.19394,-24.01406],[-54.19325,-24.01243],[-54.19247,-24.00957],[-54.19208,-24.00879],[-54.19085,-24.00747],[-54.18924,-24.00661],[-54.18819,-24.00627],[-54.188,-24.00654],[-54.18838,-24.00758],[-54.18931,-24.0084],[-54.19062,-24.00997],[-54.19137,-24.01122],[-54.19206,-24.01183],[-54.19267,-24.01277],[-54.19275,-24.01319],[-54.19389,-24.01481],[-54.19394,-24.01406]]],[[[-54.16855,-24.01145],[-54.16831,-24.01109],[-54.16499,-24.0086],[-54.1628,-24.00647],[-54.16179,-24.00613],[-54.16121,-24.00614],[-54.16125,-24.00708],[-54.16227,-24.00874],[-54.16548,-24.01083],[-54.16855,-24.01208],[-54.1693,-24.01216],[-54.16914,-24.01173],[-54.16855,-24.01145]]],[[[-54.16319,-24.00322],[-54.16388,-24.005],[-54.16534,-24.00674],[-54.16742,-24.00829],[-54.16818,-24.00905],[-54.16962,-24.00993],[-54.17028,-24.01067],[-54.17335,-24.01212],[-54.17683,-24.01243],[-54.17912,-24.01244],[-54.17909,-24.01226],[-54.17806,-24.01169],[-54.17769,-24.01109],[-54.17738,-24.01094],[-54.17695,-24.01038],[-54.1751,-24.00893],[-54.17168,-24.00659],[-54.17029,-24.00593],[-54.16897,-24.00483],[-54.16722,-24.00386],[-54.16488,-24.00316],[-54.16325,-24.00299],[-54.16319,-24.00322]]],[[[-54.17614,-24.00849],[-54.17974,-24.01166],[-54.18129,-24.01197],[-54.1813,-24.01178],[-54.17583,-24.0055],[-54.17412,-24.00409],[-54.17207,-24.00332],[-54.17021,-24.00309],[-54.16934,-24.00314],[-54.16925,-24.00338],[-54.17028,-24.00453],[-54.1747,-24.00742],[-54.17614,-24.00849]]],[[[-54.19058,-23.99173],[-54.19069,-23.99318],[-54.19207,-23.99547],[-54.1937,-23.99944],[-54.1943,-24.00036],[-54.19721,-24.00372],[-54.20044,-24.00682],[-54.20116,-24.00774],[-54.20179,-24.00813],[-54.20175,-24.00742],[-54.20109,-24.00476],[-54.20079,-24.00429],[-54.20012,-24.00122],[-54.19841,-23.99634],[-54.1984,-23.99615],[-54.19861,-23.99619],[-54.19858,-23.99581],[-54.19786,-23.99392],[-54.19649,-23.99206],[-54.19456,-23.98983],[-54.19287,-23.9886],[-54.19144,-23.98779],[-54.19111,-23.98783],[-54.19082,-23.98899],[-54.19077,-23.99091],[-54.19058,-23.99173]]],[[[-54.1778,-23.99379],[-54.18114,-23.99496],[-54.18538,-23.99608],[-54.1849,-23.9951],[-54.18337,-23.99301],[-54.18224,-23.99185],[-54.18044,-23.99039],[-54.17417,-23.98711],[-54.17283,-23.98667],[-54.171,-23.98631],[-54.17049,-23.98646],[-54.17041,-23.98701],[-54.17058,-23.98746],[-54.17103,-23.98812],[-54.17197,-23.99028],[-54.1733,-23.99135],[-54.17529,-23.99264],[-54.1778,-23.99379]]],[[[-54.16248,-23.98887],[-54.16349,-23.98981],[-54.16355,-23.99006],[-54.1645,-23.99072],[-54.16503,-23.99091],[-54.16489,-23.99053],[-54.16351,-23.98895],[-54.16314,-23.9887],[-54.16272,-23.98871],[-54.16248,-23.98887]]],[[[-54.14702,-23.98511],[-54.14634,-23.98539],[-54.14627,-23.98565],[-54.14691,-23.98621],[-54.14711,-23.98614],[-54.14721,-23.9863],[-54.14868,-23.98654],[-54.14929,-23.98652],[-54.14934,-23.98641],[-54.15137,-23.98676],[-54.15035,-23.98608],[-54.14839,-23.98526],[-54.14702,-23.98511]]],[[[-54.1856,-23.98121],[-54.18616,-23.98496],[-54.18777,-23.98936],[-54.18827,-23.99011],[-54.18857,-23.98883],[-54.18855,-23.98719],[-54.18832,-23.98619],[-54.18626,-23.98155],[-54.18607,-23.98133],[-54.1856,-23.98121]]],[[[-54.16009,-23.97268],[-54.15981,-23.96988],[-54.15952,-23.96904],[-54.1589,-23.9684],[-54.15865,-23.96876],[-54.15865,-23.96946],[-54.15927,-23.97112],[-54.16009,-23.97268]]],[[[-54.14003,-23.93228],[-54.13986,-23.93268],[-54.13986,-23.93358],[-54.14028,-23.93587],[-54.14023,-23.93861],[-54.14002,-23.93912],[-54.14012,-23.93918],[-54.13997,-23.93984],[-54.14017,-23.94105],[-54.141,-23.94216],[-54.14463,-23.9446],[-54.14807,-23.94731],[-54.1493,-23.94927],[-54.14978,-23.94953],[-54.14986,-23.94985],[-54.15003,-23.94986],[-54.15095,-23.95107],[-54.15089,-23.95119],[-54.15173,-23.95234],[-54.1518,-23.95273],[-54.15375,-23.95465],[-54.15484,-23.9562],[-54.15529,-23.95738],[-54.1554,-23.95921],[-54.15567,-23.96018],[-54.1569,-23.96239],[-54.15737,-23.96308],[-54.15756,-23.96312],[-54.15752,-23.96334],[-54.15841,-23.96455],[-54.15938,-23.96628],[-54.15996,-23.96802],[-54.16098,-23.97032],[-54.16098,-23.97137],[-54.16146,-23.97306],[-54.16254,-23.9748],[-54.16303,-23.97599],[-54.16323,-23.97602],[-54.16318,-23.97621],[-54.16351,-23.9768],[-54.16427,-23.97759],[-54.16442,-23.97801],[-54.1652,-23.97866],[-54.16635,-23.98007],[-54.16848,-23.98161],[-54.17008,-23.9825],[-54.17088,-23.98279],[-54.17112,-23.9827],[-54.17243,-23.98337],[-54.17419,-23.98374],[-54.17599,-23.98448],[-54.1766,-23.98449],[-54.17896,-23.98593],[-54.17993,-23.98715],[-54.18074,-23.98756],[-54.18082,-23.9875],[-54.17969,-23.98564],[-54.17984,-23.98536],[-54.17948,-23.985],[-54.17899,-23.98378],[-54.17898,-23.98234],[-54.17839,-23.97961],[-54.17841,-23.97698],[-54.17749,-23.97322],[-54.17681,-23.97181],[-54.1751,-23.97036],[-54.17509,-23.97015],[-54.1746,-23.96973],[-54.17402,-23.96861],[-54.17325,-23.96761],[-54.17286,-23.96673],[-54.17255,-23.9658],[-54.17266,-23.96556],[-54.17251,-23.9655],[-54.172,-23.96371],[-54.17081,-23.96105],[-54.17037,-23.95884],[-54.16907,-23.95563],[-54.16887,-23.95543],[-54.16827,-23.952],[-54.16756,-23.95135],[-54.1663,-23.94954],[-54.16524,-23.94888],[-54.16372,-23.94725],[-54.16147,-23.94394],[-54.15967,-23.94211],[-54.15773,-23.93972],[-54.15712,-23.93925],[-54.15683,-23.9388],[-54.15604,-23.93839],[-54.15532,-23.93774],[-54.15207,-23.93595],[-54.14927,-23.93462],[-54.14784,-23.93456],[-54.1476,-23.93438],[-54.14711,-23.93436],[-54.1465,-23.93395],[-54.14459,-23.93325],[-54.14399,-23.93284],[-54.14266,-23.93242],[-54.14087,-23.93214],[-54.14003,-23.93228]]],[[[-54.14999,-23.95589],[-54.15197,-23.95982],[-54.15285,-23.96108],[-54.15323,-23.96122],[-54.15327,-23.96022],[-54.15311,-23.95999],[-54.15297,-23.95877],[-54.15234,-23.9571],[-54.15142,-23.95578],[-54.1505,-23.95514],[-54.15022,-23.9551],[-54.15001,-23.95533],[-54.14999,-23.95589]]],[[[-54.13365,-23.92106],[-54.13435,-23.92267],[-54.13486,-23.92336],[-54.13661,-23.92479],[-54.13757,-23.92523],[-54.13801,-23.92572],[-54.13843,-23.92592],[-54.13881,-23.92647],[-54.14177,-23.92809],[-54.14177,-23.92821],[-54.14538,-23.92955],[-54.14642,-23.9298],[-54.14814,-23.93056],[-54.15419,-23.93245],[-54.15592,-23.93319],[-54.158,-23.93481],[-54.15927,-23.9362],[-54.16272,-23.93944],[-54.164,-23.94112],[-54.16482,-23.94245],[-54.16479,-23.94269],[-54.16671,-23.94425],[-54.16722,-23.94437],[-54.1691,-23.94629],[-54.16918,-23.94616],[-54.16859,-23.94437],[-54.16881,-23.94422],[-54.16878,-23.94407],[-54.16839,-23.94385],[-54.16815,-23.94273],[-54.16765,-23.94241],[-54.16766,-23.94221],[-54.16716,-23.94157],[-54.16661,-23.94117],[-54.16662,-23.94067],[-54.16582,-23.93852],[-54.16558,-23.93837],[-54.16562,-23.93809],[-54.16446,-23.93632],[-54.1639,-23.93548],[-54.16308,-23.93465],[-54.15885,-23.93085],[-54.15672,-23.92974],[-54.15502,-23.92914],[-54.154,-23.92849],[-54.15299,-23.92698],[-54.1518,-23.92607],[-54.15114,-23.9258],[-54.14946,-23.92445],[-54.14896,-23.9243],[-54.14869,-23.92441],[-54.1488,-23.92411],[-54.14833,-23.92398],[-54.14824,-23.9238],[-54.14655,-23.92345],[-54.14308,-23.92151],[-54.14056,-23.92058],[-54.14028,-23.92073],[-54.13997,-23.92064],[-54.14026,-23.92035],[-54.14009,-23.92028],[-54.13857,-23.91992],[-54.13693,-23.91976],[-54.13603,-23.91987],[-54.13514,-23.92035],[-54.13368,-23.92046],[-54.13365,-23.92106]]],[[[-54.1068,-24.03175],[-54.10602,-24.03096],[-54.10499,-24.03083],[-54.10608,-24.03212],[-54.10712,-24.03269],[-54.10723,-24.03264],[-54.1068,-24.03175]]],[[[-54.10563,-24.0302],[-54.10258,-24.02598],[-54.10207,-24.02576],[-54.10142,-24.02578],[-54.10136,-24.02644],[-54.10171,-24.02674],[-54.10174,-24.02701],[-54.10225,-24.0273],[-54.10454,-24.02996],[-54.10554,-24.03036],[-54.10563,-24.0302]]],[[[-54.09891,-24.01892],[-54.09939,-24.02047],[-54.10022,-24.02201],[-54.10146,-24.02379],[-54.10264,-24.02479],[-54.10275,-24.02446],[-54.10206,-24.02182],[-54.10157,-24.02037],[-54.10099,-24.01936],[-54.09993,-24.01834],[-54.0992,-24.01794],[-54.09891,-24.01809],[-54.09891,-24.01892]]],[[[-54.09821,-24.01474],[-54.09832,-24.0153],[-54.09874,-24.01574],[-54.09886,-24.01612],[-54.09905,-24.0161],[-54.09902,-24.01632],[-54.09944,-24.017],[-54.10041,-24.01774],[-54.10024,-24.0171],[-54.09952,-24.01617],[-54.09916,-24.01519],[-54.09885,-24.01483],[-54.09884,-24.01455],[-54.09831,-24.01412],[-54.09827,-24.01391],[-54.09801,-24.01388],[-54.09806,-24.01475],[-54.09821,-24.01474]]],[[[-54.09371,-24.0062],[-54.09674,-24.01046],[-54.09946,-24.01464],[-54.09995,-24.01587],[-54.10076,-24.01693],[-54.10079,-24.01731],[-54.10098,-24.01736],[-54.10184,-24.01845],[-54.10194,-24.01834],[-54.10041,-24.01447],[-54.0997,-24.01185],[-54.09869,-24.00942],[-54.0977,-24.00826],[-54.09647,-24.00716],[-54.09279,-24.00274],[-54.09135,-24.0018],[-54.09102,-24.00165],[-54.09033,-24.00167],[-54.09015,-24.00196],[-54.09046,-24.00273],[-54.09371,-24.0062]]],[[[-54.13675,-23.98254],[-54.13669,-23.98278],[-54.13727,-23.98339],[-54.13815,-23.98373],[-54.13915,-23.98389],[-54.1404,-23.98367],[-54.13838,-23.98303],[-54.13805,-23.98307],[-54.13804,-23.98293],[-54.13705,-23.98248],[-54.13675,-23.98254]]],[[[-54.05903,-23.98087],[-54.05913,-23.98151],[-54.05941,-23.98203],[-54.06181,-23.98399],[-54.06812,-23.98699],[-54.06916,-23.9874],[-54.07097,-23.98777],[-54.07099,-23.98753],[-54.0699,-23.98669],[-54.06544,-23.98201],[-54.06323,-23.98026],[-54.06044,-23.97871],[-54.05992,-23.9787],[-54.05905,-23.97833],[-54.05817,-23.97833],[-54.0581,-23.97854],[-54.05903,-23.98087]]],[[[-54.12852,-23.97476],[-54.1265,-23.97499],[-54.12667,-23.97569],[-54.12915,-23.97815],[-54.13094,-23.97932],[-54.13561,-23.98144],[-54.13728,-23.98196],[-54.13761,-23.98226],[-54.14034,-23.9831],[-54.14126,-23.98319],[-54.1415,-23.98302],[-54.14156,-23.98322],[-54.14463,-23.98321],[-54.14738,-23.98358],[-54.14853,-23.98398],[-54.15167,-23.98557],[-54.15599,-23.98659],[-54.15816,-23.98773],[-54.15846,-23.98766],[-54.15845,-23.98751],[-54.15714,-23.98645],[-54.15616,-23.98587],[-54.1493,-23.98244],[-54.14808,-23.98194],[-54.14683,-23.98178],[-54.14404,-23.98057],[-54.14313,-23.98035],[-54.13789,-23.97778],[-54.13596,-23.9771],[-54.13387,-23.97613],[-54.13008,-23.97497],[-54.12852,-23.97476]]],[[[-54.1089,-23.96574],[-54.10862,-23.96578],[-54.10915,-23.96643],[-54.10932,-23.96642],[-54.10936,-23.96624],[-54.1089,-23.96574]]],[[[-54.10868,-23.96545],[-54.10718,-23.96361],[-54.10671,-23.96329],[-54.10627,-23.96333],[-54.1063,-23.96382],[-54.10711,-23.96469],[-54.10848,-23.96554],[-54.10868,-23.96545]]],[[[-54.09823,-23.96945],[-54.10038,-23.96998],[-54.10101,-23.97003],[-54.10094,-23.96977],[-54.10292,-23.97008],[-54.10375,-23.96999],[-54.10423,-23.97023],[-54.10558,-23.97014],[-54.10837,-23.97032],[-54.11083,-23.97057],[-54.11227,-23.97091],[-54.11248,-23.97081],[-54.10976,-23.96847],[-54.10803,-23.96654],[-54.10605,-23.96496],[-54.10478,-23.96355],[-54.10436,-23.96335],[-54.10287,-23.96109],[-54.10163,-23.95957],[-54.10115,-23.95868],[-54.09974,-23.95374],[-54.09913,-23.95236],[-54.09865,-23.95161],[-54.09652,-23.94939],[-54.09442,-23.94678],[-54.09388,-23.94559],[-54.09367,-23.94546],[-54.0934,-23.9456],[-54.09335,-23.94602],[-54.09238,-23.94801],[-54.09155,-23.95083],[-54.09078,-23.95236],[-54.09061,-23.95347],[-54.09039,-23.95366],[-54.08994,-23.95472],[-54.08939,-23.95806],[-54.08943,-23.96054],[-54.08976,-23.96196],[-54.09069,-23.96404],[-54.09176,-23.96574],[-54.09268,-23.96683],[-54.09532,-23.96848],[-54.09823,-23.96945]]],[[[-54.1009,-23.94941],[-54.10205,-23.95128],[-54.10252,-23.95236],[-54.1032,-23.95316],[-54.10317,-23.95115],[-54.10258,-23.94936],[-54.10253,-23.94896],[-54.10268,-23.94885],[-54.10226,-23.94761],[-54.10235,-23.94744],[-54.10204,-23.94611],[-54.10169,-23.94524],[-54.10113,-23.94145],[-54.09999,-23.93958],[-54.09931,-23.93888],[-54.09878,-23.93868],[-54.09851,-23.93879],[-54.0983,-23.93924],[-54.09813,-23.94048],[-54.09826,-23.94148],[-54.09933,-23.94548],[-54.1009,-23.94941]]],[[[-54.09629,-23.91941],[-54.10038,-23.9237],[-54.10216,-23.92605],[-54.10305,-23.92751],[-54.10538,-23.93025],[-54.10611,-23.93146],[-54.10666,-23.93274],[-54.1072,-23.93441],[-54.10723,-23.93638],[-54.10678,-23.93778],[-54.10557,-23.93926],[-54.10539,-23.93972],[-54.10532,-23.94096],[-54.10569,-23.94161],[-54.10629,-23.94394],[-54.10692,-23.94542],[-54.10804,-23.94954],[-54.10939,-23.95286],[-54.10958,-23.95413],[-54.11051,-23.95738],[-54.11226,-23.95975],[-54.11428,-23.96164],[-54.12053,-23.96587],[-54.12417,-23.96789],[-54.12534,-23.96869],[-54.12699,-23.97022],[-54.13033,-23.97235],[-54.14086,-23.97569],[-54.14543,-23.97694],[-54.15086,-23.97942],[-54.15127,-23.97975],[-54.15152,-23.97973],[-54.15181,-23.98001],[-54.15377,-23.98097],[-54.15512,-23.98136],[-54.1555,-23.98171],[-54.15627,-23.98191],[-54.15944,-23.98343],[-54.16313,-23.98584],[-54.16387,-23.98665],[-54.16517,-23.98762],[-54.1681,-23.99075],[-54.16937,-23.99145],[-54.17074,-23.99265],[-54.17294,-23.99409],[-54.17381,-23.99455],[-54.17415,-23.99449],[-54.17466,-23.99495],[-54.17756,-23.99629],[-54.17847,-23.99699],[-54.18049,-23.99797],[-54.18346,-23.99974],[-54.19075,-24.00506],[-54.19073,-24.00474],[-54.18808,-23.99995],[-54.18667,-23.9985],[-54.18332,-23.99755],[-54.1814,-23.99683],[-54.1804,-23.99621],[-54.17864,-23.99549],[-54.17632,-23.99482],[-54.17324,-23.99331],[-54.17287,-23.99288],[-54.17193,-23.99224],[-54.1684,-23.98806],[-54.16626,-23.98439],[-54.16593,-23.9842],[-54.166,-23.98401],[-54.16368,-23.98082],[-54.16323,-23.98048],[-54.16238,-23.97934],[-54.16157,-23.97876],[-54.1609,-23.97796],[-54.16029,-23.9776],[-54.16019,-23.97732],[-54.15868,-23.97582],[-54.15783,-23.97463],[-54.15702,-23.9739],[-54.15586,-23.97239],[-54.15442,-23.97],[-54.15389,-23.96862],[-54.15313,-23.96727],[-54.15161,-23.96274],[-54.14906,-23.95931],[-54.14749,-23.95633],[-54.14693,-23.95485],[-54.14651,-23.95422],[-54.14546,-23.95079],[-54.144,-23.94788],[-54.14283,-23.94667],[-54.1419,-23.946],[-54.1385,-23.94413],[-54.13807,-23.94373],[-54.13716,-23.94232],[-54.13656,-23.93944],[-54.13666,-23.93812],[-54.1365,-23.93626],[-54.13583,-23.93407],[-54.13524,-23.93316],[-54.13021,-23.9278],[-54.12899,-23.92684],[-54.1283,-23.92601],[-54.1263,-23.9253],[-54.12527,-23.92454],[-54.12371,-23.92304],[-54.12165,-23.91961],[-54.1204,-23.91681],[-54.11863,-23.91384],[-54.11781,-23.91299],[-54.11745,-23.91295],[-54.11652,-23.91218],[-54.11496,-23.91042],[-54.11345,-23.90829],[-54.11023,-23.90563],[-54.1085,-23.90301],[-54.1074,-23.90202],[-54.10563,-23.90005],[-54.1039,-23.89733],[-54.10207,-23.89542],[-54.10071,-23.89308],[-54.09955,-23.89169],[-54.0992,-23.89158],[-54.09824,-23.89076],[-54.09723,-23.8895],[-54.09536,-23.88564],[-54.0948,-23.88388],[-54.09343,-23.88146],[-54.0924,-23.87764],[-54.09156,-23.8771],[-54.09015,-23.87704],[-54.08601,-23.87855],[-54.08502,-23.88001],[-54.08469,-23.88083],[-54.08449,-23.88195],[-54.08433,-23.88495],[-54.08373,-23.88847],[-54.08351,-23.88882],[-54.08355,-23.88966],[-54.08466,-23.89342],[-54.08491,-23.89361],[-54.08624,-23.89608],[-54.08761,-23.8981],[-54.08898,-23.90139],[-54.08937,-23.90186],[-54.08974,-23.90291],[-54.09085,-23.90489],[-54.0913,-23.90616],[-54.09173,-23.9069],[-54.09244,-23.91162],[-54.09381,-23.91509],[-54.09512,-23.91751],[-54.09629,-23.91941]]],[[[-54.10221,-23.93709],[-54.1028,-23.93847],[-54.103,-23.93859],[-54.10324,-23.93749],[-54.1034,-23.9375],[-54.10326,-23.93731],[-54.10344,-23.93696],[-54.10369,-23.93514],[-54.10343,-23.93363],[-54.1028,-23.93237],[-54.10173,-23.93115],[-54.10131,-23.93096],[-54.10111,-23.93128],[-54.1011,-23.93178],[-54.10135,-23.93427],[-54.10183,-23.93538],[-54.10221,-23.93709]]],[[[-54.13812,-23.91915],[-54.14002,-23.91959],[-54.14157,-23.92011],[-54.1418,-23.92005],[-54.14177,-23.91982],[-54.1396,-23.91847],[-54.1383,-23.91726],[-54.13561,-23.9155],[-54.13346,-23.91365],[-54.13217,-23.91286],[-54.13035,-23.91206],[-54.12601,-23.90892],[-54.12496,-23.90842],[-54.12427,-23.90828],[-54.12418,-23.90876],[-54.12451,-23.90956],[-54.12446,-23.91009],[-54.12473,-23.91104],[-54.12557,-23.91225],[-54.12774,-23.9149],[-54.12994,-23.91688],[-54.13028,-23.91702],[-54.131,-23.91781],[-54.13248,-23.9186],[-54.13453,-23.91903],[-54.13476,-23.9193],[-54.13812,-23.91915]]],[[[-54.09161,-23.91092],[-54.09125,-23.90752],[-54.09083,-23.90631],[-54.08959,-23.90385],[-54.08901,-23.9031],[-54.08865,-23.90301],[-54.08864,-23.90425],[-54.08932,-23.90663],[-54.0896,-23.90712],[-54.08982,-23.90834],[-54.09069,-23.90979],[-54.09098,-23.91091],[-54.09171,-23.91193],[-54.09193,-23.91139],[-54.09161,-23.91092]]],[[[-54.12353,-23.90553],[-54.1227,-23.90465],[-54.11902,-23.89961],[-54.11794,-23.89864],[-54.11644,-23.89764],[-54.11593,-23.89748],[-54.11597,-23.89829],[-54.11624,-23.8992],[-54.11651,-23.89993],[-54.11709,-23.90076],[-54.11797,-23.90147],[-54.1187,-23.90232],[-54.1193,-23.90258],[-54.12353,-23.90553]]],[[[-54.09763,-23.87612],[-54.09901,-23.87806],[-54.09919,-23.87786],[-54.09933,-23.87828],[-54.10063,-23.87952],[-54.10089,-23.87951],[-54.10084,-23.87883],[-54.10047,-23.87809],[-54.10051,-23.87769],[-54.0998,-23.87649],[-54.09956,-23.87635],[-54.0985,-23.87439],[-54.09828,-23.87363],[-54.09852,-23.87328],[-54.09844,-23.87304],[-54.09787,-23.87229],[-54.09779,-23.87176],[-54.09718,-23.87149],[-54.09685,-23.87176],[-54.09661,-23.87279],[-54.09663,-23.87372],[-54.09763,-23.87612]]],[[[-54.09448,-23.86722],[-54.0942,-23.8656],[-54.09353,-23.8645],[-54.09328,-23.86293],[-54.09337,-23.85999],[-54.09381,-23.85881],[-54.09399,-23.85761],[-54.09381,-23.85666],[-54.09386,-23.85573],[-54.09373,-23.85547],[-54.09311,-23.85546],[-54.0928,-23.8557],[-54.09255,-23.85623],[-54.09219,-23.85764],[-54.09201,-23.86443],[-54.09232,-23.86583],[-54.09299,-23.86708],[-54.09372,-23.86923],[-54.09442,-23.87035],[-54.09448,-23.86722]]],[[[-54.09822,-23.85683],[-54.09937,-23.85586],[-54.10037,-23.85304],[-54.10035,-23.8513],[-54.10015,-23.8503],[-54.09988,-23.84983],[-54.09969,-23.84978],[-54.09905,-23.85011],[-54.09822,-23.85094],[-54.09727,-23.8527],[-54.09697,-23.85402],[-54.09712,-23.85824],[-54.09822,-23.85683]]],[[[-54.0913,-23.85586],[-54.09279,-23.85181],[-54.09292,-23.85093],[-54.09243,-23.84895],[-54.09129,-23.84993],[-54.09118,-23.8507],[-54.09139,-23.85329],[-54.09107,-23.8559],[-54.0913,-23.85586]]],[[[-54.09416,-23.85388],[-54.09536,-23.85078],[-54.09645,-23.84866],[-54.09693,-23.84509],[-54.09665,-23.8422],[-54.09641,-23.8414],[-54.09527,-23.83968],[-54.09493,-23.83954],[-54.09452,-23.83955],[-54.09403,-23.8398],[-54.09389,-23.84023],[-54.09408,-23.84412],[-54.09399,-23.84649],[-54.09434,-23.84858],[-54.09423,-23.84915],[-54.09459,-23.85108],[-54.09303,-23.85462],[-54.09363,-23.85444],[-54.09416,-23.85388]]],[[[-54.08285,-23.83876],[-54.08294,-23.83773],[-54.08253,-23.83713],[-54.08237,-23.8373],[-54.0824,-23.83777],[-54.08285,-23.83876]]],[[[-54.09678,-23.8252],[-54.09582,-23.82739],[-54.09513,-23.82997],[-54.09507,-23.8318],[-54.09537,-23.83365],[-54.09688,-23.83025],[-54.09802,-23.82874],[-54.09866,-23.82741],[-54.09882,-23.82639],[-54.09873,-23.8255],[-54.09797,-23.82393],[-54.09739,-23.82434],[-54.09678,-23.8252]]],[[[-54.09139,-23.82304],[-54.09174,-23.82175],[-54.09159,-23.82136],[-54.09115,-23.82159],[-54.09074,-23.82228],[-54.09047,-23.82326],[-54.09054,-23.82389],[-54.09074,-23.82384],[-54.09139,-23.82304]]],[[[-54.09162,-23.81702],[-54.09082,-23.81832],[-54.09087,-23.81852],[-54.09044,-23.81952],[-54.09024,-23.82061],[-54.09133,-23.82001],[-54.09216,-23.81892],[-54.09231,-23.81814],[-54.09226,-23.81715],[-54.092,-23.81695],[-54.09162,-23.81702]]],[[[-54.10124,-23.81332],[-54.10134,-23.81673],[-54.10115,-23.81729],[-54.10112,-23.81898],[-54.10089,-23.8196],[-54.10102,-23.82089],[-54.10295,-23.81845],[-54.10357,-23.8172],[-54.10366,-23.81664],[-54.10347,-23.81643],[-54.10371,-23.81612],[-54.10367,-23.81545],[-54.10339,-23.81468],[-54.10224,-23.81339],[-54.10137,-23.81311],[-54.10124,-23.81332]]],[[[-54.08768,-23.81938],[-54.08823,-23.816],[-54.08906,-23.81417],[-54.08946,-23.81271],[-54.08927,-23.81056],[-54.0887,-23.80768],[-54.08792,-23.80676],[-54.08757,-23.80701],[-54.08728,-23.80912],[-54.08737,-23.81184],[-54.08751,-23.81241],[-54.08698,-23.81811],[-54.0874,-23.81978],[-54.08768,-23.81938]]],[[[-54.09184,-23.80239],[-54.09197,-23.80008],[-54.09174,-23.79822],[-54.0915,-23.7979],[-54.09149,-23.7974],[-54.09113,-23.7967],[-54.09053,-23.79616],[-54.09015,-23.79623],[-54.08985,-23.79644],[-54.08955,-23.79777],[-54.08991,-23.79939],[-54.09168,-23.80257],[-54.09184,-23.80239]]],[[[-54.09405,-23.77908],[-54.09311,-23.77757],[-54.09248,-23.77739],[-54.09227,-23.77751],[-54.0922,-23.77789],[-54.09248,-23.77861],[-54.09355,-23.78002],[-54.09404,-23.78099],[-54.09425,-23.78086],[-54.09417,-23.77993],[-54.09405,-23.77908]]],[[[-54.0792,-23.75454],[-54.07857,-23.75513],[-54.0784,-23.75566],[-54.07856,-23.75596],[-54.07842,-23.75656],[-54.07863,-23.75682],[-54.07875,-23.75957],[-54.07904,-23.76082],[-54.0798,-23.76227],[-54.08084,-23.76346],[-54.08114,-23.7642],[-54.08167,-23.76476],[-54.0824,-23.76594],[-54.08404,-23.76739],[-54.08429,-23.76786],[-54.08548,-23.76879],[-54.08726,-23.77171],[-54.08822,-23.7727],[-54.0883,-23.7731],[-54.08857,-23.77319],[-54.08993,-23.77477],[-54.09061,-23.77528],[-54.09157,-23.77645],[-54.09226,-23.77699],[-54.09281,-23.77702],[-54.09298,-23.77652],[-54.09266,-23.77629],[-54.09204,-23.77513],[-54.09033,-23.77313],[-54.08941,-23.77155],[-54.08719,-23.76883],[-54.08665,-23.76772],[-54.08648,-23.76699],[-54.08541,-23.76588],[-54.08459,-23.7643],[-54.08372,-23.76338],[-54.0834,-23.76324],[-54.08337,-23.76279],[-54.0831,-23.76261],[-54.08306,-23.76213],[-54.08261,-23.76164],[-54.08255,-23.76128],[-54.08201,-23.76046],[-54.08143,-23.75882],[-54.08057,-23.75748],[-54.07985,-23.75673],[-54.07965,-23.75604],[-54.07975,-23.75558],[-54.07962,-23.75468],[-54.0792,-23.75454]]],[[[-54.06216,-23.72836],[-54.06202,-23.72826],[-54.06196,-23.72836],[-54.06181,-23.72905],[-54.06206,-23.73002],[-54.06225,-23.72993],[-54.0623,-23.72966],[-54.06216,-23.72836]]],[[[-54.06667,-23.72067],[-54.0665,-23.71935],[-54.066,-23.71805],[-54.06572,-23.71794],[-54.06555,-23.71801],[-54.06533,-23.71933],[-54.06578,-23.72198],[-54.06589,-23.72392],[-54.0661,-23.7239],[-54.06632,-23.72311],[-54.06667,-23.72067]]],[[[-54.06051,-23.68336],[-54.06065,-23.68525],[-54.06123,-23.68697],[-54.06126,-23.6899],[-54.06171,-23.6887],[-54.06238,-23.68806],[-54.06251,-23.68762],[-54.06338,-23.68659],[-54.06358,-23.68626],[-54.06357,-23.68592],[-54.06335,-23.68525],[-54.06189,-23.68391],[-54.06191,-23.68331],[-54.06164,-23.68292],[-54.0616,-23.68228],[-54.06111,-23.68274],[-54.06104,-23.683],[-54.06031,-23.68303],[-54.06051,-23.68336]]],[[[-54.05621,-23.98083],[-54.05484,-23.97913],[-54.05397,-23.97829],[-54.05351,-23.97816],[-54.05297,-23.97762],[-54.04925,-23.97645],[-54.04888,-23.97682],[-54.04883,-23.97715],[-54.04898,-23.97747],[-54.05006,-23.9785],[-54.05678,-23.98213],[-54.05682,-23.98194],[-54.05621,-23.98083]]],[[[-54.05851,-23.97621],[-54.05869,-23.97658],[-54.05986,-23.97699],[-54.05913,-23.97617],[-54.05863,-23.97606],[-54.05851,-23.97621]]],[[[-54.0355,-23.94666],[-54.0347,-23.94465],[-54.03377,-23.94389],[-54.03304,-23.94295],[-54.03246,-23.94165],[-54.03226,-23.94022],[-54.03344,-23.93638],[-54.03343,-23.93458],[-54.03331,-23.93369],[-54.03297,-23.93295],[-54.03257,-23.93245],[-54.03214,-23.93222],[-54.0312,-23.93382],[-54.03,-23.9368],[-54.02944,-23.93756],[-54.02927,-23.93861],[-54.02933,-23.93954],[-54.03221,-23.94655],[-54.03562,-23.95054],[-54.03591,-23.95047],[-54.03573,-23.94824],[-54.0355,-23.94666]]],[[[-54.04627,-23.90093],[-54.04324,-23.90897],[-54.04524,-23.90739],[-54.04631,-23.90603],[-54.04827,-23.9027],[-54.04863,-23.90031],[-54.0481,-23.89917],[-54.04779,-23.89926],[-54.04627,-23.90093]]],[[[-54.03466,-23.86027],[-54.0317,-23.85602],[-54.03087,-23.85542],[-54.03009,-23.85517],[-54.02998,-23.85528],[-54.03068,-23.85644],[-54.03379,-23.85963],[-54.03449,-23.86027],[-54.03466,-23.86027]]],[[[-54.03075,-23.85894],[-54.02773,-23.85575],[-54.02673,-23.85488],[-54.0229,-23.84996],[-54.02163,-23.84915],[-54.02126,-23.84935],[-54.02115,-23.85061],[-54.02174,-23.85192],[-54.02216,-23.85268],[-54.02471,-23.85585],[-54.02625,-23.85703],[-54.02911,-23.85875],[-54.03068,-23.85932],[-54.03087,-23.8593],[-54.03075,-23.85894]]],[[[-54.04334,-23.8651],[-54.04264,-23.86194],[-54.04131,-23.85847],[-54.04051,-23.85714],[-54.03889,-23.85499],[-54.03777,-23.85388],[-54.03509,-23.85059],[-54.03213,-23.84756],[-54.03102,-23.84599],[-54.02614,-23.84078],[-54.02518,-23.83947],[-54.02502,-23.8389],[-54.023,-23.83522],[-54.02199,-23.8341],[-54.02075,-23.83228],[-54.0196,-23.83141],[-54.01898,-23.83153],[-54.0188,-23.83187],[-54.01885,-23.83316],[-54.0203,-23.83661],[-54.02027,-23.83684],[-54.02053,-23.83711],[-54.02059,-23.8375],[-54.02155,-23.83944],[-54.02205,-23.84227],[-54.02292,-23.84542],[-54.02353,-23.84704],[-54.02442,-23.84834],[-54.0247,-23.84847],[-54.02559,-23.84978],[-54.02785,-23.85189],[-54.0303,-23.85356],[-54.03262,-23.85562],[-54.03346,-23.85674],[-54.03405,-23.85783],[-54.03509,-23.85909],[-54.03569,-23.85952],[-54.03635,-23.86028],[-54.0411,-23.86385],[-54.04255,-23.86553],[-54.04329,-23.8668],[-54.04346,-23.86656],[-54.04334,-23.8651]]],[[[-54.02169,-23.8462],[-54.02102,-23.84272],[-54.0203,-23.84011],[-54.01971,-23.83925],[-54.01936,-23.83907],[-54.01869,-23.84021],[-54.01874,-23.84124],[-54.01901,-23.84198],[-54.02091,-23.84528],[-54.02169,-23.8462]]],[[[-54.01873,-23.83993],[-54.01815,-23.8367],[-54.01766,-23.83562],[-54.0169,-23.83456],[-54.01641,-23.83607],[-54.01645,-23.83705],[-54.01805,-23.84006],[-54.01858,-23.84019],[-54.01873,-23.83993]]],[[[-54.01629,-23.83436],[-54.01609,-23.8331],[-54.01415,-23.83062],[-54.01392,-23.82991],[-54.01326,-23.82907],[-54.01258,-23.8275],[-54.01191,-23.82676],[-54.0116,-23.82684],[-54.01146,-23.8275],[-54.01231,-23.82964],[-54.0159,-23.83611],[-54.01625,-23.83503],[-54.01629,-23.83436]]],[[[-54.00871,-23.81865],[-54.00815,-23.81635],[-54.00777,-23.81603],[-54.00744,-23.81607],[-54.00737,-23.81658],[-54.00763,-23.81713],[-54.00823,-23.81821],[-54.00871,-23.81865]]],[[[-54.00696,-23.81507],[-54.00612,-23.81203],[-54.00559,-23.80858],[-54.00572,-23.8061],[-54.00546,-23.80488],[-54.00487,-23.80378],[-54.00432,-23.80317],[-54.00397,-23.8031],[-54.0035,-23.8044],[-54.00352,-23.80543],[-54.00418,-23.80913],[-54.00543,-23.81275],[-54.00638,-23.81489],[-54.00689,-23.81565],[-54.00696,-23.81507]]],[[[-54.00351,-23.79033],[-54.00328,-23.79114],[-54.00332,-23.79263],[-54.00359,-23.79442],[-54.00412,-23.79611],[-54.00458,-23.79692],[-54.00517,-23.7992],[-54.00641,-23.80237],[-54.0066,-23.80278],[-54.00681,-23.80283],[-54.00697,-23.79962],[-54.00647,-23.79692],[-54.00609,-23.79595],[-54.00594,-23.79435],[-54.0047,-23.79061],[-54.00397,-23.79011],[-54.00351,-23.79033]]],[[[-54.06145,-23.73335],[-54.061,-23.73221],[-54.06051,-23.73177],[-54.0602,-23.73091],[-54.05924,-23.72979],[-54.05768,-23.72621],[-54.05709,-23.7256],[-54.05695,-23.72508],[-54.0565,-23.72468],[-54.05617,-23.72472],[-54.05548,-23.72686],[-54.05556,-23.72762],[-54.05575,-23.72788],[-54.05571,-23.72831],[-54.05635,-23.72958],[-54.05822,-23.73251],[-54.06005,-23.73459],[-54.06071,-23.73511],[-54.06214,-23.73529],[-54.06164,-23.73349],[-54.06145,-23.73335]]],[[[-54.06034,-23.72678],[-54.05905,-23.72473],[-54.05882,-23.72402],[-54.05826,-23.72343],[-54.05804,-23.72377],[-54.05795,-23.72437],[-54.05822,-23.72584],[-54.0604,-23.72948],[-54.06109,-23.73013],[-54.06119,-23.72989],[-54.06098,-23.72858],[-54.06034,-23.72678]]],[[[-53.81342,-23.39475],[-53.81481,-23.39647],[-53.81772,-23.39913],[-53.81805,-23.39923],[-53.82511,-23.40459],[-53.82767,-23.40702],[-53.82834,-23.40814],[-53.8289,-23.40836],[-53.82951,-23.40894],[-53.83239,-23.40992],[-53.8335,-23.4106],[-53.83371,-23.41058],[-53.8337,-23.41041],[-53.83391,-23.41048],[-53.83419,-23.41075],[-53.83539,-23.41107],[-53.83623,-23.41157],[-53.83648,-23.41158],[-53.83648,-23.41139],[-53.83799,-23.41222],[-53.8389,-23.41255],[-53.83905,-23.41245],[-53.83976,-23.4129],[-53.84119,-23.41318],[-53.84219,-23.41314],[-53.84377,-23.41253],[-53.84705,-23.41458],[-53.85008,-23.41737],[-53.8516,-23.41971],[-53.85206,-23.41998],[-53.85215,-23.42036],[-53.85257,-23.42059],[-53.85507,-23.42331],[-53.85581,-23.42471],[-53.85627,-23.42512],[-53.85715,-23.42664],[-53.85747,-23.42686],[-53.85834,-23.42818],[-53.8587,-23.42831],[-53.85879,-23.42878],[-53.8621,-23.43226],[-53.8631,-23.43375],[-53.86663,-23.43796],[-53.87011,-23.44155],[-53.87122,-23.44316],[-53.87207,-23.44406],[-53.87235,-23.44463],[-53.87369,-23.44559],[-53.87713,-23.44742],[-53.87906,-23.44873],[-53.88006,-23.44983],[-53.88064,-23.45091],[-53.88236,-23.4521],[-53.88419,-23.45413],[-53.88625,-23.45557],[-53.88691,-23.45639],[-53.88878,-23.45783],[-53.8897,-23.45821],[-53.8908,-23.45896],[-53.89261,-23.46066],[-53.89312,-23.46128],[-53.8938,-23.46278],[-53.89549,-23.46496],[-53.89642,-23.46648],[-53.89998,-23.47537],[-53.90222,-23.4792],[-53.90273,-23.48154],[-53.90293,-23.48332],[-53.9028,-23.48464],[-53.9029,-23.48573],[-53.90358,-23.48915],[-53.90364,-23.49022],[-53.90416,-23.49206],[-53.90642,-23.49798],[-53.90716,-23.50125],[-53.90755,-23.50512],[-53.90749,-23.50776],[-53.91035,-23.51497],[-53.91095,-23.517],[-53.91158,-23.5204],[-53.91196,-23.52142],[-53.91233,-23.52551],[-53.91219,-23.5276],[-53.91238,-23.53038],[-53.91332,-23.53372],[-53.91406,-23.53988],[-53.91376,-23.54306],[-53.91379,-23.54651],[-53.91396,-23.54794],[-53.91375,-23.55114],[-53.913,-23.55584],[-53.91307,-23.55816],[-53.91369,-23.56163],[-53.91382,-23.56489],[-53.91385,-23.56971],[-53.91368,-23.57061],[-53.91365,-23.57333],[-53.91423,-23.57653],[-53.91582,-23.58218],[-53.9173,-23.58532],[-53.91862,-23.58721],[-53.92133,-23.59044],[-53.92243,-23.59243],[-53.92296,-23.59418],[-53.92337,-23.59663],[-53.92346,-23.60024],[-53.92432,-23.60263],[-53.92557,-23.6049],[-53.926,-23.606],[-53.9264,-23.60652],[-53.92716,-23.60831],[-53.92748,-23.60875],[-53.92768,-23.60873],[-53.92762,-23.60899],[-53.92845,-23.60996],[-53.92877,-23.6108],[-53.92943,-23.61135],[-53.93128,-23.61352],[-53.934,-23.61554],[-53.93505,-23.61603],[-53.93511,-23.61591],[-53.93599,-23.61621],[-53.93662,-23.61663],[-53.93676,-23.61703],[-53.93711,-23.617],[-53.93715,-23.61729],[-53.93842,-23.61851],[-53.93964,-23.62028],[-53.94007,-23.62063],[-53.94003,-23.62087],[-53.94078,-23.62183],[-53.94158,-23.62327],[-53.94255,-23.62571],[-53.94339,-23.62858],[-53.94373,-23.62916],[-53.94641,-23.63204],[-53.95075,-23.63763],[-53.95381,-23.64251],[-53.95586,-23.64704],[-53.95828,-23.65125],[-53.95903,-23.65409],[-53.9591,-23.65612],[-53.9587,-23.65799],[-53.95851,-23.65993],[-53.95852,-23.66253],[-53.95873,-23.66355],[-53.95996,-23.66644],[-53.96107,-23.66987],[-53.9618,-23.67553],[-53.96277,-23.67988],[-53.96274,-23.68055],[-53.9634,-23.68546],[-53.96369,-23.68642],[-53.96412,-23.6905],[-53.96508,-23.69519],[-53.96621,-23.69744],[-53.9714,-23.70337],[-53.97503,-23.70814],[-53.97685,-23.71082],[-53.97753,-23.71212],[-53.97894,-23.71707],[-53.97962,-23.71858],[-53.98029,-23.71958],[-53.98219,-23.72159],[-53.98282,-23.72273],[-53.98319,-23.72299],[-53.98529,-23.72692],[-53.98762,-23.73644],[-53.98844,-23.73862],[-53.99117,-23.74221],[-53.99231,-23.74403],[-53.99333,-23.74624],[-53.99454,-23.75112],[-53.99567,-23.75354],[-53.99589,-23.75453],[-53.99644,-23.75558],[-53.99728,-23.75852],[-53.99841,-23.76092],[-54.00013,-23.76547],[-54.00052,-23.76678],[-54.00069,-23.77071],[-54.00122,-23.77232],[-54.00385,-23.77798],[-54.00716,-23.78385],[-54.00924,-23.78802],[-54.01031,-23.79101],[-54.01192,-23.80002],[-54.01166,-23.8045],[-54.0112,-23.80571],[-54.01106,-23.80672],[-54.01132,-23.80956],[-54.01184,-23.81101],[-54.01422,-23.81538],[-54.01681,-23.82088],[-54.02038,-23.82536],[-54.02077,-23.82565],[-54.02208,-23.82747],[-54.02641,-23.83422],[-54.02755,-23.83642],[-54.02908,-23.83886],[-54.03049,-23.84076],[-54.03393,-23.84472],[-54.03792,-23.84879],[-54.04009,-23.85176],[-54.04221,-23.85418],[-54.04363,-23.85654],[-54.04415,-23.85713],[-54.04511,-23.85943],[-54.04601,-23.86232],[-54.04683,-23.86539],[-54.04761,-23.86972],[-54.04791,-23.8721],[-54.04784,-23.87296],[-54.04908,-23.87733],[-54.04951,-23.8821],[-54.04989,-23.88314],[-54.05018,-23.88577],[-54.05064,-23.88819],[-54.05125,-23.8899],[-54.05167,-23.89247],[-54.05195,-23.89318],[-54.05178,-23.8949],[-54.05187,-23.89881],[-54.05143,-23.90197],[-54.0497,-23.90592],[-54.04854,-23.90723],[-54.04774,-23.90864],[-54.04607,-23.91034],[-54.04556,-23.91111],[-54.0428,-23.91294],[-54.03944,-23.91568],[-54.0373,-23.91768],[-54.03579,-23.91957],[-54.0349,-23.9213],[-54.03358,-23.923],[-54.03289,-23.92645],[-54.03287,-23.92793],[-54.03354,-23.93208],[-54.03403,-23.93331],[-54.03427,-23.93459],[-54.03441,-23.93629],[-54.03389,-23.93896],[-54.03342,-23.93972],[-54.03343,-23.94169],[-54.03405,-23.94314],[-54.03575,-23.94489],[-54.03645,-23.94601],[-54.03669,-23.94888],[-54.03744,-23.95343],[-54.03862,-23.95636],[-54.03963,-23.9581],[-54.0406,-23.9593],[-54.0407,-23.95963],[-54.04119,-23.95985],[-54.04316,-23.96296],[-54.04404,-23.96387],[-54.04643,-23.96695],[-54.04954,-23.96957],[-54.05024,-23.97039],[-54.05042,-23.97085],[-54.05223,-23.97205],[-54.05351,-23.97269],[-54.05873,-23.97485],[-54.06028,-23.97577],[-54.06078,-23.97657],[-54.06512,-23.97875],[-54.07041,-23.98384],[-54.07131,-23.98446],[-54.07479,-23.98802],[-54.07524,-23.98823],[-54.07562,-23.98865],[-54.07595,-23.98869],[-54.07646,-23.98904],[-54.07675,-23.98942],[-54.07849,-23.99041],[-54.07863,-23.99097],[-54.07964,-23.99218],[-54.08058,-23.99314],[-54.08108,-23.99344],[-54.08141,-23.99412],[-54.08282,-23.9956],[-54.08303,-23.99564],[-54.08311,-23.99595],[-54.08407,-23.99667],[-54.0927,-24.00147],[-54.09717,-24.00661],[-54.0976,-24.00677],[-54.09855,-24.00807],[-54.09906,-24.00823],[-54.09925,-24.00853],[-54.10091,-24.01266],[-54.10101,-24.01345],[-54.10165,-24.0149],[-54.10207,-24.01677],[-54.10251,-24.01706],[-54.10318,-24.01816],[-54.10433,-24.02105],[-54.10503,-24.02401],[-54.10655,-24.02638],[-54.10826,-24.02827],[-54.10992,-24.02965],[-54.11142,-24.03135],[-54.11421,-24.03407],[-54.11751,-24.037],[-54.12015,-24.03884],[-54.12067,-24.03894],[-54.12289,-24.04026],[-54.1267,-24.04173],[-54.1306,-24.0426],[-54.13416,-24.0429],[-54.1366,-24.04338],[-54.14086,-24.04459],[-54.14236,-24.04522],[-54.14345,-24.04589],[-54.14669,-24.04833],[-54.14889,-24.04969],[-54.15288,-24.05124],[-54.15486,-24.05182],[-54.15659,-24.0521],[-54.1584,-24.05206],[-54.16116,-24.05232],[-54.16428,-24.05288],[-54.165,-24.05287],[-54.1653,-24.0526],[-54.16695,-24.05251],[-54.16791,-24.05264],[-54.16946,-24.05247],[-54.17032,-24.05197],[-54.17057,-24.05209],[-54.17106,-24.05202],[-54.17336,-24.05242],[-54.17346,-24.05231],[-54.1745,-24.05263],[-54.17503,-24.0526],[-54.18221,-24.05405],[-54.1836,-24.05463],[-54.18542,-24.0559],[-54.18817,-24.05868],[-54.18927,-24.06022],[-54.18982,-24.06074],[-54.19035,-24.0611],[-54.19154,-24.06143],[-54.19412,-24.06132],[-54.1949,-24.06112],[-54.19845,-24.05974],[-54.20033,-24.0586],[-54.20771,-24.0567],[-54.21107,-24.05614],[-54.21219,-24.05621],[-54.21556,-24.05591],[-54.21907,-24.05512],[-54.22262,-24.05385],[-54.22764,-24.05126],[-54.23017,-24.05039],[-54.23236,-24.04935],[-54.23255,-24.04921],[-54.23242,-24.049],[-54.23125,-24.04862],[-54.23011,-24.04803],[-54.22917,-24.04726],[-54.22732,-24.04642],[-54.22647,-24.0456],[-54.22341,-24.04377],[-54.22238,-24.0429],[-54.21958,-24.04101],[-54.21743,-24.03922],[-54.21649,-24.03882],[-54.21434,-24.03701],[-54.213,-24.03626],[-54.21233,-24.0357],[-54.21108,-24.03508],[-54.20924,-24.03343],[-54.20713,-24.03233],[-54.20472,-24.03158],[-54.20307,-24.03087],[-54.20064,-24.02947],[-54.19916,-24.02881],[-54.19768,-24.02783],[-54.19612,-24.0267],[-54.19231,-24.02328],[-54.19092,-24.02161],[-54.18961,-24.01967],[-54.18685,-24.01696],[-54.18525,-24.01585],[-54.18475,-24.01582],[-54.18182,-24.01674],[-54.18044,-24.0165],[-54.17984,-24.01656],[-54.1788,-24.01621],[-54.17649,-24.01589],[-54.1762,-24.01559],[-54.17535,-24.01544],[-54.17459,-24.01503],[-54.17268,-24.01473],[-54.17229,-24.01454],[-54.17206,-24.01422],[-54.17155,-24.01426],[-54.17057,-24.01379],[-54.16712,-24.01275],[-54.16391,-24.01122],[-54.16129,-24.00967],[-54.15952,-24.00812],[-54.15841,-24.0067],[-54.15617,-24.0015],[-54.15444,-23.99815],[-54.1544,-23.99777],[-54.1541,-23.99749],[-54.15386,-23.99673],[-54.15336,-23.99593],[-54.15264,-23.99517],[-54.15195,-23.99471],[-54.15018,-23.99406],[-54.14946,-23.9942],[-54.1478,-23.99379],[-54.14332,-23.99351],[-54.13817,-23.99201],[-54.13343,-23.99152],[-54.12967,-23.99054],[-54.12655,-23.98934],[-54.12462,-23.98826],[-54.12373,-23.98755],[-54.12236,-23.98609],[-54.11961,-23.98228],[-54.11808,-23.98051],[-54.11696,-23.9795],[-54.11609,-23.97904],[-54.11342,-23.9769],[-54.11176,-23.97608],[-54.10646,-23.97508],[-54.10475,-23.97502],[-54.10334,-23.97478],[-54.0956,-23.97282],[-54.0939,-23.97218],[-54.09042,-23.97015],[-54.08804,-23.96834],[-54.08724,-23.96759],[-54.08643,-23.96648],[-54.08558,-23.96466],[-54.08461,-23.96203],[-54.08437,-23.96077],[-54.08427,-23.95972],[-54.08454,-23.95697],[-54.08497,-23.95482],[-54.08689,-23.94862],[-54.08738,-23.94495],[-54.08745,-23.94173],[-54.08772,-23.93984],[-54.08814,-23.93868],[-54.08864,-23.93803],[-54.08961,-23.93498],[-54.08986,-23.93363],[-54.08977,-23.93192],[-54.08899,-23.92981],[-54.08609,-23.92557],[-54.08432,-23.92005],[-54.08384,-23.91828],[-54.08336,-23.91548],[-54.08336,-23.91388],[-54.08297,-23.91171],[-54.08259,-23.9103],[-54.08138,-23.90819],[-54.08102,-23.9071],[-54.0812,-23.90493],[-54.08071,-23.90194],[-54.08008,-23.90094],[-54.079,-23.90059],[-54.07799,-23.89996],[-54.07549,-23.89711],[-54.07468,-23.89646],[-54.074,-23.89552],[-54.07256,-23.89266],[-54.07187,-23.89181],[-54.07107,-23.89017],[-54.07065,-23.88848],[-54.07058,-23.88619],[-54.0709,-23.88412],[-54.07251,-23.877],[-54.07449,-23.87244],[-54.07714,-23.8691],[-54.0781,-23.86755],[-54.07962,-23.86226],[-54.08036,-23.8607],[-54.08166,-23.85878],[-54.08186,-23.85785],[-54.08191,-23.85615],[-54.08179,-23.85561],[-54.08126,-23.85381],[-54.0808,-23.85306],[-54.079,-23.85169],[-54.07776,-23.85133],[-54.07621,-23.8504],[-54.07517,-23.84949],[-54.07422,-23.84815],[-54.07379,-23.84709],[-54.07335,-23.84484],[-54.07317,-23.84478],[-54.07325,-23.84433],[-54.07311,-23.84424],[-54.07274,-23.84128],[-54.07267,-23.83856],[-54.0725,-23.83816],[-54.0715,-23.83706],[-54.07057,-23.83509],[-54.07007,-23.8337],[-54.06967,-23.83152],[-54.06972,-23.83014],[-54.07002,-23.82831],[-54.07112,-23.82536],[-54.07476,-23.8207],[-54.0763,-23.81789],[-54.07684,-23.81627],[-54.07682,-23.81566],[-54.07592,-23.8125],[-54.07453,-23.809],[-54.07416,-23.80685],[-54.0743,-23.80201],[-54.07575,-23.79734],[-54.0763,-23.79458],[-54.07598,-23.79132],[-54.07548,-23.78959],[-54.07549,-23.78736],[-54.07416,-23.78467],[-54.07315,-23.78324],[-54.07211,-23.78124],[-54.07072,-23.77804],[-54.07042,-23.7764],[-54.06989,-23.77524],[-54.06981,-23.7745],[-54.06876,-23.77133],[-54.06831,-23.77082],[-54.06808,-23.76976],[-54.06672,-23.76641],[-54.06602,-23.76401],[-54.06454,-23.76022],[-54.0639,-23.75701],[-54.06351,-23.75266],[-54.0622,-23.7495],[-54.06157,-23.74872],[-54.06078,-23.74815],[-54.05816,-23.74719],[-54.05613,-23.74621],[-54.05122,-23.74326],[-54.04958,-23.74162],[-54.04678,-23.73768],[-54.04578,-23.73687],[-54.04477,-23.7356],[-54.04296,-23.73266],[-54.04237,-23.73082],[-54.04161,-23.72678],[-54.04194,-23.72324],[-54.0422,-23.72123],[-54.04302,-23.71854],[-54.04421,-23.71321],[-54.04458,-23.70917],[-54.04434,-23.7081],[-54.04388,-23.7073],[-54.04261,-23.70608],[-54.04061,-23.70245],[-54.04009,-23.70133],[-54.03894,-23.69744],[-54.03835,-23.69241],[-54.03901,-23.68605],[-54.03934,-23.68454],[-54.03923,-23.68036],[-54.03844,-23.67606],[-54.03737,-23.67328],[-54.03621,-23.67142],[-54.03493,-23.67013],[-54.03315,-23.66711],[-54.03205,-23.66556],[-54.03086,-23.6642],[-54.02615,-23.66001],[-54.02445,-23.65733],[-54.0237,-23.65529],[-54.02307,-23.65119],[-54.02323,-23.64584],[-54.023,-23.63474],[-54.02215,-23.63113],[-54.02183,-23.62864],[-54.02171,-23.62582],[-54.02113,-23.62302],[-54.02137,-23.6221],[-54.02118,-23.62048],[-54.01991,-23.61803],[-54.01585,-23.61367],[-54.01535,-23.61257],[-54.01429,-23.6115],[-54.01093,-23.60502],[-54.00961,-23.60189],[-54.00904,-23.59942],[-54.00659,-23.59224],[-54.00584,-23.5893],[-54.00482,-23.58696],[-54.00438,-23.58521],[-54.00378,-23.58432],[-54.00249,-23.57825],[-54.00215,-23.57525],[-54.00237,-23.57453],[-54.0024,-23.57245],[-54.00199,-23.57132],[-54.00101,-23.56648],[-54.0004,-23.56543],[-53.99983,-23.56359],[-53.99891,-23.56246],[-53.99797,-23.56036],[-53.99745,-23.5579],[-53.9972,-23.55536],[-53.99685,-23.55405],[-53.99701,-23.5457],[-53.99755,-23.54178],[-53.99839,-23.53804],[-53.99948,-23.53122],[-53.99927,-23.52861],[-53.99847,-23.52593],[-53.99821,-23.52307],[-53.99772,-23.52187],[-53.99764,-23.52026],[-53.99804,-23.51559],[-53.99799,-23.51151],[-53.99771,-23.50976],[-53.99654,-23.50774],[-53.99526,-23.50619],[-53.99408,-23.50525],[-53.99342,-23.50501],[-53.99314,-23.50445],[-53.99151,-23.50308],[-53.99088,-23.50177],[-53.99005,-23.50052],[-53.98705,-23.49328],[-53.98531,-23.49034],[-53.98478,-23.48891],[-53.98376,-23.48736],[-53.98351,-23.48589],[-53.98252,-23.48358],[-53.98188,-23.48084],[-53.98163,-23.47862],[-53.98159,-23.47472],[-53.98081,-23.46905],[-53.98005,-23.46725],[-53.97921,-23.46407],[-53.97856,-23.46262],[-53.97757,-23.46128],[-53.97715,-23.46032],[-53.9737,-23.45639],[-53.97024,-23.45379],[-53.96581,-23.4511],[-53.96046,-23.44744],[-53.95862,-23.44652],[-53.95598,-23.44556],[-53.95335,-23.44516],[-53.95245,-23.44564],[-53.94894,-23.44864],[-53.94816,-23.44964],[-53.94657,-23.45105],[-53.94639,-23.45153],[-53.94431,-23.45343],[-53.94365,-23.45373],[-53.94131,-23.45428],[-53.93923,-23.45425],[-53.93752,-23.45402],[-53.93416,-23.45298],[-53.93272,-23.45239],[-53.93136,-23.4516],[-53.92965,-23.45041],[-53.92833,-23.44921],[-53.92451,-23.44624],[-53.92266,-23.44557],[-53.92044,-23.44517],[-53.91923,-23.44468],[-53.91759,-23.44433],[-53.91605,-23.44367],[-53.91208,-23.44141],[-53.90946,-23.44033],[-53.90761,-23.43906],[-53.90703,-23.43838],[-53.90455,-23.43689],[-53.90175,-23.43641],[-53.8996,-23.43631],[-53.89494,-23.43666],[-53.89235,-23.43706],[-53.88966,-23.43663],[-53.88723,-23.43586],[-53.88424,-23.43443],[-53.88376,-23.4339],[-53.88277,-23.43346],[-53.88074,-23.43214],[-53.87773,-23.42946],[-53.87608,-23.42828],[-53.87272,-23.42643],[-53.8721,-23.42632],[-53.87145,-23.42593],[-53.86982,-23.42536],[-53.86825,-23.4245],[-53.86715,-23.42364],[-53.86573,-23.42165],[-53.86429,-23.4207],[-53.86231,-23.4187],[-53.86137,-23.41813],[-53.85916,-23.41714],[-53.85543,-23.41592],[-53.85141,-23.41401],[-53.8481,-23.41305],[-53.8445,-23.41033],[-53.84293,-23.40975],[-53.84116,-23.40876],[-53.83855,-23.40669],[-53.83708,-23.40529],[-53.83362,-23.40308],[-53.832,-23.40183],[-53.83078,-23.40055],[-53.82903,-23.39943],[-53.82606,-23.39787],[-53.82443,-23.39672],[-53.82195,-23.39539],[-53.81797,-23.39359],[-53.81496,-23.39187],[-53.81449,-23.39188],[-53.81166,-23.39118],[-53.81157,-23.39168],[-53.81342,-23.39475]]],[[[-54.06179,-23.72768],[-54.0627,-23.72344],[-54.0627,-23.72258],[-54.06223,-23.72125],[-54.06182,-23.71902],[-54.0617,-23.71749],[-54.06102,-23.71617],[-54.06057,-23.7157],[-54.06002,-23.71554],[-54.05905,-23.71625],[-54.05838,-23.71741],[-54.05807,-23.71842],[-54.05797,-23.72091],[-54.05808,-23.72215],[-54.0582,-23.72305],[-54.05865,-23.72335],[-54.05996,-23.72598],[-54.06054,-23.72671],[-54.0611,-23.72853],[-54.06126,-23.7286],[-54.06179,-23.72768]]],[[[-54.05642,-23.71908],[-54.05634,-23.71647],[-54.05582,-23.71453],[-54.05549,-23.71482],[-54.05548,-23.7153],[-54.05592,-23.71878],[-54.05579,-23.71973],[-54.05601,-23.72016],[-54.05621,-23.72006],[-54.05642,-23.71908]]],[[[-54.04238,-23.69938],[-54.04191,-23.698],[-54.04178,-23.6981],[-54.0419,-23.69898],[-54.04254,-23.70071],[-54.04238,-23.69938]]],[[[-54.06097,-23.69091],[-54.06058,-23.69165],[-54.06058,-23.6922],[-54.06098,-23.69193],[-54.0612,-23.69155],[-54.06105,-23.69127],[-54.06114,-23.6911],[-54.06097,-23.69091]]],[[[-54.05066,-23.66178],[-54.05164,-23.66386],[-54.05166,-23.66418],[-54.05342,-23.66625],[-54.05341,-23.66652],[-54.05373,-23.6668],[-54.05402,-23.6675],[-54.05529,-23.66912],[-54.05535,-23.66949],[-54.05586,-23.67008],[-54.05668,-23.67202],[-54.05692,-23.67223],[-54.05682,-23.67256],[-54.05707,-23.67282],[-54.05761,-23.67448],[-54.05786,-23.67642],[-54.05799,-23.67697],[-54.05823,-23.6772],[-54.05821,-23.67759],[-54.05862,-23.67834],[-54.05865,-23.67901],[-54.05962,-23.6806],[-54.06006,-23.68165],[-54.06009,-23.68278],[-54.06093,-23.68288],[-54.06169,-23.682],[-54.06164,-23.68117],[-54.06199,-23.68028],[-54.0621,-23.67894],[-54.06206,-23.67777],[-54.06247,-23.67217],[-54.0625,-23.67197],[-54.06301,-23.67146],[-54.06304,-23.67114],[-54.06258,-23.66948],[-54.06229,-23.66895],[-54.06183,-23.66879],[-54.06186,-23.66793],[-54.06156,-23.66696],[-54.0606,-23.66612],[-54.06046,-23.66581],[-54.05963,-23.66567],[-54.05801,-23.665],[-54.05543,-23.66354],[-54.05416,-23.66182],[-54.05321,-23.66112],[-54.05285,-23.66112],[-54.05232,-23.66047],[-54.05166,-23.66008],[-54.04986,-23.65957],[-54.04963,-23.65975],[-54.04987,-23.66069],[-54.05066,-23.66178]]],[[[-54.02857,-23.65933],[-54.02757,-23.6576],[-54.02689,-23.65577],[-54.02644,-23.65527],[-54.02611,-23.65445],[-54.02598,-23.65449],[-54.02589,-23.65582],[-54.02635,-23.65718],[-54.02752,-23.65884],[-54.02806,-23.65924],[-54.02857,-23.65933]]],[[[-54.03978,-23.63468],[-54.04277,-23.63194],[-54.0437,-23.63166],[-54.04425,-23.63096],[-54.04493,-23.62896],[-54.04547,-23.62635],[-54.04542,-23.62306],[-54.0448,-23.62109],[-54.04446,-23.61852],[-54.0432,-23.61474],[-54.04345,-23.61431],[-54.04342,-23.61405],[-54.04286,-23.61339],[-54.04201,-23.61304],[-54.04181,-23.61323],[-54.04177,-23.61446],[-54.04234,-23.61787],[-54.04234,-23.61868],[-54.04191,-23.62029],[-54.04132,-23.62161],[-54.04095,-23.62367],[-54.04094,-23.62565],[-54.04051,-23.62695],[-54.04043,-23.62822],[-54.04014,-23.6292],[-54.04019,-23.63111],[-54.03978,-23.63468]]],[[[-54.03563,-23.61702],[-54.03484,-23.6179],[-54.03473,-23.61863],[-54.0349,-23.61954],[-54.03551,-23.62096],[-54.03644,-23.62407],[-54.03648,-23.62495],[-54.03724,-23.62859],[-54.03712,-23.63052],[-54.0375,-23.63078],[-54.03831,-23.62912],[-54.0387,-23.62774],[-54.03887,-23.62613],[-54.03887,-23.62275],[-54.03956,-23.62197],[-54.03953,-23.62092],[-54.0401,-23.62022],[-54.04007,-23.61995],[-54.03975,-23.61967],[-54.03897,-23.6181],[-54.03897,-23.61539],[-54.03863,-23.614],[-54.03826,-23.61393],[-54.03674,-23.61584],[-54.03647,-23.61647],[-54.03563,-23.61702]]],[[[-54.03326,-23.61263],[-54.03363,-23.61424],[-54.0335,-23.61449],[-54.03384,-23.61461],[-54.03423,-23.6159],[-54.03453,-23.61614],[-54.03517,-23.61563],[-54.03611,-23.61441],[-54.03643,-23.61365],[-54.03673,-23.61184],[-54.03637,-23.60767],[-54.03599,-23.60583],[-54.03547,-23.60491],[-54.03412,-23.60379],[-54.03395,-23.6038],[-54.03351,-23.60463],[-54.03264,-23.60685],[-54.03241,-23.60759],[-54.03239,-23.60872],[-54.03222,-23.60901],[-54.03251,-23.61001],[-54.03248,-23.61087],[-54.03269,-23.61106],[-54.0326,-23.61124],[-54.03289,-23.61212],[-54.03326,-23.61263]]],[[[-54.02657,-23.60528],[-54.02613,-23.60422],[-54.0259,-23.60427],[-54.02603,-23.60486],[-54.02645,-23.60544],[-54.02657,-23.60528]]],[[[-54.02848,-23.60686],[-54.02903,-23.60314],[-54.02893,-23.60127],[-54.02851,-23.60027],[-54.02862,-23.59949],[-54.02819,-23.59418],[-54.02784,-23.59264],[-54.02744,-23.59137],[-54.0269,-23.59071],[-54.02548,-23.58917],[-54.02494,-23.58924],[-54.02467,-23.58936],[-54.02409,-23.59016],[-54.02373,-23.59179],[-54.02448,-23.59441],[-54.0258,-23.59761],[-54.02572,-23.59798],[-54.02591,-23.599],[-54.02686,-23.60174],[-54.02746,-23.60407],[-54.02756,-23.60506],[-54.02848,-23.60686]]],[[[-54.03531,-23.60107],[-54.03728,-23.59633],[-54.03738,-23.59556],[-54.0374,-23.59252],[-54.03694,-23.59057],[-54.03628,-23.58901],[-54.03468,-23.587],[-54.03375,-23.58612],[-54.03301,-23.58566],[-54.03213,-23.58535],[-54.03226,-23.58647],[-54.03248,-23.58678],[-54.03293,-23.59114],[-54.03329,-23.59238],[-54.03293,-23.59403],[-54.0332,-23.5949],[-54.03323,-23.59688],[-54.03357,-23.59833],[-54.03515,-23.60105],[-54.03531,-23.60107]]],[[[-54.02401,-23.60933],[-54.02221,-23.60374],[-54.02185,-23.60135],[-54.02027,-23.59672],[-54.02016,-23.59426],[-54.01984,-23.5934],[-54.01961,-23.59186],[-54.01979,-23.58463],[-54.0191,-23.58119],[-54.01859,-23.57956],[-54.0174,-23.57676],[-54.01623,-23.57503],[-54.01213,-23.57048],[-54.01114,-23.56997],[-54.01076,-23.57005],[-54.00945,-23.57229],[-54.00928,-23.57358],[-54.00947,-23.57648],[-54.00961,-23.57752],[-54.00985,-23.57798],[-54.00974,-23.57841],[-54.01004,-23.57969],[-54.00995,-23.58056],[-54.01019,-23.5808],[-54.01033,-23.5818],[-54.01114,-23.5834],[-54.01123,-23.5839],[-54.01414,-23.58903],[-54.01464,-23.59038],[-54.01486,-23.59167],[-54.01641,-23.59486],[-54.01686,-23.59546],[-54.019,-23.60079],[-54.0193,-23.60204],[-54.0192,-23.60219],[-54.02033,-23.60614],[-54.02233,-23.60893],[-54.02421,-23.61094],[-54.02531,-23.61167],[-54.02571,-23.61212],[-54.02614,-23.61219],[-54.02609,-23.61176],[-54.02565,-23.61116],[-54.02401,-23.60933]]],[[[-54.00168,-23.55011],[-54.00099,-23.54632],[-54.0006,-23.54618],[-54.00032,-23.5467],[-54.00036,-23.54781],[-54.00052,-23.54843],[-54.0008,-23.54881],[-54.00078,-23.54978],[-54.0011,-23.55008],[-54.00124,-23.55083],[-54.00149,-23.55103],[-54.00168,-23.55011]]],[[[-54.01462,-23.54358],[-54.01447,-23.54583],[-54.01479,-23.54623],[-54.01631,-23.5452],[-54.01712,-23.54419],[-54.01744,-23.54324],[-54.01736,-23.543],[-54.01755,-23.54295],[-54.01769,-23.54236],[-54.01758,-23.54126],[-54.01773,-23.54094],[-54.01748,-23.54009],[-54.01724,-23.54007],[-54.01634,-23.54113],[-54.015,-23.54231],[-54.01462,-23.54358]]],[[[-54.01989,-23.53482],[-54.0195,-23.53718],[-54.01961,-23.53793],[-54.02094,-23.53546],[-54.02083,-23.5345],[-54.02055,-23.53437],[-54.02017,-23.53457],[-54.01989,-23.53482]]],[[[-54.01198,-23.51817],[-54.01413,-23.52529],[-54.01452,-23.52739],[-54.01457,-23.52856],[-54.01427,-23.53119],[-54.0144,-23.53145],[-54.01401,-23.53255],[-54.01378,-23.5339],[-54.01351,-23.5344],[-54.01339,-23.53591],[-54.01364,-23.53825],[-54.01433,-23.54107],[-54.01431,-23.54159],[-54.0161,-23.53966],[-54.01698,-23.53815],[-54.01743,-23.53686],[-54.01801,-23.53362],[-54.01844,-23.53221],[-54.01863,-23.52682],[-54.01859,-23.5256],[-54.01837,-23.52486],[-54.01839,-23.52385],[-54.01825,-23.5235],[-54.01826,-23.52152],[-54.01808,-23.52061],[-54.01822,-23.5201],[-54.01764,-23.51731],[-54.01779,-23.51705],[-54.01781,-23.51621],[-54.0163,-23.51156],[-54.01382,-23.50599],[-54.01272,-23.50494],[-54.01121,-23.50428],[-54.01105,-23.50455],[-54.01127,-23.50511],[-54.01133,-23.50595],[-54.01057,-23.50953],[-54.01079,-23.51009],[-54.01119,-23.51257],[-54.01143,-23.51588],[-54.01168,-23.51705],[-54.01197,-23.51755],[-54.01198,-23.51817]]],[[[-54.01106,-23.51393],[-54.01096,-23.51425],[-54.01118,-23.51478],[-54.01118,-23.5141],[-54.01106,-23.51393]]],[[[-53.99573,-23.78251],[-53.9988,-23.78615],[-53.999,-23.78659],[-53.9995,-23.7869],[-53.99922,-23.78563],[-53.99767,-23.78197],[-53.99749,-23.78049],[-53.997,-23.77927],[-53.99646,-23.77653],[-53.99616,-23.77597],[-53.9947,-23.77494],[-53.99432,-23.77451],[-53.99386,-23.77437],[-53.99344,-23.77606],[-53.99359,-23.77798],[-53.99386,-23.77905],[-53.99573,-23.78251]]],[[[-53.99656,-23.77556],[-53.99611,-23.77293],[-53.99536,-23.77075],[-53.99476,-23.77011],[-53.99421,-23.76993],[-53.99402,-23.77054],[-53.99422,-23.77293],[-53.99466,-23.77403],[-53.99642,-23.7756],[-53.99656,-23.77556]]],[[[-53.99468,-23.76753],[-53.99261,-23.76167],[-53.99194,-23.76042],[-53.99093,-23.75955],[-53.99017,-23.75841],[-53.98967,-23.75829],[-53.98954,-23.75869],[-53.98979,-23.75962],[-53.99042,-23.76103],[-53.99284,-23.7651],[-53.99468,-23.76753]]],[[[-53.99283,-23.75947],[-53.99265,-23.75965],[-53.99287,-23.76018],[-53.99318,-23.76029],[-53.99321,-23.76],[-53.99283,-23.75947]]],[[[-53.98802,-23.75444],[-53.98695,-23.75091],[-53.98663,-23.7508],[-53.9865,-23.75112],[-53.9867,-23.75192],[-53.98725,-23.75334],[-53.98793,-23.75454],[-53.98802,-23.75444]]],[[[-53.98614,-23.74744],[-53.9854,-23.74456],[-53.98196,-23.73889],[-53.98177,-23.7389],[-53.98186,-23.74039],[-53.98298,-23.74248],[-53.98384,-23.74453],[-53.98427,-23.745],[-53.98513,-23.74713],[-53.98577,-23.74822],[-53.98605,-23.74914],[-53.98635,-23.74931],[-53.98614,-23.74744]]],[[[-53.98066,-23.74008],[-53.979,-23.73417],[-53.97752,-23.73164],[-53.97662,-23.73088],[-53.97604,-23.73095],[-53.97576,-23.73122],[-53.97577,-23.73176],[-53.97602,-23.73307],[-53.9766,-23.73422],[-53.97738,-23.7357],[-53.97908,-23.7379],[-53.98046,-23.74012],[-53.98066,-23.74008]]],[[[-53.97977,-23.72834],[-53.97886,-23.72622],[-53.97609,-23.7219],[-53.97518,-23.71995],[-53.97375,-23.71592],[-53.97297,-23.71423],[-53.97031,-23.71145],[-53.96902,-23.71031],[-53.96883,-23.71031],[-53.96829,-23.71095],[-53.96831,-23.71158],[-53.96855,-23.71366],[-53.96907,-23.7152],[-53.97183,-23.71836],[-53.9738,-23.72114],[-53.97718,-23.72809],[-53.98033,-23.73292],[-53.98049,-23.73289],[-53.98029,-23.73119],[-53.97977,-23.72834]]],[[[-53.96266,-23.71168],[-53.96592,-23.714],[-53.96641,-23.71422],[-53.96653,-23.71412],[-53.96624,-23.71345],[-53.96605,-23.71221],[-53.96449,-23.70755],[-53.96377,-23.70614],[-53.96214,-23.70366],[-53.96097,-23.7022],[-53.96047,-23.70115],[-53.95965,-23.70035],[-53.95941,-23.70039],[-53.95945,-23.70314],[-53.95962,-23.70353],[-53.95994,-23.70665],[-53.9608,-23.7092],[-53.96214,-23.71116],[-53.96266,-23.71168]]],[[[-53.96175,-23.69364],[-53.96157,-23.69212],[-53.96125,-23.69192],[-53.96118,-23.69279],[-53.96154,-23.69379],[-53.96175,-23.69364]]],[[[-53.96023,-23.6926],[-53.95992,-23.69232],[-53.9598,-23.69241],[-53.95989,-23.69303],[-53.96013,-23.69334],[-53.96027,-23.69312],[-53.96023,-23.6926]]],[[[-53.95814,-23.6877],[-53.95828,-23.6843],[-53.95781,-23.68267],[-53.95748,-23.67967],[-53.95692,-23.67775],[-53.95656,-23.67572],[-53.95643,-23.67546],[-53.9559,-23.67524],[-53.95544,-23.67593],[-53.95541,-23.67748],[-53.95572,-23.6798],[-53.95574,-23.68166],[-53.95717,-23.68677],[-53.95791,-23.68835],[-53.95814,-23.6877]]],[[[-53.83984,-23.43308],[-53.84207,-23.43331],[-53.84337,-23.43386],[-53.84481,-23.43386],[-53.84674,-23.43329],[-53.84716,-23.43334],[-53.84802,-23.43373],[-53.84847,-23.43488],[-53.84933,-23.43639],[-53.85001,-23.43851],[-53.84947,-23.44296],[-53.84966,-23.44493],[-53.84951,-23.44612],[-53.84886,-23.44772],[-53.84891,-23.45001],[-53.84918,-23.45111],[-53.84797,-23.45165],[-53.8481,-23.45298],[-53.84748,-23.45386],[-53.84744,-23.45418],[-53.84837,-23.45594],[-53.84902,-23.45799],[-53.85346,-23.46229],[-53.85462,-23.46394],[-53.85473,-23.46471],[-53.85463,-23.46509],[-53.85442,-23.4658],[-53.85376,-23.46696],[-53.85329,-23.46892],[-53.85352,-23.47191],[-53.85401,-23.47356],[-53.8542,-23.47486],[-53.85404,-23.47867],[-53.85455,-23.48062],[-53.85524,-23.48157],[-53.85591,-23.48207],[-53.85703,-23.48486],[-53.85712,-23.48724],[-53.85693,-23.49195],[-53.85753,-23.49291],[-53.85958,-23.4934],[-53.86027,-23.49372],[-53.86286,-23.49622],[-53.86332,-23.49875],[-53.8658,-23.50393],[-53.86744,-23.50852],[-53.86731,-23.51015],[-53.86641,-23.51393],[-53.86581,-23.51479],[-53.86651,-23.51597],[-53.86892,-23.51771],[-53.87089,-23.52015],[-53.87135,-23.52168],[-53.87133,-23.52279],[-53.8715,-23.5235],[-53.8728,-23.52492],[-53.87336,-23.52605],[-53.87336,-23.52752],[-53.87103,-23.53024],[-53.87105,-23.5305],[-53.87193,-23.53116],[-53.87602,-23.53696],[-53.87616,-23.53771],[-53.87611,-23.53858],[-53.87651,-23.53925],[-53.87977,-23.5414],[-53.88022,-23.54211],[-53.88095,-23.54433],[-53.8811,-23.54564],[-53.88141,-23.54658],[-53.8816,-23.54887],[-53.88111,-23.55083],[-53.88052,-23.5517],[-53.88038,-23.55226],[-53.87926,-23.55299],[-53.87925,-23.55328],[-53.88023,-23.55305],[-53.88142,-23.553],[-53.88205,-23.55326],[-53.8835,-23.55549],[-53.88588,-23.55842],[-53.88617,-23.55898],[-53.88635,-23.5603],[-53.88744,-23.56133],[-53.88755,-23.56224],[-53.88719,-23.56575],[-53.88669,-23.56854],[-53.8868,-23.56956],[-53.88717,-23.57005],[-53.88667,-23.57067],[-53.88697,-23.57151],[-53.88778,-23.57602],[-53.88856,-23.57852],[-53.88453,-23.58191],[-53.88453,-23.58207],[-53.88487,-23.58236],[-53.88841,-23.58349],[-53.89126,-23.58635],[-53.89391,-23.59022],[-53.89522,-23.59245],[-53.89589,-23.59413],[-53.89661,-23.59798],[-53.89658,-23.60096],[-53.89684,-23.60232],[-53.89919,-23.60643],[-53.90075,-23.60877],[-53.90223,-23.61047],[-53.90353,-23.61367],[-53.90398,-23.61437],[-53.90711,-23.61783],[-53.90763,-23.61964],[-53.90846,-23.62113],[-53.90943,-23.62369],[-53.9095,-23.62464],[-53.90926,-23.62556],[-53.90894,-23.62604],[-53.9097,-23.62649],[-53.91118,-23.62895],[-53.91256,-23.63074],[-53.91329,-23.63144],[-53.91399,-23.63249],[-53.91621,-23.63443],[-53.91636,-23.63475],[-53.91663,-23.63683],[-53.91764,-23.63905],[-53.91804,-23.64149],[-53.91894,-23.64323],[-53.91906,-23.64507],[-53.91879,-23.64761],[-53.91922,-23.64816],[-53.91926,-23.64859],[-53.91915,-23.64897],[-53.91863,-23.64957],[-53.91612,-23.65176],[-53.91611,-23.65208],[-53.91635,-23.65252],[-53.91588,-23.65366],[-53.91624,-23.65444],[-53.91611,-23.65511],[-53.91677,-23.65594],[-53.91703,-23.65676],[-53.91802,-23.65838],[-53.91894,-23.65822],[-53.9196,-23.65918],[-53.9208,-23.66001],[-53.92193,-23.66258],[-53.92319,-23.66382],[-53.92363,-23.66442],[-53.92415,-23.66567],[-53.92445,-23.66593],[-53.92598,-23.67092],[-53.92732,-23.67404],[-53.92806,-23.67803],[-53.92955,-23.67935],[-53.9345,-23.68478],[-53.93507,-23.68725],[-53.9355,-23.6909],[-53.93778,-23.69417],[-53.93894,-23.69854],[-53.93891,-23.70011],[-53.93861,-23.70126],[-53.93882,-23.70144],[-53.93958,-23.7014],[-53.94014,-23.70191],[-53.94094,-23.70493],[-53.94216,-23.70824],[-53.94209,-23.70957],[-53.94221,-23.70993],[-53.94313,-23.71071],[-53.94468,-23.71375],[-53.9446,-23.71533],[-53.94324,-23.71716],[-53.94332,-23.71843],[-53.94469,-23.72125],[-53.9448,-23.7241],[-53.94553,-23.72614],[-53.94645,-23.72768],[-53.947,-23.72923],[-53.94775,-23.73345],[-53.94736,-23.73546],[-53.94779,-23.73665],[-53.94918,-23.73896],[-53.94908,-23.74123],[-53.94921,-23.74243],[-53.95069,-23.74558],[-53.9519,-23.74774],[-53.95199,-23.74884],[-53.95175,-23.74951],[-53.95171,-23.75046],[-53.952,-23.75243],[-53.95322,-23.75354],[-53.95341,-23.75388],[-53.9549,-23.75823],[-53.95443,-23.76109],[-53.95409,-23.76186],[-53.95357,-23.76235],[-53.95355,-23.76263],[-53.95388,-23.76272],[-53.95435,-23.7626],[-53.95491,-23.76227],[-53.95529,-23.76237],[-53.95603,-23.76295],[-53.95654,-23.76363],[-53.95662,-23.76433],[-53.95686,-23.76482],[-53.9575,-23.76561],[-53.95851,-23.76644],[-53.95891,-23.76746],[-53.96033,-23.76888],[-53.96064,-23.76959],[-53.96065,-23.77001],[-53.96006,-23.77156],[-53.96065,-23.77197],[-53.96328,-23.77528],[-53.96607,-23.78209],[-53.9655,-23.78517],[-53.9674,-23.7902],[-53.96793,-23.79241],[-53.96823,-23.79299],[-53.96868,-23.79466],[-53.96877,-23.7976],[-53.9681,-23.80182],[-53.96562,-23.80459],[-53.96558,-23.80525],[-53.96599,-23.80576],[-53.96741,-23.80574],[-53.96778,-23.80631],[-53.96853,-23.80662],[-53.96959,-23.80828],[-53.97063,-23.80937],[-53.97217,-23.81037],[-53.97324,-23.81158],[-53.97426,-23.81347],[-53.97599,-23.81787],[-53.97721,-23.82004],[-53.97828,-23.82158],[-53.97927,-23.82404],[-53.98108,-23.82742],[-53.98064,-23.82871],[-53.9799,-23.82943],[-53.97977,-23.83008],[-53.98019,-23.8306],[-53.98113,-23.831],[-53.98311,-23.83284],[-53.98337,-23.83359],[-53.98388,-23.83373],[-53.98477,-23.83457],[-53.98531,-23.836],[-53.98597,-23.83705],[-53.98733,-23.84012],[-53.98869,-23.84157],[-53.98923,-23.8425],[-53.99033,-23.84508],[-53.99027,-23.84588],[-53.99166,-23.84761],[-53.99174,-23.84812],[-53.99246,-23.84874],[-53.99271,-23.85047],[-53.99314,-23.85151],[-53.99318,-23.85289],[-53.99352,-23.85362],[-53.99344,-23.85387],[-53.99363,-23.85441],[-53.99338,-23.85492],[-53.99344,-23.85522],[-53.99514,-23.85823],[-53.99562,-23.85949],[-53.99635,-23.86042],[-53.99634,-23.86079],[-53.99669,-23.86125],[-53.99733,-23.8615],[-53.99752,-23.8619],[-53.99777,-23.86311],[-53.99804,-23.86337],[-53.99834,-23.86413],[-53.99834,-23.86471],[-53.99891,-23.86684],[-53.99921,-23.86708],[-53.99949,-23.86795],[-53.99993,-23.86995],[-54.00037,-23.87045],[-54.00103,-23.87182],[-54.00191,-23.87445],[-54.00246,-23.87539],[-54.00289,-23.87703],[-54.00359,-23.87783],[-54.00359,-23.87911],[-54.00378,-23.88007],[-54.00488,-23.88177],[-54.00594,-23.88234],[-54.00529,-23.88288],[-54.00532,-23.88345],[-54.00496,-23.88353],[-54.00471,-23.88407],[-54.00484,-23.88444],[-54.00469,-23.88642],[-54.00499,-23.88757],[-54.00657,-23.89186],[-54.00738,-23.89472],[-54.00849,-23.89627],[-54.00882,-23.89698],[-54.00908,-23.89885],[-54.01072,-23.90167],[-54.01187,-23.90567],[-54.0129,-23.91127],[-54.01444,-23.91503],[-54.01639,-23.92042],[-54.01693,-23.92117],[-54.01791,-23.92321],[-54.01836,-23.92584],[-54.019,-23.92709],[-54.01897,-23.92824],[-54.01942,-23.92892],[-54.01917,-23.9306],[-54.01929,-23.93179],[-54.01963,-23.93217],[-54.0196,-23.93241],[-54.01897,-23.93327],[-54.01888,-23.93367],[-54.01909,-23.93497],[-54.01979,-23.9362],[-54.02068,-23.93726],[-54.02079,-23.93781],[-54.02171,-23.93953],[-54.02191,-23.93966],[-54.02224,-23.93956],[-54.02248,-23.93926],[-54.02316,-23.9392],[-54.02331,-23.93656],[-54.02359,-23.93529],[-54.02546,-23.93121],[-54.02601,-23.92924],[-54.02622,-23.92709],[-54.02703,-23.92505],[-54.02763,-23.92415],[-54.0282,-23.92283],[-54.02907,-23.92028],[-54.03036,-23.91856],[-54.03131,-23.91644],[-54.03244,-23.91447],[-54.03274,-23.91433],[-54.03376,-23.91286],[-54.03485,-23.91062],[-54.03575,-23.90933],[-54.03957,-23.90503],[-54.04042,-23.9036],[-54.04091,-23.90211],[-54.04135,-23.90176],[-54.04274,-23.8984],[-54.04352,-23.89507],[-54.04358,-23.89409],[-54.04302,-23.88603],[-54.04266,-23.88365],[-54.04116,-23.88067],[-54.04049,-23.87711],[-54.04003,-23.87348],[-54.04002,-23.87211],[-54.03922,-23.86913],[-54.03888,-23.86828],[-54.03778,-23.86652],[-54.0356,-23.86446],[-54.03269,-23.86253],[-54.03185,-23.8618],[-54.02732,-23.85928],[-54.02504,-23.85779],[-54.02451,-23.8572],[-54.02317,-23.85631],[-54.02194,-23.85489],[-54.02036,-23.85268],[-54.01867,-23.84987],[-54.01796,-23.84779],[-54.0165,-23.8446],[-54.01604,-23.84307],[-54.01557,-23.84245],[-54.01559,-23.84172],[-54.01499,-23.83974],[-54.01482,-23.83861],[-54.01436,-23.83772],[-54.01439,-23.83728],[-54.01254,-23.83388],[-54.01071,-23.83091],[-54.00887,-23.82675],[-54.00863,-23.82652],[-54.00858,-23.82604],[-54.00792,-23.82475],[-54.00785,-23.82407],[-54.00723,-23.82301],[-54.00725,-23.8227],[-54.00696,-23.82218],[-54.00702,-23.82194],[-54.00669,-23.82135],[-54.00654,-23.82062],[-54.00621,-23.82023],[-54.00625,-23.81999],[-54.00568,-23.8188],[-54.00558,-23.81806],[-54.00504,-23.81717],[-54.00496,-23.81648],[-54.00442,-23.81543],[-54.00385,-23.81326],[-54.00331,-23.81222],[-54.00303,-23.81199],[-54.00226,-23.81025],[-54.00163,-23.80701],[-54.00028,-23.79491],[-53.99999,-23.79415],[-53.9997,-23.79218],[-53.99927,-23.79067],[-53.99825,-23.78818],[-53.99352,-23.78149],[-53.99244,-23.77946],[-53.99204,-23.77804],[-53.99209,-23.77508],[-53.99191,-23.77231],[-53.99117,-23.76897],[-53.99008,-23.76604],[-53.98928,-23.76471],[-53.98887,-23.76436],[-53.98889,-23.76409],[-53.98786,-23.76242],[-53.9877,-23.76178],[-53.98672,-23.75979],[-53.98247,-23.74743],[-53.98125,-23.74489],[-53.9784,-23.73981],[-53.97637,-23.73709],[-53.97482,-23.73455],[-53.97415,-23.73276],[-53.97393,-23.73129],[-53.9734,-23.73034],[-53.97171,-23.72433],[-53.97004,-23.72062],[-53.96942,-23.71997],[-53.96913,-23.7193],[-53.96882,-23.71909],[-53.96888,-23.71897],[-53.96842,-23.71851],[-53.96817,-23.71799],[-53.96719,-23.71689],[-53.96637,-23.7156],[-53.96532,-23.71471],[-53.96289,-23.71337],[-53.96127,-23.7119],[-53.9597,-23.70978],[-53.95916,-23.70849],[-53.95859,-23.70615],[-53.95821,-23.70262],[-53.95791,-23.70175],[-53.95802,-23.70159],[-53.95737,-23.69908],[-53.95715,-23.6987],[-53.9572,-23.6985],[-53.95683,-23.69786],[-53.95593,-23.69341],[-53.95568,-23.69294],[-53.95546,-23.69101],[-53.95382,-23.68632],[-53.95282,-23.68199],[-53.95195,-23.67921],[-53.95164,-23.67753],[-53.95148,-23.67485],[-53.95176,-23.67136],[-53.95204,-23.66995],[-53.95203,-23.66516],[-53.95163,-23.66412],[-53.95123,-23.66367],[-53.95054,-23.66335],[-53.94962,-23.66256],[-53.94907,-23.66156],[-53.94887,-23.66084],[-53.94872,-23.65901],[-53.94843,-23.65818],[-53.94841,-23.65636],[-53.94799,-23.65458],[-53.94819,-23.65353],[-53.94802,-23.65312],[-53.94797,-23.65117],[-53.9474,-23.65004],[-53.94539,-23.64705],[-53.94323,-23.64098],[-53.94251,-23.63953],[-53.94178,-23.63845],[-53.94066,-23.63743],[-53.93963,-23.63612],[-53.93876,-23.63578],[-53.93737,-23.63492],[-53.93581,-23.63373],[-53.93469,-23.63264],[-53.93257,-23.63028],[-53.93008,-23.62706],[-53.92875,-23.62491],[-53.92744,-23.6232],[-53.9238,-23.617],[-53.92289,-23.616],[-53.92288,-23.61578],[-53.92249,-23.6153],[-53.92172,-23.61462],[-53.92029,-23.61234],[-53.92002,-23.61226],[-53.91993,-23.6118],[-53.91918,-23.61069],[-53.91758,-23.60746],[-53.91652,-23.6061],[-53.91527,-23.60388],[-53.91479,-23.60331],[-53.91485,-23.60317],[-53.91382,-23.60124],[-53.91096,-23.59635],[-53.90967,-23.59362],[-53.90622,-23.58247],[-53.90555,-23.58081],[-53.90409,-23.57829],[-53.90313,-23.57593],[-53.9026,-23.57369],[-53.90227,-23.56977],[-53.90268,-23.56487],[-53.90291,-23.56475],[-53.90307,-23.56398],[-53.90292,-23.56362],[-53.90339,-23.56235],[-53.90364,-23.55992],[-53.90414,-23.55793],[-53.90451,-23.55516],[-53.9047,-23.55493],[-53.90473,-23.55364],[-53.90523,-23.55157],[-53.90529,-23.55069],[-53.90482,-23.54753],[-53.90303,-23.54216],[-53.90287,-23.54111],[-53.90272,-23.53932],[-53.90298,-23.53492],[-53.90263,-23.53185],[-53.90265,-23.52976],[-53.9021,-23.52702],[-53.901,-23.52475],[-53.89989,-23.5231],[-53.89917,-23.52168],[-53.89887,-23.5207],[-53.89856,-23.52026],[-53.89794,-23.51799],[-53.89786,-23.51523],[-53.89812,-23.51344],[-53.89798,-23.51268],[-53.89815,-23.51187],[-53.89828,-23.50662],[-53.89797,-23.50308],[-53.89827,-23.50093],[-53.89831,-23.49892],[-53.89777,-23.49763],[-53.89684,-23.49657],[-53.89602,-23.49601],[-53.89514,-23.49514],[-53.89455,-23.4944],[-53.89294,-23.49177],[-53.89178,-23.48928],[-53.89122,-23.4868],[-53.89109,-23.48477],[-53.8908,-23.48325],[-53.89068,-23.4807],[-53.89037,-23.47893],[-53.88934,-23.47625],[-53.88756,-23.47366],[-53.88693,-23.4721],[-53.88672,-23.47108],[-53.88616,-23.46968],[-53.88575,-23.46743],[-53.8851,-23.46594],[-53.88423,-23.46308],[-53.88312,-23.46093],[-53.88064,-23.45839],[-53.87862,-23.45729],[-53.87373,-23.45385],[-53.87239,-23.45351],[-53.87061,-23.45249],[-53.86664,-23.44959],[-53.86503,-23.44871],[-53.86309,-23.44792],[-53.86191,-23.44715],[-53.86066,-23.44588],[-53.85938,-23.44364],[-53.85756,-23.44133],[-53.85618,-23.43918],[-53.85438,-23.43705],[-53.85366,-23.43577],[-53.85269,-23.43451],[-53.85017,-23.43155],[-53.84881,-23.42905],[-53.84788,-23.42804],[-53.84646,-23.42719],[-53.84568,-23.42691],[-53.84426,-23.42657],[-53.83694,-23.42561],[-53.83551,-23.42512],[-53.83421,-23.42447],[-53.83288,-23.42344],[-53.82946,-23.42014],[-53.82837,-23.41826],[-53.82758,-23.41526],[-53.82726,-23.4159],[-53.82724,-23.41648],[-53.828,-23.41928],[-53.82799,-23.42109],[-53.82819,-23.42294],[-53.82967,-23.42468],[-53.83068,-23.42518],[-53.83541,-23.42658],[-53.83622,-23.42821],[-53.83657,-23.42939],[-53.83819,-23.43184],[-53.83984,-23.43308]]],[[[-53.95573,-23.66191],[-53.9559,-23.65902],[-53.95657,-23.65545],[-53.95653,-23.65447],[-53.95606,-23.65219],[-53.95527,-23.65048],[-53.95417,-23.64884],[-53.95348,-23.6482],[-53.9528,-23.64803],[-53.95252,-23.64822],[-53.95222,-23.64973],[-53.95255,-23.65292],[-53.95278,-23.6539],[-53.95265,-23.65505],[-53.95328,-23.65776],[-53.95424,-23.65984],[-53.95542,-23.66166],[-53.95573,-23.66191]]],[[[-53.93843,-23.63301],[-53.93868,-23.63295],[-53.93871,-23.63275],[-53.93773,-23.63139],[-53.93548,-23.62947],[-53.93512,-23.62929],[-53.93473,-23.62933],[-53.93477,-23.62994],[-53.93585,-23.63157],[-53.93632,-23.63172],[-53.93647,-23.63209],[-53.9372,-23.6326],[-53.93779,-23.63291],[-53.93801,-23.63282],[-53.93843,-23.63301]]],[[[-53.93214,-23.61963],[-53.93234,-23.6201],[-53.93442,-23.62302],[-53.93679,-23.62558],[-53.93729,-23.62588],[-53.93745,-23.62631],[-53.9379,-23.62663],[-53.93867,-23.62765],[-53.94154,-23.62962],[-53.94143,-23.6289],[-53.94111,-23.62825],[-53.94057,-23.62553],[-53.93944,-23.6235],[-53.93881,-23.62198],[-53.93648,-23.61873],[-53.93508,-23.61769],[-53.93354,-23.61714],[-53.93321,-23.61724],[-53.93242,-23.6171],[-53.9325,-23.61795],[-53.93214,-23.61963]]],[[[-53.93101,-23.6165],[-53.92678,-23.61256],[-53.92514,-23.61006],[-53.92471,-23.60909],[-53.92415,-23.60851],[-53.92366,-23.60744],[-53.92297,-23.60667],[-53.92261,-23.60667],[-53.922,-23.60757],[-53.92192,-23.60829],[-53.92347,-23.61079],[-53.92462,-23.61206],[-53.92521,-23.61312],[-53.92703,-23.61464],[-53.92771,-23.61501],[-53.92793,-23.61538],[-53.92843,-23.61576],[-53.92916,-23.61691],[-53.93126,-23.61929],[-53.93143,-23.61888],[-53.93125,-23.61692],[-53.93101,-23.6165]]],[[[-53.92204,-23.60692],[-53.9218,-23.6043],[-53.92143,-23.60378],[-53.92136,-23.60324],[-53.92085,-23.60234],[-53.92022,-23.60178],[-53.91977,-23.60159],[-53.91964,-23.60279],[-53.91974,-23.60367],[-53.92051,-23.60588],[-53.9214,-23.60722],[-53.92204,-23.60692]]],[[[-53.92172,-23.60094],[-53.9214,-23.59604],[-53.92078,-23.59301],[-53.91927,-23.5904],[-53.91757,-23.5886],[-53.91582,-23.58628],[-53.91453,-23.58398],[-53.91333,-23.57976],[-53.91218,-23.57445],[-53.91205,-23.57128],[-53.91218,-23.56971],[-53.91191,-23.56888],[-53.91138,-23.56816],[-53.9108,-23.56841],[-53.91003,-23.56945],[-53.90961,-23.56969],[-53.90903,-23.5706],[-53.9088,-23.57163],[-53.90877,-23.57326],[-53.90991,-23.57866],[-53.91069,-23.58019],[-53.91118,-23.58165],[-53.91178,-23.58456],[-53.91255,-23.58637],[-53.91332,-23.58962],[-53.91371,-23.59024],[-53.91461,-23.59257],[-53.91859,-23.59651],[-53.92052,-23.59907],[-53.92156,-23.60104],[-53.92172,-23.60094]]],[[[-53.90723,-23.57385],[-53.90777,-23.57092],[-53.9076,-23.57032],[-53.90681,-23.56882],[-53.90665,-23.56879],[-53.90601,-23.56988],[-53.90584,-23.57146],[-53.90629,-23.5737],[-53.90681,-23.57457],[-53.90723,-23.57385]]],[[[-53.90822,-23.56872],[-53.90862,-23.56978],[-53.90909,-23.5696],[-53.90944,-23.56875],[-53.91061,-23.56717],[-53.91084,-23.56632],[-53.91081,-23.56237],[-53.91032,-23.56048],[-53.91023,-23.55865],[-53.91001,-23.55805],[-53.9096,-23.55796],[-53.90891,-23.55885],[-53.90806,-23.56244],[-53.90784,-23.56666],[-53.90822,-23.56872]]],[[[-54.00229,-23.56489],[-54.00128,-23.56094],[-54.00149,-23.56055],[-54.00115,-23.55951],[-54.00106,-23.55555],[-54.00066,-23.55254],[-54.00081,-23.55182],[-53.99944,-23.54719],[-53.99938,-23.54609],[-53.99957,-23.54414],[-53.99938,-23.54322],[-53.99902,-23.54308],[-53.9986,-23.54391],[-53.99825,-23.54744],[-53.9985,-23.54867],[-53.9984,-23.54955],[-53.99891,-23.55543],[-53.99944,-23.55868],[-53.99991,-23.56026],[-54.00229,-23.56489]]],[[[-53.91219,-23.54152],[-53.9124,-23.53942],[-53.91191,-23.53873],[-53.91141,-23.53954],[-53.91143,-23.54035],[-53.91175,-23.54167],[-53.91202,-23.54213],[-53.91228,-23.54175],[-53.91219,-23.54152]]],[[[-53.99761,-23.50332],[-53.99701,-23.50108],[-53.99671,-23.50051],[-53.99323,-23.4992],[-53.99394,-23.50102],[-53.99503,-23.50246],[-53.99752,-23.50403],[-53.99761,-23.50332]]],[[[-53.99559,-23.49777],[-53.99371,-23.49581],[-53.9927,-23.49513],[-53.99248,-23.49513],[-53.99223,-23.4964],[-53.99374,-23.49845],[-53.99426,-23.4988],[-53.99603,-23.49941],[-53.99563,-23.49834],[-53.99559,-23.49777]]],[[[-53.99587,-23.4658],[-53.99535,-23.4642],[-53.99491,-23.4636],[-53.99455,-23.46341],[-53.99464,-23.46399],[-53.99523,-23.465],[-53.9953,-23.4654],[-53.99569,-23.46588],[-53.99587,-23.4658]]],[[[-53.94252,-23.45234],[-53.93972,-23.45275],[-53.93921,-23.45304],[-53.93915,-23.45323],[-53.93927,-23.45345],[-53.93987,-23.45361],[-53.94177,-23.45353],[-53.94348,-23.45294],[-53.94458,-23.45213],[-53.94478,-23.45181],[-53.94252,-23.45234]]],[[[-53.94562,-23.44805],[-53.94245,-23.44904],[-53.9418,-23.44957],[-53.9418,-23.45003],[-53.9424,-23.45015],[-53.94359,-23.44977],[-53.9458,-23.44821],[-53.94562,-23.44805]]],[[[-53.93499,-23.44815],[-53.93652,-23.44899],[-53.93738,-23.44917],[-53.93877,-23.44916],[-53.94067,-23.44875],[-53.94265,-23.44781],[-53.94294,-23.44751],[-53.94242,-23.44733],[-53.94161,-23.44743],[-53.93927,-23.44714],[-53.93635,-23.44714],[-53.93556,-23.44742],[-53.93518,-23.44778],[-53.93499,-23.44815]]],[[[-53.97624,-23.44065],[-53.97551,-23.43938],[-53.97477,-23.43851],[-53.97282,-23.43721],[-53.97108,-23.43674],[-53.97002,-23.43683],[-53.97018,-23.43714],[-53.9732,-23.43916],[-53.97367,-23.43929],[-53.9767,-23.44181],[-53.97624,-23.44065]]],[[[-53.92826,-23.43298],[-53.92612,-23.4334],[-53.92243,-23.43297],[-53.92116,-23.43318],[-53.92061,-23.43352],[-53.92065,-23.43374],[-53.92162,-23.43453],[-53.9241,-23.43575],[-53.9255,-23.4367],[-53.92686,-23.4379],[-53.92826,-23.43954],[-53.92933,-23.44028],[-53.93122,-23.4411],[-53.93418,-23.44195],[-53.9357,-23.44265],[-53.9381,-23.44303],[-53.93983,-23.44308],[-53.94158,-23.44276],[-53.94608,-23.44134],[-53.94897,-23.441],[-53.94959,-23.4408],[-53.95054,-23.4408],[-53.95238,-23.44036],[-53.9523,-23.44016],[-53.95108,-23.4394],[-53.94989,-23.43905],[-53.94924,-23.43903],[-53.94838,-23.43859],[-53.94752,-23.43842],[-53.94408,-23.43652],[-53.93425,-23.43294],[-53.93342,-23.43274],[-53.93165,-23.43267],[-53.93001,-23.43306],[-53.92826,-23.43298]]],[[[-53.92081,-23.43802],[-53.92301,-23.43848],[-53.92477,-23.43925],[-53.92644,-23.43956],[-53.92565,-23.43821],[-53.92494,-23.4375],[-53.92151,-23.43543],[-53.92093,-23.43516],[-53.91972,-23.43501],[-53.91793,-23.43504],[-53.91773,-23.43542],[-53.91778,-23.43565],[-53.91899,-23.43722],[-53.92081,-23.43802]]],[[[-53.91777,-23.41113],[-53.92018,-23.41486],[-53.92109,-23.41549],[-53.92114,-23.41572],[-53.92135,-23.41566],[-53.92146,-23.4159],[-53.92223,-23.41636],[-53.92361,-23.41692],[-53.92495,-23.41724],[-53.92625,-23.41746],[-53.92754,-23.41745],[-53.92533,-23.41478],[-53.92397,-23.41365],[-53.92058,-23.41161],[-53.9188,-23.40996],[-53.91702,-23.40863],[-53.91514,-23.40777],[-53.91472,-23.40788],[-53.91495,-23.40862],[-53.91616,-23.40975],[-53.91715,-23.41042],[-53.91777,-23.41113]]],[[[-53.91373,-23.40125],[-53.91594,-23.40447],[-53.9175,-23.40572],[-53.91877,-23.4065],[-53.91611,-23.40188],[-53.91493,-23.4005],[-53.91435,-23.40023],[-53.91399,-23.40024],[-53.91384,-23.40034],[-53.91373,-23.40125]]],[[[-53.90702,-23.5755],[-53.90613,-23.57461],[-53.90579,-23.57481],[-53.90653,-23.57681],[-53.90686,-23.57691],[-53.90703,-23.57671],[-53.90714,-23.576],[-53.90702,-23.5755]]],[[[-53.90873,-23.55225],[-53.90937,-23.54968],[-53.9096,-23.54708],[-53.90961,-23.54488],[-53.90953,-23.54402],[-53.90874,-23.54069],[-53.90845,-23.53831],[-53.90727,-23.53274],[-53.90707,-23.52857],[-53.90749,-23.52426],[-53.90733,-23.52291],[-53.90688,-23.5211],[-53.90562,-23.51791],[-53.90384,-23.50981],[-53.90319,-23.50849],[-53.90335,-23.50802],[-53.90319,-23.50744],[-53.9027,-23.50659],[-53.90244,-23.50654],[-53.90146,-23.50998],[-53.90102,-23.51352],[-53.90061,-23.51513],[-53.90073,-23.51687],[-53.90178,-23.5202],[-53.90475,-23.52453],[-53.9056,-23.52635],[-53.9059,-23.5285],[-53.90617,-23.53234],[-53.90612,-23.54053],[-53.90694,-23.54362],[-53.90737,-23.54444],[-53.90798,-23.54634],[-53.90833,-23.5481],[-53.90818,-23.55188],[-53.90828,-23.55283],[-53.90873,-23.55225]]],[[[-53.9055,-23.50159],[-53.90419,-23.49624],[-53.90337,-23.49437],[-53.9025,-23.49176],[-53.9019,-23.48927],[-53.90108,-23.48445],[-53.90109,-23.48062],[-53.90014,-23.47846],[-53.89957,-23.47764],[-53.89666,-23.47175],[-53.89561,-23.46822],[-53.89508,-23.4676],[-53.89383,-23.4667],[-53.89177,-23.46555],[-53.89148,-23.46561],[-53.89107,-23.46619],[-53.89112,-23.46696],[-53.8916,-23.46841],[-53.89162,-23.46931],[-53.89227,-23.47228],[-53.8949,-23.47838],[-53.89649,-23.48023],[-53.89672,-23.48059],[-53.8967,-23.48089],[-53.89752,-23.48168],[-53.89751,-23.48248],[-53.8987,-23.48527],[-53.89886,-23.48676],[-53.89983,-23.48945],[-53.90238,-23.49376],[-53.9035,-23.49619],[-53.90538,-23.50356],[-53.9055,-23.50159]]],[[[-53.86659,-23.44478],[-53.86787,-23.44624],[-53.86835,-23.44644],[-53.86878,-23.44704],[-53.86911,-23.44704],[-53.87009,-23.44781],[-53.87155,-23.4485],[-53.87137,-23.4476],[-53.87055,-23.44572],[-53.87007,-23.44535],[-53.86951,-23.4444],[-53.86836,-23.44316],[-53.86809,-23.44308],[-53.86749,-23.44244],[-53.86704,-23.44242],[-53.86662,-23.44154],[-53.8663,-23.44129],[-53.86551,-23.44011],[-53.86531,-23.4393],[-53.86421,-23.43794],[-53.86327,-23.43725],[-53.86288,-23.4372],[-53.86263,-23.43783],[-53.86268,-23.43853],[-53.86362,-23.44111],[-53.86531,-23.44372],[-53.86561,-23.44379],[-53.86629,-23.44477],[-53.86659,-23.44478]]],[[[-53.86027,-23.44008],[-53.85899,-23.43692],[-53.8576,-23.43431],[-53.85574,-23.43244],[-53.85552,-23.43163],[-53.85519,-23.43134],[-53.85504,-23.43065],[-53.85481,-23.43045],[-53.85473,-23.43003],[-53.85454,-23.42994],[-53.85461,-23.42961],[-53.8538,-23.42935],[-53.85408,-23.43005],[-53.8537,-23.43053],[-53.85362,-23.43091],[-53.85382,-23.43193],[-53.85433,-23.43308],[-53.85552,-23.43431],[-53.85567,-23.43472],[-53.85616,-23.43514],[-53.85882,-23.43891],[-53.85927,-23.43901],[-53.85999,-23.44027],[-53.86027,-23.44008]]],[[[-53.88764,-23.43282],[-53.88658,-23.43229],[-53.88631,-23.43249],[-53.88662,-23.43286],[-53.888,-23.4332],[-53.88764,-23.43282]]],[[[-53.82842,-23.41276],[-53.8284,-23.41443],[-53.82907,-23.41743],[-53.82964,-23.41883],[-53.83323,-23.4226],[-53.83464,-23.42363],[-53.83617,-23.42429],[-53.83822,-23.4248],[-53.84565,-23.42602],[-53.84729,-23.42668],[-53.84845,-23.42735],[-53.8497,-23.42857],[-53.85111,-23.43131],[-53.854,-23.43469],[-53.85997,-23.44291],[-53.86156,-23.44546],[-53.86388,-23.44725],[-53.86564,-23.44802],[-53.86562,-23.44779],[-53.86448,-23.4471],[-53.86274,-23.4455],[-53.86027,-23.44269],[-53.85965,-23.4415],[-53.85923,-23.44104],[-53.85907,-23.44053],[-53.85857,-23.43992],[-53.85833,-23.4393],[-53.85809,-23.43934],[-53.85779,-23.4389],[-53.8578,-23.43846],[-53.85751,-23.43841],[-53.85685,-23.43757],[-53.85682,-23.43728],[-53.85597,-23.43625],[-53.85597,-23.4359],[-53.85498,-23.43483],[-53.85327,-23.43237],[-53.85285,-23.43133],[-53.85234,-23.43077],[-53.85251,-23.43],[-53.85184,-23.42875],[-53.85108,-23.42767],[-53.8505,-23.42714],[-53.85047,-23.42685],[-53.84924,-23.42549],[-53.8462,-23.42299],[-53.84343,-23.42098],[-53.84176,-23.42016],[-53.84136,-23.42016],[-53.84073,-23.41987],[-53.83769,-23.41811],[-53.8374,-23.41778],[-53.83629,-23.41735],[-53.8338,-23.41578],[-53.83265,-23.41529],[-53.82979,-23.41361],[-53.82879,-23.41322],[-53.82871,-23.41276],[-53.82842,-23.41276]]],[[[-53.87084,-23.42537],[-53.87411,-23.42678],[-53.87462,-23.42676],[-53.8746,-23.42647],[-53.87405,-23.42556],[-53.87283,-23.42458],[-53.87191,-23.42413],[-53.87179,-23.4239],[-53.8695,-23.42309],[-53.86824,-23.42238],[-53.86669,-23.42208],[-53.86683,-23.42259],[-53.86785,-23.4238],[-53.87084,-23.42537]]],[[[-53.84218,-23.41345],[-53.84065,-23.41408],[-53.84094,-23.41422],[-53.84122,-23.41469],[-53.84143,-23.4147],[-53.84147,-23.41499],[-53.84175,-23.41507],[-53.84177,-23.4149],[-53.84191,-23.4149],[-53.84194,-23.41519],[-53.84251,-23.41555],[-53.84283,-23.41598],[-53.84314,-23.41607],[-53.84318,-23.41629],[-53.84358,-23.41648],[-53.84384,-23.41631],[-53.84404,-23.41651],[-53.84456,-23.4165],[-53.84594,-23.41693],[-53.84526,-23.41715],[-53.84485,-23.41694],[-53.84443,-23.41697],[-53.843,-23.41622],[-53.84182,-23.41589],[-53.84191,-23.41678],[-53.84225,-23.41757],[-53.8435,-23.41861],[-53.84537,-23.41935],[-53.84588,-23.41975],[-53.84614,-23.4197],[-53.84625,-23.41989],[-53.84686,-23.42014],[-53.8494,-23.4204],[-53.8507,-23.42087],[-53.85142,-23.42083],[-53.85072,-23.41981],[-53.84956,-23.41884],[-53.84955,-23.41785],[-53.84912,-23.41729],[-53.84917,-23.41711],[-53.84682,-23.41697],[-53.84698,-23.41679],[-53.84806,-23.41684],[-53.84831,-23.41656],[-53.84771,-23.41617],[-53.84764,-23.41591],[-53.84677,-23.41508],[-53.84617,-23.41482],[-53.84557,-23.41394],[-53.84405,-23.41314],[-53.84218,-23.41345]]],[[[-53.81332,-23.40159],[-53.81483,-23.40189],[-53.81271,-23.39956],[-53.81123,-23.39847],[-53.81035,-23.39811],[-53.81026,-23.39823],[-53.81041,-23.39867],[-53.81095,-23.39958],[-53.81207,-23.4008],[-53.81332,-23.40159]]],[[[-53.83112,-23.39473],[-53.83428,-23.3972],[-53.83482,-23.39746],[-53.83597,-23.39912],[-53.8377,-23.40059],[-53.83887,-23.40126],[-53.8391,-23.40099],[-53.83947,-23.40096],[-53.84026,-23.40129],[-53.84025,-23.40057],[-53.83967,-23.39867],[-53.83853,-23.3968],[-53.83741,-23.39563],[-53.83487,-23.39394],[-53.83285,-23.39352],[-53.83215,-23.39355],[-53.83109,-23.39321],[-53.83032,-23.39324],[-53.83067,-23.39417],[-53.83112,-23.39473]]],[[[-53.89275,-23.38357],[-53.89275,-23.38425],[-53.89381,-23.38659],[-53.89465,-23.38923],[-53.89547,-23.39095],[-53.89649,-23.39223],[-53.90356,-23.39825],[-53.90505,-23.39922],[-53.90625,-23.39977],[-53.90962,-23.40092],[-53.90966,-23.40079],[-53.90881,-23.39966],[-53.90683,-23.39802],[-53.90545,-23.39665],[-53.90475,-23.3959],[-53.90327,-23.39378],[-53.90154,-23.39216],[-53.89929,-23.38823],[-53.89703,-23.38581],[-53.8953,-23.38359],[-53.89412,-23.38319],[-53.89305,-23.38322],[-53.89275,-23.38357]]],[[[-53.84294,-23.38786],[-53.84156,-23.38615],[-53.83984,-23.38499],[-53.83902,-23.38462],[-53.83852,-23.38461],[-53.83854,-23.38478],[-53.83978,-23.38576],[-53.84022,-23.38668],[-53.84274,-23.38789],[-53.84294,-23.38786]]],[[[-53.82574,-23.37945],[-53.82812,-23.3806],[-53.83124,-23.38138],[-53.83376,-23.38246],[-53.83501,-23.38264],[-53.83307,-23.38125],[-53.83103,-23.3803],[-53.82805,-23.37922],[-53.82749,-23.37922],[-53.82674,-23.37892],[-53.82591,-23.37896],[-53.82569,-23.37917],[-53.82574,-23.37945]]],[[[-53.73818,-23.31479],[-53.73892,-23.31823],[-53.74002,-23.32071],[-53.74049,-23.32223],[-53.7409,-23.32287],[-53.74272,-23.32515],[-53.74725,-23.32908],[-53.75143,-23.33372],[-53.75338,-23.33646],[-53.7543,-23.33818],[-53.75614,-23.34086],[-53.75725,-23.34207],[-53.75999,-23.34409],[-53.76144,-23.34586],[-53.7652,-23.34855],[-53.76819,-23.35128],[-53.76903,-23.35271],[-53.76929,-23.35341],[-53.7693,-23.35392],[-53.77043,-23.35598],[-53.771,-23.35772],[-53.77194,-23.35971],[-53.7719,-23.36031],[-53.7722,-23.36192],[-53.77217,-23.36298],[-53.77191,-23.36502],[-53.7711,-23.3685],[-53.77119,-23.36916],[-53.7716,-23.36995],[-53.77307,-23.37143],[-53.774,-23.37207],[-53.77468,-23.37217],[-53.77719,-23.37327],[-53.77974,-23.37394],[-53.78529,-23.37495],[-53.79122,-23.37626],[-53.79766,-23.37675],[-53.80141,-23.37668],[-53.812,-23.37743],[-53.8134,-23.3774],[-53.81497,-23.37709],[-53.81774,-23.37687],[-53.82119,-23.3776],[-53.82264,-23.37764],[-53.82521,-23.37823],[-53.8259,-23.37826],[-53.8277,-23.37887],[-53.83044,-23.37953],[-53.83312,-23.38074],[-53.83437,-23.38165],[-53.8358,-23.38238],[-53.8362,-23.38242],[-53.84072,-23.38498],[-53.8418,-23.38579],[-53.84376,-23.38776],[-53.84877,-23.39104],[-53.84949,-23.39187],[-53.85137,-23.3932],[-53.85227,-23.3941],[-53.85289,-23.39512],[-53.85363,-23.39575],[-53.85389,-23.39619],[-53.85524,-23.39729],[-53.8609,-23.39895],[-53.8682,-23.4022],[-53.87008,-23.40351],[-53.87024,-23.40379],[-53.87123,-23.40449],[-53.87129,-23.40469],[-53.87319,-23.40595],[-53.8765,-23.40931],[-53.87819,-23.41146],[-53.87988,-23.41311],[-53.8823,-23.41434],[-53.88503,-23.41546],[-53.88888,-23.41665],[-53.89164,-23.41726],[-53.89444,-23.4183],[-53.8957,-23.41859],[-53.89692,-23.41918],[-53.89948,-23.41962],[-53.901,-23.41942],[-53.90392,-23.41952],[-53.90685,-23.42007],[-53.90895,-23.42104],[-53.9099,-23.42192],[-53.91066,-23.42232],[-53.91427,-23.42309],[-53.91803,-23.42482],[-53.92051,-23.42549],[-53.9216,-23.42563],[-53.92398,-23.42651],[-53.92718,-23.42605],[-53.9303,-23.42594],[-53.93392,-23.42605],[-53.93396,-23.42594],[-53.93132,-23.42297],[-53.92948,-23.42048],[-53.92815,-23.41911],[-53.92738,-23.41866],[-53.92582,-23.41866],[-53.92294,-23.41808],[-53.92127,-23.41728],[-53.91941,-23.41562],[-53.91855,-23.41453],[-53.91687,-23.4117],[-53.9148,-23.41021],[-53.91423,-23.40962],[-53.91409,-23.40918],[-53.91332,-23.40819],[-53.91332,-23.40793],[-53.91283,-23.40719],[-53.91165,-23.40459],[-53.91056,-23.40322],[-53.90867,-23.40216],[-53.90641,-23.40133],[-53.90518,-23.40109],[-53.90371,-23.40038],[-53.90216,-23.3992],[-53.90068,-23.39776],[-53.89794,-23.39568],[-53.89489,-23.39272],[-53.89391,-23.39134],[-53.8923,-23.38708],[-53.88814,-23.37943],[-53.88749,-23.37762],[-53.88649,-23.37579],[-53.88402,-23.37285],[-53.88229,-23.37141],[-53.87789,-23.36847],[-53.8767,-23.36801],[-53.87134,-23.36676],[-53.86727,-23.36528],[-53.86497,-23.36477],[-53.86171,-23.3647],[-53.86112,-23.36486],[-53.85591,-23.3653],[-53.85548,-23.3655],[-53.85214,-23.36512],[-53.8504,-23.3647],[-53.84544,-23.36302],[-53.84092,-23.36218],[-53.83449,-23.35992],[-53.83087,-23.35964],[-53.82427,-23.35735],[-53.82262,-23.35714],[-53.82077,-23.35719],[-53.81778,-23.35771],[-53.81673,-23.35763],[-53.81562,-23.35729],[-53.81361,-23.35629],[-53.81243,-23.35547],[-53.81101,-23.35481],[-53.80838,-23.35395],[-53.80759,-23.35342],[-53.80664,-23.35229],[-53.80618,-23.35086],[-53.8054,-23.34971],[-53.80114,-23.34651],[-53.80108,-23.34627],[-53.80055,-23.34607],[-53.80017,-23.34565],[-53.79858,-23.34472],[-53.79395,-23.34336],[-53.79094,-23.34291],[-53.7847,-23.34134],[-53.78317,-23.34081],[-53.78008,-23.33918],[-53.77336,-23.33371],[-53.77199,-23.3322],[-53.76861,-23.32914],[-53.76602,-23.32602],[-53.76395,-23.32452],[-53.76039,-23.32314],[-53.75811,-23.32125],[-53.75385,-23.31627],[-53.7521,-23.31512],[-53.74497,-23.31254],[-53.74159,-23.31092],[-53.7393,-23.31033],[-53.73891,-23.31044],[-53.73879,-23.31066],[-53.73861,-23.31267],[-53.73818,-23.31479]]],[[[-53.87816,-23.363],[-53.87959,-23.36443],[-53.8805,-23.36478],[-53.88079,-23.36471],[-53.87922,-23.36315],[-53.87847,-23.36292],[-53.87816,-23.363]]],[[[-53.75814,-23.36168],[-53.76092,-23.36523],[-53.76123,-23.36537],[-53.76352,-23.36748],[-53.76356,-23.3672],[-53.76261,-23.36551],[-53.76105,-23.36176],[-53.75971,-23.35955],[-53.75841,-23.35675],[-53.75725,-23.35532],[-53.75664,-23.355],[-53.75513,-23.35469],[-53.75493,-23.35485],[-53.75486,-23.35538],[-53.755,-23.35664],[-53.75584,-23.3584],[-53.75814,-23.36168]]],[[[-53.76942,-23.36686],[-53.77026,-23.36357],[-53.77014,-23.36097],[-53.76979,-23.35966],[-53.7685,-23.35668],[-53.76798,-23.35583],[-53.76752,-23.35554],[-53.76647,-23.35536],[-53.76526,-23.3547],[-53.76499,-23.3547],[-53.76501,-23.35515],[-53.76461,-23.35608],[-53.76508,-23.35861],[-53.76519,-23.36061],[-53.76724,-23.36422],[-53.76923,-23.36708],[-53.76942,-23.36686]]],[[[-53.85507,-23.36425],[-53.86054,-23.36399],[-53.86303,-23.36361],[-53.863,-23.36344],[-53.86161,-23.36285],[-53.85807,-23.36159],[-53.85464,-23.35987],[-53.85251,-23.35908],[-53.8502,-23.35797],[-53.84819,-23.35754],[-53.845,-23.35719],[-53.84352,-23.35672],[-53.84224,-23.35654],[-53.84128,-23.35662],[-53.84024,-23.35717],[-53.84017,-23.35748],[-53.84047,-23.35837],[-53.84203,-23.36017],[-53.84528,-23.36162],[-53.84691,-23.36268],[-53.85274,-23.3641],[-53.85507,-23.36425]]],[[[-53.80708,-23.35113],[-53.8076,-23.35245],[-53.8088,-23.35327],[-53.81167,-23.35445],[-53.81521,-23.35636],[-53.81681,-23.35697],[-53.81803,-23.35705],[-53.82181,-23.35653],[-53.82423,-23.35673],[-53.82903,-23.3583],[-53.83242,-23.35912],[-53.83536,-23.35951],[-53.84173,-23.36159],[-53.84533,-23.36223],[-53.84471,-23.36173],[-53.84261,-23.36084],[-53.84161,-23.36022],[-53.84033,-23.35896],[-53.83957,-23.35747],[-53.83312,-23.35577],[-53.82926,-23.35426],[-53.82909,-23.35401],[-53.82842,-23.35369],[-53.82805,-23.35373],[-53.82724,-23.35347],[-53.82503,-23.35354],[-53.8224,-23.35317],[-53.82015,-23.35258],[-53.81576,-23.35099],[-53.81325,-23.35026],[-53.81012,-23.34994],[-53.80956,-23.3497],[-53.8077,-23.34937],[-53.80667,-23.34933],[-53.80658,-23.34955],[-53.80695,-23.35026],[-53.80708,-23.35113]]],[[[-53.76751,-23.35355],[-53.76582,-23.3508],[-53.76476,-23.35072],[-53.76457,-23.35196],[-53.76642,-23.3542],[-53.76783,-23.35507],[-53.76751,-23.35355]]],[[[-53.75343,-23.35969],[-53.75251,-23.35621],[-53.75209,-23.35559],[-53.75067,-23.35393],[-53.74651,-23.35089],[-53.74566,-23.34976],[-53.74505,-23.34935],[-53.74275,-23.34703],[-53.74039,-23.34399],[-53.73897,-23.3426],[-53.73795,-23.34235],[-53.73681,-23.34336],[-53.73573,-23.34487],[-53.73544,-23.34583],[-53.73506,-23.34647],[-53.735,-23.34695],[-53.73529,-23.34797],[-53.73574,-23.34867],[-53.73842,-23.35122],[-53.7398,-23.35226],[-53.74681,-23.3565],[-53.74957,-23.35797],[-53.75343,-23.35969]]],[[[-53.82435,-23.34704],[-53.8249,-23.34763],[-53.82596,-23.34823],[-53.82864,-23.34888],[-53.83009,-23.34947],[-53.83019,-23.34939],[-53.82913,-23.34812],[-53.82692,-23.34683],[-53.82476,-23.34668],[-53.82435,-23.34704]]],[[[-53.78322,-23.33814],[-53.78198,-23.33752],[-53.78179,-23.33754],[-53.78224,-23.33806],[-53.78329,-23.33838],[-53.78322,-23.33814]]],[[[-53.779,-23.33661],[-53.7778,-23.33475],[-53.77742,-23.3348],[-53.77809,-23.33588],[-53.779,-23.33661]]],[[[-53.77679,-23.32653],[-53.77775,-23.32896],[-53.77848,-23.32994],[-53.78036,-23.33195],[-53.78079,-23.33267],[-53.78256,-23.33413],[-53.78404,-23.33588],[-53.78498,-23.3363],[-53.78637,-23.33723],[-53.79071,-23.33832],[-53.79382,-23.33928],[-53.79853,-23.34091],[-53.80111,-23.34193],[-53.8013,-23.34214],[-53.80141,-23.34204],[-53.7993,-23.33837],[-53.79844,-23.33656],[-53.79773,-23.33554],[-53.79689,-23.33473],[-53.79411,-23.33256],[-53.78986,-23.33006],[-53.78575,-23.32735],[-53.78347,-23.32637],[-53.78077,-23.32573],[-53.7772,-23.32616],[-53.77679,-23.32653]]],[[[-53.77126,-23.32935],[-53.77462,-23.33291],[-53.7769,-23.33452],[-53.77726,-23.33432],[-53.77708,-23.33381],[-53.7754,-23.3316],[-53.77288,-23.32883],[-53.77149,-23.32842],[-53.77127,-23.32874],[-53.77142,-23.32912],[-53.77126,-23.32935]]],[[[-53.73165,-23.34753],[-53.73173,-23.34081],[-53.72975,-23.3362],[-53.72928,-23.33357],[-53.72875,-23.33259],[-53.72849,-23.33141],[-53.7268,-23.32838],[-53.72534,-23.32505],[-53.72345,-23.32252],[-53.7224,-23.32138],[-53.71948,-23.31733],[-53.71538,-23.31025],[-53.71426,-23.30805],[-53.71393,-23.30677],[-53.71304,-23.30474],[-53.71186,-23.30278],[-53.71119,-23.30129],[-53.70983,-23.29634],[-53.70858,-23.29403],[-53.70844,-23.29324],[-53.70781,-23.29262],[-53.70694,-23.29266],[-53.70292,-23.29501],[-53.70069,-23.29686],[-53.70054,-23.29838],[-53.701,-23.29979],[-53.70099,-23.30182],[-53.7007,-23.30294],[-53.70071,-23.30335],[-53.70101,-23.30397],[-53.70094,-23.30481],[-53.70125,-23.30576],[-53.70276,-23.30752],[-53.70541,-23.30956],[-53.70907,-23.31314],[-53.71371,-23.31657],[-53.715,-23.31808],[-53.71588,-23.31978],[-53.71687,-23.3225],[-53.71721,-23.32396],[-53.71926,-23.32823],[-53.7196,-23.32931],[-53.71989,-23.33131],[-53.71958,-23.33363],[-53.71801,-23.33862],[-53.71765,-23.34262],[-53.71801,-23.34462],[-53.71889,-23.34601],[-53.72078,-23.34692],[-53.72451,-23.34787],[-53.72782,-23.34838],[-53.72986,-23.34849],[-53.73197,-23.34899],[-53.73165,-23.34753]]],[[[-53.74707,-23.30428],[-53.74339,-23.30472],[-53.74244,-23.30502],[-53.7422,-23.3053],[-53.74453,-23.30719],[-53.74481,-23.30722],[-53.74514,-23.30753],[-53.74715,-23.30857],[-53.74784,-23.30913],[-53.74928,-23.30994],[-53.75031,-23.3103],[-53.7513,-23.31088],[-53.75402,-23.3118],[-53.75484,-23.31238],[-53.75551,-23.31264],[-53.75701,-23.31359],[-53.75893,-23.31512],[-53.76212,-23.3181],[-53.766,-23.32006],[-53.76575,-23.31946],[-53.76462,-23.3183],[-53.76147,-23.31358],[-53.7607,-23.31275],[-53.75947,-23.31094],[-53.75704,-23.30848],[-53.7538,-23.30585],[-53.75091,-23.30467],[-53.74898,-23.30433],[-53.74707,-23.30428]]],[[[-53.73068,-23.30783],[-53.73069,-23.30831],[-53.73198,-23.31058],[-53.73407,-23.31366],[-53.73591,-23.31567],[-53.73614,-23.31621],[-53.73661,-23.31673],[-53.73638,-23.3143],[-53.7368,-23.31157],[-53.73672,-23.31096],[-53.73449,-23.3071],[-53.73373,-23.30614],[-53.73285,-23.30552],[-53.73203,-23.30588],[-53.7316,-23.30629],[-53.73139,-23.30625],[-53.73097,-23.30691],[-53.73068,-23.30783]]],[[[-53.70004,-23.30445],[-53.70042,-23.30443],[-53.70021,-23.30392],[-53.69996,-23.30417],[-53.70004,-23.30445]]],[[[-53.6994,-23.30171],[-53.69929,-23.29886],[-53.69868,-23.29837],[-53.69838,-23.30115],[-53.69881,-23.30204],[-53.69916,-23.302],[-53.6994,-23.30171]]],[[[-53.73163,-23.30188],[-53.73004,-23.29793],[-53.72873,-23.29321],[-53.72751,-23.29181],[-53.72698,-23.29157],[-53.72607,-23.29158],[-53.72597,-23.29185],[-53.72634,-23.29267],[-53.72642,-23.29328],[-53.72706,-23.29456],[-53.72747,-23.29628],[-53.7296,-23.29943],[-53.7308,-23.30262],[-53.73154,-23.30377],[-53.73179,-23.30271],[-53.73163,-23.30188]]]]}},{"type":"Feature","properties":{"cnuc":"0000.00.0278","nome":"REFÚGIO DE VIDA SILVESTRE DOS CAMPOS DE PALMAS","categoria":"Refúgio de Vida Silvestre","grupo":"Proteção Integral","esfera":"Federal","area_ha":16594.05,"criacao":"04-04-2006","gestor":"INSTITUTO CHICO MENDES DE CONSERVAÇÃO DA BIODIVERSIDADE","uf":"PARANÁ","plano_manejo":"Sim"},"geometry":{"type":"Polygon","coordinates":[[[-51.72429,-26.4859],[-51.72336,-26.485],[-51.72292,-26.48402],[-51.7223,-26.48343],[-51.72226,-26.48317],[-51.72246,-26.48281],[-51.72296,-26.48248],[-51.72242,-26.48178],[-51.72216,-26.48085],[-51.72191,-26.4807],[-51.7227,-26.47868],[-51.72302,-26.4768],[-51.71957,-26.46232],[-51.70811,-26.46274],[-51.7074,-26.46255],[-51.70683,-26.46216],[-51.70462,-26.45989],[-51.70406,-26.45992],[-51.70364,-26.46009],[-51.70332,-26.4606],[-51.70154,-26.46143],[-51.70056,-26.46147],[-51.69911,-26.46179],[-51.69593,-26.46095],[-51.69361,-26.4616],[-51.69334,-26.46222],[-51.6916,-26.46371],[-51.68926,-26.46485],[-51.68664,-26.463],[-51.68635,-26.46322],[-51.68605,-26.46381],[-51.68478,-26.46462],[-51.68312,-26.4654],[-51.68268,-26.46583],[-51.68259,-26.46626],[-51.68199,-26.46564],[-51.68077,-26.46522],[-51.68003,-26.46453],[-51.67954,-26.46336],[-51.6772,-26.46372],[-51.67628,-26.46401],[-51.67539,-26.46453],[-51.6671,-26.46741],[-51.66706,-26.46645],[-51.66595,-26.46569],[-51.66472,-26.46425],[-51.66192,-26.46532],[-51.66097,-26.46591],[-51.66088,-26.46707],[-51.66144,-26.46803],[-51.66049,-26.46922],[-51.65831,-26.46931],[-51.65728,-26.46977],[-51.65695,-26.47009],[-51.65687,-26.47159],[-51.65705,-26.47231],[-51.65679,-26.47274],[-51.65688,-26.47349],[-51.65662,-26.47389],[-51.65677,-26.47421],[-51.65665,-26.47461],[-51.65641,-26.47467],[-51.65588,-26.47528],[-51.65582,-26.47561],[-51.65508,-26.47604],[-51.65416,-26.47601],[-51.65001,-26.47654],[-51.64811,-26.47719],[-51.64683,-26.47728],[-51.64624,-26.4776],[-51.64264,-26.48424],[-51.64279,-26.48508],[-51.64269,-26.48558],[-51.64207,-26.48643],[-51.64226,-26.48695],[-51.64012,-26.48699],[-51.63917,-26.48674],[-51.63784,-26.49077],[-51.63464,-26.48799],[-51.63392,-26.48792],[-51.63339,-26.48807],[-51.63247,-26.48867],[-51.63127,-26.48841],[-51.63075,-26.48906],[-51.62939,-26.48911],[-51.62867,-26.48895],[-51.62812,-26.48938],[-51.62716,-26.48943],[-51.62629,-26.49003],[-51.62568,-26.49075],[-51.62555,-26.49149],[-51.62474,-26.49221],[-51.62391,-26.49222],[-51.62234,-26.49182],[-51.62197,-26.49194],[-51.62084,-26.49319],[-51.61946,-26.4931],[-51.61871,-26.49272],[-51.61768,-26.49272],[-51.6168,-26.49285],[-51.6159,-26.49323],[-51.61492,-26.49319],[-51.61354,-26.49353],[-51.61225,-26.49207],[-51.61159,-26.4922],[-51.61076,-26.49172],[-51.61002,-26.49182],[-51.60853,-26.49133],[-51.60823,-26.49052],[-51.60783,-26.4903],[-51.60748,-26.48942],[-51.60703,-26.48935],[-51.60632,-26.48978],[-51.60565,-26.48979],[-51.60499,-26.49079],[-51.60415,-26.49084],[-51.60301,-26.49145],[-51.6028,-26.49192],[-51.60291,-26.49269],[-51.60366,-26.49397],[-51.60324,-26.49536],[-51.6033,-26.4961],[-51.60357,-26.49677],[-51.60415,-26.49746],[-51.60421,-26.49808],[-51.6034,-26.50141],[-51.60291,-26.5021],[-51.60211,-26.50251],[-51.60086,-26.50262],[-51.60002,-26.50249],[-51.59903,-26.50198],[-51.59752,-26.50236],[-51.58649,-26.50125],[-51.57406,-26.51071],[-51.561,-26.51413],[-51.56115,-26.51484],[-51.56108,-26.51522],[-51.56078,-26.51553],[-51.55847,-26.51684],[-51.55775,-26.5181],[-51.55658,-26.51951],[-51.54994,-26.51779],[-51.54495,-26.51611],[-51.54234,-26.51456],[-51.53406,-26.51069],[-51.53216,-26.51069],[-51.53013,-26.51013],[-51.52939,-26.50961],[-51.52916,-26.51001],[-51.52898,-26.51161],[-51.52863,-26.51262],[-51.5285,-26.5143],[-51.52827,-26.51468],[-51.52757,-26.51521],[-51.52736,-26.51611],[-51.5269,-26.51651],[-51.52685,-26.51685],[-51.52707,-26.5175],[-51.52683,-26.51792],[-51.52621,-26.51845],[-51.52537,-26.51872],[-51.52522,-26.51918],[-51.52561,-26.51953],[-51.52602,-26.5209],[-51.52653,-26.52129],[-51.52607,-26.52161],[-51.5256,-26.52241],[-51.52509,-26.52257],[-51.5246,-26.52336],[-51.52422,-26.52541],[-51.52327,-26.52669],[-51.52325,-26.52725],[-51.52366,-26.52884],[-51.52362,-26.52912],[-51.52309,-26.52975],[-51.51701,-26.52843],[-51.51663,-26.52939],[-51.51674,-26.53106],[-51.51434,-26.53222],[-51.51397,-26.53248],[-51.5137,-26.53302],[-51.50575,-26.53413],[-51.50573,-26.53495],[-51.50553,-26.53531],[-51.50505,-26.53572],[-51.50403,-26.53621],[-51.50375,-26.5368],[-51.50338,-26.538],[-51.50336,-26.53917],[-51.50251,-26.54],[-51.50163,-26.54133],[-51.50002,-26.5423],[-51.49922,-26.54259],[-51.49837,-26.54282],[-51.49708,-26.54289],[-51.49695,-26.54228],[-51.49669,-26.54202],[-51.49611,-26.54186],[-51.49572,-26.54198],[-51.49535,-26.54245],[-51.49502,-26.54261],[-51.49402,-26.54255],[-51.49263,-26.54199],[-51.49245,-26.54177],[-51.49263,-26.54074],[-51.49252,-26.54051],[-51.49218,-26.54062],[-51.4914,-26.54037],[-51.49074,-26.54035],[-51.49033,-26.54056],[-51.4896,-26.54115],[-51.48871,-26.5424],[-51.48749,-26.54294],[-51.4872,-26.54334],[-51.48786,-26.54452],[-51.48782,-26.5452],[-51.48867,-26.54535],[-51.48979,-26.54653],[-51.49162,-26.54785],[-51.49148,-26.54867],[-51.49051,-26.5493],[-51.48993,-26.5491],[-51.48859,-26.54808],[-51.48775,-26.54766],[-51.487,-26.54745],[-51.48571,-26.54744],[-51.48454,-26.54687],[-51.48263,-26.54656],[-51.48228,-26.54626],[-51.48111,-26.54626],[-51.47955,-26.54503],[-51.47911,-26.54489],[-51.47841,-26.54519],[-51.47873,-26.54581],[-51.47878,-26.54661],[-51.47953,-26.54809],[-51.47953,-26.54893],[-51.47934,-26.54987],[-51.47865,-26.55055],[-51.47786,-26.55194],[-51.47747,-26.55381],[-51.47707,-26.55417],[-51.47688,-26.55708],[-51.47714,-26.55864],[-51.47616,-26.56173],[-51.47735,-26.56262],[-51.4789,-26.5632],[-51.48019,-26.56395],[-51.48099,-26.56422],[-51.48308,-26.5643],[-51.48902,-26.56974],[-51.48986,-26.56991],[-51.49141,-26.57116],[-51.49151,-26.5721],[-51.50572,-26.58139],[-51.50716,-26.58085],[-51.50866,-26.58076],[-51.50995,-26.58088],[-51.51159,-26.5815],[-51.51324,-26.58275],[-51.51908,-26.58796],[-51.52038,-26.58863],[-51.53406,-26.59158],[-51.53516,-26.59162],[-51.53615,-26.59162],[-51.5372,-26.59139],[-51.54082,-26.59017],[-51.5421,-26.58998],[-51.54972,-26.59076],[-51.55151,-26.59071],[-51.55255,-26.59053],[-51.55925,-26.58795],[-51.56024,-26.58781],[-51.56129,-26.58781],[-51.56958,-26.58988],[-51.57214,-26.58851],[-51.57618,-26.58778],[-51.57713,-26.58774],[-51.57596,-26.58949],[-51.5786,-26.58908],[-51.59125,-26.58558],[-51.59298,-26.58137],[-51.59408,-26.58081],[-51.5942,-26.57798],[-51.59466,-26.57783],[-51.59471,-26.57713],[-51.59524,-26.57665],[-51.59564,-26.57599],[-51.59537,-26.57483],[-51.59504,-26.57433],[-51.59517,-26.57408],[-51.59652,-26.57403],[-51.5973,-26.57376],[-51.59743,-26.57337],[-51.59807,-26.57277],[-51.59815,-26.57248],[-51.59785,-26.57228],[-51.59777,-26.57197],[-51.59788,-26.57165],[-51.59707,-26.57105],[-51.59685,-26.56977],[-51.59695,-26.56912],[-51.59681,-26.5689],[-51.59727,-26.56818],[-51.597,-26.56777],[-51.59724,-26.56752],[-51.59721,-26.56719],[-51.59694,-26.56695],[-51.59764,-26.56651],[-51.5979,-26.56578],[-51.59849,-26.56542],[-51.59862,-26.56464],[-51.59892,-26.56464],[-51.59934,-26.56428],[-51.59942,-26.56336],[-51.59971,-26.56324],[-51.59977,-26.5627],[-51.6001,-26.56257],[-51.59957,-26.56217],[-51.59955,-26.56176],[-51.59903,-26.56116],[-51.59876,-26.56041],[-51.59905,-26.5601],[-51.59806,-26.55954],[-51.59805,-26.55918],[-51.59829,-26.55887],[-51.59819,-26.5586],[-51.59775,-26.55848],[-51.59751,-26.55814],[-51.59705,-26.55827],[-51.5963,-26.55747],[-51.59627,-26.55723],[-51.59694,-26.5567],[-51.59701,-26.55445],[-51.59827,-26.55425],[-51.60936,-26.54758],[-51.61829,-26.54824],[-51.61972,-26.56471],[-51.61364,-26.57923],[-51.60877,-26.57855],[-51.60606,-26.58627],[-51.61031,-26.58902],[-51.61146,-26.58942],[-51.61254,-26.58958],[-51.61481,-26.58944],[-51.62341,-26.58746],[-51.62875,-26.5879],[-51.6311,-26.58555],[-51.63184,-26.58735],[-51.63384,-26.58592],[-51.63718,-26.58221],[-51.64139,-26.57794],[-51.6444,-26.57522],[-51.64951,-26.57246],[-51.65055,-26.57172],[-51.65646,-26.56652],[-51.65771,-26.56568],[-51.65931,-26.56487],[-51.66097,-26.56426],[-51.66357,-26.56388],[-51.66296,-26.56191],[-51.66251,-26.56118],[-51.66306,-26.56008],[-51.66261,-26.55934],[-51.66227,-26.55731],[-51.66249,-26.55694],[-51.66226,-26.55637],[-51.66167,-26.55581],[-51.66163,-26.55538],[-51.66114,-26.55501],[-51.66025,-26.55478],[-51.65999,-26.55425],[-51.66002,-26.55348],[-51.66031,-26.55281],[-51.66031,-26.55174],[-51.66053,-26.55049],[-51.65989,-26.54954],[-51.65846,-26.54802],[-51.65821,-26.54736],[-51.65819,-26.54629],[-51.65807,-26.546],[-51.65772,-26.54578],[-51.65772,-26.54435],[-51.6591,-26.54434],[-51.65911,-26.54618],[-51.65934,-26.54665],[-51.65965,-26.54687],[-51.66179,-26.54766],[-51.66232,-26.54719],[-51.66306,-26.54592],[-51.66394,-26.54512],[-51.66413,-26.54448],[-51.66483,-26.54394],[-51.66505,-26.54338],[-51.66489,-26.54254],[-51.66507,-26.5406],[-51.6654,-26.53943],[-51.66531,-26.5379],[-51.66553,-26.53743],[-51.66649,-26.53676],[-51.66679,-26.53632],[-51.66637,-26.53539],[-51.66645,-26.53506],[-51.66689,-26.53475],[-51.66782,-26.53448],[-51.66841,-26.53451],[-51.6696,-26.53521],[-51.67001,-26.53521],[-51.67019,-26.53487],[-51.67008,-26.53427],[-51.67096,-26.5327],[-51.6714,-26.5322],[-51.67303,-26.53132],[-51.67497,-26.52887],[-51.67601,-26.52617],[-51.67601,-26.52565],[-51.67513,-26.52523],[-51.67457,-26.52372],[-51.67464,-26.52293],[-51.67497,-26.52231],[-51.67354,-26.52208],[-51.67151,-26.52021],[-51.67088,-26.52009],[-51.67086,-26.51984],[-51.67145,-26.51935],[-51.67035,-26.51915],[-51.67002,-26.51889],[-51.66984,-26.5181],[-51.66914,-26.51745],[-51.6691,-26.51673],[-51.66931,-26.51604],[-51.66989,-26.51554],[-51.67011,-26.51505],[-51.67025,-26.514],[-51.66984,-26.50903],[-51.67274,-26.50902],[-51.67473,-26.50949],[-51.67478,-26.50858],[-51.67499,-26.50829],[-51.67629,-26.50785],[-51.67604,-26.50707],[-51.67564,-26.50669],[-51.67442,-26.50645],[-51.6742,-26.50625],[-51.68184,-26.50322],[-51.68183,-26.50164],[-51.68093,-26.50108],[-51.6805,-26.5001],[-51.67974,-26.50001],[-51.67881,-26.50031],[-51.6782,-26.49983],[-51.67778,-26.49903],[-51.67645,-26.49829],[-51.67675,-26.49737],[-51.67753,-26.49611],[-51.67771,-26.49528],[-51.67848,-26.49447],[-51.67894,-26.49426],[-51.6808,-26.49402],[-51.68118,-26.49377],[-51.6816,-26.49278],[-51.68098,-26.49249],[-51.6809,-26.49228],[-51.68105,-26.49215],[-51.68195,-26.49162],[-51.68219,-26.49169],[-51.68232,-26.49231],[-51.68272,-26.49248],[-51.68312,-26.4924],[-51.68431,-26.49118],[-51.68571,-26.49029],[-51.68671,-26.48842],[-51.6862,-26.48826],[-51.68604,-26.48795],[-51.68641,-26.48692],[-51.68885,-26.48705],[-51.68956,-26.48642],[-51.69231,-26.4851],[-51.693,-26.48517],[-51.69341,-26.48555],[-51.69439,-26.48583],[-51.69492,-26.48616],[-51.69535,-26.48695],[-51.69607,-26.48749],[-51.69847,-26.48867],[-51.69996,-26.48996],[-51.70023,-26.48993],[-51.70054,-26.48964],[-51.70067,-26.48897],[-51.70099,-26.48876],[-51.70166,-26.48904],[-51.70184,-26.48945],[-51.70171,-26.48971],[-51.70084,-26.49022],[-51.70076,-26.49057],[-51.70106,-26.49182],[-51.70136,-26.49222],[-51.70178,-26.49239],[-51.70393,-26.49264],[-51.70538,-26.49465],[-51.70862,-26.4924],[-51.70957,-26.49352],[-51.71031,-26.49409],[-51.71082,-26.49425],[-51.71201,-26.49422],[-51.71239,-26.49405],[-51.71315,-26.49273],[-51.71309,-26.4924],[-51.71269,-26.49204],[-51.71248,-26.49159],[-51.71245,-26.49114],[-51.7126,-26.49078],[-51.714,-26.48948],[-51.71442,-26.48848],[-51.71449,-26.48742],[-51.71468,-26.48697],[-51.71535,-26.48644],[-51.71658,-26.48616],[-51.72004,-26.48619],[-51.72219,-26.48645],[-51.72292,-26.48613],[-51.72429,-26.4859]]]}}]}