{"type":"FeatureCollection","features":[{"type":"Feature","properties":{"tipo":"uhe","nome":"Foz do Piquiri","pot_kw":101200.0},"geometry":{"type":"Point","coordinates":[-53.99083,-24.125]}},{"type":"Feature","properties":{"tipo":"uhe","nome":"Trindade","pot_kw":36500.0},"geometry":{"type":"Point","coordinates":[-52.3,-26.28333]}},{"type":"Feature","properties":{"tipo":"uhe","nome":"Volta Grande Baixa","pot_kw":54700.0},"geometry":{"type":"Point","coordinates":[-52.93569,-25.75286]}},{"type":"Feature","properties":{"tipo":"uhe","nome":"Canoas I","pot_kw":82500.0},"geometry":{"type":"Point","coordinates":[-50.51722,-22.94111]}},{"type":"Feature","properties":{"tipo":"uhe","nome":"Chavantes","pot_kw":414000.0},"geometry":{"type":"Point","coordinates":[-49.73296,-23.12796]}},{"type":"Feature","properties":{"tipo":"uhe","nome":"Jurumirim (Armando Avellanal Laydner)","pot_kw":100956.0},"geometry":{"type":"Point","coordinates":[-49.2304,-23.21021]}},{"type":"Feature","properties":{"tipo":"uhe","nome":"Pirajú","pot_kw":70000.0},"geometry":{"type":"Point","coordinates":[-49.37997,-23.15424]}},{"type":"Feature","properties":{"tipo":"uhe","nome":"Cubatão","pot_kw":45000.0},"geometry":{"type":"Point","coordinates":[-49.11357,-26.18262]}},{"type":"Feature","properties":{"tipo":"uhe","nome":"Canoas II","pot_kw":72000.0},"geometry":{"type":"Point","coordinates":[-50.25083,-22.93833]}},{"type":"Feature","properties":{"tipo":"uhe","nome":"São João","pot_kw":60000.0},"geometry":{"type":"Point","coordinates":[-52.46983,-26.19446]}},{"type":"Feature","properties":{"tipo":"uhe","nome":"Cachoeirinha","pot_kw":45000.0},"geometry":{"type":"Point","coordinates":[-52.53,-26.1575]}},{"type":"Feature","properties":{"tipo":"uhe","nome":"Apiaí-Guaçu","pot_kw":1912.5},"geometry":{"type":"Point","coordinates":[-48.72471,-24.00855]}},{"type":"Feature","properties":{"tipo":"uhe","nome":"Governador Jayme Canet Júnior (Antiga Mauá)","pot_kw":361000.0},"geometry":{"type":"Point","coordinates":[-50.70716,-24.06212]}},{"type":"Feature","properties":{"tipo":"uhe","nome":"Comissário","pot_kw":105300.0},"geometry":{"type":"Point","coordinates":[-53.15167,-24.41778]}},{"type":"Feature","properties":{"tipo":"uhe","nome":"Governador José Richa (Salto Caxias)","pot_kw":1240000.0},"geometry":{"type":"Point","coordinates":[-53.49806,-25.54305]}},{"type":"Feature","properties":{"tipo":"uhe","nome":"Mourão I","pot_kw":8200.0},"geometry":{"type":"Point","coordinates":[-52.33006,-24.10502]}},{"type":"Feature","properties":{"tipo":"uhe","nome":"São Jerônimo","pot_kw":331000.0},"geometry":{"type":"Point","coordinates":[-50.91439,-23.71766]}},{"type":"Feature","properties":{"tipo":"uhe","nome":"Cebolão Médio","pot_kw":120000.0},"geometry":{"type":"Point","coordinates":[-50.95889,-23.46139]}},{"type":"Feature","properties":{"tipo":"uhe","nome":"Limoeiro","pot_kw":142000.0},"geometry":{"type":"Point","coordinates":[-51.01861,-23.32806]}},{"type":"Feature","properties":{"tipo":"uhe","nome":"Santa Branca","pot_kw":62000.0},"geometry":{"type":"Point","coordinates":[-50.39917,-24.68111]}},{"type":"Feature","properties":{"tipo":"uhe","nome":"Fundão","pot_kw":120168.0},"geometry":{"type":"Point","coordinates":[-52.00202,-25.70345]}},{"type":"Feature","properties":{"tipo":"uhe","nome":"Santa Clara","pot_kw":120168.0},"geometry":{"type":"Point","coordinates":[-51.95688,-25.64562]}},{"type":"Feature","properties":{"tipo":"uhe","nome":"Cedros (Rio dos Cedros)","pot_kw":8400.0},"geometry":{"type":"Point","coordinates":[-49.35694,-26.645]}},{"type":"Feature","properties":{"tipo":"uhe","nome":"Paranapanema","pot_kw":31500.0},"geometry":{"type":"Point","coordinates":[-49.38447,-23.18769]}},{"type":"Feature","properties":{"tipo":"uhe","nome":"Ercilândia","pot_kw":96600.0},"geometry":{"type":"Point","coordinates":[-53.67056,-24.20528]}},{"type":"Feature","properties":{"tipo":"uhe","nome":"Apertados","pot_kw":139000.0},"geometry":{"type":"Point","coordinates":[-53.32639,-24.21]}},{"type":"Feature","properties":{"tipo":"uhe","nome":"Quebra Queixo","pot_kw":120000.0},"geometry":{"type":"Point","coordinates":[-52.54486,-26.65775]}},{"type":"Feature","properties":{"tipo":"uhe","nome":"Salto Santiago","pot_kw":1420000.0},"geometry":{"type":"Point","coordinates":[-52.61453,-25.62876]}},{"type":"Feature","properties":{"tipo":"uhe","nome":"Taquaruçu (Escola Politécnica)","pot_kw":525000.0},"geometry":{"type":"Point","coordinates":[-52.00025,-22.54367]}},{"type":"Feature","properties":{"tipo":"uhe","nome":"Carlos Mathias Becker","pot_kw":950.0},"geometry":{"type":"Point","coordinates":[-53.72306,-24.77611]}},{"type":"Feature","properties":{"tipo":"uhe","nome":"Governador Ney Aminthas de Barros Braga (Segredo)","pot_kw":1260000.0},"geometry":{"type":"Point","coordinates":[-52.11231,-25.79045]}},{"type":"Feature","properties":{"tipo":"uhe","nome":"Itaipu (Parte Brasileira)","pot_kw":7000000.0},"geometry":{"type":"Point","coordinates":[-54.58742,-25.40831]}},{"type":"Feature","properties":{"tipo":"uhe","nome":"Telêmaco Borba","pot_kw":109000.0},"geometry":{"type":"Point","coordinates":[-50.59083,-24.35167]}},{"type":"Feature","properties":{"tipo":"uhe","nome":"Salto Osório","pot_kw":1103670.0},"geometry":{"type":"Point","coordinates":[-53.00897,-25.53757]}},{"type":"Feature","properties":{"tipo":"uhe","nome":"Tibagi Montante","pot_kw":36018.0},"geometry":{"type":"Point","coordinates":[-50.40639,-24.53417]}},{"type":"Feature","properties":{"tipo":"uhe","nome":"Dois Vizinhos","pot_kw":36700.0},"geometry":{"type":"Point","coordinates":[-53.01944,-25.68361]}},{"type":"Feature","properties":{"tipo":"uhe","nome":"Governador Pedro Viriato Parigot de Souza (Capivari/Cachoeira)","pot_kw":260000.0},"geometry":{"type":"Point","coordinates":[-48.87444,-25.13833]}},{"type":"Feature","properties":{"tipo":"uhe","nome":"Tijuco Alto","pot_kw":144000.0},"geometry":{"type":"Point","coordinates":[-49.03472,-24.64944]}},{"type":"Feature","properties":{"tipo":"uhe","nome":"Salto Grande (Lucas Nogueira Garcez)","pot_kw":73800.0},"geometry":{"type":"Point","coordinates":[-49.99799,-22.9039]}},{"type":"Feature","properties":{"tipo":"uhe","nome":"Rosana","pot_kw":354000.0},"geometry":{"type":"Point","coordinates":[-52.86944,-22.6]}},{"type":"Feature","properties":{"tipo":"uhe","nome":"Salto Curucaca (Antiga Salto Curucaca II)","pot_kw":37042.0},"geometry":{"type":"Point","coordinates":[-51.81556,-25.53278]}},{"type":"Feature","properties":{"tipo":"uhe","nome":"Bracinho","pot_kw":15000.0},"geometry":{"type":"Point","coordinates":[-49.09537,-26.33001]}},{"type":"Feature","properties":{"tipo":"uhe","nome":"Palmeiras","pot_kw":24602.0},"geometry":{"type":"Point","coordinates":[-49.33854,-26.64887]}},{"type":"Feature","properties":{"tipo":"uhe","nome":"Capivara (Escola de Engenharia Mackenzie)","pot_kw":643000.0},"geometry":{"type":"Point","coordinates":[-51.35709,-22.65469]}},{"type":"Feature","properties":{"tipo":"uhe","nome":"Ourinhos","pot_kw":44000.0},"geometry":{"type":"Point","coordinates":[-49.83798,-23.06826]}},{"type":"Feature","properties":{"tipo":"uhe","nome":"Guaricana","pot_kw":36000.0},"geometry":{"type":"Point","coordinates":[-48.97297,-25.71494]}},{"type":"Feature","properties":{"tipo":"uhe","nome":"Baixo Iguaçu","pot_kw":350200.0},"geometry":{"type":"Point","coordinates":[-53.67167,-25.50333]}},{"type":"Feature","properties":{"tipo":"uhe","nome":"Salto Grande","pot_kw":49001.0},"geometry":{"type":"Point","coordinates":[-52.71514,-26.00925]}},{"type":"Feature","properties":{"tipo":"uhe","nome":"São Cristovão II","pot_kw":37000.0},"geometry":{"type":"Point","coordinates":[-51.76672,-23.93789]}},{"type":"Feature","properties":{"tipo":"uhe","nome":"Lajeadão III","pot_kw":46800.0},"geometry":{"type":"Point","coordinates":[-51.59744,-24.04458]}},{"type":"Feature","properties":{"tipo":"uhe","nome":"Porto Guaritá","pot_kw":47350.0},"geometry":{"type":"Point","coordinates":[-51.63333,-24.00447]}},{"type":"Feature","properties":{"tipo":"uhe","nome":"Saudade","pot_kw":46000.0},"geometry":{"type":"Point","coordinates":[-52.60639,-26.67528]}},{"type":"Feature","properties":{"tipo":"uhe","nome":"Governador Bento Munhoz da Rocha Netto (Foz do Areia)","pot_kw":1676000.0},"geometry":{"type":"Point","coordinates":[-51.66597,-26.00977]}},{"type":"Feature","properties":{"tipo":"uhe","nome":"São João do Ivaí IV","pot_kw":46550.0},"geometry":{"type":"Point","coordinates":[-51.8582,-23.92953]}},{"type":"Feature","properties":{"tipo":"uhe","nome":"Vila Rica","pot_kw":39100.0},"geometry":{"type":"Point","coordinates":[-51.9328,-23.92403]}},{"type":"Feature","properties":{"tipo":"uhe","nome":"União II Montante","pot_kw":67800.0},"geometry":{"type":"Point","coordinates":[-52.10689,-23.70508]}},{"type":"Feature","properties":{"tipo":"uhe","nome":"Paiçandu","pot_kw":103290.0},"geometry":{"type":"Point","coordinates":[-52.29861,-23.57945]}},{"type":"Feature","properties":{"tipo":"uhe","nome":"AMB 108","pot_kw":11700.0},"geometry":{"type":"Point","coordinates":[-54.30833,-23.10167]}},{"type":"Feature","properties":{"tipo":"uhe","nome":"Salto Ariranha II","pot_kw":36670.0},"geometry":{"type":"Point","coordinates":[-51.44442,-24.37436]}},{"type":"Feature","properties":{"tipo":"uhe","nome":"Usina e Fábrica de Papelão Apucaraninha","pot_kw":858.0},"geometry":{"type":"Point","coordinates":[-51.02511,-23.75042]}},{"type":"Feature","properties":{"tipo":"uhe","nome":"Pilões","pot_kw":60650.0},"geometry":{"type":"Point","coordinates":[-48.42944,-24.55389]}},{"type":"Feature","properties":{"tipo":"uhe","nome":"Batatal","pot_kw":40650.0},"geometry":{"type":"Point","coordinates":[-48.28306,-24.58778]}},{"type":"Feature","properties":{"tipo":"pch","nome":"Vila Galupo","pot_kw":5670.0},"geometry":{"type":"Point","coordinates":[-52.92442,-26.06067]}},{"type":"Feature","properties":{"tipo":"pch","nome":"Volta Grande","pot_kw":4500.0},"geometry":{"type":"Point","coordinates":[-51.59139,-25.65222]}},{"type":"Feature","properties":{"tipo":"pch","nome":"Cianorte","pot_kw":6000.0},"geometry":{"type":"Point","coordinates":[-52.52889,-23.71678]}},{"type":"Feature","properties":{"tipo":"pch","nome":"Foz do Catingueiro","pot_kw":3500.0},"geometry":{"type":"Point","coordinates":[-52.50952,-23.66762]}},{"type":"Feature","properties":{"tipo":"pch","nome":"Nossa Senhora de Fátima","pot_kw":4500.0},"geometry":{"type":"Point","coordinates":[-52.50045,-23.64692]}},{"type":"Feature","properties":{"tipo":"pch","nome":"Jussara","pot_kw":5000.0},"geometry":{"type":"Point","coordinates":[-52.49685,-23.6323]}},{"type":"Feature","properties":{"tipo":"pch","nome":"Cananéia","pot_kw":3500.0},"geometry":{"type":"Point","coordinates":[-52.4778,-23.59899]}},{"type":"Feature","properties":{"tipo":"pch","nome":"Ervalzinho Baixo","pot_kw":18100.0},"geometry":{"type":"Point","coordinates":[-52.205,-24.98639]}},{"type":"Feature","properties":{"tipo":"pch","nome":"Bonito B","pot_kw":18000.0},"geometry":{"type":"Point","coordinates":[-52.11981,-24.97735]}},{"type":"Feature","properties":{"tipo":"pch","nome":"Pinhalito","pot_kw":20400.0},"geometry":{"type":"Point","coordinates":[-52.66665,-24.9075]}},{"type":"Feature","properties":{"tipo":"pch","nome":"Porto da Bota","pot_kw":29600.0},"geometry":{"type":"Point","coordinates":[-52.74111,-24.86]}},{"type":"Feature","properties":{"tipo":"pch","nome":"Itapocuzinho IIA","pot_kw":11700.0},"geometry":{"type":"Point","coordinates":[-49.15289,-26.30218]}},{"type":"Feature","properties":{"tipo":"pch","nome":"Açungui 2E","pot_kw":5940.0},"geometry":{"type":"Point","coordinates":[-49.57576,-25.13823]}},{"type":"Feature","properties":{"tipo":"pch","nome":"Bedim","pot_kw":6000.0},"geometry":{"type":"Point","coordinates":[-52.95589,-26.09133]}},{"type":"Feature","properties":{"tipo":"pch","nome":"Prainha","pot_kw":13050.0},"geometry":{"type":"Point","coordinates":[-52.3025,-26.56944]}},{"type":"Feature","properties":{"tipo":"pch","nome":"Rio do Forno","pot_kw":9500.0},"geometry":{"type":"Point","coordinates":[-51.9875,-25.00833]}},{"type":"Feature","properties":{"tipo":"pch","nome":"Açungui 2F","pot_kw":9900.0},"geometry":{"type":"Point","coordinates":[-49.55992,-25.15707]}},{"type":"Feature","properties":{"tipo":"pch","nome":"Arturo Andreoli (Antiga Júlio de Mesquita Filho)","pot_kw":29072.0},"geometry":{"type":"Point","coordinates":[-53.11291,-25.57275]}},{"type":"Feature","properties":{"tipo":"pch","nome":"Pedrinho I","pot_kw":16200.0},"geometry":{"type":"Point","coordinates":[-51.43,-24.7875]}},{"type":"Feature","properties":{"tipo":"pch","nome":"Pesqueiro","pot_kw":10960.0},"geometry":{"type":"Point","coordinates":[-49.64393,-24.13329]}},{"type":"Feature","properties":{"tipo":"pch","nome":"Derivação do Rio Jordão","pot_kw":6500.0},"geometry":{"type":"Point","coordinates":[-52.08844,-25.7658]}},{"type":"Feature","properties":{"tipo":"pch","nome":"Cristo Rei","pot_kw":1800.0},"geometry":{"type":"Point","coordinates":[-52.29231,-24.0555]}},{"type":"Feature","properties":{"tipo":"pch","nome":"Cinzas","pot_kw":1400.0},"geometry":{"type":"Point","coordinates":[-49.96772,-24.09637]}},{"type":"Feature","properties":{"tipo":"pch","nome":"Rio Timbó","pot_kw":5500.0},"geometry":{"type":"Point","coordinates":[-50.78639,-26.49361]}},{"type":"Feature","properties":{"tipo":"pch","nome":"Ludesa","pot_kw":30000.0},"geometry":{"type":"Point","coordinates":[-52.49611,-26.57778]}},{"type":"Feature","properties":{"tipo":"pch","nome":"Fundão I","pot_kw":2475.0},"geometry":{"type":"Point","coordinates":[-52.00203,-25.70342]}},{"type":"Feature","properties":{"tipo":"pch","nome":"Victor Baptista Adami (Antiga Passos Maia)","pot_kw":25000.0},"geometry":{"type":"Point","coordinates":[-51.91861,-26.70333]}},{"type":"Feature","properties":{"tipo":"pch","nome":"Coronel Araújo","pot_kw":5800.0},"geometry":{"type":"Point","coordinates":[-51.75311,-26.67614]}},{"type":"Feature","properties":{"tipo":"pch","nome":"Contestado","pot_kw":5600.0},"geometry":{"type":"Point","coordinates":[-51.71578,-26.67493]}},{"type":"Feature","properties":{"tipo":"pch","nome":"Santa Luzia Alto","pot_kw":28500.0},"geometry":{"type":"Point","coordinates":[-52.53424,-26.61116]}},{"type":"Feature","properties":{"tipo":"pch","nome":"Mangueira de Pedra","pot_kw":12060.0},"geometry":{"type":"Point","coordinates":[-52.35583,-26.54861]}},{"type":"Feature","properties":{"tipo":"pch","nome":"Das Pedras","pot_kw":5600.0},"geometry":{"type":"Point","coordinates":[-51.78056,-26.67861]}},{"type":"Feature","properties":{"tipo":"pch","nome":"Vitorino","pot_kw":5280.0},"geometry":{"type":"Point","coordinates":[-52.78543,-25.99708]}},{"type":"Feature","properties":{"tipo":"pch","nome":"Salto Natal","pot_kw":15120.0},"geometry":{"type":"Point","coordinates":[-52.30024,-24.08704]}},{"type":"Feature","properties":{"tipo":"pch","nome":"Pardos","pot_kw":10000.0},"geometry":{"type":"Point","coordinates":[-50.98865,-26.44852]}},{"type":"Feature","properties":{"tipo":"pch","nome":"Rabo do Macaco","pot_kw":5700.0},"geometry":{"type":"Point","coordinates":[-49.3231,-26.35243]}},{"type":"Feature","properties":{"tipo":"pch","nome":"Meireles","pot_kw":5000.0},"geometry":{"type":"Point","coordinates":[-53.43372,-25.28819]}},{"type":"Feature","properties":{"tipo":"pch","nome":"Capetinga","pot_kw":90.0},"geometry":{"type":"Point","coordinates":[-53.38361,-26.51222]}},{"type":"Feature","properties":{"tipo":"pch","nome":"Cavernoso VII","pot_kw":3300.0},"geometry":{"type":"Point","coordinates":[-51.99611,-25.30757]}},{"type":"Feature","properties":{"tipo":"pch","nome":"Cavernoso V","pot_kw":4800.0},"geometry":{"type":"Point","coordinates":[-52.03035,-25.38212]}},{"type":"Feature","properties":{"tipo":"pch","nome":"Dona Aracy","pot_kw":5000.0},"geometry":{"type":"Point","coordinates":[-53.49812,-25.41117]}},{"type":"Feature","properties":{"tipo":"pch","nome":"Salto Grande","pot_kw":27300.0},"geometry":{"type":"Point","coordinates":[-52.26333,-25.00417]}},{"type":"Feature","properties":{"tipo":"pch","nome":"Barrinha","pot_kw":3300.0},"geometry":{"type":"Point","coordinates":[-52.90081,-26.69289]}},{"type":"Feature","properties":{"tipo":"pch","nome":"Jataí","pot_kw":3700.0},"geometry":{"type":"Point","coordinates":[-54.04944,-24.42389]}},{"type":"Feature","properties":{"tipo":"pch","nome":"Do Cobre","pot_kw":19000.0},"geometry":{"type":"Point","coordinates":[-52.35888,-25.05972]}},{"type":"Feature","properties":{"tipo":"pch","nome":"São Manoel","pot_kw":30000.0},"geometry":{"type":"Point","coordinates":[-52.42722,-25.03111]}},{"type":"Feature","properties":{"tipo":"pch","nome":"Bandeira","pot_kw":28000.0},"geometry":{"type":"Point","coordinates":[-52.56168,-25.0111]}},{"type":"Feature","properties":{"tipo":"pch","nome":"Bonito A","pot_kw":16700.0},"geometry":{"type":"Point","coordinates":[-52.0525,-24.98639]}},{"type":"Feature","properties":{"tipo":"pch","nome":"Cascudo","pot_kw":16500.0},"geometry":{"type":"Point","coordinates":[-52.59528,-24.95]}},{"type":"Feature","properties":{"tipo":"pch","nome":"Roncador","pot_kw":6000.0},"geometry":{"type":"Point","coordinates":[-53.31583,-26.46222]}},{"type":"Feature","properties":{"tipo":"pch","nome":"Rondinha","pot_kw":9600.0},"geometry":{"type":"Point","coordinates":[-52.04556,-26.68248]}},{"type":"Feature","properties":{"tipo":"pch","nome":"Araçá","pot_kw":3100.0},"geometry":{"type":"Point","coordinates":[-52.25233,-26.62557]}},{"type":"Feature","properties":{"tipo":"pch","nome":"Aliança","pot_kw":3650.0},"geometry":{"type":"Point","coordinates":[-53.43011,-25.19007]}},{"type":"Feature","properties":{"tipo":"pch","nome":"Barreiros","pot_kw":22138.7},"geometry":{"type":"Point","coordinates":[-52.17901,-26.68431]}},{"type":"Feature","properties":{"tipo":"pch","nome":"Macacos","pot_kw":9900.0},"geometry":{"type":"Point","coordinates":[-49.62417,-24.07222]}},{"type":"Feature","properties":{"tipo":"pch","nome":"Salto Mauá","pot_kw":16319.0},"geometry":{"type":"Point","coordinates":[-50.71083,-24.05889]}},{"type":"Feature","properties":{"tipo":"pch","nome":"Salto Palmital","pot_kw":1148.0},"geometry":{"type":"Point","coordinates":[-51.1014,-26.01437]}},{"type":"Feature","properties":{"tipo":"pch","nome":"Santa Rosa","pot_kw":9990.0},"geometry":{"type":"Point","coordinates":[-52.09607,-26.67632]}},{"type":"Feature","properties":{"tipo":"pch","nome":"Santa Cecília","pot_kw":2560.0},"geometry":{"type":"Point","coordinates":[-50.59188,-26.5691]}},{"type":"Feature","properties":{"tipo":"pch","nome":"Agrária","pot_kw":10000.0},"geometry":{"type":"Point","coordinates":[-51.41717,-25.58382]}},{"type":"Feature","properties":{"tipo":"pch","nome":"Salto do Macaco","pot_kw":6000.0},"geometry":{"type":"Point","coordinates":[-49.61715,-24.05048]}},{"type":"Feature","properties":{"tipo":"pch","nome":"Salto do Calabouço","pot_kw":1294.0},"geometry":{"type":"Point","coordinates":[-48.83232,-24.55414]}},{"type":"Feature","properties":{"tipo":"pch","nome":"Novo Cantu\r\n","pot_kw":22300.0},"geometry":{"type":"Point","coordinates":[-52.85861,-24.78194]}},{"type":"Feature","properties":{"tipo":"pch","nome":"Benessere","pot_kw":5700.0},"geometry":{"type":"Point","coordinates":[-53.41361,-26.65361]}},{"type":"Feature","properties":{"tipo":"pch","nome":"Serra da Piedade","pot_kw":6000.0},"geometry":{"type":"Point","coordinates":[-49.38855,-24.91077]}},{"type":"Feature","properties":{"tipo":"pch","nome":"D6","pot_kw":10000.0},"geometry":{"type":"Point","coordinates":[-50.97211,-23.88911]}},{"type":"Feature","properties":{"tipo":"pch","nome":"Da Potinga","pot_kw":6500.0},"geometry":{"type":"Point","coordinates":[-51.15127,-25.75755]}},{"type":"Feature","properties":{"tipo":"pch","nome":"Generoso","pot_kw":8000.0},"geometry":{"type":"Point","coordinates":[-53.07779,-25.61376]}},{"type":"Feature","properties":{"tipo":"pch","nome":"Boa Vista II","pot_kw":24000.0},"geometry":{"type":"Point","coordinates":[-51.38417,-24.94111]}},{"type":"Feature","properties":{"tipo":"pch","nome":"Foz do Estrela","pot_kw":29500.0},"geometry":{"type":"Point","coordinates":[-51.87783,-26.09317]}},{"type":"Feature","properties":{"tipo":"pch","nome":"Cavernoso IV","pot_kw":6000.0},"geometry":{"type":"Point","coordinates":[-52.08694,-25.42508]}},{"type":"Feature","properties":{"tipo":"pch","nome":"Cavernoso III","pot_kw":6500.0},"geometry":{"type":"Point","coordinates":[-52.19264,-25.47907]}},{"type":"Feature","properties":{"tipo":"pch","nome":"Ponte Branca","pot_kw":10500.0},"geometry":{"type":"Point","coordinates":[-49.21534,-22.87413]}},{"type":"Feature","properties":{"tipo":"pch","nome":"Dois Saltos","pot_kw":30000.0},"geometry":{"type":"Point","coordinates":[-50.94028,-25.17667]}},{"type":"Feature","properties":{"tipo":"pch","nome":"Taguá","pot_kw":6600.0},"geometry":{"type":"Point","coordinates":[-51.78334,-25.52338]}},{"type":"Feature","properties":{"tipo":"pch","nome":"Clairto Zonta","pot_kw":15000.0},"geometry":{"type":"Point","coordinates":[-51.34743,-24.30348]}},{"type":"Feature","properties":{"tipo":"pch","nome":"Rio Natal I","pot_kw":8480.0},"geometry":{"type":"Point","coordinates":[-49.24659,-26.30964]}},{"type":"Feature","properties":{"tipo":"pch","nome":"Salto Santo Antônio","pot_kw":10636.0},"geometry":{"type":"Point","coordinates":[-51.82444,-26.69944]}},{"type":"Feature","properties":{"tipo":"pch","nome":"Água Limpa","pot_kw":23400.0},"geometry":{"type":"Point","coordinates":[-53.32504,-24.12413]}},{"type":"Feature","properties":{"tipo":"pch","nome":"Catanduva","pot_kw":13000.0},"geometry":{"type":"Point","coordinates":[-51.84667,-26.19306]}},{"type":"Feature","properties":{"tipo":"pch","nome":"Dois Faróis","pot_kw":5040.0},"geometry":{"type":"Point","coordinates":[-51.16333,-26.01833]}},{"type":"Feature","properties":{"tipo":"pch","nome":"Foz dos Bandeirantes","pot_kw":7600.0},"geometry":{"type":"Point","coordinates":[-52.07922,-22.88716]}},{"type":"Feature","properties":{"tipo":"pch","nome":"Tapera Jusante","pot_kw":6500.0},"geometry":{"type":"Point","coordinates":[-52.26205,-25.51259]}},{"type":"Feature","properties":{"tipo":"pch","nome":"Pulo","pot_kw":8400.0},"geometry":{"type":"Point","coordinates":[-50.13438,-24.72185]}},{"type":"Feature","properties":{"tipo":"pch","nome":"Tamanduá","pot_kw":16000.0},"geometry":{"type":"Point","coordinates":[-50.75722,-26.49833]}},{"type":"Feature","properties":{"tipo":"pch","nome":"Canhadão","pot_kw":10000.0},"geometry":{"type":"Point","coordinates":[-52.21697,-25.98106]}},{"type":"Feature","properties":{"tipo":"pch","nome":"Castro","pot_kw":4000.0},"geometry":{"type":"Point","coordinates":[-50.11882,-24.7374]}},{"type":"Feature","properties":{"tipo":"pch","nome":"Cobre Km 19","pot_kw":14200.0},"geometry":{"type":"Point","coordinates":[-52.38657,-25.11859]}},{"type":"Feature","properties":{"tipo":"pch","nome":"Goiabeiras","pot_kw":12300.0},"geometry":{"type":"Point","coordinates":[-51.99586,-26.69808]}},{"type":"Feature","properties":{"tipo":"pch","nome":"Burro Branco","pot_kw":10000.0},"geometry":{"type":"Point","coordinates":[-51.25002,-25.80128]}},{"type":"Feature","properties":{"tipo":"pch","nome":"Santa Maria","pot_kw":5500.0},"geometry":{"type":"Point","coordinates":[-53.41778,-25.155]}},{"type":"Feature","properties":{"tipo":"pch","nome":"Fênix","pot_kw":10000.0},"geometry":{"type":"Point","coordinates":[-51.95282,-23.93806]}},{"type":"Feature","properties":{"tipo":"pch","nome":"Guarituba-R2","pot_kw":6150.0},"geometry":{"type":"Point","coordinates":[-49.77306,-25.05444]}},{"type":"Feature","properties":{"tipo":"pch","nome":"Santa Rita","pot_kw":4570.0},"geometry":{"type":"Point","coordinates":[-51.42952,-24.77458]}},{"type":"Feature","properties":{"tipo":"pch","nome":"São Francisco","pot_kw":6790.0},"geometry":{"type":"Point","coordinates":[-49.15656,-22.84503]}},{"type":"Feature","properties":{"tipo":"pch","nome":"Água da Onça","pot_kw":5100.0},"geometry":{"type":"Point","coordinates":[-49.12278,-22.84806]}},{"type":"Feature","properties":{"tipo":"pch","nome":"Tito (Antiga São Luiz) ","pot_kw":30000.0},"geometry":{"type":"Point","coordinates":[-52.42581,-26.24328]}},{"type":"Feature","properties":{"tipo":"pch","nome":"Foz do Curucaca","pot_kw":30000.0},"geometry":{"type":"Point","coordinates":[-52.39295,-26.25497]}},{"type":"Feature","properties":{"tipo":"pch","nome":"Salto das Flores","pot_kw":6700.0},"geometry":{"type":"Point","coordinates":[-53.65577,-26.6628]}},{"type":"Feature","properties":{"tipo":"pch","nome":"Três Capões Novo","pot_kw":10000.0},"geometry":{"type":"Point","coordinates":[-51.66078,-25.46354]}},{"type":"Feature","properties":{"tipo":"pch","nome":"Cavernoso II","pot_kw":19008.0},"geometry":{"type":"Point","coordinates":[-52.21556,-25.48806]}},{"type":"Feature","properties":{"tipo":"pch","nome":"Jacaré","pot_kw":5600.0},"geometry":{"type":"Point","coordinates":[-52.93276,-26.03923]}},{"type":"Feature","properties":{"tipo":"pch","nome":"Três Capões","pot_kw":1268.0},"geometry":{"type":"Point","coordinates":[-51.6625,-25.46444]}},{"type":"Feature","properties":{"tipo":"pch","nome":"Cavernoso","pot_kw":1300.0},"geometry":{"type":"Point","coordinates":[-52.21278,-25.49361]}},{"type":"Feature","properties":{"tipo":"pch","nome":"Chaminé","pot_kw":18000.0},"geometry":{"type":"Point","coordinates":[-49.06507,-25.82031]}},{"type":"Feature","properties":{"tipo":"pch","nome":"São Jorge","pot_kw":2300.0},"geometry":{"type":"Point","coordinates":[-50.06192,-25.01998]}},{"type":"Feature","properties":{"tipo":"pch","nome":"Espraiado","pot_kw":29000.0},"geometry":{"type":"Point","coordinates":[-50.78389,-26.50861]}},{"type":"Feature","properties":{"tipo":"pch","nome":"Apucaraninha","pot_kw":10000.0},"geometry":{"type":"Point","coordinates":[-50.90793,-23.74975]}},{"type":"Feature","properties":{"tipo":"pch","nome":"Água Tremida","pot_kw":8000.0},"geometry":{"type":"Point","coordinates":[-52.94778,-23.97194]}},{"type":"Feature","properties":{"tipo":"pch","nome":"Alberto Carraro","pot_kw":5400.0},"geometry":{"type":"Point","coordinates":[-51.93119,-26.39018]}},{"type":"Feature","properties":{"tipo":"pch","nome":"Bela Vista","pot_kw":29810.0},"geometry":{"type":"Point","coordinates":[-52.89861,-25.80694]}},{"type":"Feature","properties":{"tipo":"pch","nome":"Foz da Anta","pot_kw":12000.0},"geometry":{"type":"Point","coordinates":[-49.95778,-23.85333]}},{"type":"Feature","properties":{"tipo":"pch","nome":"Pardinho I","pot_kw":7030.0},"geometry":{"type":"Point","coordinates":[-48.58889,-25.01833]}},{"type":"Feature","properties":{"tipo":"pch","nome":"Foz do Prata","pot_kw":10330.0},"geometry":{"type":"Point","coordinates":[-49.83286,-26.69707]}},{"type":"Feature","properties":{"tipo":"pch","nome":"Zeca Golin (Antiga Fazenda do Salto)","pot_kw":9850.0},"geometry":{"type":"Point","coordinates":[-53.10264,-24.63758]}},{"type":"Feature","properties":{"tipo":"pch","nome":"Invernadinha","pot_kw":18000.0},"geometry":{"type":"Point","coordinates":[-52.17636,-26.03795]}},{"type":"Feature","properties":{"tipo":"pch","nome":"Cachoeira Brava","pot_kw":4000.0},"geometry":{"type":"Point","coordinates":[-49.39567,-24.73]}},{"type":"Feature","properties":{"tipo":"pch","nome":"São Francisco","pot_kw":14000.0},"geometry":{"type":"Point","coordinates":[-53.89278,-24.73306]}},{"type":"Feature","properties":{"tipo":"pch","nome":"Foz do Turvo","pot_kw":8500.0},"geometry":{"type":"Point","coordinates":[-51.30829,-25.82925]}},{"type":"Feature","properties":{"tipo":"pch","nome":"Confluência","pot_kw":27435.0},"geometry":{"type":"Point","coordinates":[-51.40864,-24.91889]}},{"type":"Feature","properties":{"tipo":"pch","nome":"Cantu 3","pot_kw":6964.6},"geometry":{"type":"Point","coordinates":[-52.37952,-24.73394]}},{"type":"Feature","properties":{"tipo":"pch","nome":"Tigre","pot_kw":9000.0},"geometry":{"type":"Point","coordinates":[-52.18022,-26.05319]}},{"type":"Feature","properties":{"tipo":"pch","nome":"São Jorge","pot_kw":8700.0},"geometry":{"type":"Point","coordinates":[-53.39167,-26.71083]}},{"type":"Feature","properties":{"tipo":"pch","nome":"Garça Branca","pot_kw":6500.0},"geometry":{"type":"Point","coordinates":[-53.43361,-26.57778]}},{"type":"Feature","properties":{"tipo":"pch","nome":"Fazenda da Onça","pot_kw":4100.0},"geometry":{"type":"Point","coordinates":[-53.1225,-24.68694]}},{"type":"Feature","properties":{"tipo":"pch","nome":"Salto Bandeirantes","pot_kw":4200.0},"geometry":{"type":"Point","coordinates":[-51.82437,-22.98642]}},{"type":"Feature","properties":{"tipo":"pch","nome":"Forquilha","pot_kw":5500.0},"geometry":{"type":"Point","coordinates":[-52.1835,-26.00544]}},{"type":"Feature","properties":{"tipo":"pch","nome":"Açungui 2C","pot_kw":13100.0},"geometry":{"type":"Point","coordinates":[-49.56588,-25.06105]}},{"type":"Feature","properties":{"tipo":"pch","nome":"Espera","pot_kw":9300.0},"geometry":{"type":"Point","coordinates":[-51.91944,-24.30361]}},{"type":"Feature","properties":{"tipo":"pch","nome":"Serra das Furnas","pot_kw":5800.0},"geometry":{"type":"Point","coordinates":[-49.94714,-24.22253]}},{"type":"Feature","properties":{"tipo":"pch","nome":"Grafeno","pot_kw":25000.0},"geometry":{"type":"Point","coordinates":[-52.48361,-26.18]}},{"type":"Feature","properties":{"tipo":"pch","nome":"Trindade Baixo Jusante","pot_kw":19500.0},"geometry":{"type":"Point","coordinates":[-52.29778,-26.285]}},{"type":"Feature","properties":{"tipo":"pch","nome":"Jaspe","pot_kw":5100.0},"geometry":{"type":"Point","coordinates":[-53.27921,-26.68362]}},{"type":"Feature","properties":{"tipo":"pch","nome":"Cantu 4","pot_kw":7000.0},"geometry":{"type":"Point","coordinates":[-52.29417,-24.72944]}},{"type":"Feature","properties":{"tipo":"pch","nome":"Cadeado","pot_kw":17300.0},"geometry":{"type":"Point","coordinates":[-52.25158,-26.28579]}},{"type":"Feature","properties":{"tipo":"pch","nome":"Boa Vista I","pot_kw":1192.0},"geometry":{"type":"Point","coordinates":[-51.38925,-24.93044]}},{"type":"Feature","properties":{"tipo":"pch","nome":"Bonanza","pot_kw":9900.0},"geometry":{"type":"Point","coordinates":[-50.48782,-23.31627]}},{"type":"Feature","properties":{"tipo":"pch","nome":"Luiz José Sguário (Jangai)","pot_kw":8302.0},"geometry":{"type":"Point","coordinates":[-49.63852,-24.13602]}},{"type":"Feature","properties":{"tipo":"pch","nome":"São João","pot_kw":21000.0},"geometry":{"type":"Point","coordinates":[-51.0,-25.08333]}},{"type":"Feature","properties":{"tipo":"pch","nome":"Tuneira","pot_kw":5400.0},"geometry":{"type":"Point","coordinates":[-53.95814,-24.90887]}},{"type":"Feature","properties":{"tipo":"pch","nome":"Turmalina","pot_kw":28000.0},"geometry":{"type":"Point","coordinates":[-52.48028,-26.18972]}},{"type":"Feature","properties":{"tipo":"pch","nome":"Jaguariaíva","pot_kw":8500.0},"geometry":{"type":"Point","coordinates":[-49.69149,-24.24155]}},{"type":"Feature","properties":{"tipo":"pch","nome":"Lajeado Grande","pot_kw":6502.0},"geometry":{"type":"Point","coordinates":[-51.73342,-25.87867]}},{"type":"Feature","properties":{"tipo":"pch","nome":"Açungui 2D","pot_kw":12000.0},"geometry":{"type":"Point","coordinates":[-49.5879,-25.07842]}},{"type":"Feature","properties":{"tipo":"pch","nome":"Encantado B","pot_kw":26000.0},"geometry":{"type":"Point","coordinates":[-48.23056,-24.39694]}},{"type":"Feature","properties":{"tipo":"pch","nome":"Bonanza (LC23)\r","pot_kw":6723.0},"geometry":{"type":"Point","coordinates":[-50.48361,-23.30444]}},{"type":"Feature","properties":{"tipo":"pch","nome":"Fortaleza","pot_kw":13000.0},"geometry":{"type":"Point","coordinates":[-50.38224,-24.4828]}},{"type":"Feature","properties":{"tipo":"pch","nome":"Porto Amazonas","pot_kw":7800.0},"geometry":{"type":"Point","coordinates":[-49.87905,-25.54669]}},{"type":"Feature","properties":{"tipo":"pch","nome":"Itaguaçu","pot_kw":14000.0},"geometry":{"type":"Point","coordinates":[-51.51929,-24.69465]}},{"type":"Feature","properties":{"tipo":"pch","nome":"Novo Horizonte","pot_kw":23000.0},"geometry":{"type":"Point","coordinates":[-48.62275,-25.00056]}},{"type":"Feature","properties":{"tipo":"pch","nome":"Saltinho","pot_kw":6970.0},"geometry":{"type":"Point","coordinates":[-51.34806,-25.93167]}},{"type":"Feature","properties":{"tipo":"pch","nome":"Abelardo Luz","pot_kw":29000.0},"geometry":{"type":"Point","coordinates":[-52.33976,-26.5581]}},{"type":"Feature","properties":{"tipo":"pch","nome":"Engenho Velho","pot_kw":9000.0},"geometry":{"type":"Point","coordinates":[-51.85104,-26.17794]}},{"type":"Feature","properties":{"tipo":"pch","nome":"Monte Negro (Antiga Faxinal dos Santos)\r\n","pot_kw":9000.0},"geometry":{"type":"Point","coordinates":[-51.63033,-26.27914]}},{"type":"Feature","properties":{"tipo":"pch","nome":"Coxilha Bonita","pot_kw":7000.0},"geometry":{"type":"Point","coordinates":[-53.58407,-25.88656]}},{"type":"Feature","properties":{"tipo":"pch","nome":"Butiá","pot_kw":6000.0},"geometry":{"type":"Point","coordinates":[-52.08891,-26.06271]}},{"type":"Feature","properties":{"tipo":"pch","nome":"Da Barra","pot_kw":5701.0},"geometry":{"type":"Point","coordinates":[-52.13012,-23.72339]}},{"type":"Feature","properties":{"tipo":"pch","nome":"Foz","pot_kw":7000.0},"geometry":{"type":"Point","coordinates":[-52.87376,-25.9361]}},{"type":"Feature","properties":{"tipo":"pch","nome":"Paredinha","pot_kw":21000.0},"geometry":{"type":"Point","coordinates":[-51.4296,-24.93619]}},{"type":"Feature","properties":{"tipo":"pch","nome":"Paranhos Montante","pot_kw":21000.0},"geometry":{"type":"Point","coordinates":[-53.04,-25.66083]}},{"type":"Feature","properties":{"tipo":"pch","nome":"Cinco Cantos","pot_kw":7000.0},"geometry":{"type":"Point","coordinates":[-54.01326,-24.73781]}},{"type":"Feature","properties":{"tipo":"pch","nome":"Foz do Santana","pot_kw":25000.0},"geometry":{"type":"Point","coordinates":[-52.85472,-25.89833]}},{"type":"Feature","properties":{"tipo":"pch","nome":"Iapó","pot_kw":20077.0},"geometry":{"type":"Point","coordinates":[-50.29772,-24.51897]}},{"type":"Feature","properties":{"tipo":"pch","nome":"Salto Grande","pot_kw":10000.0},"geometry":{"type":"Point","coordinates":[-52.03598,-23.02161]}},{"type":"Feature","properties":{"tipo":"pch","nome":"Itaguajé","pot_kw":7300.0},"geometry":{"type":"Point","coordinates":[-51.99681,-22.61706]}},{"type":"Feature","properties":{"tipo":"pch","nome":"Niágara","pot_kw":22226.0},"geometry":{"type":"Point","coordinates":[-49.38612,-22.88611]}},{"type":"Feature","properties":{"tipo":"pch","nome":"Santana","pot_kw":24248.0},"geometry":{"type":"Point","coordinates":[-49.78944,-22.9675]}},{"type":"Feature","properties":{"tipo":"pch","nome":"Figueira Branca","pot_kw":20207.0},"geometry":{"type":"Point","coordinates":[-49.46333,-22.90583]}},{"type":"Feature","properties":{"tipo":"pch","nome":"Santa Mariana","pot_kw":6700.0},"geometry":{"type":"Point","coordinates":[-50.45925,-23.09537]}},{"type":"Feature","properties":{"tipo":"pch","nome":"São João II","pot_kw":7000.0},"geometry":{"type":"Point","coordinates":[-50.98803,-25.04709]}},{"type":"Feature","properties":{"tipo":"pch","nome":"Tuneiras II","pot_kw":6000.0},"geometry":{"type":"Point","coordinates":[-51.53232,-24.73006]}},{"type":"Feature","properties":{"tipo":"pch","nome":"Km 19","pot_kw":10000.0},"geometry":{"type":"Point","coordinates":[-50.94664,-25.14945]}},{"type":"Feature","properties":{"tipo":"pch","nome":"Pituquinhas","pot_kw":13300.0},"geometry":{"type":"Point","coordinates":[-51.97941,-25.75254]}},{"type":"Feature","properties":{"tipo":"pch","nome":"Foz do Capão Grande","pot_kw":11205.0},"geometry":{"type":"Point","coordinates":[-52.02305,-25.75945]}},{"type":"Feature","properties":{"tipo":"pch","nome":"Capela","pot_kw":6100.0},"geometry":{"type":"Point","coordinates":[-51.99125,-25.8099]}},{"type":"Feature","properties":{"tipo":"pch","nome":"Caratuva","pot_kw":8001.0},"geometry":{"type":"Point","coordinates":[-49.59556,-24.97528]}},{"type":"Feature","properties":{"tipo":"pch","nome":"Bruaca","pot_kw":15000.0},"geometry":{"type":"Point","coordinates":[-49.38201,-26.42146]}},{"type":"Feature","properties":{"tipo":"pch","nome":"Engenheiro Beltrão","pot_kw":5200.0},"geometry":{"type":"Point","coordinates":[-52.24408,-23.84913]}},{"type":"Feature","properties":{"tipo":"pch","nome":"Amparo","pot_kw":7500.0},"geometry":{"type":"Point","coordinates":[-51.85542,-26.69722]}},{"type":"Feature","properties":{"tipo":"pch","nome":"Paiol Grande","pot_kw":16000.0},"geometry":{"type":"Point","coordinates":[-51.65734,-26.26738]}},{"type":"Feature","properties":{"tipo":"pch","nome":"Macuco","pot_kw":730.0},"geometry":{"type":"Point","coordinates":[-53.995,-25.07056]}},{"type":"Feature","properties":{"tipo":"pch","nome":"Catas Altas II","pot_kw":3500.0},"geometry":{"type":"Point","coordinates":[-49.13333,-24.6]}},{"type":"Feature","properties":{"tipo":"pch","nome":"Açungui 2G","pot_kw":9500.0},"geometry":{"type":"Point","coordinates":[-49.56719,-25.20562]}},{"type":"Feature","properties":{"tipo":"pch","nome":"Maria Beatriz","pot_kw":12000.0},"geometry":{"type":"Point","coordinates":[-49.475,-24.93806]}},{"type":"Feature","properties":{"tipo":"pch","nome":"Das Almas","pot_kw":7000.0},"geometry":{"type":"Point","coordinates":[-49.38047,-24.74056]}},{"type":"Feature","properties":{"tipo":"pch","nome":"Recanto","pot_kw":740.0},"geometry":{"type":"Point","coordinates":[-53.20333,-24.80056]}},{"type":"Feature","properties":{"tipo":"pch","nome":"Lucia Cherobim","pot_kw":28000.0},"geometry":{"type":"Point","coordinates":[-49.85445,-25.55194]}},{"type":"Feature","properties":{"tipo":"pch","nome":"São Jerônimo","pot_kw":15500.0},"geometry":{"type":"Point","coordinates":[-51.44474,-25.65712]}},{"type":"Feature","properties":{"tipo":"pch","nome":"Pinhalzinho","pot_kw":10000.0},"geometry":{"type":"Point","coordinates":[-51.35333,-25.88095]}},{"type":"Feature","properties":{"tipo":"pch","nome":"Piraju II","pot_kw":28500.0},"geometry":{"type":"Point","coordinates":[-49.41028,-23.15417]}},{"type":"Feature","properties":{"tipo":"pch","nome":"Rancho Grande","pot_kw":20500.0},"geometry":{"type":"Point","coordinates":[-52.16636,-26.32189]}},{"type":"Feature","properties":{"tipo":"pch","nome":"Alto Chopim","pot_kw":21000.0},"geometry":{"type":"Point","coordinates":[-52.08887,-26.31338]}},{"type":"Feature","properties":{"tipo":"pch","nome":"Arrozeira Meyer","pot_kw":24000.0},"geometry":{"type":"Point","coordinates":[-49.33256,-26.66181]}},{"type":"Feature","properties":{"tipo":"pch","nome":"Cachoeira Poço Preto II","pot_kw":8091.0},"geometry":{"type":"Point","coordinates":[-49.45779,-24.04791]}},{"type":"Feature","properties":{"tipo":"pch","nome":"Ricardo Marins","pot_kw":9600.0},"geometry":{"type":"Point","coordinates":[-50.75186,-26.55696]}},{"type":"Feature","properties":{"tipo":"pch","nome":"Minucci","pot_kw":7000.0},"geometry":{"type":"Point","coordinates":[-53.42696,-25.25869]}},{"type":"Feature","properties":{"tipo":"pch","nome":"São Salvador","pot_kw":5700.0},"geometry":{"type":"Point","coordinates":[-53.39917,-25.12958]}},{"type":"Feature","properties":{"tipo":"pch","nome":"Itabaiana","pot_kw":780.0},"geometry":{"type":"Point","coordinates":[-53.9975,-25.05389]}},{"type":"Feature","properties":{"tipo":"pch","nome":"Santa Cecília","pot_kw":830.0},"geometry":{"type":"Point","coordinates":[-53.94861,-25.09722]}},{"type":"Feature","properties":{"tipo":"pch","nome":"Grandes Rios","pot_kw":25800.0},"geometry":{"type":"Point","coordinates":[-51.54294,-24.17931]}},{"type":"Feature","properties":{"tipo":"pch","nome":"Coqueiro","pot_kw":28100.0},"geometry":{"type":"Point","coordinates":[-51.56064,-24.13083]}},{"type":"Feature","properties":{"tipo":"pch","nome":"Dom Antônio","pot_kw":9500.0},"geometry":{"type":"Point","coordinates":[-53.47676,-25.35359]}},{"type":"Feature","properties":{"tipo":"pch","nome":"Dona Amélia II","pot_kw":9900.0},"geometry":{"type":"Point","coordinates":[-53.45983,-25.3179]}},{"type":"Feature","properties":{"tipo":"pch","nome":"Salto Alemã","pot_kw":29800.0},"geometry":{"type":"Point","coordinates":[-52.59778,-26.07583]}},{"type":"Feature","properties":{"tipo":"pch","nome":"Vista Alegre","pot_kw":10000.0},"geometry":{"type":"Point","coordinates":[-51.76171,-26.24944]}},{"type":"Feature","properties":{"tipo":"pch","nome":"Salto da Barra","pot_kw":9000.0},"geometry":{"type":"Point","coordinates":[-52.09775,-26.01117]}},{"type":"Feature","properties":{"tipo":"pch","nome":"Itaóca","pot_kw":29000.0},"geometry":{"type":"Point","coordinates":[-48.86025,-24.67057]}},{"type":"Feature","properties":{"tipo":"pch","nome":"Água Branca","pot_kw":22500.0},"geometry":{"type":"Point","coordinates":[-49.51113,-24.91066]}},{"type":"Feature","properties":{"tipo":"pch","nome":"São Jorge I","pot_kw":1200.0},"geometry":{"type":"Point","coordinates":[-51.52363,-24.70831]}},{"type":"Feature","properties":{"tipo":"pch","nome":"Ampére","pot_kw":9999.0},"geometry":{"type":"Point","coordinates":[-53.56584,-25.9386]}},{"type":"Feature","properties":{"tipo":"pch","nome":"Escola Rio Natal","pot_kw":3100.0},"geometry":{"type":"Point","coordinates":[-49.28252,-26.37621]}},{"type":"Feature","properties":{"tipo":"pch","nome":"Km 14","pot_kw":8300.0},"geometry":{"type":"Point","coordinates":[-50.93278,-25.10889]}},{"type":"Feature","properties":{"tipo":"pch","nome":"Torrão de Ouro","pot_kw":8000.0},"geometry":{"type":"Point","coordinates":[-50.47468,-23.24863]}},{"type":"Feature","properties":{"tipo":"pch","nome":"Lombo do Cavalo","pot_kw":5600.0},"geometry":{"type":"Point","coordinates":[-53.40695,-26.51833]}},{"type":"Feature","properties":{"tipo":"pch","nome":"Aparecida","pot_kw":7500.0},"geometry":{"type":"Point","coordinates":[-52.29082,-26.57572]}},{"type":"Feature","properties":{"tipo":"pch","nome":"Rio dos Índios","pot_kw":9500.0},"geometry":{"type":"Point","coordinates":[-52.61841,-23.48097]}},{"type":"Feature","properties":{"tipo":"pch","nome":"Cantu 1","pot_kw":10000.0},"geometry":{"type":"Point","coordinates":[-52.59406,-24.76786]}},{"type":"Feature","properties":{"tipo":"pch","nome":"Córrego Fundo","pot_kw":10000.0},"geometry":{"type":"Point","coordinates":[-52.05254,-22.70297]}},{"type":"Feature","properties":{"tipo":"pch","nome":"Beira Rio","pot_kw":18150.0},"geometry":{"type":"Point","coordinates":[-49.62092,-24.09708]}},{"type":"Feature","properties":{"tipo":"pch","nome":"Benessere (A1E6)\r\n","pot_kw":5200.0},"geometry":{"type":"Point","coordinates":[-53.41583,-26.63779]}},{"type":"Feature","properties":{"tipo":"pch","nome":"Criciúma","pot_kw":6000.0},"geometry":{"type":"Point","coordinates":[-52.21995,-26.66072]}},{"type":"Feature","properties":{"tipo":"pch","nome":"Maria Theresa","pot_kw":8197.2},"geometry":{"type":"Point","coordinates":[-51.00172,-24.45428]}},{"type":"Feature","properties":{"tipo":"pch","nome":"João Paulo","pot_kw":6300.0},"geometry":{"type":"Point","coordinates":[-51.29457,-24.18095]}},{"type":"Feature","properties":{"tipo":"pch","nome":"Totô","pot_kw":5175.0},"geometry":{"type":"Point","coordinates":[-51.39612,-24.14464]}},{"type":"Feature","properties":{"tipo":"pch","nome":"Aliança","pot_kw":5540.0},"geometry":{"type":"Point","coordinates":[-51.69445,-25.85222]}},{"type":"Feature","properties":{"tipo":"pch","nome":"Ortigueira","pot_kw":5102.2},"geometry":{"type":"Point","coordinates":[-50.84585,-24.1569]}},{"type":"Feature","properties":{"tipo":"pch","nome":"Moquém","pot_kw":8500.0},"geometry":{"type":"Point","coordinates":[-49.29806,-24.6745]}},{"type":"Feature","properties":{"tipo":"pch","nome":"Tourinho","pot_kw":7000.0},"geometry":{"type":"Point","coordinates":[-53.04822,-24.83292]}},{"type":"Feature","properties":{"tipo":"pch","nome":"São Jorge","pot_kw":24000.0},"geometry":{"type":"Point","coordinates":[-52.92027,-25.75415]}},{"type":"Feature","properties":{"tipo":"pch","nome":"Verê","pot_kw":30000.0},"geometry":{"type":"Point","coordinates":[-52.96389,-25.78471]}},{"type":"Feature","properties":{"tipo":"pch","nome":"Resistência","pot_kw":5400.0},"geometry":{"type":"Point","coordinates":[-53.4671,-24.30306]}},{"type":"Feature","properties":{"tipo":"pch","nome":"Joinville","pot_kw":19000.0},"geometry":{"type":"Point","coordinates":[-49.10194,-26.19333]}},{"type":"Feature","properties":{"tipo":"pch","nome":"Órion","pot_kw":7000.0},"geometry":{"type":"Point","coordinates":[-51.93861,-26.18194]}},{"type":"Feature","properties":{"tipo":"pch","nome":"Prata","pot_kw":5500.0},"geometry":{"type":"Point","coordinates":[-49.05184,-26.18544]}},{"type":"Feature","properties":{"tipo":"pch","nome":"Cajati","pot_kw":5099.0},"geometry":{"type":"Point","coordinates":[-49.0317,-26.16249]}},{"type":"Feature","properties":{"tipo":"pch","nome":"Rosal do Cruzeiro","pot_kw":6000.0},"geometry":{"type":"Point","coordinates":[-52.0475,-26.33583]}},{"type":"Feature","properties":{"tipo":"pch","nome":"Padre Ponciano","pot_kw":6200.0},"geometry":{"type":"Point","coordinates":[-51.78386,-26.42234]}},{"type":"Feature","properties":{"tipo":"pch","nome":"Foz do Prata","pot_kw":10330.0},"geometry":{"type":"Point","coordinates":[-49.8816,-26.62407]}},{"type":"Feature","properties":{"tipo":"pch","nome":"Mariposa","pot_kw":20000.0},"geometry":{"type":"Point","coordinates":[-52.44611,-26.20861]}},{"type":"Feature","properties":{"tipo":"pch","nome":"Bandeirantes (CD5)","pot_kw":8532.0},"geometry":{"type":"Point","coordinates":[-50.33167,-23.07028]}},{"type":"Feature","properties":{"tipo":"pch","nome":"Andirá (CE7)","pot_kw":6213.0},"geometry":{"type":"Point","coordinates":[-50.26139,-23.10611]}},{"type":"Feature","properties":{"tipo":"pch","nome":"Dionis Kempe (CG10)\r","pot_kw":9690.0},"geometry":{"type":"Point","coordinates":[-50.2331,-23.21159]}},{"type":"Feature","properties":{"tipo":"pch","nome":"Santo Antônio (CH12)","pot_kw":6285.0},"geometry":{"type":"Point","coordinates":[-50.21167,-23.25722]}},{"type":"Feature","properties":{"tipo":"pch","nome":"Tomazina (CL17)","pot_kw":7822.0},"geometry":{"type":"Point","coordinates":[-49.95118,-23.79304]}},{"type":"Feature","properties":{"tipo":"pch","nome":"Arapoti (CN19)\r","pot_kw":6000.42},"geometry":{"type":"Point","coordinates":[-49.94417,-24.18083]}},{"type":"Feature","properties":{"tipo":"pch","nome":"Serra das Furnas (CO20)\r","pot_kw":5078.0},"geometry":{"type":"Point","coordinates":[-49.95444,-24.22306]}},{"type":"Feature","properties":{"tipo":"pch","nome":"Nova Fátima (LE26)","pot_kw":7619.4},"geometry":{"type":"Point","coordinates":[-50.44176,-23.4047]}},{"type":"Feature","properties":{"tipo":"pch","nome":"Onix","pot_kw":17600.0},"geometry":{"type":"Point","coordinates":[-52.51561,-26.17459]}},{"type":"Feature","properties":{"tipo":"pch","nome":"Santa Rita","pot_kw":null},"geometry":{"type":"Point","coordinates":[-49.49033,-25.19844]}},{"type":"Feature","properties":{"tipo":"pch","nome":"Joelci Carraro ( Antiga Ágata)\r\n","pot_kw":19999.0},"geometry":{"type":"Point","coordinates":[-52.45528,-26.22111]}},{"type":"Feature","properties":{"tipo":"pch","nome":"Safira","pot_kw":28000.0},"geometry":{"type":"Point","coordinates":[-52.52634,-26.17489]}},{"type":"Feature","properties":{"tipo":"pch","nome":"Guaratuba","pot_kw":9200.0},"geometry":{"type":"Point","coordinates":[-48.86556,-25.77917]}},{"type":"Feature","properties":{"tipo":"pch","nome":"Santa Paula","pot_kw":3100.0},"geometry":{"type":"Point","coordinates":[-51.46554,-25.44462]}},{"type":"Feature","properties":{"tipo":"pch","nome":"Marrecas","pot_kw":5150.0},"geometry":{"type":"Point","coordinates":[-51.36727,-24.86312]}},{"type":"Feature","properties":{"tipo":"pch","nome":"Jaquatirica","pot_kw":13800.0},"geometry":{"type":"Point","coordinates":[-48.83194,-25.8025]}},{"type":"Feature","properties":{"tipo":"pch","nome":"Água Clara","pot_kw":5500.0},"geometry":{"type":"Point","coordinates":[-52.82361,-24.00667]}},{"type":"Feature","properties":{"tipo":"pch","nome":"Água Espraiada","pot_kw":7400.0},"geometry":{"type":"Point","coordinates":[-53.25028,-23.96333]}},{"type":"Feature","properties":{"tipo":"pch","nome":"Água Nova","pot_kw":7400.0},"geometry":{"type":"Point","coordinates":[-52.76861,-24.02389]}},{"type":"Feature","properties":{"tipo":"pch","nome":"Bonet","pot_kw":5200.0},"geometry":{"type":"Point","coordinates":[-50.59139,-26.56861]}},{"type":"Feature","properties":{"tipo":"pch","nome":"Açungui 2A","pot_kw":5100.0},"geometry":{"type":"Point","coordinates":[-49.47583,-24.92028]}},{"type":"Feature","properties":{"tipo":"pch","nome":"Ribeirão Bonito","pot_kw":6300.0},"geometry":{"type":"Point","coordinates":[-49.33535,-24.75833]}},{"type":"Feature","properties":{"tipo":"pch","nome":"Matão","pot_kw":5500.0},"geometry":{"type":"Point","coordinates":[-51.22306,-25.72444]}},{"type":"Feature","properties":{"tipo":"pch","nome":"Palmito","pot_kw":6000.0},"geometry":{"type":"Point","coordinates":[-48.94444,-25.73111]}},{"type":"Feature","properties":{"tipo":"pch","nome":"São José","pot_kw":1100.0},"geometry":{"type":"Point","coordinates":[-52.19167,-26.61972]}},{"type":"Feature","properties":{"tipo":"pch","nome":"Santa Clara I","pot_kw":3600.0},"geometry":{"type":"Point","coordinates":[-51.95689,-25.64559]}},{"type":"Feature","properties":{"tipo":"pch","nome":"Covó","pot_kw":5000.0},"geometry":{"type":"Point","coordinates":[-52.15111,-25.97389]}},{"type":"Feature","properties":{"tipo":"pch","nome":"Granada","pot_kw":3750.0},"geometry":{"type":"Point","coordinates":[-53.31294,-26.70722]}},{"type":"Feature","properties":{"tipo":"pch","nome":"Itararé II","pot_kw":5120.0},"geometry":{"type":"Point","coordinates":[-49.35684,-24.1245]}},{"type":"Feature","properties":{"tipo":"pch","nome":"AMB 145B","pot_kw":13800.0},"geometry":{"type":"Point","coordinates":[-54.48167,-23.03972]}},{"type":"Feature","properties":{"tipo":"pch","nome":"Guartelá","pot_kw":4400.0},"geometry":{"type":"Point","coordinates":[-50.29754,-24.52134]}},{"type":"Feature","properties":{"tipo":"pch","nome":"Prof. Hélio Naumann (Antiga PCH Japonesa)","pot_kw":10000.0},"geometry":{"type":"Point","coordinates":[-52.09087,-22.78947]}},{"type":"Feature","properties":{"tipo":"pch","nome":"Arraial","pot_kw":5400.0},"geometry":{"type":"Point","coordinates":[-48.92611,-25.74694]}},{"type":"Feature","properties":{"tipo":"pch","nome":"Arrieiros (Usina B - Eixo III)","pot_kw":7000.0},"geometry":{"type":"Point","coordinates":[-49.57888,-24.95022]}},{"type":"Feature","properties":{"tipo":"pch","nome":"Quati","pot_kw":15000.0},"geometry":{"type":"Point","coordinates":[-48.87667,-25.81111]}},{"type":"Feature","properties":{"tipo":"pch","nome":"Moinho","pot_kw":3700.0},"geometry":{"type":"Point","coordinates":[-54.02778,-24.41917]}},{"type":"Feature","properties":{"tipo":"pch","nome":"Napoleão de Brito (AMB-175C)","pot_kw":10100.0},"geometry":{"type":"Point","coordinates":[-54.61622,-22.93072]}},{"type":"Feature","properties":{"tipo":"pch","nome":"Cantú 2","pot_kw":1956.59},"geometry":{"type":"Point","coordinates":[-52.46849,-24.7479]}},{"type":"Feature","properties":{"tipo":"pch","nome":"Tempestade","pot_kw":5200.0},"geometry":{"type":"Point","coordinates":[-53.31234,-25.36742]}},{"type":"Feature","properties":{"tipo":"pch","nome":"Vale do Codó","pot_kw":5150.0},"geometry":{"type":"Point","coordinates":[-49.69028,-24.3425]}},{"type":"Feature","properties":{"tipo":"pch","nome":"Cerrado","pot_kw":13100.0},"geometry":{"type":"Point","coordinates":[-49.65139,-24.15889]}},{"type":"Feature","properties":{"tipo":"pch","nome":"Godoy Moreira","pot_kw":11300.0},"geometry":{"type":"Point","coordinates":[-51.98017,-24.22633]}},{"type":"Feature","properties":{"tipo":"pch","nome":"Santa Terezinha","pot_kw":5550.0},"geometry":{"type":"Point","coordinates":[-51.52723,-23.86222]}},{"type":"Feature","properties":{"tipo":"pch","nome":"Eng. Faller","pot_kw":5100.0},"geometry":{"type":"Point","coordinates":[-51.59249,-23.86166]}},{"type":"Feature","properties":{"tipo":"pch","nome":"Barra Bonita","pot_kw":3100.0},"geometry":{"type":"Point","coordinates":[-53.4225,-26.66972]}},{"type":"Feature","properties":{"tipo":"pch","nome":"Sanga Gomes","pot_kw":3050.0},"geometry":{"type":"Point","coordinates":[-53.42888,-26.61416]}},{"type":"Feature","properties":{"tipo":"pch","nome":"Catuporanga","pot_kw":5000.0},"geometry":{"type":"Point","coordinates":[-51.84056,-24.51084]}},{"type":"Feature","properties":{"tipo":"pch","nome":"Novo Horizonte","pot_kw":3150.0},"geometry":{"type":"Point","coordinates":[-54.53214,-25.58425]}},{"type":"Feature","properties":{"tipo":"pch","nome":"Dona Rita","pot_kw":8900.0},"geometry":{"type":"Point","coordinates":[-51.0325,-24.41139]}},{"type":"Feature","properties":{"tipo":"pch","nome":"Galo Cinza","pot_kw":6500.0},"geometry":{"type":"Point","coordinates":[-51.10611,-24.29167]}},{"type":"Feature","properties":{"tipo":"pch","nome":"Da Alice","pot_kw":5800.0},"geometry":{"type":"Point","coordinates":[-51.20861,-24.22833]}},{"type":"Feature","properties":{"tipo":"pch","nome":"Pinhal Preto","pot_kw":3800.0},"geometry":{"type":"Point","coordinates":[-53.05743,-24.85401]}},{"type":"Feature","properties":{"tipo":"pch","nome":"Petra-R2","pot_kw":5570.0},"geometry":{"type":"Point","coordinates":[-49.65167,-25.00806]}},{"type":"Feature","properties":{"tipo":"pch","nome":"Anhembi Alto","pot_kw":12500.0},"geometry":{"type":"Point","coordinates":[-48.06917,-22.82167]}},{"type":"Feature","properties":{"tipo":"pch","nome":"Maratana","pot_kw":7250.0},"geometry":{"type":"Point","coordinates":[-54.01318,-24.89969]}},{"type":"Feature","properties":{"tipo":"pch","nome":"Corvo Branco","pot_kw":6000.0},"geometry":{"type":"Point","coordinates":[-54.11775,-24.86784]}},{"type":"Feature","properties":{"tipo":"pch","nome":"Coelho","pot_kw":11000.0},"geometry":{"type":"Point","coordinates":[-49.07528,-26.19139]}},{"type":"Feature","properties":{"tipo":"pch","nome":"Cantu 5\r\n","pot_kw":11900.0},"geometry":{"type":"Point","coordinates":[-52.845,-24.7425]}},{"type":"Feature","properties":{"tipo":"pch","nome":"Barra do São Pedro","pot_kw":5400.0},"geometry":{"type":"Point","coordinates":[-48.25611,-24.37167]}},{"type":"Feature","properties":{"tipo":"pch","nome":"F10","pot_kw":6300.0},"geometry":{"type":"Point","coordinates":[-49.45637,-24.90872]}},{"type":"Feature","properties":{"tipo":"pch","nome":"D8","pot_kw":7200.0},"geometry":{"type":"Point","coordinates":[-49.43083,-24.91417]}},{"type":"Feature","properties":{"tipo":"pch","nome":"C6","pot_kw":12500.0},"geometry":{"type":"Point","coordinates":[-49.43291,-24.89956]}},{"type":"Feature","properties":{"tipo":"pch","nome":"Pinhal Grande (A3)","pot_kw":13000.0},"geometry":{"type":"Point","coordinates":[-49.37056,-24.82528]}},{"type":"Feature","properties":{"tipo":"pch","nome":"Sete Barras","pot_kw":25300.0},"geometry":{"type":"Point","coordinates":[-48.81333,-24.67056]}},{"type":"Feature","properties":{"tipo":"pch","nome":"Porto Velho","pot_kw":19550.0},"geometry":{"type":"Point","coordinates":[-48.75917,-24.68083]}},{"type":"Feature","properties":{"tipo":"pch","nome":"Iporanga II","pot_kw":67200.0},"geometry":{"type":"Point","coordinates":[-48.62167,-24.62167]}},{"type":"Feature","properties":{"tipo":"pch","nome":"Taquari","pot_kw":26900.0},"geometry":{"type":"Point","coordinates":[-48.17889,-24.56167]}},{"type":"Feature","properties":{"tipo":"pch","nome":"Itambaracá (CA1)\r","pot_kw":8620.0},"geometry":{"type":"Point","coordinates":[-50.53444,-22.96333]}},{"type":"Feature","properties":{"tipo":"pch","nome":"Senhora Mariana (LA21)\r","pot_kw":5260.0},"geometry":{"type":"Point","coordinates":[-50.44722,-23.05444]}},{"type":"Feature","properties":{"tipo":"pch","nome":"Pedra do Amor (CB3)","pot_kw":5370.0},"geometry":{"type":"Point","coordinates":[-50.4425,-23.03889]}},{"type":"Feature","properties":{"tipo":"pch","nome":"Ribeirão (CC4)","pot_kw":5050.0},"geometry":{"type":"Point","coordinates":[-50.38694,-23.05917]}},{"type":"Feature","properties":{"tipo":"pch","nome":"Platina (CF9)","pot_kw":5060.0},"geometry":{"type":"Point","coordinates":[-50.22167,-23.15528]}},{"type":"Feature","properties":{"tipo":"pch","nome":"Abatiá (CI14)\r","pot_kw":5160.0},"geometry":{"type":"Point","coordinates":[-50.20583,-23.28667]}},{"type":"Feature","properties":{"tipo":"pch","nome":"Pedra Branca (CJ15)\r","pot_kw":5100.0},"geometry":{"type":"Point","coordinates":[-50.175,-23.37528]}},{"type":"Feature","properties":{"tipo":"pch","nome":"Mairinck (CK16)","pot_kw":5370.0},"geometry":{"type":"Point","coordinates":[-50.08472,-23.59361]}},{"type":"Feature","properties":{"tipo":"pch","nome":"Santa Amélia (LB22)\r","pot_kw":9790.0},"geometry":{"type":"Point","coordinates":[-50.46278,-23.19333]}},{"type":"Feature","properties":{"tipo":"pch","nome":"Ribeirão do Pinhal (LD25)\r","pot_kw":5980.0},"geometry":{"type":"Point","coordinates":[-50.44944,-23.37639]}},{"type":"Feature","properties":{"tipo":"pch","nome":"Estrela do Meio","pot_kw":6000.0},"geometry":{"type":"Point","coordinates":[-52.08767,-26.04386]}},{"type":"Feature","properties":{"tipo":"pch","nome":"Mozart Loures","pot_kw":108000.0},"geometry":{"type":"Point","coordinates":[-52.22026,-26.32048]}},{"type":"Feature","properties":{"tipo":"pch","nome":"Porto Amazonas","pot_kw":null},"geometry":{"type":"Point","coordinates":[-49.87905,-25.54669]}},{"type":"Feature","properties":{"tipo":"pch","nome":"Cavernoso VIII","pot_kw":5200.0},"geometry":{"type":"Point","coordinates":[-51.96554,-25.30992]}},{"type":"Feature","properties":{"tipo":"pch","nome":"Clevelândia","pot_kw":null},"geometry":{"type":"Point","coordinates":[-52.25257,-26.28666]}},{"type":"Feature","properties":{"tipo":"pch","nome":"24 de Outubro","pot_kw":null},"geometry":{"type":"Point","coordinates":[-51.78623,-26.22099]}},{"type":"Feature","properties":{"tipo":"pch","nome":"Cacumbangue","pot_kw":7500.0},"geometry":{"type":"Point","coordinates":[-51.87473,-26.12809]}},{"type":"Feature","properties":{"tipo":"cgh","nome":"Parque","pot_kw":2900.0},"geometry":{"type":"Point","coordinates":[-51.45158,-25.4373]}},{"type":"Feature","properties":{"tipo":"cgh","nome":"Peabiru","pot_kw":4300.0},"geometry":{"type":"Point","coordinates":[-52.25,-23.91667]}},{"type":"Feature","properties":{"tipo":"cgh","nome":"Vermelho","pot_kw":2800.0},"geometry":{"type":"Point","coordinates":[-52.10861,-26.59722]}},{"type":"Feature","properties":{"tipo":"cgh","nome":"Nascente","pot_kw":1500.0},"geometry":{"type":"Point","coordinates":[-51.928,-25.81642]}},{"type":"Feature","properties":{"tipo":"cgh","nome":"Volta do Atalho","pot_kw":2200.0},"geometry":{"type":"Point","coordinates":[-52.01444,-25.76805]}},{"type":"Feature","properties":{"tipo":"cgh","nome":"Salto da Banana","pot_kw":2000.0},"geometry":{"type":"Point","coordinates":[-51.5605,-24.7866]}},{"type":"Feature","properties":{"tipo":"cgh","nome":"Descadeirado","pot_kw":1700.0},"geometry":{"type":"Point","coordinates":[-51.55639,-25.62528]}},{"type":"Feature","properties":{"tipo":"cgh","nome":"Foz do Pinhão","pot_kw":3500.0},"geometry":{"type":"Point","coordinates":[-51.79056,-25.58861]}},{"type":"Feature","properties":{"tipo":"cgh","nome":"Laranjal","pot_kw":3000.0},"geometry":{"type":"Point","coordinates":[-51.50944,-25.62167]}},{"type":"Feature","properties":{"tipo":"cgh","nome":"Nova Riqueza","pot_kw":2600.0},"geometry":{"type":"Point","coordinates":[-53.53944,-26.0675]}},{"type":"Feature","properties":{"tipo":"cgh","nome":"Do Chapéu","pot_kw":2700.0},"geometry":{"type":"Point","coordinates":[-53.41111,-26.48278]}},{"type":"Feature","properties":{"tipo":"cgh","nome":"Água Fria","pot_kw":1150.0},"geometry":{"type":"Point","coordinates":[-52.24294,-23.96037]}},{"type":"Feature","properties":{"tipo":"cgh","nome":"Itapocuzinho IV","pot_kw":990.0},"geometry":{"type":"Point","coordinates":[-49.13872,-26.33379]}},{"type":"Feature","properties":{"tipo":"cgh","nome":"Apiaí","pot_kw":1000.0},"geometry":{"type":"Point","coordinates":[-49.065,-24.48339]}},{"type":"Feature","properties":{"tipo":"cgh","nome":"Bituva","pot_kw":552.0},"geometry":{"type":"Point","coordinates":[-49.66917,-26.38639]}},{"type":"Feature","properties":{"tipo":"cgh","nome":"Camifra I","pot_kw":74.82},"geometry":{"type":"Point","coordinates":[-52.4229,-26.24008]}},{"type":"Feature","properties":{"tipo":"cgh","nome":"Candói","pot_kw":824.0},"geometry":{"type":"Point","coordinates":[-51.92391,-25.60739]}},{"type":"Feature","properties":{"tipo":"cgh","nome":"Pari","pot_kw":1344.0},"geometry":{"type":"Point","coordinates":[-50.33083,-22.88167]}},{"type":"Feature","properties":{"tipo":"cgh","nome":"Salto do Jardim","pot_kw":1190.0},"geometry":{"type":"Point","coordinates":[-51.28058,-26.24801]}},{"type":"Feature","properties":{"tipo":"cgh","nome":"Salto Rio Branco","pot_kw":4191.52},"geometry":{"type":"Point","coordinates":[-50.94234,-25.16767]}},{"type":"Feature","properties":{"tipo":"cgh","nome":"Salto São Luiz","pot_kw":323.0},"geometry":{"type":"Point","coordinates":[-52.50577,-25.79728]}},{"type":"Feature","properties":{"tipo":"cgh","nome":"Santa Cruz","pot_kw":1500.0},"geometry":{"type":"Point","coordinates":[-49.41285,-25.1519]}},{"type":"Feature","properties":{"tipo":"cgh","nome":"Bainha","pot_kw":320.0},"geometry":{"type":"Point","coordinates":[-52.08121,-25.35854]}},{"type":"Feature","properties":{"tipo":"cgh","nome":"Justus","pot_kw":432.0},"geometry":{"type":"Point","coordinates":[-51.25852,-25.52051]}},{"type":"Feature","properties":{"tipo":"cgh","nome":"Cotia","pot_kw":1000.0},"geometry":{"type":"Point","coordinates":[-48.74927,-25.2279]}},{"type":"Feature","properties":{"tipo":"cgh","nome":"Rio Preto","pot_kw":360.0},"geometry":{"type":"Point","coordinates":[-49.60389,-26.4775]}},{"type":"Feature","properties":{"tipo":"cgh","nome":"Salto Estrela","pot_kw":2230.0},"geometry":{"type":"Point","coordinates":[-52.00833,-26.36694]}},{"type":"Feature","properties":{"tipo":"cgh","nome":"Palma Sola","pot_kw":836.0},"geometry":{"type":"Point","coordinates":[-53.27917,-26.41389]}},{"type":"Feature","properties":{"tipo":"cgh","nome":"Jangada I","pot_kw":563.76},"geometry":{"type":"Point","coordinates":[-51.27861,-26.4425]}},{"type":"Feature","properties":{"tipo":"cgh","nome":"Tamanduá","pot_kw":38.4},"geometry":{"type":"Point","coordinates":[-51.08128,-26.34963]}},{"type":"Feature","properties":{"tipo":"cgh","nome":"São Domingos","pot_kw":180.0},"geometry":{"type":"Point","coordinates":[-51.06569,-26.36111]}},{"type":"Feature","properties":{"tipo":"cgh","nome":"Detofol","pot_kw":510.0},"geometry":{"type":"Point","coordinates":[-53.39912,-26.46563]}},{"type":"Feature","properties":{"tipo":"cgh","nome":"Boa Vista","pot_kw":640.0},"geometry":{"type":"Point","coordinates":[-49.46278,-23.23478]}},{"type":"Feature","properties":{"tipo":"cgh","nome":"Rio Itaiozinho","pot_kw":1180.0},"geometry":{"type":"Point","coordinates":[-49.88139,-26.65472]}},{"type":"Feature","properties":{"tipo":"cgh","nome":"Calplast","pot_kw":640.0},"geometry":{"type":"Point","coordinates":[-51.22364,-26.58199]}},{"type":"Feature","properties":{"tipo":"cgh","nome":"Heidrich","pot_kw":990.0},"geometry":{"type":"Point","coordinates":[-51.23552,-26.61917]}},{"type":"Feature","properties":{"tipo":"cgh","nome":"Lajeado do Posto","pot_kw":1000.0},"geometry":{"type":"Point","coordinates":[-52.36944,-26.54389]}},{"type":"Feature","properties":{"tipo":"cgh","nome":"Sede das Flores","pot_kw":1000.0},"geometry":{"type":"Point","coordinates":[-53.58065,-26.54265]}},{"type":"Feature","properties":{"tipo":"cgh","nome":"Markmann","pot_kw":172.0},"geometry":{"type":"Point","coordinates":[-52.47806,-26.53861]}},{"type":"Feature","properties":{"tipo":"cgh","nome":"Princesa","pot_kw":550.0},"geometry":{"type":"Point","coordinates":[-53.58983,-26.42193]}},{"type":"Feature","properties":{"tipo":"cgh","nome":"Reinhofer","pot_kw":396.0},"geometry":{"type":"Point","coordinates":[-51.96242,-25.74721]}},{"type":"Feature","properties":{"tipo":"cgh","nome":"Carazinho","pot_kw":360.0},"geometry":{"type":"Point","coordinates":[-51.64583,-24.89056]}},{"type":"Feature","properties":{"tipo":"cgh","nome":"Dalba","pot_kw":1000.0},"geometry":{"type":"Point","coordinates":[-51.87722,-25.28111]}},{"type":"Feature","properties":{"tipo":"cgh","nome":"Evo","pot_kw":1000.0},"geometry":{"type":"Point","coordinates":[-51.79222,-24.47444]}},{"type":"Feature","properties":{"tipo":"cgh","nome":"Dall´asta","pot_kw":720.0},"geometry":{"type":"Point","coordinates":[-52.49617,-26.58062]}},{"type":"Feature","properties":{"tipo":"cgh","nome":"Salto Claudelino","pot_kw":2800.0},"geometry":{"type":"Point","coordinates":[-52.29722,-26.28083]}},{"type":"Feature","properties":{"tipo":"cgh","nome":"Chopim I","pot_kw":1980.0},"geometry":{"type":"Point","coordinates":[-52.74735,-25.98558]}},{"type":"Feature","properties":{"tipo":"cgh","nome":"Lençóis","pot_kw":1680.0},"geometry":{"type":"Point","coordinates":[-48.64861,-22.52694]}},{"type":"Feature","properties":{"tipo":"cgh","nome":"Melissa","pot_kw":998.0},"geometry":{"type":"Point","coordinates":[-53.20429,-24.53519]}},{"type":"Feature","properties":{"tipo":"cgh","nome":"Nova Jaguariaíva","pot_kw":1218.75},"geometry":{"type":"Point","coordinates":[-49.69506,-24.28184]}},{"type":"Feature","properties":{"tipo":"cgh","nome":"Piraí","pot_kw":780.0},"geometry":{"type":"Point","coordinates":[-49.00139,-26.295]}},{"type":"Feature","properties":{"tipo":"cgh","nome":"Pitangui","pot_kw":865.55},"geometry":{"type":"Point","coordinates":[-50.12745,-25.03484]}},{"type":"Feature","properties":{"tipo":"cgh","nome":"Dois Saltos","pot_kw":1720.0},"geometry":{"type":"Point","coordinates":[-50.94083,-25.17706]}},{"type":"Feature","properties":{"tipo":"cgh","nome":"Salto da Barra","pot_kw":2092.0},"geometry":{"type":"Point","coordinates":[-48.72667,-24.06389]}},{"type":"Feature","properties":{"tipo":"cgh","nome":"Santa Maria","pot_kw":3000.0},"geometry":{"type":"Point","coordinates":[-48.72157,-24.02015]}},{"type":"Feature","properties":{"tipo":"cgh","nome":"Corredeira do Capote","pot_kw":1723.0},"geometry":{"type":"Point","coordinates":[-48.7125,-24.16861]}},{"type":"Feature","properties":{"tipo":"cgh","nome":"São Lourenço","pot_kw":420.0},"geometry":{"type":"Point","coordinates":[-49.89035,-26.16468]}},{"type":"Feature","properties":{"tipo":"cgh","nome":"Rio Vermelho","pot_kw":2400.0},"geometry":{"type":"Point","coordinates":[-49.32076,-26.31708]}},{"type":"Feature","properties":{"tipo":"cgh","nome":"Rio do Louro","pot_kw":1250.0},"geometry":{"type":"Point","coordinates":[-51.05694,-26.00889]}},{"type":"Feature","properties":{"tipo":"cgh","nome":"Foz do Palmital","pot_kw":4740.0},"geometry":{"type":"Point","coordinates":[-51.24278,-26.0875]}},{"type":"Feature","properties":{"tipo":"cgh","nome":"Ouro Branco","pot_kw":4000.0},"geometry":{"type":"Point","coordinates":[-52.23239,-23.99531]}},{"type":"Feature","properties":{"tipo":"cgh","nome":"Km 22","pot_kw":2300.0},"geometry":{"type":"Point","coordinates":[-52.80001,-26.04972]}},{"type":"Feature","properties":{"tipo":"cgh","nome":"Palmas","pot_kw":1750.0},"geometry":{"type":"Point","coordinates":[-52.09923,-26.13131]}},{"type":"Feature","properties":{"tipo":"cgh","nome":"Saltinho","pot_kw":4500.0},"geometry":{"type":"Point","coordinates":[-52.26636,-24.03183]}},{"type":"Feature","properties":{"tipo":"cgh","nome":"Rio das Pacas","pot_kw":1200.0},"geometry":{"type":"Point","coordinates":[-49.30083,-26.36833]}},{"type":"Feature","properties":{"tipo":"cgh","nome":"Cobra Verde","pot_kw":2200.0},"geometry":{"type":"Point","coordinates":[-53.36057,-26.505]}},{"type":"Feature","properties":{"tipo":"cgh","nome":"Nerinha","pot_kw":40.0},"geometry":{"type":"Point","coordinates":[-51.83486,-24.99779]}},{"type":"Feature","properties":{"tipo":"cgh","nome":"Cris","pot_kw":80.0},"geometry":{"type":"Point","coordinates":[-51.43447,-24.81775]}},{"type":"Feature","properties":{"tipo":"cgh","nome":"Jaguaricatu I","pot_kw":2000.0},"geometry":{"type":"Point","coordinates":[-49.48562,-24.20554]}},{"type":"Feature","properties":{"tipo":"cgh","nome":"Salto do Lobo","pot_kw":1616.0},"geometry":{"type":"Point","coordinates":[-48.73788,-22.9538]}},{"type":"Feature","properties":{"tipo":"cgh","nome":"Itapocuzinho I","pot_kw":480.0},"geometry":{"type":"Point","coordinates":[-49.13028,-26.34694]}},{"type":"Feature","properties":{"tipo":"cgh","nome":"Ernesto Lavratti Neto","pot_kw":1000.0},"geometry":{"type":"Point","coordinates":[-52.32667,-26.55306]}},{"type":"Feature","properties":{"tipo":"cgh","nome":"Pinho Fleck","pot_kw":1279.0},"geometry":{"type":"Point","coordinates":[-52.43804,-26.24471]}},{"type":"Feature","properties":{"tipo":"cgh","nome":"Rio das Antas","pot_kw":970.0},"geometry":{"type":"Point","coordinates":[-51.37611,-23.85528]}},{"type":"Feature","properties":{"tipo":"cgh","nome":"Benedito","pot_kw":1000.0},"geometry":{"type":"Point","coordinates":[-51.77389,-24.5125]}},{"type":"Feature","properties":{"tipo":"cgh","nome":"Casali II","pot_kw":105.62},"geometry":{"type":"Point","coordinates":[-52.34057,-24.01387]}},{"type":"Feature","properties":{"tipo":"cgh","nome":"Crelin","pot_kw":355.2},"geometry":{"type":"Point","coordinates":[-53.27375,-26.39726]}},{"type":"Feature","properties":{"tipo":"cgh","nome":"Pacheco","pot_kw":1980.0},"geometry":{"type":"Point","coordinates":[-52.18433,-26.58553]}},{"type":"Feature","properties":{"tipo":"cgh","nome":"Santa Rosa","pot_kw":940.0},"geometry":{"type":"Point","coordinates":[-52.25594,-26.56231]}},{"type":"Feature","properties":{"tipo":"cgh","nome":"Camifra II","pot_kw":494.0},"geometry":{"type":"Point","coordinates":[-52.34583,-26.50247]}},{"type":"Feature","properties":{"tipo":"cgh","nome":"Enercol","pot_kw":2000.0},"geometry":{"type":"Point","coordinates":[-52.42667,-26.57111]}},{"type":"Feature","properties":{"tipo":"cgh","nome":"Jangada II","pot_kw":1000.0},"geometry":{"type":"Point","coordinates":[-51.29214,-26.42842]}},{"type":"Feature","properties":{"tipo":"cgh","nome":"Posto Horizonte","pot_kw":630.0},"geometry":{"type":"Point","coordinates":[-51.58867,-26.51823]}},{"type":"Feature","properties":{"tipo":"cgh","nome":"Taborda","pot_kw":80.0},"geometry":{"type":"Point","coordinates":[-52.00897,-26.67741]}},{"type":"Feature","properties":{"tipo":"cgh","nome":"Salto do Vau","pot_kw":940.0},"geometry":{"type":"Point","coordinates":[-51.18967,-26.03465]}},{"type":"Feature","properties":{"tipo":"cgh","nome":"Padovani","pot_kw":459.0},"geometry":{"type":"Point","coordinates":[-53.81665,-24.91665]}},{"type":"Feature","properties":{"tipo":"cgh","nome":"Campo Real","pot_kw":600.0},"geometry":{"type":"Point","coordinates":[-51.76595,-25.42562]}},{"type":"Feature","properties":{"tipo":"cgh","nome":"Lontras","pot_kw":612.0},"geometry":{"type":"Point","coordinates":[-52.14994,-26.36403]}},{"type":"Feature","properties":{"tipo":"cgh","nome":"Joaquim Fernandes Luiz","pot_kw":951.0},"geometry":{"type":"Point","coordinates":[-51.54115,-26.42822]}},{"type":"Feature","properties":{"tipo":"cgh","nome":"Palmeiras II","pot_kw":2000.0},"geometry":{"type":"Point","coordinates":[-49.33388,-26.63278]}},{"type":"Feature","properties":{"tipo":"cgh","nome":"Marumbi","pot_kw":4800.0},"geometry":{"type":"Point","coordinates":[-48.92111,-25.42417]}},{"type":"Feature","properties":{"tipo":"cgh","nome":"Ribeirão da Lagoa","pot_kw":3000.0},"geometry":{"type":"Point","coordinates":[-49.30169,-24.64928]}},{"type":"Feature","properties":{"tipo":"cgh","nome":"Arroio das Flores","pot_kw":3200.0},"geometry":{"type":"Point","coordinates":[-49.26028,-24.69322]}},{"type":"Feature","properties":{"tipo":"cgh","nome":"Velha","pot_kw":1000.01},"geometry":{"type":"Point","coordinates":[-49.70305,-24.25515]}},{"type":"Feature","properties":{"tipo":"cgh","nome":"Palmital","pot_kw":3600.0},"geometry":{"type":"Point","coordinates":[-52.53826,-26.21584]}},{"type":"Feature","properties":{"tipo":"cgh","nome":"Wasser Kraft","pot_kw":1400.0},"geometry":{"type":"Point","coordinates":[-53.40711,-26.44714]}},{"type":"Feature","properties":{"tipo":"cgh","nome":"Cabeça de Pato","pot_kw":1600.0},"geometry":{"type":"Point","coordinates":[-51.4473,-24.82287]}},{"type":"Feature","properties":{"tipo":"cgh","nome":"Dall'igna","pot_kw":264.0},"geometry":{"type":"Point","coordinates":[-53.26705,-26.40339]}},{"type":"Feature","properties":{"tipo":"cgh","nome":"Dario","pot_kw":450.0},"geometry":{"type":"Point","coordinates":[-53.12101,-26.09118]}},{"type":"Feature","properties":{"tipo":"cgh","nome":"De Cima","pot_kw":240.0},"geometry":{"type":"Point","coordinates":[-53.01538,-26.1473]}},{"type":"Feature","properties":{"tipo":"cgh","nome":"Do Garcia","pot_kw":736.0},"geometry":{"type":"Point","coordinates":[-53.49561,-24.41848]}},{"type":"Feature","properties":{"tipo":"cgh","nome":"Do Park","pot_kw":400.0},"geometry":{"type":"Point","coordinates":[-53.02528,-26.13326]}},{"type":"Feature","properties":{"tipo":"cgh","nome":"Fênix","pot_kw":2640.0},"geometry":{"type":"Point","coordinates":[-52.29683,-26.28156]}},{"type":"Feature","properties":{"tipo":"cgh","nome":"Itapocuzinho II","pot_kw":1650.0},"geometry":{"type":"Point","coordinates":[-49.13028,-26.34694]}},{"type":"Feature","properties":{"tipo":"cgh","nome":"Palmital do Meio","pot_kw":85.0},"geometry":{"type":"Point","coordinates":[-51.17334,-26.01765]}},{"type":"Feature","properties":{"tipo":"cgh","nome":"Rio Vermelho URVE","pot_kw":440.0},"geometry":{"type":"Point","coordinates":[-49.31954,-26.30757]}},{"type":"Feature","properties":{"tipo":"cgh","nome":"Rio Bonito I","pot_kw":400.0},"geometry":{"type":"Point","coordinates":[-51.54835,-24.95375]}},{"type":"Feature","properties":{"tipo":"cgh","nome":"Rota das Araucárias","pot_kw":1000.0},"geometry":{"type":"Point","coordinates":[-51.71333,-26.49039]}},{"type":"Feature","properties":{"tipo":"cgh","nome":"Salto Grande","pot_kw":1600.0},"geometry":{"type":"Point","coordinates":[-49.59639,-26.46639]}},{"type":"Feature","properties":{"tipo":"cgh","nome":"Santa Rita de Cássia","pot_kw":846.4},"geometry":{"type":"Point","coordinates":[-50.04222,-23.77834]}},{"type":"Feature","properties":{"tipo":"cgh","nome":"São Domingos","pot_kw":1000.0},"geometry":{"type":"Point","coordinates":[-52.49611,-26.58056]}},{"type":"Feature","properties":{"tipo":"cgh","nome":"Tigrinho","pot_kw":1000.0},"geometry":{"type":"Point","coordinates":[-49.89179,-24.16526]}},{"type":"Feature","properties":{"tipo":"cgh","nome":"Toledo Energia Renovável","pot_kw":2700.0},"geometry":{"type":"Point","coordinates":[-53.72648,-24.77423]}},{"type":"Feature","properties":{"tipo":"cgh","nome":"Enxadrista","pot_kw":1000.0},"geometry":{"type":"Point","coordinates":[-51.38761,-25.38675]}},{"type":"Feature","properties":{"tipo":"cgh","nome":"Rio do Salto","pot_kw":1176.0},"geometry":{"type":"Point","coordinates":[-49.9184,-25.34572]}},{"type":"Feature","properties":{"tipo":"cgh","nome":"Arfimac","pot_kw":469.6},"geometry":{"type":"Point","coordinates":[-52.44874,-26.29254]}},{"type":"Feature","properties":{"tipo":"cgh","nome":"Parque I","pot_kw":4720.0},"geometry":{"type":"Point","coordinates":[-51.45778,-25.44278]}},{"type":"Feature","properties":{"tipo":"cgh","nome":"Central III","pot_kw":2975.0},"geometry":{"type":"Point","coordinates":[-50.60094,-26.55807]}},{"type":"Feature","properties":{"tipo":"cgh","nome":"Cachoeirinha","pot_kw":960.0},"geometry":{"type":"Point","coordinates":[-49.89815,-24.16954]}},{"type":"Feature","properties":{"tipo":"cgh","nome":"Tuneiras","pot_kw":240.0},"geometry":{"type":"Point","coordinates":[-49.21732,-25.23183]}},{"type":"Feature","properties":{"tipo":"cgh","nome":"Salto Caiacanga","pot_kw":220.0},"geometry":{"type":"Point","coordinates":[-49.82002,-25.54948]}},{"type":"Feature","properties":{"tipo":"cgh","nome":"Rio Preto","pot_kw":null},"geometry":{"type":"Point","coordinates":[-49.59297,-26.37547]}},{"type":"Feature","properties":{"tipo":"cgh","nome":"Santo Antônio","pot_kw":1008.0},"geometry":{"type":"Point","coordinates":[-49.33509,-26.41971]}},{"type":"Feature","properties":{"tipo":"cgh","nome":"Butiazal","pot_kw":528.0},"geometry":{"type":"Point","coordinates":[-51.30054,-26.41764]}},{"type":"Feature","properties":{"tipo":"cgh","nome":"Carlota","pot_kw":225.0},"geometry":{"type":"Point","coordinates":[-51.39734,-25.30023]}},{"type":"Feature","properties":{"tipo":"cgh","nome":"Rio Capivara","pot_kw":1369.8},"geometry":{"type":"Point","coordinates":[-51.86139,-25.64028]}},{"type":"Feature","properties":{"tipo":"cgh","nome":"Bandiera Ronfim","pot_kw":2160.0},"geometry":{"type":"Point","coordinates":[-53.18644,-24.85343]}},{"type":"Feature","properties":{"tipo":"cgh","nome":"Limoeiro","pot_kw":1000.0},"geometry":{"type":"Point","coordinates":[-52.6125,-26.65222]}},{"type":"Feature","properties":{"tipo":"cgh","nome":"Dr. José Maria","pot_kw":4600.0},"geometry":{"type":"Point","coordinates":[-53.25662,-25.36242]}},{"type":"Feature","properties":{"tipo":"cgh","nome":"Tapera 2C","pot_kw":3200.0},"geometry":{"type":"Point","coordinates":[-52.27787,-25.44193]}},{"type":"Feature","properties":{"tipo":"cgh","nome":"Tapera 2D","pot_kw":3100.0},"geometry":{"type":"Point","coordinates":[-52.28053,-25.40948]}},{"type":"Feature","properties":{"tipo":"cgh","nome":"Tapera 2A","pot_kw":4500.0},"geometry":{"type":"Point","coordinates":[-52.27312,-25.48459]}},{"type":"Feature","properties":{"tipo":"cgh","nome":"Rio Vermelho I","pot_kw":3000.0},"geometry":{"type":"Point","coordinates":[-49.32523,-26.32522]}},{"type":"Feature","properties":{"tipo":"cgh","nome":"Rio Vermelho II","pot_kw":2150.0},"geometry":{"type":"Point","coordinates":[-49.32093,-26.33521]}},{"type":"Feature","properties":{"tipo":"cgh","nome":"Rio Vermelho III","pot_kw":2400.0},"geometry":{"type":"Point","coordinates":[-49.32174,-26.3418]}},{"type":"Feature","properties":{"tipo":"cgh","nome":"São José","pot_kw":660.0},"geometry":{"type":"Point","coordinates":[-48.966,-24.13366]}},{"type":"Feature","properties":{"tipo":"cgh","nome":"Carminatti","pot_kw":1350.0},"geometry":{"type":"Point","coordinates":[-53.61362,-25.98393]}},{"type":"Feature","properties":{"tipo":"cgh","nome":"Jaracatiá","pot_kw":2500.0},"geometry":{"type":"Point","coordinates":[-53.2646,-25.70479]}},{"type":"Feature","properties":{"tipo":"cgh","nome":"Salto Pintado","pot_kw":999.5},"geometry":{"type":"Point","coordinates":[-51.05782,-26.34805]}},{"type":"Feature","properties":{"tipo":"cgh","nome":"Tonet","pot_kw":840.0},"geometry":{"type":"Point","coordinates":[-51.60893,-26.70683]}},{"type":"Feature","properties":{"tipo":"cgh","nome":"Torre de Pedra","pot_kw":2700.0},"geometry":{"type":"Point","coordinates":[-50.22861,-24.42556]}},{"type":"Feature","properties":{"tipo":"cgh","nome":"Praia das Vacas","pot_kw":1650.0},"geometry":{"type":"Point","coordinates":[-50.19056,-24.42917]}},{"type":"Feature","properties":{"tipo":"cgh","nome":"Da Mesa","pot_kw":1180.0},"geometry":{"type":"Point","coordinates":[-50.18306,-24.42389]}},{"type":"Feature","properties":{"tipo":"cgh","nome":"Baitaca","pot_kw":2700.0},"geometry":{"type":"Point","coordinates":[-50.83472,-26.44056]}},{"type":"Feature","properties":{"tipo":"cgh","nome":"Rio Bonito","pot_kw":1530.0},"geometry":{"type":"Point","coordinates":[-50.88351,-26.4561]}},{"type":"Feature","properties":{"tipo":"cgh","nome":"Jaguaricatu II","pot_kw":2640.0},"geometry":{"type":"Point","coordinates":[-49.4915,-24.16864]}},{"type":"Feature","properties":{"tipo":"cgh","nome":"Paina (Socavão)","pot_kw":736.0},"geometry":{"type":"Point","coordinates":[-49.65583,-24.81639]}},{"type":"Feature","properties":{"tipo":"cgh","nome":"Salto I","pot_kw":4500.0},"geometry":{"type":"Point","coordinates":[-49.87986,-26.62722]}},{"type":"Feature","properties":{"tipo":"cgh","nome":"Alto Pomerano","pot_kw":2500.0},"geometry":{"type":"Point","coordinates":[-49.28778,-26.70056]}},{"type":"Feature","properties":{"tipo":"cgh","nome":"Foz de Setembro","pot_kw":1650.0},"geometry":{"type":"Point","coordinates":[-49.30194,-26.69472]}},{"type":"Feature","properties":{"tipo":"cgh","nome":"Rio das Cinzas","pot_kw":1400.0},"geometry":{"type":"Point","coordinates":[-49.94908,-24.15246]}},{"type":"Feature","properties":{"tipo":"cgh","nome":"Bom Retiro","pot_kw":3500.0},"geometry":{"type":"Point","coordinates":[-52.08806,-26.05944]}},{"type":"Feature","properties":{"tipo":"cgh","nome":"Catas Altas III","pot_kw":2500.0},"geometry":{"type":"Point","coordinates":[-49.11667,-24.48333]}},{"type":"Feature","properties":{"tipo":"cgh","nome":"Tesouro","pot_kw":2200.0},"geometry":{"type":"Point","coordinates":[-53.27028,-24.84361]}},{"type":"Feature","properties":{"tipo":"cgh","nome":"Cristalino","pot_kw":4000.0},"geometry":{"type":"Point","coordinates":[-51.55725,-24.57362]}},{"type":"Feature","properties":{"tipo":"cgh","nome":"Laranjinha","pot_kw":3240.0},"geometry":{"type":"Point","coordinates":[-50.45188,-23.41431]}},{"type":"Feature","properties":{"tipo":"cgh","nome":"Fundão I ","pot_kw":2475.0},"geometry":{"type":"Point","coordinates":[-51.99806,-25.70861]}},{"type":"Feature","properties":{"tipo":"cgh","nome":"Santa Clara I","pot_kw":null},"geometry":{"type":"Point","coordinates":[-51.95361,-25.64778]}},{"type":"Feature","properties":{"tipo":"cgh","nome":"Km 9","pot_kw":2700.0},"geometry":{"type":"Point","coordinates":[-48.64388,-25.0101]}},{"type":"Feature","properties":{"tipo":"cgh","nome":"São Pedro I","pot_kw":138.0},"geometry":{"type":"Point","coordinates":[-52.82861,-26.07508]}},{"type":"Feature","properties":{"tipo":"cgh","nome":"Catas Altas V","pot_kw":700.0},"geometry":{"type":"Point","coordinates":[-49.06667,-24.45]}},{"type":"Feature","properties":{"tipo":"cgh","nome":"Fazenda Junqueira","pot_kw":2750.0},"geometry":{"type":"Point","coordinates":[-51.99028,-22.91611]}},{"type":"Feature","properties":{"tipo":"cgh","nome":"Foz do Fernão Dias","pot_kw":1150.0},"geometry":{"type":"Point","coordinates":[-51.65889,-23.08944]}},{"type":"Feature","properties":{"tipo":"cgh","nome":"Foz do Interventor","pot_kw":3050.0},"geometry":{"type":"Point","coordinates":[-51.755,-23.02472]}},{"type":"Feature","properties":{"tipo":"cgh","nome":"Km 23","pot_kw":800.0},"geometry":{"type":"Point","coordinates":[-48.7,-25.05]}},{"type":"Feature","properties":{"tipo":"cgh","nome":"Km 45","pot_kw":700.0},"geometry":{"type":"Point","coordinates":[-48.88333,-25.08333]}},{"type":"Feature","properties":{"tipo":"cgh","nome":"Km 52","pot_kw":400.0},"geometry":{"type":"Point","coordinates":[-48.85,-25.1]}},{"type":"Feature","properties":{"tipo":"cgh","nome":"Pedreira","pot_kw":1350.0},"geometry":{"type":"Point","coordinates":[-53.27,-24.85139]}},{"type":"Feature","properties":{"tipo":"cgh","nome":"Ribeirão dos Correias","pot_kw":2650.0},"geometry":{"type":"Point","coordinates":[-49.37124,-26.43735]}},{"type":"Feature","properties":{"tipo":"cgh","nome":"Salto da Ponte","pot_kw":1350.0},"geometry":{"type":"Point","coordinates":[-51.42306,-24.94583]}},{"type":"Feature","properties":{"tipo":"cgh","nome":"Da Santa","pot_kw":2100.0},"geometry":{"type":"Point","coordinates":[-49.3425,-26.4225]}},{"type":"Feature","properties":{"tipo":"cgh","nome":"Lajeado","pot_kw":4600.0},"geometry":{"type":"Point","coordinates":[-53.14222,-24.70889]}},{"type":"Feature","properties":{"tipo":"cgh","nome":"São Jorge II","pot_kw":3300.0},"geometry":{"type":"Point","coordinates":[-51.58361,-24.71944]}},{"type":"Feature","properties":{"tipo":"cgh","nome":"Barrinha","pot_kw":1320.0},"geometry":{"type":"Point","coordinates":[-51.53889,-24.56194]}},{"type":"Feature","properties":{"tipo":"cgh","nome":"Catas Altas IV","pot_kw":1250.0},"geometry":{"type":"Point","coordinates":[-49.08333,-24.45]}},{"type":"Feature","properties":{"tipo":"cgh","nome":"D","pot_kw":1130.0},"geometry":{"type":"Point","coordinates":[-49.31306,-24.76917]}},{"type":"Feature","properties":{"tipo":"cgh","nome":"Faxinal dos Melos","pot_kw":3400.0},"geometry":{"type":"Point","coordinates":[-51.17111,-25.64639]}},{"type":"Feature","properties":{"tipo":"cgh","nome":"Lagoinha","pot_kw":1580.0},"geometry":{"type":"Point","coordinates":[-54.06111,-24.99444]}},{"type":"Feature","properties":{"tipo":"cgh","nome":"Tapuí","pot_kw":1900.0},"geometry":{"type":"Point","coordinates":[-53.78611,-24.76444]}},{"type":"Feature","properties":{"tipo":"cgh","nome":"Tuneiras I","pot_kw":2500.0},"geometry":{"type":"Point","coordinates":[-51.52089,-24.69985]}},{"type":"Feature","properties":{"tipo":"cgh","nome":"Tuneiras III","pot_kw":1500.0},"geometry":{"type":"Point","coordinates":[-51.58333,-24.71667]}},{"type":"Feature","properties":{"tipo":"cgh","nome":"Km 64 (Vitorino V)","pot_kw":2700.0},"geometry":{"type":"Point","coordinates":[-52.79553,-26.17775]}},{"type":"Feature","properties":{"tipo":"cgh","nome":"Usina Velha","pot_kw":2100.0},"geometry":{"type":"Point","coordinates":[-53.24567,-24.82012]}},{"type":"Feature","properties":{"tipo":"cgh","nome":"Volta Gaúcha","pot_kw":2800.0},"geometry":{"type":"Point","coordinates":[-54.10885,-24.73796]}},{"type":"Feature","properties":{"tipo":"cgh","nome":"Km 72 (Independência)","pot_kw":1100.0},"geometry":{"type":"Point","coordinates":[-52.79167,-26.20835]}},{"type":"Feature","properties":{"tipo":"cgh","nome":"Km 51 (Vitorino IV)","pot_kw":2000.0},"geometry":{"type":"Point","coordinates":[-52.82487,-26.13369]}},{"type":"Feature","properties":{"tipo":"cgh","nome":"Estrada Bonita","pot_kw":1500.0},"geometry":{"type":"Point","coordinates":[-48.955,-26.11305]}},{"type":"Feature","properties":{"tipo":"cgh","nome":"Km 34","pot_kw":3300.0},"geometry":{"type":"Point","coordinates":[-52.82222,-26.07528]}},{"type":"Feature","properties":{"tipo":"cgh","nome":"Morrinhos","pot_kw":1222.0},"geometry":{"type":"Point","coordinates":[-48.70611,-22.94222]}},{"type":"Feature","properties":{"tipo":"cgh","nome":"Onça Pintada","pot_kw":2200.0},"geometry":{"type":"Point","coordinates":[-48.87833,-25.76167]}},{"type":"Feature","properties":{"tipo":"cgh","nome":"Salto do Timbó","pot_kw":1000.0},"geometry":{"type":"Point","coordinates":[-50.78403,-26.54066]}},{"type":"Feature","properties":{"tipo":"cgh","nome":"Salto de Alemoa","pot_kw":828.0},"geometry":{"type":"Point","coordinates":[-52.61753,-26.0639]}},{"type":"Feature","properties":{"tipo":"cgh","nome":"Água do Trigo","pot_kw":2600.0},"geometry":{"type":"Point","coordinates":[-51.88806,-22.95056]}},{"type":"Feature","properties":{"tipo":"cgh","nome":"Pardinho II","pot_kw":980.0},"geometry":{"type":"Point","coordinates":[-48.58222,-25.03722]}},{"type":"Feature","properties":{"tipo":"cgh","nome":"Cabeça de Tigre","pot_kw":1320.0},"geometry":{"type":"Point","coordinates":[-49.37917,-26.44139]}},{"type":"Feature","properties":{"tipo":"cgh","nome":"Cabeceiras","pot_kw":1360.0},"geometry":{"type":"Point","coordinates":[-51.38833,-24.99556]}},{"type":"Feature","properties":{"tipo":"cgh","nome":"Pindorama","pot_kw":4000.0},"geometry":{"type":"Point","coordinates":[-53.83222,-24.735]}},{"type":"Feature","properties":{"tipo":"cgh","nome":"Ponte Nova","pot_kw":1500.0},"geometry":{"type":"Point","coordinates":[-54.13383,-24.99417]}},{"type":"Feature","properties":{"tipo":"cgh","nome":"Vila Bonita","pot_kw":1950.0},"geometry":{"type":"Point","coordinates":[-54.10264,-25.00475]}},{"type":"Feature","properties":{"tipo":"cgh","nome":"Castelhano","pot_kw":3200.0},"geometry":{"type":"Point","coordinates":[-48.89833,-25.81972]}},{"type":"Feature","properties":{"tipo":"cgh","nome":"Nova Fátima","pot_kw":7619.4},"geometry":{"type":"Point","coordinates":[-50.43604,-23.43205]}},{"type":"Feature","properties":{"tipo":"cgh","nome":"Rio Bonito II","pot_kw":910.0},"geometry":{"type":"Point","coordinates":[-51.53912,-24.94119]}},{"type":"Feature","properties":{"tipo":"cgh","nome":"Rio Bonito III","pot_kw":1000.0},"geometry":{"type":"Point","coordinates":[-51.54579,-24.91147]}},{"type":"Feature","properties":{"tipo":"cgh","nome":"Fundão I","pot_kw":null},"geometry":{"type":"Point","coordinates":[-51.99806,-25.70861]}},{"type":"Feature","properties":{"tipo":"cgh","nome":"Água Bonita","pot_kw":4200.0},"geometry":{"type":"Point","coordinates":[-49.9435,-24.18164]}},{"type":"Feature","properties":{"tipo":"cgh","nome":"Água Tranquila","pot_kw":4200.0},"geometry":{"type":"Point","coordinates":[-53.08139,-23.93444]}},{"type":"Feature","properties":{"tipo":"cgh","nome":"Nova Esperança","pot_kw":4500.0},"geometry":{"type":"Point","coordinates":[-53.14028,-24.75583]}},{"type":"Feature","properties":{"tipo":"cgh","nome":"Ouro Verde","pot_kw":5000.0},"geometry":{"type":"Point","coordinates":[-53.13528,-24.74556]}},{"type":"Feature","properties":{"tipo":"cgh","nome":"Aparecida I ( Antiga CGH Aparecida )","pot_kw":3060.0},"geometry":{"type":"Point","coordinates":[-52.88851,-26.70673]}},{"type":"Feature","properties":{"tipo":"cgh","nome":"Paina II","pot_kw":1200.0},"geometry":{"type":"Point","coordinates":[-49.59156,-24.88918]}},{"type":"Feature","properties":{"tipo":"cgh","nome":"Rio Novo","pot_kw":980.0},"geometry":{"type":"Point","coordinates":[-48.97833,-22.95806]}},{"type":"Feature","properties":{"tipo":"cgh","nome":"Salto São Pedro","pot_kw":1188.0},"geometry":{"type":"Point","coordinates":[-51.96583,-25.66278]}},{"type":"Feature","properties":{"tipo":"cgh","nome":"Barra","pot_kw":4320.0},"geometry":{"type":"Point","coordinates":[-52.08689,-25.7576]}},{"type":"Feature","properties":{"tipo":"cgh","nome":"Rio das Mortes","pot_kw":627.0},"geometry":{"type":"Point","coordinates":[-51.41946,-25.34896]}},{"type":"Feature","properties":{"tipo":"cgh","nome":"Maria Luz (Antiga CGH Nivia) ","pot_kw":257.6},"geometry":{"type":"Point","coordinates":[-52.35784,-26.60577]}},{"type":"Feature","properties":{"tipo":"cgh","nome":"Cachoeira Poço Preto I","pot_kw":3960.0},"geometry":{"type":"Point","coordinates":[-49.46293,-24.03699]}},{"type":"Feature","properties":{"tipo":"cgh","nome":"Catas Altas (Antiga CGH Catas Altas I)","pot_kw":4000.0},"geometry":{"type":"Point","coordinates":[-49.135,-24.59722]}},{"type":"Feature","properties":{"tipo":"cgh","nome":"Cavernoso VI","pot_kw":3500.0},"geometry":{"type":"Point","coordinates":[-52.00959,-25.34753]}},{"type":"Feature","properties":{"tipo":"cgh","nome":"Itapocuzinho III","pot_kw":5000.0},"geometry":{"type":"Point","coordinates":[-49.14526,-26.32234]}},{"type":"Feature","properties":{"tipo":"cgh","nome":"Salto Lili","pot_kw":160.0},"geometry":{"type":"Point","coordinates":[-51.27312,-26.49744]}},{"type":"Feature","properties":{"tipo":"cgh","nome":"Três Vileiros","pot_kw":4600.0},"geometry":{"type":"Point","coordinates":[-53.27135,-25.26742]}},{"type":"Feature","properties":{"tipo":"cgh","nome":"Recomeço","pot_kw":4600.0},"geometry":{"type":"Point","coordinates":[-53.22579,-25.31798]}},{"type":"Feature","properties":{"tipo":"cgh","nome":"Muquilão 2","pot_kw":4000.0},"geometry":{"type":"Point","coordinates":[-51.99386,-24.29658]}},{"type":"Feature","properties":{"tipo":"cgh","nome":"Muquilão 3","pot_kw":4400.0},"geometry":{"type":"Point","coordinates":[-52.00095,-24.35751]}},{"type":"Feature","properties":{"tipo":"cgh","nome":"Belina","pot_kw":3200.0},"geometry":{"type":"Point","coordinates":[-51.47556,-23.76666]}},{"type":"Feature","properties":{"tipo":"cgh","nome":"Santo Antônio","pot_kw":3200.0},"geometry":{"type":"Point","coordinates":[-51.49164,-23.82446]}},{"type":"Feature","properties":{"tipo":"cgh","nome":"Jamanta","pot_kw":3150.0},"geometry":{"type":"Point","coordinates":[-51.64944,-23.86891]}},{"type":"Feature","properties":{"tipo":"cgh","nome":"Santa Terezinha","pot_kw":4890.0},"geometry":{"type":"Point","coordinates":[-53.07503,-25.36444]}},{"type":"Feature","properties":{"tipo":"cgh","nome":"Barra do Lontra","pot_kw":4200.0},"geometry":{"type":"Point","coordinates":[-53.10918,-25.41664]}},{"type":"Feature","properties":{"tipo":"cgh","nome":"Três Barras","pot_kw":3600.0},"geometry":{"type":"Point","coordinates":[-53.11148,-25.47515]}},{"type":"Feature","properties":{"tipo":"cgh","nome":"Alan Ditchfield","pot_kw":4250.0},"geometry":{"type":"Point","coordinates":[-51.06861,-24.37306]}},{"type":"Feature","properties":{"tipo":"cgh","nome":"Montana","pot_kw":4450.0},"geometry":{"type":"Point","coordinates":[-51.49,-24.11028]}},{"type":"Feature","properties":{"tipo":"cgh","nome":"Amorim","pot_kw":5000.0},"geometry":{"type":"Point","coordinates":[-53.06888,-24.89173]}},{"type":"Feature","properties":{"tipo":"cgh","nome":"Patrícia","pot_kw":3300.0},"geometry":{"type":"Point","coordinates":[-52.98024,-24.73553]}},{"type":"Feature","properties":{"tipo":"cgh","nome":"Pinho Past","pot_kw":927.0},"geometry":{"type":"Point","coordinates":[-51.50818,-25.32393]}},{"type":"Feature","properties":{"tipo":"cgh","nome":"Rio Preto","pot_kw":93.5},"geometry":{"type":"Point","coordinates":[-51.25444,-26.46583]}},{"type":"Feature","properties":{"tipo":"cgh","nome":"Salto Santo Antônio","pot_kw":846.4},"geometry":{"type":"Point","coordinates":[-51.78403,-26.42271]}},{"type":"Feature","properties":{"tipo":"cgh","nome":"Cachoeira","pot_kw":2920.0},"geometry":{"type":"Point","coordinates":[-51.42889,-24.93056]}},{"type":"Feature","properties":{"tipo":"cgh","nome":"Santa Clara I ","pot_kw":36000.0},"geometry":{"type":"Point","coordinates":[-51.95361,-25.64778]}},{"type":"Feature","properties":{"tipo":"ute","nome":"29 de Outubro","pot_kw":62.0},"geometry":{"type":"Point","coordinates":[-49.07667,-26.48195]}},{"type":"Feature","properties":{"tipo":"ute","nome":"3M Itapetininga","pot_kw":3840.0},"geometry":{"type":"Point","coordinates":[-48.09492,-23.60087]}},{"type":"Feature","properties":{"tipo":"ute","nome":"Processamento de Fumo","pot_kw":900.0},"geometry":{"type":"Point","coordinates":[-49.79769,-26.10041]}},{"type":"Feature","properties":{"tipo":"ute","nome":"Rodovias Integradas do Oeste 5","pot_kw":92.0},"geometry":{"type":"Point","coordinates":[-49.22724,-24.09068]}},{"type":"Feature","properties":{"tipo":"ute","nome":"Rodovias Integradas do Oeste 6","pot_kw":136.0},"geometry":{"type":"Point","coordinates":[-49.163,-22.871]}},{"type":"Feature","properties":{"tipo":"ute","nome":"Vier Indústria e Comércio do Mate","pot_kw":168.0},"geometry":{"type":"Point","coordinates":[-50.60845,-26.00927]}},{"type":"Feature","properties":{"tipo":"ute","nome":"Aeroporto de Londrina","pot_kw":876.0},"geometry":{"type":"Point","coordinates":[-51.13717,-23.33111]}},{"type":"Feature","properties":{"tipo":"ute","nome":"Pau D'Alho","pot_kw":4160.0},"geometry":{"type":"Point","coordinates":[-50.11046,-22.76501]}},{"type":"Feature","properties":{"tipo":"ute","nome":"Londra","pot_kw":3880.0},"geometry":{"type":"Point","coordinates":[-48.92873,-23.52433]}},{"type":"Feature","properties":{"tipo":"ute","nome":"Vista Alegre","pot_kw":60000.0},"geometry":{"type":"Point","coordinates":[-48.12474,-23.48906]}},{"type":"Feature","properties":{"tipo":"ute","nome":"Vale Fertilizantes Cajati (Antiga Serrana)","pot_kw":10700.0},"geometry":{"type":"Point","coordinates":[-48.105,-24.72636]}},{"type":"Feature","properties":{"tipo":"ute","nome":"Unidade Industrial de Aves","pot_kw":160.0},"geometry":{"type":"Point","coordinates":[-53.95533,-25.20507]}},{"type":"Feature","properties":{"tipo":"ute","nome":"Unidade Industrial de Vegetais","pot_kw":40.0},"geometry":{"type":"Point","coordinates":[-54.27797,-25.16211]}},{"type":"Feature","properties":{"tipo":"ute","nome":"Rio Pardo","pot_kw":60000.0},"geometry":{"type":"Point","coordinates":[-49.1264,-23.0618]}},{"type":"Feature","properties":{"tipo":"ute","nome":"Destilaria Melhoramentos ","pot_kw":40000.0},"geometry":{"type":"Point","coordinates":[-52.4285,-23.56777]}},{"type":"Feature","properties":{"tipo":"ute","nome":"São Tomé ","pot_kw":5775.0},"geometry":{"type":"Point","coordinates":[-52.64556,-23.54472]}},{"type":"Feature","properties":{"tipo":"ute","nome":"Barra Grande Lençóis","pot_kw":36600.0},"geometry":{"type":"Point","coordinates":[-48.75221,-22.62838]}},{"type":"Feature","properties":{"tipo":"ute","nome":"São Luiz","pot_kw":20000.0},"geometry":{"type":"Point","coordinates":[-49.77,-22.94083]}},{"type":"Feature","properties":{"tipo":"ute","nome":"Usaçúcar - Terra Rica","pot_kw":16500.0},"geometry":{"type":"Point","coordinates":[-52.70404,-22.78308]}},{"type":"Feature","properties":{"tipo":"ute","nome":"Sobar","pot_kw":3864.0},"geometry":{"type":"Point","coordinates":[-49.4202,-22.6777]}},{"type":"Feature","properties":{"tipo":"ute","nome":"Cooperval ","pot_kw":4000.0},"geometry":{"type":"Point","coordinates":[-51.68313,-23.68191]}},{"type":"Feature","properties":{"tipo":"ute","nome":"Coocarol","pot_kw":10000.0},"geometry":{"type":"Point","coordinates":[-52.70888,-23.37084]}},{"type":"Feature","properties":{"tipo":"ute","nome":"Coopernavi","pot_kw":12000.0},"geometry":{"type":"Point","coordinates":[-54.19243,-23.12601]}},{"type":"Feature","properties":{"tipo":"ute","nome":"Geo Elétrica Tamboara","pot_kw":10026.0},"geometry":{"type":"Point","coordinates":[-52.49214,-23.2659]}},{"type":"Feature","properties":{"tipo":"ute","nome":"Cooperativa Agroindustrial LAR","pot_kw":10800.0},"geometry":{"type":"Point","coordinates":[-53.9513,-25.20538]}},{"type":"Feature","properties":{"tipo":"ute","nome":"Miguel Forte","pot_kw":16000.0},"geometry":{"type":"Point","coordinates":[-51.09026,-26.25295]}},{"type":"Feature","properties":{"tipo":"ute","nome":"Santa Hermínia","pot_kw":1200.0},"geometry":{"type":"Point","coordinates":[-50.07912,-22.81454]}},{"type":"Feature","properties":{"tipo":"ute","nome":"Rickli","pot_kw":5000.0},"geometry":{"type":"Point","coordinates":[-50.10972,-24.95611]}},{"type":"Feature","properties":{"tipo":"ute","nome":"Big Umuarama","pot_kw":1000.0},"geometry":{"type":"Point","coordinates":[-53.32097,-23.78121]}},{"type":"Feature","properties":{"tipo":"ute","nome":"Supermercados","pot_kw":410.0},"geometry":{"type":"Point","coordinates":[-51.45417,-25.38333]}},{"type":"Feature","properties":{"tipo":"ute","nome":"Mannes Ltda","pot_kw":364.0},"geometry":{"type":"Point","coordinates":[-49.01414,-26.47794]}},{"type":"Feature","properties":{"tipo":"ute","nome":"Cofama Ind. e Com. de Máquinas e Equipamentos","pot_kw":800.0},"geometry":{"type":"Point","coordinates":[-52.50386,-23.94667]}},{"type":"Feature","properties":{"tipo":"ute","nome":"Texfio","pot_kw":347.0},"geometry":{"type":"Point","coordinates":[-49.0763,-26.49048]}},{"type":"Feature","properties":{"tipo":"ute","nome":"Fábrica de Açúcar","pot_kw":53.0},"geometry":{"type":"Point","coordinates":[-50.60211,-22.74425]}},{"type":"Feature","properties":{"tipo":"ute","nome":"L´acqua","pot_kw":440.0},"geometry":{"type":"Point","coordinates":[-50.16144,-25.09255]}},{"type":"Feature","properties":{"tipo":"ute","nome":"Supermercado Macliv","pot_kw":168.0},"geometry":{"type":"Point","coordinates":[-51.07689,-26.22626]}},{"type":"Feature","properties":{"tipo":"ute","nome":"Urbano Jaraguá","pot_kw":3000.0},"geometry":{"type":"Point","coordinates":[-49.15049,-26.47728]}},{"type":"Feature","properties":{"tipo":"ute","nome":"UFL","pot_kw":42000.0},"geometry":{"type":"Point","coordinates":[-51.37748,-22.85851]}},{"type":"Feature","properties":{"tipo":"ute","nome":"Klabin Celulose","pot_kw":330000.0},"geometry":{"type":"Point","coordinates":[-50.74139,-24.24361]}},{"type":"Feature","properties":{"tipo":"ute","nome":"Copacol","pot_kw":240.0},"geometry":{"type":"Point","coordinates":[-53.0275,-24.18472]}},{"type":"Feature","properties":{"tipo":"ute","nome":"Maranhão IV (Antiga MC2 Joinville)","pot_kw":337600.0},"geometry":{"type":"Point","coordinates":[-48.87853,-26.28752]}},{"type":"Feature","properties":{"tipo":"ute","nome":"ETE Ouro Verde","pot_kw":20.0},"geometry":{"type":"Point","coordinates":[-54.58432,-25.55099]}},{"type":"Feature","properties":{"tipo":"ute","nome":"Água Bonita ","pot_kw":17000.0},"geometry":{"type":"Point","coordinates":[-50.59851,-22.74073]}},{"type":"Feature","properties":{"tipo":"ute","nome":"UJU","pot_kw":30000.0},"geometry":{"type":"Point","coordinates":[-51.9514,-22.93119]}},{"type":"Feature","properties":{"tipo":"ute","nome":"Dacalda ","pot_kw":6000.0},"geometry":{"type":"Point","coordinates":[-50.1041,-23.15999]}},{"type":"Feature","properties":{"tipo":"ute","nome":"Santa Maria de Lençóis","pot_kw":3040.0},"geometry":{"type":"Point","coordinates":[-48.77639,-22.58944]}},{"type":"Feature","properties":{"tipo":"ute","nome":"TGM","pot_kw":1200.0},"geometry":{"type":"Point","coordinates":[-49.16841,-23.08722]}},{"type":"Feature","properties":{"tipo":"ute","nome":"Bio Coopcana ","pot_kw":50000.0},"geometry":{"type":"Point","coordinates":[-52.48755,-23.27076]}},{"type":"Feature","properties":{"tipo":"ute","nome":"Coraci","pot_kw":1384.0},"geometry":{"type":"Point","coordinates":[-49.76271,-22.67515]}},{"type":"Feature","properties":{"tipo":"ute","nome":"Panorâmica","pot_kw":3700.0},"geometry":{"type":"Point","coordinates":[-49.03806,-23.50046]}},{"type":"Feature","properties":{"tipo":"ute","nome":"Sguário Itapeva","pot_kw":2708.0},"geometry":{"type":"Point","coordinates":[-48.96344,-24.18663]}},{"type":"Feature","properties":{"tipo":"ute","nome":"Tarumã","pot_kw":27500.0},"geometry":{"type":"Point","coordinates":[-50.54834,-22.78501]}},{"type":"Feature","properties":{"tipo":"ute","nome":"Halotek","pot_kw":472.0},"geometry":{"type":"Point","coordinates":[-50.20864,-22.73922]}},{"type":"Feature","properties":{"tipo":"ute","nome":"Rodovias Integradas do Oeste 7","pot_kw":92.0},"geometry":{"type":"Point","coordinates":[-48.35144,-24.0068]}},{"type":"Feature","properties":{"tipo":"ute","nome":"Rodovias Integradas do Oeste 8","pot_kw":92.0},"geometry":{"type":"Point","coordinates":[-48.68353,-23.92001]}},{"type":"Feature","properties":{"tipo":"ute","nome":"Santa Maria","pot_kw":6400.0},"geometry":{"type":"Point","coordinates":[-51.64526,-25.44295]}},{"type":"Feature","properties":{"tipo":"ute","nome":"Aeroporto de Joinville","pot_kw":588.0},"geometry":{"type":"Point","coordinates":[-48.79956,-26.22307]}},{"type":"Feature","properties":{"tipo":"ute","nome":"Aeroporto Internacional Afonso Pena","pot_kw":984.0},"geometry":{"type":"Point","coordinates":[-49.17351,-25.53214]}},{"type":"Feature","properties":{"tipo":"ute","nome":"Aeroporto Internacional de Foz do Iguaçu - Cataratas","pot_kw":400.0},"geometry":{"type":"Point","coordinates":[-54.48882,-25.59441]}},{"type":"Feature","properties":{"tipo":"ute","nome":"AJ Rorato","pot_kw":2190.0},"geometry":{"type":"Point","coordinates":[-52.49639,-23.9317]}},{"type":"Feature","properties":{"tipo":"ute","nome":"MVC Componentes Plásticos","pot_kw":2032.0},"geometry":{"type":"Point","coordinates":[-49.19666,-25.53052]}},{"type":"Feature","properties":{"tipo":"ute","nome":"Peróxidos do Brasil","pot_kw":3000.0},"geometry":{"type":"Point","coordinates":[-49.27185,-25.43296]}},{"type":"Feature","properties":{"tipo":"ute","nome":"Rudnick & Cia Ltda","pot_kw":122.0},"geometry":{"type":"Point","coordinates":[-48.84941,-26.30452]}},{"type":"Feature","properties":{"tipo":"ute","nome":"Comercial Zimdars","pot_kw":113.0},"geometry":{"type":"Point","coordinates":[-48.9788,-26.62237]}},{"type":"Feature","properties":{"tipo":"ute","nome":"Decasa","pot_kw":33000.0},"geometry":{"type":"Point","coordinates":[-50.1128,-22.76735]}},{"type":"Feature","properties":{"tipo":"ute","nome":"Iguatemi (Antiga Santa Terezinha - Iguatemi)","pot_kw":3400.0},"geometry":{"type":"Point","coordinates":[-52.0839,-23.39528]}},{"type":"Feature","properties":{"tipo":"ute","nome":"Meridional Meat","pot_kw":365.0},"geometry":{"type":"Point","coordinates":[-51.43828,-23.41352]}},{"type":"Feature","properties":{"tipo":"ute","nome":"Sistema Backup de Geração da Estação de Compressão de Capão Bonito/SP","pot_kw":1198.4},"geometry":{"type":"Point","coordinates":[-48.48556,-23.9475]}},{"type":"Feature","properties":{"tipo":"ute","nome":"Zenaplast","pot_kw":800.0},"geometry":{"type":"Point","coordinates":[-50.37286,-23.09153]}},{"type":"Feature","properties":{"tipo":"ute","nome":"Tuper Emergência","pot_kw":424.0},"geometry":{"type":"Point","coordinates":[-49.34583,-26.23]}},{"type":"Feature","properties":{"tipo":"ute","nome":"Plásticos Paraná","pot_kw":1760.0},"geometry":{"type":"Point","coordinates":[-49.25694,-25.45806]}},{"type":"Feature","properties":{"tipo":"ute","nome":"Mwv Rigesa Três Barras","pot_kw":1080.0},"geometry":{"type":"Point","coordinates":[-50.30806,-26.11583]}},{"type":"Feature","properties":{"tipo":"ute","nome":"GPA - Loja1303","pot_kw":496.0},"geometry":{"type":"Point","coordinates":[-49.27083,-25.45778]}},{"type":"Feature","properties":{"tipo":"ute","nome":"GPA - Loja1318","pot_kw":720.0},"geometry":{"type":"Point","coordinates":[-49.27083,-25.45778]}},{"type":"Feature","properties":{"tipo":"ute","nome":"Lafarge Brasil SA","pot_kw":1440.0},"geometry":{"type":"Point","coordinates":[-48.86225,-23.91008]}},{"type":"Feature","properties":{"tipo":"ute","nome":"Malwee Malharia","pot_kw":1824.0},"geometry":{"type":"Point","coordinates":[-49.12963,-26.55537]}},{"type":"Feature","properties":{"tipo":"ute","nome":"Apucarana 1","pot_kw":64.8},"geometry":{"type":"Point","coordinates":[-51.43028,-23.51861]}},{"type":"Feature","properties":{"tipo":"ute","nome":"Cascavel 1 ","pot_kw":129.6},"geometry":{"type":"Point","coordinates":[-53.44861,-24.9725]}},{"type":"Feature","properties":{"tipo":"ute","nome":"Catuai Shopping Center Londrina","pot_kw":2899.2},"geometry":{"type":"Point","coordinates":[-51.17665,-23.33907]}},{"type":"Feature","properties":{"tipo":"ute","nome":"Cebrace Barra Velha","pot_kw":2752.8},"geometry":{"type":"Point","coordinates":[-48.70472,-26.63472]}},{"type":"Feature","properties":{"tipo":"ute","nome":"Centro Oeste Iguatemi","pot_kw":4000.0},"geometry":{"type":"Point","coordinates":[-54.38453,-23.16268]}},{"type":"Feature","properties":{"tipo":"ute","nome":"Klabin","pot_kw":113250.0},"geometry":{"type":"Point","coordinates":[-50.59942,-24.30907]}},{"type":"Feature","properties":{"tipo":"ute","nome":"Mumbuca","pot_kw":1520.0},"geometry":{"type":"Point","coordinates":[-50.21668,-22.66365]}},{"type":"Feature","properties":{"tipo":"ute","nome":"Inplasul","pot_kw":3624.0},"geometry":{"type":"Point","coordinates":[-52.70111,-26.24653]}},{"type":"Feature","properties":{"tipo":"ute","nome":"Conquista","pot_kw":440.0},"geometry":{"type":"Point","coordinates":[-50.20853,-22.78501]}},{"type":"Feature","properties":{"tipo":"ute","nome":"Energia Madeiras","pot_kw":4000.0},"geometry":{"type":"Point","coordinates":[-50.3692,-26.18917]}},{"type":"Feature","properties":{"tipo":"ute","nome":"Energy Green","pot_kw":5000.0},"geometry":{"type":"Point","coordinates":[-50.1095,-24.95617]}},{"type":"Feature","properties":{"tipo":"ute","nome":"Rodovias Integradas do Oeste 1","pot_kw":144.0},"geometry":{"type":"Point","coordinates":[-48.05268,-23.30157]}},{"type":"Feature","properties":{"tipo":"ute","nome":"Rodovias Integradas do Oeste 10","pot_kw":92.0},"geometry":{"type":"Point","coordinates":[-48.92326,-23.10319]}},{"type":"Feature","properties":{"tipo":"ute","nome":"Rodovias Integradas do Oeste 2","pot_kw":144.0},"geometry":{"type":"Point","coordinates":[-48.61831,-23.10277]}},{"type":"Feature","properties":{"tipo":"ute","nome":"Rodovias Integradas do Oeste 4","pot_kw":92.0},"geometry":{"type":"Point","coordinates":[-48.04614,-23.58787]}},{"type":"Feature","properties":{"tipo":"ute","nome":"Figueira","pot_kw":20000.0},"geometry":{"type":"Point","coordinates":[-50.39028,-23.85222]}},{"type":"Feature","properties":{"tipo":"ute","nome":"Refinaria Presidente Getúlio Vargas (REPAR)","pot_kw":52000.0},"geometry":{"type":"Point","coordinates":[-49.36667,-25.56722]}},{"type":"Feature","properties":{"tipo":"ute","nome":"Jacarezinho","pot_kw":20000.0},"geometry":{"type":"Point","coordinates":[-49.94126,-23.09315]}},{"type":"Feature","properties":{"tipo":"ute","nome":"Ipaussu Bioenergia","pot_kw":76000.0},"geometry":{"type":"Point","coordinates":[-49.58359,-23.09573]}},{"type":"Feature","properties":{"tipo":"ute","nome":"Cocal II","pot_kw":40000.0},"geometry":{"type":"Point","coordinates":[-51.494,-22.52681]}},{"type":"Feature","properties":{"tipo":"ute","nome":"Perobálcool","pot_kw":2400.0},"geometry":{"type":"Point","coordinates":[-53.47242,-23.90917]}},{"type":"Feature","properties":{"tipo":"ute","nome":"Destilaria de Álcool Ibaiti","pot_kw":3600.0},"geometry":{"type":"Point","coordinates":[-50.41425,-23.68217]}},{"type":"Feature","properties":{"tipo":"ute","nome":"Cocamar Maringá","pot_kw":13000.0},"geometry":{"type":"Point","coordinates":[-51.97737,-23.43027]}},{"type":"Feature","properties":{"tipo":"ute","nome":"Fortlev Sul","pot_kw":2200.0},"geometry":{"type":"Point","coordinates":[-48.74851,-26.47028]}},{"type":"Feature","properties":{"tipo":"ute","nome":"Marvi","pot_kw":728.0},"geometry":{"type":"Point","coordinates":[-49.86858,-22.97727]}},{"type":"Feature","properties":{"tipo":"ute","nome":"Vila Nova","pot_kw":508.0},"geometry":{"type":"Point","coordinates":[-48.84941,-26.30452]}},{"type":"Feature","properties":{"tipo":"ute","nome":"José Carlos Colombari","pot_kw":80.0},"geometry":{"type":"Point","coordinates":[-54.25259,-25.38337]}},{"type":"Feature","properties":{"tipo":"ute","nome":"Manfrim","pot_kw":960.0},"geometry":{"type":"Point","coordinates":[-49.62461,-22.90572]}},{"type":"Feature","properties":{"tipo":"ute","nome":"Terranova I","pot_kw":3000.0},"geometry":{"type":"Point","coordinates":[-49.50853,-26.25001]}},{"type":"Feature","properties":{"tipo":"ute","nome":"Pizzatto","pot_kw":2000.0},"geometry":{"type":"Point","coordinates":[-51.30653,-26.42401]}},{"type":"Feature","properties":{"tipo":"ute","nome":"Dois Vizinhos","pot_kw":3000.0},"geometry":{"type":"Point","coordinates":[-53.72958,-24.74875]}},{"type":"Feature","properties":{"tipo":"ute","nome":"Romani","pot_kw":480.0},"geometry":{"type":"Point","coordinates":[-48.52473,-25.50684]}},{"type":"Feature","properties":{"tipo":"ute","nome":"U.E.Cascavel","pot_kw":648.0},"geometry":{"type":"Point","coordinates":[-53.50781,-24.96156]}},{"type":"Feature","properties":{"tipo":"ute","nome":"Belco","pot_kw":360.0},"geometry":{"type":"Point","coordinates":[-48.57284,-22.73266]}},{"type":"Feature","properties":{"tipo":"ute","nome":"Berneck","pot_kw":13600.0},"geometry":{"type":"Point","coordinates":[-49.37208,-25.54332]}},{"type":"Feature","properties":{"tipo":"ute","nome":"Ajuricaba","pot_kw":80.0},"geometry":{"type":"Point","coordinates":[-54.1176,-24.57956]}},{"type":"Feature","properties":{"tipo":"ute","nome":"Fazenda Da Luz","pot_kw":810.0},"geometry":{"type":"Point","coordinates":[-52.21096,-26.58758]}},{"type":"Feature","properties":{"tipo":"ute","nome":"Nutrisul","pot_kw":508.0},"geometry":{"type":"Point","coordinates":[-52.84165,-26.35518]}},{"type":"Feature","properties":{"tipo":"ute","nome":"Javanesa Malhas","pot_kw":134.0},"geometry":{"type":"Point","coordinates":[-48.84941,-26.30452]}},{"type":"Feature","properties":{"tipo":"ute","nome":"Shopping Botucatu","pot_kw":500.0},"geometry":{"type":"Point","coordinates":[-48.46444,-22.91389]}},{"type":"Feature","properties":{"tipo":"ute","nome":"Sistema Backup de Geração da Estação de Compressão de Araucária/PR","pot_kw":520.0},"geometry":{"type":"Point","coordinates":[-49.37306,-25.57667]}},{"type":"Feature","properties":{"tipo":"ute","nome":"Crystal Plaza Shopping","pot_kw":405.0},"geometry":{"type":"Point","coordinates":[-49.2722,-25.43518]}},{"type":"Feature","properties":{"tipo":"ute","nome":"GPA - Loja2080","pot_kw":128.0},"geometry":{"type":"Point","coordinates":[-48.03722,-23.57861]}},{"type":"Feature","properties":{"tipo":"ute","nome":"Maringa - 1","pot_kw":64.8},"geometry":{"type":"Point","coordinates":[-51.95556,-23.39639]}},{"type":"Feature","properties":{"tipo":"ute","nome":"Araucária II","pot_kw":372800.0},"geometry":{"type":"Point","coordinates":[-49.44149,-25.60861]}},{"type":"Feature","properties":{"tipo":"ute","nome":"NJB-BYOCOM","pot_kw":21000.0},"geometry":{"type":"Point","coordinates":[-49.30452,-25.63039]}},{"type":"Feature","properties":{"tipo":"ute","nome":"Heringer","pot_kw":6000.0},"geometry":{"type":"Point","coordinates":[-48.62,-25.56676]}},{"type":"Feature","properties":{"tipo":"ute","nome":"Vale do Ivaí - Cambuí","pot_kw":3600.0},"geometry":{"type":"Point","coordinates":[-51.83861,-23.98865]}},{"type":"Feature","properties":{"tipo":"ute","nome":"Joinville - 1","pot_kw":160.0},"geometry":{"type":"Point","coordinates":[-48.84472,-26.29861]}},{"type":"Feature","properties":{"tipo":"ute","nome":"Londrina - 1","pot_kw":200.0},"geometry":{"type":"Point","coordinates":[-51.16083,-23.31333]}},{"type":"Feature","properties":{"tipo":"ute","nome":"Difrane Artefatos de Papel","pot_kw":480.0},"geometry":{"type":"Point","coordinates":[-51.43731,-23.52211]}},{"type":"Feature","properties":{"tipo":"ute","nome":"Araucária","pot_kw":484150.0},"geometry":{"type":"Point","coordinates":[-49.35586,-25.5883]}},{"type":"Feature","properties":{"tipo":"ute","nome":"Imcopa ","pot_kw":7000.0},"geometry":{"type":"Point","coordinates":[-49.40194,-25.59164]}},{"type":"Feature","properties":{"tipo":"ute","nome":"Sabarálcool Matriz","pot_kw":4365.0},"geometry":{"type":"Point","coordinates":[-52.20847,-23.69424]}},{"type":"Feature","properties":{"tipo":"ute","nome":"Star Milk","pot_kw":110.0},"geometry":{"type":"Point","coordinates":[-53.78358,-25.04587]}},{"type":"Feature","properties":{"tipo":"ute","nome":"Eternit","pot_kw":2960.0},"geometry":{"type":"Point","coordinates":[-49.12659,-25.36856]}},{"type":"Feature","properties":{"tipo":"ute","nome":"Brado Cambé I","pot_kw":800.0},"geometry":{"type":"Point","coordinates":[-51.31146,-23.28529]}},{"type":"Feature","properties":{"tipo":"ute","nome":"Brado Colombo","pot_kw":360.0},"geometry":{"type":"Point","coordinates":[-49.18768,-25.39008]}},{"type":"Feature","properties":{"tipo":"ute","nome":"Lavinorte","pot_kw":728.0},"geometry":{"type":"Point","coordinates":[-52.58627,-23.66773]}},{"type":"Feature","properties":{"tipo":"ute","nome":"Rigesa","pot_kw":79193.0},"geometry":{"type":"Point","coordinates":[-50.31253,-26.10201]}},{"type":"Feature","properties":{"tipo":"ute","nome":"São Manoel ","pot_kw":14800.0},"geometry":{"type":"Point","coordinates":[-48.5425,-22.67167]}},{"type":"Feature","properties":{"tipo":"ute","nome":"Supermercado Menegatti","pot_kw":62.0},"geometry":{"type":"Point","coordinates":[-53.45972,-24.9538]}},{"type":"Feature","properties":{"tipo":"ute","nome":"Tamarana","pot_kw":456.0},"geometry":{"type":"Point","coordinates":[-51.11257,-23.71554]}},{"type":"Feature","properties":{"tipo":"ute","nome":"Paranapanema","pot_kw":60000.0},"geometry":{"type":"Point","coordinates":[-51.81887,-22.54629]}},{"type":"Feature","properties":{"tipo":"ute","nome":"Costa Bioenergia","pot_kw":15000.0},"geometry":{"type":"Point","coordinates":[-53.39944,-23.65917]}},{"type":"Feature","properties":{"tipo":"ute","nome":"Furlan Avaré","pot_kw":30000.0},"geometry":{"type":"Point","coordinates":[-48.92925,-22.92363]}},{"type":"Feature","properties":{"tipo":"ute","nome":"D Villa Supermercado","pot_kw":192.0},"geometry":{"type":"Point","coordinates":[-49.80528,-26.11139]}},{"type":"Feature","properties":{"tipo":"ute","nome":"Catuaí Maringá","pot_kw":2800.0},"geometry":{"type":"Point","coordinates":[-51.96109,-23.41629]}},{"type":"Feature","properties":{"tipo":"ute","nome":"Paranatex","pot_kw":1211.2},"geometry":{"type":"Point","coordinates":[-51.42383,-23.57625]}},{"type":"Feature","properties":{"tipo":"ute","nome":"Atacadão Maringá","pot_kw":144.0},"geometry":{"type":"Point","coordinates":[-51.9463,-23.41878]}},{"type":"Feature","properties":{"tipo":"ute","nome":"CTA MR","pot_kw":2016.0},"geometry":{"type":"Point","coordinates":[-49.28028,-25.42333]}},{"type":"Feature","properties":{"tipo":"ute","nome":"Gama","pot_kw":144.0},"geometry":{"type":"Point","coordinates":[-50.412,-22.662]}},{"type":"Feature","properties":{"tipo":"ute","nome":"Gurgacz","pot_kw":728.0},"geometry":{"type":"Point","coordinates":[-53.50771,-24.947]}},{"type":"Feature","properties":{"tipo":"ute","nome":"Orsa","pot_kw":13100.0},"geometry":{"type":"Point","coordinates":[-48.9311,-24.21308]}},{"type":"Feature","properties":{"tipo":"ute","nome":"Lwarcel (Antiga Lençóis Paulista)","pot_kw":36420.0},"geometry":{"type":"Point","coordinates":[-48.80893,-22.5442]}},{"type":"Feature","properties":{"tipo":"ute","nome":"Cofercatu","pot_kw":4000.0},"geometry":{"type":"Point","coordinates":[-51.39313,-22.88916]}},{"type":"Feature","properties":{"tipo":"ute","nome":"Termocana","pot_kw":9500.0},"geometry":{"type":"Point","coordinates":[-52.48046,-23.34217]}},{"type":"Feature","properties":{"tipo":"ute","nome":"Shopping Estação","pot_kw":1773.6},"geometry":{"type":"Point","coordinates":[-49.2675,-25.43889]}},{"type":"Feature","properties":{"tipo":"ute","nome":"Battistella","pot_kw":3150.0},"geometry":{"type":"Point","coordinates":[-49.48341,-26.23803]}},{"type":"Feature","properties":{"tipo":"ute","nome":"Ecoluz","pot_kw":12330.0},"geometry":{"type":"Point","coordinates":[-51.48126,-25.35786]}},{"type":"Feature","properties":{"tipo":"ute","nome":"Unidade de Navegação Aérea (UNA) de Bonsucesso","pot_kw":24.0},"geometry":{"type":"Point","coordinates":[-49.144,-24.318]}},{"type":"Feature","properties":{"tipo":"ute","nome":"Shopping Estação Office","pot_kw":2592.0},"geometry":{"type":"Point","coordinates":[-49.2675,-25.43889]}},{"type":"Feature","properties":{"tipo":"ute","nome":"Londrina Norte Shopping","pot_kw":2500.0},"geometry":{"type":"Point","coordinates":[-51.15111,-23.28611]}},{"type":"Feature","properties":{"tipo":"ute","nome":"Lutepel Indústria e Comécio de Papel","pot_kw":3200.0},"geometry":{"type":"Point","coordinates":[-48.78694,-22.59556]}},{"type":"Feature","properties":{"tipo":"ute","nome":"Malwee Pomorode","pot_kw":1088.0},"geometry":{"type":"Point","coordinates":[-49.16321,-26.706]}},{"type":"Feature","properties":{"tipo":"ute","nome":"Cogeração Diesel - Cargill de Castro Pr","pot_kw":1801.15},"geometry":{"type":"Point","coordinates":[-49.88556,-24.77583]}},{"type":"Feature","properties":{"tipo":"ute","nome":"O Boticário - Fábrica São José dos Pinhais","pot_kw":3900.0},"geometry":{"type":"Point","coordinates":[-49.16026,-25.49684]}},{"type":"Feature","properties":{"tipo":"ute","nome":"Oxford Indústrial","pot_kw":1226.72},"geometry":{"type":"Point","coordinates":[-49.40208,-26.2165]}},{"type":"Feature","properties":{"tipo":"ute","nome":"Ponta Grossa - 1","pot_kw":144.0},"geometry":{"type":"Point","coordinates":[-50.14694,-25.09806]}},{"type":"Feature","properties":{"tipo":"ute","nome":"Lwarcel","pot_kw":4000.0},"geometry":{"type":"Point","coordinates":[-48.81557,-22.67213]}},{"type":"Feature","properties":{"tipo":"ute","nome":"USI (Antiga Unidade Santo Inácio - USI)","pot_kw":35000.0},"geometry":{"type":"Point","coordinates":[-51.7774,-22.7088]}},{"type":"Feature","properties":{"tipo":"ute","nome":"Usaciga","pot_kw":40000.0},"geometry":{"type":"Point","coordinates":[-52.905,-23.3726]}},{"type":"Feature","properties":{"tipo":"ute","nome":"Piraí","pot_kw":9000.0},"geometry":{"type":"Point","coordinates":[-49.94133,-24.53236]}},{"type":"Feature","properties":{"tipo":"ute","nome":"Santa Terezinha (Ivaté) ","pot_kw":9000.0},"geometry":{"type":"Point","coordinates":[-53.37388,-23.40959]}},{"type":"Feature","properties":{"tipo":"ute","nome":"Santa Terezinha ","pot_kw":50500.0},"geometry":{"type":"Point","coordinates":[-52.87333,-23.74801]}},{"type":"Feature","properties":{"tipo":"ute","nome":"Maracaí","pot_kw":51000.0},"geometry":{"type":"Point","coordinates":[-50.64415,-22.57109]}},{"type":"Feature","properties":{"tipo":"ute","nome":"Santa Terezinha Paranacity","pot_kw":36000.0},"geometry":{"type":"Point","coordinates":[-52.18083,-22.87556]}},{"type":"Feature","properties":{"tipo":"ute","nome":"Vale do Ivaí","pot_kw":18400.0},"geometry":{"type":"Point","coordinates":[-51.83653,-23.87401]}},{"type":"Feature","properties":{"tipo":"ute","nome":"Headend São Vicente","pot_kw":92.0},"geometry":{"type":"Point","coordinates":[-49.30356,-24.08057]}},{"type":"Feature","properties":{"tipo":"ute","nome":"IBT Indústria","pot_kw":508.0},"geometry":{"type":"Point","coordinates":[-48.84556,-26.30444]}},{"type":"Feature","properties":{"tipo":"ute","nome":"Norte Catarinense","pot_kw":600000.0},"geometry":{"type":"Point","coordinates":[-48.80259,-26.02401]}},{"type":"Feature","properties":{"tipo":"ute","nome":"Norte Pioneiro","pot_kw":189386.0},"geometry":{"type":"Point","coordinates":[-50.5,-23.7925]}},{"type":"Feature","properties":{"tipo":"ute","nome":"Lwarcel II","pot_kw":60000.0},"geometry":{"type":"Point","coordinates":[-48.79868,-22.59751]}},{"type":"Feature","properties":{"tipo":"ute","nome":"Tenda Atacado BTU","pot_kw":460.0},"geometry":{"type":"Point","coordinates":[-48.46656,-22.92052]}},{"type":"Feature","properties":{"tipo":"ute","nome":"Usi Bio","pot_kw":43000.0},"geometry":{"type":"Point","coordinates":[-51.79771,-22.65241]}},{"type":"Feature","properties":{"tipo":"ute","nome":"Itapetininga","pot_kw":64.8},"geometry":{"type":"Point","coordinates":[-48.02842,-23.57003]}},{"type":"Feature","properties":{"tipo":"ute","nome":"Douat  Cia Têxtil","pot_kw":508.0},"geometry":{"type":"Point","coordinates":[-48.88966,-26.26389]}},{"type":"Feature","properties":{"tipo":"ute","nome":"Bigfer Paraná","pot_kw":1240.0},"geometry":{"type":"Point","coordinates":[-49.32918,-25.52469]}},{"type":"Feature","properties":{"tipo":"ute","nome":"Goioerê","pot_kw":15000.0},"geometry":{"type":"Point","coordinates":[-53.088,-23.93961]}},{"type":"Feature","properties":{"tipo":"ute","nome":"Curitiba Energia","pot_kw":9982.0},"geometry":{"type":"Point","coordinates":[-49.34416,-25.66027]}},{"type":"Feature","properties":{"tipo":"ute","nome":"Cooperativa Agroindustrial Copagril","pot_kw":5440.0},"geometry":{"type":"Point","coordinates":[-54.10296,-24.55868]}},{"type":"Feature","properties":{"tipo":"ute","nome":"Neiva","pot_kw":900.0},"geometry":{"type":"Point","coordinates":[-48.465,-22.93222]}},{"type":"Feature","properties":{"tipo":"ute","nome":"Barra Bonita I","pot_kw":10319.0},"geometry":{"type":"Point","coordinates":[-51.76556,-24.74342]}},{"type":"Feature","properties":{"tipo":"ute","nome":"Imbituva","pot_kw":12330.0},"geometry":{"type":"Point","coordinates":[-50.59575,-25.18009]}},{"type":"Feature","properties":{"tipo":"ute","nome":"Caldeira 6 Kairós","pot_kw":3200.0},"geometry":{"type":"Point","coordinates":[-49.46914,-24.11882]}},{"type":"Feature","properties":{"tipo":"ute","nome":"Cidade Do Livro","pot_kw":80000.0},"geometry":{"type":"Point","coordinates":[-48.74943,-22.59085]}},{"type":"Feature","properties":{"tipo":"ute","nome":"Cocal Biogás","pot_kw":23150.0},"geometry":{"type":"Point","coordinates":[-51.50596,-22.53502]}},{"type":"Feature","properties":{"tipo":"ute","nome":"Bracell","pot_kw":409307.0},"geometry":{"type":"Point","coordinates":[-48.815,-22.54139]}},{"type":"Feature","properties":{"tipo":"ute","nome":"Puma II","pot_kw":134800.0},"geometry":{"type":"Point","coordinates":[-50.74347,-24.24429]}},{"type":"Feature","properties":{"tipo":"ute","nome":"UTE C.VALE Upl - Biogás 260kw","pot_kw":780.0},"geometry":{"type":"Point","coordinates":[-53.70385,-24.23672]}},{"type":"Feature","properties":{"tipo":"ute","nome":"Protótipo de Irati","pot_kw":2500.0},"geometry":{"type":"Point","coordinates":[-50.44198,-25.90821]}},{"type":"Feature","properties":{"tipo":"ute","nome":"COCAL BIOMETANO 2","pot_kw":13229.0},"geometry":{"type":"Point","coordinates":[-51.50596,-22.53501]}},{"type":"Feature","properties":{"tipo":"ute","nome":"COCAL BIOGAS 1","pot_kw":9922.0},"geometry":{"type":"Point","coordinates":[-51.51139,-22.52814]}},{"type":"Feature","properties":{"tipo":"ute","nome":"COCAL BIOGAS 2","pot_kw":13229.0},"geometry":{"type":"Point","coordinates":[-51.51063,-22.5272]}},{"type":"Feature","properties":{"tipo":"ute","nome":"COCAL BIOMETANO 1","pot_kw":9922.0},"geometry":{"type":"Point","coordinates":[-51.50596,-22.53502]}},{"type":"Feature","properties":{"tipo":"ute","nome":"UJU Bio","pot_kw":55000.0},"geometry":{"type":"Point","coordinates":[-51.95167,-22.93176]}},{"type":"Feature","properties":{"tipo":"ute","nome":"Destilaria Melhoramentos - Nova Londrina","pot_kw":7600.0},"geometry":{"type":"Point","coordinates":[-52.98918,-22.80011]}},{"type":"Feature","properties":{"tipo":"ute","nome":"Barra Grande 2","pot_kw":70000.0},"geometry":{"type":"Point","coordinates":[-48.80214,-22.62908]}},{"type":"Feature","properties":{"tipo":"ute","nome":"Ilha das Peças","pot_kw":240.0},"geometry":{"type":"Point","coordinates":[-48.36737,-25.23414]}},{"type":"Feature","properties":{"tipo":"ute","nome":"Ilha do Mel","pot_kw":980.0},"geometry":{"type":"Point","coordinates":[-48.59731,-25.57944]}},{"type":"Feature","properties":{"tipo":"ute","nome":"Rio Amambai","pot_kw":70000.0},"geometry":{"type":"Point","coordinates":[-54.20217,-23.13075]}},{"type":"Feature","properties":{"tipo":"ute","nome":"Cocal Biogás","pot_kw":23150.0},"geometry":{"type":"Point","coordinates":[-51.50547,-22.53281]}},{"type":"Feature","properties":{"tipo":"ute","nome":"Usina Enersugar","pot_kw":33000.0},"geometry":{"type":"Point","coordinates":[-50.112,-22.76634]}},{"type":"Feature","properties":{"tipo":"ute","nome":"Hospital Unimed Maringa Backup","pot_kw":364.8},"geometry":{"type":"Point","coordinates":[-51.95582,-23.44021]}},{"type":"Feature","properties":{"tipo":"ute","nome":"Amitec","pot_kw":748.8},"geometry":{"type":"Point","coordinates":[-52.97058,-24.19938]}},{"type":"Feature","properties":{"tipo":"ute","nome":"Cargill Pgo","pot_kw":2752.8},"geometry":{"type":"Point","coordinates":[-50.08,-25.18667]}},{"type":"Feature","properties":{"tipo":"ute","nome":"Gg - Vendramini - Araruna","pot_kw":189.6},"geometry":{"type":"Point","coordinates":[-52.49778,-23.93056]}},{"type":"Feature","properties":{"tipo":"ute","nome":"São Luiz II","pot_kw":36000.0},"geometry":{"type":"Point","coordinates":[-49.77,-22.94083]}},{"type":"Feature","properties":{"tipo":"ute","nome":"Renato Trecenti","pot_kw":15000.0},"geometry":{"type":"Point","coordinates":[-48.81194,-22.57333]}},{"type":"Feature","properties":{"tipo":"ute","nome":"G2 NRD ","pot_kw":40000.0},"geometry":{"type":"Point","coordinates":[-51.50388,-22.53119]}},{"type":"Feature","properties":{"tipo":"ute","nome":"G3 NRD","pot_kw":51300.0},"geometry":{"type":"Point","coordinates":[-51.50388,-22.53119]}},{"type":"Feature","properties":{"tipo":"ute","nome":"Termog","pot_kw":94300.0},"geometry":{"type":"Point","coordinates":[-48.84815,-26.06763]}},{"type":"Feature","properties":{"tipo":"ute","nome":"TERMOGAR","pot_kw":96720.0},"geometry":{"type":"Point","coordinates":[-48.89991,-26.24859]}},{"type":"Feature","properties":{"tipo":"ute","nome":"TERMOTIJ","pot_kw":96720.0},"geometry":{"type":"Point","coordinates":[-48.90077,-26.24792]}},{"type":"Feature","properties":{"tipo":"ute","nome":"Termoville I","pot_kw":96720.0},"geometry":{"type":"Point","coordinates":[-48.93353,-26.33119]}},{"type":"Feature","properties":{"tipo":"ute","nome":"Termoville II","pot_kw":96720.0},"geometry":{"type":"Point","coordinates":[-48.93469,-26.33028]}},{"type":"Feature","properties":{"tipo":"eol","nome":"Quinta de Gomariz","pot_kw":4000.0},"geometry":{"type":"Point","coordinates":[-51.67525,-26.62561]}},{"type":"Feature","properties":{"tipo":"eol","nome":"Vento Meridional Oeste I","pot_kw":900.0},"geometry":{"type":"Point","coordinates":[-53.51793,-26.44126]}},{"type":"Feature","properties":{"tipo":"eol","nome":"Cruz Alta","pot_kw":30000.0},"geometry":{"type":"Point","coordinates":[-51.72547,-26.59939]}},{"type":"Feature","properties":{"tipo":"eol","nome":"Aquibatã","pot_kw":30000.0},"geometry":{"type":"Point","coordinates":[-51.75317,-26.58483]}},{"type":"Feature","properties":{"tipo":"eol","nome":"Salto","pot_kw":30000.0},"geometry":{"type":"Point","coordinates":[-51.8138,-26.58856]}},{"type":"Feature","properties":{"tipo":"eol","nome":"Parque Eólico Calmon I","pot_kw":29400.0},"geometry":{"type":"Point","coordinates":[-50.98111,-26.63592]}},{"type":"Feature","properties":{"tipo":"eol","nome":"Parque Eólico Calmon IV","pot_kw":16800.0},"geometry":{"type":"Point","coordinates":[-50.95208,-26.57753]}},{"type":"Feature","properties":{"tipo":"eol","nome":"Palmas 07","pot_kw":37200.0},"geometry":{"type":"Point","coordinates":[-51.87513,-26.59594]}},{"type":"Feature","properties":{"tipo":"eol","nome":"Palmas 04","pot_kw":80600.0},"geometry":{"type":"Point","coordinates":[-51.80836,-26.58017]}},{"type":"Feature","properties":{"tipo":"eol","nome":"Palmas 06","pot_kw":62000.0},"geometry":{"type":"Point","coordinates":[-51.89509,-26.57333]}},{"type":"Feature","properties":{"tipo":"eol","nome":"Palmas 05","pot_kw":55800.0},"geometry":{"type":"Point","coordinates":[-51.86222,-26.55572]}},{"type":"Feature","properties":{"tipo":"eol","nome":"Palmas 01","pot_kw":74400.0},"geometry":{"type":"Point","coordinates":[-51.73601,-26.55357]}},{"type":"Feature","properties":{"tipo":"eol","nome":"Palmas 03","pot_kw":49600.0},"geometry":{"type":"Point","coordinates":[-51.80042,-26.53347]}},{"type":"Feature","properties":{"tipo":"eol","nome":"Palmas 02","pot_kw":80600.0},"geometry":{"type":"Point","coordinates":[-51.7795,-26.51672]}},{"type":"Feature","properties":{"tipo":"eol","nome":"Kumo","pot_kw":54000.0},"geometry":{"type":"Point","coordinates":[-52.9993,-26.36537]}},{"type":"Feature","properties":{"tipo":"eol","nome":"Kaze","pot_kw":54000.0},"geometry":{"type":"Point","coordinates":[-52.96902,-26.36446]}},{"type":"Feature","properties":{"tipo":"eol","nome":"Do Horizonte","pot_kw":4800.0},"geometry":{"type":"Point","coordinates":[-52.7167,-26.6]}},{"type":"Feature","properties":{"tipo":"eol","nome":"Campo Belo","pot_kw":10500.0},"geometry":{"type":"Point","coordinates":[-51.74014,-26.61226]}},{"type":"Feature","properties":{"tipo":"eol","nome":"Água Doce","pot_kw":9000.0},"geometry":{"type":"Point","coordinates":[-51.68759,-26.58392]}},{"type":"Feature","properties":{"tipo":"eol","nome":"Amparo","pot_kw":22500.0},"geometry":{"type":"Point","coordinates":[-51.56459,-26.61827]}},{"type":"Feature","properties":{"tipo":"eol","nome":"Palmas (Antiga Eólio - Elétrica de Palmas)","pot_kw":2500.0},"geometry":{"type":"Point","coordinates":[-51.70038,-26.57813]}},{"type":"Feature","properties":{"tipo":"eol","nome":"Cascata","pot_kw":6000.0},"geometry":{"type":"Point","coordinates":[-51.74274,-26.58894]}},{"type":"Feature","properties":{"tipo":"ufv","nome":"Solaris 23","pot_kw":31250.0},"geometry":{"type":"Point","coordinates":[-50.88594,-22.85062]}},{"type":"Feature","properties":{"tipo":"ufv","nome":" LIVE","pot_kw":1500.0},"geometry":{"type":"Point","coordinates":[-49.03667,-26.46417]}},{"type":"Feature","properties":{"tipo":"ufv","nome":"Incubatório Goioere","pot_kw":75.0},"geometry":{"type":"Point","coordinates":[-52.98375,-24.18374]}},{"type":"Feature","properties":{"tipo":"aerogerador","nome":"Água Doce","pot_kw":600.0,"alt":86.6},"geometry":{"type":"Point","coordinates":[-51.68683,-26.5948]}},{"type":"Feature","properties":{"tipo":"aerogerador","nome":"Aquibatã","pot_kw":1500.0,"alt":138.5},"geometry":{"type":"Point","coordinates":[-51.74881,-26.58155]}},{"type":"Feature","properties":{"tipo":"aerogerador","nome":"Aquibatã","pot_kw":1500.0,"alt":138.5},"geometry":{"type":"Point","coordinates":[-51.69865,-26.61799]}},{"type":"Feature","properties":{"tipo":"aerogerador","nome":"Amparo","pot_kw":1500.0,"alt":138.5},"geometry":{"type":"Point","coordinates":[-51.61592,-26.59878]}},{"type":"Feature","properties":{"tipo":"aerogerador","nome":"Água Doce","pot_kw":600.0,"alt":86.6},"geometry":{"type":"Point","coordinates":[-51.7172,-26.57972]}},{"type":"Feature","properties":{"tipo":"aerogerador","nome":"Aquibatã","pot_kw":1500.0,"alt":138.5},"geometry":{"type":"Point","coordinates":[-51.72792,-26.59349]}},{"type":"Feature","properties":{"tipo":"aerogerador","nome":"Amparo","pot_kw":1500.0,"alt":138.5},"geometry":{"type":"Point","coordinates":[-51.62785,-26.60445]}},{"type":"Feature","properties":{"tipo":"aerogerador","nome":"Água Doce","pot_kw":600.0,"alt":86.6},"geometry":{"type":"Point","coordinates":[-51.69022,-26.58992]}},{"type":"Feature","properties":{"tipo":"aerogerador","nome":"Cruz Alta","pot_kw":1500.0,"alt":138.5},"geometry":{"type":"Point","coordinates":[-51.7315,-26.63799]}},{"type":"Feature","properties":{"tipo":"aerogerador","nome":"Aquibatã","pot_kw":1500.0,"alt":138.5},"geometry":{"type":"Point","coordinates":[-51.70552,-26.62037]}},{"type":"Feature","properties":{"tipo":"aerogerador","nome":"Aquibatã","pot_kw":1500.0,"alt":138.5},"geometry":{"type":"Point","coordinates":[-51.72801,-26.57594]}},{"type":"Feature","properties":{"tipo":"aerogerador","nome":"de Palmas","pot_kw":500.0,"alt":64.15},"geometry":{"type":"Point","coordinates":[-51.69788,-26.57827]}},{"type":"Feature","properties":{"tipo":"aerogerador","nome":"Campo Belo","pot_kw":1500.0,"alt":123.5},"geometry":{"type":"Point","coordinates":[-51.75023,-26.62839]}},{"type":"Feature","properties":{"tipo":"aerogerador","nome":"Água Doce","pot_kw":600.0,"alt":86.6},"geometry":{"type":"Point","coordinates":[-51.69142,-26.5865]}},{"type":"Feature","properties":{"tipo":"aerogerador","nome":"Salto","pot_kw":1500.0,"alt":138.5},"geometry":{"type":"Point","coordinates":[-51.79155,-26.60958]}},{"type":"Feature","properties":{"tipo":"aerogerador","nome":"Salto","pot_kw":1500.0,"alt":138.5},"geometry":{"type":"Point","coordinates":[-51.80428,-26.59191]}},{"type":"Feature","properties":{"tipo":"aerogerador","nome":"Aquibatã","pot_kw":1500.0,"alt":138.5},"geometry":{"type":"Point","coordinates":[-51.70822,-26.61421]}},{"type":"Feature","properties":{"tipo":"aerogerador","nome":"Cruz Alta","pot_kw":1500.0,"alt":138.5},"geometry":{"type":"Point","coordinates":[-51.72559,-26.62805]}},{"type":"Feature","properties":{"tipo":"aerogerador","nome":"Amparo","pot_kw":1500.0,"alt":138.5},"geometry":{"type":"Point","coordinates":[-51.56503,-26.61866]}},{"type":"Feature","properties":{"tipo":"aerogerador","nome":"Salto","pot_kw":1500.0,"alt":138.5},"geometry":{"type":"Point","coordinates":[-51.79891,-26.60028]}},{"type":"Feature","properties":{"tipo":"aerogerador","nome":"Amparo","pot_kw":1500.0,"alt":138.5},"geometry":{"type":"Point","coordinates":[-51.63019,-26.59753]}},{"type":"Feature","properties":{"tipo":"aerogerador","nome":"Água Doce","pot_kw":600.0,"alt":86.6},"geometry":{"type":"Point","coordinates":[-51.68989,-26.5874]}},{"type":"Feature","properties":{"tipo":"aerogerador","nome":"Salto","pot_kw":1500.0,"alt":138.5},"geometry":{"type":"Point","coordinates":[-51.78968,-26.59066]}},{"type":"Feature","properties":{"tipo":"aerogerador","nome":"Cruz Alta","pot_kw":1500.0,"alt":138.5},"geometry":{"type":"Point","coordinates":[-51.73011,-26.64105]}},{"type":"Feature","properties":{"tipo":"aerogerador","nome":"Água Doce","pot_kw":600.0,"alt":86.6},"geometry":{"type":"Point","coordinates":[-51.68416,-26.5983]}},{"type":"Feature","properties":{"tipo":"aerogerador","nome":"Amparo","pot_kw":1500.0,"alt":138.5},"geometry":{"type":"Point","coordinates":[-51.60969,-26.59383]}},{"type":"Feature","properties":{"tipo":"aerogerador","nome":"Água Doce","pot_kw":600.0,"alt":86.6},"geometry":{"type":"Point","coordinates":[-51.68794,-26.58422]}},{"type":"Feature","properties":{"tipo":"aerogerador","nome":"de Palmas","pot_kw":500.0,"alt":64.15},"geometry":{"type":"Point","coordinates":[-51.69941,-26.57643]}},{"type":"Feature","properties":{"tipo":"aerogerador","nome":"Cruz Alta","pot_kw":1500.0,"alt":138.5},"geometry":{"type":"Point","coordinates":[-51.76505,-26.63]}},{"type":"Feature","properties":{"tipo":"aerogerador","nome":"Campo Belo","pot_kw":1500.0,"alt":123.5},"geometry":{"type":"Point","coordinates":[-51.74069,-26.61274]}},{"type":"Feature","properties":{"tipo":"aerogerador","nome":"Salto","pot_kw":1500.0,"alt":138.5},"geometry":{"type":"Point","coordinates":[-51.78955,-26.6132]}},{"type":"Feature","properties":{"tipo":"aerogerador","nome":"Cruz Alta","pot_kw":1500.0,"alt":138.5},"geometry":{"type":"Point","coordinates":[-51.73748,-26.63593]}},{"type":"Feature","properties":{"tipo":"aerogerador","nome":"Cruz Alta","pot_kw":1500.0,"alt":138.5},"geometry":{"type":"Point","coordinates":[-51.73215,-26.65062]}},{"type":"Feature","properties":{"tipo":"aerogerador","nome":"Cruz Alta","pot_kw":1500.0,"alt":138.5},"geometry":{"type":"Point","coordinates":[-51.73419,-26.63588]}},{"type":"Feature","properties":{"tipo":"aerogerador","nome":"Aquibatã","pot_kw":1500.0,"alt":138.5},"geometry":{"type":"Point","coordinates":[-51.72667,-26.57835]}},{"type":"Feature","properties":{"tipo":"aerogerador","nome":"Amparo","pot_kw":1500.0,"alt":138.5},"geometry":{"type":"Point","coordinates":[-51.63606,-26.59193]}},{"type":"Feature","properties":{"tipo":"aerogerador","nome":"Amparo","pot_kw":1500.0,"alt":138.5},"geometry":{"type":"Point","coordinates":[-51.62504,-26.6053]}},{"type":"Feature","properties":{"tipo":"aerogerador","nome":"Aquibatã","pot_kw":1500.0,"alt":138.5},"geometry":{"type":"Point","coordinates":[-51.6972,-26.62935]}},{"type":"Feature","properties":{"tipo":"aerogerador","nome":"Salto","pot_kw":1500.0,"alt":138.5},"geometry":{"type":"Point","coordinates":[-51.80123,-26.59321]}},{"type":"Feature","properties":{"tipo":"aerogerador","nome":"Cruz Alta","pot_kw":1500.0,"alt":138.5},"geometry":{"type":"Point","coordinates":[-51.72488,-26.60975]}},{"type":"Feature","properties":{"tipo":"aerogerador","nome":"Amparo","pot_kw":1500.0,"alt":138.5},"geometry":{"type":"Point","coordinates":[-51.63155,-26.59246]}},{"type":"Feature","properties":{"tipo":"aerogerador","nome":"Água Doce","pot_kw":600.0,"alt":86.6},"geometry":{"type":"Point","coordinates":[-51.70813,-26.58242]}},{"type":"Feature","properties":{"tipo":"aerogerador","nome":"Campo Belo","pot_kw":1500.0,"alt":123.5},"geometry":{"type":"Point","coordinates":[-51.75386,-26.61596]}},{"type":"Feature","properties":{"tipo":"aerogerador","nome":"Aquibatã","pot_kw":1500.0,"alt":138.5},"geometry":{"type":"Point","coordinates":[-51.69975,-26.61554]}},{"type":"Feature","properties":{"tipo":"aerogerador","nome":"Salto","pot_kw":1500.0,"alt":138.5},"geometry":{"type":"Point","coordinates":[-51.78259,-26.59687]}},{"type":"Feature","properties":{"tipo":"aerogerador","nome":"Salto","pot_kw":1500.0,"alt":138.5},"geometry":{"type":"Point","coordinates":[-51.79285,-26.59071]}},{"type":"Feature","properties":{"tipo":"aerogerador","nome":"Aquibatã","pot_kw":1500.0,"alt":138.5},"geometry":{"type":"Point","coordinates":[-51.70016,-26.62874]}},{"type":"Feature","properties":{"tipo":"aerogerador","nome":"Aquibatã","pot_kw":1500.0,"alt":138.5},"geometry":{"type":"Point","coordinates":[-51.73567,-26.58214]}},{"type":"Feature","properties":{"tipo":"aerogerador","nome":"Cruz Alta","pot_kw":1500.0,"alt":138.5},"geometry":{"type":"Point","coordinates":[-51.72639,-26.6139]}},{"type":"Feature","properties":{"tipo":"aerogerador","nome":"Água Doce","pot_kw":600.0,"alt":86.6},"geometry":{"type":"Point","coordinates":[-51.70568,-26.58397]}},{"type":"Feature","properties":{"tipo":"aerogerador","nome":"Cruz Alta","pot_kw":1500.0,"alt":138.5},"geometry":{"type":"Point","coordinates":[-51.73474,-26.64977]}},{"type":"Feature","properties":{"tipo":"aerogerador","nome":"Amparo","pot_kw":1500.0,"alt":138.5},"geometry":{"type":"Point","coordinates":[-51.56599,-26.61612]}},{"type":"Feature","properties":{"tipo":"aerogerador","nome":"Cruz Alta","pot_kw":1500.0,"alt":138.5},"geometry":{"type":"Point","coordinates":[-51.73367,-26.6263]}},{"type":"Feature","properties":{"tipo":"aerogerador","nome":"Aquibatã","pot_kw":1500.0,"alt":138.5},"geometry":{"type":"Point","coordinates":[-51.72774,-26.58932]}},{"type":"Feature","properties":{"tipo":"aerogerador","nome":"Salto","pot_kw":1500.0,"alt":138.5},"geometry":{"type":"Point","coordinates":[-51.7494,-26.60193]}},{"type":"Feature","properties":{"tipo":"aerogerador","nome":"de Palmas","pot_kw":500.0,"alt":64.15},"geometry":{"type":"Point","coordinates":[-51.69925,-26.58067]}},{"type":"Feature","properties":{"tipo":"aerogerador","nome":"Amparo","pot_kw":1500.0,"alt":138.5},"geometry":{"type":"Point","coordinates":[-51.60883,-26.59784]}},{"type":"Feature","properties":{"tipo":"aerogerador","nome":"Aquibatã","pot_kw":1500.0,"alt":138.5},"geometry":{"type":"Point","coordinates":[-51.70279,-26.63461]}},{"type":"Feature","properties":{"tipo":"aerogerador","nome":"de Palmas","pot_kw":500.0,"alt":64.15},"geometry":{"type":"Point","coordinates":[-51.70076,-26.57961]}},{"type":"Feature","properties":{"tipo":"aerogerador","nome":"Cascata","pot_kw":1500.0,"alt":138.5},"geometry":{"type":"Point","coordinates":[-51.71689,-26.61255]}},{"type":"Feature","properties":{"tipo":"aerogerador","nome":"Campo Belo","pot_kw":1500.0,"alt":123.5},"geometry":{"type":"Point","coordinates":[-51.75093,-26.62562]}},{"type":"Feature","properties":{"tipo":"aerogerador","nome":"Salto","pot_kw":1500.0,"alt":138.5},"geometry":{"type":"Point","coordinates":[-51.81443,-26.59066]}},{"type":"Feature","properties":{"tipo":"aerogerador","nome":"Cruz Alta","pot_kw":1500.0,"alt":138.5},"geometry":{"type":"Point","coordinates":[-51.73678,-26.62663]}},{"type":"Feature","properties":{"tipo":"aerogerador","nome":"Cascata","pot_kw":1500.0,"alt":138.5},"geometry":{"type":"Point","coordinates":[-51.73981,-26.59042]}},{"type":"Feature","properties":{"tipo":"aerogerador","nome":"Aquibatã","pot_kw":1500.0,"alt":138.5},"geometry":{"type":"Point","coordinates":[-51.6923,-26.61291]}},{"type":"Feature","properties":{"tipo":"aerogerador","nome":"Cruz Alta","pot_kw":1500.0,"alt":138.5},"geometry":{"type":"Point","coordinates":[-51.72751,-26.61781]}},{"type":"Feature","properties":{"tipo":"aerogerador","nome":"Campo Belo","pot_kw":1500.0,"alt":123.5},"geometry":{"type":"Point","coordinates":[-51.75627,-26.61458]}},{"type":"Feature","properties":{"tipo":"aerogerador","nome":"Água Doce","pot_kw":600.0,"alt":86.6},"geometry":{"type":"Point","coordinates":[-51.70207,-26.583]}},{"type":"Feature","properties":{"tipo":"aerogerador","nome":"Amparo","pot_kw":1500.0,"alt":138.5},"geometry":{"type":"Point","coordinates":[-51.63807,-26.59065]}},{"type":"Feature","properties":{"tipo":"aerogerador","nome":"Amparo","pot_kw":1500.0,"alt":138.5},"geometry":{"type":"Point","coordinates":[-51.56801,-26.61426]}},{"type":"Feature","properties":{"tipo":"aerogerador","nome":"Cascata","pot_kw":1500.0,"alt":138.5},"geometry":{"type":"Point","coordinates":[-51.74325,-26.5894]}},{"type":"Feature","properties":{"tipo":"aerogerador","nome":"Campo Belo","pot_kw":1500.0,"alt":123.5},"geometry":{"type":"Point","coordinates":[-51.75799,-26.61289]}},{"type":"Feature","properties":{"tipo":"aerogerador","nome":"Campo Belo","pot_kw":1500.0,"alt":123.5},"geometry":{"type":"Point","coordinates":[-51.75988,-26.61119]}},{"type":"Feature","properties":{"tipo":"aerogerador","nome":"Aquibatã","pot_kw":1500.0,"alt":138.5},"geometry":{"type":"Point","coordinates":[-51.70589,-26.61567]}},{"type":"Feature","properties":{"tipo":"aerogerador","nome":"Amparo","pot_kw":1500.0,"alt":138.5},"geometry":{"type":"Point","coordinates":[-51.62055,-26.59453]}},{"type":"Feature","properties":{"tipo":"aerogerador","nome":"Cruz Alta","pot_kw":1500.0,"alt":138.5},"geometry":{"type":"Point","coordinates":[-51.7675,-26.62862]}},{"type":"Feature","properties":{"tipo":"aerogerador","nome":"Aquibatã","pot_kw":1500.0,"alt":138.5},"geometry":{"type":"Point","coordinates":[-51.75388,-26.58532]}},{"type":"Feature","properties":{"tipo":"aerogerador","nome":"Salto","pot_kw":1500.0,"alt":138.5},"geometry":{"type":"Point","coordinates":[-51.74473,-26.60614]}},{"type":"Feature","properties":{"tipo":"aerogerador","nome":"Água Doce","pot_kw":600.0,"alt":86.6},"geometry":{"type":"Point","coordinates":[-51.71262,-26.58091]}},{"type":"Feature","properties":{"tipo":"aerogerador","nome":"Cruz Alta","pot_kw":1500.0,"alt":138.5},"geometry":{"type":"Point","coordinates":[-51.76886,-26.62173]}},{"type":"Feature","properties":{"tipo":"aerogerador","nome":"Salto","pot_kw":1500.0,"alt":138.5},"geometry":{"type":"Point","coordinates":[-51.78701,-26.5919]}},{"type":"Feature","properties":{"tipo":"aerogerador","nome":"Salto","pot_kw":1500.0,"alt":138.5},"geometry":{"type":"Point","coordinates":[-51.79334,-26.60735]}},{"type":"Feature","properties":{"tipo":"aerogerador","nome":"Amparo","pot_kw":1500.0,"alt":138.5},"geometry":{"type":"Point","coordinates":[-51.62734,-26.5989]}},{"type":"Feature","properties":{"tipo":"aerogerador","nome":"Salto","pot_kw":1500.0,"alt":138.5},"geometry":{"type":"Point","coordinates":[-51.75694,-26.60386]}},{"type":"Feature","properties":{"tipo":"aerogerador","nome":"Cruz Alta","pot_kw":1500.0,"alt":138.5},"geometry":{"type":"Point","coordinates":[-51.76892,-26.6264]}},{"type":"Feature","properties":{"tipo":"aerogerador","nome":"de Palmas","pot_kw":500.0,"alt":64.15},"geometry":{"type":"Point","coordinates":[-51.69583,-26.57938]}},{"type":"Feature","properties":{"tipo":"aerogerador","nome":"Aquibatã","pot_kw":1500.0,"alt":138.5},"geometry":{"type":"Point","coordinates":[-51.70568,-26.62572]}},{"type":"Feature","properties":{"tipo":"aerogerador","nome":"Salto","pot_kw":1500.0,"alt":138.5},"geometry":{"type":"Point","coordinates":[-51.81135,-26.59034]}},{"type":"Feature","properties":{"tipo":"aerogerador","nome":"Salto","pot_kw":1500.0,"alt":138.5},"geometry":{"type":"Point","coordinates":[-51.74704,-26.60378]}},{"type":"Feature","properties":{"tipo":"aerogerador","nome":"Amparo","pot_kw":1500.0,"alt":138.5},"geometry":{"type":"Point","coordinates":[-51.61775,-26.59587]}},{"type":"Feature","properties":{"tipo":"aerogerador","nome":"Salto","pot_kw":1500.0,"alt":138.5},"geometry":{"type":"Point","coordinates":[-51.78712,-26.61494]}},{"type":"Feature","properties":{"tipo":"aerogerador","nome":"Cruz Alta","pot_kw":1500.0,"alt":138.5},"geometry":{"type":"Point","coordinates":[-51.72609,-26.60572]}},{"type":"Feature","properties":{"tipo":"aerogerador","nome":"Água Doce","pot_kw":600.0,"alt":86.6},"geometry":{"type":"Point","coordinates":[-51.68948,-26.59309]}},{"type":"Feature","properties":{"tipo":"aerogerador","nome":"Cruz Alta","pot_kw":1500.0,"alt":138.5},"geometry":{"type":"Point","coordinates":[-51.72833,-26.62487]}},{"type":"Feature","properties":{"tipo":"aerogerador","nome":"Cruz Alta","pot_kw":1500.0,"alt":138.5},"geometry":{"type":"Point","coordinates":[-51.74028,-26.63495]}},{"type":"Feature","properties":{"tipo":"aerogerador","nome":"Água Doce","pot_kw":600.0,"alt":86.6},"geometry":{"type":"Point","coordinates":[-51.69987,-26.58218]}},{"type":"Feature","properties":{"tipo":"aerogerador","nome":"Aquibatã","pot_kw":1500.0,"alt":138.5},"geometry":{"type":"Point","coordinates":[-51.72501,-26.59471]}},{"type":"Feature","properties":{"tipo":"aerogerador","nome":"Aquibatã","pot_kw":1500.0,"alt":138.5},"geometry":{"type":"Point","coordinates":[-51.70306,-26.62696]}},{"type":"Feature","properties":{"tipo":"aerogerador","nome":"Cascata","pot_kw":1500.0,"alt":138.5},"geometry":{"type":"Point","coordinates":[-51.73673,-26.58995]}},{"type":"Feature","properties":{"tipo":"aerogerador","nome":"Água Doce","pot_kw":600.0,"alt":86.6},"geometry":{"type":"Point","coordinates":[-51.69404,-26.58291]}},{"type":"Feature","properties":{"tipo":"aerogerador","nome":"Cruz Alta","pot_kw":1500.0,"alt":138.5},"geometry":{"type":"Point","coordinates":[-51.73236,-26.6566]}},{"type":"Feature","properties":{"tipo":"aerogerador","nome":"Aquibatã","pot_kw":1500.0,"alt":138.5},"geometry":{"type":"Point","coordinates":[-51.71095,-26.61329]}},{"type":"Feature","properties":{"tipo":"aerogerador","nome":"Salto","pot_kw":1500.0,"alt":138.5},"geometry":{"type":"Point","coordinates":[-51.80305,-26.59862]}},{"type":"Feature","properties":{"tipo":"aerogerador","nome":"Salto","pot_kw":1500.0,"alt":138.5},"geometry":{"type":"Point","coordinates":[-51.78528,-26.59535]}},{"type":"Feature","properties":{"tipo":"aerogerador","nome":"Água Doce","pot_kw":600.0,"alt":86.6},"geometry":{"type":"Point","coordinates":[-51.69315,-26.58466]}},{"type":"Feature","properties":{"tipo":"aerogerador","nome":"Salto","pot_kw":1500.0,"alt":138.5},"geometry":{"type":"Point","coordinates":[-51.74162,-26.60687]}}]}